time,x,y,z,vx_body,vy_body,vz_body,roll,pitch,yaw,ref_x,ref_y,ref_z,position_error,rpm_0,rpm_1,rpm_2,rpm_3,disturbance_fx,disturbance_fy,disturbance_fz,disturbance_tx,disturbance_ty,disturbance_tz,obstacle_clearance,local_point_count,position_noise_x,position_noise_y,position_noise_z
0.014214105000064592,0.007623141302620059,-0.004341803184943136,0.01426966176653518,-0.0273172101358781,0.044775823368517584,-0.02277935305954649,-0.0038911155255031216,0.0007022956997086363,0.0030425238598548454,nan,nan,nan,nan,0.0,0.0,0.0,0.0,0.0,0.0,0.0,0.0,0.0,0.0,nan,0,nan,nan,nan
0.01477108600010979,0.007126727581297837,-0.018197121718115883,0.01978228987287863,-0.0018415758403964233,0.022936160609265354,0.044194783073124695,-0.0016859247971733643,-0.0006188398534219528,0.00118552265097561,nan,nan,nan,nan,0.0,0.0,0.0,0.0,0.0,0.0,0.0,0.0,0.0,0.0,nan,0,0.007126727581297837,-0.018197121718115883,0.01978228987287863
0.023813545999473718,0.0020142228601425245,-0.0032795887891673365,-0.0017632160742557367,-0.04386986140481183,0.014047535788611183,-0.020708724077367187,0.001284908491500936,0.002178305712384331,-0.006975638533647092,nan,nan,nan,nan,0.0,0.0,0.0,0.0,0.0,0.0,0.0,0.0,0.0,0.0,nan,0,0.0020142228601425245,-0.0032795887891673365,-0.0017632160742557367
0.034351649999734946,-0.004613533494779469,-0.009879025280523352,0.02574639275101387,-0.011520102203101545,0.028269707733039908,0.045904246462091486,0.005021438193439261,-0.0009665665699517,0.0032886469408788454,nan,nan,nan,nan,0.0,0.0,0.0,0.0,0.0,0.0,0.0,0.0,0.0,0.0,nan,0,-0.004613533494779469,-0.009879025280523352,0.02574639275101387
0.04498694499943667,-0.007726007629113333,-0.007805805841561417,0.0019852658357758183,0.007890755719752103,0.005088013273001555,-0.008280564842159438,-0.0015252099642714804,0.00112110640646387,0.004298139265052039,nan,nan,nan,nan,0.0,0.0,0.0,0.0,0.0,0.0,0.0,0.0,0.0,0.0,nan,0,-0.007726007629113333,-0.007805805841561417,0.0019852658357758183
0.05513094199977786,0.01344080894580967,0.006434277895071488,-0.0026965470504986865,-0.007564912949599135,0.01405281305162019,0.00643890733225422,0.00021350129798632884,0.0012237348662921445,-0.005254948472431806,nan,nan,nan,nan,0.0,0.0,0.0,0.0,0.0,0.0,0.0,0.0,0.0,0.0,nan,0,0.01344080894580967,0.006434277895071488,-0.0026965470504986865
0.06594163199952163,-0.002757025243278505,-0.012665544508069941,0.008351297287310846,-0.012103061122985075,0.006901212793278999,-0.05013415989693938,0.0005180156578146738,-0.00043108245817220737,-0.001445878911767117,nan,nan,nan,nan,0.0,0.0,0.0,0.0,0.0,0.0,0.0,0.0,0.0,0.0,nan,0,-0.002757025243278505,-0.012665544508069941,0.008351297287310846
0.07649811200008116,-0.00699590363975854,0.00743517007565977,0.009434707512017563,0.006552157350229541,-0.011014315838445317,-0.01930935512023716,0.002203054595554497,0.00046280492808556124,-0.0015504431618344689,nan,nan,nan,nan,0.0,0.0,0.0,0.0,0.0,0.0,0.0,0.0,0.0,0.0,nan,0,-0.00699590363975854,0.00743517007565977,0.009434707512017563
0.08690603600007307,0.017024423674987715,0.0059174052731636615,0.0077955459358072954,0.019071351075178124,0.020688305700168143,-0.019642553616914936,-0.0007279163877938124,0.0025256406846806204,-0.0053359097508263835,nan,nan,nan,nan,0.0,0.0,0.0,0.0,0.0,0.0,0.0,0.0,0.0,0.0,nan,0,0.017024423674987715,0.0059174052731636615,0.0077955459358072954
0.09745085399936215,-0.006813858577717854,0.0036736821095600227,0.011752720281984173,-0.0020001352424170054,-0.005365206625069732,-0.06275897005587254,-0.004183772008099059,2.367331838480911e-05,-0.008461966126733384,nan,nan,nan,nan,0.0,0.0,0.0,0.0,0.0,0.0,0.0,0.0,0.0,0.0,nan,0,-0.006813858577717854,0.0036736821095600227,0.011752720281984173
0.10792477499944653,-0.0068205989298185015,-0.0023714767547744686,-0.001449662218147344,0.014390756385241184,0.0126743728980325,-0.05265279865980059,-0.003324230423854643,-0.0006697001685526706,0.0009043984780049242,nan,nan,nan,nan,0.0,0.0,0.0,0.0,0.0,0.0,0.0,0.0,0.0,0.0,nan,0,-0.0068205989298185015,-0.0023714767547744686,-0.001449662218147344
0.11847142199985683,0.0006889946375519643,-0.00023805970980826156,0.015195772729483924,0.021297361369297267,0.03153509525058597,-0.05883086624576803,0.0017715067282928786,-0.00032410473231839155,-0.004613889286594927,nan,nan,nan,nan,0.0,0.0,0.0,0.0,0.0,0.0,0.0,0.0,0.0,0.0,nan,0,0.0006889946375519643,-0.00023805970980826156,0.015195772729483924
0.12904295099997398,0.023066349036664536,0.004397421851985537,0.009472917980048803,0.0065255930288524,0.02213542446993433,-0.02982145388322955,0.00048455488802597187,-0.002009802221324579,0.00269677037857074,nan,nan,nan,nan,0.0,0.0,0.0,0.0,0.0,0.0,0.0,0.0,0.0,0.0,nan,0,0.023066349036664536,0.004397421851985537,0.009472917980048803
0.13950661899980332,-0.01337381723929927,0.0016090731192857533,0.0013707601185828904,0.011820791815277917,-0.006505426463004473,0.017190927819882042,0.0012717886942515827,0.000365623616670847,-0.0023440769177258754,nan,nan,nan,nan,0.0,0.0,0.0,0.0,0.0,0.0,0.0,0.0,0.0,0.0,nan,0,-0.01337381723929927,0.0016090731192857533,0.0013707601185828904
0.14995503799946164,-0.0051046303392942366,-0.00931139324001815,0.016070466767043292,0.00836271347433415,-0.003482014513821691,0.03855038882279335,-0.0020397508415292034,-0.0029359984235303536,-0.004136024563961216,nan,nan,nan,nan,0.0,0.0,0.0,0.0,0.0,0.0,0.0,0.0,0.0,0.0,nan,0,-0.0051046303392942366,-0.00931139324001815,0.016070466767043292
0.16047999300008087,-0.003973340592549345,0.023439946313557957,0.00288695466551225,0.05209109983485257,-0.04305715940895324,-0.009614091690913037,0.0005758057706234972,-0.002975050531367075,0.008278727061883593,nan,nan,nan,nan,0.0,0.0,0.0,0.0,0.0,0.0,0.0,0.0,0.0,0.0,nan,0,-0.003973340592549345,0.023439946313557957,0.00288695466551225
0.1708932259998619,0.005837535841167808,0.007998443434803392,0.006336682664798181,-0.027221627149334397,-0.02693902580318757,-0.0004760412269148853,0.0005181254699714351,0.001867639787768961,-0.0017656704479275915,nan,nan,nan,nan,0.0,0.0,0.0,0.0,0.0,0.0,0.0,0.0,0.0,0.0,nan,0,0.005837535841167808,0.007998443434803392,0.006336682664798181
0.18155678899984196,0.010448194967351063,0.0029363795072105793,0.00575366547973786,-0.0037115370595631196,0.011672572732286156,0.028650605259863487,0.002511666297106489,0.0008001827239239012,-8.883806297964318e-05,nan,nan,nan,nan,0.0,0.0,0.0,0.0,0.0,0.0,0.0,0.0,0.0,0.0,nan,0,0.010448194967351063,0.0029363795072105793,0.00575366547973786
0.1919810849994974,0.0036687611293859867,-0.00030842052803581674,0.023438130838724727,0.0301875603948747,-0.005530159637980935,-0.033196759996554796,0.0003226565112014248,0.002871360589293474,0.0005236928762621563,nan,nan,nan,nan,0.0,0.0,0.0,0.0,0.0,0.0,0.0,0.0,0.0,0.0,nan,0,0.0036687611293859867,-0.00030842052803581674,0.023438130838724727
0.2021320529993318,0.00950524516316936,0.007325472089060124,-0.020328571610491883,-0.012127436924939535,-0.02738448755086549,0.008281230126631275,-0.0019240128261319338,-0.0010541104612331726,-0.002770416256362129,nan,nan,nan,nan,0.0,0.0,0.0,0.0,0.0,0.0,0.0,0.0,0.0,0.0,nan,0,0.00950524516316936,0.007325472089060124,-0.020328571610491883
0.21289890299976832,-0.013338470490787348,0.0024689522885814074,0.014356274135734735,0.04568176185069721,0.04132463611148886,-0.030353204423922836,0.001381362296621066,0.000938956499864542,0.0019086589431812644,nan,nan,nan,nan,0.0,0.0,0.0,0.0,0.0,0.0,0.0,0.0,0.0,0.0,nan,0,-0.013338470490787348,0.0024689522885814074,0.014356274135734735
0.2237823509994996,-0.008523028684533118,0.00935749953667742,0.0032790584142399523,-0.01098075542390977,-0.004028039312341923,0.01466806391818363,-0.0027535285096211702,-0.0040120964851745435,0.00046319590879286064,nan,nan,nan,nan,0.0,0.0,0.0,0.0,0.0,0.0,0.0,0.0,0.0,0.0,nan,0,-0.008523028684533118,0.00935749953667742,0.0032790584142399523
0.23392775899992557,-0.004762650219339264,-0.013931113623399626,-0.003123854472074291,0.021499346886994355,-0.005365567064399563,-0.017918307994620623,0.0032150377852348954,0.0017139655594067785,0.002435755421400127,nan,nan,nan,nan,0.0,0.0,0.0,0.0,0.0,0.0,0.0,0.0,0.0,0.0,nan,0,-0.004762650219339264,-0.013931113623399626,-0.003123854472074291
0.24474783899950125,0.005939026087961026,0.0005962152636486689,0.004139522844252341,0.007098019881507148,-0.02184432743355913,0.001697688741496251,-0.0020361096732478194,-0.0007106074121962475,-7.246312055845397e-05,nan,nan,nan,nan,0.0,0.0,0.0,0.0,0.0,0.0,0.0,0.0,0.0,0.0,nan,0,0.005939026087961026,0.0005962152636486689,0.004139522844252341
0.25486816499960696,0.002784971698987852,0.011095239595203888,0.013953048077349794,0.0030883177687044804,-0.007768114745188981,-0.037556674370647254,-0.0002705689908722989,0.001334651421559999,-0.0050477322251097695,nan,nan,nan,nan,0.0,0.0,0.0,0.0,0.0,0.0,0.0,0.0,0.0,0.0,nan,0,0.002784971698987852,0.011095239595203888,0.013953048077349794
0.26519783999992796,-0.029411998772482212,0.008112925777618045,-0.0031242300433940292,-0.012968788868216934,0.01661189248329139,-0.02014030195570776,-0.0030075569088662524,0.00029944266635571667,0.0032170778584134,nan,nan,nan,nan,0.0,0.0,0.0,0.0,0.0,0.0,0.0,0.0,0.0,0.0,nan,0,-0.029411998772482212,0.008112925777618045,-0.0031242300433940292
0.2757337729999563,0.0032841134968739708,0.005039823828645646,-0.012361717875231465,-0.011601053754342207,0.013145414441409623,0.04170527748191208,-0.0006746343467934771,0.0015606445597139732,-0.003741970051602294,nan,nan,nan,nan,0.0,0.0,0.0,0.0,0.0,0.0,0.0,0.0,0.0,0.0,nan,0,0.0032841134968739708,0.005039823828645646,-0.012361717875231465
0.2860453809998944,0.0017820904067174462,0.012666367435769495,0.026739118892718565,0.04380913404339975,0.01352515773443968,0.06679000069970663,0.001882288241373595,-0.0003165039461763746,-7.50913375631407e-05,nan,nan,nan,nan,0.0,0.0,0.0,0.0,0.0,0.0,0.0,0.0,0.0,0.0,nan,0,0.0017820904067174462,0.012666367435769495,0.026739118892718565
0.2966087599997991,0.006158660572617886,-0.0018997892736001927,0.013630146896908639,0.04369587034307774,-0.028806176092993775,-0.006352649152490558,-0.00022890651620779208,-0.0035051266684796916,-0.002250856348552156,nan,nan,nan,nan,0.0,0.0,0.0,0.0,0.0,0.0,0.0,0.0,0.0,0.0,nan,0,0.006158660572617886,-0.0018997892736001927,0.013630146896908639
0.30717373700008466,-0.006636701335336087,0.00702290902152114,0.005965351718812079,0.013898081625280811,0.021695295821212483,0.028229298339610756,0.0001453233129817795,0.0022683009295332013,-0.000408336318904989,nan,nan,nan,nan,0.0,0.0,0.0,0.0,0.0,0.0,0.0,0.0,0.0,0.0,nan,0,-0.006636701335336087,0.00702290902152114,0.005965351718812079
0.31734408699958294,-0.006998986198108157,-0.008533027880621333,0.0011590674325503085,0.015261660837097239,-0.008095414818440012,0.029261866009365495,-0.0005637377762351664,0.004778348154679954,0.003110887812044011,nan,nan,nan,nan,0.0,0.0,0.0,0.0,0.0,0.0,0.0,0.0,0.0,0.0,nan,0,-0.006998986198108157,-0.008533027880621333,0.0011590674325503085
0.3280327299999044,-0.004310507448533488,-0.00395599818748193,-0.01574007775854294,-0.018501611271615027,0.023283952279116848,-0.025067585930009732,0.0019874917169162435,-0.00160432238220005,-0.007485543330927062,nan,nan,nan,nan,0.0,0.0,0.0,0.0,0.0,0.0,0.0,0.0,0.0,0.0,nan,0,-0.004310507448533488,-0.00395599818748193,-0.01574007775854294
0.33881290199951763,-0.0018817094176157424,-0.00884322799453594,0.002164214396235004,0.05300518525357627,-0.015257418067176667,-0.001459269075296852,0.0003906793836694492,0.0004386570427431222,0.004012894990757102,nan,nan,nan,nan,0.0,0.0,0.0,0.0,0.0,0.0,0.0,0.0,0.0,0.0,nan,0,-0.0018817094176157424,-0.00884322799453594,0.002164214396235004
0.3489741339999455,0.009316800306567582,0.0020613976837899413,-0.01727680134757464,0.0018061221062445224,-0.02503866443785493,0.01631601554649204,-0.0029308427230868746,-0.0018167101787933,-0.0061460124225230905,nan,nan,nan,nan,0.0,0.0,0.0,0.0,0.0,0.0,0.0,0.0,0.0,0.0,nan,0,0.009316800306567582,0.0020613976837899413,-0.01727680134757464
0.35954155099989293,0.012425791477944327,-0.0020004377981196943,0.016437695571961966,-0.01422430253490252,-0.013228939530063688,0.023870534858774023,0.0028653270604708553,-0.00011570259876746326,-0.006569419010468257,nan,nan,nan,nan,0.0,0.0,0.0,0.0,0.0,0.0,0.0,0.0,0.0,0.0,nan,0,0.012425791477944327,-0.0020004377981196943,0.016437695571961966
0.3700544329994955,-0.013445278906177175,-0.014893634681572301,0.016669866189364984,0.020281016206498078,-0.009843118870027813,-0.01861820174395426,0.002413417595101805,-0.002357910240730841,-0.0003753665946852958,nan,nan,nan,nan,0.0,0.0,0.0,0.0,0.0,0.0,0.0,0.0,0.0,0.0,nan,0,-0.013445278906177175,-0.014893634681572301,0.016669866189364984
0.3806914749993666,-0.002939730324644867,-0.013207772887767852,0.00296260637777888,-0.009284817736986662,-0.0028770133453686272,-0.017523089981929838,-0.0006266579130405796,0.002654274371605373,0.004793925553166831,nan,nan,nan,nan,0.0,0.0,0.0,0.0,0.0,0.0,0.0,0.0,0.0,0.0,nan,0,-0.002939730324644867,-0.013207772887767852,0.00296260637777888
0.39117806699960056,0.00024040357854423228,0.02263355956046886,0.02491913346427654,0.009254283949431301,0.001690261146142276,-0.010198213265414124,-0.00168612635989656,0.0029803020001558335,-0.0002512638840969373,nan,nan,nan,nan,0.0,0.0,0.0,0.0,0.0,0.0,0.0,0.0,0.0,0.0,nan,0,0.00024040357854423228,0.02263355956046886,0.02491913346427654
0.40192957399995066,-0.005188374457233947,0.00282147680307173,-0.0025784143347338502,0.0018853271940149452,-0.045858718961929765,-0.010495952935795106,-0.0014442332416207918,-0.000329618345081347,-0.0072658075158104326,nan,nan,nan,nan,0.0,0.0,0.0,0.0,0.0,0.0,0.0,0.0,0.0,0.0,nan,0,-0.005188374457233947,0.00282147680307173,-0.0025784143347338502
0.4121489479994125,-0.00795084597913047,0.017741554302434678,-0.010780354997888316,-0.009711377855814772,0.011190923176840782,0.07276458883297202,0.0003798739730160546,-0.001523693134853247,-0.0004933090944289098,nan,nan,nan,nan,0.0,0.0,0.0,0.0,0.0,0.0,0.0,0.0,0.0,0.0,nan,0,-0.00795084597913047,0.017741554302434678,-0.010780354997888316
0.4227494789993216,-0.0005127314705507245,-0.0037608647620772516,-0.01619032178635969,0.0018160376148201659,0.014970172011743369,-0.03485636786254732,-0.0004912762910030724,-0.0026438923338349437,-0.004184926352489196,nan,nan,nan,nan,0.0,0.0,0.0,0.0,0.0,0.0,0.0,0.0,0.0,0.0,nan,0,-0.0005127314705507245,-0.0037608647620772516,-0.01619032178635969
0.4331693569993149,0.0068310714330234446,-0.000607591651352602,0.007482477187083455,0.0035237581741117533,-0.014639774796713285,0.039240366489433826,0.002244096262342406,-0.0011791394110262728,-0.0007108196474512121,nan,nan,nan,nan,0.0,0.0,0.0,0.0,0.0,0.0,0.0,0.0,0.0,0.0,nan,0,0.0068310714330234446,-0.000607591651352602,0.007482477187083455
0.44364689699978044,0.015294741025692985,0.014862899230541212,0.009522581539040216,-0.010248260475596963,0.04693634623057494,0.010017555714664722,0.0016287897517795566,-0.000762093283931269,0.0048955042675235694,nan,nan,nan,nan,0.0,0.0,0.0,0.0,0.0,0.0,0.0,0.0,0.0,0.0,nan,0,0.015294741025692985,0.014862899230541212,0.009522581539040216
0.45407228199928795,0.0018283338791755925,0.007898176944950349,-0.00907600704706833,-0.007982846078374541,0.06497325953999859,-0.024478665084156425,-0.00255212435838827,0.0024639267732124138,-0.002620306890997693,nan,nan,nan,nan,0.0,0.0,0.0,0.0,0.0,0.0,0.0,0.0,0.0,0.0,nan,0,0.0018283338791755925,0.007898176944950349,-0.00907600704706833
0.46427126599974144,0.0028882995648157107,-0.0026438114912848798,-0.004021935801801767,-0.0043086213225945295,-0.0062094344032454585,-0.05569883747504205,-0.003998343111564504,0.0031379096320265716,-0.0028410719323529025,nan,nan,nan,nan,0.0,0.0,0.0,0.0,0.0,0.0,0.0,0.0,0.0,0.0,nan,0,0.0028882995648157107,-0.0026438114912848798,-0.004021935801801767
0.4751339309996183,0.00262470281738623,0.0010399403326711483,-0.02193045905406306,-0.014813930545551083,0.021827326668593633,-0.08374069020686646,-0.0008906374288669317,-0.0017741121068917923,-0.00091388423080239,nan,nan,nan,nan,0.0,0.0,0.0,0.0,0.0,0.0,0.0,0.0,0.0,0.0,nan,0,0.00262470281738623,0.0010399403326711483,-0.02193045905406306
0.4857592469998053,0.01955294859045933,-0.010134973204237199,0.00900609468012217,0.0014591231463930415,0.003531472734337347,-0.004560339001712528,-0.0010663058494199587,0.0010110553154427098,-0.001219152383398375,nan,nan,nan,nan,0.0,0.0,0.0,0.0,0.0,0.0,0.0,0.0,0.0,0.0,nan,0,0.01955294859045933,-0.010134973204237199,0.00900609468012217
0.4961073349995786,0.00868614313077065,0.0013158760086808882,0.002919386511175028,-0.00898912921460149,0.02772197517187319,-0.026988833526897748,0.00084761437779556,-2.621899674463474e-05,-0.005512781882585205,nan,nan,nan,nan,0.0,0.0,0.0,0.0,0.0,0.0,0.0,0.0,0.0,0.0,nan,0,0.00868614313077065,0.0013158760086808882,0.002919386511175028
0.5063509699994029,0.020678789039197648,-0.016584625520580324,0.008628901479023222,0.00023737357159585854,0.050274256291448875,0.002289532101956054,-0.0012927857564791294,-0.004581289796521176,0.0032961684643918092,nan,nan,nan,nan,0.0,0.0,0.0,0.0,0.0,0.0,0.0,0.0,0.0,0.0,nan,0,0.020678789039197648,-0.016584625520580324,0.008628901479023222
0.5171738579992962,0.007577365836325258,0.00010862580355834729,0.003115010836725813,-0.026402705731560044,-0.008781911483523445,0.023795034387195893,0.004375157700076002,0.00013634040716986156,-0.00836597230161762,nan,nan,nan,nan,0.0,0.0,0.0,0.0,0.0,0.0,0.0,0.0,0.0,0.0,nan,0,0.007577365836325258,0.00010862580355834729,0.003115010836725813
0.5275856620000923,-0.009124704990536869,-0.01146095123437356,-0.003818474142482086,0.011508436483949057,0.01801527320644469,-0.029084245509749255,-0.002390049835963997,0.0006916174636792753,0.0025190028289797045,nan,nan,nan,nan,0.0,0.0,0.0,0.0,0.0,0.0,0.0,0.0,0.0,0.0,nan,0,-0.009124704990536869,-0.01146095123437356,-0.003818474142482086
0.5379188599999907,-0.002218058042281986,-0.014452740625254965,-0.020254048329287472,0.007105488411445821,-0.022525650576401213,-0.01583471422476412,-0.0001153406848047321,0.0027673155654598662,0.006446694728400239,nan,nan,nan,nan,0.0,0.0,0.0,0.0,0.0,0.0,0.0,0.0,0.0,0.0,nan,0,-0.002218058042281986,-0.014452740625254965,-0.020254048329287472
0.5485119869999835,-0.004447445395715137,-0.017327662409372616,0.016640544076094034,-0.025371701046702073,-0.027643031951967902,0.022309914748094916,0.00129488405896191,-0.0006720841292326674,-0.0022908494556860967,nan,nan,nan,nan,0.0,0.0,0.0,0.0,0.0,0.0,0.0,0.0,0.0,0.0,nan,0,-0.004447445395715137,-0.017327662409372616,0.016640544076094034
0.5590477409996311,0.0034996609492130076,0.0067429210605740465,0.009027757573339543,-0.00810544746979572,-0.022995792257047388,-0.018785480629096324,0.0011573009334120972,0.00043831445563935543,-0.0006807620050055591,nan,nan,nan,nan,0.0,0.0,0.0,0.0,0.0,0.0,0.0,0.0,0.0,0.0,nan,0,0.0034996609492130076,0.0067429210605740465,0.009027757573339543
0.5694806179999432,0.0006160409937969015,0.0011139291884183214,-0.0005570471406440993,-0.005349040116978949,-0.006370916728592644,0.004446372983217492,0.0014362014551636184,0.00018898750272175807,0.0022334747599546613,nan,nan,nan,nan,0.0,0.0,0.0,0.0,0.0,0.0,0.0,0.0,0.0,0.0,nan,0,0.0006160409937969015,0.0011139291884183214,-0.0005570471406440993
0.5801836889995684,-9.484881922553827e-05,0.006513710747372111,-0.006888906745008085,-0.006083286769354309,0.03295097000878306,0.021254594516666035,0.000665963467093713,-0.003611868761658119,0.002690170643663866,nan,nan,nan,nan,0.0,0.0,0.0,0.0,0.0,0.0,0.0,0.0,0.0,0.0,nan,0,-9.484881922553827e-05,0.006513710747372111,-0.006888906745008085
0.5906650970000555,-0.004399750299856436,-0.006875109843922797,0.009624646856335045,-0.00558128318950792,-0.02213112851952791,-0.025391555085544727,-0.0008309493740956903,-0.003149357867205637,-0.006003538492122699,nan,nan,nan,nan,0.0,0.0,0.0,0.0,0.0,0.0,0.0,0.0,0.0,0.0,nan,0,-0.004399750299856436,-0.006875109843922797,0.009624646856335045
0.6013909029998104,0.01748623432520113,0.025616977620410895,0.0075390466761366525,0.015335835653295197,-0.012802333553861681,-0.018075587699801495,0.0012328261485053536,-0.001804158887282718,-0.0011944579674882066,nan,nan,nan,nan,0.0,0.0,0.0,0.0,0.0,0.0,0.0,0.0,0.0,0.0,nan,0,0.01748623432520113,0.025616977620410895,0.0075390466761366525
0.6121128979993955,-0.00568507802321797,-0.0029768483578798965,0.0009889598598155885,-0.01734019514385844,-0.005477989808359033,0.008454261071502333,-0.0009181455664916493,-0.004233143161705428,0.0016237479757647052,nan,nan,nan,nan,0.0,0.0,0.0,0.0,0.0,0.0,0.0,0.0,0.0,0.0,nan,0,-0.00568507802321797,-0.0029768483578798965,0.0009889598598155885
0.6219303889993171,0.00418016305598365,0.0015069877500238239,-0.018610293176847648,-0.011993661422355417,-0.015554857398573632,-0.01642629295928499,0.001755729175584578,0.0009781238072322969,-0.00525079877394293,nan,nan,nan,nan,0.0,0.0,0.0,0.0,0.0,0.0,0.0,0.0,0.0,0.0,nan,0,0.00418016305598365,0.0015069877500238239,-0.018610293176847648
0.6327750769996783,0.0068619615121516325,-0.0071051158167523614,0.0017696929015872272,0.032702993758144,-0.033228156623745495,-0.03780888084288458,0.002394170875988262,-1.8817474556968344e-05,-0.0017209509247176698,nan,nan,nan,nan,0.0,0.0,0.0,0.0,0.0,0.0,0.0,0.0,0.0,0.0,nan,0,0.0068619615121516325,-0.0071051158167523614,0.0017696929015872272
0.6434549340001467,0.006852575875250604,0.0014399737484694078,0.004031110813179824,-0.008382532328259695,0.04203023985115271,-0.011965331209483239,-0.00047815470643998225,0.00034377878685597414,-0.0017879829752119735,nan,nan,nan,nan,0.0,0.0,0.0,0.0,0.0,0.0,0.0,0.0,0.0,0.0,nan,0,0.006852575875250604,0.0014399737484694078,0.004031110813179824
0.6539836789997935,0.009664308638555176,0.0022702059627634323,-0.020017994979167363,0.006475667294501705,-0.04262760513804237,0.025757075359149405,0.003868640439880869,-0.002138261109688785,-0.0034310464021880035,nan,nan,nan,nan,0.0,0.0,0.0,0.0,0.0,0.0,0.0,0.0,0.0,0.0,nan,0,0.009664308638555176,0.0022702059627634323,-0.020017994979167363
0.6641800070001409,0.004509269372180739,0.008283959670686394,-0.029160029247413326,-0.017963565540660736,-0.051682082841322766,0.07206100360781634,0.0009079936525513053,0.001628918328488793,0.007757453022353824,nan,nan,nan,nan,0.0,0.0,0.0,0.0,0.0,0.0,0.0,0.0,0.0,0.0,nan,0,0.004509269372180739,0.008283959670686394,-0.029160029247413326
0.6747981580001579,-0.013212267232961069,0.0012119696525782107,-0.0010694202463239955,0.011857819493959164,-0.0019297514454481178,0.0196319047938316,-0.0014371193556217067,-0.0005704886305074414,0.0005924090907340896,nan,nan,nan,nan,0.0,0.0,0.0,0.0,0.0,0.0,0.0,0.0,0.0,0.0,nan,0,-0.013212267232961069,0.0012119696525782107,-0.0010694202463239955
0.685382319999917,-0.030216567700039776,-0.015058985389732176,-0.030765652845355745,-0.04057569142488841,-0.013977805678494815,-0.012615641694745,-7.073388987296097e-05,-0.0017346237755051465,4.499817458786539e-05,nan,nan,nan,nan,0.0,0.0,0.0,0.0,0.0,0.0,0.0,0.0,0.0,0.0,nan,0,-0.030216567700039776,-0.015058985389732176,-0.030765652845355745
0.6958638549995158,-0.001767344107854851,-0.01025669364434564,-0.014345004912962998,-0.014321445481499665,0.0026250685791733585,-0.022020819743281173,-0.0007403625784066516,0.0016444509814207673,-0.0016171360592324559,nan,nan,nan,nan,0.0,0.0,0.0,0.0,0.0,0.0,0.0,0.0,0.0,0.0,nan,0,-0.001767344107854851,-0.01025669364434564,-0.014345004912962998
0.7067046189995381,0.004225282555940008,-0.0033594518680114998,0.02244887914529921,0.027226279034159678,-0.004155468704404553,-0.006844705150025282,-0.003330722956706077,0.0023346670201572395,-0.000769237165519244,nan,nan,nan,nan,0.0,0.0,0.0,0.0,0.0,0.0,0.0,0.0,0.0,0.0,nan,0,0.004225282555940008,-0.0033594518680114998,0.02244887914529921
0.7166609719997723,-0.006978809288157094,-0.0024366792708313016,0.020788924672397745,0.0006222566457160762,0.03078308273362753,0.03645814223434731,0.00018319016071736087,0.0004171005747492576,-0.0009440249720357943,nan,nan,nan,nan,0.0,0.0,0.0,0.0,0.0,0.0,0.0,0.0,0.0,0.0,nan,0,-0.006978809288157094,-0.0024366792708313016,0.020788924672397745
0.7268356109998422,0.018453755885923587,-0.005620679499249122,-0.010856491068074337,-0.008318683720744971,-0.0030822720106493014,-0.012809417842527744,-9.641726368858145e-06,-0.0006464563581528794,-0.003069842131382603,nan,nan,nan,nan,0.0,0.0,0.0,0.0,0.0,0.0,0.0,0.0,0.0,0.0,nan,0,0.018453755885923587,-0.005620679499249122,-0.010856491068074337
0.7372919499994168,-0.007014884157666656,-0.008689979018053838,0.0014369120346761958,-0.0029426773855640493,-0.03223972917341896,-0.03511860182642254,-0.004813357700350769,-0.00033199578892902266,-0.0011077580489747276,nan,nan,nan,nan,0.0,0.0,0.0,0.0,0.0,0.0,0.0,0.0,0.0,0.0,nan,0,-0.007014884157666656,-0.008689979018053838,0.0014369120346761958
0.7476360109994857,-0.0023430579576344973,-0.0015639228895544383,0.009482535937514717,-0.010679788772312024,-0.02361458995654049,-0.0697359152707564,-0.003059708817349671,0.0010681852149260504,-0.003274724047439988,nan,nan,nan,nan,0.0,0.0,0.0,0.0,0.0,0.0,0.0,0.0,0.0,0.0,nan,0,-0.0023430579576344973,-0.0015639228895544383,0.009482535937514717
0.7581470420000187,0.005751717310342018,-0.0038728827026887464,0.00613718294770203,-0.016268811036381434,0.005700664977216071,-0.007705617108179462,-6.128486265963465e-05,0.0014090875023739914,0.006048532774896716,nan,nan,nan,nan,0.0,0.0,0.0,0.0,0.0,0.0,0.0,0.0,0.0,0.0,nan,0,0.005751717310342018,-0.0038728827026887464,0.00613718294770203
0.769325898999341,0.003287390024389977,-0.004566690334376786,-0.010870060011089366,0.0031153801368734905,0.01834458949538861,-0.013606505528681324,-0.0011208631128403926,-0.0007708912740159922,-0.005508564489338341,nan,nan,nan,nan,0.0,0.0,0.0,0.0,0.0,0.0,0.0,0.0,0.0,0.0,nan,0,0.003287390024389977,-0.004566690334376786,-0.010870060011089366
0.7793760859995018,0.004032247612203264,0.0012144193290367174,-0.014004409935380584,-0.011847426295109239,-0.022738077898156125,-0.06537061980952903,0.0028464741113585,0.0029578927407294497,0.003149285661529769,nan,nan,nan,nan,0.0,0.0,0.0,0.0,0.0,0.0,0.0,0.0,0.0,0.0,nan,0,0.004032247612203264,0.0012144193290367174,-0.014004409935380584
0.7898775260000548,-0.004294739264413465,-0.0015992436494205115,-0.009213980539501837,0.018189737724350383,0.006221630322697905,-0.07462751607835673,-0.0008366231343598817,-0.0029449730253398513,0.00413111082567723,nan,nan,nan,nan,0.0,0.0,0.0,0.0,0.0,0.0,0.0,0.0,0.0,0.0,nan,0,-0.004294739264413465,-0.0015992436494205115,-0.009213980539501837
0.8005622259997835,0.019803399479964064,0.006651802219314143,-0.045242368484191574,0.007001232916399623,-0.0025360264487607562,0.0037061101256097447,-0.002008509907062394,0.00032982777714335155,0.0016832272245946205,nan,nan,nan,nan,0.0,0.0,0.0,0.0,0.0,0.0,0.0,0.0,0.0,0.0,nan,0,0.019803399479964064,0.006651802219314143,-0.045242368484191574
0.8107160350000413,-0.004274910559331354,0.0041137739871027834,-0.006024390098195135,0.010335960043209434,0.014675127707742434,0.0689542843113823,-0.0011001848134848924,-0.0002907699459035236,-0.0018933108518472334,nan,nan,nan,nan,0.0,0.0,0.0,0.0,0.0,0.0,0.0,0.0,0.0,0.0,nan,0,-0.004274910559331354,0.0041137739871027834,-0.006024390098195135
0.8210502209994957,0.02462080858129708,-0.005875473736917283,-0.016967953556051595,-0.026239508476752143,0.007503237242949222,-0.005891202726689528,0.0013914642828168277,-0.0016852109153835686,0.0016843633274536197,nan,nan,nan,nan,0.0,0.0,0.0,0.0,0.0,0.0,0.0,0.0,0.0,0.0,nan,0,0.02462080858129708,-0.005875473736917283,-0.016967953556051595
0.8319653449998441,-0.013110303251052948,-0.0036246646923318087,0.00048292970128450545,0.014095727287759834,0.005437164090862988,-0.013728745193647635,-0.0006819520479000252,-0.0017875235737798186,-0.002906648029464616,nan,nan,nan,nan,0.0,0.0,0.0,0.0,0.0,0.0,0.0,0.0,0.0,0.0,nan,0,-0.013110303251052948,-0.0036246646923318087,0.00048292970128450545
0.8424037939994378,-0.014841878542597765,-0.009912387212817219,0.00039821590013573846,0.012108140893798936,-0.004380952788010454,0.03697356627096465,0.0038830650694400564,-0.000830908030615012,0.000559684400566409,nan,nan,nan,nan,0.0,0.0,0.0,0.0,0.0,0.0,0.0,0.0,0.0,0.0,nan,0,-0.014841878542597765,-0.009912387212817219,0.00039821590013573846
0.8528046189994711,-0.0075969250921555575,-0.008974348638511773,0.02250243715430941,0.005968556839703774,0.026255391586088507,-0.022059231637618224,-0.00032446319853135974,-0.00032398428259970333,-0.0015146282591707698,nan,nan,nan,nan,0.0,0.0,0.0,0.0,0.0,0.0,0.0,0.0,0.0,0.0,nan,0,-0.0075969250921555575,-0.008974348638511773,0.02250243715430941
0.8631202979995578,-0.011853574516351491,-0.0035593378237605837,-0.020046422354827297,0.0051357553556571015,-0.012354148922266344,-0.040579428203822966,9.479030763857706e-06,-0.0016932964052154573,0.0012749308877156688,nan,nan,nan,nan,0.0,0.0,0.0,0.0,0.0,0.0,0.0,0.0,0.0,0.0,nan,0,-0.011853574516351491,-0.0035593378237605837,-0.020046422354827297
0.8737983399996665,-0.004611925012701256,0.009421496525225058,-0.0030262966805612124,-0.013840670040259385,-0.009155963768968168,-0.0052125710287940115,0.000636289987315538,-0.003071858535076395,-0.0009148094256040074,nan,nan,nan,nan,0.0,0.0,0.0,0.0,0.0,0.0,0.0,0.0,0.0,0.0,nan,0,-0.004611925012701256,0.009421496525225058,-0.0030262966805612124
0.8841575229998853,-0.005992117578331978,-0.0044076338870338355,0.012150137571617071,0.00996035373724134,0.005937870960052524,0.004062899440912044,0.002445203859759029,0.0009657756154226283,0.0019158850952759837,nan,nan,nan,nan,0.0,0.0,0.0,0.0,0.0,0.0,0.0,0.0,0.0,0.0,nan,0,-0.005992117578331978,-0.0044076338870338355,0.012150137571617071
0.8948101709993352,-0.005188905102948285,0.009166665185476094,0.009228532441319996,-0.006295162257427566,0.007774915610579856,-0.01858732534574591,-0.0022993968596339877,0.0011344050792012736,-0.00018679552904485,nan,nan,nan,nan,0.0,0.0,0.0,0.0,0.0,0.0,0.0,0.0,0.0,0.0,nan,0,-0.005188905102948285,0.009166665185476094,0.009228532441319996
0.9050902629996926,-0.014068887442685042,0.017162185900959605,0.02358774866459527,-0.01720900450663437,-0.0026353642065619015,-0.011189742769430707,-0.0026849765902589593,-0.0011887292789065304,0.0005669887711198429,nan,nan,nan,nan,0.0,0.0,0.0,0.0,0.0,0.0,0.0,0.0,0.0,0.0,nan,0,-0.014068887442685042,0.017162185900959605,0.02358774866459527
0.9156241339996996,-0.011353267442800552,0.012287268297242516,0.009271136475062742,-0.00640443923221387,0.014939682594552727,-0.00031874217776064367,0.0008453665225241764,0.00023702521449689407,-0.004462342210632124,nan,nan,nan,nan,0.0,0.0,0.0,0.0,0.0,0.0,0.0,0.0,0.0,0.0,nan,0,-0.011353267442800552,0.012287268297242516,0.009271136475062742
0.9263234700001703,0.002694176964313697,0.014869688567133485,-0.01128766583038308,-0.04060029283139951,0.02936439184920575,-0.014862405704562421,0.0022137517964481404,-0.0002858054526499584,0.002322416712502067,nan,nan,nan,nan,0.0,0.0,0.0,0.0,0.0,0.0,0.0,0.0,0.0,0.0,nan,0,0.002694176964313697,0.014869688567133485,-0.01128766583038308
0.9367616599993198,0.00211956286089572,-0.01756017109559856,0.0027968789244918434,-0.002582082774736308,-0.02975905708791353,0.013321208167958351,0.0005871180617721642,-0.0017636720634656336,-0.007487488199909388,nan,nan,nan,nan,0.0,0.0,0.0,0.0,0.0,0.0,0.0,0.0,0.0,0.0,nan,0,0.00211956286089572,-0.01756017109559856,0.0027968789244918434
0.948183918999348,-0.009675434468213156,0.006679332406175859,0.009201774652798844,-0.00367801702681248,0.03510662556418363,-0.02453495884933838,-0.002627630488607212,0.0032987516081269684,-0.0023238414482386546,nan,nan,nan,nan,0.0,0.0,0.0,0.0,0.0,0.0,0.0,0.0,0.0,0.0,nan,0,-0.009675434468213156,0.006679332406175859,0.009201774652798844
0.9578438720000122,-0.014725726575639038,0.009915630607767806,0.012148079669271488,0.0033626757928551894,0.011980981946068881,-0.012681852922322845,0.000798919615051976,0.001940227539490276,0.0002180263047405797,nan,nan,nan,nan,0.0,0.0,0.0,0.0,0.0,0.0,0.0,0.0,0.0,0.0,nan,0,-0.014725726575639038,0.009915630607767806,0.012148079669271488
0.9679889310000362,-0.0067305316108077495,-0.01172537959689658,0.028848363342618595,0.01136777418992351,-0.010954493919225676,-0.012738946104300194,0.0008267521775282297,0.0026678586970655892,-0.000729282326035819,nan,nan,nan,nan,0.0,0.0,0.0,0.0,0.0,0.0,0.0,0.0,0.0,0.0,nan,0,-0.0067305316108077495,-0.01172537959689658,0.028848363342618595
0.9786630099997637,-0.00546027034970899,0.011366054914112841,-0.026447355201148395,0.006299624644884108,-0.015555457121032906,0.009469233298844337,0.0024494886932010236,0.002782407906070649,0.005078459719316578,nan,nan,nan,nan,0.0,0.0,0.0,0.0,0.0,0.0,0.0,0.0,0.0,0.0,nan,0,-0.00546027034970899,0.011366054914112841,-0.026447355201148395
0.9890482289993088,0.0034178016123509285,-0.01658389519511768,-0.002112761883571706,0.016332999557956824,-0.018176073090730042,-0.019145931883022417,4.102033613990753e-05,-0.0019025437928493958,0.0012291121953439785,nan,nan,nan,nan,0.0,0.0,0.0,0.0,0.0,0.0,0.0,0.0,0.0,0.0,nan,0,0.0034178016123509285,-0.01658389519511768,-0.002112761883571706
0.999607529000059,-0.02211538849735347,-0.013684183604987339,-0.013587540517088473,0.004104345265472106,-0.010651103916458867,-0.033071752967716445,0.0011094923494975688,-0.0005880089570637881,0.0008734769724146629,nan,nan,nan,nan,0.0,0.0,0.0,0.0,0.0,0.0,0.0,0.0,0.0,0.0,nan,0,-0.02211538849735347,-0.013684183604987339,-0.013587540517088473
1.0103954830001385,-0.006141797937566149,-0.006297563484805334,0.012247746760871694,-0.03772312387170594,0.007179901234877386,0.009593986309176699,-0.002068056846080935,0.002843494631806914,0.0055862497525236135,nan,nan,nan,nan,0.0,0.0,0.0,0.0,0.0,0.0,0.0,0.0,0.0,0.0,nan,0,-0.006141797937566149,-0.006297563484805334,0.012247746760871694
1.0209256739999546,-0.010258306338608872,-0.006814923435051479,0.024342614384118194,0.003366265625858399,0.010596630864769701,-0.020410617850186517,-0.001713919856868056,-0.003788574937873744,-0.004312966501342451,nan,nan,nan,nan,0.0,0.0,0.0,0.0,0.0,0.0,0.0,0.0,0.0,0.0,nan,0,-0.010258306338608872,-0.006814923435051479,0.024342614384118194
1.0317430409995723,-0.011251551622392669,-0.006753222879756909,-0.002113273805436353,0.0020026022539392768,-0.013950846585777405,-0.002251765072111148,0.000230624749004187,-0.0012780492048379275,-0.000898809790266224,nan,nan,nan,nan,0.0,0.0,0.0,0.0,0.0,0.0,0.0,0.0,0.0,0.0,nan,0,-0.011251551622392669,-0.006753222879756909,-0.002113273805436353
1.0419590499996048,0.006889424561783763,0.002599182742515911,-0.009820121824522979,-0.01300999543221467,4.414096183892575e-05,-0.0037099678109022744,-2.730504625900007e-05,0.0006453161270081302,-0.00497753291356073,nan,nan,nan,nan,0.0,0.0,0.0,0.0,0.0,0.0,0.0,0.0,0.0,0.0,nan,0,0.006889424561783763,0.002599182742515911,-0.009820121824522979
1.0523012289995677,0.0028640446328839094,-0.007627143974975088,-0.00834548109319913,-0.0021938498892732096,-0.0038425588021815146,0.044963683682499984,0.0025372979517202555,-0.000876316373904933,0.0056959220114009,nan,nan,nan,nan,0.0,0.0,0.0,0.0,0.0,0.0,0.0,0.0,0.0,0.0,nan,0,0.0028640446328839094,-0.007627143974975088,-0.00834548109319913
1.063219128000128,-0.0032094789933960117,-0.002883761872496597,0.016739720401572344,0.013350227137562098,-0.008103450215632396,0.058620193506449834,0.0004288911501883397,0.00046465266068169183,0.007577183125857912,nan,nan,nan,nan,0.0,0.0,0.0,0.0,0.0,0.0,0.0,0.0,0.0,0.0,nan,0,-0.0032094789933960117,-0.002883761872496597,0.016739720401572344
1.0734327079999275,0.013438787661130786,-0.00901961680310883,-0.007912743465446594,-0.004133929299421992,0.004504989880656318,-0.0680293508927828,-0.0013729898513200884,0.0015273314311321493,-0.0049158811594957556,nan,nan,nan,nan,0.0,0.0,0.0,0.0,0.0,0.0,0.0,0.0,0.0,0.0,nan,0,0.013438787661130786,-0.00901961680310883,-0.007912743465446594
1.0838211869995575,-0.01917958595310806,0.013432809350815538,-0.0034845796592126743,0.015061611655862105,-0.025718984795229154,0.025422993538341956,-0.0011331417856847714,-0.0005128815192412086,0.0024128958888645657,nan,nan,nan,nan,0.0,0.0,0.0,0.0,0.0,0.0,0.0,0.0,0.0,0.0,nan,0,-0.01917958595310806,0.013432809350815538,-0.0034845796592126743
1.0945516719993975,-0.0044500089435349265,-0.012681663309972113,0.02571273424471755,-0.013420088585969303,-0.0011226898857641242,-0.009240488986053567,-0.002536183229564387,-0.002816827763545571,4.288941694012129e-05,nan,nan,nan,nan,0.0,0.0,0.0,0.0,0.0,0.0,0.0,0.0,0.0,0.0,nan,0,-0.0044500089435349265,-0.012681663309972113,0.02571273424471755
1.1047553779999362,-0.013521057782968622,0.009737626637142182,0.023140803853399183,0.01717086745384229,0.028768901876505736,0.02199466278476399,0.000520274549893495,0.004764175007223492,0.0029557490622707143,nan,nan,nan,nan,0.0,0.0,0.0,0.0,0.0,0.0,0.0,0.0,0.0,0.0,nan,0,-0.013521057782968622,0.009737626637142182,0.023140803853399183
1.1153903679996802,0.0058822654186072776,0.013138070200755038,-0.028186383613029366,0.007037131787931803,-0.0007995188149656065,-0.06014398183836464,-0.002341594434421384,-0.00035284393329082216,-0.0025414369135876766,nan,nan,nan,nan,0.0,0.0,0.0,0.0,0.0,0.0,0.0,0.0,0.0,0.0,nan,0,0.0058822654186072776,0.013138070200755038,-0.028186383613029366
1.1259910270000546,-0.0023955546287597173,-0.0046283933765907895,0.054637687299389774,-0.005476384918356782,-0.003778748135514636,-0.047648296809377634,-0.0026864348350989923,0.003935664962929577,0.00748782650565697,nan,nan,nan,nan,0.0,0.0,0.0,0.0,0.0,0.0,0.0,0.0,0.0,0.0,nan,0,-0.0023955546287597173,-0.0046283933765907895,0.054637687299389774
1.1364750739994633,0.009431076344775701,0.005534503913757118,-0.016942645734369984,0.02123514570738586,0.01040820231911461,-0.013428372092866318,0.0022568945768243046,-0.0012438814469259798,-0.003183539715193389,nan,nan,nan,nan,0.0,0.0,0.0,0.0,0.0,0.0,0.0,0.0,0.0,0.0,nan,0,0.009431076344775701,0.005534503913757118,-0.016942645734369984
1.1469713409996984,0.001658952566657628,-0.020340265094958645,0.008872618949546569,0.020190505074796434,-0.013950458950281604,0.03643415409778589,-0.0015203342983969863,-0.004748780293995655,0.0028542610178555355,nan,nan,nan,nan,0.0,0.0,0.0,0.0,0.0,0.0,0.0,0.0,0.0,0.0,nan,0,0.001658952566657628,-0.020340265094958645,0.008872618949546569
1.1574139559998002,-0.005297412246189426,0.005590307494324228,-0.004361684744669618,-0.006908692527093309,0.018418702582019303,0.01123738136462953,-0.003566523094155665,0.0006868058453552831,-0.0016916196131553072,nan,nan,nan,nan,0.0,0.0,0.0,0.0,0.0,0.0,0.0,0.0,0.0,0.0,nan,0,-0.005297412246189426,0.005590307494324228,-0.004361684744669618
1.1679293409997626,-0.011111974063739838,0.0038203960580299704,-0.011882299063346294,0.006901676234148827,0.024935579907082808,0.004430530106786222,-0.00030913704406325767,0.0004905083435640034,0.002908248668757534,nan,nan,nan,nan,0.0,0.0,0.0,0.0,0.0,0.0,0.0,0.0,0.0,0.0,nan,0,-0.011111974063739838,0.0038203960580299704,-0.011882299063346294
1.1782654709995768,-0.001954550922174327,-0.012479916654129475,0.0066951989193219635,0.017477275057002074,-0.02929146745093045,-0.04072961544343104,-0.00048595221608572884,0.00020426758035989553,0.00023875077575465886,0.0,0.0,1.5,1.4933582281286713,0.0,0.0,0.0,0.0,0.0,0.0,0.0,0.0,0.0,0.0,nan,0,-0.001954550922174327,-0.012479916654129475,0.0066951989193219635
1.1885586459993647,0.0005341132799604962,0.0009251814737906368,-0.00861277624578388,-0.015487209870150434,-0.02030916109311736,0.07162525023964315,0.00019602272535848933,0.0005195730088502036,0.002549812421567461,0.0,0.0,1.5,1.5086131544865193,2110.361487925871,2110.204265260318,2106.9752524227433,2107.947024063436,0.0,0.0,0.0,0.0,0.0,0.0,nan,0,0.0005341132894435698,0.0009251814819753689,-0.00861277624578388
1.1991450019995682,0.005472357617227644,-0.008463785420035648,0.006934026164650546,0.04055094517363808,-0.02135159739161673,-0.0002820621616858459,0.0004238448034444678,0.00046551202229253816,-0.006490635695836379,0.0,0.0,1.5,1.4930999914896617,5403.93678203571,5400.292742007242,5406.212220618406,5409.859301685379,0.0,0.0,0.0,0.0,0.0,0.0,nan,0,0.005472357874100275,-0.008463785644249256,0.006934026164650546
1.2097912879999058,-0.010706745830507451,-0.011107996880450078,-0.0041654999075178825,-0.044080775191421985,0.006516288737580539,-0.014363646552387574,-0.0006228731932632427,-0.0007163977311817706,0.005443339458385347,0.0,0.0,1.5,1.5042446187748215,9459.292386217136,9448.337820998608,9461.988245291099,9467.22393304814,0.0,0.0,0.0,0.0,0.0,0.0,nan,0,-0.010706744139603899,-0.01110799966834835,-0.0041654999075178825
1.220552666999538,0.004876260066172353,-0.003620240622123083,0.02227254636735075,0.04271995866144309,-0.02101020143677663,0.010702104465726156,-0.00291975322435137,0.004229565961497281,-0.0008486212238419877,0.0,0.0,1.5,1.4777399335722199,10664.985005751538,10670.45095869858,10678.270400700949,10673.485991467247,0.0,0.0,0.0,0.0,0.0,0.0,nan,0,0.004876267508156819,-0.003620255223074248,0.02227254636735075
1.2304976219993478,0.00844301941212593,-0.0024440940832153105,-0.013173426130686465,-0.006113769432351444,-0.02429940286274905,-0.03091729445945631,0.0007803164081088921,-0.0008902344920299314,0.0012004251638598397,0.0,0.0,1.5,1.51319895444081,10664.985005751538,10670.45095869858,10678.270400700949,10673.485991467247,0.0,0.0,0.0,0.0,0.0,0.0,nan,0,0.008443041692740358,-0.0024441439142391854,-0.013236716695780786
1.2414706399995339,-0.009363043512841068,-0.013665218583562486,0.0029112375797452064,0.0016154997408447112,-0.030704689502465476,0.04216265701038608,-0.0032446792942003384,-0.003545998531950006,0.000987924803165746,0.0,0.0,1.5,1.4971804057453364,12160.051278408768,12156.18173583591,12165.333517353107,12171.159716064194,0.0,0.0,0.0,0.0,0.0,0.0,nan,0,-0.009362990194488153,-0.013665349346386331,0.0025858681983393496
1.251571084999341,-0.0038309653366877428,0.003858947382580865,-0.00660074026075025,0.02109540196242334,0.03963041437546563,0.003733364402373488,0.000478196377286506,0.004231130520928569,0.004253199600354136,0.0,0.0,1.5,1.506610552971322,12602.881606157627,12604.47490110955,12615.530572359961,12614.408191087552,0.0,0.0,0.0,0.0,0.0,0.0,nan,0,-0.0038308524868863993,0.003858658157218076,-0.007494533628336302
1.2622221550000177,0.0005883298001866989,-0.004259040334002117,-0.007528412333656833,0.00852898154395705,-0.01027472465072525,0.07665811239075507,-0.004196372541822953,0.0013443517409612376,-0.0007667847183812383,0.0,0.0,1.5,1.5075345434018275,12931.50074712789,12926.680158850731,12925.117010213085,12932.414769745807,0.0,0.0,0.0,0.0,0.0,0.0,nan,0,0.0005885455576304441,-0.004259608447175571,-0.009376898484994628
1.2727394859994092,0.007485422457625484,-0.0009450614733430098,0.022884644076250408,0.008192718642428804,0.019228985184102362,0.1592616358440314,0.0017338276943909027,0.0035695494351455793,-0.0073804136892818015,0.0,0.0,1.5,1.4771346246690933,13161.929369424617,13155.983776312152,13153.549432045666,13160.457814388275,0.0,0.0,0.0,0.0,0.0,0.0,nan,0,0.007485802516016416,-0.0009460784309966293,0.019636503650938993
1.2829565239999283,-0.021118564782691463,-0.004216990727264076,0.00043782613287761136,0.01051038974333938,0.01956661679383474,0.215016258685802,-0.003886951680153679,-0.002628141981660701,-0.003325467373447,0.0,0.0,1.5,1.4997168032939967,13161.929369424617,13155.983776312152,13153.549432045666,13160.457814388275,0.0,0.0,0.0,0.0,0.0,0.0,nan,0,-0.021117934651434658,-0.004218676337940317,-0.004697678332363556
1.2941825749994678,-0.0013972581536619646,-0.0107271827027294,0.03713750105749175,-0.027868177137045536,0.013765693598495584,0.18579094231512405,-0.0003594963551210304,0.0024997112715341085,0.001902477590481382,0.0,0.0,1.5,1.4629024969530287,13447.499653664716,13442.366257221725,13435.212448064107,13433.408478217872,0.0,0.0,0.0,0.0,0.0,0.0,nan,0,-0.0013962598390667358,-0.010729803649438008,0.02959598552478722
1.3043203719998928,0.0006572741696970609,0.015169788858141511,0.010594610309512614,-0.04615813540628981,0.0005784898062647072,0.34220498800896804,0.0002447378281293338,-0.0014435158696119357,-0.0032863503892406193,0.0,0.0,1.5,1.489482785849641,13527.533058342588,13529.798720788012,13521.495771319318,13516.896028949825,0.0,0.0,0.0,0.0,0.0,0.0,nan,0,0.0006587966058286903,0.015165926828258954,0.0001061433102200332
1.3146697490001316,-0.002918879947208679,0.01672295812734297,0.020312310134510334,0.019154043534068264,0.010147987027588502,0.35370885344352904,0.0024908934367278636,-0.0013327904722107728,0.0006548579891837277,0.0,0.0,1.5,1.47978506436852,13583.873045112028,13594.158537756954,13587.723261235507,13571.383082272296,0.0,0.0,0.0,0.0,0.0,0.0,nan,0,-0.002916640548131048,0.016717520900722732,0.006319954462487679
1.325405392999528,-0.0011363967562606726,-0.0023738022797504615,0.049119512699747764,0.01641472149297883,0.018853255758326963,0.37607876088939685,0.000596259103766863,-0.0017562874360093812,-0.0010748278744705656,0.0,0.0,1.5,1.4508828742401878,13628.78558978301,13635.856251461038,13627.721204057689,13617.996247556232,0.0,0.0,0.0,0.0,0.0,0.0,nan,0,-0.0011332193343485278,-0.0023811665695618366,0.03105489875722634
1.3358338529997127,0.0003365236618537521,0.009170886063109618,0.01896860518108891,-0.000653739091427365,0.03427156675811178,0.44354445086468547,0.00036062917508164824,0.0005115820533944082,-0.0019981337545412797,0.0,0.0,1.5,1.481059826893771,13662.077125953903,13664.77041513788,13657.22481933023,13650.346172811474,0.0,0.0,0.0,0.0,0.0,0.0,nan,0,0.00034087715649047223,0.009161235769729744,-0.003744775939694911
1.3459376379996684,-0.01460930629691925,0.0003209669592913399,0.022739435606835598,0.009800485233378666,0.0030254579693596837,0.5534211688560942,-0.0010983218317695295,-0.003030157791374816,-0.0038109794272662666,0.0,0.0,1.5,1.477332836554267,13662.077125953903,13664.77041513788,13657.22481933023,13650.346172811474,0.0,0.0,0.0,0.0,0.0,0.0,nan,0,-0.014603529060972549,0.000308675584338874,-0.005204980967589236
1.3564794699996128,-0.008840226851877651,0.0062166925511951176,0.03339832104851989,0.008162246791215256,0.023443365289143987,0.5800176351308566,-0.0004307543095278372,0.0021692783835609744,0.0091262688152147,0.0,0.0,1.5,1.4666414972924942,13700.317401245195,13705.280089210417,13694.831982128106,13686.43441766758,0.0,0.0,0.0,0.0,0.0,0.0,nan,0,-0.008832773606557837,0.006201422088787432,-0.00036344525022238144
1.3668681179997293,0.015327685706778177,-0.0027126643577454757,0.021532215927132056,0.02135853599911412,0.008239418154907627,0.6786597998072289,-0.003261519821549244,0.0014048226872182868,0.0003737731207531109,0.0,0.0,1.5,1.4785497235596712,13700.317401245195,13705.280089210417,13694.831982128106,13686.43441766758,0.0,0.0,0.0,0.0,0.0,0.0,nan,0,0.015337066086741473,-0.00273122045674963,-0.01863603064670299
1.377555619999839,0.008752454363011603,0.007895089542423114,0.042804487043058,-0.0036813376810270883,0.01255773824065282,0.6836232048301748,-0.0008713434121689938,-0.0017539039048446792,0.0014619826946718224,0.0,0.0,1.5,1.4572431852227359,13711.87837687004,13717.202705107784,13701.292952561918,13702.068593446094,0.0,0.0,0.0,0.0,0.0,0.0,nan,0,0.008764006899786566,0.007872987020398806,-0.0043586008172857155
1.3882413869996526,0.012695361074225095,0.005759150738779109,0.0812507158991158,-0.00486850268452303,0.016841913079629314,0.7427130857247277,-0.0015698697520310592,0.00011690585465049979,-0.007466058138295604,0.0,0.0,1.5,1.4188177723537327,13681.633321233625,13676.901438607405,13661.948416654426,13672.383628003963,0.0,0.0,0.0,0.0,0.0,0.0,nan,0,0.01270932642396477,0.0057333006436068494,0.02650812473094135
1.3985925549995954,-0.0006071468492253236,0.005516843674976724,0.08316160404496407,0.014991533334157876,-0.023574822329040332,0.7861715588517594,-0.0014421892032457483,0.0013373195008693887,-0.0011444861260162947,0.0,0.0,1.5,1.4168492666631372,13598.251354163358,13590.357619069908,13578.081065666425,13584.211969733802,0.0,0.0,0.0,0.0,0.0,0.0,nan,0,-0.0005905259566989834,0.005487118011506958,0.020268185914584583
1.4090547519999745,0.00010764866213826555,-0.01803707600249517,0.02024395719360822,0.029023627526897963,-0.02847336301145977,0.9224432779822427,-0.004740928246214693,-1.8995033272650016e-05,0.004384958261316557,0.0,0.0,1.5,1.4798659716072216,13508.344034836517,13497.478189518963,13492.762200348712,13502.134053360101,0.0,0.0,0.0,0.0,0.0,0.0,nan,0,0.00012717665372327468,-0.01807072000453683,-0.05135162363118967
1.4194880069999272,0.008214168766951527,-0.005953507329699458,0.08106436738863258,0.00629126778928325,-0.014551119788536387,0.9173916791897508,-5.2207897829879795e-05,-0.0007001701180966599,0.0041512177267812485,0.0,0.0,1.5,1.418971897647123,13411.939994721773,13400.350942847639,13401.635230031048,13415.268296992346,0.0,0.0,0.0,0.0,0.0,0.0,nan,0,0.00823687278543302,-0.0059910202903727785,0.00023598810115257884
1.430247610999686,-0.020174543145462402,-0.008154620929355557,0.08698281276117892,-0.004868820773033961,0.016689811389919713,0.9560754866329763,0.0022354831133730127,-0.0030682678601456127,-0.00938385167514531,0.0,0.0,1.5,1.413184730127643,13296.12022359088,13288.514617432671,13294.415126567046,13307.146223146015,0.0,0.0,0.0,0.0,0.0,0.0,nan,0,-0.02014836653808279,-0.00819586266174677,-0.0035857963056363795
1.4406494979994022,-0.01309510733749011,0.008446749937529762,0.1063993412232182,-0.024032923739212175,-0.013566088050048209,1.0331557147421662,0.0020355907542933768,0.0020321446324946986,0.0015065928647955565,0.0,0.0,1.5,1.3936877790824485,13185.387839409274,13185.39408149606,13196.031902274168,13192.387041165919,0.0,0.0,0.0,0.0,0.0,0.0,nan,0,-0.013065124491716101,0.008402002139744449,0.005607531479453462
1.4512138919999416,0.0040530714267401095,-0.0025055448963012257,0.09199203795938521,-0.004666127117705428,0.012882095244578416,1.0563779314398871,-0.0021846029906310276,-0.0013215464779240196,-0.005632223335377998,0.0,0.0,1.5,1.408016024877907,13185.387839409274,13185.39408149606,13196.031902274168,13192.387041165919,0.0,0.0,0.0,0.0,0.0,0.0,nan,0,0.004087232735568121,-0.0025535053043230795,-0.01947858867559904
1.461316813999474,0.009588104856709596,0.0034777099710581873,0.1328381206405655,-0.03186149213983645,0.03392901849616133,1.168262248871834,0.0018960706864104067,0.0017943284874437856,0.006280762504162486,0.0,0.0,1.5,1.3671999234183005,13042.495836569482,13051.130311857647,13062.005499237004,13053.115338295653,0.0,0.0,0.0,0.0,0.0,0.0,nan,0,0.009626849337333822,0.0034268896674878226,0.01025923582696639
1.4721609540001737,0.0024564594215331116,0.0020290917387347316,0.14780476726347955,0.0063322459498230295,0.034255769263421124,1.1521793693960993,-0.0027155843234536385,0.001717423561334709,-0.0030225607741874274,0.0,0.0,1.5,1.3521989864075283,12773.227623679077,12785.691948981652,12781.03568555841,12770.439256302212,0.0,0.0,0.0,0.0,0.0,0.0,nan,0,0.00250021316150011,0.00197581343038385,0.013718446888645736
1.482432413999959,-0.016829987660096735,0.0031677544495112217,0.13100257909290142,-0.009734160201394533,0.029461199003037515,1.2072493530983937,-0.003826675275786687,-0.0011364351215210362,0.003359100415876915,0.0,0.0,1.5,1.369104532752404,12655.771258814726,12659.409991369848,12647.22959717234,12641.035010333422,0.0,0.0,0.0,0.0,0.0,0.0,nan,0,-0.01678078821968183,0.0031124662497874845,-0.014958181729966519
1.4933166459995846,0.0077435542928562685,0.009432805991177995,0.1531170249971462,0.006562719174183991,0.01351829921506336,1.2416003787870094,0.002812945382770001,0.0023212392670800045,-0.0023376134043887583,0.0,0.0,1.5,1.3469382646634152,12545.621714246023,12556.098723159237,12533.248741868254,12524.266870450021,0.0,0.0,0.0,0.0,0.0,0.0,nan,0,0.007798640521375172,0.009376009495650473,-0.005059860043048925
1.5032993830000123,-0.003113087569170322,0.020559689398286687,0.19621652571900336,0.03674720825392874,0.013532998252571267,1.2762643814417056,0.004085755590238002,0.002206723097544635,-0.0015814231393802528,0.0,0.0,1.5,1.3039492858047024,12545.621714246023,12556.098723159237,12533.248741868254,12524.266870450021,0.0,0.0,0.0,0.0,0.0,0.0,nan,0,-0.0030516750335099286,0.020501951990096027,0.025506241992684947
1.5138359669999772,-0.007476655874763161,0.009538929438212856,0.16404333551484143,0.0024150938024077085,0.01906983148972984,1.2876132404527325,0.0014043245935408367,-0.0009924248990296999,-0.002729378060822855,0.0,0.0,1.5,1.336011639522728,12288.37888674864,12275.877514821545,12266.320498942328,12275.222069346146,0.0,0.0,0.0,0.0,0.0,0.0,nan,0,-0.007408484058458797,0.009480894687716233,-0.019489980884880437
1.524315218999618,-0.002310222593748068,0.0029884518961060267,0.20596992355457003,-0.041221726113850346,0.019097753723995962,1.3116896895054277,0.0008769695030910142,-0.00480279940525141,-0.0006402864470354799,0.0,0.0,1.5,1.2940355894327378,12202.89825828277,12194.940943475109,12186.200375879323,12189.587349998774,0.0,0.0,0.0,0.0,0.0,0.0,nan,0,-0.0022348599500685686,0.0029308490813618167,0.009347204849354918
1.5352327139999034,-0.008360940346455799,0.01736082176813675,0.23017961083248972,-0.015299368794241586,0.02498744359148385,1.375135208721732,-0.0022288022084222124,-0.003948562095813288,0.0045517403576483505,0.0,0.0,1.5,1.2699665838916667,12081.280332516433,12094.873806079984,12085.794984696073,12068.845008769566,0.0,0.0,0.0,0.0,0.0,0.0,nan,0,-0.00827795048929893,0.01730447268998086,0.0202211417520497
1.5454493959996398,0.011720557612242284,-0.0016916194687628622,0.21421479072479113,0.00857818010617844,-0.002064779683058988,1.3311105262829515,0.00011389485875633573,-0.00043268119856252984,0.0015710413006784381,0.0,0.0,1.5,1.285839740184624,11938.52534350999,11963.042433122111,11943.109310603384,11919.404186623682,0.0,0.0,0.0,0.0,0.0,0.0,nan,0,0.011811609563185005,-0.0017458000884237003,-0.009300008046142866
1.5569308739995904,0.009706002783565242,0.009217767735667338,0.24221045478238934,-0.0006338957304789567,0.034903964513706844,1.4165547561910274,0.0016480916298601343,0.0012218970669592047,0.00489253015186369,0.0,0.0,1.5,1.2578607688416024,11880.342632041444,11892.346719472696,11882.994548545996,11873.106394371265,0.0,0.0,0.0,0.0,0.0,0.0,nan,0,0.009805538553711069,0.009166774345294722,0.004938617234149317
1.566514618999463,0.0075352808767446475,0.003774465650739868,0.23543137318663546,-0.002661862303850786,-0.024020929503132483,1.3643325344948707,0.0031340160002998213,-0.0015234880624615478,0.0006856383373963025,0.0,0.0,1.5,1.2645967100105386,11762.698645564584,11769.614916080272,11751.952837396677,11753.349284244436,0.0,0.0,0.0,0.0,0.0,0.0,nan,0,0.0076436979769869216,0.003727788789231707,-0.015779807882474933
1.5769966889993157,-0.010240122973078128,0.008199584269974167,0.26072965421483163,-0.008720338457375361,-0.01130988806227542,1.434295247028757,0.0005306769978891621,-0.0011549835232425336,0.006527579346264364,0.0,0.0,1.5,1.2393397771568517,11707.421535541993,11712.879151183655,11712.892201419683,11714.474592023334,0.0,0.0,0.0,0.0,0.0,0.0,nan,0,-0.010122455018378128,0.0081584692957989,-0.004586580729597001
1.587295773999358,0.018562587031182815,-0.008534875187338477,0.2899228486304093,-0.02450802979959449,-0.010975243718532786,1.3896455735694502,-0.0005598835447964887,-0.0010720258871241535,0.001321343744540848,0.0,0.0,1.5,1.210249613095785,11707.421535541993,11712.879151183655,11712.892201419683,11714.474592023334,0.0,0.0,0.0,0.0,0.0,0.0,nan,0,0.018689846732292487,-0.00856906635157229,0.010350880313753419
1.597954677999951,0.010892432393415441,-0.001945708007180425,0.3019317536884301,0.0026168960543658287,0.020690098986890473,1.51555312268742,0.0006578083658162145,0.00011773171478866782,0.002448417060214273,0.0,0.0,1.5,1.198119340334332,11523.320362107661,11537.801955121235,11546.741333735145,11541.950536699851,0.0,0.0,0.0,0.0,0.0,0.0,nan,0,0.011029593017709971,-0.001971506651879279,0.007970411822677326
1.6088211969999975,-0.00012056951305104164,0.013945309432069725,0.31689530725800563,-0.016870541390569812,-0.032777320301630164,1.4776085470865432,-0.001738258887819788,0.0033433364177302798,-0.0020451732099675086,0.0,0.0,1.5,1.183186883032555,11385.77626806144,11390.795034191806,11391.824149597876,11397.062787682642,0.0,0.0,0.0,0.0,0.0,0.0,nan,0,2.676408100066027e-05,0.01392946188933469,0.008432194167640739
1.6190855889999511,-0.005531418548232179,0.004221090816329697,0.3219495142555574,-0.01365037622739454,0.024741734057357502,1.441324800136942,0.0012245941797086155,-0.0005901228701078389,0.0008436088294433627,0.0,0.0,1.5,1.1780710340049758,11290.954449039918,11293.49937056142,11305.01709144554,11306.72695976479,0.0,0.0,0.0,0.0,0.0,0.0,nan,0,-0.005373679105001269,0.00421683014337601,-0.0011051395849762669
1.6293568900000537,-0.004950123854887062,-0.00428636479085609,0.34951499549321424,-0.02458145112389834,-0.016934487886877885,1.4567775418274667,-0.0010333448162428637,-0.003281146474843498,0.0027410975313121298,0.0,0.0,1.5,1.1505036385184872,11290.954449039918,11293.49937056142,11305.01709144554,11306.72695976479,0.0,0.0,0.0,0.0,0.0,0.0,nan,0,-0.004781781942195981,-0.00427732079822007,0.011791989147560133
1.6400055639996935,-0.01235517852538577,0.01193464025671186,0.37044357512217513,0.009127052555974761,0.0027892989670060455,1.4862642429313644,-0.0017203743263423453,0.004196881622782616,-0.0016382659085779976,0.0,0.0,1.5,1.1296870376600878,11166.089380581363,11187.944133134171,11199.651238656255,11184.111547318575,0.0,0.0,0.0,0.0,0.0,0.0,nan,0,-0.012176074701932597,0.01195878353395194,0.017986326464735414
1.6503744510000615,-0.0049815750215257025,-0.0036682028808072897,0.35903303108769863,0.07428379193083363,-0.004753168909521704,1.4789988922878174,0.0025502396114203307,-0.0010702175513845923,-0.00980291476995663,0.0,0.0,1.5,1.1409837404411136,11166.089380581363,11187.944133134171,11199.651238656255,11184.111547318575,0.0,0.0,0.0,0.0,0.0,0.0,nan,0,-0.0047915937958874074,-0.0036270994299215783,-0.00821232245612935
1.6608333659996788,-0.0009178400007240805,-0.013150900760083116,0.37385688922485616,-0.005925824878409702,-0.012750543826396978,1.4714566934154576,0.003216479844988182,-0.0016259720651194218,0.0037150175293071655,0.0,0.0,1.5,1.1262202691158538,11059.229132840483,11040.74425769083,11065.654210816712,11074.877865821065,0.0,0.0,0.0,0.0,0.0,0.0,nan,0,-0.0007169195423880047,-0.013090922196108374,-0.00821779806972972
1.671284674999697,-0.0031161202982694434,-0.01632232994180171,0.39364485934386756,0.028822803932256922,-0.035578685304985,1.4836813197843162,-0.0018856937773703366,0.0043669922024113334,-0.004190441792718305,0.0,0.0,1.5,1.1064799256727131,11059.229132840483,11040.74425769083,11065.654210816712,11074.877865821065,0.0,0.0,0.0,0.0,0.0,0.0,nan,0,-0.002904251882797169,-0.016241512685458745,-0.003291107622768963
1.681832124999346,0.012144112855553404,0.01701528594562512,0.3948004804371992,0.004160223359845917,0.01981276710429614,1.5127695598130433,0.002946822912185818,-0.0010648401312532295,-0.001003821300679853,0.0,0.0,1.5,1.1053972034860164,10946.911677577766,10919.130182121566,10961.478941276408,10983.333203092525,0.0,0.0,0.0,0.0,0.0,0.0,nan,0,0.01236689167009758,0.0171189369898056,-0.017018740361641083
1.6922678829996585,0.0014292480698657514,-0.015410783644674702,0.4289438478754767,0.0488718070226429,0.0024646447376251374,1.4892437579663995,0.0029148047734146583,-6.54889514192328e-05,0.004744487762189893,0.0,0.0,1.5,1.0711679681573651,10889.552098030284,10864.22504845815,10888.198577352832,10908.59876880283,0.0,0.0,0.0,0.0,0.0,0.0,nan,0,0.0016628636172578038,-0.015282295402181963,0.0022309558520291484
1.7027783459998318,0.016341554657255473,0.005216943419111677,0.4421305008954407,0.009625871212464082,-0.04550728876992748,1.4776925885571313,0.001944491332334349,0.0007922246775418568,-0.002270861073978955,0.0,0.0,1.5,1.0580085727644106,10832.025183038322,10795.715438857102,10817.679920925117,10855.787865721713,0.0,0.0,0.0,0.0,0.0,0.0,nan,0,0.016585910970236352,0.005372263401786956,0.0005251358183675503
1.7133250359993326,0.00913805346582316,0.017504822184585003,0.45706026772010644,-0.043949387280916914,-0.003508803259508035,1.5187086818626987,-0.0020673444496327196,-0.0018114637408475354,0.0037986818076603153,0.0,0.0,1.5,1.0431266500233394,10777.779852541567,10738.559663259452,10776.650308753593,10812.47300173465,0.0,0.0,0.0,0.0,0.0,0.0,nan,0,0.009393048855430929,0.017688950039847433,0.000573669566493018
1.7237122749993432,0.004389420247021884,0.021156866015958047,0.4541980542557467,0.025362948809038482,0.0016690475274356868,1.4190843725915199,0.0005442506621290756,8.250298586762675e-06,0.004698593433295275,0.0,0.0,1.5,1.0460251381836807,10692.07670214698,10685.447875979931,10701.708319942925,10710.503196438787,0.0,0.0,0.0,0.0,0.0,0.0,nan,0,0.00465496648234524,0.021371740863463082,-0.017146898154490997
1.734678461999465,-0.01047719653460163,-0.0073538493307015035,0.49361463069646466,0.0018842573145805216,0.02071590663408047,1.4797872815235893,-0.0011856416229841103,0.0001583426845724666,-0.0014166995682206272,0.0,0.0,1.5,1.006466771580372,10718.911401570283,10706.524422545099,10708.4994125736,10726.01803777122,0.0,0.0,0.0,0.0,0.0,0.0,nan,0,-0.010201163293826062,-0.007106325477133853,0.007439351380772563
1.7447126739998566,0.02354222070031947,-0.002716764547550396,0.4964501344300702,0.012945678409040843,0.014525591089985352,1.4293243883381197,-0.0010688434878034288,0.0036780941230373895,0.002063910272635489,0.0,0.0,1.5,1.0038296417473105,10653.059580810337,10645.585993356568,10638.910917101244,10647.865579381905,0.0,0.0,0.0,0.0,0.0,0.0,nan,0,0.02382870730067576,-0.00243473145062755,-0.004522566060382205
1.7552029029993719,0.010765292849039633,-0.0024985820213207764,0.5060855488891465,0.008021406577838355,0.013678262069609811,1.4859028740506557,0.0034340443949604834,-0.0013476166336016634,-0.00044671806765444647,0.0,0.0,1.5,0.9939758903359941,10653.059580810337,10645.585993356568,10638.910917101244,10647.865579381905,0.0,0.0,0.0,0.0,0.0,0.0,nan,0,0.011062235100854464,-0.0021802252855329233,-0.009644364636158587
1.7665483769997081,-0.0006135198343082559,0.014809696646462402,0.5222539347462078,0.011990755621177912,0.009387300534322443,1.459938594532156,0.001925450678195508,0.000453248275981585,-0.007176795419273821,0.0,0.0,1.5,0.9778584108349327,10581.678754599543,10565.031511333655,10554.92696168592,10576.237783047745,0.0,0.0,0.0,0.0,0.0,0.0,nan,0,-0.00030607647285449163,0.015166151175472747,-0.008185998620382384
1.7764637069994933,-0.006353620727612186,0.01745040884804718,0.550696817052934,0.002781990901118384,0.006259898641454908,1.4858831539185005,0.0012251000447250535,0.003902826456306754,0.0023304231009052528,0.0,0.0,1.5,0.9494848173713706,10544.80687516582,10525.122599956318,10515.237622590475,10529.744735809327,0.0,0.0,0.0,0.0,0.0,0.0,nan,0,-0.00603557838943806,0.017846696729605243,0.005603005801099736
1.7866311019997738,0.001664338355304263,-0.006425112200677342,0.5621503534547071,-0.007834653535761942,-0.0024085914630682763,1.505279774771121,0.0018731159946179245,0.0005410409476080736,0.002104984110052408,0.0,0.0,1.5,0.9378731319395407,10544.80687516582,10525.122599956318,10515.237622590475,10529.744735809327,0.0,0.0,0.0,0.0,0.0,0.0,nan,0,0.0019931373588212174,-0.0059872911222096205,0.002469208524589983
1.7971460660000957,-0.003137048941737803,-0.0015378551966317177,0.5912487389805089,-0.021773962369192056,0.012872114482270594,1.4307809967433927,0.0019154698894488715,-0.0034704448909408177,-1.061917590059523e-05,0.0,0.0,1.5,0.9087579768448715,10468.283783929093,10454.320698128598,10435.670155810838,10451.82135893972,0.0,0.0,0.0,0.0,0.0,0.0,nan,0,-0.0027972704686145687,-0.0010568355522946526,0.017060500703452885
1.807655161999719,0.006214015981974252,-0.020747227551087172,0.5925596973806455,0.02152874641272274,0.017643216879938587,1.4375100230561622,-0.0012118673362958312,-0.0022371670777627116,-0.005137371303326164,0.0,0.0,1.5,0.9076987188839624,10375.540627597627,10374.527298703524,10366.56659332335,10371.63187105544,0.0,0.0,0.0,0.0,0.0,0.0,nan,0,0.006565065040541432,-0.020221365027128884,0.003954093416505544
1.8184999119994245,-0.0010849362582368933,0.014167995004631085,0.6038140143645586,0.009210539479449095,-0.0006046469667379867,1.4300640099323536,0.0011478881477466675,0.00012614530094057398,-0.0005999445485194298,0.0,0.0,1.5,0.8962986277008925,10311.724677244018,10319.342077205021,10314.680861467588,10304.211516801086,0.0,0.0,0.0,0.0,0.0,0.0,nan,0,-0.0007222604616997659,0.014740334733336411,0.000885879382393262
1.828858758000024,-0.02308327755749627,0.0074704047807834136,0.6055017436728757,-0.010901489683039075,-0.019082602415805137,1.457542756479799,0.0019679515382593337,0.0010737952511053425,0.0013720797596935383,0.0,0.0,1.5,0.8948272320524511,10287.677517353393,10291.40389032917,10286.955985060256,10279.696222932682,0.0,0.0,0.0,0.0,0.0,0.0,nan,0,-0.02270856039353378,0.008090849630070675,-0.01164942922214951
1.8391751829994973,0.0035717305946037095,0.019753518982110304,0.628905101633811,-0.01964906066120783,0.017150956536867865,1.3978531106992704,0.00158259556610545,0.0013360590368965068,0.0006109302394388262,0.0,0.0,1.5,0.8713261620835324,10233.723572371697,10251.571523688088,10257.936569520034,10238.899938777146,0.0,0.0,0.0,0.0,0.0,0.0,nan,0,0.00395895725208541,0.02042369097648539,-0.0023638465270451325
1.849845865000134,0.016297547830493635,-0.016287892121210824,0.6415867555842467,0.005652124003105271,0.039061633822165175,1.3602645861030656,0.0015517514721866401,-0.00010720236638159033,-0.0016639146773899107,0.0,0.0,1.5,0.8587224252827098,10230.814131525342,10251.249467338102,10244.802041970903,10223.194872391377,0.0,0.0,0.0,0.0,0.0,0.0,nan,0,0.016697800273294996,-0.01556637346015674,-0.0036906724185966633
1.8602990579993275,0.017235217945547547,-0.0028550169925122154,0.6489712927864644,0.0021566244343447214,0.0007613856318939865,1.3747448356426273,0.003106729932317349,-0.0006130902714738158,-0.0015042072696988841,0.0,0.0,1.5,0.8512080029940976,10230.814131525342,10251.249467338102,10244.802041970903,10223.194872391377,0.0,0.0,0.0,0.0,0.0,0.0,nan,0,0.0176490542387995,-0.0020805260574007496,-0.010205573033928772
1.8707655970001724,0.011481030247482458,-0.013802576854401337,0.6474225350909011,-0.02049143900204536,0.01963437061580037,1.3870097911462027,0.00033119936889214395,-0.0002686708571483625,0.00045702026339971224,0.0,0.0,1.5,0.8527664738099119,10236.437764167362,10236.485150481085,10237.642165887873,10233.144648120127,0.0,0.0,0.0,0.0,0.0,0.0,nan,0,0.011909043184698572,-0.012973478768638831,-0.025544570030045177
1.8811895680000816,0.009243249380001829,-0.002575818662846543,0.6900372980848505,-0.02124802526507926,-0.0003169002354640708,1.388868634584377,0.0011910042332817488,0.0008749027210205797,0.0007806818125229831,0.0,0.0,1.5,0.8100195374153478,10219.421355449294,10224.759834654482,10222.98062370856,10214.048503860433,0.0,0.0,0.0,0.0,0.0,0.0,nan,0,0.009686062081162256,-0.0016904704903191465,0.003391412503254476
1.891520872000001,0.0069289842388380535,0.0011087549685759044,0.6962420590798117,0.022324896666434196,-0.02077824860154045,1.3474514293016484,0.006609323860202804,-0.0035136851932959256,-0.0007724250725050897,0.0,0.0,1.5,0.8037885715487769,10219.421355449294,10224.759834654482,10222.98062370856,10214.048503860433,0.0,0.0,0.0,0.0,0.0,0.0,nan,0,0.007387244661289618,0.0020519977629568716,-0.003964988784919687
1.9022276549994785,-0.003026930060823741,0.01088165820876913,0.7164719640741424,0.024183661344135514,-0.007367792646721295,1.3862923367227407,0.0013586387385671392,-0.00313500912610131,0.00248815774952654,0.0,0.0,1.5,0.7836094409033096,10137.163905597758,10140.69779614145,10164.64051206262,10158.256014934992,0.0,0.0,0.0,0.0,0.0,0.0,nan,0,-0.0025525532555522867,0.011884442589279688,0.0028271473004450876
1.9128526939994117,-0.008101412700719587,0.0007050682414600454,0.7238547509607424,0.004653559315440548,-0.025419103254587582,1.3445940423640186,0.00011651713154725254,-0.0006437730653129442,0.0011428166103414985,0.0,0.0,1.5,0.7761878494379977,10100.147665549082,10099.118151584857,10125.866110870471,10125.32221574357,0.0,0.0,0.0,0.0,0.0,0.0,nan,0,-0.007610231964086307,0.0017690429689916603,-0.003101226827224912
1.9233236119998764,0.0011834947801268527,0.009516257169235695,0.7348455333737393,0.040519345536850784,0.003014943321111661,1.3093081466795122,0.004512728400443184,-0.0011652508142435854,0.0004392734240300764,0.0,0.0,1.5,0.7652145565843107,10069.990564740428,10074.585226159636,10103.369019293223,10100.468456760513,0.0,0.0,0.0,0.0,0.0,0.0,nan,0,0.0016921818025339426,0.010643054856494716,-0.0052885129989932445
1.933612453999558,-0.022191516603792035,0.007031472951265135,0.7559963706449594,-0.011791108289682464,-0.007154270671910618,1.322054745726383,0.0007610891794932875,0.00029243370656489663,0.009146416516794785,0.0,0.0,1.5,0.7443677219724896,10079.784915332142,10067.410779827233,10089.230140758506,10101.342382763387,0.0,0.0,0.0,0.0,0.0,0.0,nan,0,-0.021664603460422677,0.008222706261660497,0.0028195837672814195
1.9444076219997442,0.009789126835177337,-0.0018291741839634112,0.7668159582362131,-0.0008488974304634514,0.022603417206783695,1.3007880884607763,-0.0009857583880687898,-0.0028881190636558802,-0.0013340381290240174,0.0,0.0,1.5,0.7332516702875439,10038.386334023813,10048.61125764318,10059.435889448907,10059.364531568643,0.0,0.0,0.0,0.0,0.0,0.0,nan,0,0.01033500427145507,-0.000571924839563919,0.0007348069460141327
1.9547374859994306,0.007850149136823114,0.013130378116618383,0.7833963596598724,0.0075437555959993055,-0.01922872408518806,1.2848046418536547,-0.0003347650833382741,0.0002482631597979511,-0.0038047843877184965,0.0,0.0,1.5,0.7167669140101813,10030.189345883924,10037.88304311933,10034.219041409438,10029.846977201814,0.0,0.0,0.0,0.0,0.0,0.0,nan,0,0.008415747357491817,0.014455181825857526,0.004553431056163015
1.9653169009998237,-0.0077920541599228255,-0.009883617242453674,0.7768947155506848,-0.028056313491601148,0.00019023152046652861,1.2363606253065984,-0.0003052961852821584,-0.0006685510899876422,0.0065652388576261135,0.0,0.0,1.5,0.7232148051556685,10017.36900050776,10013.631299888106,10015.167630804815,10014.470360082858,0.0,0.0,0.0,0.0,0.0,0.0,nan,0,-0.007205961523967672,-0.008489763206996926,-0.014564426209487058
1.9756579119994058,0.011625007783165412,-0.005952548335259973,0.7839667138441192,-0.01102200007176704,0.011145844489410507,1.1864783713513394,0.0018743662160941297,0.002209149385415384,0.006592066917330741,0.0,0.0,1.5,0.7161523863821385,10033.648949022334,10055.271411436273,10053.697392791759,10039.861492399938,0.0,0.0,0.0,0.0,0.0,0.0,nan,0,0.012232388355958006,-0.004488182218354628,-0.01996437680952534
1.9864531399998668,0.010492009747874948,0.00996229061865006,0.7795761470577982,0.004894355195687367,-0.0059806150437577855,1.1905622771559,0.0016214204182966564,0.00012085585481420462,-0.00022595375964819733,0.0,0.0,1.5,0.7205691204811702,10088.013175997561,10107.009893738945,10099.628562710162,10096.103058288347,0.0,0.0,0.0,0.0,0.0,0.0,nan,0,0.011121493725940053,0.01149860606193908,-0.03668972772654222
1.9968089089998102,0.01192497749470718,0.002534861587113,0.834209076503637,0.000740325753501099,-0.002896613338318995,1.192093489981932,0.004012360905354927,0.0006033144842809914,0.0016292962244471591,0.0,0.0,1.5,0.6659025337252105,10088.013175997561,10107.009893738945,10099.628562710162,10096.103058288347,0.0,0.0,0.0,0.0,0.0,0.0,nan,0,0.012577397205245122,0.004144539045368042,0.005737889030317023
2.0074860790000457,-0.009874800757654066,-0.005045409439812458,0.8548979153911427,-0.01577221143618925,-0.016223879781130775,1.21603846731055,-0.0006676961441247759,0.0007288165346857428,-0.001869524110749813,0.0,0.0,1.5,0.645197386396684,10104.263777318703,10106.466250374093,10107.712546553166,10114.274420408623,0.0,0.0,0.0,0.0,0.0,0.0,nan,0,-0.00919860604101449,-0.003360994251862079,0.014350169333782303
2.017676817999927,-0.0034202906255773693,0.01426458078939132,0.8595015633588644,0.02108908205684983,0.018785294323701435,1.1942045988672065,-0.0009370305068418642,0.002000583517354429,-0.0014626069594271887,0.0,0.0,1.5,0.6406663905597041,10038.620019927104,10048.393962617134,10056.543302223386,10051.018330315495,0.0,0.0,0.0,0.0,0.0,0.0,nan,0,-0.0027194833031983006,0.016025057795396674,0.007013476611990588
2.0281252690001565,0.02073438707161439,0.006369606605484269,0.852567903223418,0.009149641831734797,0.02238023969553042,1.1961798861549942,0.002690988587149616,-0.001944080389378254,0.00011781694716530151,0.0,0.0,1.5,0.647795343169481,10026.61349085739,10020.45250710992,10008.67520625921,10016.322279764456,0.0,0.0,0.0,0.0,0.0,0.0,nan,0,0.021460641763755492,0.00820741556392129,-0.011716878486870197
2.0388034409998,0.0010879960449134626,-0.005869980618413641,0.8582850080155344,0.006198794845261407,-0.019912630711365103,1.1238718383162525,0.004474896911718783,-0.0029958813497909455,0.0046918651606564134,0.0,0.0,1.5,0.6417427610386245,10017.51863047844,10004.895304348,9985.884637098403,9998.295614606497,0.0,0.0,0.0,0.0,0.0,0.0,nan,0,0.0018405337092689926,-0.003953616836447562,-0.017648999305060364
2.049079398999311,-0.008162674950031007,-0.002282586205275044,0.9261132381092299,-0.006075844119671734,-0.002023890941064848,1.1438771340771254,0.0009837008866292827,-0.002526966266154234,-0.0015236469150439638,0.0,0.0,1.5,0.5739493487543983,10017.51863047844,10004.895304348,9985.884637098403,9998.295614606497,0.0,0.0,0.0,0.0,0.0,0.0,nan,0,-0.007383011186463172,-0.00028648143376366376,0.038678626946757166
2.05971595399933,-0.01922183510875122,-0.0020100637787836455,0.9090062334086911,0.005122516887674305,-0.01881851381004563,1.0719328608226077,0.0038022767176811986,0.0007474730156829381,0.0003459650022294526,0.0,0.0,1.5,0.5913096916600684,9966.96385840417,9968.55496042336,9965.128998615433,9960.600609382176,0.0,0.0,0.0,0.0,0.0,0.0,nan,0,-0.018414190350196185,6.693765437311167e-05,0.010221634349428577
2.0703290339997693,0.0028212606808946505,-0.010092978165986786,0.9131867284922874,-0.03835121880763881,-0.01046757606076759,1.1429801766587304,0.0010240142630350865,0.00019384795349606295,-0.004218427400981201,0.0,0.0,1.5,0.58690684383271,9991.431239312933,9998.480980409797,10011.879396814562,10002.526074476198,0.0,0.0,0.0,0.0,0.0,0.0,nan,0,0.003657755878389792,-0.007933950098565921,0.003203666451901732
2.0810252589999436,-0.015466188225506907,-0.005034868175800661,0.9482438420199825,0.00546427081933037,0.006132689264218013,1.1143683609484736,0.00038871931745731894,-0.004271417984748695,-0.003192797437296242,0.0,0.0,1.5,0.5519958430501488,9949.00853407885,9968.883320130697,9991.60371495311,9963.691040815584,0.0,0.0,0.0,0.0,0.0,0.0,nan,0,-0.014599960090759626,-0.0027927093323114028,0.027213754458936812
2.0913259740000285,-1.833106238757396e-06,-0.0015905833405831624,0.9359732543759102,0.013987689420278747,-0.026641506758319847,1.138224606487894,0.0016673519722682833,-0.0039991587859558655,0.008040158571976909,0.0,0.0,1.5,0.5640289883844849,9913.241813213492,9936.532499753688,9952.960973050609,9920.355013897546,0.0,0.0,0.0,0.0,0.0,0.0,nan,0,0.0008950103169924261,0.000735770498628783,0.004053388254431578
2.101903332999427,-0.013896924208661574,0.01110924382582415,0.92913598144837,-0.014550842096374385,-0.04564012960913245,1.1443411594627837,0.0028200495412846823,-0.0042596585525762655,2.809100808194443e-05,0.0,0.0,1.5,0.5711411974965198,9876.638779589255,9897.673842019536,9917.73847718238,9900.389093827323,0.0,0.0,0.0,0.0,0.0,0.0,nan,0,-0.012968593732159868,0.013520811219015091,-0.013510672075807362
2.112299472999439,-0.011199395616544717,-0.0001625301874445817,0.9688714153441956,0.013896799984298684,0.0024197475204980794,1.0709603282509084,0.0005973313404969286,-0.0002251913560404877,0.002339072583450356,0.0,0.0,1.5,0.5312466718170719,9841.719906363809,9875.574807581086,9910.892368455567,9879.895486309342,0.0,0.0,0.0,0.0,0.0,0.0,nan,0,-0.01023872506063244,0.0023352187536442577,0.015665301198948267
2.123117113999797,0.009729960103177136,-0.009122102066877257,0.9627678936178616,0.0026211681929213197,-0.001710659383009233,1.0353677896019586,-6.0808193091504426e-05,-0.0017851670476607571,0.003968795736875276,0.0,0.0,1.5,0.537397637692535,9855.492154309266,9877.138804806153,9897.333134054938,9880.880079305407,0.0,0.0,0.0,0.0,0.0,0.0,nan,0,0.010723797607958663,-0.006537262025131267,-0.0008288238899885059
2.133012210999368,-0.011894681787276531,0.0004877966667947834,0.9468987090206089,-0.018908120941134542,-0.04824135829714227,0.9992264466811078,0.0010668544019486685,-0.0009159669478713538,-0.0010142427488587693,0.0,0.0,1.5,0.5532293913771011,9855.492154309266,9877.138804806153,9897.333134054938,9880.880079305407,0.0,0.0,0.0,0.0,0.0,0.0,nan,0,-0.010866882036618078,0.0031605724745575603,-0.02692282611532726
2.14357542200014,0.008306399647190023,-0.003334219215351798,0.9970481662465139,-0.00989558139084529,-0.0044085204457506464,1.0234404164142095,3.68873243533968e-05,-0.0015012577316280528,0.002089084534866498,0.0,0.0,1.5,0.5030314705551425,9896.75944908212,9911.990836540852,9921.51801007515,9916.572879240257,0.0,0.0,0.0,0.0,0.0,0.0,nan,0,0.009368924192060354,-0.0005727307380920294,0.013158948493176337
2.1541898440000296,-0.005153269998186419,0.010399530005784561,0.9883838660386525,-0.015428515326955222,-0.016474013341272516,0.9839261219675972,0.001975705205761897,0.0005432430730808787,0.0008281995801713433,0.0,0.0,1.5,0.5117477649639234,9938.843785709952,9958.869773087577,9973.852182544142,9963.236847340604,0.0,0.0,0.0,0.0,0.0,0.0,nan,0,-0.004055302371624195,0.01325042539590355,-0.0054195871476038215
2.1647009069993146,-0.013339973456687807,-0.006468015812044639,1.0038987193898634,0.006681395294378511,0.008350332693476861,0.9839131676616463,0.0007913763437135253,0.0008866462860776115,-0.005671186303867799,0.0,0.0,1.5,0.49632274856527325,9966.705112239373,9984.134389737519,9997.135536691907,9983.550807043452,0.0,0.0,0.0,0.0,0.0,0.0,nan,0,-0.012205899136835972,-0.0035271152492151424,0.00033395090248111714
2.175129429999288,-0.012965391138762097,-0.0007165846048180812,1.0127550395303389,-0.00011453067125649764,-0.0038178446410353866,0.9051955246706725,0.003006565486194277,-0.0030752933119005204,-0.002673078608745151,0.0,0.0,1.5,0.48741795859812,9982.21581409871,9993.515223595681,10001.689111627631,9989.348680067162,0.0,0.0,0.0,0.0,0.0,0.0,nan,0,-0.01179460563317198,0.002314818031015291,-0.00042129030454862715
2.1855482169994502,-0.011499976958602732,0.021458444321157375,1.0564280011526643,0.0013513062441783122,-0.03814698235199399,0.9443071335033856,0.0005589775125528885,-0.00047324283689799304,-0.0008662759438419211,0.0,0.0,1.5,0.4442396115433127,10032.784353216244,10043.487873684471,10052.585899946042,10036.355156069792,0.0,0.0,0.0,0.0,0.0,0.0,nan,0,-0.010291940404831475,0.024580739539102687,0.03378513508195535
2.196265021999352,-0.002359079579534796,0.010320385236131912,1.0192506947978337,-0.032327950918875845,0.010988031674263692,0.9491167580997415,0.0015529861089862342,0.0027251663970446426,-0.006544185598696069,0.0,0.0,1.5,0.48086585453767705,9994.635345769502,10001.51076815389,10014.993385861373,10001.101593349227,0.0,0.0,0.0,0.0,0.0,0.0,nan,0,-0.001113324935001784,0.013533851758673388,-0.0127144011348308
2.206682041000022,-0.0010660969422052898,-8.880157596343917e-05,1.0547722271237852,0.013156137296467234,-0.03386949954192489,0.8842918924209489,-0.0012897756376980775,-0.004312968454138992,0.0013341266085352198,0.0,0.0,1.5,0.44522905811360114,10009.407218321161,10017.588595881405,10017.496091046414,9994.759900379515,0.0,0.0,0.0,0.0,0.0,0.0,nan,0,0.00021776314919205579,0.0032159987803425673,0.01363162145803054
2.2172693120000986,-0.013112850282034374,-0.00023703888320177665,1.0619020183548096,-0.053020188043068794,0.025578402449718103,0.862270959115122,0.004021443998966927,0.0017133971567627462,0.003104708541201219,0.0,0.0,1.5,0.4382942442601098,10009.407218321161,10017.588595881405,10017.496091046414,9994.759900379515,0.0,0.0,0.0,0.0,0.0,0.0,nan,0,-0.011790580050361828,0.0031591425606723555,0.011730429397461828
2.2278574140000273,-0.012329856610650208,-0.002556320716789882,1.0794658613059365,-0.024533754079073867,-0.0180673413142903,0.8880628593507383,-0.0017841686207751997,-0.00015318210209009953,0.011052306172038973,0.0,0.0,1.5,0.4207226187725164,10042.224514899599,10067.422798306938,10059.413154670026,10031.814154933065,0.0,0.0,0.0,0.0,0.0,0.0,nan,0,-0.010968958956910918,0.0009311741271148572,0.020404332794656366
2.2382507510001233,0.005145447054843882,-0.010801436013092709,1.0250630721455105,-0.01687838148011481,0.022710403864623564,0.8989797718028792,-0.001522485111992586,0.0014668640389774153,0.0020845526945713912,0.0,0.0,1.5,0.4750876046427645,10014.570336497485,10049.320844998067,10037.897477155784,10014.127402632557,0.0,0.0,0.0,0.0,0.0,0.0,nan,0,0.006545093626149308,-0.007222809031103927,-0.0427473646541805
2.2485650929993426,-0.0010608429721671695,-0.012940696542837285,1.0965009186603754,-0.0017104144527203687,0.027736969555634018,0.8938737357319627,0.001461694653563746,0.0006907809448765268,-0.002148872907552083,0.0,0.0,1.5,0.40370793360639623,10058.368461783959,10081.227578687105,10057.310999742984,10044.717833691931,0.0,0.0,0.0,0.0,0.0,0.0,nan,0,0.0003775666960326796,-0.009271229414107556,0.020081492458880135
2.2592955789996267,0.024726524945929806,-0.005997494545613231,1.0816626097117787,0.004226891006058344,-0.008142451810477324,0.8528393139198717,-0.004118039017032791,0.0008697150626329426,-1.4081722529576557e-07,0.0,0.0,1.5,0.419110418732207,10022.621269226165,10032.382052449955,10003.872925152811,9998.77043740036,0.0,0.0,0.0,0.0,0.0,0.0,nan,0,0.026203595295197616,-0.002237583167602544,-0.003224461518309907
2.2696540979995916,-0.013356191319915205,-0.0034990411430319236,1.0795010428827725,-0.0408837449832225,0.01436220325415841,0.8417862646277231,-0.001163122643731829,0.0033488132246877428,0.0005648319889652474,0.0,0.0,1.5,0.4207255685980717,10045.953028820659,10032.124596487913,10008.701480375186,10024.567376030276,0.0,0.0,0.0,0.0,0.0,0.0,nan,0,-0.011840683974301516,0.00035082481854451517,-0.013709869043749379
2.2803517429993008,-0.004884057769790351,-0.003457792665431941,1.1045577397408899,0.012068628850070626,0.005925982938604842,0.8111881949340122,0.0012239664049384282,0.0018397966900817863,0.0005619519136983644,0.0,0.0,1.5,0.395487536528333,10060.434724330215,10062.995175508084,10034.092689148776,10034.47277056027,0.0,0.0,0.0,0.0,0.0,0.0,nan,0,-0.0033304580167393487,0.00048145215401465503,0.003163873713472931
2.2905625059993326,0.0013135262399075927,-0.02598346352198016,1.117960748370795,0.003002174210407267,-0.0009231201525088,0.7762172826308631,-0.0006109512634047575,-0.0007780688016495888,-0.0031232251565128802,0.0,0.0,1.5,0.38292408583580123,10077.060769390748,10066.621331430913,10042.65035985197,10055.020306174385,0.0,0.0,0.0,0.0,0.0,0.0,nan,0,0.0029047551355430978,-0.02195549126157375,0.00852203689595088
2.3010478669993972,-0.009423516334713023,0.0003960755979259623,1.1160487960675718,-0.014377183802964792,-0.018884227612877367,0.7510632314905816,0.001818221064275906,-0.0012885588593409625,-0.0034832461753062267,0.0,0.0,1.5,0.38406703391094493,10094.808185564998,10078.97927365493,10070.095452046613,10084.356644535348,0.0,0.0,0.0,0.0,0.0,0.0,nan,0,-0.007795238438283973,0.004512058203098463,-0.001299625254623793
2.311932294000144,0.006865251769528721,-0.010465020571930696,1.1245026345628053,-0.04535488702935198,-0.010951516362239878,0.8374265349153277,2.400088110421426e-05,0.002337633923883925,-0.005030151977562621,0.0,0.0,1.5,0.3757058953326446,10121.972251377309,10114.796417458996,10117.353149262386,10119.261787270192,0.0,0.0,0.0,0.0,0.0,0.0,nan,0,0.0085298848382878,-0.006261805617413376,-0.0006253812257470681
2.322526733999439,0.0005118235083059911,0.007619424065986054,1.1225600750281657,0.04478122181448376,-0.018656813633881737,0.7776044163063084,0.0021605272948309975,0.0025704183200386593,0.002726758594576171,0.0,0.0,1.5,0.37751717119774153,10066.259562418665,10067.593030086397,10079.917199014293,10068.53725104963,0.0,0.0,0.0,0.0,0.0,0.0,nan,0,0.002212013065241283,0.011909039894296279,-0.010216218267800725
2.332515551999677,-0.01221807546353035,0.0005654979797418188,1.1510625685222144,-0.04121521613853305,-0.0004266433105397404,0.7681653156304259,-0.0006089253403214613,0.0029494959492701463,-0.0005281723407553805,0.0,0.0,1.5,0.34915173240628766,10066.259562418665,10067.593030086397,10079.917199014293,10068.53725104963,0.0,0.0,0.0,0.0,0.0,0.0,nan,0,-0.010483231238734087,0.004940629673333578,0.010771961623492698
2.3441841939993537,-0.001281192136334683,-0.01453157024274733,1.1432393100223344,0.001186654536364059,-0.015053012491166948,0.7644715725192713,0.00032063338177591055,-0.0015323174366484646,0.0009921964236389385,0.0,0.0,1.5,0.35705881574377935,10091.87245485167,10065.642029251336,10076.792515948177,10100.59247272237,0.0,0.0,0.0,0.0,0.0,0.0,nan,0,0.00048730376331571263,-0.01007186707296943,-0.004431707952395891
2.353606249999757,-0.008934822101741208,0.0005203981799108172,1.157405157645776,0.0063404523824572845,0.010928465355616724,0.697602624358624,-0.0009746799332794386,0.0023439344303293357,0.0002732441139310043,0.0,0.0,1.5,0.34271172706513997,10069.85043618903,10063.798389330172,10078.806372811208,10081.759616386698,0.0,0.0,0.0,0.0,0.0,0.0,nan,0,-0.007133771997700163,0.005063666994696626,0.002488373656907683
2.3640918849996524,-0.00250724889183725,-0.010329648199597339,1.159410730468672,0.024440369838720888,-0.02266322739272447,0.7253357100561035,-0.0038951709937769512,0.0021344428079295877,-0.002663615887589015,0.0,0.0,1.5,0.3407551004002972,10118.456160879068,10104.322068763593,10105.447087704335,10115.786489587257,0.0,0.0,0.0,0.0,0.0,0.0,nan,0,-0.0006748400576527622,-0.005703889631435197,-0.002620698831357071
2.374613684999531,0.023460846751362698,-0.02312389650527874,1.1632325203978908,0.017491145403721972,0.007728105492085115,0.7188684979210871,-0.002165588354535201,0.0018964039958176643,-0.0013827176494000137,0.0,0.0,1.5,0.3383747349277644,10128.100744922613,10098.270738227344,10105.085261304264,10128.74110164472,0.0,0.0,0.0,0.0,0.0,0.0,nan,0,0.025323324369820432,-0.01841679697878368,-0.005785892276960913
2.385158471000068,0.002087120647126411,0.0014169459829334692,1.1819937066466022,-0.02005037478734626,-0.017085070874619836,0.7286486186658633,-3.9590986215356395e-05,0.0035793955166377543,1.9419774701824316e-05,0.0,0.0,1.5,0.31801629898620215,10141.29036981668,10094.870158637676,10098.838654128835,10140.887594384498,0.0,0.0,0.0,0.0,0.0,0.0,nan,0,0.003978295073374504,0.006204167175351994,0.006115232229090051
2.3954039239997655,-0.01427914469188056,-0.01730672679373231,1.2005319683753437,-0.02374069139195077,-0.0007238598119089203,0.656744201286124,-0.000685166269256473,0.0020258552401580254,8.968238122771961e-05,0.0,0.0,1.5,0.3003073737532775,10141.29036981668,10094.870158637676,10098.838654128835,10140.887594384498,0.0,0.0,0.0,0.0,0.0,0.0,nan,0,-0.012360708149781723,-0.012440671316843266,0.017922041861461624
2.4061522140000307,0.0034735740572980085,-0.007315174721828974,1.1855533927386541,-0.0016401329546639578,0.034817226555531725,0.6797380454526173,0.0005955269607634007,0.0001895150986801646,-0.003317025251502643,0.0,0.0,1.5,0.3145508644338997,10118.275129355015,10105.992890012441,10112.184787195372,10120.718040694373,0.0,0.0,0.0,0.0,0.0,0.0,nan,0,0.005417788746687703,-0.002371643840615314,-0.0036591909389367405
2.4164463339993745,0.007161026688662711,-0.0016334885226420275,1.1675809813975144,-0.010974583149193586,0.0006271534006825029,0.6765997828085544,0.004651663632717519,0.0018049091682535723,-0.004188614369630324,0.0,0.0,1.5,0.33250015416030865,10139.71951229968,10125.372254432677,10115.014962809622,10121.75780376104,0.0,0.0,0.0,0.0,0.0,0.0,nan,0,0.009129490614003791,0.003386081556411456,-0.028108039010880548
2.4271375859998443,0.013704209171462154,0.007048096785401915,1.2267725427842409,0.02944909630037471,-0.0292631133263779,0.637842888629827,-0.0008190994992895202,0.0004979804075818406,0.0005099557773635324,0.0,0.0,1.5,0.273661696979868,10139.71951229968,10125.372254432677,10115.014962809622,10121.75780376104,0.0,0.0,0.0,0.0,0.0,0.0,nan,0,0.015695351498164044,0.012142192819707187,0.024729837571728197
2.4375967380001384,-0.008394643289906958,-0.0014133045456803514,1.1984410271196309,-0.018894105272095136,0.006338603837822081,0.5780518207692501,5.478939439608155e-05,0.0043475231586512,0.0010010908056963072,0.0,0.0,1.5,0.3016791036687275,10164.719880387955,10150.13157133159,10147.573864826216,10152.39007410297,0.0,0.0,0.0,0.0,0.0,0.0,nan,0,-0.006382431053537776,0.0037537311995586966,-0.009836072534161078
2.4481548839994502,-0.0006325035961775242,-0.009032084447791352,1.1958043501493358,-0.008298166266016375,0.001833157019019948,0.6083052783570836,0.0001212273751138537,0.0027771284386986957,0.0036913156951261937,0.0,0.0,1.5,0.304330366539948,10228.844643954842,10215.08585741473,10213.792968076581,10219.158258871868,0.0,0.0,0.0,0.0,0.0,0.0,nan,0,0.0013991345189021873,-0.0037937697093824597,-0.018592954454483168
2.458508314000028,-0.0011109299412693893,-0.002217833049052828,1.179555403023025,-0.022620089292700048,-0.010394946030227527,0.639889240075118,-0.002090285481875955,0.002129117510754735,0.0055147369530534965,0.0,0.0,1.5,0.320454197476806,10248.897683532397,10241.117830797557,10239.611281233387,10244.962284617994,0.0,0.0,0.0,0.0,0.0,0.0,nan,0,0.0009384562164735199,0.0030900223501337623,-0.04085519301977292
2.4691051339996193,-0.01359465702970035,-0.007140802156642536,1.2268291103255053,-0.015065555422224639,-0.005719018731314003,0.6101348236612936,-0.0029183058693477374,-0.00044067671887210077,-0.011724635524712356,0.0,0.0,1.5,0.2736021577414009,10252.586963759222,10257.241014029065,10252.174452826783,10253.220813144979,0.0,0.0,0.0,0.0,0.0,0.0,nan,0,-0.01152922287592065,-0.0017652125974238868,0.0005091677634461167
2.479410042999916,-0.01774228243666927,-0.012755397606633086,1.2237554756844125,-0.008821635751974085,0.0009113245840325741,0.5832433254275955,-0.0050337711280063506,0.0010894801369994982,1.7532209874691896e-05,0.0,0.0,1.5,0.27710742676534506,10252.586963759222,10257.241014029065,10252.174452826783,10253.220813144979,0.0,0.0,0.0,0.0,0.0,0.0,nan,0,-0.01566251464582614,-0.007313940127047661,-0.008369195095388138
2.4899711709995245,0.016957447650066276,-0.021632967512638657,1.2580992104693163,-0.004282920109321949,-0.019900647719575323,0.5915220679128637,-0.0024738806742651003,0.001958860092514182,0.006389929776349553,0.0,0.0,1.5,0.24345745478373784,10234.438490613447,10239.745584104183,10244.316614244754,10226.879943307955,0.0,0.0,0.0,0.0,0.0,0.0,nan,0,0.019049816982886672,-0.01612756756630346,0.020274868958184866
2.500332855999659,-0.004266091176062718,0.00021420392777805278,1.252245481879481,0.008948834216133687,0.02819177471005195,0.6093896214713072,-0.0002413188198594398,0.0041725203456294095,-0.005636957120078873,0.0,0.0,1.5,0.24779133694779507,10244.77333954624,10255.458243279048,10252.911037528469,10234.505923746477,0.0,0.0,0.0,0.0,0.0,0.0,nan,0,-0.0021628724745985602,0.005781567044226545,0.008828535873539378
2.5111343759999727,0.0033837796902379483,-0.010835318746261462,1.2463260032947792,-0.024585385829272936,-0.023153336395889772,0.5267464011844495,-0.0015347123575815364,0.00547307473578111,-0.003098635317328621,0.0,0.0,1.5,0.2539278454634811,10193.49190491721,10182.707594874313,10173.481503569956,10182.441511060975,0.0,0.0,0.0,0.0,0.0,0.0,nan,0,0.005496079280581504,-0.005208017660622958,-0.002571074422313968
2.521850066999832,0.0001517501762605131,0.005602704045587585,1.2543879815580266,0.014349892283180935,0.0017023276178865234,0.5743711594169156,-0.0030875904196429986,0.0021870147475026793,-0.0016284061328287903,0.0,0.0,1.5,0.2456759591899027,10232.186802472957,10223.493061861316,10226.389779283805,10230.47444222954,0.0,0.0,0.0,0.0,0.0,0.0,nan,0,0.002271333767768409,0.011287857094407787,0.00012171745273437118
2.531885991999843,0.002011256858991587,-0.021225313284209263,1.2738263160452343,0.027498393132933473,0.00046491849609788297,0.4947260505347099,-0.001733937150758051,0.002139037205969835,-0.0031577059753505146,0.0,0.0,1.5,0.22717635086389582,10231.788187995271,10214.559958947095,10204.570569916497,10217.88575989981,0.0,0.0,0.0,0.0,0.0,0.0,nan,0,0.004136300208616838,-0.015484456005179947,0.014299033167677333
2.542399388999911,-0.0020593816857394412,-0.011429257981178463,1.2914370578121046,0.00017161144685745965,-0.009929758772114737,0.5411205471600464,-0.003190312362225321,0.0007061794338929016,0.0010324805035966706,0.0,0.0,1.5,0.20888602118140717,10265.813498453237,10236.66985359333,10235.241977673502,10259.333105729665,0.0,0.0,0.0,0.0,0.0,0.0,nan,0,6.927643700740168e-05,-0.005634901781127583,0.02675490445251283
2.5531696250000095,0.00337468861768749,-0.0051819561475543565,1.2860044979429246,0.00670081981075771,0.005173542543830736,0.485300031074943,-0.0038842283760983157,0.0032647357524522216,0.002159819165289814,0.0,0.0,1.5,0.21408483387069083,10230.704983962518,10209.748401289424,10211.354355637895,10229.318662366568,0.0,0.0,0.0,0.0,0.0,0.0,nan,0,0.005505109161018247,0.0006636442506475215,0.016273523458753658
2.563434521999625,-0.0016301062728858368,-0.013887431443736532,1.2909917170772294,0.012675561803068867,-0.001537969608704904,0.4968418265513012,-0.0032232457473951293,0.00010713595404567613,-0.010761105091558976,0.0,0.0,1.5,0.20947548861117454,10230.704983962518,10209.748401289424,10211.354355637895,10229.318662366568,0.0,0.0,0.0,0.0,0.0,0.0,nan,0,0.0005002274547834936,-0.007992889780695941,0.01631796496865201
2.573961948000033,0.00610106712070513,-0.01556734931026867,1.2753856662798826,-0.009670978344041802,0.01343237530537788,0.48227451711043495,-0.0017738677270824463,0.0008747580012787902,-0.00804378746868128,0.0,0.0,1.5,0.22523579710403838,10267.22180842371,10240.281332537223,10241.525132788438,10257.86160672066,0.0,0.0,0.0,0.0,0.0,0.0,nan,0,0.008229472194167631,-0.009626223053660076,-0.004127495304609319
2.5847794940000313,0.001034033449137532,-0.00473435689381795,1.2980781246803115,0.029452639978358196,-0.05591305352578943,0.5107285924188211,-0.00289806950393068,-0.00039900883410194806,-0.001668809210966726,0.0,0.0,1.5,0.2019800165684512,10297.227019577873,10274.017635302424,10274.801305200805,10280.48998969693,0.0,0.0,0.0,0.0,0.0,0.0,nan,0,0.003158684657395635,0.0012509441916577803,0.013825755732937317
2.5950153459998546,-0.015444597494759828,0.0037834515522033128,1.2710463802909944,0.04031986156757775,-0.04933686191591245,0.4838276650251095,-0.006225818386176824,0.008755719755565307,0.006087611078002538,0.0,0.0,1.5,0.2295051417186094,10297.227019577873,10274.017635302424,10274.801305200805,10280.48998969693,0.0,0.0,0.0,0.0,0.0,0.0,nan,0,-0.013325494966179,0.009810474100176996,-0.017845528789141474
2.6055416350000087,-0.005549601096821732,-0.011736207274615744,1.2897849478553263,0.009212157908969027,0.003375663160283221,0.48896008444295935,-0.0011468721440742082,0.0009430893776177757,-0.0021339961794061995,0.0,0.0,1.5,0.2106155378449427,10298.021166095496,10261.786034688772,10282.832399191595,10318.447597147278,0.0,0.0,0.0,0.0,0.0,0.0,nan,0,-0.0034378039145894794,-0.005669963892588971,-0.0036478186444435234
2.615841475999332,-0.012141663662294168,0.0012582916557513524,1.306763692994637,0.028771567909322834,-0.0150560776751004,0.4058404465412461,-0.004187467047606566,0.0014430849730738108,-0.004025293268061696,0.0,0.0,1.5,0.19362146998576926,10298.021166095496,10261.786034688772,10282.832399191595,10318.447597147278,0.0,0.0,0.0,0.0,0.0,0.0,nan,0,-0.010038880481121684,0.007361195304417527,0.008886174557543924
2.626579607000167,0.002159225585490561,-0.02031589692837174,1.3272183634039438,0.010473207612598224,0.004654695338742199,0.4258216094010028,-0.0024384155477905852,0.00019437831681374713,-0.0013886902852967022,0.0,0.0,1.5,0.17398532084042284,10342.886751664555,10318.120192002107,10327.063265808627,10349.849032792612,0.0,0.0,0.0,0.0,0.0,0.0,nan,0,0.004251345794343198,-0.014178965717357316,0.024988174881410252
2.6368562090001433,0.001677079757750632,-0.006169762354170058,1.2847307724175359,-0.0011885916611976304,0.01032095437926113,0.4160777347510646,-0.0024760222974716133,0.0008764658547981561,-0.0022951361222875387,0.0,0.0,1.5,0.21536415418535074,10338.88919531092,10318.81411692196,10325.738129369594,10343.068704760395,0.0,0.0,0.0,0.0,0.0,0.0,nan,0,0.003756960688749381,-1.5119633218528897e-06,-0.0217634631446888
2.6473024309998436,-0.005334084530872573,-0.008378758215774431,1.2903842932950775,-0.01278471252225172,-0.006258590090795461,0.4238602825024872,-0.004128188824593671,0.004185323411021902,-0.002737397131690953,0.0,0.0,1.5,0.20985090074723287,10338.88919531092,10318.81411692196,10325.738129369594,10343.068704760395,0.0,0.0,0.0,0.0,0.0,0.0,nan,0,-0.003267936978152069,-0.0021819780100279474,-0.02028937163349931
2.6577761089993146,-0.013998646906112472,-0.005514072946625034,1.3125380378555045,0.006175185552294983,0.0286528433528592,0.38167153702817214,-0.004215769813038269,0.002449423399839577,0.004852061272773883,0.0,0.0,1.5,0.18806476109767875,10386.284928110545,10374.46423641602,10371.696039273489,10380.02221103259,0.0,0.0,0.0,0.0,0.0,0.0,nan,0,-0.01194764050699801,0.0007083601040489681,-0.0022363561569413992
2.668438957000035,0.0012498952998524033,-0.005161726816957465,1.3168829201752081,0.008605499788798088,-0.019418007406298652,0.39962935643502223,0.0007402658830870047,-0.0003992260660272147,0.004121637673896988,0.0,0.0,1.5,0.18319407901335863,10434.05601146937,10439.171910472285,10415.033340126693,10413.270059930986,0.0,0.0,0.0,0.0,0.0,0.0,nan,0,0.0032844453925176993,0.0010834018450658284,-0.0019176716116091619
2.6790160589998777,0.006666576173974075,-0.01194956046779537,1.314075336257101,0.012370429360832212,0.03785402363751546,0.40494270269007615,-0.0033186392504496415,-0.00011580137345771435,0.003713004118172595,0.0,0.0,1.5,0.1864275082201309,10425.097567181456,10434.733559341697,10421.562178018894,10422.862307058569,0.0,0.0,0.0,0.0,0.0,0.0,nan,0,0.00868345024838519,-0.005684761077415931,-0.008679120593968026
2.6893313589998797,0.0003772116832764321,0.007796474342996615,1.3426352991054402,0.009088337407447602,-0.042388753320183846,0.429378785969833,-0.002952930499226095,-0.00030143573585676605,0.0004472727711972775,0.0,0.0,1.5,0.15755816826959262,10434.016855289736,10439.872931177515,10410.928946062006,10416.890037016037,0.0,0.0,0.0,0.0,0.0,0.0,nan,0,0.0023752868328039372,0.014077866113170832,0.01599927463330153
2.700242232999699,-0.009592560717771393,-0.013008329919599666,1.319434856316542,0.022259665734802276,-0.002167822744384069,0.3633664219188569,-0.003183684503207296,0.0019252934312084416,0.008250557330281834,0.0,0.0,1.5,0.18128707891587076,10407.695448740507,10411.516351148708,10386.95651641388,10393.901812390675,0.0,0.0,0.0,0.0,0.0,0.0,nan,0,-0.007614310340102657,-0.006713465594901959,-0.011009291968237411
2.710287905999394,-0.014714864477353306,-0.009727922325633773,1.3345597442421027,0.04600368443018237,0.029826575443573033,0.31393821683916623,-0.0007663377856228877,0.0012818434704883253,6.105663677929473e-05,0.0,0.0,1.5,0.16637799714685508,10407.695448740507,10411.516351148708,10386.95651641388,10393.901812390675,0.0,0.0,0.0,0.0,0.0,0.0,nan,0,-0.012757368125976772,-0.003422738122642468,0.00038129466013225866
2.7209001940000235,-0.02360466746940269,-0.018273928279463992,1.3260577069536108,-0.004313234992559724,0.019434340638655196,0.36875035182369115,-0.005536160633253593,-0.00029648697434811076,-0.004279071829535539,0.0,0.0,1.5,0.17648523476863442,10436.042276322212,10440.96956602102,10418.355008963958,10431.863427018037,0.0,0.0,0.0,0.0,0.0,0.0,nan,0,-0.021668763140548664,-0.011961626178856974,-0.011787919341533781
2.731439913000031,0.0075763518489675085,-0.0005461281687081914,1.3234921640210928,0.031566945967925024,0.005085896184993995,0.34760482416798083,-0.004124519087435622,-0.0007403717319903526,-0.00543137504156488,0.0,0.0,1.5,0.1766712074031103,10483.17050486057,10492.704739214181,10466.104975422451,10460.909554854677,0.0,0.0,0.0,0.0,0.0,0.0,nan,0,0.009489924802542665,0.005770059040144497,-0.017957236086668438
2.7418097250001665,0.009102543646889012,-0.01761641786338754,1.356947935461305,0.01709975554111585,-0.03882385175350847,0.375369350209437,-0.003782776668109288,0.004007306219487629,-0.0004624943223525063,0.0,0.0,1.5,0.14441983121428983,10483.17050486057,10492.704739214181,10466.104975422451,10460.909554854677,0.0,0.0,0.0,0.0,0.0,0.0,nan,0,0.010993147980453675,-0.011299591228017561,0.011956504161396264
2.752320999999938,0.005058255000872998,-0.004061023459037441,1.3481222218730151,0.013408604168339562,-0.019411168827258858,0.3375497204230168,-0.0054091127797831606,-0.00038950232929638786,0.005726836140623079,0.0,0.0,1.5,0.15201624039548656,10459.81822228672,10445.003313034636,10448.684855831078,10460.370042476196,0.0,0.0,0.0,0.0,0.0,0.0,nan,0,0.006925357423335712,0.0022532086239966716,-0.0003473648920568895
2.762764927999342,-0.015364745485947994,-0.0034994316583549607,1.355716275631256,-0.016794855804015317,0.02149939345986952,0.3648519450218841,-0.00222258729214163,-0.0015804219119637585,-0.00041244432243905683,0.0,0.0,1.5,0.14514170504543192,10463.825249424637,10455.130208878847,10455.285506165172,10469.907459198157,0.0,0.0,0.0,0.0,0.0,0.0,nan,0,-0.013521570512307604,0.002808990436553178,0.003835051300449255
2.7733764679996966,0.0005784996401346221,-0.010639690643953838,1.3749059364678982,0.010743529236591397,0.024832901865158817,0.3411222829239455,-0.0026788416463525947,0.001676763522677509,0.0016119604651052347,0.0,0.0,1.5,0.12554705257315366,10436.215020809574,10449.50509965454,10440.925177428753,10429.973796275146,0.0,0.0,0.0,0.0,0.0,0.0,nan,0,0.002397433394130641,-0.004340280843358078,0.019680919728127133
2.784050221999678,-0.0018483422834748942,-0.008838499666447962,1.337865260472496,0.02989205003147546,-0.006761394184159285,0.31097567962232436,-0.0030387717983666553,9.1435881251154e-05,0.0019869450503447184,0.0,0.0,1.5,0.16238598833397608,10424.566100243344,10434.868407268066,10417.132296552061,10412.04406596401,0.0,0.0,0.0,0.0,0.0,0.0,nan,0,-5.3851873110401195e-05,-0.0025512830496881534,-0.020632354674366082
2.7944506260000708,-0.010658480922517902,-0.008819524299078048,1.3644538229680532,0.016427346071791415,-0.041402201603132474,0.3022585990394233,-0.0007545511984369959,-0.003947530444839417,-0.0033890269770280004,0.0,0.0,1.5,0.13625033332955033,10470.450770838908,10472.449992546526,10461.806777427237,10466.18622912137,0.0,0.0,0.0,0.0,0.0,0.0,nan,0,-0.0088885301230474,-0.0025476764989386955,0.0027520401884570944
2.8048217539999314,-0.007004577901933552,-0.008054506542045871,1.3687672590753108,0.023346197308505613,0.020229409993941606,0.32144368651493227,-0.0032475334107394593,-0.0023716387385471034,0.0006384766650920724,0.0,0.0,1.5,0.13166613641262018,10470.450770838908,10472.449992546526,10461.806777427237,10466.18622912137,0.0,0.0,0.0,0.0,0.0,0.0,nan,0,-0.005259158573802486,-0.0018012009602484443,0.003924666580872094
2.8152863790000993,-0.001430798623808046,-0.009951147025527135,1.3881398867401435,-0.01142806948041035,-0.0003505527335823178,0.2969904441868303,-0.003422355023999363,-0.0008746504099222403,0.0005960587707801266,0.0,0.0,1.5,0.11231098543924126,10469.140407436906,10474.767304423398,10474.66812996639,10471.397030404458,0.0,0.0,0.0,0.0,0.0,0.0,nan,0,0.0002902009937487957,-0.003719539676268116,0.020219471974417758
2.8257698159995925,-0.015234899772281993,-0.010358409747437087,1.367690025783838,-0.0011650025922954603,0.00338429070988277,0.28967806517613004,-0.0049614620473922835,0.0010082502234871381,0.0023530531739171584,0.0,0.0,1.5,0.1335864068707918,10458.104200603444,10471.374808587267,10472.479297954782,10459.6102865641,0.0,0.0,0.0,0.0,0.0,0.0,nan,0,-0.013538107414191607,-0.0041516364617697225,-0.0032438893472919172
2.8363218380000035,-0.008291597061793419,0.0072426294929790365,1.3626739135187227,0.020032895680870952,0.030526778405158307,0.25659452327018745,-0.004316262918476181,-0.00204731217868619,0.0012181766589946343,0.0,0.0,1.5,0.13776668788960184,10477.249312748212,10496.935161832133,10491.89385339167,10475.52500922647,0.0,0.0,0.0,0.0,0.0,0.0,nan,0,-0.0066187027746007565,0.013421443477271252,-0.011210444323297875
2.8469596149998324,0.010849889182836622,0.004408858831591207,1.3958146627230954,0.035449834141167806,-0.014455442161452543,0.2555784590324931,-0.003990182376367412,-0.00014170561919574318,0.0018146057430624884,0.0,0.0,1.5,0.10484151198346531,10530.137675789187,10546.792570331165,10524.78178460932,10511.43627984702,0.0,0.0,0.0,0.0,0.0,0.0,nan,0,0.012499285841324568,0.010556584826536182,0.019037274750802302
2.8575845079994906,-0.009900871964309721,-0.021484132582791672,1.3966610104328985,-0.006702618756022064,0.005569596346617428,0.3024224898398288,-0.008687379908413876,-0.003067865512903684,-0.000315793048423948,0.0,0.0,1.5,0.1060119898088803,10534.553319035376,10534.657280974414,10519.131478686604,10523.505631549971,0.0,0.0,0.0,0.0,0.0,0.0,nan,0,-0.00827448919448586,-0.01537061395162775,0.017044386780944443
2.868422215999999,-0.012285140399963068,-0.0036916929327435906,1.3845568206996635,-0.022897657683718625,0.028690962686908655,0.3124079903705349,-0.0014669446541862989,-0.0016047732430470528,-0.0015387735707429978,0.0,0.0,1.5,0.11615369524180505,10534.553319035376,10534.657280974414,10519.131478686604,10523.505631549971,0.0,0.0,0.0,0.0,0.0,0.0,nan,0,-0.010681211328294119,0.0023845392743065937,0.0021579751048728113
2.8785920299997088,-0.0039009740497272074,-0.020573810494551946,1.3861664234726565,-0.025445781784394796,0.03795362117480929,0.2708260388244223,-0.007840568870412984,0.0002095041975779006,-0.0034898587357965814,0.0,0.0,1.5,0.11574360639710925,10468.481834127191,10494.69945720291,10477.30794718867,10448.38498529666,0.0,0.0,0.0,0.0,0.0,0.0,nan,0,-0.0023188667573082102,-0.01453789179950266,0.001047189449138175
2.8890556729993477,-0.002487794844569804,-0.005446766466027374,1.3915801386740643,-0.018114332049453535,0.01630214761551414,0.33373720537090196,-0.00248117168652618,-0.006293331354659259,-0.000887996643455305,0.0,0.0,1.5,0.1085850943640942,10486.030119738021,10516.338399366401,10489.12849581712,10453.132904139044,0.0,0.0,0.0,0.0,0.0,0.0,nan,0,-0.0009268129196376008,0.0005458567636677653,0.0038027811632066477
2.8993145280001045,-0.003825915329986459,-0.019666958518370418,1.4030665592787401,0.008112005766082103,-0.0124004918450744,0.2504908253509257,-0.0033830174879364234,0.0024444758506509587,-0.0013747485544210163,0.0,0.0,1.5,0.09898241669881337,10486.030119738021,10516.338399366401,10489.12849581712,10453.132904139044,0.0,0.0,0.0,0.0,0.0,0.0,nan,0,-0.0022853145648362135,-0.01372054915430388,0.012695909034653896
2.9098540039994987,0.0025854657569085353,0.014522301719290174,1.407992255795616,0.00036830263684736487,0.01848851086081144,0.283236811682274,-0.0011108874251121311,-0.0008845095414977229,-0.0028289871470786525,0.0,0.0,1.5,0.09318265328904095,10455.567168298843,10481.215344533714,10476.828950754269,10446.113259551832,0.0,0.0,0.0,0.0,0.0,0.0,nan,0,0.004106459875039361,0.02041965243955546,0.015094749987934808
2.9203408699995634,-0.004479755800787275,-0.01900705908092452,1.3884628814389879,0.016794150867277823,0.018152147033861584,0.2063686234304249,-0.0003073579192185719,-0.003109181537874409,-0.004686177312792582,0.0,0.0,1.5,0.113233675749901,10448.668674783607,10468.223641379418,10455.811838835547,10430.015692135172,0.0,0.0,0.0,0.0,0.0,0.0,nan,0,-0.002977578752538702,-0.013161536586399111,-0.0068954574662880574
2.930939328999557,-0.0027473602415301686,0.013921564805283617,1.4002368314357587,-0.0063047686349081864,0.004130918184701484,0.22079592499120496,-0.0025849375929844834,-0.0014009005469480364,-0.002289568683537429,0.0,0.0,1.5,0.10076729507584131,10513.894937682067,10522.498547422694,10520.503313232624,10502.081065628154,0.0,0.0,0.0,0.0,0.0,0.0,nan,0,-0.0012632042439452568,0.019712557805804585,0.0024789898469339544
2.941241704999811,-0.006702359992423926,-0.0064477044973845,1.3712939482193287,0.02322282850126341,0.009380101681853067,0.15684341739627744,0.0002157708432557188,-0.000582850571424339,0.0011105333669986198,0.0,0.0,1.5,0.12904163005682498,10540.543357006263,10547.93854247729,10542.46671011837,10525.40171825007,0.0,0.0,0.0,0.0,0.0,0.0,nan,0,-0.005235428861155179,-0.0007138766519284552,-0.02880972743260668
2.9517149639996205,0.010308271191976633,-0.00475564501430183,1.4116742212102802,-0.013756196185065434,0.007488273999683232,0.26329081828394235,-0.0016956925304066606,0.0036369115377017833,-0.0019584770881169835,0.0,0.0,1.5,0.08905234310943147,10631.979024715056,10632.195474359945,10629.926927435581,10623.12393368171,0.0,0.0,0.0,0.0,0.0,0.0,nan,0,0.011758769629127672,0.0009184458767063676,0.009267971497612049
2.9623570949997884,-0.006873734580411654,0.02225342776481078,1.3949053357180465,0.0014268718426302097,0.021512087299206475,0.25670431928448606,-0.002586202354470904,0.0003545755731802247,-0.007697605020213317,0.0,0.0,1.5,0.10764456203126149,10634.814000738008,10631.384862165527,10631.769630616345,10629.701773285326,0.0,0.0,0.0,0.0,0.0,0.0,nan,0,-0.005438884260535674,0.027865277778554402,-0.00977116315694948
2.9728840150000906,0.015187376180914586,0.003605875004896673,1.4152870163871056,-7.582704582862616e-05,0.03966768535904758,0.23709717742832445,-0.003792842876307805,-0.001282701553106454,0.0023620361917669917,0.0,0.0,1.5,0.08613912190410383,10613.450093200821,10606.794458038235,10598.041621292372,10590.851644252081,0.0,0.0,0.0,0.0,0.0,0.0,nan,0,0.016607341228482852,0.00915309473204418,0.00837809651684518
2.983073818999401,-0.0006805400867784861,-0.020877765908714024,1.411124161633943,-0.01797126226026581,0.027521611074516422,0.1881381155174439,-0.0017319224973933998,-0.0009663419740756138,0.0038469264916342265,0.0,0.0,1.5,0.09129763901338453,10613.450093200821,10606.794458038235,10598.041621292372,10590.851644252081,0.0,0.0,0.0,0.0,0.0,0.0,nan,0,0.0007252815848717411,-0.015397449025254797,0.0020256194726828713
2.9936343579993263,0.00909716273478043,-0.007368823855511075,1.3983928072506788,0.026077706526938197,0.024906112920868244,0.19692962729998076,-0.006003078336437241,-0.0053615609797701,0.006382346660267711,0.0,0.0,1.5,0.10227941901103238,10593.978313202851,10584.779196974012,10561.61068626313,10562.062883576838,0.0,0.0,0.0,0.0,0.0,0.0,nan,0,0.010489566719905004,-0.001957566846849345,-0.01285217257861282
3.0042312299992773,-0.00017069249152083517,0.004930916803611514,1.4211953405232998,-0.00907886122192752,-0.0019100479006576266,0.190538173549032,-0.0015170327117797202,-0.0005237297457795323,0.0014436666257567864,0.0,0.0,1.5,0.0789589604268539,10628.36494919281,10626.1585919986,10599.935283700104,10609.472359804884,0.0,0.0,0.0,0.0,0.0,0.0,nan,0,0.0012090066457567281,0.010271074420783583,0.00784350167324388
3.0148008959995423,0.00963872186550588,-0.002784465175148592,1.398919670631181,0.0021259529918366054,0.03655344211291072,0.13943297753520628,-0.006374285311336475,0.00028280646728892265,-0.0006649642467083973,0.0,0.0,1.5,0.10157702097827598,10618.467596103192,10620.329874281802,10604.643756603677,10609.78557597999,0.0,0.0,0.0,0.0,0.0,0.0,nan,0,0.011006415191802309,0.0024826862600303445,-0.016500944357854763
3.02517657899989,0.0003442685977820899,-0.010639395687146367,1.4226468749190895,-0.010934485508572574,-0.010280897166161719,0.24580884114235224,-0.0031018907457307163,0.0006929141583221187,0.006171932205518486,0.0,0.0,1.5,0.0780821440614823,10618.467596103192,10620.329874281802,10604.643756603677,10609.78557597999,0.0,0.0,0.0,0.0,0.0,0.0,nan,0,0.0017006455987969688,-0.005447021797923164,0.00519062151407379
3.0356473029996778,0.011049718268554302,-0.00048431274195773113,1.4048882165435532,0.025739686491094645,0.01509851604506837,0.12556728741756934,-0.0011847278361779643,0.00036624997373581124,-0.0009878720719164044,0.0,0.0,1.5,0.09575271372087826,10610.439302762861,10612.516777257133,10604.69274474986,10611.726258739127,0.0,0.0,0.0,0.0,0.0,0.0,nan,0,0.012395457007897237,0.004631666709151596,-0.014569820864631433
3.046396495999943,0.0057673575829583585,-0.008214725171632613,1.3985256957978214,0.00551459340219416,0.01750085607234831,0.22172131283313623,-0.0005046405937514898,0.0007278700040225894,-0.008708812015608202,0.0,0.0,1.5,0.10196949806903752,10610.439302762861,10612.516777257133,10604.69274474986,10611.726258739127,0.0,0.0,0.0,0.0,0.0,0.0,nan,0,0.007103128109041985,-0.0031765983128704597,-0.0229008810578315
3.0566514869997263,-0.018592078772401807,0.0005318586576082999,1.4100028234343776,-0.023786599944263055,-0.009266778405434028,0.18591267274041376,0.00171110602243897,-0.004895179372017852,0.0018566790584483785,0.0,0.0,1.5,0.09189907538432956,10660.712993508947,10640.397004054252,10646.000468552698,10659.680368423375,0.0,0.0,0.0,0.0,0.0,0.0,nan,0,-0.017265607635245185,0.005490830246369129,-0.0133625011549392
3.06716596699971,-0.0027902177235002,-0.017042716388477253,1.4490245611227923,0.02107658738013687,0.013024545535678405,0.21659351010937022,-0.006967898117705014,0.0002491114003007143,-0.0017980585104184353,0.0,0.0,1.5,0.05382132352113372,10640.65267329475,10649.207265444411,10665.281400389207,10656.18747882129,0.0,0.0,0.0,0.0,0.0,0.0,nan,0,-0.0014723741634358656,-0.012164040160949364,0.023751770229030855
3.07766397999967,-0.01429822106112874,-0.0006081779247565401,1.4395518865062278,-0.029281957632386828,0.03857945486469094,0.15676175801638703,-0.0015856471971531741,2.286101085552191e-05,0.0065299828223786315,0.0,0.0,1.5,0.06211910680987802,10640.65267329475,10649.207265444411,10665.281400389207,10656.18747882129,0.0,0.0,0.0,0.0,0.0,0.0,nan,0,-0.012988331011978698,0.004189224010923228,0.012408248737136418
3.0881871149995277,0.018260214832108282,0.019833822275611864,1.4376766427563636,0.028573918126785454,0.009473048653775965,0.2122561285976104,-0.0007203928561270327,-0.001260911728438376,-0.0008343053406002036,0.0,0.0,1.5,0.06790446826161903,10590.654208042231,10587.856238673321,10599.222764221335,10598.54713552223,0.0,0.0,0.0,0.0,0.0,0.0,nan,0,0.019562826753035327,0.024549123496535985,0.008702823910376578
3.0990877139993245,-0.015443980747568139,-0.0171134900379177,1.4263122605847873,0.011594037228533024,0.006377200135131923,0.21605269171993313,-0.0020037234622519388,-0.00041372127255165353,-0.004588523101107294,0.0,0.0,1.5,0.07720926772566523,10577.553250685636,10574.551425529366,10567.618658272393,10573.811920685377,0.0,0.0,0.0,0.0,0.0,0.0,nan,0,-0.014147972432506713,-0.012480968599394274,-0.0044491071917922564
3.109539104999385,0.026486773869895976,0.011687640384747806,1.4164392341895422,0.010877662752780046,0.018147014787827716,0.17023708570108514,0.0019872065414702446,-0.001797990154745176,-0.002156352941869218,0.0,0.0,1.5,0.08843388327235417,10577.553250685636,10574.551425529366,10567.618658272393,10573.811920685377,0.0,0.0,0.0,0.0,0.0,0.0,nan,0,0.027776848416250523,0.01623685255876939,-0.016063166286905073
3.1198868519995813,0.00805459481838752,-0.0014399672250788413,1.4194159351640925,0.011605660225976526,-0.002036541800081942,0.1931445725299069,0.0021584032631038522,-0.00396220791928004,-0.0005662003551776228,0.0,0.0,1.5,0.08099840435944058,10557.95403755986,10556.949145426228,10560.71179575683,10562.37937084394,0.0,0.0,0.0,0.0,0.0,0.0,nan,0,0.009339406175825583,0.00302555208880677,-0.014782817992942121
3.1303677629994127,0.00941080247443657,-0.001465715287320606,1.4239845993738578,-0.005809059294877512,0.033190867211710565,0.09488946026351226,0.0005902190296263993,0.0027066304424582135,0.006532418983293494,0.0,0.0,1.5,0.0766097425714853,10596.264097921363,10582.651233519484,10597.60936534108,10607.018189914686,0.0,0.0,0.0,0.0,0.0,0.0,nan,0,0.010691026391478814,0.0029158716390480423,-0.011868969602330637
3.1409671479996177,-0.02004245346680407,-0.0022850611226737844,1.4478114437597962,-0.008809508219410461,0.024693886844495146,0.14545414770597817,-0.004330732141514499,-0.0005499538938363221,-0.0050925374567375396,0.0,0.0,1.5,0.05595146868260275,10633.716392626273,10622.46962684155,10634.808874182441,10645.664711518299,0.0,0.0,0.0,0.0,0.0,0.0,nan,0,-0.018766130951658366,0.002012495103596371,0.010342398172129341
3.151301766999495,-0.004921820471403786,-0.0014657524278713068,1.450615117249858,0.025081682211997174,0.003279983045372567,0.13519688649818923,-0.0016558502775937262,0.0003659111277071783,-0.00013253130202007805,0.0,0.0,1.5,0.04965117713788677,10632.083065227987,10631.703937559145,10637.972430540345,10631.10391783221,0.0,0.0,0.0,0.0,0.0,0.0,nan,0,-0.0036486955721021955,0.0027478093299127078,0.011565034248506745
3.161745632999555,0.008312633455016129,-0.0060051298048733985,1.4437851228080671,-0.0031865993376095866,0.007434951110350699,0.14877253914144084,-0.002356899884262801,-0.0017498643199356499,-0.0013144125232290797,0.0,0.0,1.5,0.05714257499128758,10632.083065227987,10631.703937559145,10637.972430540345,10631.10391783221,0.0,0.0,0.0,0.0,0.0,0.0,nan,0,0.009583280949642602,-0.0018753949071624717,0.0031881354186231725
3.1722601759993267,-0.0007295285129188962,-0.005662786504975628,1.427943094007,-0.030632540639977668,-0.01564745253561581,0.1515887510419385,0.0038123287758345167,0.0008224666677299486,-0.001005743613150819,0.0,0.0,1.5,0.07228275772365181,10636.552418833493,10631.147015778359,10639.520034606485,10640.286606502998,0.0,0.0,0.0,0.0,0.0,0.0,nan,0,0.0005393788689698188,-0.0016165817556861332,-0.014166991947666796
3.1826749349993406,-0.01709652373945854,-0.020044431624112773,1.4243411460474042,0.004405233426555195,0.019416738087454703,0.12112204823937554,0.00027408010791074203,-0.0038560399408538327,0.001993726791585629,0.0,0.0,1.5,0.0801144964692896,10635.000987174986,10642.836999534898,10665.83796407362,10655.00952420387,0.0,0.0,0.0,0.0,0.0,0.0,nan,0,-0.015828599750592694,-0.01608133398877313,-0.019249410032198266
3.193219279999539,-0.023947631896102984,-0.00011173988771845042,1.4237517966713704,0.016645226015644478,0.007716753359941511,0.10094268112422336,0.000716050323645495,-0.003318225158297821,-0.0019831618234695428,0.0,0.0,1.5,0.0799205234597334,10664.585010028783,10681.992712217256,10701.810168607353,10687.01456606012,0.0,0.0,0.0,0.0,0.0,0.0,nan,0,-0.022679914383284296,0.00376879464683482,-0.02129089165809983
3.203631829999722,-0.0026453962854113815,0.00804695208593335,1.4432886198981754,-0.018332022917598747,0.04237568210262544,0.1565811028530646,0.0037769970718506056,0.0004055769577498089,-0.0023368893606187328,0.0,0.0,1.5,0.05734049347916189,10705.104309369457,10723.783284291918,10740.879688074081,10722.712332146055,0.0,0.0,0.0,0.0,0.0,0.0,nan,0,-0.00137709256086907,0.011845580174196688,-0.0031844712657078666
3.214216808999481,-0.008977478123713222,-0.004347129363739464,1.4208549146996547,0.0056465763461426444,0.006306440146814613,0.12622340873057653,0.00452469412892816,-0.00021213820337571002,0.007051730878957284,0.0,0.0,1.5,0.07977115502715103,10705.104309369457,10723.783284291918,10740.879688074081,10722.712332146055,0.0,0.0,0.0,0.0,0.0,0.0,nan,0,-0.007707793522338145,-0.0006296514637875467,-0.02702744714452665
3.2248663699992903,0.007914545726246879,0.004513456349924205,1.425693922347397,0.015149546925850297,0.0018427801664576983,0.17954020557436218,0.0019999750767966894,-0.0025551367339162285,0.003372359847453321,0.0,0.0,1.5,0.07486257074393178,10684.034263271806,10704.92536259789,10704.42391468188,10687.135638986701,0.0,0.0,0.0,0.0,0.0,0.0,nan,0,0.009186394305377897,0.008150631693675327,-0.02357307002364828
3.235192284999357,0.004322565830583233,-0.006425011796049402,1.4599167229266896,0.012145157449859844,0.03461043855831988,0.12291078662990595,-0.0012487522867983458,-0.00018526492865202673,-0.0018367808041351867,0.0,0.0,1.5,0.04082443450771694,10665.573084668013,10676.56055661194,10677.604273388004,10674.68911312157,0.0,0.0,0.0,0.0,0.0,0.0,nan,0,0.0055973419124975,-0.0028671987081497503,0.009290449987507277
3.245659864999652,0.001853210704779279,0.008613048987018928,1.4318676080079926,-0.020958686655390135,0.01429133267956375,0.08332648876433191,-0.0019589666597258425,-0.005584513018053619,-0.00025963232176813247,0.0,0.0,1.5,0.06869964949926344,10665.573084668013,10676.56055661194,10677.604273388004,10674.68911312157,0.0,0.0,0.0,0.0,0.0,0.0,nan,0,0.003131650320555255,0.012092529320566696,-0.020090060197887505
3.256188256999849,-0.011843364598093783,-0.003937952247197246,1.4297310482715686,0.012416928775164012,-0.037287696842933725,0.08546704136864684,0.00048285423817238135,-0.0001707600756110483,0.0020570451401293105,0.0,0.0,1.5,0.07136874897262252,10713.809741028026,10725.420910540597,10715.322954340625,10706.240197488394,0.0,0.0,0.0,0.0,0.0,0.0,nan,0,-0.01056054975851935,-0.0005356791463138476,-0.023534078791980884
3.2667448309994143,0.010814089730744757,-0.012741772044951045,1.456018119991142,0.0268126555813848,0.02896957245575337,0.10600303247224296,-0.00165556137672517,0.000727893868024663,0.001093192645677153,0.0,0.0,1.5,0.04705000595816841,10739.699071142333,10748.038335536703,10759.84006516057,10756.008002397692,0.0,0.0,0.0,0.0,0.0,0.0,nan,0,0.012101967043517693,-0.009415476805728138,0.0014618972716282652
3.2773691689999396,0.0051378995883289294,-0.002600519898468086,1.451441659926267,-0.013606992677559653,-0.012848588167270547,0.13545021162650683,0.0006368189196929371,-0.001503849487259203,-0.0011678977920322833,0.0,0.0,1.5,0.04889860025234248,10739.24797136778,10729.37318330264,10732.82232418641,10747.399944316872,0.0,0.0,0.0,0.0,0.0,0.0,nan,0,0.006431494086880238,0.0006511228030365987,-0.004391097507611352
3.2876276959996176,-0.02206287622404678,0.0014917027976516133,1.420311897625424,0.002031945745355207,0.015718044799789672,0.1313538451350592,0.003227795097018488,9.956064774728275e-05,-0.00043646084293097627,0.0,0.0,1.5,0.08269939144017338,10739.24797136778,10729.37318330264,10732.82232418641,10747.399944316872,0.0,0.0,0.0,0.0,0.0,0.0,nan,0,-0.020762944452556584,0.0046701018315892405,-0.03677918384280443
3.2983452889993714,-0.009714924078231917,0.003988503418715072,1.4385819967992686,0.01575680393968086,0.025721475381408232,0.08180724492688234,0.0006527449942451406,-0.002382069170431305,0.00925353137591016,0.0,0.0,1.5,0.06230938152904399,10717.01719885109,10721.246592732388,10730.2649019546,10728.350975244955,0.0,0.0,0.0,0.0,0.0,0.0,nan,0,-0.008408064026334167,0.00709514921206243,-0.019748189013166773
3.3090437849996306,0.006985958701873384,0.0013772133492745762,1.4474776417476118,0.024240897522451,-0.02278877352885481,0.09041421662176917,0.0034358829894013195,-0.00019880369224374914,0.0038491485190083,0.0,0.0,1.5,0.05300281550998878,10747.903075283886,10756.784768535066,10748.327971675175,10753.493706483892,0.0,0.0,0.0,0.0,0.0,0.0,nan,0,0.008300312121407631,0.004413679144497221,-0.012076164321902061
3.319187360999422,-0.003492746031572154,-0.006329655278180163,1.4640509614878277,0.034389442722357444,-0.003981586938011966,0.13483966843455455,0.004236247346608407,-0.000853840572435315,0.004389110460280473,0.0,0.0,1.5,0.036668749375064695,10751.506081633883,10747.939564683838,10754.699924867316,10773.250323408472,0.0,0.0,0.0,0.0,0.0,0.0,nan,0,-0.002170361666301712,-0.003361716991775626,0.0032861578866412167
3.3296185250001145,-0.0031047475233574096,-0.0010988474071479898,1.44677424140004,-0.004352829044980423,0.011769468778430997,0.15820146845593497,0.0015733082171906405,-0.0013830516324244695,-0.007286418207096591,0.0,0.0,1.5,0.053327556678974236,10706.877059736036,10696.550547968924,10710.796481197222,10738.454491350418,0.0,0.0,0.0,0.0,0.0,0.0,nan,0,-0.00177382306142454,0.0018022802436782098,-0.015185301554827113
3.3402913419995457,0.01275601541592565,0.00046936164725401575,1.4947893662071983,-0.00805089815668203,0.0038043976141127716,0.06391114869087895,0.0006881524404694427,0.00027623674532062365,0.003259239223276896,0.0,0.0,1.5,0.013787201825241163,10677.469141832404,10669.46534901731,10684.130755837308,10695.619131328102,0.0,0.0,0.0,0.0,0.0,0.0,nan,0,0.01409596684475959,0.0033054444714225905,0.03165803787919241
3.350545524000154,-0.008597663114895838,-0.008068913435023856,1.4723163786376177,0.029084859256654227,0.008064623305153692,0.1215507553672182,-0.0006748057795906314,0.000323621897871256,0.0038416990851052766,0.0,0.0,1.5,0.030090032681851654,10677.469141832404,10669.46534901731,10684.130755837308,10695.619131328102,0.0,0.0,0.0,0.0,0.0,0.0,nan,0,-0.007248210709674954,-0.005296064184369176,0.008038996801018161
3.361266146000162,-0.010234150718578985,-0.007718667549709244,1.4605817107588406,0.011594915703831647,-0.017164716801849573,0.139169451109422,0.0012095803068923742,0.00025259999558655314,-0.000461471843972636,0.0,0.0,1.5,0.04145017727794695,10660.86178171336,10649.303858237407,10655.73238244693,10675.408270885535,0.0,0.0,0.0,0.0,0.0,0.0,nan,0,-0.00887473061777648,-0.005007201655537101,-0.004814024352515878
3.37165123900013,0.0033103460290971106,-0.006794642729785133,1.460241023002575,0.014561539224178867,-0.006055677604888274,0.04789662022038781,-0.0002903842575316311,-0.0008450181471736852,-0.006711647789329494,0.0,0.0,1.5,0.04047099964838458,10660.86178171336,10649.303858237407,10655.73238244693,10675.408270885535,0.0,0.0,0.0,0.0,0.0,0.0,nan,0,0.004680198969947131,-0.004142679934753048,-0.006242134677012734
3.382106944000043,-0.0009835424725853194,-0.014035655019295793,1.4789147399697624,-0.006969945259383105,-0.002351240131248141,0.08421327112750816,0.002682249892097952,-0.002200237401898509,-0.002048371355460054,0.0,0.0,1.5,0.025348671723756988,10695.034788971789,10679.691492038492,10703.575870052968,10713.2667550977,0.0,0.0,0.0,0.0,0.0,0.0,nan,0,0.00039721709830856165,-0.011441279889607123,0.011371457517089345
3.393170067999563,0.007474347969776819,-0.00574169284808149,1.492361103394189,-0.04453365250701071,0.005449311959137104,0.13310602045888192,0.0017763329082492304,-0.0017833680846374084,0.00025665381541892533,0.0,0.0,1.5,0.012132009548681011,10684.392523807146,10678.234684068113,10704.959741151513,10704.324222755224,0.0,0.0,0.0,0.0,0.0,0.0,nan,0,0.008866502947057495,-0.0032029643713073143,0.023780840947722037
3.4033126779995655,0.0023132449071335257,-0.005192938934043918,1.4696824903282546,-0.024579399306186155,-0.025362316512859643,0.14569930405220044,0.0036930862342384042,0.0005674914116772097,-0.008826096481704961,0.0,0.0,1.5,0.030845892910879795,10624.270066169202,10638.259222871995,10660.396263141582,10642.963117874753,0.0,0.0,0.0,0.0,0.0,0.0,nan,0,0.0037172976911785346,-0.0027079205678284084,9.360003819414153e-05
3.413688011999511,0.0015084130778837703,-0.001720828717704544,1.4862366510337481,0.014726908892256625,-0.003218639579649556,0.07811178446481944,0.001049093939883691,-9.874185562131346e-05,-0.003030326503181165,0.0,0.0,1.5,0.013952287850242832,10624.270066169202,10638.259222871995,10660.396263141582,10642.963117874753,0.0,0.0,0.0,0.0,0.0,0.0,nan,0,0.002924875371902829,0.0007123974226846516,0.015674120603904607
3.4240994889996728,0.006108234714363193,0.012472081896100001,1.4863776426885753,0.008088789996524064,0.008298107655622436,0.09482898642019938,0.002789487535956652,-0.002640673374843693,0.005541024587418116,0.0,0.0,1.5,0.01945332816946506,10620.057080626504,10621.452564416775,10652.117269460141,10636.962819791537,0.0,0.0,0.0,0.0,0.0,0.0,nan,0,0.007537622093702468,0.014855414100882224,0.01487708187690151
3.4346079749993805,-0.003739377280544966,0.001491589986209196,1.4525801102232825,0.02586710597867182,-0.013575288538530877,0.11364716215739783,0.004098596947221536,0.0012858450264792048,-0.001736511477885588,0.0,0.0,1.5,0.047590479400498306,10620.057080626504,10621.452564416775,10652.117269460141,10636.962819791537,0.0,0.0,0.0,0.0,0.0,0.0,nan,0,-0.0022965512584827985,0.0038268972230136897,-0.019824096813450653
3.445202070999585,-0.012689571999330204,-0.008883853208334142,1.4657070904090586,-0.020512140661310095,-0.015372668598280109,0.04246186651851717,0.000321226383224629,-4.8819822256052846e-05,0.004997535310315177,0.0,0.0,1.5,0.03762913410598094,10624.905553761042,10626.080482832258,10639.745336906504,10635.535639348418,0.0,0.0,0.0,0.0,0.0,0.0,nan,0,-0.011232798338469121,-0.006594739832528825,-0.007567970631864762
3.4555832519999967,0.009751252230166062,-0.0042877452833181475,1.4800829038702479,-0.022132080079956398,-0.0021409193518032803,0.09995272181763416,-0.0012422257852261049,1.933866653036498e-05,-0.005499919214742027,0.0,0.0,1.5,0.022586774845309864,10647.077930093365,10637.12263100747,10654.5893055859,10659.319642263199,0.0,0.0,0.0,0.0,0.0,0.0,nan,0,0.011222481423828454,-0.0020430310117407254,0.005963497266398221
3.4660649639999974,-0.004831755939832206,-0.017383439263035,1.4833932918464237,-0.01402666507992456,0.008239630069699242,0.048424983417087245,0.001177227587219572,-0.004733414410765263,-0.0021614389930961486,0.0,0.0,1.5,0.02452167575374468,10673.252201579622,10681.642043629821,10693.484238588522,10681.310746307223,0.0,0.0,0.0,0.0,0.0,0.0,nan,0,-0.0033455665836170613,-0.015181380618078555,0.00845334943988263
3.4765417879998495,0.002423391797160674,-0.008756009184740635,1.4679391190025035,0.031834780253983806,0.008537908861194833,0.011594128804200445,0.0028083762600369117,-0.003675966188621895,0.003995174503361195,0.0,0.0,1.5,0.03332327437364821,10690.642988200094,10706.84377466239,10718.467265029803,10696.304448115134,0.0,0.0,0.0,0.0,0.0,0.0,nan,0,0.003925037037036402,-0.006594925158654586,-0.007797947640184599
3.4871671470000365,-0.00036480518193292765,0.005807224884677678,1.4701144731129265,0.005828374255035047,0.0020979449796063574,0.06972450919533398,-0.003420182627174511,0.0030020048493326424,-1.175142833532868e-05,0.0,0.0,1.5,0.030446701972462895,10690.642988200094,10706.84377466239,10718.467265029803,10696.304448115134,0.0,0.0,0.0,0.0,0.0,0.0,nan,0,0.0011527769256383135,0.007928954265253366,-0.006400455551638151
3.4976075839995246,-0.01027328073386455,-0.008010187320639708,1.4929474274733663,-0.020633272855950267,0.013897964130082858,0.018323347858511457,-0.0017684814858926244,0.00454299319349635,-0.001366154211825072,0.0,0.0,1.5,0.014813580836244773,10743.00150894904,10745.891410010621,10740.977380296215,10736.463923950598,0.0,0.0,0.0,0.0,0.0,0.0,nan,0,-0.008739304888973383,-0.005926257448164097,0.015669495782934417
3.508201153999835,-0.004318711833500762,-0.005560232111053871,1.4700247315027788,-0.004016042757625416,0.0038507936053542857,0.0888352717813035,-0.0015403216622628918,-0.0003469891887707961,-0.002417424756600427,0.0,0.0,1.5,0.030790975536837354,10759.675720901745,10767.944176237892,10756.185041942355,10747.200580179167,0.0,0.0,0.0,0.0,0.0,0.0,nan,0,-0.0027679157219264085,-0.0035126161537641877,-0.008003028871595097
3.5185461189994385,-0.007314170363062878,0.0015413442693739039,1.4974354345340555,-0.004516741281087813,-0.046007446341625874,0.1503526917310442,0.001701198685846848,0.0025012313882924273,-4.30142134634711e-05,0.0,0.0,1.5,0.007902520248993633,10743.293284334544,10750.104503752993,10741.3422443497,10729.45777566396,0.0,0.0,0.0,0.0,0.0,0.0,nan,0,-0.005746162016566234,0.0035540641619480717,0.018671184235831806
3.5290105229996698,0.0018874404360738374,-0.01822899797170678,1.4781181070538931,-0.014271191979701064,0.02246830233648932,0.06037074934286162,0.003857219162720969,-0.0005477740864441843,0.0026696184201559533,0.0,0.0,1.5,0.02854253032506225,10652.940757600349,10656.368411325428,10666.837540471977,10657.791571557716,0.0,0.0,0.0,0.0,0.0,0.0,nan,0,0.003473010588687575,-0.016249830610202895,-0.0013601440936730214
3.5397529539995958,-0.00473218474235399,0.0030787157873302193,1.4728511037753493,-0.005201730670756938,0.01416668960698463,0.03958184050438766,0.004057911830827436,0.0022385318464702444,9.606719446468306e-05,0.0,0.0,1.5,0.0277296705633474,10675.966607330889,10684.458159834734,10688.561314292947,10680.660477868012,0.0,0.0,0.0,0.0,0.0,0.0,nan,0,-0.0031287475529246144,0.005025607387956381,-0.007313812297075506
3.550048178999532,-0.004085910541388357,-0.002269011427910388,1.4754481871891365,0.027941419255761185,0.01606319626262809,0.03661933727671174,0.0008572194778484259,-0.0014905375685389704,0.0013144678067192525,0.0,0.0,1.5,0.024992690733730477,10718.163285144998,10721.589465833053,10721.24655016628,10715.962873985167,0.0,0.0,0.0,0.0,0.0,0.0,nan,0,-0.00246434561085096,-0.00035317443727073106,-0.005381559355807086
3.5605772230001094,0.013116252370381977,-0.012134014307737386,1.4725176913570288,-0.01351715053569107,0.022413962510159383,0.05432834554950804,0.0014011673468234172,-0.0005589783210846513,-0.0021271860693924402,0.0,0.0,1.5,0.03278029389452534,10753.516778148442,10746.055099695724,10736.5015615061,10745.016155046691,0.0,0.0,0.0,0.0,0.0,0.0,nan,0,0.014756157832409167,-0.010248067520319662,-0.008960664776798355
3.5713813409993236,-0.019326212723175137,-0.004045664587983645,1.5040821028232692,0.019759561558586103,-0.019279160503048662,0.05439589232261918,9.950166209845527e-06,0.0005042131810978183,0.0057553308833552955,0.0,0.0,1.5,0.020162675012002335,10764.223150558384,10756.733167839497,10744.924852385047,10750.926805272527,0.0,0.0,0.0,0.0,0.0,0.0,nan,0,-0.017667801818945523,-0.0021885010742502425,0.021968268353333542
3.581540333999328,0.005745230392685125,-0.002019070539781598,1.5026926403414316,-0.005184009013800087,0.019455260835524648,0.042951963994183655,0.0027425101178550296,-0.002307945582220933,-0.0027863871594677324,0.0,0.0,1.5,0.006658425498415641,10734.811531912468,10729.60710773767,10723.281673709314,10735.067393381381,0.0,0.0,0.0,0.0,0.0,0.0,nan,0,0.007422266650474212,-0.00018964055168256316,0.01995788586287195
3.5921412959996815,-0.009013535808039782,0.014153320061575155,1.4823789489147312,0.040806251848477776,-0.013828322554043452,0.026894958141449026,-0.0012331453725364105,0.0013663166173582177,-0.0016374550257587431,0.0,0.0,1.5,0.02433231879369193,10729.91200665192,10725.324548151806,10715.472523313143,10722.486954580838,0.0,0.0,0.0,0.0,0.0,0.0,nan,0,-0.0073177952897215326,0.01595601200496881,-0.000959455413000132
3.602402112999698,0.0005888077514618756,-0.009451384996940737,1.4878141617722749,-0.008501150949743672,0.03687519918134816,0.042445697445797834,0.0022467748345246104,0.0040472663524230125,0.002742335028265969,0.0,0.0,1.5,0.01543275821883,10761.925655439652,10742.835218068763,10736.058617921546,10753.324823386301,0.0,0.0,0.0,0.0,0.0,0.0,nan,0,0.002303294831386157,-0.007674482026760224,0.0038876418380806577
3.613167531999352,-0.019568411943191023,-0.007670796538645573,1.488839355286409,-0.004905036500864983,-0.0032662661943258543,0.024474091833193476,0.0011020421417982154,0.0046966871438688705,0.005386628704368053,0.0,0.0,1.5,0.023797559873624127,10765.433977588717,10750.827750813984,10734.587943869814,10751.080791048982,0.0,0.0,0.0,0.0,0.0,0.0,nan,0,-0.017835166255945455,-0.00591877502344319,0.004337887304264987
3.6235120769997593,0.002928184340559257,0.0062126066876400194,1.4848824871725068,-0.011367298474672351,0.02183226774981054,0.10921194153417442,-0.002271397337540153,0.002207584923956744,0.000640963850750193,0.0,0.0,1.5,0.016604515635122483,10769.754357831716,10764.485520121498,10753.947252020493,10766.512515544911,0.0,0.0,0.0,0.0,0.0,0.0,nan,0,0.004680178829757597,0.007940617650830284,-0.00018217373241924406
3.633910673000173,-0.007949858491636435,-0.0022471201003238478,1.4859782902790004,-0.016482208417879732,-0.021481900161306685,0.02057437627091851,-0.0005817607650881994,0.0022706856121372876,0.0004683199000702592,0.0,0.0,1.5,0.016274462887674594,10769.754357831716,10764.485520121498,10753.947252020493,10766.512515544911,0.0,0.0,0.0,0.0,0.0,0.0,nan,0,-0.0061791404164571635,-0.0005422835033661766,0.00036546612183308014
3.6447347599996647,-0.0027481828488926576,-0.017569886236640863,1.5096112613938604,0.0049879017769037534,0.007172700757467037,0.10250219921284996,-0.002605974785237945,0.0005315869134809237,0.0008673972112467907,0.0,0.0,1.5,0.020214592672635295,10746.952074397079,10749.399967748355,10740.979066516991,10741.717143352134,0.0,0.0,0.0,0.0,0.0,0.0,nan,0,-0.0009587778457844525,-0.015887413571373424,0.023466716430434076
3.65527875799944,0.019686239890069266,0.0030121863815041425,1.4870428181166062,0.008723784520624197,0.022661659340736832,0.01521743305311044,0.0016066360796184937,0.0003675270472769627,0.004379713574491692,0.0,0.0,1.5,0.02375941645254827,10686.811632651103,10687.321663736018,10679.863898496687,10682.424584560265,0.0,0.0,0.0,0.0,0.0,0.0,nan,0,0.021494285333623554,0.004673085409094703,0.0003862293288163787
3.6656335970001237,-0.005027254904405392,0.019955825673246785,1.4970037848754485,0.03296498382765777,0.008393575308842034,0.012623871508845903,0.0029194155677021946,0.0010857989851034565,0.0052925500837256514,0.0,0.0,1.5,0.02079628753521827,10735.210972270506,10725.203630240245,10711.17351930501,10725.550966398272,0.0,0.0,0.0,0.0,0.0,0.0,nan,0,-0.00320062502425164,0.021595926311970697,0.009856281774770936
3.6765181609998763,0.003206600625297016,0.008654155984190434,1.4856619183412565,-0.025822903360986704,0.01565888602189144,0.052991275612071786,0.0063850592389669706,-0.0016061557792215269,-0.00010802724051790628,0.0,0.0,1.5,0.017051606640479697,10761.29861010979,10744.655208757355,10724.672897574575,10751.697634680233,0.0,0.0,0.0,0.0,0.0,0.0,nan,0,0.005051752764893701,0.010274228686205401,-0.0019608298507574062
3.6867579359995943,-0.008527102276507196,0.004281610044817381,1.5144172556323625,-0.012170260130495167,0.02815259627473731,0.06981580276647001,0.0039857899701831005,-0.0011361415194975093,-0.006475483368577248,0.0,0.0,1.5,0.01728875119199718,10763.982486587995,10752.923677011506,10733.686268966085,10754.032332645162,0.0,0.0,0.0,0.0,0.0,0.0,nan,0,-0.006663487193706216,0.005882425277057398,0.02633209206873688
3.6971372879997944,-0.01763682178396883,-0.02316497983459283,1.5018098411076297,0.016624476204841494,-0.01172657779305916,0.043216538542178676,-0.0011080384469390435,-0.00018713950448565416,-0.0015785841092823272,0.0,0.0,1.5,0.029171035261221643,10763.982486587995,10752.923677011506,10733.686268966085,10754.032332645162,0.0,0.0,0.0,0.0,0.0,0.0,nan,0,-0.01575478916693366,-0.021582649097226306,0.013279160251366218
3.7073163449995263,0.0021021498258659227,0.008449954307226903,1.4877265594569786,0.009540634076802907,-0.008792506827626884,0.03905722124010918,-0.0031903472030341846,0.0021377306936123035,0.0025129429305368206,0.0,0.0,1.5,0.015048524992426714,10717.654390951671,10715.664743633362,10698.542939984603,10698.41763343545,0.0,0.0,0.0,0.0,0.0,0.0,nan,0,0.004002572857377037,0.010014584486948912,-0.0012289796093714056
3.7179588760000115,-0.013567248272776203,0.00023374243787127147,1.4634814747099327,0.017585834316654884,0.012462614991572698,-0.014316405206796202,-0.0002917453220127906,0.0010566949244804522,3.492949454743901e-06,0.0,0.0,1.5,0.03895802292960583,10707.779756447366,10706.80209453911,10708.754837405018,10706.241234800224,0.0,0.0,0.0,0.0,0.0,0.0,nan,0,-0.011648443495757544,0.0017814756096957236,-0.025879764598608634
3.7285942569997133,-0.010302419474698109,0.00040540554071316886,1.4795977608186173,-0.020499992898442072,0.05400631956198148,0.027839291446909248,0.0012392095383143152,-0.0004436654309830869,-0.009511738939481977,0.0,0.0,1.5,0.02285947427871928,10798.824668215295,10795.887528774787,10790.324945378832,10795.37858229466,0.0,0.0,0.0,0.0,0.0,0.0,nan,0,-0.008365221965052058,0.0019370708431329842,-0.010158133300657068
3.738935372999549,0.007031458546877414,-0.0012009332950442062,1.502352548904795,-0.023149448989971868,0.010298889661780759,0.08582983966230233,-3.9875456223715294e-05,-0.0003195159188765571,-0.004550617921983491,0.0,0.0,1.5,0.007511200731244886,10798.824668215295,10795.887528774787,10790.324945378832,10795.37858229466,0.0,0.0,0.0,0.0,0.0,0.0,nan,0,0.008987081530469043,0.000315519547095307,0.012206208444568212
3.749686174999624,0.018418926702299606,-0.01790963333401762,1.4877842386585924,-0.007100899836101401,0.015213033562318075,0.02802269653467285,-2.8597144376732633e-05,0.0013078660088402603,-0.0036537173988864077,0.0,0.0,1.5,0.028447085126140217,10780.172272206853,10788.51726889921,10773.643203955204,10748.83239400927,0.0,0.0,0.0,0.0,0.0,0.0,nan,0,0.02039302773932212,-0.01640751062593424,-0.002747856067021104
3.760218026000075,-0.007065758454105862,-0.0039052024503064614,1.4733583966905779,0.04458329426679933,0.023407432323067662,0.03080721892652388,0.0016919620634559254,-0.003127530442577619,-0.0050330817975801235,0.0,0.0,1.5,0.027837934111680403,10785.12646114427,10785.213778480505,10778.41081095289,10763.71746362734,0.0,0.0,0.0,0.0,0.0,0.0,nan,0,-0.0050731140726835,-0.0024164915381089834,-0.017551077235888224
3.7705065219997778,-0.0007536866017011316,-0.013983108721960739,1.5159175059458592,-0.012120964417564318,-0.042320362620930294,0.047483191918423706,0.0021347426832382956,0.002730718467207517,0.002669746295848713,0.0,0.0,1.5,0.021200527553818568,10806.7476732167,10793.425267073004,10787.894249024877,10785.828000891699,0.0,0.0,0.0,0.0,0.0,0.0,nan,0,0.0012575735389441282,-0.012506840302233008,0.024637118535147717
3.7808529269996143,0.008650983894191892,0.004737665694594348,1.4915840722512232,-0.014666285951216397,-0.010264061594868132,0.002025542015325816,0.0008474491207555589,0.002660963387862694,-0.0038259459760124057,0.0,0.0,1.5,0.012965833503633084,10806.7476732167,10793.425267073004,10787.894249024877,10785.828000891699,0.0,0.0,0.0,0.0,0.0,0.0,nan,0,0.010680938376719951,0.006202514099780341,-5.823781728198085e-05
3.7915398039995125,-0.02625226076660149,0.01222616580261144,1.4713952256794485,0.003495566253355417,0.02378173737442972,0.0234574985622354,0.0029931913391446794,-0.0014841239954235417,0.005112275275894286,0.0,0.0,1.5,0.04070495595772428,10770.538800248096,10766.279086576167,10790.285862644103,10785.956276149456,0.0,0.0,0.0,0.0,0.0,0.0,nan,0,-0.024203525348889917,0.013680669645834148,-0.020598898992566284
3.801897082999858,-0.0014161900686523068,0.009427618628036075,1.4745362056164146,0.015825951108564065,-0.03841266054305378,0.06996045139965162,0.0005496164632808235,-0.0013075793066818023,-0.003935735166945724,0.0,0.0,1.5,0.027189895397293388,10792.425681485622,10802.65665963296,10808.93611401502,10798.399115864488,0.0,0.0,0.0,0.0,0.0,0.0,nan,0,0.0006514217808803882,0.010872903072512654,-0.01780396481113411
3.812413951000053,-0.0036345358260157475,0.013345527404532013,1.4413813538233227,0.0061567272015689905,0.016667437720126334,-0.012395902947000317,0.0023303835403259113,-0.001612430823101171,0.0034698142848060493,0.0,0.0,1.5,0.06022838726017986,10770.287971791084,10772.835491992702,10793.180089644975,10787.219771659378,0.0,0.0,0.0,0.0,0.0,0.0,nan,0,-0.0015479462904272197,0.014782755614726731,-0.05129917439774023
3.822943741999552,0.00027666562751463243,-0.007323927151638352,1.5027293181982542,0.021715412264633548,0.010882258738019599,0.017681074546399833,0.002805229447977648,0.0010896602725500829,0.0007652599430727343,0.0,0.0,1.5,0.007820845901772705,10847.95703860094,10854.011524149033,10861.150050421258,10857.884406567706,0.0,0.0,0.0,0.0,0.0,0.0,nan,0,0.0023823367876387486,-0.005893554268781635,0.009708811101173387
3.8338110129998313,-0.001288036865582427,0.00014686251904969016,1.4828535290614642,0.030137617971444944,0.010936741706204012,0.013301238457419628,-0.0020916987527059734,-0.0005570503566358886,0.004710425692000091,0.0,0.0,1.5,0.017195408492171823,10827.633991835666,10823.796888166191,10831.228280491538,10839.04505130526,0.0,0.0,0.0,0.0,0.0,0.0,nan,0,0.0008368201193663931,0.00157161038037511,-0.01051069341004629
3.84397174500009,0.0018056488620188577,-0.008050934461507326,1.4889505800680027,0.005322190216617716,-0.03569573879312508,0.021695969271205862,0.00036563999601347755,0.002109211547270776,-0.0029859186774903327,0.0,0.0,1.5,0.013790126698113206,10838.283912151457,10828.17190888708,10827.222494179752,10843.951613169605,0.0,0.0,0.0,0.0,0.0,0.0,nan,0,0.003949795997120502,-0.00663056402184942,-0.004759308449442612
3.854554198999722,0.009751493684913697,-0.009630071010331073,1.492344663155373,-0.003510894511920007,0.002246667371175119,-0.0010080900033021352,-0.0007426738089798166,0.0021664237510164654,0.001853636105323902,0.0,0.0,1.5,0.01569821897399941,10822.855653519366,10810.009894767645,10827.670411038795,10841.988582431479,0.0,0.0,0.0,0.0,0.0,0.0,nan,0,0.011915040631014713,-0.008212814919445557,-0.0017123582769027479
3.8648779429995557,0.0021495044978316544,-0.006120916227722927,1.5044872035180012,0.02905331211473216,0.006180718052463074,0.008295136813639501,-0.0012512686622894495,-0.0009390189495357823,-0.0026258607904144165,0.0,0.0,1.5,0.007888027666341134,10830.139341308704,10818.789152133324,10831.765195619826,10847.81869252876,0.0,0.0,0.0,0.0,0.0,0.0,nan,0,0.004332573405639066,-0.004705501282077697,0.010081731897029433
3.8753945259995817,0.008721366715385946,0.010186812861785336,1.5038559113392458,0.01218359153269907,-0.013072035582582443,-0.0020973105924226975,0.0009840668220611837,0.0007221565636445955,0.0012742015616848152,0.0,0.0,1.5,0.013953545998111062,10823.100671304983,10804.247641216585,10814.291913535593,10833.760928411406,0.0,0.0,0.0,0.0,0.0,0.0,nan,0,0.01092409950916223,0.011601660604538837,0.009101362533225021
3.88605871999971,-0.006910654955061109,-0.004624255566485109,1.522408137051756,-0.0011764211831430155,-0.028461352280949016,0.045998939833035546,-7.065046863865528e-05,-0.0026523776674906283,5.48731902786488e-05,0.0,0.0,1.5,0.023901161009088154,10822.343975321975,10801.86230161577,10812.020774445127,10832.818187288449,0.0,0.0,0.0,0.0,0.0,0.0,nan,0,-0.004688087876634532,-0.003208708013145486,0.027305188056086394
3.8964530039993406,-0.006544734891538998,-0.017856552210570743,1.482601894266237,-0.006728278818177005,0.005670814093726353,-0.014754450428012936,0.0031972266628749707,-1.8635830054297167e-05,0.0024918930515361224,0.0,0.0,1.5,0.025775649259961765,10758.048334789692,10752.11831712078,10769.881828193915,10777.503701363192,0.0,0.0,0.0,0.0,0.0,0.0,nan,0,-0.004302125396153012,-0.016439055348971818,-0.01284365866310555
3.907129017999978,-0.011113456653780125,-0.0005128162719881803,1.5193658142407758,-0.038862474358670906,-0.010580860244015382,0.013436141278383665,0.002885056721490293,0.0005581382338521758,0.001686797972105658,0.0,0.0,1.5,0.022333979952809557,10756.482074928692,10761.357807770233,10781.788981340871,10780.590500816315,0.0,0.0,0.0,0.0,0.0,0.0,nan,0,-0.00885055259608437,0.0009078528519261589,0.02358962110374252
3.9175175869995655,-0.001524288442175379,0.01502566855730914,1.491643945929192,-0.005053123994536176,-0.023285470656458966,0.049154779860787666,0.0009418118157431888,-0.0026863582235339013,0.0018362776133954682,0.0,0.0,1.5,0.01726029578203474,10731.73328178594,10758.252104353303,10778.69416101384,10758.001968055072,0.0,0.0,0.0,0.0,0.0,0.0,nan,0,0.0007592087349423606,0.016450705108492912,-0.004452288153734996
3.927963076999731,-0.025448875158663176,-0.007030142391690984,1.49624046712225,0.026397326415023903,0.03605832118888702,0.03939663933433346,0.00014145865849440854,-0.0015456087445038392,-0.010892341907796046,0.0,0.0,1.5,0.026668375210116523,10723.6120151083,10751.324616923146,10769.633481364386,10747.381087930704,0.0,0.0,0.0,0.0,0.0,0.0,nan,0,-0.023144448056452854,-0.005599587020574943,-0.0001632435453207126
3.9385840830000234,-0.0060651090498394815,0.004841384301723477,1.4770432260335205,0.019800770642399153,-0.0065755145629623,0.02580792348550943,-0.00032688745469254175,0.001589793810992016,-0.0018669876498338615,0.0,0.0,1.5,0.02423299446398345,10735.987721395542,10749.825027709076,10757.979211991566,10733.424237927844,0.0,0.0,0.0,0.0,0.0,0.0,nan,0,-0.0037393891568351344,0.006278556077949193,-0.01965430743853247
3.9490283389995966,-0.0023321432356032557,-0.002548101804633029,1.5180789214616637,-0.0053518038579402705,-0.00010874287391202597,-0.038965202281472926,-0.0031557796657475734,0.0011217416511985195,0.0063569685346230725,0.0,0.0,1.5,0.01840595327863101,10768.429341618239,10769.778474696328,10775.370471431255,10763.889375262997,0.0,0.0,0.0,0.0,0.0,0.0,nan,0,1.5248281668615339e-05,-0.0011032723902931689,0.021099179023961856
3.9595534709997082,0.005953409106540888,0.0030649851962273973,1.5007029338702922,0.009003291539236019,-0.034383539405061045,0.043477183586163586,0.0005927780068585837,-0.002992780681596583,-0.0016967749705777257,0.0,0.0,1.5,0.006732854540901729,10768.429341618239,10769.778474696328,10775.370471431255,10763.889375262997,0.0,0.0,0.0,0.0,0.0,0.0,nan,0,0.008322861370580768,0.004518458477257343,0.0034480734777460054
3.9698323129996425,-0.0013313307940395966,-0.02023709154612059,1.480372477656264,0.002503923127590059,0.005318680938233825,0.05190478609994367,0.0007303994981034787,-0.0013610390735279362,0.0017406404620065267,0.0,0.0,1.5,0.028223251926081862,10791.793947851424,10800.482937085375,10795.414828901814,10789.81012371107,0.0,0.0,0.0,0.0,0.0,0.0,nan,0,0.001060576048184196,-0.018774047371871744,-0.017150327429695134
3.9803929780000544,0.0010767233491342184,-0.019102572339947447,1.520127862972978,0.00967891033567549,0.0037095534245205476,-0.01934703487457878,-0.003668207441967144,-0.00032020054764963216,0.002190049945704107,0.0,0.0,1.5,0.02777046040368207,10760.449453213372,10764.617062304113,10772.049155241446,10769.102949963415,0.0,0.0,0.0,0.0,0.0,0.0,nan,0,0.0034914796276353495,-0.01762909271031802,0.02234671936093191
3.9909744649994536,-0.009557028912342036,-0.004346050160630019,1.4965005248984637,0.021877777995340447,-0.011150694025666645,0.015345418778614896,0.004163020133031143,-0.0013327242026973214,-0.0031116895213927774,0.0,0.0,1.5,0.011066674279851467,10773.31874203549,10775.32076809284,10776.776859582915,10781.30280991773,0.0,0.0,0.0,0.0,0.0,0.0,nan,0,-0.007119027803580803,-0.002861333868495873,-0.0015299703326077108
4.001316610999311,0.0024956599318386335,0.003188428353403057,1.5029312214623143,-0.00041674950841248204,-0.013414652526898156,0.11064112437531073,0.0029926609454222217,-0.0007727234169614233,-0.0017712479692276835,0.0,0.0,1.5,0.0049986451285624605,10777.525751862746,10775.077640350119,10785.11510890916,10788.817053471757,0.0,0.0,0.0,0.0,0.0,0.0,nan,0,0.004957301579216452,0.004685116323257633,0.004659015259000698
4.01338331199986,-0.0051074332408320225,0.01932687699875703,1.4618835633460323,0.004361377260096009,-0.017929795173977782,0.0724241210151626,0.00020221433805335556,0.0008903780684644174,0.0020978591267428064,0.0,0.0,1.5,0.04304040882740975,10740.247231153455,10736.118094421423,10751.09342932289,10752.709883624693,0.0,0.0,0.0,0.0,0.0,0.0,nan,0,-0.0026217549224434016,0.020836199561141147,-0.03662166978158199
4.023509715999353,-0.0026984252816735018,0.002951529228586065,1.4779335866552104,-0.0014654558275263704,-0.016792284964365536,0.015209226142855164,0.0006225783981256616,-0.00023829098999062387,2.589608552357416e-05,0.0,0.0,1.5,0.02242586947458411,10716.596581324537,10713.748663881703,10725.985513492451,10726.974817257515,0.0,0.0,0.0,0.0,0.0,0.0,nan,0,-0.00018831548173195694,0.004474065940872687,-0.020786852457369775
4.034318049999456,0.00300395057018174,-0.015056150031262303,1.4957049391837505,-0.047837928316133156,-0.016568082111455943,0.05132906138396818,0.0010823040356542934,-0.0012011887641105664,0.00263957990418814,0.0,0.0,1.5,0.015942362441221096,10744.107197474415,10742.81317020495,10751.307020909235,10752.130593554475,0.0,0.0,0.0,0.0,0.0,0.0,nan,0,0.00553889103637828,-0.013519902616380338,-0.0032143992179665126
4.0443377029996554,-0.005168588669496066,0.018219190257198863,1.4869288038270732,0.010978203776597034,-0.02022867065586944,0.032840200105462784,-0.003483277307387627,0.0010326374347304503,0.001584373059254101,0.0,0.0,1.5,0.023011070636838923,10745.10571001212,10754.920732894956,10765.30430771365,10756.450290059645,0.0,0.0,0.0,0.0,0.0,0.0,nan,0,-0.0026084117276491113,0.01976955836487373,-0.012177961069140153
4.054009574999327,-0.006548695936361846,0.0033188886608203237,1.495848648360131,0.016139351092840846,0.0017800213901498013,-0.053508271704468625,-0.0041743665284221495,0.00015523369857084967,0.001799278441061352,0.0,0.0,1.5,0.008434106997642788,10759.690666001596,10763.913208853135,10765.629465021393,10763.0060226177,0.0,0.0,0.0,0.0,0.0,0.0,nan,0,-0.003962873165904933,0.004883694006354434,-0.003434352248249395
4.064231936999931,0.0047775230841684176,-0.025024725092752272,1.4918826258796225,0.018271854869939215,0.011649969621228077,0.036857155560926357,0.002818155923170949,-4.872363113010649e-05,0.0016313690337523084,0.0,0.0,1.5,0.026738611695407106,10759.690666001596,10763.913208853135,10765.629465021393,10763.0060226177,0.0,0.0,0.0,0.0,0.0,0.0,nan,0,0.007389404241204659,-0.02344526122443337,-0.007571503978224037
4.074838387999989,-0.00023959829523542437,-0.006534937572485374,1.484871377201835,-0.004277976377477246,0.0036454703343971216,0.008780309153990851,-0.0026002454326513945,-0.0017310729021711014,-0.004356416699732983,0.0,0.0,1.5,0.016481445452038505,10807.89354483975,10799.62838824089,10793.55634818635,10808.049527640744,0.0,0.0,0.0,0.0,0.0,0.0,nan,0,0.0023987557934296096,-0.004940688820139672,-0.01475203799952407
4.0853200490000745,-0.016381452460753468,0.012654420060501973,1.492413882175051,0.052908210391460264,-0.013748967947346627,-0.030215739600613176,0.0031852910766753287,0.00018331285690834,6.196041982939593e-05,0.0,0.0,1.5,0.0220462131769964,10821.63186259244,10817.905602613138,10808.9452796047,10813.653641632742,0.0,0.0,0.0,0.0,0.0,0.0,nan,0,-0.013716206805906031,0.014263487235436821,-0.00737662997619859
4.096364662999804,-0.0003039057290353136,-7.791905426355987e-05,1.4836844845551156,-0.038111693157494124,-0.025290224276765503,0.010496381105820532,-0.0008635204521856842,-0.00237666784336483,0.0007908183764117944,0.0,0.0,1.5,0.016318531622159498,10856.426264054757,10839.252872533007,10834.599971562293,10850.849070377972,0.0,0.0,0.0,0.0,0.0,0.0,nan,0,0.0023886603364926626,0.0015459104018184459,-0.01627489799286086
4.1062481829994795,0.0032721910642107724,-0.0035388403980536115,1.485364007281568,0.017021898922825032,-0.019343923565735322,0.057369873423038314,0.0005204645882279578,0.0014882238213798646,0.0007554605345299149,0.0,0.0,1.5,0.015409182605757967,10842.562271513127,10847.81708720089,10849.80157302763,10844.791158643946,0.0,0.0,0.0,0.0,0.0,0.0,nan,0,0.005992521492903306,-0.0019003913943827183,-0.014768696501259226
4.119633147999593,-0.017121318610372305,-0.005000906055505078,1.495178598265972,-0.005650314565606731,-0.02419518203984944,0.035659463074927455,0.0017822531165870344,-0.0030929355478492774,0.005662890301699246,0.0,0.0,1.5,0.01847686464243208,10810.690523161928,10807.229667966687,10812.947088843363,10818.243384288255,0.0,0.0,0.0,0.0,0.0,0.0,nan,0,-0.014372764586236444,-0.003348065136358872,-0.0051287481244046695
4.139106761999756,0.012836658575519045,0.0043253924206074195,1.5095733088902972,-0.0108802783797474,0.023729680672904267,-0.0014326116830374006,-0.003592602837287966,0.0006094078304655643,0.005750709943241099,0.0,0.0,1.5,0.016587256134928938,10762.551210305042,10777.604249977745,10789.927672426586,10785.682935866555,0.0,0.0,0.0,0.0,0.0,0.0,nan,0,0.015643098704761337,0.006005985535112264,0.008930824059090625
4.148803889999726,-0.008516458370372092,-0.0013565643288876502,1.490039622268507,-0.0014730071752210186,-0.0046328089543274855,0.0529274806520931,-6.922205715410344e-05,-0.0009578752848841103,-0.0009681600681515724,0.0,0.0,1.5,0.013174955578927458,10763.748929634068,10783.603803492762,10783.102662033009,10777.517890366604,0.0,0.0,0.0,0.0,0.0,0.0,nan,0,-0.005680322096296006,0.00033719988738979234,-0.010758961425478608
4.1592270470000585,-0.008488543876063327,-0.010966341290390005,1.5149408633172208,-0.002326494406485037,0.02234850255922087,-0.006171527782612636,0.0008804060754170881,-0.0007540028300313267,-0.005132284519837289,0.0,0.0,1.5,0.02038493107903577,10763.77077456455,10783.215419635362,10770.869430233917,10764.38914774186,0.0,0.0,0.0,0.0,0.0,0.0,nan,0,-0.005622193499594419,-0.009260015325294003,0.013994258396818005
4.169494525000118,0.0042020532462396145,0.005923978288742553,1.5035396202663343,-0.03022998893414469,0.0447300948167709,0.02199966662728829,-0.002672472581708188,-0.00042006474665895346,-0.001202837572672019,0.0,0.0,1.5,0.008079584264030557,10763.77077456455,10783.215419635362,10770.869430233917,10764.38914774186,0.0,0.0,0.0,0.0,0.0,0.0,nan,0,0.007099139214546326,0.007642151254853519,0.002453727742116829
4.179950216999714,0.0037456977141269434,0.001721312165708021,1.4493618830954893,0.018885863113453947,-0.008045936561798531,-0.008042509034116253,-0.0022689512876031535,-0.00478641821637424,-0.0011752865010249208,0.0,0.0,1.5,0.0508056301070297,10776.801686575995,10796.239215546088,10761.928238482818,10741.725079775744,0.0,0.0,0.0,0.0,0.0,0.0,nan,0,0.00667403747040398,0.003450517313793814,-0.05185440455148793
4.190779493999798,-0.005506756029952599,0.0068714460178074775,1.5176716417059937,-0.022684944003646117,0.014732774846288073,-0.049323079517485,0.001157777131794664,-0.0020506611754292554,-0.009362238771720313,0.0,0.0,1.5,0.019744063739110963,10845.396660349861,10855.15910796832,10828.110028593383,10817.251056964446,0.0,0.0,0.0,0.0,0.0,0.0,nan,0,-0.0025466530796418416,0.00861077547398699,0.016328018889645746
4.201160042000083,-0.0071156914332477905,0.0030908220914652043,1.5256636118062286,0.042877355971797024,0.01837560578384869,0.06098129785404611,-0.003234965630541971,-0.00010445595504694534,-0.0034625865677016046,0.0,0.0,1.5,0.026810580312911527,10857.825421828316,10870.466247023272,10848.751004282436,10823.327605322565,0.0,0.0,0.0,0.0,0.0,0.0,nan,0,-0.004123332123920723,0.00483928923160995,0.024188582726103247
4.211310570999558,-0.0003989731640635873,-0.01650304615724444,1.4980812531878234,-0.00847152149682638,-0.034225377108639064,0.018901351889049938,-0.0025543237616033865,0.0033849578085494566,0.00036548244558874,0.0,0.0,1.5,0.016619004223569513,10794.932769199035,10786.18565439788,10760.025520691088,10755.031548423747,0.0,0.0,0.0,0.0,0.0,0.0,nan,0,0.0026261050132182977,-0.014746478519959208,-0.003523255800117253
4.222287984999639,0.010497790858816532,0.005402086770820286,1.523039457487398,-0.06017571739438642,-0.010422991006748943,0.029801359097897686,0.001356481913783307,-0.00516655139541303,-0.0030152560355445456,0.0,0.0,1.5,0.025888274483026923,10767.940619253686,10753.524038233221,10737.375151385506,10741.124135732309,0.0,0.0,0.0,0.0,0.0,0.0,nan,0,0.013556014070250122,0.007165688801407034,0.021317733528899208
4.233472831999279,0.002085683067623498,0.00021677628173054114,1.4860760348203377,-0.0361176191704649,-0.01575364578413755,0.0031668190928865175,0.00205174636919168,0.001090494828028856,0.003254656840229695,0.0,0.0,1.5,0.014080975539334663,10744.33300979176,10745.847137066377,10743.401132176408,10732.694960862238,0.0,0.0,0.0,0.0,0.0,0.0,nan,0,0.005177449446200993,0.0019863228760050415,-0.015750087820367575
4.243432180999662,-0.008473679708074121,-0.0004530095535454125,1.494159353701245,-0.01801943505397144,0.003274183808560478,0.007016050295803839,0.0004585978026003044,0.00028838691217713457,0.0035584835140978154,0.0,0.0,1.5,0.010301534576838118,10741.752450154065,10759.64502905168,10761.482745400112,10738.069020002384,0.0,0.0,0.0,0.0,0.0,0.0,nan,0,-0.005347998879134666,0.0013213769507919443,-0.0077562018800401145
4.253872124999361,-0.006213351887602374,0.004132884990589499,1.4975023521886968,0.0034206121380523456,0.0016039986539944987,0.03430546647231257,-0.0017109104682794475,-0.00128537393905267,-0.0017177254884035292,0.0,0.0,1.5,0.007869226430464421,10762.468251544096,10786.62226710153,10787.594246891736,10765.247878508659,0.0,0.0,0.0,0.0,0.0,0.0,nan,0,-0.0030534170035592307,0.005910986147582368,-0.004492483537693603
4.264430053000069,-0.0026786161797321705,-0.009773445596888303,1.4959613532658678,0.04772320973892816,-0.01578567003078695,-0.0183127414557248,-0.0029964551368525027,-0.0010172615283309523,-0.003173029602396273,0.0,0.0,1.5,0.010908982121021892,10766.260800669335,10787.540687564273,10785.81581181616,10767.283549285334,0.0,0.0,0.0,0.0,0.0,0.0,nan,0,0.0005158680611178552,-0.00799277365101051,-0.006105236187399443
4.274768238999968,-0.003085294750982557,0.025879387838020875,1.5069255171756684,-0.020161364787322587,0.007554436731499208,0.04935205919220927,-2.3673300672408986e-05,0.002009486904815635,0.002104007810552086,0.0,0.0,1.5,0.026967101192408884,10766.260800669335,10787.540687564273,10785.81581181616,10767.283549285334,0.0,0.0,0.0,0.0,0.0,0.0,nan,0,0.00014397810172592012,0.02766146775157083,0.004792445126618139
4.285184775999369,-0.01965908736489862,0.005243418705769635,1.4927054121956387,0.0040128988140923005,0.005538272630604486,-0.04638289397365493,-0.0006218179915171433,0.0008972676912312211,-0.00037747045419277186,0.0,0.0,1.5,0.021614443480697538,10804.941793313654,10800.95492904681,10806.364033650765,10811.015107504321,0.0,0.0,0.0,0.0,0.0,0.0,nan,0,-0.016394847538487488,0.007025727427701261,-0.009487885904195803
4.2953958210000565,0.007790497241592033,0.01289782492423571,1.5186624130938413,-0.00075118215286094,0.02064069849634174,0.08562446670323628,3.0221680236404986e-05,-0.0028473163178420672,-0.0013772970944912492,0.0,0.0,1.5,0.02398606673743464,10771.559657681008,10774.711942829863,10763.083295874165,10764.853850134916,0.0,0.0,0.0,0.0,0.0,0.0,nan,0,0.011089822453814914,0.01467916459293576,0.016413280744883352
4.305822661999628,-0.011789504098077145,-0.009084155213824795,1.5126351821602722,-0.02266503822186692,-0.00885197412571931,-0.040541845206230435,-0.0020798834520820556,0.00021450752005424556,0.006891370531434938,0.0,0.0,1.5,0.01952337345467472,10825.888600708615,10829.157907183908,10816.643146976037,10818.675031819543,0.0,0.0,0.0,0.0,0.0,0.0,nan,0,-0.008455035463564062,-0.007304990352494998,0.010337383089091157
4.316379236999637,0.003407448674273703,0.0029635186360228967,1.5264407714722963,-0.014234828724799043,0.0009398293397841098,0.008893734726003168,-0.005110024081522711,-0.0007081268869924124,0.0020276591904124022,0.0,0.0,1.5,0.026823637807427646,10753.385113981123,10753.865294791318,10731.582481143736,10734.462040108816,0.0,0.0,0.0,0.0,0.0,0.0,nan,0,0.006777058439415883,0.004739303573279542,0.024104703234717695
4.3277661319998515,-0.004186500567907271,0.01717894098385078,1.5023959272545575,-0.025818227228768875,-0.03987714417198713,-0.01120410043807064,-0.0025058447569521443,0.00039271049326091096,0.004462170398322364,0.0,0.0,1.5,0.017843297557930467,10778.402941932532,10798.783079457122,10781.498757653211,10775.83335296679,0.0,0.0,0.0,0.0,0.0,0.0,nan,0,-0.0007818144181350128,0.018950139583429896,2.7215805995517428e-05
4.338350518999505,0.005016790188931839,0.003428296130934225,1.5050656796828938,-0.0018576855607874438,0.008096134789627773,-0.005101006960837134,0.000963464445357104,0.0010238785080984483,0.0007314278215919151,0.0,0.0,1.5,0.007910910744713581,10774.82843649663,10797.153491011277,10783.258032862432,10776.221796699183,0.0,0.0,0.0,0.0,0.0,0.0,nan,0,0.00845641947276513,0.005193714410859627,0.00267211501911202
4.348654946999886,0.004270518548911016,-0.004076518040269532,1.4915302078295527,-0.0023337689933940965,0.0075722300221969015,0.044525549368790496,-0.00012108922929765254,0.0010656320130446031,-0.00249435248866945,0.0,0.0,1.5,0.0103243744323715,10787.512192471735,10805.453983096622,10796.960168074856,10792.250929691107,0.0,0.0,0.0,0.0,0.0,0.0,nan,0,0.007744881608586015,-0.0023180622763536596,-0.010882705446672025
4.359376649999831,0.023980650097472033,-0.010465781027879182,1.4874994614843753,-0.012074176878950661,-0.01749086183806068,0.006908331794463684,0.0010960580744975032,-0.0025299605762804057,0.0008221539660287929,0.0,0.0,1.5,0.028997717406746313,10776.46188493426,10783.07904420363,10778.746765907897,10778.62709412984,0.0,0.0,0.0,0.0,0.0,0.0,nan,0,0.027489454724221294,-0.008715452900553863,-0.014926681465257996
4.369003848999455,0.005520056440287827,-0.01380800964309177,1.496629137160507,-0.0138514861736072,-0.00041534349459806334,0.07813922313905848,-0.0018840559338100607,-0.002755283732873334,-0.0014629106476687086,0.0,0.0,1.5,0.015247782451568282,10776.46188493426,10783.07904420363,10778.746765907897,10778.62709412984,0.0,0.0,0.0,0.0,0.0,0.0,nan,0,0.00906292424136947,-0.01206695511207728,-0.005802349494629544
4.379504595000071,0.005925124243133937,-0.010622987265575702,1.5094938165368141,-0.022763852886124425,-0.0006328107762706877,0.0155324292343019,-0.0041743742017961724,0.0018516880736049158,-0.003426146705910564,0.0,0.0,1.5,0.015430084516160066,10764.200711383222,10762.853494407267,10772.825050229736,10777.212864173409,0.0,0.0,0.0,0.0,0.0,0.0,nan,0,0.009501589496407968,-0.008892337708850935,0.007063469762359942
4.389875092999318,-0.00814129413109529,-0.006198035409430985,1.5133727613595696,-0.030680083868843598,-0.009730578864866774,-0.06131779336516311,-0.0017091165392005127,0.0015688723238754185,0.005177641771094276,0.0,0.0,1.5,0.01683826177031238,10759.554227181394,10758.542649783407,10768.888520018289,10768.90702778468,0.0,0.0,0.0,0.0,0.0,0.0,nan,0,-0.004531780267314933,-0.004478906971519378,0.010953370991042544
4.400459429999501,0.014460243535493123,0.00787891238615295,1.5046448885175443,0.02284673246213163,-0.006779793852282887,0.021635203482252216,0.0019219983852032357,-0.0018189413583553837,-0.002467572218391737,0.0,0.0,1.5,0.017109964723366903,10799.095530597402,10809.244397724193,10819.531557537968,10814.19399871019,0.0,0.0,0.0,0.0,0.0,0.0,nan,0,0.018102170867910158,0.009585404733319312,0.002242345432172721
4.411104748000071,-0.0004273967173784362,-0.0011292109220278083,1.521696011301754,0.0019847451541792063,-0.02466131444939705,-0.07897939994599315,-0.0029454839525757484,0.0008669796020684799,-0.0027140082674821675,0.0,0.0,1.5,0.021729581028319123,10799.095530597402,10809.244397724193,10819.531557537968,10814.19399871019,0.0,0.0,0.0,0.0,0.0,0.0,nan,0,0.0032462187398274145,0.0005635231489083856,0.01931025098596484
4.421491023999806,-0.012662409624050167,-0.00933287936846763,1.4970510865910303,-0.013402901876041208,0.019768686057843928,0.04961380008706252,-0.0012245208160869454,0.002838548276051297,0.0033819131062465314,0.0,0.0,1.5,0.01600422897509307,10808.354820369532,10810.934242487841,10823.25354267704,10824.438308814219,0.0,0.0,0.0,0.0,0.0,0.0,nan,0,-0.008957919980602478,-0.00765503196273003,-0.005316760540956533
4.432243440000093,-0.015134789567140065,0.00749448695178389,1.5190423941687188,-0.03758692007487183,0.016257924172882122,-0.02971510541072584,0.0018376296253564913,0.001883533573289752,0.0014963398519783704,0.0,0.0,1.5,0.025452739844443576,10792.47251614239,10790.13768487626,10793.72148082803,10797.85099112429,0.0,0.0,0.0,0.0,0.0,0.0,nan,0,-0.011400325439183968,0.00915630518892715,0.01669441084832557
4.442653360999429,-0.005711546245227889,-0.0066777200071907175,1.509814432260133,0.02451176224629317,0.01029542754799274,0.027861198394819185,-0.004229997632791779,-0.001146019476424202,0.003850685096134586,0.0,0.0,1.5,0.01317333616038669,10799.67018494782,10812.111231490799,10807.415509494995,10798.009687371543,0.0,0.0,0.0,0.0,0.0,0.0,nan,0,-0.00194808867325045,-0.005033091068285533,0.007490224578433624
4.453386223999587,-0.00016729788039457783,-0.005413418798273336,1.5136518508250822,-0.010514951127340796,0.016121187277331615,-0.027977127973373903,-0.0009844312116235087,-0.001714755023433331,0.0007276879832856211,0.0,0.0,1.5,0.014686937142119947,10793.520316496444,10805.305990477033,10792.779322772889,10787.142970072067,0.0,0.0,0.0,0.0,0.0,0.0,nan,0,0.003624086056130344,-0.0037871605629422786,0.011354452862104347
4.4636245319998125,0.009619420754460982,-0.009205893250832054,1.4963269869237779,-0.0018077461726917624,-0.008569453299947372,-0.0002719543124284963,0.0019782289637414745,0.002663525333441372,0.005959906506123538,0.0,0.0,1.5,0.013812050943113724,10809.877888658506,10820.304270599594,10805.572522667157,10800.087249288936,0.0,0.0,0.0,0.0,0.0,0.0,nan,0,0.01343757292467895,-0.007599203662503447,-0.00594023117744813
4.473959821999415,-0.011103730036334095,0.0073030494267907935,1.500043683336236,0.0027050289603861803,-0.005580250424063522,0.006489120939723696,-0.0024395413271191863,-0.001232383982947786,-0.0019741610344147136,0.0,0.0,1.5,0.013290194125136096,10816.320208191302,10817.741476353685,10810.043369727016,10819.562053899655,0.0,0.0,0.0,0.0,0.0,0.0,nan,0,-0.007260065842860569,0.008888958659005028,-0.0021918803849887425
4.484431263999795,0.006145556969020924,0.016769837465259934,1.5208287606565531,-0.01220189569288127,0.026657170825187666,0.005214366446962455,0.0015023568629061797,0.004612823355394907,0.002779727625284133,0.0,0.0,1.5,0.027437794910646403,10815.307402009108,10815.11838001778,10807.527243335246,10812.712717924864,0.0,0.0,0.0,0.0,0.0,0.0,nan,0,0.010013379881283703,0.018333746639109926,0.018626028183334586
4.494993345999319,-0.009026650557614235,-0.0016183667228048483,1.5039523951249796,0.00859940026092841,0.034310566549047974,0.0005034363125292472,-0.001353648656865708,0.0025950398754224177,0.0006634471621218013,0.0,0.0,1.5,0.009986038171503344,10803.293713067023,10798.203592244798,10776.532002082466,10788.493355185487,0.0,0.0,0.0,0.0,0.0,0.0,nan,0,-0.0051361137601803955,-7.767969412992627e-05,0.0017859354180942422
4.505470194999361,0.0014887024587798203,-0.009894512843476441,1.4889282667480863,-0.0029745071065715774,0.0006264691671186122,-0.005485389922272872,-0.00019318030546441344,0.0005715153286476398,-0.0021743219403151655,0.0,0.0,1.5,0.014923166440874018,10804.482078283758,10796.072188933955,10766.269761418424,10781.183805260238,0.0,0.0,0.0,0.0,0.0,0.0,nan,0,0.005400421188371607,-0.00837826534416637,-0.013195710465451205
4.515900133999821,0.0015841382814835618,-0.008072041932234307,1.5152360323456684,0.01685795388470687,-0.010690187430754746,0.02781493185732545,-0.0007713783293820548,0.0017661047551594737,-0.001105007976959048,0.0,0.0,1.5,0.017314850178065767,10824.367247492486,10813.04766395356,10797.231067977065,10808.523008856664,0.0,0.0,0.0,0.0,0.0,0.0,nan,0,0.005515417433596246,-0.006581441411764735,0.013158393170594529
4.526326295999752,-0.0050463497084413216,-0.0023313200559551286,1.5056774090830436,0.03183894130251547,-0.028165800105288206,-0.003136911663667005,-0.0015405010691772623,0.0019509751595189154,-0.004291177019570705,0.0,0.0,1.5,0.007945670045969083,10793.899256237088,10770.353600141058,10766.980587475207,10787.052311675407,0.0,0.0,0.0,0.0,0.0,0.0,nan,0,-0.0010972094666160054,-0.0008675491776500999,0.0036508408273494553
4.53681275100007,-0.021124296091084287,0.004741414486451455,1.5053665126665314,-0.005905680012461586,-0.0350991136611021,-0.016617153418314767,-0.0005756882095488973,0.0036892205408464844,-0.0011348752803686166,0.0,0.0,1.5,0.02230507464403948,10801.992053396365,10767.24594582964,10778.81113158905,10804.461940500538,0.0,0.0,0.0,0.0,0.0,0.0,nan,0,-0.017159060965943156,0.006177204453804352,0.003397645045448705
4.547343467999781,-0.005982863129378808,0.015412419626707169,1.5244234087479476,-0.014488330060260471,0.04298792329211558,0.0027196551317091016,-0.00466399061603678,0.003306463903199196,0.00014645923283254094,0.0,0.0,1.5,0.029493053840589496,10806.577153482052,10783.423416188954,10806.83656210968,10819.354209688867,0.0,0.0,0.0,0.0,0.0,0.0,nan,0,-0.002003360049348304,0.016819103165794397,0.022516627755480245
4.557819218000077,-0.01046681110824112,0.01735921528850866,1.5046156682811969,0.006056531091972753,0.032905441613915405,-0.03962272516315214,-0.006558293812762665,0.0010156154476558237,0.004301519866857023,0.0,0.0,1.5,0.020789441644508858,10796.859929677086,10783.210138681285,10774.570048333593,10780.634225236463,0.0,0.0,0.0,0.0,0.0,0.0,nan,0,-0.006474910175736992,0.018735689832649737,0.0027758843379026565
4.568231515999287,-0.017489651957820124,-0.0006305619068452207,1.488939124385248,-0.00010909787652501074,0.04387222557591535,-0.0020235140586878446,-0.0010792053389958379,0.002677454916868727,0.0006646464332518692,0.0,0.0,1.5,0.020703345219772174,10796.859929677086,10783.210138681285,10774.570048333593,10780.634225236463,0.0,0.0,0.0,0.0,0.0,0.0,nan,0,-0.013487262805516783,0.0007146210522505798,-0.012830193521755628
4.5788118659993415,0.02167483342262931,0.002862118152611314,1.5070853672874125,0.028083279575103835,-0.0061489405279040385,-0.020519499165360347,-0.0033999352361596008,0.0017403315192826617,0.002455725815598226,0.0,0.0,1.5,0.022982440118833575,10851.305278409453,10846.47269439353,10809.604212485543,10814.059367359285,0.0,0.0,0.0,0.0,0.0,0.0,nan,0,0.02568576126761049,0.004174955191772012,0.005385846650930004
4.589141141999789,-0.015479286992588728,0.015230501180325304,1.523441078185323,0.03242457144980092,-0.039901818612251824,0.005057809053017342,0.0002889413896284019,0.0032352474253022298,-0.009663083347194923,0.0,0.0,1.5,0.031954039470671616,10851.305278409453,10846.47269439353,10809.604212485543,10814.059367359285,0.0,0.0,0.0,0.0,0.0,0.0,nan,0,-0.011461802034000206,0.01650998681042898,0.021808826101622714
4.5995344169996315,0.002606702317646401,-0.001982063119594495,1.4810998376627824,0.001299782665983565,0.0054110426538308,0.03628014227957401,-0.004608424806242545,0.0002333633977017464,-0.005039850194186674,0.0,0.0,1.5,0.01918175194178201,10860.094806386804,10847.431889238098,10813.58642030895,10827.857775078588,0.0,0.0,0.0,0.0,0.0,0.0,nan,0,0.006628743192268083,-0.000736862141649707,-0.020465301099485966
4.6101431919996685,0.016065589528010234,-0.0008071787983380981,1.5015005290335235,0.017878526166251445,0.005888460970027723,-0.07856370934919661,-0.0005834305895999222,0.0005347187691281407,0.0013997598047577654,0.0,0.0,1.5,0.016155689148886394,10820.667538421852,10796.104684755543,10792.817359694925,10802.649930287917,0.0,0.0,0.0,0.0,0.0,0.0,nan,0,0.020090175744800234,0.0004028884605251665,5.3468456129301956e-06
4.6205745869992825,-0.014751178258858673,0.004848928335781815,1.4782401542358927,0.003436102111880644,0.004660113618650154,0.03702370077349323,0.0028474131156147136,0.002810625050788952,0.0006559718036563773,0.0,0.0,1.5,0.026732008037330644,10820.667538421852,10796.104684755543,10792.817359694925,10802.649930287917,0.0,0.0,0.0,0.0,0.0,0.0,nan,0,-0.010726073256623626,0.006023095864903936,-0.023187410560351784
4.631295249999312,-0.017595697024359085,-0.003169761976027294,1.475427559316581,-0.0004203084819266988,0.015968656603738012,-0.004602707417878239,-0.004500650637295864,0.000681319873571489,-0.002333908236942134,0.0,0.0,1.5,0.030388497591981218,10855.133154990288,10834.309137527891,10838.469059887262,10849.360028386329,0.0,0.0,0.0,0.0,0.0,0.0,nan,0,-0.013572101187757406,-0.0020321709656421112,-0.02593818445900209
4.641512815999704,-0.003314414313410072,0.006145572227820153,1.5194562806499656,0.00858664230195279,-0.0007011095989928195,0.05089340237087387,0.001785397879475537,0.0009044758445234463,-0.00285876704592754,0.0,0.0,1.5,0.020671242269842394,10855.133154990288,10834.309137527891,10838.469059887262,10849.360028386329,0.0,0.0,0.0,0.0,0.0,0.0,nan,0,0.0007056598501793809,0.007246003851530738,0.018146212080593083
4.652230145999965,-0.02007481677171933,0.017992309117391535,1.527048782239675,0.013113066234250141,-0.004442358413954826,0.01732490325650562,-0.0010706187451161944,0.0004279668663040506,-0.0026431065686315963,0.0,0.0,1.5,0.03818845475327893,10803.104271680726,10791.176354452871,10797.08157969673,10797.020856718496,0.0,0.0,0.0,0.0,0.0,0.0,nan,0,-0.01606024533955992,0.01905509658726429,0.025792856925292096
4.662655051999536,-0.017149165642366522,-0.005984961806211799,1.48835757003792,0.01535662971200136,-0.010352432674634206,0.014853153138984682,-1.7964004636355183e-05,0.0009497880514989782,0.0012633275248591903,0.0,0.0,1.5,0.021574517966181275,10769.942464413578,10762.489163247297,10766.63498815185,10764.990108327302,0.0,0.0,0.0,0.0,0.0,0.0,nan,0,-0.013142035139958354,-0.004960202604369722,-0.012837020032904656
4.673539747999712,-0.0069419155714020055,0.0013933213159520459,1.4862389556730595,-0.022421217442523497,-0.009444313390130788,0.003942354481362172,-0.002158839557997031,0.000529495094964352,0.005252346991621224,0.0,0.0,1.5,0.01547571895124684,10780.00634292369,10775.34934969735,10786.468334402583,10786.2576213287,0.0,0.0,0.0,0.0,0.0,0.0,nan,0,-0.002944134340051142,0.002379764640302238,-0.0148859260118408
4.683591273999809,-0.015170019666623229,0.004379627863531576,1.518214960374627,0.01009632786818869,0.006143841931317918,-0.03881025150459297,-0.002036026104171247,0.005094445260864475,-0.005636492542286178,0.0,0.0,1.5,0.024105920815392916,10792.530770480013,10804.673474212732,10811.983542358941,10803.271685481226,0.0,0.0,0.0,0.0,0.0,0.0,nan,0,-0.0111834739854043,0.005327560465294523,0.01716478492791018
4.694051943999511,-0.009248168358093386,0.0046874959948802735,1.4639980472196596,0.016597719446155002,0.02983189816462241,-0.007234758163949082,0.0009313496014082723,0.00507786590859979,0.007476811964642914,0.0,0.0,1.5,0.037465208402990564,10815.770072015628,10816.787649453117,10823.948995014169,10816.874605433844,0.0,0.0,0.0,0.0,0.0,0.0,nan,0,-0.005274724261665455,0.005596811802837937,-0.03697569139395651
4.704474063999442,-0.015824231652808156,-0.0038878219806732636,1.4953885356071839,0.02826389837157009,0.018860694471889476,0.010750250975015361,-0.0008908961798708431,0.0020071868875871372,0.0008327768999907188,0.0,0.0,1.5,0.01693478877935455,10815.770072015628,10816.787649453117,10823.948995014169,10816.874605433844,0.0,0.0,0.0,0.0,0.0,0.0,nan,0,-0.011865741601476895,-0.0030171431322149056,-0.005512075290013518
4.71514312599993,-0.010325132723648987,-0.007109789062451167,1.4830195189470872,-0.022723833655992016,0.008342792678243614,-0.0013406951533900457,-0.0020306465444166373,-0.00016500848585486889,-0.002544632552536011,0.0,0.0,1.5,0.021106733595273548,10849.862988656452,10843.236597650837,10835.30238080049,10847.584655643637,0.0,0.0,0.0,0.0,0.0,0.0,nan,0,-0.006383429876452454,-0.006277680946631073,-0.017813400383023037
4.7254671339997,-0.0061736410894113955,0.009828277594818656,1.5110297791542133,-0.021068354722948178,0.0019090333064707581,0.02189067084941481,-0.0024055855391528908,0.001932133988770206,0.0074020651387219005,0.0,0.0,1.5,0.016011399469515523,10849.862988656452,10843.236597650837,10835.30238080049,10847.584655643637,0.0,0.0,0.0,0.0,0.0,0.0,nan,0,-0.0022505315606126605,0.010621969985423516,0.010259338575712373
4.736084741999548,-0.012011997764494598,-0.005791453818563769,1.4729583275033935,-0.02310490215255612,-0.010708864224349982,-0.04268196874712845,0.0002695535757692016,0.003499584475843162,-0.0023949995184796707,0.0,0.0,1.5,0.030150971444391376,10810.396935199531,10830.504299661883,10822.835374047334,10811.791125466176,0.0,0.0,0.0,0.0,0.0,0.0,nan,0,-0.008109256515748429,-0.005035932455580665,-0.027752392367114354
4.746534359999714,0.012764220250782153,-0.0009099024448903552,1.5094270151193803,0.008265754808114457,0.003287102247931517,0.0037974957090486016,-0.0007710025593480056,0.004958079646829512,0.003343690469577916,0.0,0.0,1.5,0.015894082393479617,10860.753848657698,10881.584584188806,10886.511801910647,10868.421998094904,0.0,0.0,0.0,0.0,0.0,0.0,nan,0,0.016644834957380523,-0.00019221541498826535,0.008771090360686129
4.757431016999362,-0.008711230451303429,-0.01619707803026924,1.4954847359326158,0.010650502838427167,-0.014300631370890776,0.02550893516725432,0.002820333944652214,0.0014632222875191744,-0.002424170090390176,0.0,0.0,1.5,0.0189372247780016,10842.34174263234,10846.668223879939,10849.85281958786,10851.383252762093,0.0,0.0,0.0,0.0,0.0,0.0,nan,0,-0.00485449310698273,-0.015516797646097383,-0.005123610620091812
4.767983013000048,-0.010660162472923968,-0.007938183961658105,1.49274671055672,-0.048649004148528296,-0.004482923447604392,-0.010263123340951646,0.0009655174838273667,0.00042239521725662794,-0.0030547303060474633,0.0,0.0,1.5,0.015141467442300927,10821.970667592412,10817.724068587013,10830.614728792025,10838.516521679012,0.0,0.0,0.0,0.0,0.0,0.0,nan,0,-0.0068290394646122465,-0.007294797540869903,-0.007817071448216417
4.779227217999505,0.001922129447358889,0.00029589643206792856,1.481386941197462,-0.011518311392717312,-0.0013207517046644006,0.003723035034191994,0.003066326070408117,0.006103022014062493,-0.004622239548510464,0.0,0.0,1.5,0.018714382017519304,10811.937841982615,10817.850016169123,10841.839806189644,10834.931618707571,0.0,0.0,0.0,0.0,0.0,0.0,nan,0,0.005725913777569901,0.0009029817070015364,-0.01913266935251401
4.788910743000088,0.0011841963096599329,0.0008126956124083343,1.5274904100639024,0.02354948371571524,0.020048340485224823,-0.013355024942761926,0.0022108393723777216,0.001372694547859864,-0.001758232871954889,0.0,0.0,1.5,0.027527902944825756,10821.543168987597,10832.643985576206,10860.387320802418,10842.919985776092,0.0,0.0,0.0,0.0,0.0,0.0,nan,0,0.004958923142376512,0.0013841445406331697,0.027012706577208778
4.799840933999803,-0.00023014919590331898,0.01083626185344512,1.5084096791129658,0.0033606262284465627,0.004008153964951921,0.0006588262033449523,0.0019009042811739746,0.0010678539419466996,-0.0010765174884976934,0.0,0.0,1.5,0.013718609346134805,10811.307900849692,10808.724666269603,10826.077009114999,10824.531302474632,0.0,0.0,0.0,0.0,0.0,0.0,nan,0,0.003513805519327453,0.011372796484026853,0.007972543742766236
4.810414918999413,-0.012337082489962882,-0.026048210158835867,1.5007652068838209,-0.04301513240651064,-0.021967214442628846,-0.07404174124077861,0.0037805506434452863,0.0003899334604646112,-0.003355424096047502,0.0,0.0,1.5,0.028832245809476506,10806.190148068672,10797.391088915518,10809.178172930568,10813.171134901495,0.0,0.0,0.0,0.0,0.0,0.0,nan,0,-0.008625609855080653,-0.02554582283834958,0.00037045871287877397
4.820783641999697,-0.0034825524615788167,0.007939071449726163,1.5262781422399982,0.006285738603122451,0.04474102053303187,-0.013323494488266925,-0.0021815970045467705,0.0026772393524306334,0.0031068542229168946,0.0,0.0,1.5,0.027671244762696993,10824.516479454527,10826.211488569177,10846.998696810362,10839.311110228586,0.0,0.0,0.0,0.0,0.0,0.0,nan,0,0.00019472889271180197,0.00840811931589056,0.025927306541321027
4.830822249999983,-0.0270804056788939,0.0028901606770524355,1.4906238741641986,-0.00869537631323145,-0.02890326880311146,0.05169295442033925,-0.00018659924085266205,0.00331423721923101,0.0034404257547950715,0.0,0.0,1.5,0.028803005679293812,10817.853205693104,10819.048937430238,10812.96126862243,10810.608123864768,0.0,0.0,0.0,0.0,0.0,0.0,nan,0,-0.023439025736373027,0.0033267136390398985,-0.009683703371029528
4.841329210999902,0.009681067991779835,-0.012849237456527905,1.473437518767994,-0.03420226035703229,-0.03606335235787997,0.013098631491419294,0.0021030601013095128,0.0011434610562500252,-0.0019278045911051075,0.0,0.0,1.5,0.03105465166245428,10779.697031594054,10793.298549293215,10796.472991805891,10786.731232147038,0.0,0.0,0.0,0.0,0.0,0.0,nan,0,0.013284845040000317,-0.012444306187304447,-0.026823333558994245
4.8518675830000575,0.00325605017329855,-0.008075926096433369,1.515493281502349,-0.0020585746490400453,-0.02528864846801843,0.036305102247596206,0.0008243246384726625,0.0018770963853158918,-0.003588617121744706,0.0,0.0,1.5,0.01777256922217831,10779.697031594054,10793.298549293215,10796.472991805891,10786.731232147038,0.0,0.0,0.0,0.0,0.0,0.0,nan,0,0.0068205203170316475,-0.007701711516465265,0.01528255871150841
4.862698410999656,-0.004943722556239149,-0.0003954354217897755,1.498660873807214,-0.02455909111136146,0.041120093526268484,-0.050011235863809525,0.0010585775024228906,-3.098241896629252e-05,0.0003743104656456309,0.0,0.0,1.5,0.005137121844581776,10754.653028954957,10763.272074449933,10798.10435428257,10785.312436708808,0.0,0.0,0.0,0.0,0.0,0.0,nan,0,-0.001420270685793425,-5.1010211424380974e-05,-0.0014948411749564627
4.873238192999452,-0.008380764180907082,-0.01971020143429909,1.4952570314734457,0.002345331000420217,-0.010898381800811197,-0.021485301183719847,0.0006607024867535665,0.0032350528079865847,0.002394890484550341,0.0,0.0,1.5,0.021936841141798558,10812.108332606042,10828.72654879505,10837.73197991347,10819.141134065183,0.0,0.0,0.0,0.0,0.0,0.0,nan,0,-0.004900061797815356,-0.019394627807800206,-0.0048401020176152
4.883346223999979,0.003930965080777243,0.001204169587552709,1.5081125213286848,0.023629754698008123,-0.003985573619747509,0.015174828070696887,0.0013906665266552353,0.001158886574890053,0.00029104167492488347,0.0,0.0,1.5,0.009094806934192855,10812.108332606042,10828.72654879505,10837.73197991347,10819.141134065183,0.0,0.0,0.0,0.0,0.0,0.0,nan,0,0.007367150829487705,0.0014918336673041255,0.008071537357926761
4.893967986999996,-0.011571145858134733,-0.010763620444006588,1.5066437002110482,-0.007074975994140189,-0.04020090555279821,-0.03319399843369252,0.0017802784020909343,0.0022940377215282743,0.0012970853179526938,0.0,0.0,1.5,0.017143094645575143,10829.427394269374,10840.802562458626,10855.008721281618,10846.34676488345,0.0,0.0,0.0,0.0,0.0,0.0,nan,0,-0.00818127460077195,-0.010502932678318264,0.0066571551072429624
4.9042762059998495,0.007373791439684438,0.004266472875860108,1.531957015973322,-0.05100447433560014,0.007006538933849604,0.005235591346556592,0.0006586638654476745,0.0019135779184219375,-0.0005046244739007102,0.0,0.0,1.5,0.03307304734849167,10821.876876843646,10822.714292657507,10848.65830723351,10850.99704432257,0.0,0.0,0.0,0.0,0.0,0.0,nan,0,0.01071551813107159,0.004501101140886724,0.03202365973433219
4.914785095999832,0.007935636928055928,0.017338591511647874,1.5157881750121596,-0.015246275648272673,-0.017612590989794397,0.024246930546743997,-0.00031754178928133735,0.0010982597528657375,0.0013282934021735353,0.0,0.0,1.5,0.024756162046575242,10783.982115513578,10797.245878073054,10811.42213867124,10798.766916715324,0.0,0.0,0.0,0.0,0.0,0.0,nan,0,0.01122736136554878,0.017548048480669768,0.01590882044547004
4.925177622999399,-0.002562748092549008,0.018267613258868873,1.501649158910022,0.025772659583960036,-0.04122236973200178,-0.020785264083712573,0.0046583032386351185,0.00020728270572102837,0.00024539489003340057,0.0,0.0,1.5,0.01852007281497485,10761.64386939717,10773.216266217534,10781.458964585576,10772.924099067151,0.0,0.0,0.0,0.0,0.0,0.0,nan,0,0.0006770928607632339,0.018452744729893864,0.0018303400148800275
4.935864137999488,-0.012156251528348322,-0.026183717061431314,1.4961079661362722,-0.03593971162263962,-0.028922886510822404,-0.0044293784976069785,-0.0030669324507864915,0.0031964019361750066,-4.288456448473331e-05,0.0,0.0,1.5,0.029129184986366585,10790.988088135611,10788.170642940813,10806.222395184248,10811.20317056906,0.0,0.0,0.0,0.0,0.0,0.0,nan,0,-0.008970216048134461,-0.02602210906382815,-0.0036441000794118494
4.946422689999963,0.0026333511987314045,-0.026121469667879496,1.5037018585154205,0.016456197684967123,0.01486015524063507,0.04604523291521682,0.0037390777445487143,0.000131058776016131,-0.005125708968318521,0.0,0.0,1.5,0.026513571479791248,10793.689852173222,10804.103815302138,10828.702889701306,10821.662522395216,0.0,0.0,0.0,0.0,0.0,0.0,nan,0,0.0057636101833121334,-0.025982632273619365,0.0040192182826421785
4.956650891999743,0.01129111867063934,0.01084343218043951,1.4984284979077231,0.00894154529218123,0.0014885978319823321,0.023245301902209407,0.002444802065961793,0.006425167027839414,0.005194499731176677,0.0,0.0,1.5,0.015733372210441156,10769.8344048045,10764.005900563689,10788.575001477933,10791.07351233979,0.0,0.0,0.0,0.0,0.0,0.0,nan,0,0.014363591196953143,0.010960186591805946,-0.0011799906052984976
4.967199967999477,-0.0117338213898507,-0.001922598246444923,1.514161497448737,-0.0050568937001719445,-0.0010341715595164956,-0.03735525365023355,-0.002839903583361814,0.00035494368309014725,-0.006384774518604215,0.0,0.0,1.5,0.018491267085214425,10778.715344699609,10760.35336220593,10770.202691066628,10792.40447570289,0.0,0.0,0.0,0.0,0.0,0.0,nan,0,-0.008721182248002137,-0.0018273175897863224,0.014635078787458955
4.977614947999427,0.011556016287116767,-0.004553356037176933,1.5274287960250224,0.006419716232160608,0.015122575338072422,0.023796365175048365,0.0007351111755831271,0.001789397673637555,0.004412640223248777,0.0,0.0,1.5,0.030110021836785267,10806.344932905839,10793.524505393108,10798.620105684302,10806.493532815834,0.0,0.0,0.0,0.0,0.0,0.0,nan,0,0.014506733042747785,-0.004479023781861433,0.027990186758073854
4.988390471999992,-0.00784501217867986,0.010952193761898352,1.5149409077922091,-0.01402119935516633,-0.007814201776621336,0.008178030198095198,-0.0015273247153474313,0.003974972083040629,0.0018510221652468213,0.0,0.0,1.5,0.02011779038406296,10774.821872138406,10759.367506395625,10752.799507536853,10769.007678980795,0.0,0.0,0.0,0.0,0.0,0.0,nan,0,-0.004958333445091635,0.011006013771843456,0.0155971131277588
4.999133986999368,0.009429444815668885,0.004789766800591432,1.5065665391286112,0.00675666589757652,0.006660777268527839,-0.07093419083737887,-0.0026555043470598543,-0.00013828150073904102,-0.007593065176043345,0.0,0.0,1.5,0.012448924919983015,10768.5856856991,10761.74536605077,10750.464705759676,10760.193609640442,0.0,0.0,0.0,0.0,0.0,0.0,nan,0,0.012249955423211011,0.0048234218259901665,0.0073281359641326205
5.0093087810000725,0.007373934367003686,-0.011802449137725735,1.4744576433183911,0.008144148138027043,0.022862882270078978,-0.0029599729213644153,0.00039174121827691827,0.0008421229415831358,-0.004805582722796167,0.0,0.0,1.5,0.029087535106089864,10836.465483415515,10821.29054439831,10808.130283218621,10817.449222765312,0.0,0.0,0.0,0.0,0.0,0.0,nan,0,0.010126118615521993,-0.01178869345757899,-0.024670173560598307
5.019923416999518,0.023584304964885124,0.0005999622932253969,1.4862391941094841,-0.0032721418249130494,-0.03233698177098801,-0.0011130965953109943,-0.002277310725819527,0.002947992162782988,0.005825164258065735,0.0,0.0,1.5,0.027311887049166955,10866.583205023227,10846.135225109332,10832.227607370412,10842.033581138083,0.0,0.0,0.0,0.0,0.0,0.0,nan,0,0.026265976797932383,0.0005940094359374108,-0.012780546018797967
5.030452104999313,0.004386170753100091,-0.008700810451965362,1.4940837813473535,0.0030740407367168088,0.020809063971062386,-0.007694251421736539,0.0031663857265741024,0.0014403597491214441,0.0009988793092754644,0.0,0.0,1.5,0.011399308730896899,10876.57130421697,10853.707702188716,10844.672400251036,10859.594884759226,0.0,0.0,0.0,0.0,0.0,0.0,nan,0,0.0069951325574049185,-0.008726347946387483,-0.004834099638831635
5.040587138999399,-0.004443321505927032,-0.0016982146765220257,1.5034023645568673,0.021586954401766847,0.05583729840712694,0.0288017966663342,0.00030427191599363115,0.00014029678621726353,-0.002869791866065862,0.0,0.0,1.5,0.005848343668972872,10874.333976503849,10854.725954011483,10845.386316087217,10860.823880697235,0.0,0.0,0.0,0.0,0.0,0.0,nan,0,-0.0019092632011252363,-0.001743270873652649,0.004579403827178696
5.051410692999525,-0.00029434279213284885,0.012165887979457252,1.4853121237309486,-0.0048512313482348265,0.01854871016662658,0.05407908616523273,0.0036239193992189376,0.004919453244693096,0.0018848671882459324,0.0,0.0,1.5,0.019074306731908956,10874.333976503849,10854.725954011483,10845.386316087217,10860.823880697235,0.0,0.0,0.0,0.0,0.0,0.0,nan,0,0.0020876413014429686,0.012088828225750303,-0.013419618217859641
5.061694409999291,-0.0045441201653887205,-0.01071396711333981,1.5074366678554294,0.0746949828818409,0.029255951918002607,-0.013528197814936176,0.0007058172012825061,0.0004173257929497915,0.012064765792505393,0.0,0.0,1.5,0.013810943058864458,10822.264928520719,10805.95960476719,10776.68212063093,10791.252808685254,3.0,0.5,0.0,0.0,0.0,0.0,nan,0,-0.0026162689927161377,-0.010873041870852898,0.008797832449814358
5.072541318999356,-0.009502841000380851,-0.00749051443199912,1.5216620234952511,0.06926287017254529,0.005900532340703141,-0.05143377965443897,-0.0007474139581428007,0.0003566968024629951,-0.009059462064843933,0.0,0.0,1.5,0.02481239721275071,10835.714362769279,10808.978229668202,10771.675299397106,10814.502945447914,3.0,0.5,0.0,0.0,0.0,0.0,nan,0,-0.008330994260791223,-0.007781613848842991,0.02311916948252013
5.08298609799931,-0.0030150407572089558,0.0020455502332066434,1.5003549494425361,0.14176887450305073,0.003781131120181902,-0.061845797890016284,0.002216334022265034,0.0012063958486263774,-0.007828943961640612,0.0,0.0,1.5,0.0036607015216976657,10860.17464512548,10813.594231502695,10794.258909296896,10840.92033631963,3.0,0.5,0.0,0.0,0.0,0.0,nan,0,-0.002900877750739928,0.0015724337235554966,0.001908553743050767
5.093166994999592,-0.01564257178538807,0.013680080129082416,1.4709031693026047,0.12292153806000759,-0.027200434573051855,0.015347026808462602,-0.001661884406831304,0.003908128583960006,-0.005887782355989092,0.0,0.0,1.5,0.03575556181955503,10917.561826521625,10831.186848434807,10823.909235507732,10900.21779889701,3.0,0.5,0.0,0.0,0.0,0.0,nan,0,-0.016887563392742715,0.012974983891027744,-0.0274518693699084
5.1037663729994165,-0.019270788684737746,0.012657446539951926,1.4915164547500148,0.17562334573186392,0.04807499607547327,-0.039235164003639376,0.00034410568607392823,0.0003654474941309202,-0.000527883555983783,0.0,0.0,1.5,0.024567148582041495,10925.4714659862,10820.37955179667,10824.015010223722,10915.072285711265,3.0,0.5,0.0,0.0,0.0,0.0,nan,0,-0.02217615844199204,0.01167044632127762,-0.006756190351544067
5.114615661999778,0.011086311245954977,-0.003518366703379297,1.4940301043486677,0.22321101309479208,0.05391463867352721,-0.0012569811495803578,0.0008025484698395234,0.004346409871082864,-0.0001461228398268713,0.0,0.0,1.5,0.013073823288901854,10966.521824016823,10841.026449424568,10822.662205902761,10938.534998694377,3.0,0.5,0.0,0.0,0.0,0.0,nan,0,0.006219639579992282,-0.004837151966134634,-0.004171367286741168
5.124532426999394,-0.00018588793405868373,-0.007609441592471773,1.4930450619725883,0.2450208758345658,0.016819057404736312,-0.003695364478172981,-0.0005147966055765671,0.0019858965627629357,-0.0036969763557689176,0.0,0.0,1.5,0.01031064103915972,10966.521824016823,10841.026449424568,10822.662205902761,10938.534998694377,3.0,0.5,0.0,0.0,0.0,0.0,nan,0,-0.007314422207504667,-0.0093098420063905,-0.00509697889216798
5.135140833999685,0.008111165567036411,0.009905613082840482,1.4896306057175357,0.260094822886639,-0.004764362050329441,0.0034575081478296003,0.0005294278107109666,-0.0006014336616583544,0.004971550181280468,0.0,0.0,1.5,0.016475330503149886,10984.653850253268,10783.579320736322,10760.885001375884,10954.517722470076,3.0,0.5,0.0,0.0,0.0,0.0,nan,0,-0.0015793468967961136,0.007773833444875391,-0.008461853099088312
5.145407424000041,0.03052455348371305,-0.004800980589565525,1.5031479870783366,0.3025458526691787,0.05899200414113763,-0.029230984931073498,-0.0007394436975819423,-6.432697103351215e-05,-0.0007980857460620072,0.0,0.0,1.5,0.031059742475539266,10984.653850253268,10783.579320736322,10760.885001375884,10954.517722470076,3.0,0.5,0.0,0.0,0.0,0.0,nan,0,0.017972488788832994,-0.007413821719191237,0.005096568945632818
5.156158488999608,0.021714116336012654,0.02168727323687854,1.5025156009020375,0.3257939895009248,0.06670412472791193,-0.014671395150738844,0.0002619032057736744,-0.0020017840328109514,0.0031556113422135617,0.0,0.0,1.5,0.03079235159261552,11011.86889318596,10754.72004846277,10725.55823372612,10982.684154123996,3.0,0.5,0.0,0.0,0.0,0.0,nan,0,0.006001578382791042,0.018543782463955456,0.004496811486997654
5.1666794329994445,0.027241570813860756,0.012066755672926378,1.4954556325117598,0.35912816313229495,0.07285821372367744,-0.017202571157188176,0.0004065845389803964,0.0018524507266588998,-0.002509348616610725,0.0,0.0,1.5,0.030139028662929158,11024.609490249964,10748.355571618786,10696.586501044956,10980.803949729347,3.0,0.5,0.0,0.0,0.0,0.0,nan,0,0.00807042005053293,0.008343134451889993,-0.0025388247666799924
5.177226357999643,0.012517260481459607,0.01738854079763284,1.4991151304654733,0.37035015210632777,0.0749571198725667,-0.0076607301896445676,-0.0005156217960168521,-0.003153990986155972,0.001641091776395165,0.0,0.0,1.5,0.021443557426993907,11047.748320461205,10744.135473515267,10682.626446889504,10992.133948484801,3.0,0.5,0.0,0.0,0.0,0.0,nan,0,-0.010409716514170327,0.013035436541676585,0.001136829109541937
5.187503606999599,0.032949692562757524,-0.007592591396290873,1.4943917589753721,0.39570928423726853,0.07879172571736846,0.016297720991255028,-0.0013121795213528193,-0.00026624965592187696,-0.0017025931085081854,0.0,0.0,1.5,0.03427509374869145,11047.748320461205,10744.135473515267,10682.626446889504,10992.133948484801,3.0,0.5,0.0,0.0,0.0,0.0,nan,0,0.005970758493668311,-0.012624374660388323,-0.0035782387936282856
5.198284741999487,0.03562013003896636,0.024634765109136782,1.5028814313028924,0.4607996147337276,0.0787503571342147,0.014148601914156568,0.003707440947907881,-0.006512483586968853,0.007488826611633954,0.0,0.0,1.5,0.043404699772357655,11042.00884330941,10712.692245847411,10637.060757538513,10974.987780751111,3.0,0.5,0.0,0.0,0.0,0.0,nan,0,0.004294350222287052,0.01887529659886728,0.0049141813446218485
5.20876113399936,0.043583015181435154,0.007305825390911763,1.4742640008310917,0.4772782059872546,0.04459343213239001,0.04805272937527129,0.003355496023514249,-0.000211621281347946,0.0027657490550367977,0.0,0.0,1.5,0.05113898659701568,11035.225826233742,10685.698969537872,10599.859407270003,10967.462335621407,3.0,0.5,0.0,0.0,0.0,0.0,nan,0,0.0076169064322159155,0.000769891136692894,-0.023702691961731803
5.219298558999981,0.04086744133824147,0.003907798381975634,1.5362847155102868,0.48294775930573863,0.07402257447461005,-0.026540508722407066,-0.0021936379254731213,-0.009443085384315158,-8.926605689152403e-05,0.0,0.0,1.5,0.054790503094890676,11027.795391323893,10654.71274988048,10586.285306759852,10976.616231593302,3.0,0.5,0.0,0.0,0.0,0.0,nan,0,-3.08951474387309e-05,-0.003453118048914668,0.03831908091211611
5.229611144999581,0.05109924338985859,0.022638005290071712,1.4763931708207254,0.5642997738515113,0.08721898088998828,0.034805661784160016,-0.0015079586278669054,-0.006207879034223481,0.003461064829465926,0.0,0.0,1.5,0.060670374503778796,11015.880547412871,10641.830294754378,10570.644376193586,10961.79706565243,3.0,0.5,0.0,0.0,0.0,0.0,nan,0,0.004978554542050498,0.014403889295748654,-0.0215686771766046
5.240240058999916,0.045743263751004244,0.008979841991755486,1.5071151333520825,0.5691834391025663,0.1042842361611263,-0.026806706824794215,0.0007924130316019064,-0.01095800735713347,-0.0001814932675927692,0.0,0.0,1.5,0.047156217653759616,11034.790669103542,10638.886659518303,10555.437567146164,10973.327733045988,3.0,0.5,0.0,0.0,0.0,0.0,nan,0,-0.005887921518684239,-0.00017535831662504088,0.009160700409803768
5.2506774639996365,0.06061426642693496,-0.0032999143366479744,1.5156118949556026,0.5868660160800961,0.11302033553173564,0.06046221522930753,0.003904949181687648,-0.014380056133260861,-0.002981865007962983,0.0,0.0,1.5,0.06267942240647593,11054.74310232695,10654.456741926673,10569.701363462216,10989.351231804718,3.0,0.5,0.0,0.0,0.0,0.0,nan,0,0.003186656211482501,-0.013423710678607412,0.017666684216302242
5.2612061359996005,0.050620077732247644,-0.0042545939086909845,1.5045875951877696,0.5971142881828057,0.0962803657812121,-0.02632070150928494,0.003922268385671696,-0.01709773289134811,0.00297013736637054,0.0,0.0,1.5,0.051005292554337056,11003.459329237172,10587.995671580227,10505.59240197839,10936.979895520051,3.0,0.5,0.0,0.0,0.0,0.0,nan,0,-0.012887534584715511,-0.015394100470101028,0.006657514882130178
5.2717283639995,0.07252717661273494,0.012867474235728227,1.5064755313865688,0.6236969001561815,0.1192390783217225,-0.03231384279967593,0.0029522796155876927,-0.021725420917817706,-0.0024599941440059158,0.0,0.0,1.5,0.07394386889634876,11003.459329237172,10587.995671580227,10505.59240197839,10936.979895520051,3.0,0.5,0.0,0.0,0.0,0.0,nan,0,0.0026585721400807782,0.0006655828076408393,0.008568787608015604
5.281930088999616,0.0686414312772563,-0.004357215017432262,1.4976043094156493,0.6663672100761415,0.1227339982679486,-0.012787660634824633,0.0060267484387052294,-0.021974535847124794,0.008371468995647561,0.0,0.0,1.5,0.06882129571487582,11018.707352161431,10622.504858738715,10547.915963875412,10964.55680640304,3.0,0.5,0.0,0.0,0.0,0.0,nan,0,-0.007866236120987247,-0.01766766986879283,-0.0002756288332990131
5.292783850999513,0.09189599319809708,-0.00024380060328412466,1.5043775538383488,0.687342782163305,0.09828558970550343,-0.006682819575756237,0.0038307314488025043,-0.02803642334776961,-0.004378890821681316,0.0,0.0,1.5,0.09200052164094782,11047.762046689797,10664.393464237268,10584.956737538514,10995.1213959332,3.0,0.5,0.0,0.0,0.0,0.0,nan,0,0.008474310308334551,-0.014708468373442718,0.006524869564642266
5.30332332099988,0.08553570430667537,0.017834660303027248,1.4899312399152735,0.7109492361400999,0.11534787017084873,-0.07079365925927265,0.0028616703033498806,-0.03235179224174138,0.001463502447843651,0.0,0.0,1.5,0.08795346354184785,11041.542448785602,10654.53548881179,10589.690696140446,10994.3382542107,3.0,0.5,0.0,0.0,0.0,0.0,nan,0,-0.005071663021672404,0.0021706868015319083,-0.00789434028578273
5.313397177999832,0.10068350196066295,0.010732855340271429,1.507872631775386,0.766926032787869,0.1028730591590274,0.043471013430966064,0.004286366291209169,-0.03160150730374539,0.0039040112451040874,0.0,0.0,1.5,0.10155953959076829,11041.542448785602,10654.53548881179,10589.690696140446,10994.3382542107,3.0,0.5,0.0,0.0,0.0,0.0,nan,0,0.0026224046291465908,-0.00617490541782921,0.010069136167349502
5.324439414999688,0.08801192749403389,0.008037991600951358,1.4815126610441587,0.742479421105231,0.10020252316403103,-0.015181925991378286,0.007624889736236285,-0.03786475498817963,-0.0004350335194884191,0.0,0.0,1.5,0.09029114237764528,11039.295118316268,10650.285151389302,10583.977942186682,10997.94728914143,3.0,0.5,0.0,0.0,0.0,0.0,nan,0,-0.01776727816354251,-0.010157424397216548,-0.016273038605591372
5.334589123000114,0.11278298106130415,0.03630443858962813,1.50514700818826,0.779903934335115,0.14836857635436004,-0.009599689159979458,0.008670709258904806,-0.04135495179828784,-0.002373499527282232,0.0,0.0,1.5,0.1185938648146378,11046.155022104731,10679.987521781937,10626.685221379636,11016.074836125068,3.0,0.5,0.0,0.0,0.0,0.0,nan,0,-0.0009749041103273848,0.016778130592627876,0.007377664462467015
5.345191430999876,0.11898763227744179,0.019278059036359714,1.47528627814601,0.7973912655729547,0.18354300610960886,-0.06685918816025613,0.009192972873135075,-0.04456440788557717,-0.0010511045890509905,0.0,0.0,1.5,0.1230466100430136,11034.906103511235,10686.576445117682,10618.064318547411,10990.78900894014,3.0,0.5,0.0,0.0,0.0,0.0,nan,0,-0.0030053699233702907,-0.0016217005128158109,-0.022469166429276433
5.355804347999765,0.14218411240535028,0.02177180108016836,1.5077102048288071,0.8292496038021175,0.1680283574944687,-0.07100238189615493,0.005674777219143488,-0.04886335228215068,-0.00219615676055602,0.0,0.0,1.5,0.14404784066855658,11080.632685764462,10769.83211752859,10690.397452471403,11027.482669002093,3.0,0.5,0.0,0.0,0.0,0.0,nan,0,0.011704058957766716,-0.000543236816878824,0.009961630069478478
5.366211851999651,0.12510051394680477,0.012288648623087803,1.491182838378207,0.8880611372885217,0.14376720866215198,-0.02537852329448592,0.004455639942442524,-0.057771773576053884,0.0013651630912909303,0.0,0.0,1.5,0.1260114749290763,11080.848136701246,10801.245682193481,10718.450436989138,11023.976501634035,3.0,0.5,0.0,0.0,0.0,0.0,nan,0,-0.014113730541478131,-0.011482711103257402,-0.006572159451732507
5.376765771999999,0.1295688054107406,0.017257225218194873,1.5083529594118597,0.9109008489877295,0.17439291166156126,-0.070688059716492,0.01010821504759963,-0.06060188977767598,0.0006417963796837958,0.0,0.0,1.5,0.130979613256163,11050.971418316167,10801.942725112302,10727.357135052747,11003.269659188112,3.0,0.5,0.0,0.0,0.0,0.0,nan,0,-0.018622089827961957,-0.008010728224375964,0.010578275597541875
5.387186613999802,0.15709174305106202,0.020945524695602718,1.4935867099557518,0.9242716463894946,0.1744022252171259,-0.06950560739737195,0.00977686059084257,-0.06367099768936259,-0.0017386907755654526,0.0,0.0,1.5,0.15861166737912646,11037.944029538605,10824.440518164149,10752.24338325668,10993.578434722667,3.0,0.5,0.0,0.0,0.0,0.0,nan,0,-0.0003134660136656364,-0.005858493557165889,-0.004220299993673349
5.397521478999806,0.17914419169551266,0.017714703642147743,1.4853668755134444,0.9195972780538363,0.14825746905826964,-0.015531198636113883,0.015453501100295914,-0.06994391777157638,0.0025496403821367686,0.0,0.0,1.5,0.18061168421673815,11033.853506434758,10853.805246076256,10789.91980235968,10994.212565402142,3.0,0.5,0.0,0.0,0.0,0.0,nan,0,0.012292071908713925,-0.01066399464602082,-0.01248680774491362
5.408106083999883,0.15223150889306156,0.027802257771852825,1.5134886711204658,0.960047560344779,0.17439967536518705,-0.09671879597379474,0.012613751748301795,-0.07079462305439906,-0.0032959094844093708,0.0,0.0,1.5,0.15533622270953712,10991.436181237226,10838.692266631337,10792.396584769831,10968.62971788214,3.0,0.5,0.0,0.0,0.0,0.0,nan,0,-0.02429510681779759,-0.0021888793346041303,0.015574860539718127
5.418822214999636,0.17305999176933373,0.0387950392240335,1.5181641021927716,0.9957776849662321,0.1508698334541,-0.05467914288007553,0.013535772514078307,-0.07616551504665584,-0.003178943256181367,0.0,0.0,1.5,0.17828278219745622,10987.2035545232,10863.860053520099,10824.92818587103,10969.454788706362,3.0,0.5,0.0,0.0,0.0,0.0,nan,0,-0.01336359862141212,0.007154583320113116,0.020177576419615484
5.42922327999986,0.2070990085629929,0.028480417790704978,1.4893025257620243,0.9746738944822619,0.14208781659755537,-0.12480682987717748,0.016452016002124828,-0.0837328520896661,0.002257137391402148,0.0,0.0,1.5,0.2093216890347961,10987.2035545232,10863.860053520099,10824.92818587103,10969.454788706362,3.0,0.5,0.0,0.0,0.0,0.0,nan,0,0.010561056358783849,-0.004845357905806449,-0.008767475239663591
5.439499026999329,0.1983732624870391,0.04060667614544031,1.5089308584508756,1.0510045178947496,0.1962020158229813,-0.08963526406444532,0.016018038961238087,-0.09006422795545424,-0.012382749939138616,0.0,0.0,1.5,0.2026835307813685,10972.324600662472,10907.998741217305,10893.863710656924,10977.709872977446,3.0,0.5,0.0,0.0,0.0,0.0,nan,0,-0.0084909443660178,0.005560527619242778,0.010764338551779495
5.4501307820000875,0.20265694667581682,0.04196262858243431,1.4870855130437846,1.042069565921657,0.20833560010060984,-0.10175655053437872,0.015741757485202804,-0.09414727116933028,-0.0008949206694609325,0.0,0.0,1.5,0.2073583473286148,10972.324600662472,10907.998741217305,10893.863710656924,10977.709872977446,3.0,0.5,0.0,0.0,0.0,0.0,nan,0,-0.014739779597618824,0.005162022031383599,-0.011193747624571815
5.460744670000167,0.22845560679269047,0.04003292920935807,1.5140204739915373,1.0719969061565637,0.21924496429340193,-0.07507334062943068,0.015029152941972553,-0.09926129649160237,-0.004354327475436198,0.0,0.0,1.5,0.23236000814909016,10956.452440465679,10948.064601474362,10929.621087690157,10950.620520205535,3.0,0.5,0.0,0.0,0.0,0.0,nan,0,0.00032553446889316273,0.0014447122469264106,0.015611893855058012
5.4714518739992855,0.24325625281198404,0.04955598635671736,1.506670638621871,1.1050621814572184,0.2076630795923283,-0.07043495249660625,0.019528487906719426,-0.10247633880391108,-0.007517920378015398,0.0,0.0,1.5,0.2483422995293767,10913.931822297955,10926.955740643241,10903.16076561746,10905.566295004392,3.0,0.5,0.0,0.0,0.0,0.0,nan,0,0.0041972143531692485,0.009147901807872526,0.008118213268041963
5.481524678999449,0.25800180916535453,0.04758182126031244,1.5209998520283177,1.0828437517417517,0.20144660177976603,-0.08234503918638769,0.018712755160513968,-0.11115755569896062,-0.007232329373555319,0.0,0.0,1.5,0.26319186353733576,10913.931822297955,10926.955740643241,10903.16076561746,10905.566295004392,3.0,0.5,0.0,0.0,0.0,0.0,nan,0,0.00782298123851477,0.005322443777321238,0.02229488937451385
5.492052713999328,0.25309738356480493,0.030691152838817383,1.5231149538504603,1.1558608778722483,0.17572187988652532,-0.13656336369918518,0.020827626587815406,-0.11387276666842458,-0.004257760921466846,0.0,0.0,1.5,0.2559971357680288,10848.03922029546,10887.364484391735,10875.564992673184,10840.331147600635,3.0,0.5,0.0,0.0,0.0,0.0,nan,0,-0.008387248904959621,-0.013450101198701318,0.024253836212412505
5.502537990999372,0.26545195610068667,0.04572323362476847,1.5036449694810925,1.1374145772793192,0.1952846301417464,-0.11925600329557887,0.02401235378334721,-0.12084900816863672,-0.0021744013478507958,0.0,0.0,1.5,0.26938567314039574,10840.733319860838,10898.339958556648,10903.592186052654,10851.72210057913,3.0,0.5,0.0,0.0,0.0,0.0,nan,0,-0.007519370949593762,-0.0003295772588660373,0.00462582860162275
5.513352824999856,0.30317414673875176,0.05374016628794326,1.489494600656505,1.2093779309722776,0.24432657963780324,-0.0870116617691816,0.020071988052302245,-0.12490263326827808,-0.0029172436260438235,0.0,0.0,1.5,0.30807942504943797,10837.615961771717,10916.35959096682,10927.575620933674,10857.292131601398,3.0,0.5,0.0,0.0,0.0,0.0,nan,0,0.018540686114436544,0.005747080991552446,-0.009685792727444964
5.523513770999671,0.31718159222905995,0.0604463560039163,1.508423890379641,1.15347791230627,0.1948439216869356,-0.11378241871485721,0.023152317591616397,-0.12962286937255446,-0.004116487112155846,0.0,0.0,1.5,0.32299982404367045,10823.225406577114,10917.885446213193,10921.248550962498,10837.152546909108,3.0,0.5,0.0,0.0,0.0,0.0,nan,0,0.02071573769521068,0.01048519409123156,0.009079620752513895
5.534012573999462,0.3103689828034506,0.050929196116370194,1.4849098923339903,1.2013524293534465,0.2146216340708623,-0.1674804352474678,0.02273069485814962,-0.13506063433498405,-0.009754752655419585,0.0,0.0,1.5,0.31488156480314955,10811.681901905882,10918.468798186941,10926.86720606081,10828.946081568503,3.0,0.5,0.0,0.0,0.0,0.0,nan,0,0.001905442907171595,-0.0010269647913171143,-0.014599044175839238
5.544477583000116,0.324150580822362,0.053918594995807416,1.5046410200368894,1.2069861506537367,0.19145643829476763,-0.1912673818232368,0.027317671594299577,-0.1413771892724838,-0.00585997587562586,0.0,0.0,1.5,0.32863711446028027,10811.681901905882,10918.468798186941,10926.86720606081,10828.946081568503,3.0,0.5,0.0,0.0,0.0,0.0,nan,0,0.003529700622153409,-5.849064206576993e-05,0.00496306924912604
5.554885763000129,0.33766645890951635,0.05495355943005997,1.492906469206308,1.242877666222628,0.2068058459916653,-0.15872405079276652,0.02500341256863092,-0.14531306216900888,-0.004420906669800778,0.0,0.0,1.5,0.3421824796006457,10849.681239124722,10972.665837581839,10988.306172796487,10867.744866709905,3.0,0.5,0.0,0.0,0.0,0.0,nan,0,0.00473461246438317,-0.001069310636722609,-0.006951415138801487
5.565516736999598,0.33772536182833146,0.05396511508723602,1.501255781619272,1.236615994028716,0.210051464343348,-0.19816391026709243,0.02785851492914548,-0.1531674038532199,-0.008052644399115102,0.0,0.0,1.5,0.34201203291102394,10869.689857251975,11006.659626502862,11031.754305899538,10894.637208599373,3.0,0.5,0.0,0.0,0.0,0.0,nan,0,-0.0076657220507162505,-0.004127448291859126,0.0012050297925068065
5.575854930999412,0.34667551515846035,0.06363067524934933,1.5263792821142756,1.2682596472220315,0.1946569505673203,-0.13619823564195718,0.028160329472358508,-0.15144890335753097,-0.0007535123364762424,0.0,0.0,1.5,0.3534524609730941,10864.854081021507,11010.880119463123,11040.235067900723,10895.303679186338,3.0,0.5,0.0,0.0,0.0,0.0,nan,0,-0.011317937875318596,0.0034454212451771257,0.026121777799541723
5.586510858999645,0.3617892379392448,0.062173703951628106,1.4987658222240012,1.2444126339057744,0.20976633635951092,-0.16491044505737337,0.02778985824312846,-0.15842086028880334,0.0059409576895539,0.0,0.0,1.5,0.3670947362010343,10817.09747602146,10971.451315836615,11005.429517749464,10857.186978693875,3.0,0.5,0.0,0.0,0.0,0.0,nan,0,-0.008945536642504193,-0.00012649586477277847,-0.0017076728135261288
5.597420649999549,0.3831850015090328,0.07287909013334729,1.4956380835084513,1.293040249199071,0.19503878176065648,-0.22550016658505717,0.02816940665850819,-0.16533545846029654,0.0007656100199297352,0.0,0.0,1.5,0.3900783683769471,10815.181227534458,10981.785320713512,11007.359287233992,10858.240512948385,3.0,0.5,0.0,0.0,0.0,0.0,nan,0,-0.0004260958550247329,0.008442386611670502,-0.0050553039113105935
5.607758653000019,0.39062168227530597,0.06242806602701931,1.489825680245817,1.2900155830460824,0.21426450266159272,-0.21224539721375224,0.027878664946824665,-0.16975392146174711,-0.0024347027593322975,0.0,0.0,1.5,0.39570958905986137,10843.57588696515,11022.442436510693,11050.037702908125,10890.438151749699,3.0,0.5,0.0,0.0,0.0,0.0,nan,0,-0.005995566503590899,-0.004165796431082447,-0.011094377943071887
5.617918760000066,0.40062303559426093,0.08202277377753908,1.4954664389179195,1.2577440925491306,0.18205190470736368,-0.2659037891294781,0.03057874232828037,-0.17075359536868256,-0.0023882508360879014,0.0,0.0,1.5,0.40895856176757905,10859.343953085528,11045.280429059085,11074.176036302975,10904.159167317612,3.0,0.5,0.0,0.0,0.0,0.0,nan,0,-0.009124872952373797,0.013252020619907212,-0.005691222710449972
5.62843006499952,0.4256480197531824,0.061227254722437265,1.5503621471755766,1.3419925790725007,0.20983676878402055,-0.1844862326217685,0.03212887047903687,-0.17672513556018984,-0.0031871729949298324,0.0,0.0,1.5,0.432968081166252,10901.271729878907,11093.380372281194,11128.743244299503,10950.448912608506,3.0,0.5,0.0,0.0,0.0,0.0,nan,0,0.0026504245762779544,-0.009739174065633079,0.04895055787595237
5.638984442000037,0.4333156775214,0.08129358774044153,1.504595082847334,1.3019234730202147,0.22878290429492049,-0.21509179811010745,0.03309844823402842,-0.18001823170879697,-0.006197698120565692,0.0,0.0,1.5,0.44089935198400626,10820.665344900986,11000.61870486975,11037.63221991024,10871.308547327833,3.0,0.5,0.0,0.0,0.0,0.0,nan,0,-0.003047036281936144,0.00811331410563046,0.0029179803267211923
5.649291570999594,0.43424732729521553,0.08107498826655081,1.5064647473808188,1.3592246432599102,0.24327068831844398,-0.17802593703325076,0.034631255221509734,-0.18525725024145917,-0.01053428890097389,0.0,0.0,1.5,0.44179824348242624,10825.900402099034,11006.39904435213,11041.042924142335,10870.53494572879,3.0,0.5,0.0,0.0,0.0,0.0,nan,0,-0.015593042227051712,0.005663188312142284,0.004518443002293759
5.659796019000169,0.46855773383725274,0.08443357409629643,1.5070359031217977,1.309100061215506,0.2300353626444631,-0.2853785194556922,0.03573346962823259,-0.1929021003320828,-0.01089274457277191,0.0,0.0,1.5,0.4761563632947856,10795.204545315999,10969.352112836827,11001.920485295559,10833.889148358918,3.0,0.5,0.0,0.0,0.0,0.0,nan,0,0.005130652142373182,0.006773148621578337,0.004820540408757346
5.670438534999448,0.46889931727234346,0.08203003358619892,1.5141739729093955,1.3166004973633423,0.2075640383579798,-0.26213896095540634,0.03521986348636985,-0.19501925353956778,-0.005170033276466523,0.0,0.0,1.5,0.4762314538716012,10836.868728164032,11020.874906232508,11056.131275673968,10872.563899964216,3.0,0.5,0.0,0.0,0.0,0.0,nan,0,-0.008219337378595981,0.0021045842741759663,0.011689189082065843
5.68091496299985,0.49326389141587934,0.08309575918250513,1.4614757133046163,1.3866981252743786,0.21461244227855208,-0.21843009421102622,0.03338448262213401,-0.19611623549750087,-0.0028300202228964903,0.0,0.0,1.5,0.5016954179920735,10842.492888451297,11031.824628356366,11068.011327531396,10882.046296912147,3.0,0.5,0.0,0.0,0.0,0.0,nan,0,0.0023536045883289503,0.0008896897304760953,-0.041282996939950856
5.691365315999974,0.5128715767928533,0.08327422512669051,1.5056287929095764,1.359821090990388,0.2334850928406414,-0.24877118644670113,0.03567753420364215,-0.2011342352987794,-0.0018400669655672056,0.0,0.0,1.5,0.51961864300856,10842.492888451297,11031.824628356366,11068.011327531396,10882.046296912147,3.0,0.5,0.0,0.0,0.0,0.0,nan,0,0.008073805293959846,-0.0012273645482079876,0.0025901458608967864
5.702019143000143,0.5266895488676846,0.07536729130019368,1.5027944011801797,1.3733358176587562,0.2121321617414911,-0.2647249859417592,0.035597755894377414,-0.20597081530987532,-0.004120707553392831,0.0,0.0,1.5,0.5320619495531786,10848.24475696009,11037.699713225764,11069.49648328424,10890.9795329848,3.0,0.5,0.0,0.0,0.0,0.0,nan,0,0.007912171942810131,-0.011444108041280585,-0.0005298425785738026
5.712418532999436,0.5483603462555072,0.08322805468140373,1.4915809876925858,1.4352082212767843,0.20159681133158386,-0.20526051238218657,0.03830439315973391,-0.20856039131249127,-0.010595429774100445,0.0,0.0,1.5,0.5547042979820355,10848.24475696009,11037.699713225764,11069.49648328424,10890.9795329848,3.0,0.5,0.0,0.0,0.0,0.0,nan,0,0.015514629487187404,-0.0059068963524174095,-0.012033002330227527
5.723301102999358,0.5359063975868515,0.11127977839550887,1.4903048396816199,1.3937074650475256,0.19958438318780797,-0.22211423097281915,0.03762815978737492,-0.2082302951295339,-0.005976155444847794,0.0,0.0,1.5,0.5474238323163043,10813.285296582118,10986.774129510979,11030.211919695983,10860.530793293625,3.0,0.5,0.0,0.0,0.0,0.0,nan,0,-0.011093730565192361,0.019807952650802388,-0.013598671571549037
5.7334943939995355,0.5634458911671159,0.0835690707607138,1.4822705650564165,1.3695873894065689,0.2432868076486218,-0.327674131826527,0.03814423942396478,-0.21404744451282154,-0.011183286972534725,0.0,0.0,1.5,0.5698854224529114,10808.555302106906,10974.377931930632,11016.017256975323,10852.997397356648,3.0,0.5,0.0,0.0,0.0,0.0,nan,0,0.002207674384818059,-0.010252586471937067,-0.021917201035042133
5.74396113199964,0.5757898498714575,0.08349372633770082,1.5037997813859305,1.4099908997590442,0.2031419444052384,-0.2692085770641263,0.03657178024427199,-0.21699729737588674,-0.0025146042860289893,0.0,0.0,1.5,0.5818243651578467,10873.707725117823,11047.452536451887,11087.387453532172,10912.714593823537,3.0,0.5,0.0,0.0,0.0,0.0,nan,0,0.00023426637582291132,-0.012690017874541756,-0.000671716699401248
5.75442804299928,0.5937781769558139,0.09182622643137821,1.519505254272906,1.425775587944126,0.20612365983434375,-0.35209769169720756,0.03990617409490482,-0.2182132166736284,-0.012385896869828793,0.0,0.0,1.5,0.6011530871864897,10873.707725117823,11047.452536451887,11087.387453532172,10912.714593823537,3.0,0.5,0.0,0.0,0.0,0.0,nan,0,0.00383000441628234,-0.006731225173686017,0.014747009976314729
5.764878576999763,0.6151738446689796,0.10132636278084087,1.5073605445234275,1.3727376082353393,0.2427409766846539,-0.28142257010820854,0.0418910597643843,-0.2248657274262824,-0.00894310003610945,0.0,0.0,1.5,0.6235062698761655,10884.617641866662,11049.124253819633,11095.420817022603,10924.922095156626,3.0,0.5,0.0,0.0,0.0,0.0,nan,0,0.010761102648517595,0.0003840722893382609,0.0023123392981914126
5.7754315759993915,0.6329846676796775,0.10528360818205522,1.4806299614648113,1.4071638325611255,0.2606693639412054,-0.3159544489169442,0.04331189376112467,-0.22208034269241117,-0.00889396069961155,0.0,0.0,1.5,0.6419730726924916,10871.635695541494,11033.493855998706,11073.988106320707,10907.669435079184,3.0,0.5,0.0,0.0,0.0,0.0,nan,0,0.014038444133024908,0.0019457989511762475,-0.024711300777258582
5.785757822999585,0.6383889467719223,0.11983343484064127,1.5211515414917962,1.4142836231738531,0.23404365385960182,-0.29122138318584173,0.04102911615197346,-0.22968886766048024,-0.012458988389457089,0.0,0.0,1.5,0.6498829795999812,10904.944619953432,11066.823117762759,11102.462177893769,10937.049545073236,3.0,0.5,0.0,0.0,0.0,0.0,nan,0,0.004843518789181656,0.014089891904856988,0.015513329919867536
5.796300637999593,0.6423420068999918,0.10584123941498043,1.5199272152572398,1.4284657777796663,0.2566345018638907,-0.27655512850740804,0.04046125667743021,-0.2326039951368556,-0.010831454684306106,0.0,0.0,1.5,0.6513084643217195,10874.6996383552,11029.544167726164,11058.813699279699,10900.28836244931,3.0,0.5,0.0,0.0,0.0,0.0,nan,0,-0.00586577636272223,-0.00231789668446139,0.01398959172687575
5.807181326999853,0.6456260204270513,0.11726835107333505,1.536815727338847,1.4170597656148738,0.2780565933974653,-0.3337496835043417,0.04394547374970831,-0.23544993215983398,-0.00940380680891588,0.0,0.0,1.5,0.6572215929162847,10844.428704574402,10986.687717317278,11010.116910064944,10860.50749589735,3.0,0.5,0.0,0.0,0.0,0.0,nan,0,-0.017306242186842846,0.006683854307367593,0.030583793857466235
5.8182623039992905,0.6725859889322979,0.09776534771208903,1.489469115368973,1.4242591085818566,0.21397004402544526,-0.28273994508697525,0.04277804449936441,-0.23614764104929525,-0.0062337455804787525,0.0,0.0,1.5,0.6797358863944252,10831.919036113832,10969.36210916208,10986.939746345462,10842.392218704823,3.0,0.5,0.0,0.0,0.0,0.0,nan,0,-0.005131663522461527,-0.015254151584127934,-0.017045775433823795
5.828333679000025,0.7040462868649549,0.1022505840213122,1.5037821161179084,1.4575984549724748,0.27663742104011146,-0.3340341941652206,0.04125829593473678,-0.24093834502807265,-0.009778879221929685,0.0,0.0,1.5,0.7114426613461966,10833.254672994974,10969.925124417723,10987.672768859196,10847.007943529012,3.0,0.5,0.0,0.0,0.0,0.0,nan,0,0.011484544032846822,-0.013213261272597532,-0.0030027307723672347
5.839437329999782,0.7190467390604565,0.12745684968238954,1.537642912850698,1.4089375726639788,0.2154837256625667,-0.3614797659215508,0.043907788595021195,-0.240469618272854,-0.008893178793118201,0.0,0.0,1.5,0.7312253075299846,10842.729766638206,10980.649330367529,10998.94898271026,10858.869923174385,3.0,0.5,0.0,0.0,0.0,0.0,nan,0,0.011584868168088125,0.00953969485378052,0.030600540659587505
5.8497053769997365,0.7269494301196061,0.13268569693508322,1.5166510594845737,1.4654359122304164,0.2328351660187388,-0.3553346989181317,0.04140139495015446,-0.24831105603390527,-0.00466646395967346,0.0,0.0,1.5,0.7391469582595384,10852.339474074735,10991.148253057192,11010.041886500772,10870.008436124828,3.0,0.5,0.0,0.0,0.0,0.0,nan,0,0.00453424904047961,0.012306684523053724,0.009361930400362484
5.85983770599978,0.7308210155734741,0.10982312482544218,1.4900504055571102,1.457400774858401,0.20633377091784638,-0.39139217191491,0.04062895059747446,-0.24829116051909678,-0.01239749252038991,0.0,0.0,1.5,0.7390936814638904,10855.352255565116,10996.186914185273,11015.83059022869,10877.541981304996,3.0,0.5,0.0,0.0,0.0,0.0,nan,0,-0.006598087529426477,-0.013025922474326546,-0.017475518468107243
5.870869416999994,0.7697495572611662,0.12035283861926592,1.4912920471552429,1.4354700259730806,0.23576039186992406,-0.4172297611332175,0.04334307191500949,-0.2479426253286688,-0.010953724197754615,0.0,0.0,1.5,0.77915018777526,10882.513298779273,11026.386120865882,11048.572886884058,10906.239817846445,3.0,0.5,0.0,0.0,0.0,0.0,nan,0,0.01727855002508183,-0.004974038431801983,-0.016462049941617263
5.880637114999445,0.7824215173381237,0.14491190940116142,1.493623014705377,1.4261828713868288,0.21560106500412166,-0.38490103930141145,0.041294487997730535,-0.2497910162321264,-0.009589628698035438,0.0,0.0,1.5,0.7957534531633715,10934.224439124913,11080.342428154254,11106.600735638543,10957.161935075334,3.0,0.5,0.0,0.0,0.0,0.0,nan,0,0.014854814942677708,0.017100052277128103,-0.014358425886716875
5.890802848000021,0.7781157640857045,0.11736442143661137,1.5074109689734279,1.4858955337251791,0.2427629813673435,-0.33517070855110537,0.04610646188138944,-0.25256557947291175,-0.006743144042187265,0.0,0.0,1.5,0.7869520139112393,10934.224439124913,11080.342428154254,11106.600735638543,10957.161935075334,3.0,0.5,0.0,0.0,0.0,0.0,nan,0,-0.004586138605603529,-0.012938906339624398,-0.0008053545579174148
5.9018617080000695,0.7981347443499284,0.13002052730001018,1.5117304672481857,1.467150903121586,0.2156279568365538,-0.3784655709931024,0.04539413530499493,-0.2524771193534049,-0.0122062409113104,0.0,0.0,1.5,0.80874100398073,10956.588933564637,11095.519332175807,11120.008495557518,10977.996670226723,3.0,0.5,0.0,0.0,0.0,0.0,nan,0,0.0002606891759313612,-0.0027803917968196035,0.0032698615955359944
5.9122689939995325,0.8178882622237293,0.12313671824140258,1.4834854051093083,1.469577526523798,0.25147549004359643,-0.37728867243980985,0.04330053518309147,-0.25494098534098325,-0.009578072071547402,0.0,0.0,1.5,0.8272705680169083,10948.707157453258,11078.60947886897,11107.422630965657,10973.404231955903,3.0,0.5,0.0,0.0,0.0,0.0,nan,0,0.004805936600992933,-0.012167829204195527,-0.02522442286332205
5.922634765000112,0.8494919068472326,0.142282200013254,1.4939966968019112,1.4734270628986696,0.24360315752613687,-0.3663330002170367,0.04536113248509302,-0.2562741350311611,-0.00874365903923521,0.0,0.0,1.5,0.8613459025785444,10965.119357981814,11091.675396549395,11117.580457301352,10987.42126128802,3.0,0.5,0.0,0.0,0.0,0.0,nan,0,0.02116706388641587,0.004468242730269023,-0.01496716792722208
5.933489404999818,0.8517592815456931,0.1326958924477035,1.4893294234935763,1.4613846846894205,0.2551482500829643,-0.41504110004972994,0.04547594724660861,-0.25444459432044114,-0.013282534917677655,0.0,0.0,1.5,0.8620997243792085,10968.11681813746,11090.192576614334,11113.00817792772,10989.053011229491,3.0,0.5,0.0,0.0,0.0,0.0,nan,0,0.008159799510888077,-0.0076329602805980945,-0.019894432076680957
5.9436114350000935,0.8332120496569024,0.1424299702705708,1.5065105550676894,1.491932248051483,0.2277404040414107,-0.3492001850502664,0.04635159124498228,-0.262702682506052,-0.010298138229067845,0.0,0.0,1.5,0.8453230172259724,11001.275899877905,11119.175878513792,11141.642420889251,11018.709292298805,3.0,0.5,0.0,0.0,0.0,0.0,nan,0,-0.02569194958651666,-0.00041894926414454137,-0.0029810931359575132
5.953892957999415,0.8703640712252079,0.1451820313207568,1.5440459197128955,1.4726611615851157,0.23781239087471306,-0.39961599447222346,0.043572001903153204,-0.26081418595770883,-0.01116927182955473,0.0,0.0,1.5,0.8834882465214208,10958.250807752074,11066.030789667086,11086.059934180728,10976.222475314917,3.0,0.5,0.0,0.0,0.0,0.0,nan,0,-0.0038732766866068635,-0.0001920109786716362,0.03428104613296745
5.964299057000062,0.9013635668962151,0.13441083413215704,1.5068573861171644,1.5434333314452138,0.2621822223819683,-0.37518841548801635,0.04724044034759858,-0.25931254564294254,-0.011790804859555797,0.0,0.0,1.5,0.9113558996376386,10935.403595266911,11032.549182923936,11047.836500114134,10949.134741308204,3.0,0.5,0.0,0.0,0.0,0.0,nan,0,0.011763664917898708,-0.013493506696093144,-0.003178759690440458
5.974734226999317,0.9027265215083485,0.14385308181632953,1.5281993956830713,1.4567498556193919,0.2603603010723972,-0.4285360298125657,0.0468632908958764,-0.2709338529415831,-0.015246507794843418,0.0,0.0,1.5,0.9145513040281058,10935.403595266911,11032.549182923936,11047.836500114134,10949.134741308204,3.0,0.5,0.0,0.0,0.0,0.0,nan,0,-0.0022648185041539426,-0.006586737006729265,0.01789842972693334
5.985588262999954,0.9139070143821807,0.1527892947207298,1.4874929404068113,1.4664483030850837,0.26591152085077596,-0.4455462363104496,0.047102710557932706,-0.26874518677576836,-0.012746809357842713,0.0,0.0,1.5,0.9266752538283717,10930.979969462913,11021.185554889604,11036.765380068431,10940.301918201543,3.0,0.5,0.0,0.0,0.0,0.0,nan,0,-0.00650346476991559,-0.00019104211333084709,-0.02306531650489485
5.996058433000144,0.9487687039239056,0.13516113553483705,1.497793187935917,1.491832166506151,0.26432886288029256,-0.37536081540042643,0.044594285680534355,-0.2647436272486895,-0.009802833792983665,0.0,0.0,1.5,0.958350382753615,10978.38364597965,11078.65342706361,11093.007907888981,10988.235901664213,3.0,0.5,0.0,0.0,0.0,0.0,nan,0,0.012914201972762163,-0.02036434935107037,-0.013019943016945312
6.0067238530000395,0.955030032497694,0.1542466820869369,1.4939430271409724,1.499937861754627,0.27926180966365804,-0.4125926776720694,0.05017150936362581,-0.2635130473732477,-0.01745825858629407,0.0,0.0,1.5,0.9674249783975966,10968.837530304043,11057.346457249423,11070.429472859707,10975.789871990584,3.0,0.5,0.0,0.0,0.0,0.0,nan,0,0.003708697596243593,-0.0038282916332623984,-0.01712513576933805
6.0167460239999855,0.9562372662728199,0.16592126305934077,1.496618499070611,1.4570644475772656,0.26433280726015074,-0.4322385331668044,0.04581375354688888,-0.2702403344293367,-0.012478495638829693,0.0,0.0,1.5,0.970531302685626,10968.837530304043,11057.346457249423,11070.429472859707,10975.789871990584,3.0,0.5,0.0,0.0,0.0,0.0,nan,0,-0.010572523801862244,0.005292605726094024,-0.014704391767646152
6.027273271000013,0.9838552402056051,0.16762723304925217,1.5239513662813817,1.4825875463881932,0.2572820881068987,-0.4327232779965027,0.04831868564296836,-0.2731689314575411,-0.009060943221092048,0.0,0.0,1.5,0.9983204349739228,11007.674811497629,11094.204993162624,11104.32016807375,11010.554014394345,3.0,0.5,0.0,0.0,0.0,0.0,nan,0,0.0015374417510023441,0.004440990785836735,0.012371136062324872
6.037788308000017,1.019011218147311,0.16212230112564288,1.4978872517340225,1.5023598708036912,0.22776334472508894,-0.3836359662815324,0.05081114565031814,-0.27483117294529347,-0.016658300428762585,0.0,0.0,1.5,1.0318294272492792,11006.007011608976,11094.815098418136,11101.624772481136,11009.863664470107,3.0,0.5,0.0,0.0,0.0,0.0,nan,0,0.021167708942019692,-0.0036251664010139295,-0.013955228838376854
6.048444713999743,1.008639912288536,0.17003338425548448,1.5031139565379525,1.51711697022452,0.24954041456778264,-0.39857869794035117,0.04560576777231956,-0.2755131683907586,-0.011993252221370881,0.0,0.0,1.5,1.0228761025403414,10979.80572499807,11057.723832319896,11075.226690716276,10986.674338141134,3.0,0.5,0.0,0.0,0.0,0.0,nan,0,-0.004746925009361469,0.0017210274846894136,-0.008991845227387607
6.05887490799978,1.0437933188496549,0.17204453466871164,1.5290216495121565,1.518465759096341,0.23133008391447968,-0.4223560775841272,0.05151582426123123,-0.2722123564496152,-0.014805579412066847,0.0,0.0,1.5,1.058275044837096,10979.80572499807,11057.723832319896,11075.226690716276,10986.674338141134,3.0,0.5,0.0,0.0,0.0,0.0,nan,0,0.014845402937601504,0.0011635687772283687,0.016655859845128962
6.06929680399935,1.0511255657535945,0.17040297480976174,1.5005958967081743,1.5398744248750602,0.2503374297167499,-0.40127341977505104,0.04461282180705064,-0.2770281524038069,-0.005756793604771941,0.0,0.0,1.5,1.0648485732242483,10950.35037529104,11012.854905637632,11032.041769535048,10956.93522012891,3.0,0.5,0.0,0.0,0.0,0.0,nan,0,0.006598872687332946,-0.003050343325285948,-0.012023007119931872
6.0796064619999015,1.0836239113663542,0.16794732494051756,1.5059375422852106,1.4946077943242815,0.29114396358369105,-0.3919040110688307,0.046254699070223844,-0.2792911809683606,-0.014575644029585534,0.0,0.0,1.5,1.0965775575161023,10950.35037529104,11012.854905637632,11032.041769535048,10956.93522012891,3.0,0.5,0.0,0.0,0.0,0.0,nan,0,0.023500979792926868,-0.00808208022523696,-0.0069248972952220544
6.090488838000056,1.0779086734682612,0.1782623821478501,1.4953970567011872,1.5333147492649957,0.24726182160405225,-0.4452975075641179,0.053841108371273885,-0.280182205611287,-0.01297854123814011,0.0,0.0,1.5,1.0925592763388836,10932.31694517887,10995.158875418336,11000.008733549337,10933.733879182639,3.0,0.5,0.0,0.0,0.0,0.0,nan,0,0.0021723558632391615,-0.00034682338596206397,-0.017697067135734157
6.100583089999418,1.0848981648228746,0.17949945537166934,1.5051236535606,1.5443240021151294,0.262406103260076,-0.41417763634635646,0.04459883579609701,-0.2796395145151477,-0.010774413058387045,0.0,0.0,1.5,1.0996591900859902,10932.31694517887,10995.158875418336,11000.008733549337,10933.733879182639,3.0,0.5,0.0,0.0,0.0,0.0,nan,0,-0.006467470958102295,-0.00169309236607601,-0.008191344781847798
6.111301444999299,1.1055077973314489,0.20028648490347287,1.5077861560402173,1.5151000844659448,0.24898044015459242,-0.45066294020897585,0.04958412011129368,-0.27523108440385124,-0.013555163877837987,0.0,0.0,1.5,1.1235313926283963,10947.62419178006,11009.835345617086,11016.224714073367,10951.004407553444,3.0,0.5,0.0,0.0,0.0,0.0,nan,0,-0.0015019128534987658,0.016507220437699782,-0.005739946412324448
6.121775791999426,1.1194174691753005,0.1920894201723409,1.501524460179335,1.5409565623267847,0.2152041643143536,-0.4815539837628317,0.04812806222140406,-0.2817736977391322,-0.01505358942109682,0.0,0.0,1.5,1.135779969719408,10947.62419178006,11009.835345617086,11016.224714073367,10951.004407553444,3.0,0.5,0.0,0.0,0.0,0.0,nan,0,-0.003249930019661118,0.005720228012130263,-0.012204020297543083
6.132227875999888,1.1444211855524926,0.18833256573230941,1.5066607329021873,1.5477947562799224,0.27507986338208795,-0.40352166201195505,0.04759213720202318,-0.279636414248229,-0.011555766824253378,0.0,0.0,1.5,1.1598333374323577,10999.075705776808,11062.332211353176,11075.90899173207,11005.273534221586,3.0,0.5,0.0,0.0,0.0,0.0,nan,0,0.006084621847477489,-0.0006294360258680964,-0.007266042170332998
6.143200435999461,1.1600031652932905,0.18185087823837132,1.5054893475839295,1.4483418112070827,0.2545328207033948,-0.46028721881669116,0.048444301858537514,-0.2798330929037497,-0.009977876681189471,0.0,0.0,1.5,1.1741836391056628,10974.216900078318,11028.23129455007,11033.122458624539,10977.24952401804,3.0,0.5,0.0,0.0,0.0,0.0,nan,0,0.00598657743384301,-0.009706732993411626,-0.00863110574044601
6.153312018000179,1.1647233030982904,0.19699564681353632,1.4922559383749425,1.5018257761940155,0.2169449973412608,-0.45266709006250544,0.04458018808695863,-0.2813293200622889,-0.006501687411823608,0.0,0.0,1.5,1.1812906620024253,11004.033785078494,11062.347839488471,11067.119749285901,11008.982732148463,3.0,0.5,0.0,0.0,0.0,0.0,nan,0,-0.004983422462647713,0.0028397313977881755,-0.022053616619063465
6.164021939999657,1.1958227735044678,0.17675644005440144,1.5210610215999758,1.488244468090583,0.2651971862210912,-0.4104407121546273,0.05207237337343804,-0.28095033126677355,-0.010829865434000885,0.0,0.0,1.5,1.2089989707867652,11023.576113539273,11083.237911661467,11087.129232830288,11030.593834446545,3.0,0.5,0.0,0.0,0.0,0.0,nan,0,0.010417787959687397,-0.02000016323405332,0.006562478488546297
6.174180932000127,1.1961832189027402,0.2254868082541663,1.5138582304304031,1.511759359409425,0.2853329304262047,-0.43832779937660904,0.05091166726028817,-0.28437427437539536,-0.02346785750555099,0.0,0.0,1.5,1.217329308129823,11023.576113539273,11083.237911661467,11087.129232830288,11030.593834446545,3.0,0.5,0.0,0.0,0.0,0.0,nan,0,-0.004928033693495815,0.026127141009823468,-0.0008272872256775976
6.184874580999349,1.2210292607019897,0.20901427537157613,1.4954360099428061,1.5133111081977062,0.2722670924953031,-0.46399080945139426,0.046992077797812976,-0.2812771656950498,-0.013991207453584772,0.0,0.0,1.5,1.2387979063611607,10987.566197966575,11028.236599403339,11032.372311946787,10982.787631142239,3.0,0.5,0.0,0.0,0.0,0.0,nan,0,0.0042030998473103764,0.0070490551296112924,-0.019430104988992003
6.195093176999762,1.222057511881337,0.19465478209164813,1.48404488421973,1.520895868208544,0.263946507868117,-0.3707611620844656,0.04474310134336077,-0.2822274755103806,-0.012541484240706785,0.0,0.0,1.5,1.2375660031918754,10987.566197966575,11028.236599403339,11032.372311946787,10982.787631142239,3.0,0.5,0.0,0.0,0.0,0.0,nan,0,-0.010491139139593875,-0.00991831451403477,-0.03099701083806461
6.205639971999517,1.2692154510114784,0.2128614689191106,1.5205114935576525,1.4992913505317171,0.22944239423544946,-0.4530205119000855,0.04985728828038772,-0.2840110524202894,-0.013520865464659448,0.0,0.0,1.5,1.2871047305501746,10992.418228880848,11024.709283824182,11023.314053090138,10983.916907636476,3.0,0.5,0.0,0.0,0.0,0.0,nan,0,0.02093715247414618,0.005678239602424279,0.005299155609598483
6.216128770999603,1.2530412960497086,0.19996717244714887,1.5240820598580802,1.550739481731783,0.26430922832927817,-0.4547085040709365,0.05340181908914973,-0.2836648123223687,-0.021533565197966963,0.0,0.0,1.5,1.2691254095909708,10990.612437529708,11020.30587439168,11026.619084212316,10990.006582536247,3.0,0.5,0.0,0.0,0.0,0.0,nan,0,-0.010974031116416816,-0.00982847902024958,0.008707268472070151
6.226760982999622,1.2951675718783642,0.2225621621011705,1.5092903359047827,1.5572335525287775,0.26023470705117296,-0.42150254460768016,0.05085431341466378,-0.2837922053199378,-0.013604568939509547,0.0,0.0,1.5,1.3141838781485904,10980.421588448797,11001.811274164176,11015.786825051982,10979.614233552255,3.0,0.5,0.0,0.0,0.0,0.0,nan,0,0.015408005755951804,0.010151833859255638,-0.006237696370372081
6.237106568999479,1.2873731275887428,0.20783663974851285,1.5065842142391979,1.4707796778151196,0.24509706605059156,-0.41571809392154396,0.04901569829816121,-0.2845538800371576,-0.01454679614353647,0.0,0.0,1.5,1.304058660619499,10964.430322644444,10982.435636861695,10994.31317215621,10965.404740858077,3.0,0.5,0.0,0.0,0.0,0.0,nan,0,-0.008138207403568742,-0.007190664713713657,-0.00908502129559996
6.24778569999944,1.3304944016740567,0.22559749621594544,1.5275413124737391,1.5257180847066387,0.26606410734463126,-0.4587629207334546,0.04959511579295163,-0.2872838052928417,-0.01073117936335835,0.0,0.0,1.5,1.3497659452948447,10965.388506654472,10984.69861422598,10996.892500119322,10968.176849789063,3.0,0.5,0.0,0.0,0.0,0.0,nan,0,0.01922383877583833,0.007950933717261466,0.011744346122337213
6.2585177629998725,1.3265241756837653,0.21129083521085654,1.5201559315319346,1.5241424095572027,0.2438510924961468,-0.4663590094691987,0.04856315743951439,-0.2845111911793148,-0.008979238613933675,0.0,0.0,1.5,1.3433973601632223,10961.750506439344,10984.851707793407,10990.741498288708,10963.98101583353,3.0,0.5,0.0,0.0,0.0,0.0,nan,0,-0.0005126739034051475,-0.00897719744412695,0.004244968642828972
6.268596924999656,1.341674560683258,0.22332383690630306,1.5076632907755168,1.4902240030629759,0.27555986878331445,-0.4831598626026789,0.05068155743189787,-0.2858600824988832,-0.020612579077247024,0.0,0.0,1.5,1.3601554649894536,10961.750506439344,10984.851707793407,10990.741498288708,10963.98101583353,3.0,0.5,0.0,0.0,0.0,0.0,nan,0,-0.0011349432837117757,0.00043223815296250523,-0.008348708248666403
6.2793492989994775,1.3509438712499533,0.23215743049694196,1.5170887873934429,1.5220153068891598,0.2556812236096624,-0.456390294343005,0.053703010353412295,-0.2840086844301179,-0.015653808414507083,0.0,0.0,1.5,1.3708531804891912,11009.146911802538,11032.44475817593,11041.554487277996,11007.49440627158,3.0,0.5,0.0,0.0,0.0,0.0,nan,0,-0.007642983418715277,0.006640445260085948,0.0009845748825221268
6.289705125999717,1.3874880618606178,0.22484511752763656,1.4966557503633438,1.4872339303822033,0.2583241678592169,-0.46117256897616854,0.05234317137737965,-0.28419368354278185,-0.018656469597178992,0.0,0.0,1.5,1.4055922711396014,11009.146911802538,11032.44475817593,11041.554487277996,11007.49440627158,3.0,0.5,0.0,0.0,0.0,0.0,nan,0,0.013120299866609786,-0.0032988859211955934,-0.019534238484987254
6.300392844999806,1.4078818298867928,0.22507345871264833,1.5046867239775008,1.5266418322778568,0.2536696309213554,-0.4889296526162231,0.05184704964577976,-0.28593795236408587,-0.02089199352357561,0.0,0.0,1.5,1.425766907360351,11027.332026520351,11047.875049184127,11064.276560301378,11030.191411211968,3.0,0.5,0.0,0.0,0.0,0.0,nan,0,0.017730538931803208,-0.005699040237462455,-0.011584344549900427
6.310611609999796,1.3978365150197303,0.2321137111478354,1.5014205046449365,1.4976857632348555,0.28588893523293235,-0.4754597557293632,0.053554202262717426,-0.28607643707516034,-0.01838201262559575,0.0,0.0,1.5,1.4169776693578382,11045.639530596323,11067.895572398098,11086.112730740793,11045.847245726347,3.0,0.5,0.0,0.0,0.0,0.0,nan,0,-0.008099426335946625,-0.0012885163623185258,-0.014930641373176012
6.321474982999462,1.4312782695223285,0.23041835577555836,1.5266197220687368,1.4964771277712985,0.23060202666240034,-0.4764068092441317,0.04764483229277977,-0.2885197804027376,-0.012356068711075608,0.0,0.0,1.5,1.4499512795567167,11056.346277284967,11082.04316190561,11099.233341252268,11055.097482261948,3.0,0.5,0.0,0.0,0.0,0.0,nan,0,0.009557714679353513,-0.005614647369203557,0.010186905341372343
6.3318236389995946,1.4291375053303297,0.24592780836927358,1.5229720327669918,1.514776908681297,0.21890631192535842,-0.40460363627091533,0.049671638420825275,-0.28670973092130475,-0.00988651977749332,0.0,0.0,1.5,1.4503248637324535,11043.426454381597,11068.923272712284,11084.307791957943,11045.896987684262,3.0,0.5,0.0,0.0,0.0,0.0,nan,0,-0.008367335664546172,0.0072630252219598734,0.006456210699206766
6.342592092999439,1.4526869110193863,0.24157343431018077,1.5148343238214612,1.5077592400304647,0.2999324013822592,-0.44318999340974646,0.05053032135997553,-0.28971644525038687,-0.014929700521153295,0.0,0.0,1.5,1.4727107804231967,10995.476197474181,11010.875002446377,11022.5558362509,11001.275706818893,3.0,0.5,0.0,0.0,0.0,0.0,nan,0,-0.0006033483052618749,0.0002756225517701605,-0.0017597765370238605
6.352797754999301,1.4718323079638913,0.23754900247178085,1.4840856053222224,1.4981393745532678,0.2782404890375103,-0.4133657552388469,0.053434192728719916,-0.288942832735202,-0.018514032899577582,0.0,0.0,1.5,1.4909638289709155,10987.419426458966,11003.262989652912,11009.109252113583,10987.768486557841,3.0,0.5,0.0,0.0,0.0,0.0,nan,0,0.002754166677613412,-0.0063833122649267215,-0.0325764770790864
6.363239638999403,1.4761246052744084,0.2544407927674147,1.513823096845818,1.5359271578350409,0.26414676155308486,-0.44137162736105984,0.049390306547128345,-0.287610046832606,-0.011331299534429316,0.0,0.0,1.5,1.49795695710092,10987.419426458966,11003.262989652912,11009.109252113583,10987.768486557841,3.0,0.5,0.0,0.0,0.0,0.0,nan,0,-0.00874376569170332,0.007872509420637192,-0.0028959995331339083
6.3737791149997065,1.5021612368278987,0.25514367398715904,1.5000915013600618,1.5560136138819773,0.28314797973550637,-0.41233898272588837,0.05133559677659483,-0.2868366574369464,-0.017409389571205622,0.0,0.0,1.5,1.5236753867463,10982.85888072185,10997.071543971482,10998.483734670674,10980.215482297626,3.0,0.5,0.0,0.0,0.0,0.0,nan,0,0.0015003631967274167,0.005937958542799215,-0.016672871973851144
6.384225258999322,1.5102430221608725,0.26211525828009297,1.5083398463937419,1.5483488977121869,0.2643404650064363,-0.4980995854448618,0.04887055819178093,-0.29022235282113756,-0.013675818700628777,0.0,0.0,1.5,1.5328430929637635,10970.58435175111,10975.455848841326,10976.194251473438,10964.795909541537,3.0,0.5,0.0,0.0,0.0,0.0,nan,0,-0.006213116449012235,0.010270558619014325,-0.008455450367973238
6.394505259999278,1.5395895901233108,0.24075484867515837,1.4854746679145343,1.514746975601104,0.29961866328507025,-0.46790811977747354,0.055826122548811495,-0.2932094345971739,-0.02777603096888262,0.0,0.0,1.5,1.5583677320994733,10970.58435175111,10975.455848841326,10976.194251473438,10964.795909541537,3.0,0.5,0.0,0.0,0.0,0.0,nan,0,0.007336147487133626,-0.01373027640554561,-0.0313386587895772
6.404874001999815,1.556953109381694,0.2623997259981725,1.513300465467887,1.517222808845224,0.2870763951157223,-0.43900050994725,0.04937036061934827,-0.2926203616644705,-0.01559255292503925,0.0,0.0,1.5,1.5789659601773889,11022.930807265091,11038.976483716817,11047.115887444776,11012.815683289937,3.0,0.5,0.0,0.0,0.0,0.0,nan,0,0.00890212465433926,0.005273023568520663,-0.0035230751593047227
6.415886385999329,1.5704681222862225,0.2774496075346927,1.5267295612068086,1.531653800590482,0.3072771461453446,-0.4591713917787279,0.05237822265220322,-0.29029682178479105,-0.021547796446103645,0.0,0.0,1.5,1.5950118737115022,11002.534533980632,11018.781187481996,11019.440023697958,10990.585076297242,3.0,0.5,0.0,0.0,0.0,0.0,nan,0,0.006619626951086532,0.017680219001717123,0.009903615014664968
6.425960220999514,1.5937558211613176,0.2798270538631553,1.5106162173148205,1.506653091393174,0.27557563821325387,-0.4527600659456944,0.0496793453384874,-0.2892298958911499,-0.01949289256489671,0.0,0.0,1.5,1.6181697999991826,11002.534533980632,11018.781187481996,11019.440023697958,10990.585076297242,3.0,0.5,0.0,0.0,0.0,0.0,nan,0,0.014109038618323133,0.017413742405893162,-0.006200792809073263
6.4365761369999746,1.58359357930835,0.25349120147807536,1.5237800690616605,1.5017016941351153,0.26157590463716346,-0.5228032865140493,0.04967489754610179,-0.2939708146468427,-0.0081317322959017,0.0,0.0,1.5,1.6039301435343145,10996.849382567709,11006.339328533082,11003.912332813157,10978.703715576417,3.0,0.5,0.0,0.0,0.0,0.0,nan,0,-0.01185232289868976,-0.011567269283895454,0.006984320925088605
6.446840371999315,1.6097448606315274,0.2840762869509018,1.5105864538117675,1.5012349993171994,0.29062678096150446,-0.4820664211317391,0.05371370823380578,-0.29171275244845185,-0.02053311903559275,0.0,0.0,1.5,1.6346528457570848,10996.849382567709,11006.339328533082,11003.912332813157,10978.703715576417,3.0,0.5,0.0,0.0,0.0,0.0,nan,0,-0.0014997312218110181,0.016371642710666323,-0.006179141635526797
6.457672945000013,1.6187508293823059,0.2659227703312515,1.4949547509481709,1.5497702466099599,0.24936095161909724,-0.40078775515688,0.05289130126682724,-0.2936437191428532,-0.013985527300195769,0.0,0.0,1.5,1.6404556141342397,11031.315704242428,11052.809245794995,11052.659964227787,11022.234459463632,3.0,0.5,0.0,0.0,0.0,0.0,nan,0,-0.008290696623606264,-0.004428822616570571,-0.02177548398638507
6.467835491999722,1.6443357482644858,0.270710811745063,1.4721370598137435,1.4773958931258222,0.2766026054696481,-0.4871116184786889,0.05395359163097287,-0.29032442910664014,-0.015359605216135762,0.0,0.0,1.5,1.666703554940716,11031.315704242428,11052.809245794995,11052.659964227787,11022.234459463632,3.0,0.5,0.0,0.0,0.0,0.0,nan,0,0.0014983822317593543,-0.0022885849267031966,-0.04454974198739814
6.478533032000087,1.6620459256693314,0.275176392258943,1.5310746590919,1.5016720641577266,0.2792639330536709,-0.4254909985425656,0.05228234578898258,-0.28955159064677977,-0.014548257616776644,0.0,0.0,1.5,1.6849582607080658,11047.238717389686,11070.941052130505,11078.234710845472,11049.404743517098,3.0,0.5,0.0,0.0,0.0,0.0,nan,0,0.0034146786308553168,-0.00047149107515170874,0.014437121057968128
6.4892748319998645,1.6644213423610101,0.2947160974811066,1.5169989528701349,1.4664852764730032,0.2693381865642957,-0.4531985940170749,0.051774939345933475,-0.2909858188391005,-0.020101029436484563,0.0,0.0,1.5,1.6903978666041912,11005.028000749937,11016.49555363655,11018.770276191064,11005.575224022252,3.0,0.5,0.0,0.0,0.0,0.0,nan,0,-0.010001477455369612,0.01641913282757157,0.0004159323079218069
6.499792150999383,1.6987521839130173,0.27869892416048025,1.4979476901403177,1.53078356949023,0.25736078116748956,-0.4731911786960309,0.048043121048239226,-0.2927329221496331,-0.013355186924601026,0.0,0.0,1.5,1.721463413684187,11008.289198409442,11016.25708060165,11017.832060465676,11003.370182814455,3.0,0.5,0.0,0.0,0.0,0.0,nan,0,0.008538971213389868,-0.0022478693176822273,-0.018571277124025176
6.510308451000128,1.7006083839893733,0.27993541869817506,1.504951029043832,1.5312826005344853,0.2524386672791147,-0.42340588249599237,0.050406679733965294,-0.28921645192108136,-0.018892730053267307,0.0,0.0,1.5,1.723501443870954,11021.613806466916,11034.266968390404,11035.99919375331,11019.469319886228,3.0,0.5,0.0,0.0,0.0,0.0,nan,0,-0.005393443410897092,-0.0036618207550634385,-0.011495812748712364
6.52062186799958,1.729164746766272,0.2888799582058469,1.4993286266133456,1.5085696586724875,0.27942563055821845,-0.5132218020698365,0.05357756173433735,-0.2945100550178982,-0.024822844782895367,0.0,0.0,1.5,1.7531294311757195,11021.613806466916,11034.266968390404,11035.99919375331,11019.469319886228,3.0,0.5,0.0,0.0,0.0,0.0,nan,0,0.007376010182925219,0.002631677867438731,-0.017037285677982128
6.531108647999645,1.7425315993023114,0.2968734104619384,1.536396860778632,1.522670465202484,0.288157657777219,-0.47717014727478835,0.04968615149056504,-0.29147893779726286,-0.010621958186452547,0.0,0.0,1.5,1.7680144026225897,11043.894843472593,11052.124923244288,11061.179032538968,11034.225413355322,3.0,0.5,0.0,0.0,0.0,0.0,nan,0,0.004958397352708088,0.007973650219996242,0.020118711692051372
6.54140595699937,1.741480934152479,0.3077839230584159,1.5157495904904708,1.4675825650902816,0.23212624951043584,-0.4934930286466628,0.052851202861544336,-0.2982996153271773,-0.020216509277247503,0.0,0.0,1.5,1.7685403124923214,11022.396093497573,11030.03280163432,11030.580677249547,11013.618661246417,3.0,0.5,0.0,0.0,0.0,0.0,nan,0,-0.01187373347201981,0.016232370995318712,-0.0004353522506135299
6.551857310999367,1.7694236052083447,0.3101493975239547,1.531302618939311,1.4948051255434458,0.24202264584090316,-0.49060683015339646,0.050872509155763315,-0.2903319340376322,-0.017751756805149232,0.0,0.0,1.5,1.7966725904864882,11022.396093497573,11030.03280163432,11030.580677249547,11013.618661246417,3.0,0.5,0.0,0.0,0.0,0.0,nan,0,0.00029043262883177157,0.015945774019868242,0.015216873458720359
6.56263279399991,1.787454816295782,0.29951667835041296,1.531230496854186,1.4493021230767718,0.28384238443191717,-0.46401525226731954,0.05206354791032855,-0.2960430644011722,-0.014914050463094948,0.0,0.0,1.5,1.8126445610882491,11034.588978468793,11042.842595638795,11051.80147157141,11029.073268770904,3.0,0.5,0.0,0.0,0.0,0.0,nan,0,0.002546599986094078,0.0026608269763898074,0.015248672375553829
6.573077048999949,1.8073446819740677,0.30913658255346205,1.5129633371429048,1.5338596288067907,0.23202924087596105,-0.48505278856668105,0.0532247420637703,-0.2929228021570983,-0.016449178524435806,0.0,0.0,1.5,1.83363798887421,11019.785099095168,11027.925291952544,11033.081700489034,11013.376899073754,3.0,0.5,0.0,0.0,0.0,0.0,nan,0,0.006664512276894241,0.00962832814837461,-0.0029082662085559985
6.583326350999414,1.825265259676514,0.3004823502204219,1.5365058210839506,1.503108899332097,0.3019519237039105,-0.46880549445626857,0.05055904539115623,-0.2903875345092049,-0.018881007932875365,0.0,0.0,1.5,1.8501933914996491,11025.523988704945,11030.634500535132,11041.129394386477,11022.487024365086,3.0,0.5,0.0,0.0,0.0,0.0,nan,0,0.008816083409271203,-0.001678462799781344,0.020751534856755294
6.593889633999424,1.8514228638071133,0.3077001576260195,1.5214135283588175,1.499521508704167,0.2540260896841644,-0.447705820505374,0.051546818653933915,-0.2925370772589014,-0.009699888966519733,0.0,0.0,1.5,1.8769402086447997,11011.73044041069,11010.04567724041,11015.880835039827,11002.934022407837,3.0,0.5,0.0,0.0,0.0,0.0,nan,0,0.019207322601266785,0.0028866235831098708,0.005784958378372673
6.604485086999375,1.8544684873721191,0.2958538901438484,1.538457963099327,1.492818162086569,0.25753432764599593,-0.47915198682537047,0.0514842776528272,-0.2958595978428284,-0.016874327453452232,0.0,0.0,1.5,1.8783135813530267,10998.350021879889,10994.64498701617,10998.63538752215,10991.840512029448,3.0,0.5,0.0,0.0,0.0,0.0,nan,0,0.006488397054870143,-0.011612619674450542,0.022966511176909732
6.615066874000149,1.8628380990859035,0.31000927262810984,1.4988812726255074,1.5138090447701453,0.3121017040374153,-0.49874926906622147,0.048364085290635656,-0.28988384764728525,-0.012821758802033192,0.0,0.0,1.5,1.888457779266545,10988.879383123964,10986.18452581224,10993.460249609636,10984.196831902593,3.0,0.5,0.0,0.0,0.0,0.0,nan,0,-0.000905229481577674,-0.000110506056327897,-0.016459723944418414
6.625618205999672,1.8805196953798955,0.32572954852357605,1.5138754624214805,1.4576802936762294,0.25999498997748016,-0.5176384235495066,0.05191149455962493,-0.295330377815521,-0.013716675529422347,0.0,0.0,1.5,1.9085718723565213,11030.058010558843,11035.6410966974,11033.36101607689,11024.211725127303,3.0,0.5,0.0,0.0,0.0,0.0,nan,0,0.0010155043081940818,0.012956428828573896,-0.0013049876076647315
6.636269087000073,1.896316415739778,0.3103832860412324,1.5186826841778605,1.5230329664141062,0.28330011973326513,-0.5059390912582724,0.053548629398509,-0.29316466468855806,-0.019992962346073125,0.0,0.0,1.5,1.9216406468291625,11057.527204089682,11075.366872236833,11074.149436893986,11057.16487521638,3.0,0.5,0.0,0.0,0.0,0.0,nan,0,0.0010558872278245701,-0.005042845182540112,0.0036660418460559008
6.646678587999304,1.9126760853370965,0.320665915971435,1.5096182037731873,1.5156782012245777,0.26987651833433685,-0.5315111363609368,0.051517383076348226,-0.29277671879829537,-0.014581105635966346,0.0,0.0,1.5,1.9393939638273763,11061.410561362187,11075.211125261461,11078.75725922777,11058.826512012,3.0,0.5,0.0,0.0,0.0,0.0,nan,0,0.0016647850002162734,0.0025873240210387283,-0.0052345676934257845
6.65708638399974,1.9251383216731968,0.33123143458476545,1.4941083903084267,1.4755155039599517,0.2855463125732542,-0.44908860957271957,0.056355789763331346,-0.29325668325959003,-0.02232813383533361,0.0,0.0,1.5,1.9534345476356592,11087.01150051079,11104.524731465253,11109.087990131567,11086.884572650504,3.0,0.5,0.0,0.0,0.0,0.0,nan,0,-0.0016172719402738345,0.01050113500733546,-0.02058325663718885
6.667379785999401,1.9367872597044784,0.312864715996735,1.508090328789169,1.4738030961469162,0.23195818874616986,-0.5355281380301874,0.053601388160281836,-0.29278526840100055,-0.01893615491057207,0.0,0.0,1.5,1.961910974863339,11076.124409109532,11089.148883515516,11098.513292543896,11075.248347075789,3.0,0.5,0.0,0.0,0.0,0.0,nan,0,-0.005705713970195925,-0.010516413890729825,-0.006444210083143442
6.678155751999839,1.9400548457896087,0.32476244515700853,1.511354511586025,1.5062857956759357,0.28145795795105105,-0.5024008983001965,0.05602167310732726,-0.2935912900272812,-0.01958654229118604,0.0,0.0,1.5,1.967082198432353,11108.407044530786,11124.146515584855,11141.068766890525,11110.496091460827,3.0,0.5,0.0,0.0,0.0,0.0,nan,0,-0.01816785552321276,-0.001268462867514919,-0.0030292460704133273
6.689218582999274,1.9646581463202901,0.3416036756182666,1.5215806396134983,1.5045389055036114,0.26214793455677665,-0.46982585256484305,0.05283221862767623,-0.2932097470153481,-0.01902482618649796,0.0,0.0,1.5,1.9942518464588959,11102.127036102835,11116.038614778723,11134.8228736326,11104.80911339672,3.0,0.5,0.0,0.0,0.0,0.0,nan,0,-0.00928585567709761,0.012924220490681426,0.007338868266715037
6.699056560999452,2.0109535145967126,0.3239828389200761,1.5035979027302098,1.4927859867211732,0.2634462801633718,-0.4824403342820778,0.051571472024736324,-0.2927526534532779,-0.014980946469067096,0.0,0.0,1.5,2.036887788437949,11102.127036102835,11116.038614778723,11134.8228736326,11104.80911339672,3.0,0.5,0.0,0.0,0.0,0.0,nan,0,0.021295570975912392,-0.007344062915121352,-0.010507122776858724
6.709214597000027,2.021862349944959,0.33011350252847627,1.5076905978146233,1.4856285560945788,0.2559771378139762,-0.46626026546249194,0.05113011540373329,-0.29292937149790943,-0.02174205620869555,0.0,0.0,1.5,2.0486486843700935,11075.257124049249,11081.57013079404,11096.832212555797,11075.306728647864,3.0,0.5,0.0,0.0,0.0,0.0,nan,0,0.016497089861474024,-0.0038598244663317627,-0.006280503553815597
6.720024171999285,2.0297737262293527,0.3230688217432583,1.521602462925848,1.4741331857960935,0.21152260731440675,-0.5209106636398668,0.05414183184194004,-0.2957291159574775,-0.014772328760219083,0.0,0.0,1.5,2.05543706050028,11072.68045841901,11073.879444939146,11087.416009885465,11070.37650313431,3.0,0.5,0.0,0.0,0.0,0.0,nan,0,0.008707585812980145,-0.013549900095190748,0.007763060947511002
6.730458005999935,2.0508223361952114,0.30976730846672823,1.52916346139468,1.5162274027605915,0.2527001322036335,-0.44463116898353466,0.05372167966576445,-0.2949923819269605,-0.011555966023467788,0.0,0.0,1.5,2.0742898899412356,11081.761830444999,11090.157106070943,11106.24734721912,11087.757211831395,3.0,0.5,0.0,0.0,0.0,0.0,nan,0,0.01406191833935111,-0.029495712446373612,0.015452936543751461
6.741320233999431,2.054506835017243,0.35090993022822436,1.5028904464886845,1.4739578190250389,0.2729654744860192,-0.5030202815111171,0.05359746341977499,-0.29168911580433776,-0.01744677402515235,0.0,0.0,1.5,2.084261132619003,11031.599834243663,11032.724669603585,11047.359139981032,11044.779678288329,3.0,0.5,0.0,0.0,0.0,0.0,nan,0,0.002057651294710805,0.009003557848522636,-0.010690500097521927
6.751433429999452,2.064401453864388,0.35388986070570616,1.5104465730333214,1.4981867728271712,0.28965804872761786,-0.4822023475427629,0.052911423645165274,-0.2956474153586683,-0.009672612658888902,0.0,0.0,1.5,2.094540648236707,11065.013970936232,11069.596559092095,11081.016468832742,11073.747228977205,3.0,0.5,0.0,0.0,0.0,0.0,nan,0,-0.0037314276814019998,0.009341037967217192,-0.0030027189000501053
6.7616616249997605,2.100841471299751,0.36241006272957177,1.500320247018395,1.508577712440877,0.27622690838051017,-0.4669512337628116,0.0539092664214112,-0.2939195709968037,-0.015618199502579325,0.0,0.0,1.5,2.1318714885421,11065.013970936232,11069.596559092095,11081.016468832742,11073.747228977205,3.0,0.5,0.0,0.0,0.0,0.0,nan,0,0.01703065186237529,0.015219827276720443,-0.012997686484082838
6.772741574000065,2.0899097180093373,0.3572171033348684,1.5135552019497145,1.4721473338749376,0.2873926715921028,-0.5121351475960039,0.05302155745738442,-0.2926843337687796,-0.019114348080413384,0.0,0.0,1.5,2.120261878128435,11059.403035459778,11068.450894130345,11072.568922240167,11069.259316918295,3.0,0.5,0.0,0.0,0.0,0.0,nan,0,-0.009573552895441484,0.007386463998060644,0.00036912572441161196
6.783088715999838,2.1223070878761674,0.3549526076169114,1.4949691859874523,1.4782595247624295,0.21340876853095078,-0.4800650819282981,0.04530842884644369,-0.2933228362727976,-0.005323621203618311,0.0,0.0,1.5,2.1517908908611663,11079.18260528319,11089.629536236927,11088.59340254384,11082.572066254605,3.0,0.5,0.0,0.0,0.0,0.0,nan,0,0.007157320970720971,0.0024826656542759062,-0.018086196679758304
6.793534675000046,2.108931146902082,0.34582631582369705,1.5003928179254544,1.4697271925057112,0.2730428221920986,-0.45749942023994433,0.0536756264525437,-0.29158249678644416,-0.011737962352737849,0.0,0.0,1.5,2.1370976995439035,11090.698975209627,11105.722053357722,11099.476377767145,11098.233308722336,3.0,0.5,0.0,0.0,0.0,0.0,nan,0,-0.021878256597025914,-0.009281663408905738,-0.01253614411602677
6.804059844999756,2.1458813266729013,0.37120106183263885,1.508206194979143,1.5013303575310295,0.28900527210434057,-0.45174974105721794,0.058065921770324186,-0.2894821467653981,-0.02286287598500933,0.0,0.0,1.5,2.1777658822989134,11082.378079756478,11095.408712350789,11089.169076306118,11090.892009493486,3.0,0.5,0.0,0.0,0.0,0.0,nan,0,-0.0005808008401593234,0.013456332926696735,-0.004600941649345547
6.814409173999593,2.169965364783318,0.36180462387798534,1.501761819239057,1.48210385209814,0.2029066256486267,-0.4832597537643641,0.051787309418817276,-0.2941355198220715,-0.008801217774780764,0.0,0.0,1.5,2.1999216745661014,11067.382590286286,11066.002402552911,11066.148142893142,11069.325774487304,3.0,0.5,0.0,0.0,0.0,0.0,nan,0,0.007856522173795621,0.001424295365407724,-0.010925269043699837
6.825073834999785,2.1877384115202676,0.35803949268355334,1.5129043658571764,1.5002393500433364,0.267821492411366,-0.48381852260075014,0.051834580785248885,-0.29462424154392974,-0.01182057642678619,0.0,0.0,1.5,2.2168802760231543,11075.08101296894,11077.758566556095,11080.469983795072,11085.349931513074,3.0,0.5,0.0,0.0,0.0,0.0,nan,0,0.009988592062961654,-0.004975317721756578,0.0003362781179938601
6.835584497000127,2.205017123305692,0.37419624463472895,1.5168215847376103,1.5069296546399487,0.2552394041282414,-0.4448674438335513,0.0527806524905577,-0.2929879379343651,-0.017860471272068332,0.0,0.0,1.5,2.236605979890765,11067.618616705573,11072.226742198509,11074.247302580838,11078.40909058701,3.0,0.5,0.0,0.0,0.0,0.0,nan,0,0.011632158145990612,0.008548096088011936,0.004370983732270073
6.846045399999639,2.1976693018032236,0.3753721446610075,1.4908627792093472,1.4683180315444604,0.2697642100238784,-0.48279446071189164,0.053880458977463554,-0.29309650275044014,-0.019258208840505386,0.0,0.0,1.5,2.22951521544022,11041.974301351745,11036.035188986503,11039.069608146834,11047.058031503262,3.0,0.5,0.0,0.0,0.0,0.0,nan,0,-0.011346088822848266,0.007091622830563693,-0.021468344388962946
6.856516266999279,2.219064953200873,0.3728307267775242,1.5231019029131379,1.5011205093507303,0.26009334231045966,-0.41576011146344827,0.05225558651679179,-0.2920960322125113,-0.018813769205042217,0.0,0.0,1.5,2.2502856963665874,11069.478777942144,11069.30929396105,11073.722188707232,11072.473076414017,3.0,0.5,0.0,0.0,0.0,0.0,nan,0,-0.005576165538179634,0.0019187962607548625,0.010892171154439856
6.8670242859998325,2.230323500769171,0.35323169803879356,1.5068332163678495,1.4712092440297537,0.25894120129711834,-0.48757581398021477,0.05045388786902885,-0.2924311157851049,-0.016807943886808657,0.0,0.0,1.5,2.25813246808697,11054.173536420984,11048.407095803836,11052.075239385234,11053.623584724992,3.0,0.5,0.0,0.0,0.0,0.0,nan,0,-0.009937853896836213,-0.020310542597703152,-0.005255976555815556
6.8779966129995955,2.2508994972998746,0.3685349732555936,1.482276839862615,1.4898574738098873,0.28467406918933136,-0.447265968015479,0.05589595186492661,-0.29644633427187866,-0.02308030625403333,0.0,0.0,1.5,2.2809385532851567,11044.63842739609,11034.855301979203,11036.649959745302,11040.956117811365,3.0,0.5,0.0,0.0,0.0,0.0,nan,0,-0.004978601904551461,-0.007636814166552486,-0.02968621328016141
6.888250160000098,2.265863469031278,0.38066409268278134,1.5202600270403472,1.4682783021645187,0.26916636805412614,-0.48412633971651775,0.05276593071775868,-0.29368935621544756,-0.009195133454112216,0.0,0.0,1.5,2.297706003918721,11044.63842739609,11034.855301979203,11036.649959745302,11040.956117811365,3.0,0.5,0.0,0.0,0.0,0.0,nan,0,-0.0056275218553438755,0.001863580816822863,0.008427389654971806
6.899110350999763,2.2983131604248523,0.3670902336266876,1.5271821188463024,1.4816663983770444,0.23534034081351712,-0.4985586850156771,0.05497706179758722,-0.29362862286640257,-0.017327133166373975,0.0,0.0,1.5,2.327603379141546,11051.223882403103,11049.254097141644,11054.037589635163,11050.038267423657,3.0,0.5,0.0,0.0,0.0,0.0,nan,0,0.011213427439617174,-0.014338132608943899,0.015483069815227957
6.90935400699982,2.2936761339922724,0.37809378051164255,1.5090164762489247,1.4752336364181544,0.2846652104150072,-0.4465624799437969,0.05074031659186701,-0.2930119034265192,-0.012893780945392588,0.0,0.0,1.5,2.324647588636022,11052.51944942239,11051.686914894917,11056.600589455886,11054.977592733962,3.0,0.5,0.0,0.0,0.0,0.0,nan,0,-0.00902806306805548,-0.005961551192731729,-0.0025463602040070032
6.919855415999336,2.315104788339399,0.3845581397989156,1.529790725123806,1.5082713703649298,0.24918580907224305,-0.47007054777350427,0.05175785234494823,-0.29250892610329793,-0.012603915150695857,0.0,0.0,1.5,2.347015686181287,11048.58614237777,11044.975814537402,11048.369194931352,11049.918799482144,3.0,0.5,0.0,0.0,0.0,0.0,nan,0,-0.003199590031361499,-0.0021232716954053266,0.01836658373605271
6.930158223000035,2.3458833456184354,0.3885405975096808,1.5089776397200523,1.4858968110331638,0.2565854202158401,-0.4880334206166776,0.05253780386072839,-0.2915242005885029,-0.019148366170755913,0.0,0.0,1.5,2.3778589245743884,11035.291424463605,11028.555253359817,11028.010802726556,11035.880372887184,3.0,0.5,0.0,0.0,0.0,0.0,nan,0,0.011982374081398017,-0.000766130336691484,-0.0023031558476356295
6.940407692999543,2.351540043655467,0.3952208215773825,1.5242075777277833,1.5119407092949941,0.22871434564834084,-0.47663650025315557,0.05545333945966932,-0.2933712051427763,-0.019208233991297174,0.0,0.0,1.5,2.3846438060102195,11054.149578535096,11048.48346281355,11048.13699619428,11053.91794557258,3.0,0.5,0.0,0.0,0.0,0.0,nan,0,0.002046096103882622,0.0032895385824424084,0.0130745678952926
6.951179386000149,2.3765217423326157,0.38324248697785546,1.5047941475626219,1.4826798504142815,0.27114396980281785,-0.524802217202833,0.05449273102705463,-0.29211510901921284,-0.013245475071705834,0.0,0.0,1.5,2.407229399009466,11054.149578535096,11048.48346281355,11048.13699619428,11053.91794557258,3.0,0.5,0.0,0.0,0.0,0.0,nan,0,0.011438534172425463,-0.011312581212380157,-0.006187063298249029
6.961763606999739,2.4016246022467214,0.40254389263066814,1.488202861604351,1.5063310912833152,0.2505150618280725,-0.5019078121819814,0.052771521246730034,-0.2926727800048301,-0.013680538125847616,0.0,0.0,1.5,2.4351553314081014,11057.77303687649,11051.657471970639,11058.6432680055,11060.328976648989,3.0,0.5,0.0,0.0,0.0,0.0,nan,0,0.020955605478659045,0.005365759547057536,-0.022621822765083177
6.972108014999321,2.4075762150078615,0.3898367391235969,1.515349186505966,1.4763627306436902,0.2876909290759816,-0.45747541237424905,0.05232832882820695,-0.2905373920041901,-0.01841853467991987,0.0,0.0,1.5,2.4389816546600946,11088.63041736968,11091.097566418892,11097.269864002914,11094.501259360835,3.0,0.5,0.0,0.0,0.0,0.0,nan,0,0.011326816911248816,-0.009963430121341488,0.004679355340538205
6.982787838999684,2.4147093686225034,0.41290358483369655,1.5106627857480108,1.48327293697329,0.25941515480072724,-0.5107909330610163,0.0521037472468914,-0.29776705150619315,-0.020578507360126848,0.0,0.0,1.5,2.449780480018917,11090.341268593791,11092.229349214922,11094.63204319221,11092.413680069669,3.0,0.5,0.0,0.0,0.0,0.0,nan,0,0.002886167547791363,0.010482595608116985,0.00014205940308675835
6.993106036999961,2.4373082370328105,0.3911062776437837,1.5328180652183474,1.4552877746788995,0.27735893950356,-0.5153552818940339,0.053822968235072585,-0.29437148013127434,-0.016521004656283002,0.0,0.0,1.5,2.4687066630373566,11097.470633224037,11105.109365890301,11107.122173770833,11095.543041421624,3.0,0.5,0.0,0.0,0.0,0.0,nan,0,0.009917690203538054,-0.013934356212795262,0.0224410779204558
7.003490997999506,2.4493671487578816,0.41484453296397755,1.5213819511838262,1.4756856088959527,0.2495554702081979,-0.449806495339563,0.0511419305647394,-0.2899040701711189,-0.01420355395510846,0.0,0.0,1.5,2.484341482924769,11097.470633224037,11105.109365890301,11107.122173770833,11095.543041421624,3.0,0.5,0.0,0.0,0.0,0.0,nan,0,0.006415854746207206,0.007185436037741355,0.011142774759524077
7.014112314000158,2.4478667434627757,0.40265235611616906,1.5082605868680907,1.5169378279266432,0.2938506124428681,-0.40578023656230994,0.052537356616388205,-0.2928949700840957,-0.013755427061529123,0.0,0.0,1.5,2.4807758364939714,11080.273807601501,11084.887032294064,11084.010561295136,11077.788962788032,3.0,0.5,0.0,0.0,0.0,0.0,nan,0,-0.010639044861584512,-0.007624096409098724,-0.0018456804038702312
7.024575950999861,2.460335400832753,0.42376737844317525,1.518632961651092,1.4300114872509857,0.2486945067971929,-0.5033073346438214,0.052433455527238285,-0.29521946563104806,-0.01686421853787224,0.0,0.0,1.5,2.4966329852189637,11032.184078735223,11027.570642287841,11019.349681460577,11028.205136509525,3.0,0.5,0.0,0.0,0.0,0.0,nan,0,-0.013720878666449998,0.010874287443914332,0.008662000964171357
7.034952882999278,2.484049466631923,0.39974144632316055,1.5161762743316811,1.479352636624086,0.22739727184391087,-0.49798588373513786,0.05295257012939819,-0.29390863653042687,-0.017023309190860203,0.0,0.0,1.5,2.5160597465946886,11032.184078735223,11027.570642287841,11019.349681460577,11028.205136509525,3.0,0.5,0.0,0.0,0.0,0.0,nan,0,-0.005553939645027928,-0.015767685354632133,0.00634499678712519
7.045509947000028,2.50057531798382,0.4241896333751597,1.5103524545456803,1.4673458731151838,0.2647285420166207,-0.5104496468102158,0.05247974845704343,-0.2911366462084362,-0.01644475400223686,0.0,0.0,1.5,2.536320354231294,11068.45967781855,11070.529870003085,11066.49325843956,11066.013848806031,3.0,0.5,0.0,0.0,0.0,0.0,nan,0,-0.004570804034639053,0.006065223983964418,0.0006616536669654671
7.055813205999584,2.5119499774487752,0.4191328542617912,1.530183575472644,1.4810105880099698,0.25332041417036066,-0.46268847107584005,0.05436464619865911,-0.2957668339135637,-0.010418200839925684,0.0,0.0,1.5,2.5468561182278933,11068.45967781855,11070.529870003085,11066.49325843956,11066.013848806031,3.0,0.5,0.0,0.0,0.0,0.0,nan,0,-0.008733459776325336,-0.0016059112430210631,0.020630648766479354
7.066296358999352,2.5354641148832635,0.42168097204873517,1.5112359304070102,1.4593191868504125,0.2754646544830232,-0.4917913080476557,0.055631202934916586,-0.2921720363976671,-0.021750812328059352,0.0,0.0,1.5,2.5703150324777013,11055.816036575445,11056.914647528602,11055.60959030632,11059.424996882464,3.0,0.5,0.0,0.0,0.0,0.0,nan,0,-0.0007516359911985404,-0.001671298812336075,0.0018194640435329479
7.076921623999624,2.548427853650736,0.4232825204191371,1.5078881032294356,1.4754417470402774,0.28732508901715187,-0.47932426347434887,0.05217223558855587,-0.29205106723937124,-0.018676314188834094,0.0,0.0,1.5,2.583353409723074,11072.40053787212,11071.3088570892,11074.715909357405,11072.035299988407,3.0,0.5,0.0,0.0,0.0,0.0,nan,0,-0.0033157450316463333,-0.0026824980958077838,-0.0013916772311513004
7.087535777999619,2.5418326596174743,0.4272666879505155,1.52188642124348,1.4589087484548215,0.26946184029293796,-0.4964387029108969,0.055711841838507845,-0.2933958475047245,-0.016301722134443603,0.0,0.0,1.5,2.5775859069224234,11079.14457474203,11075.518088660272,11076.4779494263,11074.030213873793,3.0,0.5,0.0,0.0,0.0,0.0,nan,0,-0.025433851686187392,-0.001310246693183803,0.012741870205032368
7.097905312999501,2.579712461026119,0.4328454644291991,1.519416254247799,1.4695936478675014,0.275067791513743,-0.497396180913005,0.050401014618066564,-0.29572985504986554,-0.019952837397741757,0.0,0.0,1.5,2.6158456698703345,11078.94040265654,11078.132156205085,11082.230529732886,11077.164037095517,3.0,0.5,0.0,0.0,0.0,0.0,nan,0,-0.003071890723446824,0.0016574637566039718,0.01040489247477172
7.108353552999688,2.587851589208279,0.43867056096408513,1.486822025426481,1.5005928629519398,0.2406785842198488,-0.4641020613187687,0.051000581653980394,-0.290876644533888,-0.014527136319700833,0.0,0.0,1.5,2.624801205394081,11078.94040265654,11078.132156205085,11082.230529732886,11077.164037095517,3.0,0.5,0.0,0.0,0.0,0.0,nan,0,-0.010445462551858853,0.0048723518538985044,-0.02205854551143238
7.118891573999463,2.6230953534717316,0.4334324518513579,1.5037044549553629,1.4864444032952795,0.26226130327972774,-0.5190974980390145,0.05023461703004723,-0.290322075300302,-0.014475156896912837,0.0,0.0,1.5,2.6586663285770524,11090.903667165914,11091.861856406378,11089.579458406617,11083.08043743596,3.0,0.5,0.0,0.0,0.0,0.0,nan,0,0.009290972665201735,-0.0029750723107981325,-0.005048625831405751
7.129456396999558,2.6283159006940204,0.4393187255897739,1.5333408744604553,1.5050093290021958,0.2789070442397318,-0.46915384604800847,0.052299421948970234,-0.292120887846208,-0.016609003413778686,0.0,0.0,1.5,2.6649872477001892,11108.780332510301,11111.150751945437,11107.103459407106,11101.341279384678,3.0,0.5,0.0,0.0,0.0,0.0,nan,0,-0.0009899250972340568,0.0003028655824894311,0.024710137462972126
7.139640028999565,2.647189142769951,0.4411867079893698,1.513484964815554,1.5062644794224596,0.25572198654252387,-0.42817982494837464,0.05330657959147957,-0.28933286084345494,-0.017869566483227354,0.0,0.0,1.5,2.6837358128514968,11108.780332510301,11111.150751945437,11107.103459407106,11101.341279384678,3.0,0.5,0.0,0.0,0.0,0.0,nan,0,0.002387228826885579,-0.00043659271988150117,0.004973014528551145
7.150287333999586,2.6578952683812975,0.43678862224759496,1.4652322715249608,1.4471942359305305,0.2289656192253836,-0.4388115195847153,0.05676934511345233,-0.2919080034201649,-0.018709591820928444,0.0,0.0,1.5,2.6937706571183737,11045.316575716426,11024.889481693835,11022.596634963373,11037.467906876853,3.0,0.5,0.0,0.0,0.0,0.0,nan,0,-0.0023244095569388,-0.00742905550455919,-0.04315787571194907
7.160687107999365,2.669428662550618,0.43125533504449015,1.5350350719936554,1.4366789141860894,0.2663588318478999,-0.4780396703085493,0.05394635451981345,-0.29580607463449604,-0.020002174650144196,0.0,0.0,1.5,2.7042666297391458,11070.463489085661,11057.281235137227,11065.916338861078,11070.70233984459,0.0,0.0,0.0,0.0,0.0,0.0,nan,0,-0.005905507262360832,-0.01550615542706435,0.02676953961074835
7.171197212999687,2.687414222231802,0.44550176284842674,1.4863401701203816,1.4247074905659127,0.25892865171334384,-0.47347762321189646,0.05120072585894616,-0.2945699150011716,-0.00829276719683095,0.0,0.0,1.5,2.724124375557613,11056.042941927753,11041.928983750955,11051.215930424292,11054.63797812631,0.0,0.0,0.0,0.0,0.0,0.0,nan,0,-0.002730908098323326,-0.0037529246304295327,-0.021799392583950583
7.1817425999997795,2.706813479174743,0.4641757333867979,1.5171527872681563,1.3810915332534708,0.26832465476547385,-0.42986948255983554,0.056014825496817924,-0.2926340048727945,-0.027014673158067853,0.0,0.0,1.5,2.7463780767800916,11056.042941927753,11041.928983750955,11051.215930424292,11054.63797812631,0.0,0.0,0.0,0.0,0.0,0.0,nan,0,0.0021612818401908207,0.012478530080488492,0.009138768565431166
7.192266879999806,2.7277826904822735,0.4685039255391577,1.4907763147302608,1.3306004525878037,0.22581456428792085,-0.4312605966460798,0.05126645266378086,-0.2923808096877918,-0.015051999724846157,0.0,0.0,1.5,2.767739043174097,11064.91106207692,11060.653636267876,11065.007160181038,11059.334449170592,0.0,0.0,0.0,0.0,0.0,0.0,nan,0,0.008927395020532636,0.014414902676033514,-0.01711341029431379
7.202829785999711,2.7344324818149275,0.45312550315809164,1.4961495722973968,1.318298107522458,0.2279814039381914,-0.4503809776550083,0.053897553279838466,-0.2922188035387148,-0.022209964276972152,0.0,0.0,1.5,2.771724832123548,11083.08558702418,11083.850703780672,11085.4837593967,11079.747561514308,0.0,0.0,0.0,0.0,0.0,0.0,nan,0,0.001677903514115009,-0.0033046669244222726,-0.011617178310292742
7.213431672999832,2.764564582615384,0.44565067120939406,1.5050350670686818,1.3100236321405214,0.24937313134375272,-0.3791451840192089,0.05159379199203263,-0.2922118776727931,-0.012722970439422408,0.0,0.0,1.5,2.800258417378857,11083.08558702418,11083.850703780672,11085.4837593967,11079.747561514308,0.0,0.0,0.0,0.0,0.0,0.0,nan,0,0.018215561415613202,-0.013069800687616429,-0.002614001523664644
7.223880561999977,2.771556334074101,0.4742247480851023,1.493752446203158,1.2336224361675232,0.21321449238831117,-0.39100062510830763,0.05291372227666075,-0.290338974425769,-0.01506133242684293,0.0,0.0,1.5,2.8118415063034923,11074.882383308599,11072.347153472834,11072.876954702486,11071.402831926025,0.0,0.0,0.0,0.0,0.0,0.0,nan,0,0.011917195433986727,0.0132647366810007,-0.013783120098193269
7.23462041699986,2.7797112669964004,0.4651017193916924,1.5211801077859068,1.235533243552861,0.2179196638603746,-0.41296963764535766,0.05291487431902498,-0.29053449553076677,-0.014810456244458124,0.0,0.0,1.5,2.818432708831925,11084.406144560873,11081.94202323565,11082.10551574329,11083.09367406562,0.0,0.0,0.0,0.0,0.0,0.0,nan,0,0.007085560086373732,0.0019528045136574246,0.013755838239930318
7.244770769999377,2.7821270710787753,0.48464345536629855,1.5120687460434103,1.1717347007510661,0.22924544685904077,-0.3807595231762082,0.05162760953087196,-0.29141571984733133,-0.020984159263453775,0.0,0.0,1.5,2.824049569871218,11084.406144560873,11081.94202323565,11082.10551574329,11083.09367406562,0.0,0.0,0.0,0.0,0.0,0.0,nan,0,-0.003181679047231878,0.019356272631002036,0.00475305416347771
7.255375281999477,2.807837725111166,0.4360316996965198,1.5089066596386638,1.1665990003332596,0.2232028548007341,-0.4163043018114269,0.05082752573126878,-0.29493598889726863,-0.01596726505446523,0.0,0.0,1.5,2.841505879332929,11081.255531553294,11075.932316327568,11073.025267666793,11071.08935626033,0.0,0.0,0.0,0.0,0.0,0.0,nan,0,0.010149078158200986,-0.031343174794005835,0.0016974917644787535
7.265795605999301,2.8180397854803947,0.4711465138281992,1.4915453204293945,1.1479691535651877,0.182505818825004,-0.3552424558776554,0.05671770604504893,-0.29191163367893086,-0.023059899001883138,0.0,0.0,1.5,2.8571662100146527,11096.700885608541,11099.175823762513,11098.453592414033,11089.918548265912,0.0,0.0,0.0,0.0,0.0,0.0,nan,0,0.008274694053086673,0.001734580022591914,-0.015560974380984582
7.276289276999705,2.8298320051970234,0.4612967475423573,1.488930365722973,1.0925980028616953,0.1998082805085887,-0.36264875710118816,0.05480970468520543,-0.2902699769313837,-0.019020110973685337,0.0,0.0,1.5,2.867205329887204,11094.744553480756,11092.058717405933,11100.382672639913,11090.238263468453,0.0,0.0,0.0,0.0,0.0,0.0,nan,0,0.00829423113615535,-0.010101553306049449,-0.01807831941164828
7.286760027000128,2.818812191768528,0.47887668923237897,1.5000036989873176,1.0999003454031775,0.18594632021967716,-0.3621532444539133,0.05168690632418125,-0.2966384426007119,-0.013297444803722979,0.0,0.0,1.5,2.8592000727418045,11110.705884710695,11108.860827168368,11117.703829854901,11108.261540499143,0.0,0.0,0.0,0.0,0.0,0.0,nan,0,-0.014194249215666588,0.0055427651267326294,-0.006914076789374501
7.297331230000054,2.8463674019669254,0.4885176053874808,1.5023182971421027,1.0644184945359267,0.20606925535001863,-0.3406203098295098,0.05355654716369618,-0.2950003462312301,-0.018782878497607954,0.0,0.0,1.5,2.887985840037153,11103.572492063173,11110.3756761032,11115.040245957345,11104.115898844831,0.0,0.0,0.0,0.0,0.0,0.0,nan,0,0.002196480315879157,0.013298838441068161,-0.004516438340524509
7.308030004000102,2.8748689535459797,0.48153413285867214,1.503960324052229,1.030958976870411,0.1365520964287957,-0.30413785789979453,0.053007929624435526,-0.29327736497132845,-0.018376389610225478,0.0,0.0,1.5,2.9149206344834,11094.046450965656,11100.484991366715,11102.356352750823,11093.622837641266,0.0,0.0,0.0,0.0,0.0,0.0,nan,0,0.019837175397070972,0.004481216859198722,-0.002797994321177999
7.318609883000136,2.872494978499857,0.4932049169731339,1.5007734023151633,0.9905962425605085,0.16760402416902617,-0.30261552139187536,0.05441854191572676,-0.29165712126720184,-0.015586635997310586,0.0,0.0,1.5,2.914528965336339,11079.806105611331,11082.685186466017,11085.300107775784,11081.05264751786,0.0,0.0,0.0,0.0,0.0,0.0,nan,0,0.006905188189622269,0.014368422579255913,-0.005913170087240571
7.329124183999738,2.86301783466842,0.4743027567243858,1.5283262879551536,0.936353312475669,0.1755105490475007,-0.34883657852800437,0.04904033621486972,-0.29169040620397363,-0.011655249394533489,0.0,0.0,1.5,2.9021779072371006,11073.912543733504,11072.540758340188,11074.466703966835,11075.148799313805,0.0,0.0,0.0,0.0,0.0,0.0,nan,0,-0.012828052339589835,-0.006266893353491065,0.021709225293331746
7.339336711999749,2.8758900436624315,0.4701253229281414,1.496947766558207,0.9464332450036906,0.16081309099391883,-0.3224799575462487,0.054765724137609974,-0.29232895493184086,-0.021046949729338047,0.0,0.0,1.5,2.914064288690964,11082.577600451334,11086.417893326892,11081.974117232705,11083.655808893154,0.0,0.0,0.0,0.0,0.0,0.0,nan,0,-0.009910157462042157,-0.012127075909918406,-0.009602227902279381
7.349739440999656,2.8888876251293407,0.49607077481530387,1.5256115388561937,0.9194801982070742,0.1623231087379441,-0.2888656905252069,0.052912931395263846,-0.29251731705943856,-0.0166747159361602,0.0,0.0,1.5,2.931281950815015,11096.656963522855,11098.947896763439,11102.801832169784,11097.370091222634,0.0,0.0,0.0,0.0,0.0,0.0,nan,0,-0.00656462495782506,0.012186121139841188,0.019123925359977978
7.360078852999322,2.9067018830743567,0.4801704929029297,1.501818879346062,0.8727577556123098,0.15197099293025373,-0.27700218030408935,0.05280832485956409,-0.2940908192706135,-0.008880342510064731,0.0,0.0,1.5,2.9460962047504027,11071.219634416198,11066.893287793324,11067.632377997214,11069.303341913377,0.0,0.0,0.0,0.0,0.0,0.0,nan,0,0.0018992066848002587,-0.005296022592865213,-0.004609560350843367
7.370664566999949,2.914242297143785,0.47437473194536306,1.5210452741948095,0.8573300859536634,0.16611358304649182,-0.25338109498613687,0.053796111293084745,-0.2906856609078614,-0.017379184209312795,0.0,0.0,1.5,2.95267378088675,11066.257321416144,11068.356908202228,11068.286802308616,11072.617262246298,0.0,0.0,0.0,0.0,0.0,0.0,nan,0,0.00038985332980479015,-0.012623407391139152,0.014675346659764665
7.380994168999678,2.916680129724955,0.5017410027116237,1.5229288088938344,0.8483051858964267,0.13569457729663673,-0.306255311103063,0.05345631023615369,-0.2954350370963078,-0.015219748338180532,0.0,0.0,1.5,2.9596102350160463,11043.757267911578,11037.082086066735,11036.530249689647,11048.568213878767,0.0,0.0,0.0,0.0,0.0,0.0,nan,0,-0.005922372793538244,0.01326132370485994,0.016619237814306853
7.391844450999997,2.925008567395909,0.5079405335858728,1.499121522101427,0.7903827642299988,0.1592795810864266,-0.24301133842075287,0.05025929854191798,-0.29207854953873347,-0.011302610923917435,0.0,0.0,1.5,2.968784174830226,11051.815330855456,11052.376096255623,11052.610290772906,11057.38033345525,0.0,0.0,0.0,0.0,0.0,0.0,nan,0,-0.006044838300662825,0.018029309612655253,-0.007124647930026429
7.4020832589994825,2.9216439269751753,0.4975781675667563,1.5320380789193957,0.7808300597894191,0.15427806336516828,-0.2769698175408784,0.05171296533911581,-0.2949965045240215,-0.02075997318588995,0.0,0.0,1.5,2.9638849011678676,11056.481095690817,11058.359243840423,11050.538107785153,11057.788673220897,0.0,0.0,0.0,0.0,0.0,0.0,nan,0,-0.017561039740951134,0.0062854255972681905,0.02585711198132712
7.412535286000093,2.954502139683882,0.4942945577479453,1.5063537762118855,0.7708510611220257,0.13339361863316826,-0.2283343945177177,0.054793636019990224,-0.2911109189824311,-0.01796219869959445,0.0,0.0,1.5,2.9955717941134417,11053.66012393752,11054.25191582579,11045.666217161455,11046.878684200534,0.0,0.0,0.0,0.0,0.0,0.0,nan,0,0.007444670782390084,0.0016702784936092896,0.0002401362566994969
7.423263783999573,2.959499460896945,0.48922599167396424,1.5056119613004295,0.7305617250343086,0.10393425455047375,-0.26463417512790677,0.05434923163710414,-0.2885419586042442,-0.016842574296856705,0.0,0.0,1.5,2.9996684190237293,11047.287880677542,11042.518073102166,11037.339145674148,11042.285588528146,0.0,0.0,0.0,0.0,0.0,0.0,nan,0,0.00488800605674955,-0.004679930901906104,-0.0004310418306812114
7.433545294999931,2.9605714782481614,0.4925285925581154,1.484191407140862,0.6921410375497867,0.09900548455173043,-0.1935719073238596,0.05143016470897399,-0.2915721471871899,-0.006786667903732257,0.0,0.0,1.5,3.0013026844875155,11071.87405323496,11066.576404440197,11069.326178079145,11073.072608083396,0.0,0.0,0.0,0.0,0.0,0.0,nan,0,-0.0012950504289390707,-0.0026090061686879773,-0.02177957162013988
7.444039080999573,2.9714447404210174,0.4843392095670931,1.5233660322609017,0.6849620436729618,0.1333148705440043,-0.20195871431052217,0.052048945256940315,-0.296319162420824,-0.012602188630803632,0.0,0.0,1.5,3.0107497881364074,11069.398825805029,11067.162351119974,11067.48249527547,11077.589084013252,0.0,0.0,0.0,0.0,0.0,0.0,nan,0,0.002622590374017353,-0.011980000409561542,0.017466072794592336
7.454724547999831,2.979700503176554,0.5195382626193004,1.5228978476705826,0.6284866914072015,0.08262491273272263,-0.2196260286918237,0.054806703056193305,-0.292754609276812,-0.010641966640562472,0.0,0.0,1.5,3.02474121312618,11041.273929364104,11036.526050291308,11033.008277301104,11046.470643075723,0.0,0.0,0.0,0.0,0.0,0.0,nan,0,0.0042211498255482205,0.02208733861834572,0.017070747662808694
7.464941544999419,2.990964550263205,0.48925981715999783,1.4883325489614074,0.5672153183874654,0.148711344457363,-0.174826049243197,0.04756315517283898,-0.2909198044509531,-0.009169823694005753,0.0,0.0,1.5,3.030739223198253,11039.793006318034,11039.882197034154,11037.645114192295,11052.922169133773,0.0,0.0,0.0,0.0,0.0,0.0,nan,0,0.009125536635202991,-0.009273066925700624,-0.017417519543352356
7.475897196000005,2.9903276407521044,0.48011213191233176,1.5014218078364208,0.5551031328664994,0.10593325701716097,-0.25569672647605857,0.04792731312666546,-0.2888090277907926,-0.009380427775747484,0.0,0.0,1.5,3.0286249486842993,11057.263195740028,11061.228556260778,11049.6937242428,11062.924387390321,0.0,0.0,0.0,0.0,0.0,0.0,nan,0,0.002426849844598955,-0.019452901014096857,-0.004248742125816163
7.486175758999707,2.98231939316906,0.5103640861773154,1.5074115048790413,0.497161293664654,0.12486157502070591,-0.1960077842171799,0.053485808107711426,-0.29072776481171775,-0.014059943512830783,0.0,0.0,1.5,3.0256826326857955,11108.365526582686,11119.27269117767,11106.88368005953,11114.085609556114,0.0,0.0,0.0,0.0,0.0,0.0,nan,0,-0.01134355123753572,0.009817006010119367,0.0018166365893701464
7.4969846979993235,3.0073164566190345,0.5040140542957754,1.491469452845591,0.5157226375509496,0.09819241454809864,-0.18319721884514947,0.051554508960356446,-0.2931820473002045,-0.011631260994028163,0.0,0.0,1.5,3.0492712584179986,11114.592702100594,11126.37888884187,11112.740124039947,11117.210784593422,0.0,0.0,0.0,0.0,0.0,0.0,nan,0,0.008192370580272446,0.0025352614569617016,-0.014058721081099845
7.5074620460000006,3.006522593366928,0.5092508116035617,1.4997317728659296,0.4579561896194401,0.08756854523931554,-0.1612375058663189,0.054250435557804476,-0.290918493034411,-0.01610893679746441,0.0,0.0,1.5,3.04934658008736,11118.540723996754,11133.493390263835,11122.16950611684,11122.901950959516,0.0,0.0,0.0,0.0,0.0,0.0,nan,0,0.002238539066381051,0.006890671376281521,-0.005739777425526338
7.5175609049993,3.019246854128382,0.4953346076924335,1.4977191293838334,0.4470234919594383,0.09241824997519367,-0.12169447509565755,0.054230427110231766,-0.290334361907438,-0.023677069812888765,0.0,0.0,1.5,3.0596099656839786,11118.540723996754,11133.493390263835,11122.16950611684,11122.901950959516,0.0,0.0,0.0,0.0,0.0,0.0,nan,0,0.010103881643350743,-0.007856528493991932,-0.007706016177812192
7.528058264999345,3.028626150857815,0.48926658329048567,1.5024305038738905,0.4336966694891779,0.08010251040055485,-0.12474362023723753,0.04928533372053418,-0.28918254875679983,-0.019369091813281284,0.0,0.0,1.5,3.067892445724532,11096.559533180918,11097.229638166002,11094.529651249888,11094.230546037874,0.0,0.0,0.0,0.0,0.0,0.0,nan,0,0.014924348980716928,-0.014705349342638119,-0.002955833504513672
7.538527200999852,3.013616366355958,0.5087576441517145,1.5016921655120916,0.4302797748995868,0.060413690235869226,-0.09215425215188511,0.05341906838413135,-0.29389427654572503,-0.01081946481434809,0.0,0.0,1.5,3.056259283417461,11085.919596420666,11078.487836698854,11075.495956221403,11078.498586697904,0.0,0.0,0.0,0.0,0.0,0.0,nan,0,-0.004345417176190747,0.0040549173532002936,-0.0036594140217478532
7.549088701999608,3.0261022499721513,0.4926341355579723,1.4912895193627997,0.37930256626840797,0.06725127055346146,-0.06964705301478588,0.05367366910946757,-0.29060182258649375,-0.01445649482416993,0.0,0.0,1.5,3.0659515800606503,11085.919596420666,11078.487836698854,11075.495956221403,11078.498586697904,0.0,0.0,0.0,0.0,0.0,0.0,nan,0,0.004177868875315571,-0.012749615801444292,-0.01402706134164955
7.5596359599994685,3.0266629219517114,0.5064300953172225,1.4872623186327314,0.36612120263617687,0.05355008342838728,-0.09370506986302045,0.052580059157930986,-0.2898695488990954,-0.019334993580767297,0.0,0.0,1.5,3.0687655715428797,11035.407253812897,11024.353371089092,11023.32548576115,11038.669781476425,0.0,0.0,0.0,0.0,0.0,0.0,nan,0,0.0010718665914510872,0.00041485769977078757,-0.018014726286625926
7.570342082000025,3.0171336934162523,0.492700759358939,1.4931058102118973,0.29192170979336296,0.0351687182564645,-0.10332806134370662,0.05018742896459336,-0.28852319333886634,-0.00789995975721754,0.0,0.0,1.5,3.057106032193405,11046.236717204623,11032.476202147818,11035.311370968791,11045.502969675106,0.0,0.0,0.0,0.0,0.0,0.0,nan,0,-0.011828455414926164,-0.0138964714254598,-0.012126558971656154
7.580581020999489,3.038834754364364,0.5163461048806204,1.5121208058085722,0.29189947186685594,0.06382894197121243,-0.06326138488373839,0.0533016585979266,-0.29436660869836795,-0.009678606119606177,0.0,0.0,1.5,3.082414131535794,11064.823455321733,11057.035007803848,11058.39698884128,11069.522337966688,0.0,0.0,0.0,0.0,0.0,0.0,nan,0,0.006797807555394275,0.00921650396389162,0.0069353681906219045
7.591244103999998,3.03268717410815,0.4937461907782399,1.5122853955074222,0.26798091270463376,0.0626220391524101,-0.1085209840751268,0.048603735563083145,-0.2927043484317539,-0.015550114110041572,0.0,0.0,1.5,3.072641815742745,11034.724870737937,11031.656181984677,11028.915967798654,11042.454996560087,0.0,0.0,0.0,0.0,0.0,0.0,nan,0,-0.002128623387322115,-0.013866207505742745,0.007149813003677341
7.601474688999588,3.0324352881550363,0.5000027760527553,1.4867548384627172,0.23816203184122678,0.06073284251567317,-0.046720951254664286,0.0557972120778328,-0.2917306728088536,-0.016582911215828947,0.0,0.0,1.5,3.0734088545477527,11047.81405614898,11049.291723723563,11043.235220763198,11051.257832402345,0.0,0.0,0.0,0.0,0.0,0.0,nan,0,-0.00486389655014019,-0.008042922154419818,-0.018326829748497975
7.612047572999472,3.01958899550059,0.4946190788632999,1.4859042969877396,0.19829240296635306,0.03509226833286286,-0.08838426497048876,0.05063879145192487,-0.2885051877247234,-0.019932745045323018,0.0,0.0,1.5,3.059863464889774,11046.20030569228,11046.215105374207,11044.109545474863,11050.101837378756,0.0,0.0,0.0,0.0,0.0,0.0,nan,0,-0.01989794257366695,-0.013810388512616956,-0.019120423566610922
7.6227243429993905,3.045213280192957,0.49519645294290615,1.52125673522067,0.21087051777033816,0.05225035555155197,-0.036046785681820494,0.05378179002576151,-0.2906852506449313,-0.019610414329866033,0.0,0.0,1.5,3.0852869068634483,11082.60138287732,11081.506940629584,11081.96898916836,11080.487413255065,0.0,0.0,0.0,0.0,0.0,0.0,nan,0,0.0038350259585677726,-0.013567113730366676,0.01628887400340706
7.6331252319996565,3.0140216245873317,0.5070625869154933,1.4775533873925126,0.14110455497285954,0.03159480948000343,-0.040278227259916775,0.054425053880042304,-0.29117866644803186,-0.015847337948550626,0.0,0.0,1.5,3.0564591721380867,11044.778780184191,11033.99459891091,11036.634218103913,11041.758748599634,0.0,0.0,0.0,0.0,0.0,0.0,nan,0,-0.02895192752379394,-0.0019854749854851805,-0.027356761438929178
7.643332650000048,3.043248141823484,0.49741459980350755,1.5186990743071034,0.10853480764526884,-0.010492196518812258,-0.07155430852979615,0.04859684700586193,-0.28909355269108666,-0.0066036921259514225,0.0,0.0,1.5,3.0836877585432854,11065.527660792517,11061.920199299995,11064.36500709649,11063.950117712895,0.0,0.0,0.0,0.0,0.0,0.0,nan,0,-0.0010252222471645034,-0.011868438208046173,0.01384881694905804
7.654166243999498,3.0348183116786713,0.51101188690754,1.521608862117631,0.06640335464059784,0.019920462467623284,-0.06340423355247382,0.054727170861346874,-0.29353535783129553,-0.015349695718113307,0.0,0.0,1.5,3.0776163302762423,11075.586716215472,11076.225517033921,11077.431465976224,11078.434082015434,0.0,0.0,0.0,0.0,0.0,0.0,nan,0,-0.010458451357632015,0.0015435509834962335,0.01681716318920623
7.664662277999923,3.061137879955149,0.49743279365836723,1.5084381643238776,0.041086601221546434,-0.026754481457174756,-0.026173179569551192,0.05339388564183362,-0.2920421935333726,-0.017915908203287385,0.0,0.0,1.5,3.101302259845085,11079.378468419254,11081.441653542766,11083.16453944036,11080.884623502947,0.0,0.0,0.0,0.0,0.0,0.0,nan,0,0.015154383155206563,-0.012171116573169494,0.0037024208503626532
7.675012953999612,3.0636449200321936,0.5036162519990734,1.5162987599599584,0.05355124198531807,0.02514224847539541,0.006774772327325771,0.047437077822336145,-0.29156177169292513,-0.012419962622570967,0.0,0.0,1.5,3.1048051750299717,11075.923938656077,11074.548160251665,11084.542097604499,11080.526107680455,0.0,0.0,0.0,0.0,0.0,0.0,nan,0,0.01725126715780778,-0.006073521452060415,0.011616225190644869
7.685321502999614,3.0475023528081766,0.5227411995489899,1.4943276172883484,-0.02050430932462374,9.206274220609036e-05,-0.008899462633260156,0.05562325850941516,-0.29429522894657056,-0.021355550605077947,0.0,0.0,1.5,3.0920157062995197,11075.923938656077,11074.548160251665,11084.542097604499,11080.526107680455,0.0,0.0,0.0,0.0,0.0,0.0,nan,0,0.0009939979311210934,0.013015085502170898,-0.010301161903957023
7.695968156999697,3.0343187789279265,0.5226549301445069,1.5108132931453202,-0.028883861306759035,0.00592293543655306,-0.006275909011676704,0.05332883961230588,-0.2906116210645943,-0.01924029553017846,0.0,0.0,1.5,3.079021850436867,11066.669930973478,11065.818529728866,11066.388068060385,11063.1745829808,0.0,0.0,0.0,0.0,0.0,0.0,nan,0,-0.012009252992407848,0.012941924196881116,0.006239809140140773
7.70652673999939,3.0507458618724024,0.500709860773443,1.487099012047767,-0.05736825855369332,0.022981436316059655,0.017125928131320058,0.05709472811232804,-0.29371024144421565,-0.01710380971777672,0.0,0.0,1.5,3.0915897389365057,11068.487319373171,11066.298592455096,11064.73245738725,11061.177094424454,0.0,0.0,0.0,0.0,0.0,0.0,nan,0,0.004893551967011689,-0.00894052729775141,-0.017419306106057686
7.7170685299997785,3.048988649449688,0.49769985298069547,1.5271890973975122,-0.07251049381834711,-0.008437242000808004,-0.055162217297363335,0.0529431193696196,-0.29334937245885384,-0.02139733681041057,0.0,0.0,1.5,3.0894621174481696,11073.626158168247,11077.737271224116,11079.991836613159,11072.03645390532,0.0,0.0,0.0,0.0,0.0,0.0,nan,0,0.003907618341991714,-0.011838380914324487,0.022724863849103327
7.727439835999576,3.0493824417141253,0.5233445334438951,1.499316615614349,-0.10109676294840077,-0.015787422998405274,0.0663419709622274,0.05253961797270189,-0.29212069108483896,-0.011576351923581234,0.0,0.0,1.5,3.093965617703957,11093.397493861386,11100.911773979526,11107.12118842738,11089.298799659824,0.0,0.0,0.0,0.0,0.0,0.0,nan,0,0.005368995305299329,0.013968117090148002,-0.005097536581232687
7.738161431999288,3.045748168644896,0.5065774505504892,1.5081199741030251,-0.15987955414249802,-0.06846249700255506,-0.008157544297940276,0.04989615342574808,-0.29377577570777325,-0.011195176311009107,0.0,0.0,1.5,3.087599156980939,11065.564181215363,11069.495201470902,11069.053810552748,11063.817946385521,0.0,0.0,0.0,0.0,0.0,0.0,nan,0,0.003098179207221552,-0.00258755541815181,0.0037528863100158016
7.7487133099994026,3.030685081580255,0.5166863430334242,1.4854363129497632,-0.1799161638781562,-0.037143855711726945,-0.002810672308334808,0.04599749496174015,-0.2925413678501358,-0.013057155497813784,0.0,0.0,1.5,3.0744477458188926,11090.816210019539,11100.438035665034,11102.967312365905,11093.666281963093,0.0,0.0,0.0,0.0,0.0,0.0,nan,0,-0.010305672572599622,0.007782327515949539,-0.018886885208336812
7.759084954000173,3.035342958931129,0.5104410844382947,1.4937251744199296,-0.21626547198929966,-0.028255397018431817,0.07017572999110333,0.05029900092231129,-0.28952756012149594,-0.015548456991183176,0.0,0.0,1.5,3.0779695177911335,11090.816210019539,11100.438035665034,11102.967312365905,11093.666281963093,0.0,0.0,0.0,0.0,0.0,0.0,nan,0,-0.0036910308961193294,0.001847936206376244,-0.010563604575439811
7.769378391999453,3.045591414198756,0.5067259345843221,1.4893663860397512,-0.2344649820907401,-0.03439915672949573,0.07333139001582363,0.051506406260821355,-0.29526681024221496,-0.01456326053708065,0.0,0.0,1.5,3.0874765276463867,11117.74733973623,11128.117377441999,11122.103535093662,11111.087072230519,0.0,0.0,0.0,0.0,0.0,0.0,nan,0,0.008812109847868843,-0.0015063985211815067,-0.014899255812584444
7.780718889000127,3.024908336845719,0.5037340720083846,1.5098744300553386,-0.2841410598610195,-0.056422549749473846,0.05552206822850759,0.051194109612146856,-0.29346043153984547,-0.01380048696472317,0.0,0.0,1.5,3.0665805004907014,11110.99782383332,11122.145835975793,11116.36695429569,11104.6781942738,0.0,0.0,0.0,0.0,0.0,0.0,nan,0,-0.009319149650325098,-0.004087620736173969,0.005622725020601349
7.790501372999643,3.0320542772804684,0.5087588184080545,1.523795735778885,-0.28163472582541643,-0.05674647272622607,0.049431117246753184,0.054693007922491106,-0.29188315446732643,-0.011480416196822638,0.0,0.0,1.5,3.074533283723564,11110.99782383332,11122.145835975793,11116.36695429569,11104.6781942738,0.0,0.0,0.0,0.0,0.0,0.0,nan,0,0.0006753747058994009,0.0013975440542283168,0.019549424732593135
7.80091477499991,3.035323878292172,0.5107459197908802,1.4799557962791627,-0.30906664996100297,-0.05285924427734287,0.09609704105196798,0.05053019988918841,-0.29265009008305526,-0.008562881663839355,0.0,0.0,1.5,3.0780601376218213,11096.441102804823,11104.36014676063,11105.713064793452,11102.238410497272,0.0,0.0,0.0,0.0,0.0,0.0,nan,0,0.007089837854105774,0.0038947776982789506,-0.02429262328568349
7.811374424999485,3.010057614683845,0.5022837869562791,1.4986957501910942,-0.3477038623666182,-0.06690409935252281,0.10811096509794003,0.05163345079618677,-0.2904998741466759,-0.008614182804968269,0.0,0.0,1.5,3.0516778249715193,11096.441102804823,11104.36014676063,11105.713064793452,11102.238410497272,0.0,0.0,0.0,0.0,0.0,0.0,nan,0,-0.01473552475172113,-0.0040075309144149696,-0.005562080512059309
7.822060407999743,3.0107003996383703,0.5016374302430726,1.4906983076294735,-0.35272668140058244,-0.054331534282179794,0.09616603122461735,0.05201490625886163,-0.2913912316442935,-0.021460920994816307,0.0,0.0,1.5,3.0522194431731924,11091.01505403614,11100.004739471267,11096.029952920795,11103.080753956707,0.0,0.0,0.0,0.0,0.0,0.0,nan,0,-0.010356126095315332,-0.0040444090175874026,-0.013575759395646259
7.832562101999429,3.029426787460955,0.5179939342372667,1.5154126671806918,-0.3466396485034918,-0.0955409392013241,0.15147316497546423,0.054774809160428296,-0.29467939107596425,-0.014637877156730369,0.0,0.0,1.5,3.073431620648526,11101.316951114834,11107.204954833698,11104.083680209073,11105.22029851865,0.0,0.0,0.0,0.0,0.0,0.0,nan,0,0.012402300249068077,0.012971195344247621,0.011115882783904185
7.84320599900002,3.018553813316363,0.5143437429077062,1.5030072664628684,-0.42024661144955,-0.10294725717298057,0.12484684461083598,0.05021676380002167,-0.2894222017483698,-0.01177874054525752,0.0,0.0,1.5,3.0620623203009183,11052.620083424516,11050.643505176151,11052.83517770389,11059.60053408809,0.0,0.0,0.0,0.0,0.0,0.0,nan,0,0.005855376774709153,0.01002950336440056,-0.0013146386132987242
7.853240126999481,3.0133425892281354,0.5237244847819705,1.5038596686464833,-0.4508549453983692,-0.05080022731190136,0.11904764903927721,0.05518986128457507,-0.2866579381707665,-0.01583305258874675,0.0,0.0,1.5,3.0585185618299464,11052.620083424516,11050.643505176151,11052.83517770389,11059.60053408809,0.0,0.0,0.0,0.0,0.0,0.0,nan,0,0.005262855724032622,0.02016792791427935,-0.0004858548576041066
7.863998815999366,2.996143587159845,0.4867346833382424,1.5146655015593449,-0.4725692753217024,-0.07029021781315783,0.12284474636926243,0.05168372227276178,-0.29279989220539143,-0.016626027853323032,0.0,0.0,1.5,3.035457481794043,11057.181896527567,11053.141884863777,11056.017845685727,11065.912764094212,0.0,0.0,0.0,0.0,0.0,0.0,nan,0,-0.007024604640150756,-0.0160149668729353,0.01029664313463341
7.874247539999487,2.998492754466088,0.508565910704125,1.5060766756098867,-0.5217030034211424,-0.10504522672598085,0.15033714529146594,0.04825339033105919,-0.2927202503871443,-0.012245106530182095,0.0,0.0,1.5,3.041321260587643,11068.86822684235,11063.017898043461,11062.69187602884,11074.824739434143,0.0,0.0,0.0,0.0,0.0,0.0,nan,0,0.0005290437865079767,0.0066724142635198325,0.0016838468650770544
7.885013315999458,3.006391227165988,0.4887060443615576,1.497597020188169,-0.5377190224541023,-0.07503691082287617,0.19319050629255316,0.05184874504501931,-0.2889990246995072,-0.017662295630305556,0.0,0.0,1.5,3.045854163102382,11072.679150854292,11070.027423785948,11066.307314076928,11071.15185012924,0.0,0.0,0.0,0.0,0.0,0.0,nan,0,0.013924839419232171,-0.012282062986294529,-0.006820659603484991
7.895364758999676,2.988145220393045,0.5009497400485907,1.4907520913757775,-0.5707983242691363,-0.1002881983522051,0.18533638615831924,0.049172398988896006,-0.28899343797608346,-0.013218400363150487,0.0,0.0,1.5,3.029859406643561,11072.679150854292,11070.027423785948,11066.307314076928,11071.15185012924,0.0,0.0,0.0,0.0,0.0,0.0,nan,0,0.0014683745843817597,0.000916157198605827,-0.013689809816260556
7.905905339999663,2.9860825251194347,0.4993656385082407,1.5190693397605617,-0.5646506666049044,-0.11218636572353012,0.15991738584837362,0.05440753647683353,-0.29397381088172503,-0.01565034027776813,0.0,0.0,1.5,3.0276093749797552,11064.418187248877,11055.514712909116,11049.391821338764,11060.832297424176,0.0,0.0,0.0,0.0,0.0,0.0,nan,0,0.0054869695532300256,0.0003356424718340967,0.0146048652189108
7.916626232999988,2.9547155177855244,0.4814921567096077,1.4999983542201747,-0.5976528484884633,-0.09217853229835274,0.22856398773087658,0.047449444696667266,-0.2902908568668699,-0.009393507926337741,0.0,0.0,1.5,2.9936897781864706,11064.418187248877,11055.514712909116,11049.391821338764,11060.832297424176,0.0,0.0,0.0,0.0,0.0,0.0,nan,0,-0.019506973825642593,-0.016485178265511213,-0.004487656753830782
7.927611581999372,2.9683179213928375,0.4913660009763743,1.5012088859798316,-0.652927355715389,-0.11545346936653585,0.16128546285472597,0.05098829598682766,-0.2915147856379704,-0.020507059360386645,0.0,0.0,1.5,3.0087128960375598,11038.584319314037,11027.857294460064,11018.618391593673,11038.127672064804,0.0,0.0,0.0,0.0,0.0,0.0,nan,0,0.0007593173680686682,-0.005509749439968181,-0.0032949728865776517
7.937660674999279,2.95818010396325,0.49666810883025736,1.4718556027099552,-0.6932928150462992,-0.10878005748305518,0.22519969160630635,0.0522763531679459,-0.29531540772190396,-0.01321002272225674,0.0,0.0,1.5,2.999716794117716,11048.102774638286,11039.044938999812,11030.123106691985,11045.415325093427,0.0,0.0,0.0,0.0,0.0,0.0,nan,0,-0.002424751189099794,0.0009427145602095011,-0.0326596981843974
7.948718906000067,2.9632039431421235,0.5066241704106798,1.5217244555046456,-0.685512346089699,-0.09296202996415265,0.23640168890382765,0.0506686541353164,-0.29163825568659685,-0.01674903119077436,0.0,0.0,1.5,3.006279696013715,11072.242347325098,11071.594561260046,11064.747326478382,11069.009543747403,0.0,0.0,0.0,0.0,0.0,0.0,nan,0,0.00984406676354066,0.012098145727215182,0.01719911766668436
7.95879370900002,2.944775829998304,0.4948442863787343,1.48477699555744,-0.7344266470039059,-0.1354937213810052,0.21587897754040858,0.050126909042043956,-0.2929689646177786,-0.0129218256340472,0.0,0.0,1.5,2.9861023586890214,11061.780677149742,11062.857025546236,11051.53723191991,11055.563592933855,0.0,0.0,0.0,0.0,0.0,0.0,nan,0,-0.0010471658119173277,0.0015667717966031947,-0.01975964388357654
7.969045480999739,2.9350161693345234,0.4854620397857729,1.4804630859394439,-0.7700573538324387,-0.13906811096406133,0.24855222768364316,0.05383886364341414,-0.2909835135292005,-0.01855473211926428,0.0,0.0,1.5,2.974957982449344,11080.385786587924,11086.360636818872,11080.04846418433,11078.53038740572,0.0,0.0,0.0,0.0,0.0,0.0,nan,0,-0.0029782486927065754,-0.006517841304240601,-0.024085874840677812
7.979431490999559,2.9270819066685414,0.4950843677700582,1.5000485725409676,-0.7820940007201722,-0.14746203930542487,0.24689685930751348,0.049174980598281244,-0.2916245306815875,-0.011225522883240541,0.0,0.0,1.5,2.9686557600900634,11086.061250892588,11090.208826561568,11088.946614599672,11085.055221772458,0.0,0.0,0.0,0.0,0.0,0.0,nan,0,-0.002791597441640814,0.004451372023822064,-0.00451629002749665
7.989968359999693,2.9365704352556437,0.4978228286207676,1.4979252132402496,-0.7999838796732904,-0.131400803371587,0.26925274012909634,0.05090676793998364,-0.29516949574612744,-0.014874844365475924,0.0,0.0,1.5,2.9784690353692787,11076.620898991003,11080.672201446116,11077.964833773829,11078.115560257518,0.0,0.0,0.0,0.0,0.0,0.0,nan,0,0.015109948529934414,0.008585953640984745,-0.00665880287006404
8.000960210999438,2.90332710922134,0.48568709710922386,1.5088197164444368,-0.868253705014957,-0.20282707543075154,0.22165181943589216,0.0522827889284373,-0.28945898900713524,-0.014514163301544779,0.0,0.0,1.5,2.9436844339765917,11062.365028243725,11069.995723447357,11063.784134863186,11061.881947472539,0.0,0.0,0.0,0.0,0.0,0.0,nan,0,-0.009429014883496567,-0.0021045258612033546,0.0042153642458664375
8.011451581999609,2.9102568916068305,0.4822925289412149,1.5058779108320663,-0.8597540330850562,-0.15638024083622518,0.265428221700036,0.05344985779671433,-0.2900731081967817,-0.013901204183700416,0.0,0.0,1.5,2.9499552214318974,11081.126036844338,11084.868658497355,11093.664704149203,11088.482500132068,0.0,0.0,0.0,0.0,0.0,0.0,nan,0,0.006496609278809018,-0.0040046632926813985,0.0012511380949871143
8.021772460999273,2.893260283280934,0.49268029184845874,1.4907054537697344,-0.873987262343537,-0.167045412402897,0.20887807411188364,0.05074361087414316,-0.28960397282189354,-0.012199763744617335,0.0,0.0,1.5,2.9349233934425576,11070.390928100764,11070.917263315547,11081.073954646228,11080.32007533729,0.0,0.0,0.0,0.0,0.0,0.0,nan,0,-0.001212558727475166,0.007926752980930263,-0.013946686187559898
8.032364005999625,2.8825792514043242,0.4728564373108637,1.4817911187057538,-0.9024006699841233,-0.15437152140030003,0.24999967370074372,0.05193161617833353,-0.29225091315251406,-0.007011847914217483,0.0,0.0,1.5,2.9211620828517932,11108.446879705742,11116.831698870128,11127.842342572641,11121.352787086731,0.0,0.0,0.0,0.0,0.0,0.0,nan,0,-0.0023137889198698858,-0.010304077772325615,-0.022892340710797043
8.04239715499989,2.886731453102976,0.4705209779393635,1.5031208371629474,-0.977472724345519,-0.18473612794364916,0.3097361241486848,0.04942561608864415,-0.2933376122721485,-0.007870586283391432,0.0,0.0,1.5,2.924827894533221,11125.651685655897,11138.451302019912,11147.82830097421,11140.46820984376,0.0,0.0,0.0,0.0,0.0,0.0,nan,0,0.011712076623539236,-0.010996876376220266,-0.0016053602944690049
8.053302698999687,2.864429688175235,0.4618661462158597,1.515959810597131,-0.9845055904228417,-0.14752778448247666,0.3456267238089496,0.05444422144650524,-0.2900645837331882,-0.014595541421545573,0.0,0.0,1.5,2.901470746203425,11100.086868072933,11109.761164826872,11118.987045340435,11117.491530937674,0.0,0.0,0.0,0.0,0.0,0.0,nan,0,-0.00042255335589791443,-0.017959469320453614,0.011180259028303663
8.06348416199944,2.8528491279502886,0.4728923605341614,1.4785669551049303,-1.0149686076779012,-0.17381524276216456,0.3365216765524236,0.04985319935569147,-0.29055347467369574,-0.010324549065388742,0.0,0.0,1.5,2.891856619355767,11053.426299304105,11052.350555495625,11056.722701900513,11065.206143223822,0.0,0.0,0.0,0.0,0.0,0.0,nan,0,-0.001544866481212992,-0.005191836079238843,-0.02626924005942821
8.073746299999584,2.8444074979763645,0.4599089341419331,1.517324847671166,-1.0056131573989526,-0.21858158453330562,0.3905185860542921,0.05405265714056078,-0.2904416658406355,-0.022319581326283634,0.0,0.0,1.5,2.88140076917366,11053.426299304105,11052.350555495625,11056.722701900513,11065.206143223822,0.0,0.0,0.0,0.0,0.0,0.0,nan,0,0.0007614791709409374,-0.016384902506904386,0.012432804772943173
8.084360275000108,2.835139250079788,0.4921220849308818,1.5046971496332895,-1.0707765840156889,-0.2145528530688704,0.3281247910269976,0.0532019225964124,-0.2925500525590972,-0.01006359578191668,0.0,0.0,1.5,2.8775372763935443,11061.006985503274,11060.243028508576,11060.233459012326,11070.597974661989,0.0,0.0,0.0,0.0,0.0,0.0,nan,0,0.002529160815789133,0.017667239894617714,-0.0002445495751319804
8.095012468999812,2.8344084721052116,0.47831114188442786,1.5121641118591895,-1.070611763201396,-0.1961302038724534,0.2782411018710993,0.050827167837650455,-0.2926878434428574,-0.010676691138347748,0.0,0.0,1.5,2.874508810355242,11003.777808377032,10983.384538959133,10994.612922966917,11013.44152356323,0.0,0.0,0.0,0.0,0.0,0.0,nan,0,0.013121004224335486,0.00574369165035632,0.007182665054368709
8.105253296999763,2.7970073779250133,0.4712470499903559,1.5034704416091853,-1.160431376124662,-0.18194067384100976,0.34559695346354524,0.05492851073907102,-0.29207603336967436,-0.009378484483438674,0.0,0.0,1.5,2.8364301680557085,11018.318701098051,11004.814965232777,11015.412805028058,11031.320578689641,0.0,0.0,0.0,0.0,0.0,0.0,nan,0,-0.012669402148876685,0.0006156065605664174,-0.0015458561413890237
8.11577989199941,2.7766135247136625,0.4797830333201185,1.4970372117977921,-1.1577640269034772,-0.16570455030583148,0.3674636166352539,0.05073252779767215,-0.29306183841613054,-0.016200722426128765,0.0,0.0,1.5,2.8177620912345693,11058.129974293943,11061.86773991972,11062.948999411865,11070.705187647352,0.0,0.0,0.0,0.0,0.0,0.0,nan,0,-0.021163437409242203,0.011136357953455411,-0.008012999507608143
8.126183839999612,2.796448560094992,0.47409197414473625,1.4918090054546478,-1.1511460279885057,-0.2178703579770819,0.3633434710633932,0.054895572312323365,-0.2892475994404947,-0.022406183124294345,0.0,0.0,1.5,2.836362960130006,11058.129974293943,11061.86773991972,11062.948999411865,11070.705187647352,0.0,0.0,0.0,0.0,0.0,0.0,nan,0,0.010860562034947119,0.007478795897963408,-0.013274652233450368
8.13681945099961,2.764528578033259,0.4721646381908356,1.5058864890486001,-1.2415577237013804,-0.21126594216769168,0.38978994306727793,0.052999569414562145,-0.29503319950202,-0.00792375299276431,0.0,0.0,1.5,2.8045663399309695,11069.109547229453,11067.408201283743,11060.202058690244,11058.845129582192,0.0,0.0,0.0,0.0,0.0,0.0,nan,0,-0.008581416844770207,0.007633634633630981,0.0007697905222410206
8.14786754799934,2.749336522148702,0.4472939702874528,1.4987850484196594,-1.218621772614299,-0.19936367050057682,0.4224733942496591,0.05375128231198856,-0.2905282744003397,-0.010343669491576923,0.0,0.0,1.5,2.7854846407732308,11059.451689124395,11064.587922095816,11055.02407164374,11055.63147395816,0.0,0.0,0.0,0.0,0.0,0.0,nan,0,-0.011006617562447474,-0.015106240412383287,-0.00636408249097653
8.157851797999683,2.7518168133367276,0.4700293069033489,1.5075955421519194,-1.2303448222178202,-0.22252018835866288,0.3643430483530517,0.056964620011264976,-0.2932261184480235,-0.02565884142632641,0.0,0.0,1.5,2.791680679406462,11033.047798349202,11032.684957359275,11026.628458415298,11035.56110709206,0.0,0.0,0.0,0.0,0.0,0.0,nan,0,0.004528378782965525,0.009808315241766563,0.0024174954947699945
8.168258910999612,2.740966906325253,0.4471500840608403,1.5004311104884156,-1.264242348858187,-0.2330024322711938,0.40791359767592045,0.05619954108296944,-0.2923588291064944,-0.010914711290462108,0.0,0.0,1.5,2.7772005626353486,11049.35424419553,11049.182277298247,11047.630373368682,11044.265098875649,0.0,0.0,0.0,0.0,0.0,0.0,nan,0,0.007020652412801809,-0.010843346423718259,-0.004771509068722146
8.178947534000145,2.723560977021887,0.4539664333147215,1.4956018895177994,-1.2987811969614076,-0.23109939209454275,0.39399741158627116,0.054092374760984836,-0.2918708246620927,-0.017146336499113395,0.0,0.0,1.5,2.7611391238959184,11039.90561930046,11037.5755286712,11048.249511692555,11048.307281785283,0.0,0.0,0.0,0.0,0.0,0.0,nan,0,0.003244538723864654,-0.0017510868962909987,-0.009621904853612362
8.189183544000116,2.70490835817555,0.4481760162563085,1.4779438301869556,-1.3620104810041957,-0.21325038880693076,0.4472883083237242,0.05243834459539437,-0.2895018120532861,-0.018218070668184608,0.0,0.0,1.5,2.7418748042720966,11055.53915326863,11054.808344644824,11065.858676502807,11061.401586540012,0.0,0.0,0.0,0.0,0.0,0.0,nan,0,-0.0014904186879407533,-0.00521723090471693,-0.02729885617311245
8.199719128999277,2.703315198193231,0.44539128728941924,1.4847210041007162,-1.3452009189249403,-0.2475694787415957,0.4298898831055733,0.052805259275740896,-0.29050395110168387,-0.014451284281048839,0.0,0.0,1.5,2.739802895700989,11064.686090330822,11063.185669705288,11061.635500010601,11056.8291034098,0.0,0.0,0.0,0.0,0.0,0.0,nan,0,0.011122269212501035,-0.005629293177302375,-0.020539838571030034
8.210309385999608,2.693073164702948,0.454077538093588,1.5103571235675763,-1.3740771260082068,-0.23021971293005133,0.46140733556998,0.05616301757450107,-0.29113067205569293,-0.019409205554266406,0.0,0.0,1.5,2.7311054082647344,11068.097293425822,11063.5462594195,11070.218938563075,11066.765326878367,0.0,0.0,0.0,0.0,0.0,0.0,nan,0,0.01537435362191486,0.005478004688470317,0.005078163888228682
8.220913125000152,2.640036223786793,0.44622701216718513,1.4917389074579739,-1.4102647696496222,-0.2057050177985822,0.46616754370455227,0.05235904325593463,-0.2929438803586978,-0.015506951036849055,0.0,0.0,1.5,2.677494734811643,11041.397994161222,11031.083708752705,11033.261408310515,11032.99480872032,0.0,0.0,0.0,0.0,0.0,0.0,nan,0,-0.022881086447223975,9.673059357989677e-05,-0.013555603817472894
8.231201545999284,2.64041317069671,0.4235958520954516,1.474417367863056,-1.4563792118721,-0.2482155714894822,0.45511014217626006,0.05138262205872428,-0.29442266930664956,-0.012016320181814227,0.0,0.0,1.5,2.6742979693684434,11022.01792712961,11038.007972694937,11025.735880753098,11004.105468102365,0.0,0.0,0.0,0.0,0.0,0.0,nan,0,-0.007436549839122897,-0.020017216234967272,-0.030886248181149156
8.241907992000051,2.6205853044493987,0.4462536972169355,1.494424881891966,-1.491864362066697,-0.2851239926290694,0.450701868745775,0.057962510266704605,-0.2936912799127153,-0.016008212216601,0.0,0.0,1.5,2.658315403054696,11012.351197071574,11066.662094960555,11068.194568295105,11010.477999488492,0.0,0.0,0.0,0.0,0.0,0.0,nan,0,-0.011910708295476802,0.005205787871172873,-0.010881921365697433
8.252215257999524,2.6080757206728737,0.43939933186922214,1.5029187965660005,-1.5032565428886087,-0.2687778110989819,0.4802336774295882,0.0538292183232523,-0.29163353501986256,-0.021612752359869,0.0,0.0,1.5,2.6448325574568687,10979.200646450072,11072.239077020553,11097.94047068053,10998.485589336542,0.0,0.0,0.0,0.0,0.0,0.0,nan,0,-0.008780250016766189,0.0009645503047424064,-0.002386501882819303
8.262863926000136,2.5833508999726384,0.43784964846800933,1.4924278634127497,-1.5287124607566736,-0.2604285076970695,0.45967585599200617,0.0509182039407184,-0.29435902079348475,-0.011989185862897118,0.0,0.0,1.5,2.6202044813917666,10930.9598280219,11053.368813016841,11083.756005552661,10945.854008330649,0.0,0.0,0.0,0.0,0.0,0.0,nan,0,-0.017579873114895506,0.002075754247053585,-0.012867982705018655
8.273326320999331,2.583382664810777,0.4411935891912113,1.508721678892955,-1.5402814273115615,-0.264218519108739,0.5078244671565186,0.049611533250790534,-0.29379990980464477,-0.012760830554006427,0.0,0.0,1.5,2.6208002296380712,10907.678374098054,11071.030041162512,11103.089145906419,10928.102184406782,0.0,0.0,0.0,0.0,0.0,0.0,nan,0,-0.001338883336508001,0.008128139974720616,0.0034460988072930743
8.28390065199983,2.5668215584340413,0.447472472665763,1.506212108199557,-1.564081624262232,-0.25366604813757554,0.4966820751809424,0.05464008356737404,-0.28791661818957426,-0.0153813695989696,0.0,0.0,1.5,2.6055408492141616,10845.689415848079,11037.597220554022,11067.547178528506,10865.925618525964,0.0,0.0,0.0,0.0,0.0,0.0,nan,0,-0.0014084212033873555,0.017162732336851172,0.0009720326517039801
8.294260654999562,2.557931249316911,0.40203510889143446,1.482711111745781,-1.6092322975920068,-0.28775667330806654,0.5486217659022533,0.05247675854458307,-0.29132218937168003,-0.009333067028805955,0.0,0.0,1.5,2.5893905481155963,10804.64079110054,11020.060595195762,11047.172790417817,10822.422834540224,0.0,0.0,0.0,0.0,0.0,0.0,nan,0,0.006472695550104213,-0.025472083015442737,-0.022471472431468298
8.304783621999377,2.5267926550457225,0.42283597576012205,1.5246452399079664,-1.648062390599354,-0.2844381050962944,0.5201048128702617,0.052115093246284216,-0.2914264078744393,-0.013191145007921906,0.0,0.0,1.5,2.5620458176699628,10739.221198340801,10992.045197400841,11044.517111592426,10782.32172804212,0.0,0.0,0.0,0.0,0.0,0.0,nan,0,-0.007616844914710708,-0.001822202894238345,0.019547643792781733
8.315225094999732,2.512296223754079,0.4270562358357054,1.5092674584211767,-1.6688464101256253,-0.2810021714366929,0.4862676969380919,0.05052248424405069,-0.2918102712783159,-0.01583409173278613,0.0,0.0,1.5,2.5483514730587604,10739.221198340801,10992.045197400841,11044.517111592426,10782.32172804212,0.0,0.0,0.0,0.0,0.0,0.0,nan,0,-0.004789304923193516,0.005293083396724019,0.004289027163573156
8.326061671999923,2.4840383300569204,0.4275401701037227,1.5020400390288196,-1.7145306746940858,-0.32590316422959753,0.5248387299700334,0.051221558266398536,-0.28562983344378323,-0.015769060417504276,0.0,0.0,1.5,2.5205636639457323,10658.46691944752,10987.954005555446,11046.206112854246,10704.59541792507,0.0,0.0,0.0,0.0,0.0,0.0,nan,0,-0.015450087839588011,0.0087177597520946,-0.0027819921307921103
8.33628023899928,2.474798665261452,0.4091291136384619,1.5063437918439595,-1.724332221041856,-0.29936981074605457,0.5376505774138998,0.049749923728235085,-0.29128031147775113,-0.01267671732541861,0.0,0.0,1.5,2.508396959992859,10607.79259317232,10976.374226884263,11049.101657003519,10666.158092608111,0.0,0.0,0.0,0.0,0.0,0.0,nan,0,-0.006820995859827761,-0.006707087513736498,0.0017169236770306906
8.346649453999817,2.4680303217305517,0.4064964858898512,1.500251455831316,-1.7295522611341942,-0.28199641755210964,0.4841076270703847,0.04960218616593714,-0.28631924492461425,-0.008741573983250457,0.0,0.0,1.5,2.501282296193743,10561.87493195797,10963.338741435087,11041.96319156615,10625.656336320711,0.0,0.0,0.0,0.0,0.0,0.0,nan,0,0.004548623129223106,-0.006308444652026957,-0.004137424522438815
8.357450232999327,2.4644396069327392,0.4063781330158484,1.5197160270862002,-1.7511252664820651,-0.312039975889598,0.480029561496323,0.05039052000425768,-0.28488278373262294,-0.01591118450173465,0.0,0.0,1.5,2.4977979271623045,10574.235389086387,10987.538541036667,11063.586173015023,10639.633211435063,0.0,0.0,0.0,0.0,0.0,0.0,nan,0,0.01936357939339839,-0.0033507131792825384,0.015608124669173717
8.367487016999803,2.4460192740462254,0.40938540035192456,1.5014478167465786,-1.831537702386434,-0.34154592555955654,0.4560958472087113,0.0560925583932856,-0.28207125230605323,-0.02288536406354888,0.0,0.0,1.5,2.480042094642803,10574.235389086387,10987.538541036667,11063.586173015023,10639.633211435063,0.0,0.0,0.0,0.0,0.0,0.0,nan,0,0.019615467567319023,0.0027772619222653505,-0.0023378698087597183
8.378070066999499,2.4044140759414976,0.41899805384382555,1.5039675758716784,-1.8529793238128125,-0.2702203535018065,0.48079746673529683,0.04936133727798006,-0.279108632129211,-0.015569223189923855,0.0,0.0,1.5,2.440651994727806,10587.252750393805,11018.654792821228,11115.7333954213,10656.196858681598,0.0,0.0,0.0,0.0,0.0,0.0,nan,0,-0.003051961596156172,0.01555508334563438,0.0005422353061697027
8.388710896999328,2.3826582097895233,0.41405209617018807,1.494176061001605,-1.8848509133529476,-0.3336713215157371,0.4609690686226975,0.052050315545421943,-0.28045331188870215,-0.014063112694283836,0.0,0.0,1.5,2.418374082164668,10580.346517626498,11038.770988981183,11108.62302409072,10625.269604585714,0.0,0.0,0.0,0.0,0.0,0.0,nan,0,-0.005605909421126043,0.013818523600623245,-0.008853398349031316
8.399011423999582,2.351787756038365,0.38911143521732955,1.5076213870069086,-1.8665421500572275,-0.33008816819083725,0.5102488326487524,0.051246297024906746,-0.27267262274252524,-0.016930919664327245,0.0,0.0,1.5,2.3837725235451406,10581.590432070809,11064.43933317166,11143.493077567473,10637.315166593331,0.0,0.0,0.0,0.0,0.0,0.0,nan,0,-0.01701217665860666,-0.00786881500673503,0.0050215034655811674
8.40948026499973,2.329558130657378,0.382708767811601,1.4929193936622767,-1.896906032067095,-0.3449365969766737,0.5512480701174015,0.052715373320517,-0.2750145864295903,-0.017553242511905605,0.0,0.0,1.5,2.360795886996138,10526.829911736217,11018.415934321654,11107.487187052886,10591.401659938776,0.0,0.0,0.0,0.0,0.0,0.0,nan,0,-0.0195185515133387,-0.010974751908648162,-0.009215351413936146
8.41994183099996,2.3354215835797048,0.37818645811811374,1.494804241419268,-1.915376580111414,-0.3467556460611956,0.5406475969595348,0.04745336495351415,-0.2684880773970806,-0.013734710035068294,0.0,0.0,1.5,2.3658499458040634,10463.222215636606,10971.916266114551,11077.80605426532,10541.541911893239,0.0,0.0,0.0,0.0,0.0,0.0,nan,0,0.006322217110644512,-0.012157732476748173,-0.00682249486324471
8.430414346999896,2.3127769626637984,0.39371068582717433,1.510022056700894,-1.937023209799541,-0.31745235143027484,0.47320175812796583,0.049087681126088134,-0.2665214535491508,-0.018694924276217335,0.0,0.0,1.5,2.346070294084004,10426.12520229679,10934.316265335117,11046.992988240107,10512.28490525404,0.0,0.0,0.0,0.0,0.0,0.0,nan,0,0.0039040754060075678,0.006747631645793173,0.00895233403524709
8.441114291999838,2.293296496315671,0.37452795731350036,1.5003978624155405,-2.0092831623021095,-0.32080992035454425,0.5101682116075966,0.04631077817111382,-0.2658641203198446,-0.014179588482112303,0.0,0.0,1.5,2.323678155235285,10444.14996280697,10943.145748678586,11041.026696641626,10514.821490866487,0.0,0.0,0.0,0.0,0.0,0.0,nan,0,0.004895420575056431,-0.009012767524585241,-6.44568221437325e-05
8.451589862999754,2.259295506473013,0.3710098571735954,1.5077206885407353,-2.0290317031087066,-0.37490086360791636,0.43089910135578025,0.04108819026282404,-0.2582518658268378,-0.007008492928307494,0.0,0.0,1.5,2.2895685420446936,10424.062165012858,10941.929111192369,11031.41009785053,10489.15239062056,0.0,0.0,0.0,0.0,0.0,0.0,nan,0,-0.008392088776506323,-0.00906793242331394,0.007915989986564398
8.462039879999793,2.2214095403258054,0.37106101338975644,1.5095023652617514,-2.0336283024236925,-0.36192445833248477,0.4688375343126377,0.04735503147263565,-0.25466951496038487,-0.014018013263719839,0.0,0.0,1.5,2.2522071211267196,10445.139047568331,10963.370935644105,11062.12797750823,10525.74800742876,0.0,0.0,0.0,0.0,0.0,0.0,nan,0,-0.025326267174851758,-0.005513766710732559,0.010403166752798176
8.472477059999619,2.2304979521052166,0.3634956269503343,1.5020955325032679,-2.081196998650244,-0.3089876107279302,0.47490074593874065,0.042790627202467686,-0.25091141154845525,-0.011245979009295092,0.0,0.0,1.5,2.2599235775605453,10424.989116575796,10947.959020012117,11050.720186374947,10511.704078486357,0.0,0.0,0.0,0.0,0.0,0.0,nan,0,0.004948500962268287,-0.009536660477262593,0.0037477321998167223
8.482903940999677,2.202655218672204,0.3631146450723971,1.483819141777164,-2.0921280538498097,-0.37290187321705154,0.47888998995065507,0.05040477916244313,-0.24834309404688748,-0.013089279953729983,0.0,0.0,1.5,2.2324435217901426,10423.864045252776,10947.380348206625,11029.932345126887,10493.31131128015,0.0,0.0,0.0,0.0,0.0,0.0,nan,0,-0.0014781252879130236,-0.006336438966767499,-0.013730289644950933
8.493270322000171,2.1746522378413866,0.36712152030854334,1.5146326262470196,-2.131854887579554,-0.3341608604986358,0.4466536255837834,0.037102588046260015,-0.24270045132295254,-0.0040967158952749235,0.0,0.0,1.5,2.205471532342481,10420.81129848303,10940.574530631013,11037.728525019727,10507.217164296944,0.0,0.0,0.0,0.0,0.0,0.0,nan,0,-0.007839906596611268,0.001289607962713657,0.01792795188045737
8.5040623649993,2.1793046385518036,0.3691836135625863,1.478289756471176,-2.158127094216531,-0.38725638285609604,0.4434789122419849,0.03970308650883954,-0.2360354893345495,-0.013795526244450749,0.0,0.0,1.5,2.2104607173190427,10412.423182680057,10935.512900066777,11016.228207346274,10490.136720786715,0.0,0.0,0.0,0.0,0.0,0.0,nan,0,0.018673785393255482,0.007008044718064932,-0.017524051314429023
8.514345149999826,2.133353668225886,0.347475639759467,1.5024013519197967,-2.163276469001581,-0.39109437268368835,0.4602297928476268,0.04104064286915461,-0.22768826697717423,-0.007970753516399962,0.0,0.0,1.5,2.16146777918389,10441.76539161967,10950.70208399341,11032.090412735024,10518.57155113728,0.0,0.0,0.0,0.0,0.0,0.0,nan,0,-0.005200614818920091,-0.011007175413241754,0.0075223486694950825
8.52504926399979,2.100842518682738,0.3621259775182808,1.50122912439686,-2.204140633491298,-0.3910992205026763,0.35850359177407787,0.038529884056962525,-0.22588977394506612,-0.011759252047489264,0.0,0.0,1.5,2.1318245759549694,10406.9850146356,10910.301281570648,11001.91647639002,10499.206073515717,0.0,0.0,0.0,0.0,0.0,0.0,nan,0,-0.015425439658489637,0.007371449211775294,0.007328570036559956
8.535137666999617,2.1091622605378983,0.3560899198375363,1.4999742993669178,-2.227833946797259,-0.3365696806944043,0.3870303173725714,0.037298300292714755,-0.21805037989084552,-0.012007493473358073,0.0,0.0,1.5,2.139010395708203,10406.9850146356,10910.301281570648,11001.91647639002,10499.206073515717,0.0,0.0,0.0,0.0,0.0,0.0,nan,0,0.015385186336241752,0.0050983917112987776,0.007092944043412208
8.545791640999596,2.084020921257227,0.3423281556885585,1.5130738652320217,-2.2297110043104316,-0.4008113437029958,0.3864943798517785,0.04091162141994777,-0.2126328180358705,-0.01710784580752633,0.0,0.0,1.5,2.111990220708196,10491.618862463234,10963.221794184916,11027.108185242281,10552.894762824099,0.0,0.0,0.0,0.0,0.0,0.0,nan,0,0.012934509488441215,-0.004866409554323103,0.02124654175982843
8.556111997999324,2.047361335528439,0.3427013562584192,1.514751973364334,-2.2506646597264486,-0.41335694345517043,0.3802818716433495,0.035770955688964705,-0.20707688364640925,-0.01416407264838457,0.0,0.0,1.5,2.0758974633917484,10484.638352940707,10934.26084369751,11011.828672745132,10552.157751225895,0.0,0.0,0.0,0.0,0.0,0.0,nan,0,-0.0008408331476523756,-0.0006632699167439804,0.024012701694288596
8.566721984999276,2.0065572586606386,0.344659328154926,1.4956385328905188,-2.2604964599809847,-0.35901135434727816,0.36776108340394037,0.03405100670895317,-0.2021057545515249,-0.009711023507923968,0.0,0.0,1.5,2.03594722602607,10484.638352940707,10934.26084369751,11011.828672745132,10552.157751225895,0.0,0.0,0.0,0.0,0.0,0.0,nan,0,-0.018573937630699255,0.0051565253109853715,0.006022519325447506
8.577052568,1.9920610648686277,0.3366164087224643,1.4829972490347567,-2.3258516280137096,-0.4172056030540962,0.3346462710897453,0.033034951320259305,-0.1872912983899372,-0.011164289397902712,0.0,0.0,1.5,2.0203729819830607,10473.028853126654,10909.960482341632,10992.83923708335,10544.158371082358,0.0,0.0,0.0,0.0,0.0,0.0,nan,0,-0.009819115859308392,0.0010062513125881911,-0.005460907004694482
8.587579682999603,1.9921839034524895,0.3483102962919786,1.5103105395177565,-2.2914042285413116,-0.43683765008837305,0.3458493542086379,0.030842011320703078,-0.1824999562613999,-0.010503656675496239,0.0,0.0,1.5,2.022429992584008,10520.852618180932,10935.490988157359,11006.177425458436,10584.885145162783,0.0,0.0,0.0,0.0,0.0,0.0,nan,0,0.013728593034244119,0.016622632919832903,0.02304060346492176
8.598538793999978,1.9559476408966623,0.32813647545719543,1.4921632821016733,-2.341797875866244,-0.39574075162620714,0.2782743788275842,0.030126016140482274,-0.17758932184167145,-0.014488319256537575,0.0,0.0,1.5,1.9832967842968199,10509.588976121007,10899.825305281103,10974.939531447733,10580.597802004486,0.0,0.0,0.0,0.0,0.0,0.0,nan,0,0.0010841255168432262,0.00040005853655400436,0.006110323574636478
8.609035380999558,1.9399766410020471,0.32549545957827525,1.5036785778172312,-2.378857979631016,-0.4207766593689784,0.27821524478140586,0.03134249118895553,-0.17105094928837863,-0.0008913824120933024,0.0,0.0,1.5,1.9670968948616678,10568.496954072969,10937.594306346002,11002.145299450502,10625.67212738128,0.0,0.0,0.0,0.0,0.0,0.0,nan,0,0.008865024085244588,0.0017379645405897204,0.018867882694587612
8.61929797799985,1.8996972576281137,0.3160295701962123,1.4591202332050042,-2.3988187003272587,-0.40800557427491485,0.2371597108593981,0.027643150838660008,-0.15844981283299417,-0.0032971653454358265,0.0,0.0,1.5,1.9262386963228082,10568.496954072969,10937.594306346002,11002.145299450502,10625.67212738128,0.0,0.0,0.0,0.0,0.0,0.0,nan,0,-0.007508932011376368,-0.0037223619982837963,-0.02442904353802544
8.629726233999463,1.8612612090430989,0.3263466595374907,1.4772220456041498,-2.408297504455199,-0.3961524463451646,0.2759338766734519,0.02757245863139249,-0.15950674415124438,-0.011493727290938694,0.0,0.0,1.5,1.889792122347407,10652.484797588777,10997.1964282862,11060.954779678153,10727.886617086933,0.0,0.0,0.0,0.0,0.0,0.0,nan,0,-0.021892522788229618,0.010625909211565754,-0.005054941083247888
8.64007840999966,1.8736357545986844,0.3224148634371751,1.4805443905920233,-2.4260043582902893,-0.37943899781631973,0.2426304520617977,0.02867337557017763,-0.14916432661966478,-0.004672363242334118,0.0,0.0,1.5,1.9012734694970184,10661.368836764854,11003.69151421431,11055.445034398872,10718.487019454376,0.0,0.0,0.0,0.0,0.0,0.0,nan,0,0.014674493097346808,0.010749797619503898,-0.00045612533383065923
8.650454060999436,1.8506236743735998,0.3027821891558792,1.4817666187173038,-2.4244107372013053,-0.3979130983125253,0.21506859576828954,0.024266706342042834,-0.13580592542656625,-0.008179602198921688,0.0,0.0,1.5,1.8753179715491104,10661.368836764854,11003.69151421431,11055.445034398872,10718.487019454376,0.0,0.0,0.0,0.0,0.0,0.0,nan,0,0.01598695640787473,-0.004803967158235112,0.002044433659813105
8.661254796999856,1.807556245118358,0.31132168022902507,1.4998569822837515,-2.4636665769502377,-0.41304395645070174,0.18871886931489962,0.02618253402106636,-0.1286999769568282,-0.0009748117595245219,0.0,0.0,1.5,1.8341703269601404,10711.035554997025,11011.923980499472,11046.054061715415,10757.338983617143,0.0,0.0,0.0,0.0,0.0,0.0,nan,0,-0.002631864813453122,0.00783637322478481,0.021411845058767698
8.671362434000002,1.7687056982258405,0.2951681880843511,1.4887752804329915,-2.4475879525846285,-0.4332661399209159,0.21145175505863514,0.025620032085794903,-0.11934344121209664,-0.00816123965390038,0.0,0.0,1.5,1.7932010764336817,10729.55868543535,11002.578165617324,11034.358773964374,10782.468212959173,0.0,0.0,0.0,0.0,0.0,0.0,nan,0,-0.016918012655754655,-0.004195655181774616,0.011603352585283
8.68194633299936,1.758349398345536,0.30558559337849117,1.4831519965290394,-2.4898859492671015,-0.44589603488433066,0.12297905751434954,0.02221498390069969,-0.10960164693939302,-0.009410515245384152,0.0,0.0,1.5,1.7847854259724194,10729.55868543535,11002.578165617324,11034.358773964374,10782.468212959173,0.0,0.0,0.0,0.0,0.0,0.0,nan,0,-0.0026028193814493505,0.010362431608372746,0.007249043020098878
8.692475916000149,1.7516208741485435,0.2917187517630957,1.4844487229267673,-2.4668690188202795,-0.3770211577287024,0.1520416677486652,0.019732441616450564,-0.09814561908274555,-0.00010997263861429386,0.0,0.0,1.5,1.775814562138101,10808.501666585036,10998.04108910746,11033.346246161658,10858.218265007667,0.0,0.0,0.0,0.0,0.0,0.0,nan,0,0.01543889649525032,0.0006541542137736278,0.009805887867960994
8.703096547999849,1.7172969191292233,0.27251296759631294,1.491814656072124,-2.5006425061087,-0.4405147880458985,0.12483601394944681,0.019810963665142192,-0.09448188652036622,-0.012147532698674317,0.0,0.0,1.5,1.738803906659428,10847.38668764668,11001.231868021869,11024.996768139916,10887.54325749514,0.0,0.0,0.0,0.0,0.0,0.0,nan,0,0.005975758306552059,-0.014376490109244355,0.018415349886443
8.713405693999448,1.695427450372716,0.2959299432094723,1.482120330736157,-2.5139769527814124,-0.4104034336408241,0.09622540969769766,0.01761138459693922,-0.08749624464391219,-0.004003422146798312,0.0,0.0,1.5,1.721153233543799,10875.312818718221,10986.845077050457,11010.712835137614,10910.114525064293,0.0,0.0,0.0,0.0,0.0,0.0,nan,0,0.009048748497239911,0.013230751133408103,0.009946166131525436
8.72395934799988,1.6534332508085736,0.2886353634018128,1.4601763915701795,-2.5227548819582806,-0.4432144701578952,0.060299679281705175,0.01601350329275712,-0.07319820103830096,-0.006502953745872458,0.0,0.0,1.5,1.6789097080170439,10925.468371144296,10999.30642477743,11009.101159053553,10947.80770443661,0.0,0.0,0.0,0.0,0.0,0.0,nan,0,-0.007930207143509449,0.010140122614409663,-0.010794654948347082
8.734301257999505,1.6251777196319803,0.28500806765191383,1.4652199451682781,-2.5342994138442085,-0.4168778078105504,0.1361038963867182,0.012429710398788405,-0.06688068857738216,-0.008812985559616234,0.0,0.0,1.5,1.6503459853100437,10997.727775809564,11024.215609683426,11029.991933865866,11015.199078519161,0.0,0.0,0.0,0.0,0.0,0.0,nan,0,-0.011106372733512782,0.010729056696177242,-0.0045773375614039935
8.74497103199974,1.6137821211720689,0.27342467993091657,1.483582834013996,-2.5330369598092513,-0.43207135679354325,-0.012228666736304879,0.009589302776163775,-0.05439591639988711,-0.007618985091178768,0.0,0.0,1.5,1.6368638653073622,10988.003455813747,10985.064261787367,10979.315614002815,10989.455735546439,0.0,0.0,0.0,0.0,0.0,0.0,nan,0,0.0026323686871194685,0.003372676256415741,0.014928220559655037
8.755315702999724,1.560453083767509,0.2664912530338483,1.4725614293401517,-2.4906609385666205,-0.4411737655218674,0.05054401811709991,0.007120668823176023,-0.04965164228487342,-0.009390050053151404,0.0,0.0,1.5,1.5832827573566683,11060.530837960923,11015.874408548034,11001.411440035989,11052.733318710589,0.0,0.0,0.0,0.0,0.0,0.0,nan,0,-0.025516510420699356,0.0006755298384497066,0.005016051116478959
8.765604092999638,1.5531284490418076,0.2631167095220148,1.485227090941495,-2.53935938286023,-0.46074235883092934,-0.02919224022315989,0.0063734566175177474,-0.040065786596720776,-0.0007981572752455282,0.0,0.0,1.5,1.5753274646544932,11060.530837960923,11015.874408548034,11001.411440035989,11052.733318710589,0.0,0.0,0.0,0.0,0.0,0.0,nan,0,-0.007624218318134313,0.0015450561529133378,0.018753499724994738
8.776431315000082,1.5162469335190685,0.2598496224894296,1.4394500357223845,-2.493069328170838,-0.43603660904242103,-0.03999799450565531,0.00910692080318001,-0.0318484375841357,-0.003220070939491344,0.0,0.0,1.5,1.5395430776330679,11112.338642279301,11009.626453248215,10990.088779077532,11104.240274876738,0.0,0.0,0.0,0.0,0.0,0.0,nan,0,-0.019261181061410726,0.0025283270458767992,-0.025991741386189426
8.787025904000075,1.4996061312108724,0.2544187739377356,1.4603081313234991,-2.503755796861283,-0.42439837208598263,-0.019148742369022496,0.0034441774029860877,-0.022133877969780346,0.0019106270100235079,0.0,0.0,1.5,1.5215527942652052,11185.53797688019,11053.845542641859,11031.292836427638,11179.155616407275,0.0,0.0,0.0,0.0,0.0,0.0,nan,0,-0.010638737558248179,0.0013526665361265344,-0.0041502664930834765
8.797178606999296,1.4850847499817692,0.2381836504086578,1.4469991378236238,-2.5811518655595216,-0.435146802541339,-0.042893436198863585,0.0035195367812548115,-0.01164204683866657,-0.00223725280732895,0.0,0.0,1.5,1.5049974276861229,11185.53797688019,11053.845542641859,11031.292836427638,11179.155616407275,0.0,0.0,0.0,0.0,0.0,0.0,nan,0,0.00011277160439204792,-0.010623926607262607,-0.016529359194383142
8.807757231999858,1.4541528963437498,0.24309323465543844,1.4630655636321803,-2.5200085032957293,-0.41573902811648406,-0.09579287067591519,-0.0011831946478047441,-0.004265026939072857,-0.0055997994196453306,0.0,0.0,1.5,1.4747946024006084,11220.169559325905,11047.616409249114,11011.4711280243,11206.956132389469,0.0,0.0,0.0,0.0,0.0,0.0,nan,0,-0.005545647872377435,-0.0014539783467127643,0.0004124236702454098
8.818423167999754,1.4465124525714077,0.23495990503550776,1.4739312616327374,-2.5512657291393652,-0.419941190111115,-0.06519162446131974,0.0023292773168288677,0.002987808930059327,-0.00599492763984191,0.0,0.0,1.5,1.4657025658497378,11256.424850061116,11061.780371006627,11017.295143447413,11230.946190176732,0.0,0.0,0.0,0.0,0.0,0.0,nan,0,0.012078893094928045,-0.005326602199549529,0.012095744543142661
8.828881993999858,1.4236118647705782,0.24375546787354055,1.4752799194250268,-2.4978801571632796,-0.4397819867041843,-0.17269771191598934,0.0007333548180413236,0.016806225398677276,-0.0029574105143824114,0.0,0.0,1.5,1.4445409485429774,11237.396156008339,11031.716428848009,10988.083517803778,11209.259463188357,0.0,0.0,0.0,0.0,0.0,0.0,nan,0,0.014425946947966395,0.007728523592025166,0.01420494196442701
8.839113515999998,1.3866765784716104,0.22218681884019875,1.4578150262235514,-2.5073579207069154,-0.43879562304090636,-0.10975576087919278,-0.003739686351496456,0.020710805345454143,-0.002687415802672189,0.0,0.0,1.5,1.404997682475163,11237.396156008339,11031.716428848009,10988.083517803778,11209.259463188357,0.0,0.0,0.0,0.0,0.0,0.0,nan,0,0.002712165369478603,-0.009583171184926714,-0.002557700485541492
8.849581182999827,1.340437399692419,0.23505895714799957,1.430541441926895,-2.503274663753609,-0.40836206308498296,-0.1136142499322571,-0.0035715682868274305,0.026749808824253322,-0.008786781572837637,0.0,0.0,1.5,1.362662697485799,11280.150651653672,11046.000968759898,11001.299237654572,11256.217855380604,0.0,0.0,0.0,0.0,0.0,0.0,nan,0,-0.01834032249806339,0.007541865797717567,-0.029189723474582818
8.860093149999557,1.3417313758599443,0.22325899749255881,1.4591976248718872,-2.4783013031201047,-0.4381565716489994,-0.2136005187864599,-0.004511273337200127,0.04086777918610374,-0.004806950592381634,0.0,0.0,1.5,1.3607911297272983,11306.01759352775,11060.027299512147,11008.325879140888,11268.103388163529,0.0,0.0,0.0,0.0,0.0,0.0,nan,0,0.008097005945073343,-1.0679646475053595e-05,4.67713614118459e-05
8.87096918899988,1.3046816745448468,0.2015743301921363,1.4479487861339966,-2.478890812872097,-0.4181574648264591,-0.1443516580232861,-0.0029023826370164372,0.04340621084076675,-0.0059922505648720426,0.0,0.0,1.5,1.3211872733834817,11348.232247785174,11084.151387416963,11033.951090567869,11312.900043589207,0.0,0.0,0.0,0.0,0.0,0.0,nan,0,-0.003861202949636544,-0.01745484140865547,-0.010687350548821195
8.880926513999839,1.2895358796738685,0.22111204187695127,1.462878181792783,-2.4830089436151312,-0.4071399303555773,-0.15660849098007337,-0.0061724785612508595,0.05290260009502283,-0.0029835310730603097,0.0,0.0,1.5,1.3088817171220102,11348.232247785174,11084.151387416963,11033.951090567869,11312.900043589207,0.0,0.0,0.0,0.0,0.0,0.0,nan,0,0.006024360852932897,0.0063150773875321475,0.004689944981491001
8.891507033999915,1.2462921183474303,0.20636156437227843,1.4582236670220847,-2.4766957110820806,-0.40657378088034285,-0.26375282584887727,-0.008649245544110997,0.061628927813667855,0.005044797751372384,0.0,0.0,1.5,1.2639518984131402,11332.131665091763,11064.483618314936,11020.877689916133,11301.300345071295,0.0,0.0,0.0,0.0,0.0,0.0,nan,0,-0.012255995472244985,-0.0042128195913547495,0.00042117140879227577
8.902188753999326,1.2406836621420505,0.19676172841254588,1.4480394488001926,-2.502895840388004,-0.44093188815658013,-0.21938449863346676,-0.01316136125082637,0.06582231507452985,-0.004614551557724144,0.0,0.0,1.5,1.2572633082036118,11354.025483161136,11079.361916697697,11020.885585893318,11321.808020158354,0.0,0.0,0.0,0.0,0.0,0.0,nan,0,0.007023050139582709,-0.00960104631555797,-0.009440606187564482
8.912532909999754,1.2172169698330308,0.20147938019880515,1.4482992049238108,-2.4709187519920333,-0.4561024807147538,-0.23104209674746218,-0.009126729571256887,0.07172196765125903,-0.008483125604650909,0.0,0.0,1.5,1.2348619617213539,11357.428334586875,11079.772993844006,11024.553059354419,11324.956778696109,0.0,0.0,0.0,0.0,0.0,0.0,nan,0,0.008360009740092211,-0.0006840998966014256,-0.008925355571183236
8.923035260999313,1.1863909334918639,0.20485886225783934,1.444666485542219,-2.4521209798188788,-0.4306111877235293,-0.26745743177067427,-0.014064029230390131,0.08013065268790204,-0.008015833529441949,0.0,0.0,1.5,1.2052188176175818,11361.50456783721,11078.39925052673,11032.669963157423,11329.698697552822,0.0,0.0,0.0,0.0,0.0,0.0,nan,0,0.0022462149047637325,0.006881074012867222,-0.012369555412651279
8.933320039999671,1.1566286525178133,0.19082875790028017,1.4476057810959087,-2.450411859057131,-0.43432623186691216,-0.26241309131067053,-0.015538070328709717,0.08592046718189246,-0.007853614903016106,0.0,0.0,1.5,1.1734353875870227,11361.50456783721,11078.39925052673,11032.669963157423,11329.698697552822,0.0,0.0,0.0,0.0,0.0,0.0,nan,0,-0.002902752663608066,-0.0029782249600345256,-0.009310311305497976
8.943923518999327,1.1172877594753472,0.20951634278031298,1.4668908442105668,-2.439664438053478,-0.42621027357677804,-0.2866519225844285,-0.01783906702212143,0.09594770186389621,-0.013425142727516609,0.0,0.0,1.5,1.1372445873964703,11385.93098226304,11097.311566860571,11050.347844504355,11345.692954559598,0.0,0.0,0.0,0.0,0.0,0.0,nan,0,-0.01773656809823465,0.019864024075602726,0.010025103408757507
8.954468942999483,1.1086457204955678,0.19147088155751554,1.4497573195965876,-2.392571376321718,-0.43723344331263153,-0.255302331497971,-0.016389824418906466,0.10081287680986042,-0.012404155629784764,0.0,0.0,1.5,1.1261797187801192,11376.65580525479,11085.924005033256,11032.982535000945,11323.28788459789,0.0,0.0,0.0,0.0,0.0,0.0,nan,0,-0.001984604380282251,0.005955901073507575,-0.007125493450273357
8.965044339999622,1.0913058332116605,0.19835913583226558,1.4535164933924722,-2.395844603424205,-0.4212227812526444,-0.29270390665431306,-0.012375665122876155,0.11094003754880705,-0.0061657860716889425,0.0,0.0,1.5,1.11016011672031,11354.943127155917,11064.779802825524,11018.818773792742,11302.49316936667,0.0,0.0,0.0,0.0,0.0,0.0,nan,0,0.004949981617107246,0.016963044229062696,-0.003446867692401101
8.975887147999856,1.0681662827409102,0.18725078864472558,1.4546805824602334,-2.3951478592347324,-0.4372485465359171,-0.25750858169491747,-0.02245350289913632,0.11228422503652592,-0.012883918418103922,0.0,0.0,1.5,1.0854012691344845,11354.943127155917,11064.779802825524,11018.818773792742,11302.49316936667,0.0,0.0,0.0,0.0,0.0,0.0,nan,0,0.005959034984158507,0.009954034643992138,-0.0024238310051136747
8.98635995099994,1.0206887787927714,0.15292194408489979,1.4567047292961777,-2.367345416836067,-0.40068669577383936,-0.2594618315495418,-0.019445848751415706,0.11694725644618977,-0.004442731950317967,0.0,0.0,1.5,1.0329884726372804,11347.346731443997,11059.478407416564,11012.78954323973,11301.71334517278,0.0,0.0,0.0,0.0,0.0,0.0,nan,0,-0.017501696086890117,-0.020296065018707038,-0.0005968541081751155
8.996893407999778,1.0263302212795196,0.16465272496007602,1.4484515455690743,-2.347596986423188,-0.39092713931461276,-0.32585926164921025,-0.02174546952458127,0.1266035356853002,-0.0023795901215233712,0.0,0.0,1.5,1.0407312266395503,11282.302955524978,11009.752617557711,10961.635566541678,11235.305786778377,0.0,0.0,0.0,0.0,0.0,0.0,nan,0,0.012019147208527592,-0.0045081058852427525,-0.009097266212295674
9.007606097999997,0.9899387065094987,0.1632727115276175,1.4745181873582622,-2.29688197824521,-0.4212401527109763,-0.27604583769021995,-0.02037528527370411,0.12979321958696424,-0.008505734317873232,0.0,0.0,1.5,1.003636360317216,11302.38407088957,11032.647885884064,10978.734331726733,11257.764472942388,0.0,0.0,0.0,0.0,0.0,0.0,nan,0,-0.0006362751465158745,-0.0018535400964930504,0.016673242450029324
9.01760428199941,0.9817112737805541,0.15724528243012711,1.4827991711427873,-2.33851482727784,-0.3849111243625714,-0.23806655987265157,-0.02580625786105192,0.13539618573013878,-0.010316197731741403,0.0,0.0,1.5,0.9943736583537115,11280.777679874347,11017.489394384256,10967.14572637624,11241.394389748171,0.0,0.0,0.0,0.0,0.0,0.0,nan,0,0.014723036857969607,-0.0038700348372724402,0.024608178625215693
9.027876610000021,0.9553947183173804,0.1351476138611666,1.4575729348728534,-2.302765830077729,-0.41936360561111413,-0.31862557740279057,-0.02300107125589682,0.1423470141916051,-0.006525471385059031,0.0,0.0,1.5,0.9658384964249545,11280.777679874347,11017.489394384256,10967.14572637624,11241.394389748171,0.0,0.0,0.0,0.0,0.0,0.0,nan,0,0.01183977561094618,-0.021981151759920825,-0.0010021921489067331
9.038283039999442,0.935469200208424,0.152874807348308,1.4943102616037864,-2.298027450373571,-0.37607379323504886,-0.32419489123288625,-0.02449247467794115,0.1475851501957649,-0.0029595575544126146,0.0,0.0,1.5,0.94789540793454,11190.455503745627,10943.848779214919,10892.921271902995,11145.546639311024,0.0,0.0,0.0,0.0,0.0,0.0,nan,0,0.01518956563475804,-0.0002925918602161015,0.035319938992404154
9.048780164000163,0.9128529666572867,0.14234377628627135,1.4542925145223882,-2.283113047678087,-0.3722740700549982,-0.3548252985014434,-0.026765701904500776,0.15299087063116712,0.006947038480485681,0.0,0.0,1.5,0.9250143045440602,11165.495823912159,10931.237964567294,10883.652372034001,11131.731932938856,0.0,0.0,0.0,0.0,0.0,0.0,nan,0,0.015685656015882676,-0.006888315466313105,-0.005141705049170886
9.059422905999782,0.8732371351726357,0.1461572225544398,1.4706553390182897,-2.2721229721450764,-0.3895065758307102,-0.358887915606183,-0.02828345608724952,0.15934197913223572,-0.002785050532133451,0.0,0.0,1.5,0.885870271020239,11194.96158666641,10965.347444362646,10908.598038339782,11167.782809985594,0.0,0.0,0.0,0.0,0.0,0.0,nan,0,-0.0009860078957165674,0.0008334776218841267,0.010748767931938241
9.069734123999297,0.8468193844002153,0.15347646958530065,1.5030311317869116,-2.240911145067995,-0.38474747179754076,-0.33223372600446505,-0.02351409962605062,0.16158986291377236,-0.004105578243027791,0.0,0.0,1.5,0.8606202904139764,11194.96158666641,10965.347444362646,10908.598038339782,11167.782809985594,0.0,0.0,0.0,0.0,0.0,0.0,nan,0,-0.004633145095466085,0.012033173928863161,0.04262164391045187
9.08040028599953,0.8146831670795559,0.15330723009585492,1.4695019431357805,-2.2186275196778333,-0.3712139901026744,-0.3477897317419038,-0.02913425795191107,0.1714565004395561,-0.010537649856157292,0.0,0.0,1.5,0.829543188143289,11171.23469845485,10946.70121579291,10893.162660207301,11141.259248302851,0.0,0.0,0.0,0.0,0.0,0.0,nan,0,-0.014176964697784955,0.015715668493044344,0.0085605996451259
9.090731771999344,0.8172053081959432,0.13195864283945175,1.4559468046844164,-2.1947980086817944,-0.40270629894216936,-0.3817092182602801,-0.027670048196984473,0.17465939164216304,-0.005457963171245555,0.0,0.0,1.5,0.8289621723463437,11165.996976771596,10940.145918530105,10885.731785919888,11126.990393104748,0.0,0.0,0.0,0.0,0.0,0.0,nan,0,0.010755401936558773,-0.0018106019213210423,-0.0055504391650607054
9.101289514999735,0.7876187913853662,0.14000016010035418,1.4362338452789556,-2.1906282396892935,-0.3934304257003996,-0.39310063939400763,-0.027138774921876174,0.1792442617036609,-0.01066530140023017,0.0,0.0,1.5,0.8025020422773875,11191.341830061807,10960.718959533819,10914.59219197285,11160.499836467756,0.0,0.0,0.0,0.0,0.0,0.0,nan,0,0.0033921292021013016,0.010022979014217587,-0.02584435881622671
9.111619676999908,0.759517331418777,0.1117321913904909,1.460190878369329,-2.190986084549036,-0.38919238880025125,-0.3938763918837983,-0.03191814826240273,0.17971605815494437,-0.0023202933037390133,0.0,0.0,1.5,0.7687232437512392,11232.76502306428,10995.14221784366,10954.211235847082,11202.29115562806,0.0,0.0,0.0,0.0,0.0,0.0,nan,0,-0.0026785131759345937,-0.014484116166370103,-0.0024986277335157236
9.122031724999943,0.7555186427773662,0.1279851346479719,1.4414955238952487,-2.1631798297771265,-0.3845859210648968,-0.3694153532577941,-0.02850859572588844,0.1876103292106874,-0.008868163625030791,0.0,0.0,1.5,0.7685124514276294,11232.76502306428,10995.14221784366,10954.211235847082,11202.29115562806,0.0,0.0,0.0,0.0,0.0,0.0,nan,0,0.015156233032152633,0.005497650576555546,-0.021838773477584228
9.132412003999889,0.7371001608697615,0.12066708548215348,1.449248815054197,-2.1340693738356853,-0.39151452486198957,-0.33252881275397117,-0.03065303155174439,0.18856494668366236,-0.011683028135497753,0.0,0.0,1.5,0.7486340063384702,11233.228519151135,11002.474769910561,10962.167648784107,11208.85236125878,0.0,0.0,0.0,0.0,0.0,0.0,nan,0,0.018369639388617465,0.0018756396666158581,-0.014763282009160106
9.143596967999656,0.6937401105663746,0.11460653700429017,1.465454343773429,-2.1382828463072356,-0.3815868009842527,-0.3094264392251729,-0.03029306727642878,0.19321549754131473,-0.005126926579914608,0.0,0.0,1.5,0.7039910522846763,11191.030490322606,10973.271451455246,10943.183451401053,11170.015964391796,0.0,0.0,0.0,0.0,0.0,0.0,nan,0,-0.0035634361248355617,-0.0005222662849568571,0.0007353133749423701
9.15386030099944,0.6657354588522131,0.11248232976729111,1.4610750497514438,-2.115290855674546,-0.3191345992040254,-0.3664616768070334,-0.035061584326309736,0.19470787271247775,0.0010250908574436924,0.0,0.0,1.5,0.6762921908723306,11121.941324814468,10921.023249885733,10893.364132859972,11106.642130366332,0.0,0.0,0.0,0.0,0.0,0.0,nan,0,-0.010348216044553715,0.000982348952220477,-0.004371010331152725
9.16399048599942,0.6672860118709493,0.11671896524287297,1.4883553609805638,-2.0276573042834998,-0.3584873492415817,-0.3840370255207018,-0.03538348238075008,0.20232161578083058,-0.011523044943650092,0.0,0.0,1.5,0.677517185098575,11123.673324606443,10934.014946579802,10891.083767838414,11100.317451565483,0.0,0.0,0.0,0.0,0.0,0.0,nan,0,0.012212442710680005,0.008813479644706995,0.022167906231290946
9.174574962999941,0.6110647217815792,0.09539547035852802,1.4576198705370564,-2.0499781393250993,-0.35633248451207794,-0.33073628236529384,-0.033219661349372424,0.2061614447014762,-0.010960901259913905,0.0,0.0,1.5,0.6199164986868952,11123.673324606443,10934.014946579802,10891.083767838414,11100.317451565483,0.0,0.0,0.0,0.0,0.0,0.0,nan,0,-0.02321183544806904,-0.008950465818549871,-0.009321694448149564
9.185126245999527,0.5932139109190091,0.09893844831674514,1.4575695083027032,-2.041851676271898,-0.3313662579123592,-0.35781877988277283,-0.03729318881621412,0.20504010925237212,-0.011186262080053909,0.0,0.0,1.5,0.6029029003818324,11086.49163130972,10902.819914922857,10867.92761779516,11057.522909063468,0.0,0.0,0.0,0.0,0.0,0.0,nan,0,-0.020481479563559835,-0.0018834074894736735,-0.010135057934992586
9.195262981999804,0.5993012854501429,0.08815870057650473,1.4667286024739006,-1.9856371631801035,-0.3310557474080679,-0.34188700399998123,-0.033327070589166084,0.20954093439807867,-0.007034960287774276,0.0,0.0,1.5,0.6066638056806021,11086.49163130972,10902.819914922857,10867.92761779516,11057.522909063468,0.0,0.0,0.0,0.0,0.0,0.0,nan,0,0.00596828206473754,-0.009175095677473724,-0.001745530666432904
9.206088766999528,0.5728608659896469,0.10068913246543328,1.4542162991914522,-1.9178608452636396,-0.31179262023333154,-0.4120533336671518,-0.03446287517090308,0.21386317096990765,-0.003559878093248047,0.0,0.0,1.5,0.583441531294076,11090.241731047809,10913.809330993243,10873.4942842606,11053.277461686588,0.0,0.0,0.0,0.0,0.0,0.0,nan,0,-0.0003314988210260106,0.00680682062714609,-0.01503237976733196
9.21645202899981,0.535926802930405,0.0983870481325854,1.490777630502993,-1.9436750624792876,-0.3430441875683861,-0.42421752919474254,-0.037488437847630646,0.21995169137483966,-0.0057400481666802375,0.0,0.0,1.5,0.5449611008490314,11126.033810941297,10956.276724996475,10912.867370954202,11094.769811608016,0.0,0.0,0.0,0.0,0.0,0.0,nan,0,-0.017350560643019652,0.007918943696207922,0.020746312073203432
9.226882359999763,0.535820448787913,0.07833676514650445,1.481633954725696,-1.9167779672156833,-0.341590066170074,-0.3455277120113526,-0.03576350866613329,0.22076103422768803,-0.0034478399853730755,0.0,0.0,1.5,0.5418279373859536,11144.105613393716,10973.728359441557,10928.612224493201,11114.120886626177,0.0,0.0,0.0,0.0,0.0,0.0,nan,0,0.002227901660663001,-0.008755215797795035,0.010805417203756829
9.237520359999507,0.5109348168735933,0.08192482795137405,1.4627772329751452,-1.9068273106298264,-0.34300333262726,-0.33902735948001095,-0.037959563228343894,0.2263826890424546,-0.008649179131544095,0.0,0.0,1.5,0.5187982256267857,11088.731359303678,10930.614594095836,10891.745176422986,11070.705254906474,0.0,0.0,0.0,0.0,0.0,0.0,nan,0,-0.0032051533817077926,-0.0018295043103139924,-0.008858758297773273
9.247838469999806,0.48000560938725345,0.07935605109990915,1.474127156101896,-1.8694922546805792,-0.35544563580954813,-0.32663871265304045,-0.04189063626756404,0.2276033515162757,-0.012790809831551779,0.0,0.0,1.5,0.48720855076730296,11059.989313493736,10904.535295193056,10871.774999574902,11045.694112861356,0.0,0.0,0.0,0.0,0.0,0.0,nan,0,-0.014915384354309225,-0.0010993808553401707,0.001680338703522688
9.258263787000033,0.4831805323470122,0.06867218318716672,1.4558376836435376,-1.8914154487569463,-0.31737984879063286,-0.354314577187671,-0.03645790188821911,0.22565986868001617,-0.007072336339313828,0.0,0.0,1.5,0.4900302090369554,11022.33425554883,10872.893031039279,10846.216539350204,11007.379275579535,0.0,0.0,0.0,0.0,0.0,0.0,nan,0,0.0072434718141425325,-0.008523384423716904,-0.01741743119193151
9.268658659999346,0.4494564487418251,0.06976717679394702,1.4893334474197626,-1.856042144647939,-0.3163645851327758,-0.3808831699739201,-0.034010045137600496,0.23332363083388968,0.0013028600638670337,0.0,0.0,1.5,0.4549641014600577,11029.117799289554,10887.572133757369,10862.508294383575,11017.96788280813,0.0,0.0,0.0,0.0,0.0,0.0,nan,0,-0.007733866710570747,-0.004207968659571501,0.015274929930137793
9.279132728999684,0.4294883141391297,0.0712547214499088,1.5027560822489436,-1.8303429884427909,-0.3121070176956285,-0.35574467275252586,-0.03953658103845822,0.23115290813097333,-0.011862813089009851,0.0,0.0,1.5,0.4353677104475466,11029.117799289554,10887.572133757369,10862.508294383575,11017.96788280813,0.0,0.0,0.0,0.0,0.0,0.0,nan,0,-0.009194982017507847,0.00046008127163355006,0.02789931577107141
9.28982379199988,0.42552562919618236,0.06524120676156384,1.49991181603374,-1.7742485222835636,-0.31739013570271324,-0.3937605612609262,-0.0405453814495412,0.23632202070078548,-0.01438300604851961,0.0,0.0,1.5,0.430497948820809,10985.544745884985,10858.83474021373,10833.762911386959,10976.875025131762,0.0,0.0,0.0,0.0,0.0,0.0,nan,0,0.0051080323979184605,-0.002413167642483019,0.024265807016178975
9.300087775000065,0.4066768323516229,0.07174410774531946,1.477480232576853,-1.7048681072754226,-0.335401755606695,-0.3840689330771742,-0.04322336104002886,0.23892116755609355,-0.016398654490989432,0.0,0.0,1.5,0.41357031190900856,10985.544745884985,10858.83474021373,10833.762911386959,10976.875025131762,0.0,0.0,0.0,0.0,0.0,0.0,nan,0,0.004281692698126338,0.007189377889787962,0.0010560779366164397
9.311000189999504,0.3793022368550214,0.05566840858475365,1.5007371846084436,-1.7069346970260004,-0.30123911131992614,-0.3918180615436168,-0.04277002848274283,0.2401586986114374,-0.008842624413008713,0.0,0.0,1.5,0.3833662766059748,11027.77534881522,10889.743395516476,10874.742201987294,11014.15722650762,0.0,0.0,0.0,0.0,0.0,0.0,nan,0,-0.005316727267640431,-0.0058278695052180265,0.023543125510279372
9.321278679999523,0.3597544563019047,0.0651418105447361,1.4761690105140135,-1.734128915902728,-0.29313491955725324,-0.3984352724116737,-0.03860462199501924,0.244856054704144,-0.008525509911947603,0.0,0.0,1.5,0.3663804584990943,11030.334405906078,10897.273015027313,10877.364660994921,11016.024788188426,0.0,0.0,0.0,0.0,0.0,0.0,nan,0,-0.0073374138385972065,0.0066622554387239935,-0.0017888646151535958
9.331419416999779,0.3530821808580224,0.04923083932561219,1.5013569947679621,-1.7240256097636573,-0.2826259355094703,-0.3538883457380658,-0.037311074802901134,0.24579615456471388,-0.010803339708583406,0.0,0.0,1.5,0.35650041152144796,11030.334405906078,10897.273015027313,10877.364660994921,11016.024788188426,0.0,0.0,0.0,0.0,0.0,0.0,nan,0,0.0032657162836796094,-0.0062742296180964205,0.02263974841628036
9.342000597000151,0.31542341250542205,0.04849692581480926,1.4820736248184414,-1.6501301269406452,-0.3301981772535923,-0.3323386214252499,-0.045319475267947856,0.24765014520248202,-0.014443638158864566,0.0,0.0,1.5,0.31963297060410206,11051.216996114856,10919.204961847496,10896.544619596085,11035.498860151032,0.0,0.0,0.0,0.0,0.0,0.0,nan,0,-0.01737091483361408,-0.00407623219554315,0.002603602987856668
9.35274666999976,0.3040109344396311,0.04658526667377033,1.4948686199960366,-1.6112853085924737,-0.2690521383984783,-0.38615087182769803,-0.04641593893607624,0.2546551663788131,-0.013596234063833335,0.0,0.0,1.5,0.3076022860621635,10990.04493449465,10868.96017966522,10858.367488944601,10979.981461472638,0.0,0.0,0.0,0.0,0.0,0.0,nan,0,-0.012015298855451273,-0.003098760785076274,0.014657427519643829
9.363088674999744,0.2980143781132162,0.04478732262521776,1.51129314359293,-1.6184867539627956,-0.29626791933262875,-0.3233437992648121,-0.04172193404992884,0.24992313674206895,-0.008350625139488437,0.0,0.0,1.5,0.3015725599625285,11010.950155083128,10883.877599258305,10866.203457790314,10990.290682267949,0.0,0.0,0.0,0.0,0.0,0.0,nan,0,-0.001499623380060322,-0.0020507390023114178,0.030352941044309967
9.373387290999744,0.2818479253623819,0.06289395917801559,1.4626632761234903,-1.5834084172064586,-0.283782147675961,-0.3765515536490967,-0.047054407672748204,0.24989621071242205,-0.01437769423571283,0.0,0.0,1.5,0.2911836775679492,11010.950155083128,10883.877599258305,10866.203457790314,10990.290682267949,0.0,0.0,0.0,0.0,0.0,0.0,nan,0,-0.0014107495724494656,0.01885844227925427,-0.018990506102434024
9.384288135999668,0.27166670878949556,0.0404899163707293,1.4747615534501335,-1.548749971783421,-0.25291689654783533,-0.3035000251674046,-0.044262413848528324,0.25341145612072735,-0.009335874896224913,0.0,0.0,1.5,0.2758246058213003,11016.041920499296,10902.041810482833,10882.534213846391,10993.460675620176,0.0,0.0,0.0,0.0,0.0,0.0,nan,0,0.004404426526555816,-0.0007869023187392146,-0.007591194269114032
9.394631206999293,0.23536926603592298,0.040468273542104825,1.4886207652166275,-1.5651350225129852,-0.2866346474616487,-0.27640071767746066,-0.04643861578647676,0.2555764997985806,-0.018449739002389984,0.0,0.0,1.5,0.23909382999572118,10996.742944952652,10890.40062914818,10868.588963710743,10972.760551156682,0.0,0.0,0.0,0.0,0.0,0.0,nan,0,-0.016157965335465013,0.00190581582004163,0.005581136169753975
9.405300921999697,0.2390549422133282,0.0380273005688917,1.4875554531335908,-1.4994467196034624,-0.23730019185118875,-0.35376281219608996,-0.04774133705990096,0.26159044164258394,-0.008562913369386582,0.0,0.0,1.5,0.24238029567579286,10943.03665502159,10845.632215715179,10828.182388927977,10917.855362065988,0.0,0.0,0.0,0.0,0.0,0.0,nan,0,0.0030013908043027004,0.002134781209865398,0.0038473360275466106
9.41570748399954,0.21463562035453623,0.037950272572440796,1.495879838057482,-1.4487339944302982,-0.2657322586662889,-0.3724076939304983,-0.04539521104759767,0.26249048606329933,-0.012798820245348726,0.0,0.0,1.5,0.2180037808106358,10972.95173439037,10871.816516370945,10843.144626163335,10940.697605738584,0.0,0.0,0.0,0.0,0.0,0.0,nan,0,-0.006206616082812699,0.0046830231383869075,0.01152400654628738
9.4260969019997,0.20406017423996636,0.020929186169491028,1.476242142798213,-1.4834291806195632,-0.2512484020442536,-0.3453507639916604,-0.0487454395647436,0.26098878354781563,-0.01241102206859501,0.0,0.0,1.5,0.20650186760265182,11001.607690447767,10895.261152244359,10872.28878894241,10975.02380440348,0.0,0.0,0.0,0.0,0.0,0.0,nan,0,-0.0018357997508329782,-0.009757990747632544,-0.008744846235135606
9.43658732699987,0.1750060984705067,0.018599614393179104,1.4840085414543691,-1.4072506689033033,-0.26398101238392735,-0.32569685193205067,-0.04137559569422767,0.26132504213323604,-0.008169499161081922,0.0,0.0,1.5,0.17671674200216647,11017.16267815575,10913.518019327994,10888.389315628558,10989.4639303607,0.0,0.0,0.0,0.0,0.0,0.0,nan,0,-0.016211118512499206,-0.009553171513035277,-0.0015965593528202149
9.446804856999734,0.17438190683613905,0.01945925855267291,1.4892519706863292,-1.4117537440864776,-0.24626858735175092,-0.35986149994672256,-0.04552511040699925,0.2634650753867058,-0.008178297469163553,0.0,0.0,1.5,0.1757931520547805,11013.384564671309,10917.371455403574,10899.329210824038,11000.547182413507,0.0,0.0,0.0,0.0,0.0,0.0,nan,0,-0.0024259101325743437,-0.006205195403360758,0.0030403392677103014
9.457443729999795,0.17071316566764072,0.05029404033235639,1.462963417402675,-1.3395287629589443,-0.22382922883976536,-0.333825038973591,-0.04403462779894897,0.26564440670884654,-0.01167195516458445,0.0,0.0,1.5,0.18178059268169555,11029.709987516964,10937.45059249919,10917.344064313102,11019.985960403848,0.0,0.0,0.0,0.0,0.0,0.0,nan,0,0.008043509045928904,0.027071478002683377,-0.023844938456622167
9.468030762000126,0.15083553222007678,-0.015345602255986614,1.4609889197024737,-1.3303553274286386,-0.18700819527820456,-0.3326393319330613,-0.04898352092455187,0.2667702205002577,-0.0014141607536758063,0.0,0.0,1.5,0.15655257798801273,11066.718068805698,10969.400749441988,10945.968569423434,11047.555455582813,0.0,0.0,0.0,0.0,0.0,0.0,nan,0,0.0020303373450236417,-0.036173194273565246,-0.026410428667289487
9.478349229999367,0.1449799689449145,0.023204315981869283,1.4671575393769942,-1.327484653256734,-0.23021671138239358,-0.28699537045498763,-0.05108836147010676,0.27028829383075775,-0.017699661794735116,0.0,0.0,1.5,0.15045351074411153,11090.203858385434,10997.296297831954,10965.881045356566,11074.06433481327,0.0,0.0,0.0,0.0,0.0,0.0,nan,0,0.009762993934441827,0.00472427769338234,-0.02083162110112191
9.488760186000036,0.11996260747563636,0.02353281721475371,1.470019510541332,-1.2444405393948983,-0.19079699417708235,-0.30589799875510193,-0.04716658622312006,0.27107509756094644,-0.009062925675137548,0.0,0.0,1.5,0.12587156321662932,11090.203858385434,10997.296297831954,10965.881045356566,11074.06433481327,0.0,0.0,0.0,0.0,0.0,0.0,nan,0,-0.001943556075833186,0.007352659761460163,-0.018558021375893574
9.499241077999613,0.11623409914045439,0.005733024958939653,1.5077643911745537,-1.3179383045924884,-0.25934721837933594,-0.3125714902930275,-0.05117303788682606,0.27210858002682,-0.017963765266335693,0.0,0.0,1.5,0.11663412514562063,11084.947401988064,10988.970536777857,10956.26009152494,11052.370983200854,0.0,0.0,0.0,0.0,0.0,0.0,nan,0,0.007360499065021439,-0.00819512010712801,0.01860116020119107
9.509853479999947,0.09452898020542574,0.024465829890352512,1.462638730337937,-1.2553296952074016,-0.18978837150720612,-0.2810003547941271,-0.05050994974528467,0.26987776248496426,-0.011491793287350314,0.0,0.0,1.5,0.10454745047901855,11035.804259712479,10946.534423566767,10930.606881636071,11014.236800680317,0.0,0.0,0.0,0.0,0.0,0.0,nan,0,-0.0015905702221560708,0.012741739142857264,-0.027104464507524684
9.52018511299957,0.0779673024300838,0.020125430246797138,1.492707004533673,-1.211633553661609,-0.19366487636481838,-0.27548002033562974,-0.052742233178621374,0.27178887141403096,-0.02354058036761717,0.0,0.0,1.5,0.08085246424021172,11046.649118589474,10961.630710137248,10936.103903368205,11012.806816238219,0.0,0.0,0.0,0.0,0.0,0.0,nan,0,-0.005676956290034674,0.010557355541965999,0.0023925100284629686
9.53079237899965,0.0777020327404857,0.007836316146643261,1.4789597207035377,-1.1674934010850098,-0.1810307694900242,-0.25858251016612005,-0.04854333080490536,0.27254056469584076,-0.01356234148745673,0.0,0.0,1.5,0.08088082031994233,11030.010886567987,10946.649988433419,10921.21542501388,10983.043699245743,0.0,0.0,0.0,0.0,0.0,0.0,nan,0,0.0062536997262925,0.00037608233433960615,-0.011915982907773737
9.541314877999866,0.06715403223274188,0.020486013324300098,1.4819635408558158,-1.178716309236685,-0.22403881200120968,-0.2569466041292009,-0.051377598934371355,0.2773752334875603,-0.00064165018306896,0.0,0.0,1.5,0.07248899672018755,11021.590915086457,10945.539036352064,10919.997883331067,10978.117526629889,0.0,0.0,0.0,0.0,0.0,0.0,nan,0,0.007621936822943473,0.015085368530061531,-0.00946101162357249
9.55145708300006,0.04098451323154245,0.0070702266320215625,1.4745430736469025,-1.1502212603369144,-0.18244126038744118,-0.2652144927397411,-0.04990771809849329,0.27381016879025327,-0.016382752030187183,0.0,0.0,1.5,0.048762419226302284,11021.590915086457,10945.539036352064,10919.997883331067,10978.117526629889,0.0,0.0,0.0,0.0,0.0,0.0,nan,0,-0.006911412057912722,0.003680845051300146,-0.01741606665788553
9.562035209999522,0.02227453540190989,0.008973390429422261,1.5078279926004954,-1.103701089710183,-0.17159725271705284,-0.3095952165731679,-0.052862713332555156,0.27347581607697763,-0.010793630159787343,0.0,0.0,1.5,0.02525775388515761,10997.406874557197,10933.717779535098,10906.26484930012,10971.809255901042,0.0,0.0,0.0,0.0,0.0,0.0,nan,0,-0.014266046490710376,0.007546817285868205,0.015348942323565318
9.572906976000013,0.023847098017540487,0.0004530350467059198,1.4973470894810195,-1.0556913882816852,-0.16665523466921753,-0.22246723551511677,-0.05211939996686893,0.2804421064337026,-0.01669268447633176,0.0,0.0,1.5,0.02399848451118205,11024.589065172588,10964.014222911273,10935.166102378487,10992.641738106122,0.0,0.0,0.0,0.0,0.0,0.0,nan,0,-0.001620412258996961,0.0009405771155367919,0.004360685225320182
9.583021728999483,0.009961726496123448,-0.02358532549096499,1.497560406309739,-1.0777591809727953,-0.1714464470915989,-0.2503038025268755,-0.052344863155132364,0.2788627893840808,-0.013488944502616803,0.0,0.0,1.5,0.025718771173442415,10990.563660493935,10932.64190269018,10908.18244408418,10959.75448163185,0.0,0.0,0.0,0.0,0.0,0.0,nan,0,-0.004715267513652657,-0.021232389590325695,0.004081020080765052
9.593586132999917,0.015244661411663701,0.003075837744460689,1.5028011300532869,-1.0299033923597212,-0.17592874746608247,-0.2442697425173454,-0.051752822566183236,0.2765647622522695,-0.016716248584463474,0.0,0.0,1.5,0.01580211406622368,10979.0227280884,10923.019893090392,10903.10265184565,10954.562657515069,0.0,0.0,0.0,0.0,0.0,0.0,nan,0,0.011075895533074824,0.007245523148417834,0.00884674069493463
9.604012658000102,0.0016760433512272533,-0.005553073670701197,1.4975598012733553,-0.9322313035406985,-0.18521783382499082,-0.25987484552794315,-0.0498016522451251,0.2776375563684598,-0.01569383279861011,0.0,0.0,1.5,0.006292878382183016,10971.603039116544,10920.88317722292,10903.138260279355,10948.443212967753,0.0,0.0,0.0,0.0,0.0,0.0,nan,0,0.007732844468096041,0.0003846919081005925,0.0031496383576243847
9.614456188000077,-0.008549247962576632,0.007553485600607714,1.4794472561942034,-0.9568401903264188,-0.1649292670880769,-0.2266443182245569,-0.05105909001350389,0.28537329113055054,-0.008850051841376124,0.0,0.0,1.5,0.02350659616769133,10995.647661213405,10942.013216082938,10935.47874410502,10986.194231776255,0.0,0.0,0.0,0.0,0.0,0.0,nan,0,0.007449151290209219,0.015210482800096618,-0.01540154164158114
9.62521687499975,-0.014841568615008544,-0.00022363602796823118,1.503929855995667,-0.9234889882104584,-0.14922681952749609,-0.2273100200809988,-0.05114757061657754,0.2838404708989232,-0.011726296289702115,0.0,0.0,1.5,0.015354671607484563,11005.153290547732,10948.711017400921,10936.746210655536,10995.554097731972,0.0,0.0,0.0,0.0,0.0,0.0,nan,0,0.010812964114425314,0.009103535729482783,0.008656727982124135
9.63536021499931,-0.024123401532998266,-0.016861170392254328,1.4864353665490957,-0.915190767478545,-0.13235634650880723,-0.1973926778044855,-0.05314039093609336,0.28278639543894496,-0.01344441246597506,0.0,0.0,1.5,0.03240735794810014,11005.153290547732,10948.711017400921,10936.746210655536,10995.554097731972,0.0,0.0,0.0,0.0,0.0,0.0,nan,0,0.01090128709238166,-0.005912920565951135,-0.009247337949910284
9.646095631999742,-0.042814497865951213,-0.01828726673202376,1.4898582554108124,-0.8893503787651021,-0.12941261607822818,-0.24260363484415223,-0.050991205625381224,0.2816597365058358,-0.01870378056510716,0.0,0.0,1.5,0.0476482983468879,10988.615895207311,10937.33988474111,10922.06948266932,10973.519783071486,0.0,0.0,0.0,0.0,0.0,0.0,nan,0,0.0012942305955663536,-0.005767009605772085,-0.006217655383946363
9.65638936599953,-0.05477690805348462,0.0034895039670416027,1.4951542320068336,-0.8250740093489618,-0.14647108272685536,-0.22876328900675402,-0.0510443774259284,0.28735194979610174,-0.009064305429023254,0.0,0.0,1.5,0.05510143157196102,10988.615895207311,10937.33988474111,10922.06948266932,10973.519783071486,0.0,0.0,0.0,0.0,0.0,0.0,nan,0,-0.0018713010851092865,0.017532570349960412,-0.00130011402250374
9.666916471999684,-0.047259658724647546,-0.01113131767536668,1.474687803050991,-0.8043759671034678,-0.14912877846514602,-0.23994466471053452,-0.052349221210988166,0.28389978597467913,-0.014259356185384653,0.0,0.0,1.5,0.05475480700674153,11017.592187339149,10962.643974923016,10949.32414163928,10997.007070156658,0.0,0.0,0.0,0.0,0.0,0.0,nan,0,0.014154157710521989,0.004385157420846601,-0.02213348310074581
9.677467036000053,-0.07139045058274433,-0.028839681101554892,1.4910200184518134,-0.7745810488586953,-0.16035354937861734,-0.14448260361995036,-0.05058521440726812,0.2836100726162826,-0.016371309285530905,0.0,0.0,1.5,0.07751750582321656,11069.805570394645,11009.558794474944,11000.607616095036,11061.386396061254,0.0,0.0,0.0,0.0,0.0,0.0,nan,0,-0.0017589835697134626,-0.011899461868044824,-0.0061613802289115505
9.68824754599973,-0.06839291900562587,-0.017829816041709145,1.4985750874627755,-0.7513311872720567,-0.1590716195628122,-0.179498389777889,-0.05253730789795482,0.28579027758941694,-0.02065578246840398,0.0,0.0,1.5,0.07069316859449737,11015.805895437898,10963.08307589659,10972.39649251723,11026.385866569835,0.0,0.0,0.0,0.0,0.0,0.0,nan,0,0.00916531132230626,0.00048448607551014947,0.0010409364339847293
9.698310906999723,-0.0794220363405248,-0.014052814475233402,1.5057439946873523,-0.7439676387493201,-0.12477325278333724,-0.19394637146534083,-0.05317322667288341,0.28639980441812857,-0.011843020180875677,0.0,0.0,1.5,0.08085997109892697,11001.7284317353,10945.809247946781,10965.179949797672,11017.316320333935,0.0,0.0,0.0,0.0,0.0,0.0,nan,0,0.005773010649341159,0.005586122814040681,0.00786917170176138
9.709029605999604,-0.10348988872786088,-0.023754724352230687,1.4843116382597545,-0.6743894850058937,-0.12440979448995777,-0.21114076116095898,-0.047504909027315766,0.2890647426178385,-0.011465510710526067,0.0,0.0,1.5,0.10733391212495838,11002.1923084537,10947.612371661022,10957.010619318993,11009.316102366303,0.0,0.0,0.0,0.0,0.0,0.0,nan,0,-0.010947952978894906,-0.0028405561971610697,-0.013890301609403188
9.7195682699994,-0.10354083874287554,-0.0367771324295112,1.5187121000397965,-0.6676648994288074,-0.12631663053055248,-0.16329544816044525,-0.05599010057182248,0.28918359646764746,-0.017905441900388633,0.0,0.0,1.5,0.11146033126280988,11045.254165421478,10970.7216152639,10979.996244840531,11053.766842735788,0.0,0.0,0.0,0.0,0.0,0.0,nan,0,-0.003943107922945707,-0.014637308451948862,0.020193961726743925
9.729796696999983,-0.09636655895563104,-0.011742736762713105,1.5074669534485363,-0.6431256804998561,-0.11167831797863713,-0.20454270766426505,-0.0544896373109923,0.2868571956580209,-0.013831497963770886,0.0,0.0,1.5,0.09736611805669411,11012.720717244321,10926.736397928986,10935.000369493422,11018.473474131722,0.0,0.0,0.0,0.0,0.0,0.0,nan,0,0.00999579530586217,0.011573171182296862,0.008644440365800588
9.740355399999316,-0.12292268118909731,-0.021347572746394393,1.5088361555542527,-0.6270402962489655,-0.14009372063222392,-0.09658581285326057,-0.05314240810490886,0.28561410825788414,-0.016522915754840998,0.0,0.0,1.5,0.12507510566798657,11012.720717244321,10926.736397928986,10935.000369493422,11018.473474131722,0.0,0.0,0.0,0.0,0.0,0.0,nan,0,-0.010086454368187392,0.0030949233388357714,0.00972351786518999
9.751026097999784,-0.10866637152330412,-0.03296824912785587,1.511682445235504,-0.6057814533821667,-0.06105784284635275,-0.20048030641580664,-0.05099813802996209,0.2893213316844111,-0.007589464273416487,0.0,0.0,1.5,0.11415675747531409,10976.224692692425,10867.084161271747,10867.854578794575,10974.899571989477,0.0,0.0,0.0,0.0,0.0,0.0,nan,0,0.010354195385047088,-0.007448458563197931,0.01229884448093288
9.761184807000063,-0.1350160502713626,-0.029347993573368335,1.4692351247142248,-0.5870392428980723,-0.09913509244704456,-0.08532776474134682,-0.050676290382332116,0.2932147087812687,-0.007139730331194916,0.0,0.0,1.5,0.14155252067346197,11015.686247235115,10891.447138314814,10870.784402186799,10996.865033405595,0.0,0.0,0.0,0.0,0.0,0.0,nan,0,-0.010099868323273697,-0.00280007848882138,-0.03039695851987556
9.771660376999534,-0.1446457737897268,-0.030508901198205,1.5007530039844934,-0.4914279304426956,-0.0680518087187319,-0.15564598000500804,-0.049046827145898426,0.2883903562676817,-0.004914030283141989,0.0,0.0,1.5,0.14783017263925288,11015.686247235115,10891.447138314814,10870.784402186799,10996.865033405595,0.0,0.0,0.0,0.0,0.0,0.0,nan,0,-0.014122728229606835,-0.0029820553279345276,0.0008952047351351577
9.782172165999327,-0.14925385917501316,-0.015680401227425835,1.4851909438940987,-0.5099678963857395,-0.09064586532691615,-0.16185723332291727,-0.05306570086348258,0.29108486244683074,-0.011926052591392358,0.0,0.0,1.5,0.15080416971700566,11034.411411272737,10862.795547303323,10826.692542961464,11004.851982209699,0.0,0.0,0.0,0.0,0.0,0.0,nan,0,-0.013412464467827095,0.012776200930400269,-0.014868896535952913
9.792647768999814,-0.11885656796244864,-0.02993071111123049,1.4945797423567009,-0.46094424070632833,-0.09124502870276925,-0.10156420710033277,-0.05669833527858062,0.2897267105756502,-0.020805790813136594,0.0,0.0,1.5,0.1226870425446626,11071.286735482467,10880.411131999352,10840.398944805565,11032.841700959254,0.0,0.0,0.0,0.0,0.0,0.0,nan,0,0.022013775593598323,-0.0005936996698273703,-0.005661625963811812
9.803052309000122,-0.1370304556478204,-0.02027449064333884,1.5008843435689954,-0.47110371384585087,-0.06769221464502884,-0.08339604406586454,-0.05643443709529909,0.2941823303311163,-0.02318493536629282,0.0,0.0,1.5,0.13852502593193813,11057.823163452025,10828.117992777461,10791.544696445517,11012.287576404908,0.0,0.0,0.0,0.0,0.0,0.0,nan,0,0.008579908184032675,0.009893643797872415,0.0004829913327146773
9.813599066999814,-0.1471538946678264,-0.043586881873343475,1.4983996953413912,-0.3844447772414744,-0.06677277618204656,-0.13209684079527667,-0.05137628238194738,0.2876639864002823,-0.017336519315798944,0.0,0.0,1.5,0.15348174472018136,11031.584909100031,10781.079038546297,10739.734926323174,10967.813169921037,0.0,0.0,0.0,0.0,0.0,0.0,nan,0,0.0029098236993493065,-0.012636542590017816,-0.0021334666340753206
9.824160971999845,-0.16290145257869543,-0.061784041200052486,1.5190712592545343,-0.35962690341182435,-0.05241584406916241,-0.13011219616304706,-0.05497155540127654,0.2872738539000578,-0.021546198280947015,0.0,0.0,1.5,0.1752651246791911,11055.954859569812,10781.150487506353,10743.876589964315,10995.772241986979,0.0,0.0,0.0,0.0,0.0,0.0,nan,0,-0.008669986336215685,-0.030100249289214703,0.018436617272302946
9.834616377999737,-0.1743974129376047,-0.03633116171742062,1.5062746393651145,-0.3888676755491683,-0.074647445272015,-0.09681570712592104,-0.05114032945815803,0.28916298540927154,-0.015493861581747105,0.0,0.0,1.5,0.17825201836228677,11055.954859569812,10781.150487506353,10743.876589964315,10995.772241986979,0.0,0.0,0.0,0.0,0.0,0.0,nan,0,-0.01628347919428466,-0.00396262547189985,0.005568067671729571
9.845248231999904,-0.1537046433729075,-0.03479289523820697,1.5009051945926644,-0.2945009115170396,-0.06809700625595476,-0.09905769876613882,-0.05221855112883362,0.28700805732620754,-0.021205659409542946,0.0,0.0,1.5,0.15759594642851738,11034.404878490039,10748.559172949108,10721.120289334407,10981.623587339574,0.0,0.0,0.0,0.0,0.0,0.0,nan,0,0.00800773840721275,-0.0017881198141704857,0.0001580923286401692
9.855578519999654,-0.16772307439554343,-0.034064259048818796,1.4854658134823517,-0.33767765410360595,-0.07919520014783661,-0.09217476957282456,-0.05525166395675683,0.2848317455819209,-0.01974479024283198,0.0,0.0,1.5,0.17176334302454588,11044.96821592988,10728.592182271086,10705.432342390817,10991.678951604483,0.0,0.0,0.0,0.0,0.0,0.0,nan,0,-0.00269495111748419,-0.00047154077676243855,-0.01528891356792772
9.866565890999482,-0.17188219409308325,-0.05441518043718497,1.4772844269915844,-0.2911525142607339,-0.036942823937249174,-0.11921428532250478,-0.05220858001426954,0.282892706227215,-0.013951749625135904,0.0,0.0,1.5,0.18171543072993115,11047.666043658863,10737.070693665059,10717.893992589554,10996.775502336664,0.0,0.0,0.0,0.0,0.0,0.0,nan,0,-0.0038201897722428824,-0.02028269297164447,-0.023445630282581842
9.876604448999387,-0.1789053180808296,-0.010983649598594412,1.5113549442777823,-0.23491460793504518,-0.053222216446063036,-0.12223977915851789,-0.056669753588367414,0.28538803258198825,-0.018757367252004085,0.0,0.0,1.5,0.17960147036051533,11083.40529253131,10775.067755586102,10749.762843669692,11031.586139274294,0.0,0.0,0.0,0.0,0.0,0.0,nan,0,-0.008091305704060858,0.023640400541353458,0.010677751505411948
9.887154682000073,-0.18251920071868943,-0.012046589188136555,1.487692335784088,-0.20347472521923515,-0.05407337271456872,-0.10177611177382676,-0.055221455012043355,0.2866527198996304,-0.01832407657733016,0.0,0.0,1.5,0.18332991447253938,11094.24203110125,10771.85537519076,10736.37861265432,11028.01751520799,0.0,0.0,0.0,0.0,0.0,0.0,nan,0,-0.009234596154749614,0.023020856118250884,-0.012906888062642619
9.897413783999582,-0.16132623098593132,-0.044321851250815066,1.5092191704396303,-0.2228941146691083,0.0035766555323613405,-0.07729717366055733,-0.05596203386794486,0.2798531716285477,-0.01528708679574894,0.0,0.0,1.5,0.16755766889647397,11113.014806028772,10773.91436154473,10732.423026496483,11038.286359881553,0.0,0.0,0.0,0.0,0.0,0.0,nan,0,0.014148842851978344,-0.008859001111433298,0.008722181385430572
9.907875642999898,-0.18134644318000867,-0.007930086358193086,1.4693938304174803,-0.1589777112835799,-0.05050988013375859,-0.052088837982528474,-0.05602047314829146,0.2787420591630331,-0.015581093362569862,0.0,0.0,1.5,0.1840819283368209,11088.16817259165,10752.52310246125,10694.203227453898,10998.911736826763,0.0,0.0,0.0,0.0,0.0,0.0,nan,0,-0.003958787090399513,0.0278805164724242,-0.03097485591679594
9.918430443000034,-0.1792442789444936,-0.05233131185144861,1.5300068117256624,-0.12191692883428032,-0.053603347370283425,-0.047542550896193574,-0.047594906083334845,0.2799993134266418,-0.02044450287863762,0.0,0.0,1.5,0.18912294013250838,11092.076339172965,10750.776736049373,10689.795920182602,11003.0980223236,0.0,0.0,0.0,0.0,0.0,0.0,nan,0,-0.00021944238825641338,-0.0162202225219778,0.02979455485021343
9.928806754999641,-0.18648753552383257,-0.04416457619154089,1.5386222358041646,-0.10484209197142916,-0.005961232473009429,-0.032690824956018875,-0.049106236196281405,0.27620633694147567,-0.013447741052859154,0.0,0.0,1.5,0.19549881788502874,11092.076339172965,10750.776736049373,10689.795920182602,11003.0980223236,0.0,0.0,0.0,0.0,0.0,0.0,nan,0,-0.006097585419492402,-0.007799726135616726,0.0385989774848452
9.939271247999386,-0.18180214281655924,-0.04436926974787892,1.5300946323343367,-0.06851850432266078,-0.014909945585294893,-0.03754414906685739,-0.04923766582035253,0.2728558582302578,-0.013186275906567195,0.0,0.0,1.5,0.1895424441279355,10980.054818278848,10620.608734166683,10582.20825561045,10912.87223669083,0.0,0.0,0.0,0.0,0.0,0.0,nan,0,-0.0003143528907224302,-0.007796592261977188,0.030301934999758195
9.94980577699971,-0.1669076677623828,-0.03676013154449859,1.4943741001478417,-0.04154068455339503,9.526448326184359e-05,0.0043833640434852005,-0.05249018567000443,0.27232731926558,-0.019568483822827457,0.0,0.0,1.5,0.1710003730352461,10953.17196487772,10592.540363030117,10554.475680766696,10891.43421735744,0.0,0.0,0.0,0.0,0.0,0.0,nan,0,0.015414861428698828,-2.4878409965851944e-05,-0.005140195153726657
9.960694161999527,-0.19105875199278524,-0.02198916072098398,1.4830768794268354,-0.03653708389840381,0.017104865712621577,-0.06646299871430263,-0.050890393301360505,0.26711837622835877,-0.01336214177490326,0.0,0.0,1.5,0.19306310344596597,10950.003768241924,10571.785928905145,10526.89158070091,10877.3750479266,0.0,0.0,0.0,0.0,0.0,0.0,nan,0,-0.008161186730824443,0.014863959395688166,-0.016108218118716655
9.970875514999534,-0.20337785738347208,-0.04490320223424288,1.5074025993490048,-0.059679743773965496,0.00840695016903549,-0.047636692140330034,-0.04614176789830452,0.2698142230568671,-0.013083695686420127,0.0,0.0,1.5,0.2084074109092647,11001.612641404026,10638.495252486891,10580.438018445751,10916.1891450555,0.0,0.0,0.0,0.0,0.0,0.0,nan,0,-0.020163339607321612,-0.007976691124744327,0.00859337875039401
9.981138247999297,-0.17498868261063347,-0.022162718982500995,1.5046005113120504,-0.008443427931338173,0.05849775108450289,-0.04217183467162323,-0.05038440067394691,0.26318511495560615,-0.015184757917902676,0.0,0.0,1.5,0.17644656374901335,11001.612641404026,10638.495252486891,10580.438018445751,10916.1891450555,0.0,0.0,0.0,0.0,0.0,0.0,nan,0,0.008286169211092292,0.014792913885830698,0.006208422719141904
9.991804367999976,-0.1824048003405506,-0.050245826164173654,1.4858951786166754,-0.004115851420190122,-0.025253712325877996,-0.052379298284479445,-0.04829250526505569,0.25769315609058074,-0.0202576386671449,0.0,0.0,1.5,0.18972374711788711,11000.98162980368,10667.194281358568,10592.673702559667,10894.820493043826,0.0,0.0,0.0,0.0,0.0,0.0,nan,0,0.0006765875724848991,-0.013304895170133856,-0.012039711121375252
10.002101627999764,-0.1837628485777378,-0.028744582808087386,1.4881077001775795,0.03897433215768459,0.03035722407686273,-0.02668031499238608,-0.05016293657615678,0.2541761748417347,-0.014928490989587954,0.0,0.0,1.5,0.18637720448939546,11007.171222334357,10689.998940082545,10644.611004042807,10925.940352171929,0.0,0.0,0.0,0.0,0.0,0.0,nan,0,-0.0011263365353934018,0.008138204527375091,-0.009333405881889023
10.01312591199985,-0.17858447462855512,-0.04139488939736308,1.4877280440047054,0.10846742342835891,-0.03419526090442447,-0.015486192714849063,-0.04798242354750445,0.25521590473568445,-0.01910117762302765,0.0,0.0,1.5,0.18372956308261176,11010.811323318878,10704.168104600738,10662.750219234307,10933.293329857474,0.0,0.0,0.0,0.0,0.0,0.0,nan,0,0.0033580164972482895,-0.00461331550123794,-0.009187313975166811
10.023732304000077,-0.15697295336176847,-0.037124215714374055,1.477828708293644,0.09796416855056915,0.011797322506995639,-0.04123688345697239,-0.04296306709425094,0.25109221965406425,-0.010252924225951011,0.0,0.0,1.5,0.16281978275213257,11007.209217130894,10693.43032197105,10659.914094654934,10937.39469403707,0.0,0.0,0.0,0.0,0.0,0.0,nan,0,0.024029704905671773,-0.00048636493297189026,-0.018530156980955947
10.034065484000166,-0.17858667628941044,-0.04359604424292389,1.5163742714156658,0.16319034601677462,0.04123452479532718,-0.09772839378354295,-0.046769387607096986,0.24316267643195108,-0.013703373589561973,0.0,0.0,1.5,0.184558751583672,11024.118662527615,10711.46699519543,10678.23904230408,10966.4668838014,0.0,0.0,0.0,0.0,0.0,0.0,nan,0,0.0012335319351109153,-0.0071438862241944776,0.020600251294943916
10.044799904999309,-0.16598757779406925,-0.04317523165921213,1.4932075007091274,0.1622921374178896,0.02567585647916994,-0.022811357277052136,-0.043867279775743714,0.242044104265424,-0.009696653632609995,0.0,0.0,1.5,0.17164531644465375,11044.740455057166,10732.271202919397,10696.730455417277,10990.235876490944,0.0,0.0,0.0,0.0,0.0,0.0,nan,0,0.01241044309231934,-0.0069502523706663,-0.0019576399716592086
10.055440723999709,-0.17811282057188838,-0.03266834627433537,1.4672712949039592,0.20217463812896722,0.01286376726783239,-0.010251871616098899,-0.049029937517917885,0.2365278492271197,-0.019064759078423598,0.0,0.0,1.5,0.18401784108514369,11029.90733211105,10720.307270232266,10684.316286016328,10982.779023778538,0.0,0.0,0.0,0.0,0.0,0.0,nan,0,-0.0013730780640596463,0.003288579788732003,-0.027262903877481426
10.065718475999347,-0.17412987365465193,-0.04202791330814111,1.5143914624372872,0.1885345278058494,0.03546369013989849,-0.04773645871158675,-0.0416104858140518,0.2317345039428069,-0.008535725084318142,0.0,0.0,1.5,0.17970718568578584,11031.079161708636,10720.488880361396,10687.177214487674,10985.234173789835,0.0,0.0,0.0,0.0,0.0,0.0,nan,0,0.0007198750920529018,-0.006379182906313938,0.020510577904266247
10.075803771999745,-0.15567756288582463,-0.045080260213922044,1.4985405131304568,0.219500111803189,0.03227085184291993,-0.037559021149670906,-0.04452192760794813,0.23040398661221917,-0.013000013768798934,0.0,0.0,1.5,0.16207980611090073,11012.32709630164,10723.087468678255,10692.888916058379,10971.493231097887,0.0,0.0,0.0,0.0,0.0,0.0,nan,0,0.017054671197929333,-0.009779174223534387,0.0053342410630523585
10.086240961999465,-0.16773089173547628,-0.047002815964436465,1.4871058793824985,0.2555916277449879,0.02378181059096171,0.05549381791167395,-0.03992352418137766,0.22255827144848636,-0.009804216644038969,0.0,0.0,1.5,0.17466875821812963,11013.169474702516,10726.203702400482,10698.456496868954,10971.23542677162,0.0,0.0,0.0,0.0,0.0,0.0,nan,0,0.00266074069463626,-0.012088095554511201,-0.0054052091300813565
10.097058205999929,-0.1807826829253059,-0.02176706635867154,1.4803271833503653,0.2965538517803282,0.06553567584619775,-0.024687240599145188,-0.04479940605191978,0.22084977978125134,-0.009928723927988643,0.0,0.0,1.5,0.18314803667652196,10960.472796537051,10673.792485149204,10652.126353750979,10929.345965101387,0.0,0.0,0.0,0.0,0.0,0.0,nan,0,-0.012949266283517169,0.012723467643362962,-0.011464947569709283
10.107422780999514,-0.15865179487264927,-0.04638806561376116,1.505304680790691,0.31647395898586383,0.0233312839674991,-0.015549265134135942,-0.03740934213468525,0.21963513753507954,0.00029458977983357716,0.0,0.0,1.5,0.1653795159201735,10997.035066667051,10716.353130073594,10676.776955476855,10946.381650708223,0.0,0.0,0.0,0.0,0.0,0.0,nan,0,0.0064107244004985575,-0.01235874189407124,0.014255534154665073
10.11803078399953,-0.15999332851675183,-0.025462168811240575,1.4777094150537025,0.2744010774812835,0.059427149526188106,0.048870240217095504,-0.03918929395783826,0.21115049131608854,-0.018081737631261665,0.0,0.0,1.5,0.1635330467755355,10979.653953954476,10703.306685332234,10670.522635708245,10949.797744012221,0.0,0.0,0.0,0.0,0.0,0.0,nan,0,0.0020899825204434563,0.00806961317048218,-0.012575583510169963
10.128187360999618,-0.16107952330769762,-0.02324395011771195,1.4868566305982232,0.33058138040842755,0.072915466750258,-0.036415779539758275,-0.0384563179087374,0.20390182489916056,-0.012535037912152045,0.0,0.0,1.5,0.16327780683651205,10950.927404939493,10688.861180090258,10654.835634010115,10907.992632378357,0.0,0.0,0.0,0.0,0.0,0.0,nan,0,-0.0021781668913921914,0.00975485364645489,-0.002641095880461908
10.138383106999754,-0.17169864212251576,-0.03565339433303717,1.4789458491110763,0.39262528241018385,0.08566824338116555,-0.011295877719152166,-0.04201189316424757,0.2023033122508193,-0.008023610014513875,0.0,0.0,1.5,0.17662068254832547,10950.927404939493,10688.861180090258,10654.835634010115,10907.992632378357,0.0,0.0,0.0,0.0,0.0,0.0,nan,0,-0.01617718950255706,-0.0032222501960079697,-0.009743763909572767
10.148986391999642,-0.14917563120825114,-0.044428969691036886,1.4851022986510451,0.38043774005594055,0.08389907249647688,-0.004413347363941536,-0.03676482652452566,0.19224440419065603,-0.011090523980761834,0.0,0.0,1.5,0.1563625396304047,11006.221171796735,10761.839468895767,10709.702528850266,10946.967974667055,0.0,0.0,0.0,0.0,0.0,0.0,nan,0,0.002772156364900108,-0.012599519023803726,-0.002764304927682648
10.159353381999608,-0.14285785991617733,-0.032884543926624495,1.487317108084743,0.4307092968001409,0.06021683614435402,0.01643809933803471,-0.03471409241096134,0.18977182769059714,-0.009669365105058295,0.0,0.0,1.5,0.14714148672766064,11006.221171796735,10761.839468895767,10709.702528850266,10946.967974667055,0.0,0.0,0.0,0.0,0.0,0.0,nan,0,0.005327448385197692,-0.001690035520269778,0.00028541458941311326
10.17027761099962,-0.15847504930944822,-0.04526081653357553,1.5218904234983381,0.36939719077828415,0.06717263016646587,-0.0577238209695296,-0.03356397519130836,0.18092774369266387,-0.0021706560517091014,0.0,0.0,1.5,0.16625905511536695,10986.006396326684,10747.887460395434,10710.2376819155,10939.223285605907,0.0,0.0,0.0,0.0,0.0,0.0,nan,0,-0.014235388694282619,-0.014733584539895248,0.03570545433365657
10.180387639999935,-0.14006901404928956,-0.029173877485090764,1.4757791507265214,0.4252034551752686,0.09516296204005988,-0.008285186594136266,-0.028461640090337966,0.17863495137595828,-0.007209935196948001,0.0,0.0,1.5,0.14511062457237142,10971.170757751666,10777.113617503152,10744.887263002329,10936.930727149549,0.0,0.0,0.0,0.0,0.0,0.0,nan,0,4.7421160787097794e-05,0.0006546525161253008,-0.009548269981785706
10.19084221599951,-0.15887565757996347,-0.02938246078410808,1.4864690359855637,0.4413949824655933,0.06251216872484565,0.020599709185866344,-0.02824099021584472,0.170201351161558,-0.0013519386028125048,0.0,0.0,1.5,0.16213540810185612,10983.24195090085,10798.743613020479,10765.935155370817,10948.518391266554,0.0,0.0,0.0,0.0,0.0,0.0,nan,0,-0.023054794756127373,-0.0002832130171477043,0.002006406379340353
10.201233349999711,-0.1195057926366394,-0.04605431359482449,1.4752016310164329,0.4926768423716144,0.0895500405563125,-0.08135817265268554,-0.026895645723971837,0.16888132857510282,-0.003956337708030942,0.0,0.0,1.5,0.1304514981847546,10954.616035578183,10788.558909639094,10760.847931926828,10932.262656054163,0.0,0.0,0.0,0.0,0.0,0.0,nan,0,0.011852940638513568,-0.0177139834554851,-0.008390013507699079
10.212042721999751,-0.12422615493685486,-0.030060460887665813,1.5012742183287546,0.48137761980019506,0.08396812335980997,0.005860050303941958,-0.03316996147519499,0.1578143251671595,-0.008544216411309303,0.0,0.0,1.5,0.12781780983698512,11019.272197407703,10854.562476072228,10832.92647713818,11003.807717926025,0.0,0.0,0.0,0.0,0.0,0.0,nan,0,0.0025089345502310872,-0.00250787307993559,0.018553610194175674
10.222389118999672,-0.12179464898593284,-0.028482514216374162,1.4914166761654948,0.46930125658027416,0.09936117055167845,0.010548208359691807,-0.0320292649630621,0.15432531127278235,-0.009682680075591513,0.0,0.0,1.5,0.12537489216641637,10984.443077702377,10825.612337342394,10800.84454590915,10964.400366694816,0.0,0.0,0.0,0.0,0.0,0.0,nan,0,0.0001608334518174992,-0.0017455962069844906,0.009563416760130616
10.233129743000063,-0.11565330808402559,-0.01315320217193286,1.4927502962494394,0.485477683054156,0.08763163883640751,-0.0378263797010338,-0.025845197375332266,0.14713380190574454,-0.012170562908479662,0.0,0.0,1.5,0.11662440826270104,10963.821248872799,10818.845766251297,10787.161256754338,10932.048870670395,0.0,0.0,0.0,0.0,0.0,0.0,nan,0,0.0013734336120922314,0.012741240670249995,0.011764375707725705
10.243278604999432,-0.10027177537451862,-0.013224228870710727,1.459734950387686,0.5108362861771598,0.08219242667237561,0.038734818351792266,-0.02709474116257197,0.14079288370637597,-0.005097513419315985,0.0,0.0,1.5,0.1088603848342682,10974.064464646966,10843.720208356377,10819.416832418432,10944.138804676571,0.0,0.0,0.0,0.0,0.0,0.0,nan,0,0.011683215171399822,0.011801929584117875,-0.020384859542607048
10.253580233999855,-0.10115283856882096,-0.005047240755817389,1.4646178556779983,0.5402111925081228,0.08125683859080793,-0.026866874336194554,-0.0272084915355084,0.1324534553986503,-0.01126351985075822,0.0,0.0,1.5,0.10728125431127329,10974.064464646966,10843.720208356377,10819.416832418432,10944.138804676571,0.0,0.0,0.0,0.0,0.0,0.0,nan,0,0.0055934861388128865,0.01908581854770844,-0.014638905063697027
10.264006757999596,-0.11386872634038873,-0.028481302252523266,1.4696337993390314,0.5481595715857497,0.06845980216988526,-0.007058314623625125,-0.026876945122889725,0.126608713013241,-0.010964685441118033,0.0,0.0,1.5,0.12124098959907964,10962.13967024706,10837.945547490404,10813.054041862708,10934.30030928891,0.0,0.0,0.0,0.0,0.0,0.0,nan,0,-0.012462038399429401,-0.00526518735550276,-0.008766535037677103
10.274978789999295,-0.09151591748453046,-0.006731949306771413,1.4537399151422685,0.5581182298302247,0.06877955860319171,-0.06294317306954984,-0.021260728714974385,0.11982160574795452,-0.006301768454374892,0.0,0.0,1.5,0.10276418513056405,10988.3222974013,10889.936690005641,10878.578998417319,10972.367345952265,0.0,0.0,0.0,0.0,0.0,0.0,nan,0,0.004426017604228311,0.015544332045989638,-0.02381548095273911
10.285143619999872,-0.09292444876331203,-0.014120169908543156,1.483067677138158,0.5960032390321621,0.06462565359517629,-0.04123770172080256,-0.02307465002014165,0.11317163402998309,-0.009351566697179205,0.0,0.0,1.5,0.09550411474752903,11034.462550008782,10953.545295404308,10948.488756050381,11027.522603066778,0.0,0.0,0.0,0.0,0.0,0.0,nan,0,-0.002566700363800911,0.00719431313913161,0.006338543284236886
10.29549197599954,-0.08371881032115619,-0.03397014625437997,1.480924226128159,0.5903598548011136,0.11055583062809021,0.004192898696032185,-0.018736682164690713,0.10911137302474457,-0.004974794725105044,0.0,0.0,1.5,0.0923401060587614,11030.848590514152,10953.37046593069,10954.886118780618,11031.211385266108,0.0,0.0,0.0,0.0,0.0,0.0,nan,0,0.0009412369272555482,-0.013638461943304803,0.004996613755892776
10.306080115999976,-0.07835598295984571,-0.004836324030296931,1.4632490499644377,0.5948299546332585,0.08019138558745972,-0.0027555045878725664,-0.021021190391827704,0.10025526030705748,-0.003444682211461825,0.0,0.0,1.5,0.08668149989614886,11000.870323224372,10926.59843158426,10926.45759228562,11002.60329808712,0.0,0.0,0.0,0.0,0.0,0.0,nan,0,0.0004997370291659059,0.014492698456690729,-0.011899956031573566
10.316549723999742,-0.0691433670037647,-0.015643117201809133,1.4763186818356528,0.5623397535247949,0.0982298679324488,-0.025258571572908776,-0.02077294307603359,0.09258209985073335,-0.011359720744270142,0.0,0.0,1.5,0.07474166941143255,10996.519024922018,10933.49252139017,10929.652853699972,10998.950203363282,0.0,0.0,0.0,0.0,0.0,0.0,nan,0,0.003808286632785901,0.0026645109572003,0.0019271059345045138
10.326985390999653,-0.0631105195564234,-0.018005540867442306,1.4616797709456666,0.5877946692892637,0.13743533385511608,-0.011121881321597525,-0.01390636124549728,0.08698917789991614,-0.01098944888314718,0.0,0.0,1.5,0.07599721794504989,10990.318261226783,10947.714566073873,10946.26511740395,10987.951526730423,0.0,0.0,0.0,0.0,0.0,0.0,nan,0,0.0038439430789890677,-0.0007369656735510717,-0.011976580896390976
10.33748547399955,-0.07371413546066558,-0.015972842112290116,1.4467738548691358,0.5888054309270789,0.09816406240497126,-0.004816230609266392,-0.015270988962841299,0.07955617061693344,0.0011419867387838128,0.0,0.0,1.5,0.09231428912876555,10994.925039462942,10963.785105279387,10957.901892980562,10981.54417986102,0.0,0.0,0.0,0.0,0.0,0.0,nan,0,-0.012843394041540036,0.0002400878275128325,-0.02617101260967658
10.348023298000044,-0.061989575776872356,-0.0027236576839546178,1.4636586782371146,0.6592579396328511,0.11142089769589891,-0.04046351262673231,-0.013373086469044245,0.07439104534681751,-0.0024641780825992257,0.0,0.0,1.5,0.07190839647530414,10994.925039462942,10963.785105279387,10957.901892980562,10981.54417986102,0.0,0.0,0.0,0.0,0.0,0.0,nan,0,-0.0072825500196665865,0.012418090148116746,-0.008600959889207394
10.358604930999718,-0.053364494043193954,-0.011502987989703183,1.469462924121734,0.6167668814313023,0.13743926247667146,-0.013172110781057263,-0.016173369899361672,0.06976654956851809,-0.008842006288819182,0.0,0.0,1.5,0.06255078704838421,11016.069390254224,11010.738044866912,10996.551403136953,11011.058054625655,0.0,0.0,0.0,0.0,0.0,0.0,nan,0,-0.004894705446240377,0.0025530869995990663,-0.00214141834078041
10.369105169999784,-0.02543348607933709,-0.02988553609160157,1.4729292584188713,0.6023287564814557,0.15157338657669517,-0.019011523591307523,-0.014153445228284989,0.06192311764911601,-0.006274859140785644,0.0,0.0,1.5,0.04767423341158725,11007.152381883945,11008.95942218694,10985.91106603991,10989.345096108314,0.0,0.0,0.0,0.0,0.0,0.0,nan,0,0.016732220416930073,-0.016928534080836333,0.0019490876649268518
10.379496662999372,-0.035985290318761666,-0.01599078530325733,1.4650259194760908,0.6582378596527686,0.1459828519110233,-0.07745350435267953,-0.011811257372891267,0.054295029350469225,-0.004192205566801095,0.0,0.0,1.5,0.05266718753107398,10996.57572239406,11008.13097123782,10981.179119603992,10974.306367425397,0.0,0.0,0.0,0.0,0.0,0.0,nan,0,-0.00018367424602952487,-0.004145124380988199,-0.005359949096753747
10.38994763699975,-0.0244886753381466,0.006934081893752856,1.4312738186637046,0.637290723837718,0.12164068433904775,-0.00917226604854587,-0.012164216698524466,0.05104742107420954,-0.004904075043321613,0.0,0.0,1.5,0.07328754814152112,11036.023732285055,11056.187380060703,11024.950709967346,11012.527168408204,0.0,0.0,0.0,0.0,0.0,0.0,nan,0,0.004895370154105086,0.017657216955436636,-0.03855138851314299
10.400358056999721,-0.025666194830795803,0.008959277312179754,1.49600616735901,0.6674944933941392,0.07980109097621683,-0.0140054135391245,-0.009675092649087363,0.043694437930988914,-0.007327178804739604,0.0,0.0,1.5,0.027476770301713877,11036.023732285055,11056.187380060703,11024.950709967346,11012.527168408204,0.0,0.0,0.0,0.0,0.0,0.0,nan,0,-0.0027467369701649758,0.018549787533616524,0.026702573231464077
10.410956495999926,-0.01989561178660543,-0.005149946659422279,1.470901109327791,0.6500780076860356,0.10217452430175229,0.012694281117403746,-0.006783392921728291,0.036660817559849894,0.0023759079071579634,0.0,0.0,1.5,0.035624468519703925,11045.042393367152,11073.740976006024,11042.960211460004,11022.700009674429,0.0,0.0,0.0,0.0,0.0,0.0,nan,0,-0.0034808970126236696,0.0032990286210318317,0.002083058748158839
10.421258745999694,-0.02247432893451602,-0.012859545740301478,1.4663751230669873,0.6318659278424604,0.11888254261850993,-0.07395366900507942,-0.0022528903945430133,0.027577341859776897,-0.007589317403151387,0.0,0.0,1.5,0.042439318166812984,10993.350963482733,11015.109413236427,11002.95336366547,10986.213070473475,0.0,0.0,0.0,0.0,0.0,0.0,nan,0,-0.012597571158234138,-0.00555979250232212,-0.001986778039025028
10.431776768999953,-0.014617012770872465,-0.009464699649907283,1.5028594932890176,0.669422402397683,0.1446939122435552,-0.009182608002055963,-0.004853284588755434,0.022225340077243756,-0.0038002290238481036,0.0,0.0,1.5,0.017646934682169033,10979.039209727976,11035.521545396865,11041.989209925394,10993.962578655202,0.0,0.0,0.0,0.0,0.0,0.0,nan,0,-0.01130483785283893,-0.0033207035784081768,0.03492264176077908
10.442298352999387,0.004294946372643892,0.008980829065745963,1.4706488674961615,0.6414689836459622,0.13359803721275,0.011164312400356822,-0.004925344043980075,0.013591122851904044,-0.011607304505391481,0.0,0.0,1.5,0.030993399850773356,10935.002331505899,10991.107763062491,10988.393620272305,10942.394781076839,0.0,0.0,0.0,0.0,0.0,0.0,nan,0,0.001022520048932538,0.013963695142002928,0.003106693114614867
10.453108841999892,-0.0117660568256647,0.0017686960647414077,1.4358696065794088,0.6532626494168231,0.12682075895687045,-0.028434568453217613,-0.0036903258968081472,0.008597569302588577,-0.012789842064990975,0.0,0.0,1.5,0.06522480923141143,10915.019210149934,10978.783234864655,10971.572456970662,10912.234051509322,0.0,0.0,0.0,0.0,0.0,0.0,nan,0,-0.02163643941656915,0.005586244054565649,-0.03130222292521623
10.463275098999475,0.018291048897890943,-2.8712770161738385e-05,1.4704962278588671,0.6503347131777242,0.08369872132035974,-0.0331847895998252,-0.004067169419126757,0.0027021522273917827,-0.0005223005715725981,0.0,0.0,1.5,0.03471362649974928,10950.508423687083,11029.634616252424,11029.542529007917,10947.72502614404,0.0,0.0,0.0,0.0,0.0,0.0,nan,0,0.0018158148391099506,0.0026204693597926838,0.003667771398587094
10.473995147000096,0.03556707187860754,-0.004470735271649746,1.4612419148379054,0.6505899073543161,0.12826203402107328,-0.07691298827118156,0.0012313552156056739,-0.0032620206420695863,-0.0006332572888152954,0.0,0.0,1.5,0.05279387503602461,10940.278137157606,11031.11999712495,11041.580791145476,10956.669606302545,0.0,0.0,0.0,0.0,0.0,0.0,nan,0,0.012486512655369344,-0.0029918267411639865,-0.005274432428999498
10.484629679000136,0.03901528620662335,-0.0034381216676141863,1.479034499237608,0.6787510162726139,0.1390363925965831,-0.024825626282935245,0.0004142224535222125,-0.009041297351098442,-0.00040415354229677246,0.0,0.0,1.5,0.04442482932554617,10973.476991593494,11075.859218962458,11085.813819336241,10995.179287139628,0.0,0.0,0.0,0.0,0.0,0.0,nan,0,0.009335358315749599,-0.0031302465329830637,0.012794875404509964
10.494823555999574,0.036788249333134286,0.0031264963649590754,1.4552147834002378,0.6651800103228168,0.10234024010716446,-0.044235572085694744,-0.0004589957779230646,-0.017891249993792508,-0.0014748554134924353,0.0,0.0,1.5,0.058041932207711464,10953.853000002875,11051.293520637084,11054.326000721228,10974.86275095103,0.0,0.0,0.0,0.0,0.0,0.0,nan,0,0.0005212895468463125,0.0022637249855943205,-0.010784694130135941
10.50559327999963,0.054767843298460024,-0.0017324927133774127,1.467452313746138,0.6274298930636122,0.16444795975691273,-0.04145274557711787,0.001543458292502079,-0.020282581322194248,-0.004856856787266707,0.0,0.0,1.5,0.06373280215906421,10962.077436856298,11069.724573126114,11079.591339437997,10991.886398048666,0.0,0.0,0.0,0.0,0.0,0.0,nan,0,0.01193251135445618,-0.0037643816873277366,0.0016569654608888928
10.51555683100014,0.06116117995715379,-0.0097292705578261,1.4618480804166099,0.6322813595649912,0.08597657166352685,-0.04384649334825658,0.0033411996856111217,-0.028165555228821453,-0.001687342454424184,0.0,0.0,1.5,0.07273869401657003,10962.077436856298,11069.724573126114,11079.591339437997,10991.886398048666,0.0,0.0,0.0,0.0,0.0,0.0,nan,0,0.011782421740822877,-0.012927614434668791,-0.003780467984615621
10.526161338999373,0.06065848583634032,-0.006323521535479341,1.4506492135272333,0.6208559757426475,0.13541087864546303,-0.048664227946454766,0.002975247964570692,-0.03402620588548576,-0.005251264402659882,0.0,0.0,1.5,0.0784534190080189,10950.327626849732,11082.330574907128,11100.906724066748,10987.615648761497,0.0,0.0,0.0,0.0,0.0,0.0,nan,0,0.004767457814850946,-0.010684531440249247,-0.014850134935984638
10.536813003999669,0.055609562108994925,0.00824935164667095,1.485439174036611,0.6702039845025481,0.11631697467989245,-0.029387495640321646,0.005282760123770297,-0.040283879547309366,-0.0072978214316198955,0.0,0.0,1.5,0.058073168100945705,10961.117224623458,11108.15587969775,11124.519413058748,10994.420177821728,0.0,0.0,0.0,0.0,0.0,0.0,nan,0,-0.0067563839794480204,0.0027305880750141797,0.020029541737279555
10.546987668999463,0.06863178518692085,-0.0029108864219104143,1.4887393907728979,0.6844876118117205,0.15515969996584014,0.002138905853106385,0.008534488800428485,-0.042217611025286275,-0.0023978324490306732,0.0,0.0,1.5,0.06961031904732522,10961.117224623458,11108.15587969775,11124.519413058748,10994.420177821728,0.0,0.0,0.0,0.0,0.0,0.0,nan,0,-0.0001657546399081583,-0.0095814012135742,0.0233820710252588
10.5574541699998,0.0713298295557359,0.008291902619547554,1.4644144014491025,0.6337241433425422,0.09467805604811114,-0.02344871032960292,0.008993152549153909,-0.04913168846948373,-0.008600131822947497,0.0,0.0,1.5,0.0801438397990016,10894.663483514807,11014.881426059628,11022.141123692332,10918.006218696433,0.0,0.0,0.0,0.0,0.0,0.0,nan,0,-0.003850382629134369,0.000476672829331495,-0.0009198696951122631
10.568249488999754,0.0974789205522209,-0.001646095866453607,1.4652818679214408,0.6276945890529559,0.1286268279850532,-0.030035674258882573,0.010998680055373779,-0.057896793164611146,-0.005126602756564385,0.0,0.0,1.5,0.10349008782802357,10886.926549666943,11017.577310008759,11040.938220032538,10920.40642941189,0.0,0.0,0.0,0.0,0.0,0.0,nan,0,0.015970589134214522,-0.010597969350781548,-5.428715681388141e-05
10.578508580999369,0.08095496204464078,0.015915533625038617,1.4725083885480177,0.6210646891717291,0.135344136728574,-0.08973295972190815,0.0057129958282376644,-0.0665281665203696,-0.004024560062880896,0.0,0.0,1.5,0.08696435356193782,10886.926549666943,11017.577310008759,11040.938220032538,10920.40642941189,0.0,0.0,0.0,0.0,0.0,0.0,nan,0,-0.006821152601518055,0.005836141726891666,0.007144816155530087
10.58898668099937,0.08623530514709496,0.002198092945445639,1.4704233780664906,0.6097400358966917,0.13617776404688164,-0.05282280100216919,0.007291822429856485,-0.06721563487074861,-0.0023752221278111386,0.0,0.0,1.5,0.09119285076916474,10919.685874286271,11078.91741515289,11093.701332383129,10946.296256930957,0.0,0.0,0.0,0.0,0.0,0.0,nan,0,-0.007742344629194667,-0.008998622803768492,0.005003122857552
10.59951262100003,0.07856744795810044,0.021988564291254405,1.4609322487306753,0.5951243404912766,0.15313819820249724,-0.05636912642217735,0.011198558972033262,-0.07408981553545098,-0.014626270959762929,0.0,0.0,1.5,0.09045789090776588,10917.406745637265,11091.510317103532,11099.779798376712,10943.085517006202,0.0,0.0,0.0,0.0,0.0,0.0,nan,0,-0.021539663602879053,0.009685774632145016,-0.004577166144789091
10.610067163000167,0.09319135672380222,0.021684823160882265,1.4882566160795443,0.591020161696842,0.10013549086344492,-0.030423410454950672,0.015045192375510875,-0.07689298007891825,-0.009601941019586994,0.0,0.0,1.5,0.09639900201477665,10929.061659798399,11116.49816638025,11118.989028175693,10935.931205347944,0.0,0.0,0.0,0.0,0.0,0.0,nan,0,-0.012967530173838601,0.008288236907654938,0.02262451587955039
10.6205192970001,0.10431845730628934,0.002516275375490481,1.4490535350141132,0.595260054961871,0.1165759511980522,-0.008698424178341036,0.015547908869052397,-0.08214107429665486,-0.004248078705014885,0.0,0.0,1.5,0.11612155041630991,10929.061659798399,11116.49816638025,11118.989028175693,10935.931205347944,0.0,0.0,0.0,0.0,0.0,0.0,nan,0,-0.0078092955762284755,-0.01196085462777218,-0.016732129891025016
10.63109778999933,0.09949420313824708,0.0019268987380030907,1.4917233071098097,0.6145484496051009,0.11436178865288728,-0.04694447015562201,0.017211494684115557,-0.08975169429212349,-0.005333507183079574,0.0,0.0,1.5,0.09985646219479148,10873.864394474987,11070.941006605733,11097.160247477805,10904.739824405639,0.0,0.0,0.0,0.0,0.0,0.0,nan,0,-0.018514514950903657,-0.013616573487515557,0.025757071036797363
10.641266765999717,0.13288149511665737,0.011154079014062358,1.4680865441099318,0.5755020360163499,0.12369919828858887,-0.03666772633428893,0.018692523148334122,-0.0905432718956842,-0.006097003230445353,0.0,0.0,1.5,0.13711445543755593,10873.864394474987,11070.941006605733,11097.160247477805,10904.739824405639,0.0,0.0,0.0,0.0,0.0,0.0,nan,0,0.009084667359994539,-0.005440587159621172,0.0019152555354009504
10.651924023999527,0.13444271803029714,0.0220968893137284,1.4507860383783981,0.5725727663637193,0.06297338296634544,-0.03901655142163627,0.017706103449469497,-0.0963598801673565,-0.0018333090338750755,0.0,0.0,1.5,0.14486245534026285,10857.336798278031,11050.543353232404,11086.228841917593,10897.147210471077,0.0,0.0,0.0,0.0,0.0,0.0,nan,0,0.004955538041170882,0.004467114955121074,-0.015613104117672139
10.66254162399946,0.13046242813452896,0.018180311830437907,1.4636851228514156,0.5861672576176197,0.10515131386964006,-0.016718996901729805,0.019410411119185934,-0.10561686125036716,-0.008323096977076623,0.0,0.0,1.5,0.13663725405366528,10865.460188641999,11064.537477649932,11116.266941934295,10923.307081369012,0.0,0.0,0.0,0.0,0.0,0.0,nan,0,-0.004612236194852237,-0.0004675162837181161,-0.002966372867169609
10.673183461999542,0.1315940951329626,0.030896784443645336,1.4696095068795738,0.5543128237461319,0.08358636118562164,-0.02952352055725674,0.0182476792133489,-0.10881951530526082,0.0008015002025041197,0.0,0.0,1.5,0.1385467402536883,10851.010029713652,11048.637010608112,11101.14981248392,10906.803614356917,0.0,0.0,0.0,0.0,0.0,0.0,nan,0,-0.008960381461931066,0.0112488675719031,0.0026814349257033854
10.68348120599967,0.13334526948804012,0.0373078742681895,1.449523849038521,0.5266460189662674,0.09875094723303628,-0.05367489702192454,0.020062645978756437,-0.11167521746727432,-0.0008030771340125746,0.0,0.0,1.5,0.14737937506020002,10837.271201571963,11048.050976313914,11095.83816296433,10896.235528026984,0.0,0.0,0.0,0.0,0.0,0.0,nan,0,-0.012576907541592602,0.016678672053330044,-0.01770241809253026
10.69370753199928,0.15457635573669998,0.02421528939844063,1.4789856891883195,0.5183126903105206,0.0639512245822049,0.005419167237879704,0.021871462432205464,-0.11543031960298032,0.001507305347678461,0.0,0.0,1.5,0.1578664981950856,10859.131995474838,11090.610150842102,11130.411143796582,10915.42362391046,0.0,0.0,0.0,0.0,0.0,0.0,nan,0,0.0034033741486644287,0.002624490724512797,0.011437983572263999
10.704141047999656,0.1716920065820143,0.020045620648831797,1.4467228522616653,0.5228382634322182,0.05248491013108193,-0.03673518671541208,0.019962061964187164,-0.1201077053231524,0.00010708658516452965,0.0,0.0,1.5,0.18088235542055411,10802.597017400543,11040.964773237423,11090.243565973518,10876.24497507223,0.0,0.0,0.0,0.0,0.0,0.0,nan,0,0.015389309650860328,-0.002486307482779355,-0.02116717492250375
10.714920525999332,0.16228721438616256,0.01616085364419252,1.4585574653877111,0.47767490812041385,0.09635869027572867,-0.044928105456936075,0.02291487989533848,-0.1231299268409055,-0.007365700957777546,0.0,0.0,1.5,0.16827298303298738,10823.319146933514,11060.335994332017,11121.190381512011,10908.330414125925,0.0,0.0,0.0,0.0,0.0,0.0,nan,0,0.000979976377495445,-0.007290986425387912,-0.009693614671893558
10.725254341999971,0.16112204575328692,0.03228041635107385,1.491160008604961,0.48209029077944804,0.07440824796020372,-0.0346276713095494,0.020559856910637907,-0.1293521140866748,-0.0024896753753360654,0.0,0.0,1.5,0.16456149110708532,10834.086519038266,11080.860896438862,11140.265045001473,10908.77976775849,0.0,0.0,0.0,0.0,0.0,0.0,nan,0,-0.005059986498098329,0.007930699434447044,0.022526226602921806
10.735786999999618,0.1662070929680441,0.038485158300799883,1.4488602270515634,0.48067317635196233,0.1032665498476185,-0.001428359985639999,0.02397359960017424,-0.13325544963312302,-0.0013926016005421792,0.0,0.0,1.5,0.17810441190364523,10805.53848484076,11058.344821658477,11110.105333211442,10874.029539255926,0.0,0.0,0.0,0.0,0.0,0.0,nan,0,-0.004716193989821205,0.013260268842491263,-0.020175719028459937
10.74645237599998,0.16356184838922966,0.039808108405669486,1.4780037782660593,0.42713379194637363,0.0859410191143483,0.02309311965109571,0.027622937524605057,-0.13382334238624646,-0.008718676276025707,0.0,0.0,1.5,0.16976748073146272,10801.950760024372,11063.888949156886,11099.120537729852,10861.29425070351,0.0,0.0,0.0,0.0,0.0,0.0,nan,0,-0.011965700068503421,0.013731350436378194,0.00854979689413371
10.756797230999837,0.19601144062608836,0.03764167307005792,1.4709112673957827,0.47105908417632353,0.06153125173095302,-0.005669724817678073,0.026935696628821844,-0.14107331679803486,0.00029754565968382474,0.0,0.0,1.5,0.2017015983386035,10750.863112490442,11021.79007676752,11060.210187322813,10804.298105287566,0.0,0.0,0.0,0.0,0.0,0.0,nan,0,0.01601964166670619,0.010736870265462696,0.0010288524222461515
10.767327632999695,0.18778361557149595,0.012407885308280957,1.4753940312480336,0.45071085167597225,0.049836621270304866,0.011412988396545802,0.023225731763281857,-0.14964950464176532,-0.0011425443471586088,0.0,0.0,1.5,0.18979487767890255,10745.367776454079,11007.186452435382,11049.484927776139,10806.185304427465,0.0,0.0,0.0,0.0,0.0,0.0,nan,0,0.0034704388613428228,-0.015300647077454994,0.0050780974072541785
10.777876678999746,0.17854984821979886,0.01997887908275487,1.4900775483611204,0.39978337837945976,0.08756560830479532,-0.03826809956915294,0.023591282647855673,-0.14673683474302865,-0.004456818030322664,0.0,0.0,1.5,0.17993793084072754,10714.544243949185,10979.21858694685,11033.597869118446,10787.624441462496,0.0,0.0,0.0,0.0,0.0,0.0,nan,0,-0.009938870081462686,-0.008508561387674505,0.01932634521021548
10.788336827999956,0.19596234455587808,0.03190282524285308,1.4491021166361215,0.3809145001204282,0.08087420832186464,-0.051732219412950656,0.026105310982686224,-0.1540376264279094,-0.0054336156446643255,0.0,0.0,1.5,0.2049624972360448,10719.10697061041,10995.12660155584,11041.75551146931,10780.581782852383,0.0,0.0,0.0,0.0,0.0,0.0,nan,0,0.0034469218240398003,0.0026618035845411177,-0.02208410484153922
10.798799993999637,0.18180008085782098,0.02322851253568652,1.4591076937943255,0.3823193127791425,0.06722953360011939,-0.016414805358219067,0.027496279045285746,-0.15544292215659147,-0.00015532418943059903,0.0,0.0,1.5,0.18778448791460234,10719.10697061041,10995.12660155584,11041.75551146931,10780.581782852383,0.0,0.0,0.0,0.0,0.0,0.0,nan,0,-0.014589332539418604,-0.006740116280848803,-0.012518057543321026
10.80896994700015,0.20972224563188646,0.029272896554219864,1.495464819150536,0.389065314513951,0.07603753296835161,0.0011392935221833569,0.025533500989775925,-0.1552988874879345,-0.0020393218752421897,0.0,0.0,1.5,0.21180389668486443,10763.998882836875,11055.685295780686,11099.028770320643,10820.839563633583,0.0,0.0,0.0,0.0,0.0,0.0,nan,0,0.009615192296910935,-0.0013967615520416726,0.02339095629590915
10.819750157999806,0.20623950606732847,0.030273358504610468,1.454147725624351,0.3155732991859575,0.06796474807826687,-0.041808373605741384,0.02722206448616489,-0.16228609338101085,0.00067693255191236,0.0,0.0,1.5,0.2134329898667591,10727.112218147196,11014.490474220573,11052.971151844991,10780.785484032947,0.0,0.0,0.0,0.0,0.0,0.0,nan,0,0.0025733254416336615,-0.0010703983381500394,-0.018378486942184802
10.829874760000166,0.22190277462862645,0.03214355525601097,1.4926906285155535,0.345124172121129,0.04580493358709156,-0.004578816252105336,0.03024337541769982,-0.1675775451614527,-0.0061719812688348545,0.0,0.0,1.5,0.22433786226109237,10727.112218147196,11014.490474220573,11052.971151844991,10780.785484032947,0.0,0.0,0.0,0.0,0.0,0.0,nan,0,0.014838563635733937,0.0001530548460553227,0.019708458719302602
10.84064084199963,0.2125333179452585,0.029246622518377636,1.459450621340908,0.34728765858721417,0.08428470613410072,0.004797074434802845,0.0276175850039446,-0.16463433496558139,-0.005629125108835805,0.0,0.0,1.5,0.218334670346217,10716.942985023703,11021.205698822969,11068.709313460315,10777.015445995354,0.0,0.0,0.0,0.0,0.0,0.0,nan,0,0.002234603934274909,-0.0033628657369882235,-0.013990620584636737
10.850972915000057,0.21752823192498208,0.03128632763850685,1.4976000953924704,0.32724726501613777,0.06361076020292446,-0.04091412793657996,0.029064406355403742,-0.16829625640966867,0.00021755598713745479,0.0,0.0,1.5,0.2197797204558192,10725.196725844296,11021.172269859499,11059.533416690785,10773.173954998116,0.0,0.0,0.0,0.0,0.0,0.0,nan,0,0.004160298706082283,-0.0019141055109216584,0.02370021321580018
10.8615470929999,0.19889929777308948,0.0180985242930199,1.4526503941785551,0.28460213521378686,0.05378354416447379,-0.023813776696801025,0.03212554191206423,-0.16956446810856068,-0.013930532322967211,0.0,0.0,1.5,0.20525708856860303,10725.196725844296,11021.172269859499,11059.533416690785,10773.173954998116,0.0,0.0,0.0,0.0,0.0,0.0,nan,0,-0.0173705437975879,-0.01566447636072547,-0.021706834150660548
10.871909536999738,0.23414690712893457,0.03914337292511643,1.452573547944104,0.24404469135356,0.04828164002855255,-0.016807399826119163,0.0288734690571954,-0.17263312427934105,-0.001100106657451652,0.0,0.0,1.5,0.24208726962938562,10741.341924390095,11038.423439139404,11091.834549024219,10793.344528093077,0.0,0.0,0.0,0.0,0.0,0.0,nan,0,0.015144769450037454,0.004846565918171994,-0.022241424088672357
10.882563458999357,0.2230750304960368,0.041680307708351266,1.4611994672292816,0.23895476743674943,0.03822802711614434,0.006650871746948506,0.02975774581319186,-0.17219784292528956,-0.003960692546012974,0.0,0.0,1.5,0.23022857907905828,10751.985406656451,11064.302507439643,11113.068629211879,10803.917975980963,0.0,0.0,0.0,0.0,0.0,0.0,nan,0,0.0015126620691119919,0.00687886581562213,-0.01407712693488583
10.892736538999998,0.208472332862465,0.050213540420502994,1.4875773952986908,0.24426843521692596,0.07262751525096879,0.03599131007966258,0.029412656745103242,-0.17736032670544513,-0.009673732175418216,0.0,0.0,1.5,0.21479393454714887,10751.985406656451,11064.302507439643,11113.068629211879,10803.917975980963,0.0,0.0,0.0,0.0,0.0,0.0,nan,0,-0.015476515134042829,0.014936915932066398,0.011835292639470474
10.9035075769998,0.24554991143566207,0.038955855394622194,1.480335745264774,0.22019967404497373,0.06361615521296178,0.052256111174542576,0.03378975881010406,-0.17854834000336378,-0.006533869192213634,0.0,0.0,1.5,0.24939727462400238,10688.566681882177,11005.630745500015,11040.819907163055,10723.45023060269,0.0,0.0,0.0,0.0,0.0,0.0,nan,0,0.019388673268325468,0.003233555078928252,0.00413086748676883
10.913992647999294,0.23414334865983602,0.033529966803570316,1.4947215482870582,0.1905836409134193,0.0875040718477541,0.0074299771751704,0.032090385728619816,-0.17626168066831122,-0.005743770237229534,0.0,0.0,1.5,0.23659084607815223,10649.704290023697,10962.285980463203,10996.143833862558,10683.39253288579,0.0,0.0,0.0,0.0,0.0,0.0,nan,0,0.005943533624284986,-0.0026085459565373323,0.01806560561652737
10.924235403999774,0.22297787516483183,0.05031228818199542,1.487655454099692,0.21462589413929894,0.04924995132039387,0.01697775730362253,0.03357678973940587,-0.17681973055118885,-0.004923924943024857,0.0,0.0,1.5,0.22891668128080203,10643.537217402363,10955.84158892845,10978.873104147024,10666.887716694895,0.0,0.0,0.0,0.0,0.0,0.0,nan,0,-0.007086439495568725,0.013787084744737901,0.010565023275609597
10.93467172199962,0.22867032073368052,0.03601357062141939,1.4921833002343243,0.15544662054307035,0.031580354153768274,-0.008154108643791324,0.0294607136837139,-0.17767532074931824,-0.007543784877486514,0.0,0.0,1.5,0.2316207970985658,10643.537217402363,10955.84158892845,10978.873104147024,10666.887716694895,0.0,0.0,0.0,0.0,0.0,0.0,nan,0,-0.0030838319661141977,-0.0008686758592467217,0.014677035893684298
10.945574237999608,0.2324610025244559,0.034672553442091955,1.47316517215115,0.13737506138706151,0.031651241008789355,-0.03492623867729037,0.028016219659794606,-0.1807566327767828,0.0001767340103455685,0.0,0.0,1.5,0.2365595308638974,10643.24434877889,10944.509300114902,10979.186689225662,10672.653672626077,0.0,0.0,0.0,0.0,0.0,0.0,nan,0,-0.0008075739161630402,-0.002536919482118989,-0.004738059626710589
10.95562545499979,0.22840005140321956,0.028962984393980526,1.4812040124141863,0.11335215183636771,0.0275878157896384,0.0009358261852104486,0.03364129635037658,-0.17987769764013112,-0.0031236424320762414,0.0,0.0,1.5,0.23099508024052234,10643.24434877889,10944.509300114902,10979.186689225662,10672.653672626077,0.0,0.0,0.0,0.0,0.0,0.0,nan,0,-0.006206086242544623,-0.008543598919366471,0.002918168832910073
10.966231581000102,0.22865622307462244,0.037019887882268315,1.482796040514272,0.0937660000426502,0.0007598508381096492,-0.0268045159040175,0.03169882460179765,-0.17821608292150654,-0.002375086337994035,0.0,0.0,1.5,0.23227164414011836,10667.04884420465,10984.468209914234,11032.822399284383,10716.654315649006,0.0,0.0,0.0,0.0,0.0,0.0,nan,0,-0.007109539696306594,-0.0007534441020812799,0.00413858786769139
10.976840968999568,0.22983942269351357,0.030550252464246894,1.499576886765472,0.10589506038270494,-0.010538385168959183,0.013069670407846842,0.035542170542289274,-0.18167000854246756,-0.004891500679401073,0.0,0.0,1.5,0.23186128865018854,10678.26275668766,10996.977277533622,11056.893825057514,10739.724768031187,0.0,0.0,0.0,0.0,0.0,0.0,nan,0,-0.0069074747889948385,-0.007459303269968905,0.0205573918226849
10.987102862999564,0.23149576895057514,0.03439918751514887,1.475073354106288,0.10144651538044519,0.010289132662412109,0.0421977849857662,0.03328315036528695,-0.18219193621358565,-0.004922621398471413,0.0,0.0,1.5,0.23536128147856214,10641.165060661353,10951.514493027751,11032.213909309756,10720.591407115251,0.0,0.0,0.0,0.0,0.0,0.0,nan,0,-0.006053923303663694,-0.0038160247506209416,-0.004297157976373311
10.997738203000154,0.23581238699428375,0.05417164982701794,1.4831772217366894,0.06875793753156154,0.03991472276251931,-0.004263726122101735,0.03247917765382831,-0.1811269753620045,-0.0006149475548881761,0.0,0.0,1.5,0.24253877086647285,10624.771363375907,10928.021880517974,11008.23041381037,10703.98944156471,0.0,0.0,0.0,0.0,0.0,0.0,nan,0,-0.0023626561302601823,0.015781253930831747,0.003471300636158192
11.008150597000167,0.2444879861051626,0.04796799225956019,1.498394950469,0.03530590103776914,0.022419002832736866,0.05725092558563861,0.029828920693024865,-0.1787642711920016,-0.013520032791081556,0.0,0.0,1.5,0.24915432931251338,10647.749411607861,10948.799380368031,11007.236614370837,10710.193825277358,0.0,0.0,0.0,0.0,0.0,0.0,nan,0,0.005864709606697022,0.009432875076086512,0.018369790544292552
11.018538825000178,0.24606648172860465,0.042830358654403204,1.468490335133101,0.02563115288482759,0.02024186863758468,0.020499384462269607,0.03087821510426185,-0.18019287256494063,-0.0015324681212621873,0.0,0.0,1.5,0.25174592753961844,10610.447209069633,10904.416315468217,10957.933066666701,10655.44728147834,0.0,0.0,0.0,0.0,0.0,0.0,nan,0,0.007171116096003433,0.004180851448706661,-0.01183468638626528
11.029001355999753,0.26119095057712166,0.029522068006590692,1.497215407951048,0.017471590623110073,0.01680773640737756,0.006795824201412286,0.0352130965550506,-0.17985979011577855,-0.008960094184092706,0.0,0.0,1.5,0.26286882492156666,10633.183455045171,10927.210553867948,10973.461588141023,10675.90204204231,0.0,0.0,0.0,0.0,0.0,0.0,nan,0,0.022198730252042997,-0.009211619931895544,0.01661188581536499
11.039562085999933,0.2333687769134469,0.03916713396229642,1.4868448073152178,-0.02034291915529927,-0.0021522592301734854,-0.006540867513699375,0.03306579639943617,-0.1811667032267393,-0.005803759516461871,0.0,0.0,1.5,0.23699812133321305,10633.183455045171,10927.210553867948,10973.461588141023,10675.90204204231,0.0,0.0,0.0,0.0,0.0,0.0,nan,0,-0.005545450214078401,0.0003794448584038823,0.005982393376869677
11.05024934999983,0.2368399002613584,0.040855210801315094,1.4701959546594523,-0.011873835458840788,0.003986178344199229,0.03667096590044465,0.03003685701904627,-0.1774001189015226,-0.007871191078627212,0.0,0.0,1.5,0.24217879288676686,10647.547156899569,10934.772423884488,10993.09980131483,10697.416527683652,0.0,0.0,0.0,0.0,0.0,0.0,nan,0,-0.0018220551914188976,0.0020436404447471065,-0.010907359993323373
11.06081607499982,0.2341949709382797,0.035425329435199056,1.4977332998182087,-0.05892161177009103,-0.01169204132356744,0.06675785613787795,0.028249531309122583,-0.17665968679769545,0.00045885054047377675,0.0,0.0,1.5,0.2368699565333016,10652.921686800397,10931.214380004281,10986.00436808937,10695.121055990927,0.0,0.0,0.0,0.0,0.0,0.0,nan,0,-0.004041193117881009,-0.00338009546965317,0.016405640682390255
11.071488373999273,0.24298032984234108,0.03337562285513185,1.5031241198799914,-0.040994821983325054,0.006079860506237182,0.044236425454014246,0.03117333980770552,-0.17556746669721843,-0.008657016918012243,0.0,0.0,1.5,0.24528174211768275,10652.921686800397,10931.214380004281,10986.00436808937,10695.121055990927,0.0,0.0,0.0,0.0,0.0,0.0,nan,0,0.005342090808282546,-0.005393832018383893,0.021589866541601443
11.08168815099998,0.21799473334639266,0.04338757385529069,1.4498071610054857,-0.08708340366665834,0.010083447567351989,0.04246269012157242,0.029640963636320777,-0.17835085004701925,-0.005593696700482209,0.0,0.0,1.5,0.22786730001942443,10625.203614802036,10906.009899947278,10960.268238959432,10669.38797963632,0.0,0.0,0.0,0.0,0.0,0.0,nan,0,-0.01887580511088119,0.004683543765986474,-0.031910110156464055
11.092799905999527,0.2551818589634133,0.032455579195271915,1.4500114285095818,-0.0807569621814413,-0.023467957544759766,-0.002139036659547168,0.0315415708163509,-0.17293630425648618,-0.006706225391232578,0.0,0.0,1.5,0.26204961943223,10611.853692144752,10884.095507503733,10930.204180759738,10646.831270114415,0.0,0.0,0.0,0.0,0.0,0.0,nan,0,0.01924682769669861,-0.006153873480912363,-0.03186241998280903
11.103193205000025,0.22984250650724597,0.040724678667262565,1.5059972613892394,-0.12068313718048182,-0.03332868206246454,0.010770595798787783,0.030336281598991665,-0.1746459880603904,-0.006503916210164954,0.0,0.0,1.5,0.23349955973032596,10676.431843845445,10933.11156366879,10989.689049164408,10720.60044352424,0.0,0.0,0.0,0.0,0.0,0.0,nan,0,-0.004989448085179371,0.002238956257544139,0.023985446167738456
11.113729493999926,0.23261153120398795,0.05697785519676883,1.4841731256201955,-0.10511026744693215,-0.0415137165725315,0.05003439906856885,0.030988915361268517,-0.16957574603529904,-0.0009134044998318808,0.0,0.0,1.5,0.24001060473346156,10685.136108000603,10940.095130386122,11003.609033272734,10734.538845886556,0.0,0.0,0.0,0.0,0.0,0.0,nan,0,-0.0009501161130454627,0.018644999486820767,0.002033763173993286
11.123557191000145,0.22203159541455084,0.025261058395970523,1.512907243029556,-0.16203461866088792,-0.049743043045359335,-0.020021587981080172,0.029887083321004752,-0.16876179675928366,-0.003569943340417372,0.0,0.0,1.5,0.223836429913094,10685.136108000603,10940.095130386122,11003.609033272734,10734.538845886556,0.0,0.0,0.0,0.0,0.0,0.0,nan,0,-0.010094912398903338,-0.0128901729879516,0.030653620096312117
11.13398069699997,0.24355723615406483,0.011311013511596288,1.4782854074409164,-0.15973257565202295,-0.039612514796226676,0.008487079970610371,0.029314282834535403,-0.1658713695008796,-0.0019943008036449796,0.0,0.0,1.5,0.24478478269629717,10655.269519865988,10911.792689185624,10984.270693660439,10718.638308951948,0.0,0.0,0.0,0.0,0.0,0.0,nan,0,0.013028382101018338,-0.02663020708851653,-0.0040675551237885355
11.144440283999757,0.21626111353768646,0.03150666266950204,1.465976782302869,-0.17241255354102836,-0.04579724729392119,0.08788032086868604,0.028581332511867407,-0.16392975026109036,0.0010556045491967527,0.0,0.0,1.5,0.2211766677649256,10671.386450830289,10921.701975837692,10998.30280654437,10744.174929004967,0.0,0.0,0.0,0.0,0.0,0.0,nan,0,-0.0125093808503422,-0.006196452345293639,-0.016462785595512175
11.155456595999567,0.2287672144106102,0.053305281587674905,1.5030885325140908,-0.22448287665742608,-0.058438935854360094,0.03638453432585913,0.03085447647991126,-0.1631608429890775,-0.0045116643174611965,0.0,0.0,1.5,0.234915794418813,10655.975281329927,10908.38457569423,10985.49168701332,10734.114508877117,0.0,0.0,0.0,0.0,0.0,0.0,nan,0,0.001913766831255742,0.015868024536922647,0.02057332347106433
11.165795652999805,0.22673542786503198,0.01563942916126999,1.4848319032878448,-0.23122298003459196,-0.0156764367298275,0.06521147905748241,0.02906376700510446,-0.15945538919648644,-0.0015552904372312772,0.0,0.0,1.5,0.22777975579822451,10626.929782891586,10888.34483415699,10963.575216492552,10702.118265165638,0.0,0.0,0.0,0.0,0.0,0.0,nan,0,0.00195457117318501,-0.021504773516955584,0.0022563161462001435
11.175942062000104,0.22655781197684513,0.010779865741891121,1.4754794208777313,-0.20570487970800183,-0.03920718755256749,0.02494610581370535,0.0244925433961299,-0.15240249948494158,-0.003838107840306381,0.0,0.0,1.5,0.22813571941640384,10607.838148865361,10872.694768161204,10936.780916698883,10675.762310161075,0.0,0.0,0.0,0.0,0.0,0.0,nan,0,0.00400190926959304,-0.026044665065965884,-0.007137448978149941
11.186371540999971,0.22486851780504116,0.03975510600448003,1.4614462034054927,-0.21332989539040442,-0.0318697148173082,0.08101700243163173,0.029131320449532372,-0.1509038088736035,-0.0005977177473492784,0.0,0.0,1.5,0.23158737872585847,10607.838148865361,10872.694768161204,10936.780916698883,10675.762310161075,0.0,0.0,0.0,0.0,0.0,0.0,nan,0,0.004687320782496895,0.0032763721648440478,-0.02119339603943393
11.196833768000033,0.21879757834829894,0.041422700860924956,1.4730956233737644,-0.26416182613561595,-0.011404985309713485,-0.011156545533863946,0.02487227903971391,-0.1486240760654089,-0.003030493996219386,0.0,0.0,1.5,0.2243035129447152,10647.113604715196,10872.042720234673,10919.018921505904,10699.927701248545,0.0,0.0,0.0,0.0,0.0,0.0,nan,0,0.0011382185494396846,0.005315384953386328,-0.009549455251147476
11.207134346999737,0.21321326562773055,0.021968173669981002,1.4532005707226396,-0.2575910083392802,-0.038338506855549084,0.08754022388354461,0.023647605554164456,-0.14352688477255773,-0.0016530180984677257,0.0,0.0,1.5,0.21939162216165478,10647.113604715196,10872.042720234673,10919.018921505904,10699.927701248545,0.0,0.0,0.0,0.0,0.0,0.0,nan,0,-0.0017794784423992571,-0.013742568876335258,-0.029436672800151387
11.217913798999689,0.20995618559682427,0.03360494538872052,1.4682812955323676,-0.27032079494748856,-0.0453401639349964,0.07095554250623785,0.025466797344156637,-0.14260873011037292,-0.005633942694714199,0.0,0.0,1.5,0.21498132113756305,10708.22666688474,10926.4618336808,10953.060439414801,10738.640289556939,0.0,0.0,0.0,0.0,0.0,0.0,nan,0,-0.0022277950827727933,-0.0016845826723265317,-0.014337712784241674
11.228177435999896,0.19788149844931024,0.037151207054393495,1.4868660904267177,-0.2787970968808576,-0.042683071101839776,0.07417439705243684,0.0258904759180552,-0.14585252166939902,-0.003979240802591252,0.0,0.0,1.5,0.20176669495935634,10685.421101645965,10888.393291361355,10914.913658998741,10713.20773523226,0.0,0.0,0.0,0.0,0.0,0.0,nan,0,-0.01135508972587948,0.0023068710858203667,0.004278037550927261
11.238772959999551,0.22710337555752386,0.024861924960910886,1.47335296846945,-0.3073602740682186,-0.0662860224575958,0.02458906930573831,0.020860292171099235,-0.13809061199609768,0.003619724626052355,0.0,0.0,1.5,0.23000896241619329,10685.421101645965,10888.393291361355,10914.913658998741,10713.20773523226,0.0,0.0,0.0,0.0,0.0,0.0,nan,0,0.02094901984319572,-0.009513946584108111,-0.009187787553522675
11.249054496999634,0.19246463612299244,0.043201167769551546,1.4847791139755628,-0.3263787105611459,-0.051430016073563005,0.031551580157331956,0.026108533825629433,-0.13433199389850659,-0.009815464222681692,0.0,0.0,1.5,0.19783996670535944,10686.65869845954,10880.240721155287,10907.033351753464,10719.39598180821,0.0,0.0,0.0,0.0,0.0,0.0,nan,0,-0.01047595011014335,0.009316416781704438,0.002301497689904064
11.259557362999658,0.20909857574942595,0.02966440627531941,1.4653983810150264,-0.3562520688332328,-0.01751233535653183,0.04265301077481924,0.022661904404000306,-0.12697857539934662,0.0001544205063522708,0.0,0.0,1.5,0.21400809194160605,10686.65869845954,10880.240721155287,10907.033351753464,10719.39598180821,0.0,0.0,0.0,0.0,0.0,0.0,nan,0,0.0095002698435806,-0.003707132727386722,-0.017003509938208206
11.270131719999881,0.18675928685531326,0.03904382935285691,1.4881458570960688,-0.34090089489099823,-0.05845702423254152,-0.004286437615811218,0.019592424429650975,-0.12474310889086754,-0.0035079482725319257,0.0,0.0,1.5,0.19116477850594502,10718.914224764832,10902.328067833392,10914.083952174355,10730.547459435684,0.0,0.0,0.0,0.0,0.0,0.0,nan,0,-0.009371519467628486,0.006206986494517695,0.005830134575111723
11.280588141999942,0.19254677186975308,0.041028048680647515,1.5022039608599924,-0.35509140608444506,-0.027354969176046982,0.03828774739652834,0.024314862319961758,-0.12350291708382594,-0.009609737048991315,0.0,0.0,1.5,0.1968817350072797,10747.624518365497,10917.684928429417,10927.863252950825,10756.439499704196,0.0,0.0,0.0,0.0,0.0,0.0,nan,0,5.4823681571725125e-06,0.008746801353239401,0.019981163391603385
11.29105911499937,0.19411173069318133,0.027431665203920402,1.47617773464771,-0.37615586023906095,-0.08886870912378897,0.05552975223287445,0.023036558044520556,-0.11918429258520272,0.0018816515257640666,0.0,0.0,1.5,0.19748255764769973,10729.550544224778,10890.62268845924,10893.99623541679,10725.773462705141,0.0,0.0,0.0,0.0,0.0,0.0,nan,0,0.0052781728357468305,-0.0042737641424175285,-0.005945083731218714
11.301570515000094,0.18954594451537568,0.018327112928381753,1.48393584745274,-0.37274396243041674,-0.05581510132858749,0.08058854494394393,0.022310391853102587,-0.11463329190538567,-0.00434247113829994,0.0,0.0,1.5,0.1911062666360713,10729.550544224778,10890.62268845924,10893.99623541679,10725.773462705141,0.0,0.0,0.0,0.0,0.0,0.0,nan,0,0.0045341800147906675,-0.012783000213277159,0.0019225877622133236
11.3122395219998,0.1754670024921476,0.03171062757166142,1.5003281371593913,-0.35448398486444005,-0.08710627715197197,0.035852920221355895,0.01939279531096708,-0.112328975051193,-0.0021318563850535,0.0,0.0,1.5,0.1783096759532789,10685.439555640727,10834.553998334446,10861.255101562425,10711.387281174217,0.0,0.0,0.0,0.0,0.0,0.0,nan,0,-0.005613160549267832,0.0012145967820136258,0.018436950639400873
11.322691072999987,0.18145953823186614,0.02296913759624277,1.4763945903923306,-0.3944901484838869,-0.03281236843877199,0.06990279808478154,0.01692991382642718,-0.11143787694781589,-0.0019804302840227255,0.0,0.0,1.5,0.1844244036454587,10685.128492377704,10816.172194622717,10849.694675781733,10717.415234956246,0.0,0.0,0.0,0.0,0.0,0.0,nan,0,0.004416503582206688,-0.0068947794757688585,-0.005359301756128643
11.332894240999849,0.1910675842841679,0.014815375837466054,1.4949989602289266,-0.4295561886129598,-0.045505155062984866,0.016088505847331683,0.015485512635598024,-0.10116135563059886,-0.0026097336409898167,0.0,0.0,1.5,0.19170635754764326,10689.475711262197,10818.673890957456,10834.991181646234,10704.777784665532,0.0,0.0,0.0,0.0,0.0,0.0,nan,0,0.018163113711934464,-0.01439910113276762,0.013398138997663844
11.343745430999661,0.15752222234081176,0.047998914002683496,1.4883735244491338,-0.4206237053370746,-0.06339895103744378,-0.013743358843844799,0.018602191417529525,-0.09625624226886208,-0.0056889719049531195,0.0,0.0,1.5,0.1650827707859304,10715.63600453316,10835.279728894418,10845.24498802061,10723.778648330066,0.0,0.0,0.0,0.0,0.0,0.0,nan,0,-0.011146166627950177,0.019450527312748923,0.006939872092397437
11.353879825999684,0.15064162962089953,0.03383967979935957,1.505854176884422,-0.446347537702705,-0.08254517420217004,0.04735033294223734,0.017414020795510007,-0.09072852751796953,0.0038438088846371944,0.0,0.0,1.5,0.15450662086382436,10762.338134831676,10872.257811421361,10876.011729943919,10763.524005328734,0.0,0.0,0.0,0.0,0.0,0.0,nan,0,-0.013696762688410191,0.005973415687748177,0.02459620488474079
11.364371027999368,0.15835012365694223,0.017464302218892308,1.4676464332115307,-0.42654448533537787,-0.09941604632579767,0.05058274242225501,0.013248483378288763,-0.08918915870903045,0.003187700860240198,0.0,0.0,1.5,0.16256234741814493,10762.338134831676,10872.257811421361,10876.011729943919,10763.524005328734,0.0,0.0,0.0,0.0,0.0,0.0,nan,0,-0.0015685052937908783,-0.00970451073045064,-0.013428119313921183
11.374993970000105,0.1748594969049685,0.02978872074931884,1.4712675444938323,-0.4299707624570642,-0.103016289053364,0.003507019656074059,0.011194393287645725,-0.08624095888360424,0.0013711644590567052,0.0,0.0,1.5,0.1796907497373014,10734.658374348433,10839.013073902306,10855.807923658565,10761.70482873811,0.0,0.0,0.0,0.0,0.0,0.0,nan,0,0.019445994236026554,0.003331946781275151,-0.009614540893854384
11.385394657999313,0.16909880079736322,0.027438245981721166,1.4856896731023654,-0.4370952610904532,-0.06672335638854617,0.014553957494346131,0.013038922765832954,-0.0811285248142465,-0.004399498292274071,0.0,0.0,1.5,0.17190708894509538,10782.286341733736,10864.649713175655,10883.672291747782,10813.019861706673,0.0,0.0,0.0,0.0,0.0,0.0,nan,0,0.018271882629086716,0.0017074442306585606,0.005004197266706978
11.395724422000058,0.13446935208368263,0.024660249286566023,1.479113178841975,-0.4648431449683122,-0.05789424339512618,0.011967936391765157,0.014430946010832219,-0.0779480336514137,-0.005524234486166018,0.0,0.0,1.5,0.1382982062167413,10782.286341733736,10864.649713175655,10883.672291747782,10813.019861706673,0.0,0.0,0.0,0.0,0.0,0.0,nan,0,-0.011693557904408458,-0.0003313279472612757,-0.0013757689545754737
11.406679762999374,0.12909163906965293,0.01682255764628618,1.482166044507933,-0.4865239586616762,-0.05221155375990217,-0.011019258487090539,0.01435452911251872,-0.07395225309523057,-0.005723780845166554,0.0,0.0,1.5,0.13139900947855426,10816.978679351527,10882.657463044843,10888.340215138407,10823.855725862397,0.0,0.0,0.0,0.0,0.0,0.0,nan,0,-0.012334119751765238,-0.0074172698097876265,0.0018716268343603737
11.416720999000063,0.15132299178679687,0.029789661333619502,1.4698402561057369,-0.48917111524401063,-0.06424221115404559,0.03285525664728066,0.011759246973010836,-0.06910828629652184,-0.0034056802007232695,0.0,0.0,1.5,0.1571485982038856,10816.978679351527,10882.657463044843,10888.340215138407,10823.855725862397,0.0,0.0,0.0,0.0,0.0,0.0,nan,0,0.014703303926149769,0.006313391843704771,-0.01026492704495241
11.427414916000089,0.14592543413088133,0.023005652546987835,1.4983519647613899,-0.4712653434242416,-0.08848775867942463,0.016231582678218746,0.010289039947775412,-0.06510671234736216,-0.00010551162538740258,0.0,0.0,1.5,0.14773695676961338,10841.921073586867,10905.472583718818,10900.409401306748,10835.15033065769,0.0,0.0,0.0,0.0,0.0,0.0,nan,0,0.014176361952313032,0.0003040106381311074,0.018428880948258453
11.438268044999859,0.12536182515099661,0.028218668167333035,1.494363814406256,-0.4793556347720288,-0.06216869525333434,-0.01925224921103284,0.008635407390301511,-0.0602488142158835,-0.0040791900939027795,0.0,0.0,1.5,0.12862210939948943,10827.33925415519,10878.571838192816,10878.47609598284,10827.09077743177,0.0,0.0,0.0,0.0,0.0,0.0,nan,0,-0.0014567286235941945,0.006301946691360225,0.014617377775580476
11.448362457999792,0.12469437235726234,0.020567029412850924,1.4880615716735361,-0.5205405404814342,-0.07029398407584322,0.015951474768303518,0.006760639514309159,-0.05254324140634094,-0.0032664445063520305,0.0,0.0,1.5,0.1269417790459342,10853.279533485113,10891.456441604094,10884.400600542753,10842.425703189536,0.0,0.0,0.0,0.0,0.0,0.0,nan,0,0.002861693516326036,-0.0005552322634816836,0.008486187353603958
11.459014121999644,0.1259677440001925,0.029600381485851382,1.4434605226374968,-0.5080305353297787,-0.07221262326781079,0.03560206721577747,0.011027447488961376,-0.051199548622990136,-0.008671595127860693,0.0,0.0,1.5,0.14121178284063612,10845.965547705744,10884.722348773852,10877.263121686143,10831.33686909847,0.0,0.0,0.0,0.0,0.0,0.0,nan,0,0.00917177502059055,0.00928137649581227,-0.03595020692480788
11.46922788899974,0.11218531629768982,0.03171540793003334,1.492726633285517,-0.5247133896115066,-0.11536266418026381,-0.01812791024549671,0.008779592561982737,-0.04630120711125796,0.0017283799899064413,0.0,0.0,1.5,0.11680887875647332,10872.924502971744,10900.925390584016,10897.233471670419,10855.987609867476,0.0,0.0,0.0,0.0,0.0,0.0,nan,0,0.00047238440634651824,0.012207725536969832,0.013472546832205223
11.479700849999972,0.1076003579175764,0.001366684195054653,1.4861708994637401,-0.5172284234832806,-0.06425664817351234,-0.015427041834409478,0.0047583756872057546,-0.03772775979014331,-0.00408242276906411,0.0,0.0,1.5,0.10849400384962084,10872.924502971744,10900.925390584016,10897.233471670419,10855.987609867476,0.0,0.0,0.0,0.0,0.0,0.0,nan,0,0.0010123134633422681,-0.017322326239696782,0.007062651231983352
11.49028530599935,0.09147008169519008,0.005880654069419457,1.4942954023681154,-0.5149489800718421,-0.08207034407408594,-0.010881868437474414,0.008321233844934738,-0.03547565489610088,-0.0005346773609262545,0.0,0.0,1.5,0.09183626936973557,10887.17993202129,10907.775479283242,10908.863006453957,10884.47988695578,0.0,0.0,0.0,0.0,0.0,0.0,nan,0,-0.009955787179820888,-0.011983061169382294,0.015320592962332347
11.500878811999428,0.1176434695871592,0.0015761972971535636,1.4771799903264207,-0.49760623539948,-0.07784338122993559,0.060229483948063586,0.00363843472636588,-0.030537818425834293,0.005018963943220552,0.0,0.0,1.5,0.11984666526827795,10880.627461210272,10898.060049799811,10902.565925906594,10886.322825073763,0.0,0.0,0.0,0.0,0.0,0.0,nan,0,0.021412440439112834,-0.015456334413890212,-0.0016741867172738178
11.511434482999903,0.08950020794077962,0.004356436412611735,1.4444076019593326,-0.5488295142251105,-0.0953556640472784,-0.034573251391071314,0.003845561695409879,-0.02673178701406121,-0.007657181062687013,0.0,0.0,1.5,0.10545036974601806,10850.46154915598,10853.455116565277,10854.027514445736,10858.430414029996,0.0,0.0,0.0,0.0,0.0,0.0,nan,0,-0.001508077503158664,-0.01183978275325252,-0.03433486073146663
11.52177027200014,0.08446857200559327,0.043426687855520396,1.4935027541678525,-0.5510337587688338,-0.08415409856536268,-0.020200332705585994,0.004166027743104165,-0.019699673477185563,-0.008036800667673387,0.0,0.0,1.5,0.09519995314162846,10850.46154915598,10853.455116565277,10854.027514445736,10858.430414029996,0.0,0.0,0.0,0.0,0.0,0.0,nan,0,-0.0012937819567250541,0.028071156355596854,0.01486645297085909
11.532568824000009,0.07664285322570075,0.019952653608881224,1.4611466964752071,-0.5152535586675643,-0.05401658578444908,0.0004155154480193215,0.0033128514714901966,-0.01784956763406285,0.0019792480963158558,0.0,0.0,1.5,0.08821459364187986,10892.846367837607,10885.34064073282,10878.1245646168,10883.783682311874,0.0,0.0,0.0,0.0,0.0,0.0,nan,0,-0.0038548580307881386,0.0054414724841082285,-0.01739441024593158
11.543059491999884,0.08458285938143875,0.017105070568668827,1.4541528635894396,-0.5556903843614361,-0.08385259306300437,-0.013728526757643399,0.00411296331924698,-0.01650296825254761,-0.003673083516938137,0.0,0.0,1.5,0.09771797919189648,10922.196954266334,10906.381620242015,10884.898579043598,10904.932059039022,0.0,0.0,0.0,0.0,0.0,0.0,nan,0,0.009363934324336895,0.003441173883375266,-0.02430648813339098
11.553571090999867,0.08922149307846423,0.019130304047458597,1.4798384062069796,-0.5335592081430554,-0.06152297609174188,0.02613050134006423,0.001218706809860596,-0.009374868367578053,0.001681671056572598,0.0,0.0,1.5,0.09345016438922625,10952.520779712853,10934.135296755838,10917.508316980458,10935.744647063673,0.0,0.0,0.0,0.0,0.0,0.0,nan,0,0.01929094874158767,0.006315907842808943,0.0014427011699231773
11.563714199999595,0.07035075054392259,0.016040032126391005,1.4755776927157278,-0.5233730179026422,-0.07006255902647714,0.028142845394402802,0.0012792124778456193,1.1718610981343181e-05,-0.00074549947903701,0.0,0.0,1.5,0.07617716078849548,10952.520779712853,10934.135296755838,10917.508316980458,10935.744647063673,0.0,0.0,0.0,0.0,0.0,0.0,nan,0,0.005713576936901013,0.00407663025331882,-0.0027722482186667285
11.574329252999632,0.0554176439866127,0.006757682936359531,1.4859791768891386,-0.5322581101661595,-0.06198017528016549,-0.0034169923414952797,0.00023800654088008573,0.0012993442901005976,-0.0007763940578027705,0.0,0.0,1.5,0.057561836527350134,10916.004140203584,10875.598963161552,10850.128743339936,10893.081408144482,0.0,0.0,0.0,0.0,0.0,0.0,nan,0,-0.003925771812701623,-0.004353947123958323,0.0076617453354468346
11.584717302000172,0.06503935914517064,0.006150130538171885,1.4627271754054607,-0.5750480284237367,-0.068434767730614,-0.033497125556407,-0.0011279137594446998,0.008303937431049393,-0.003603828805439363,0.0,0.0,1.5,0.07521439886688147,10914.908888247732,10874.340437509776,10843.744033155628,10891.949391911692,0.0,0.0,0.0,0.0,0.0,0.0,nan,0,0.010985549109393006,-0.00410964510695773,-0.015568969314066594
11.595224716999837,0.051446420432195945,0.019230209441485718,1.484742319978084,-0.5537962885572644,-0.07714954095756667,-0.020603347323557796,-0.00393400495469044,0.008021761282080792,-0.002999634064428995,0.0,0.0,1.5,0.05700291159318836,10955.494684553643,10913.45729225778,10883.958841054447,10931.185186443805,0.0,0.0,0.0,0.0,0.0,0.0,nan,0,0.0026735371825495624,0.009821692155224113,0.006452694241984025
11.605605160999403,0.03159663694960005,0.010008041142768615,1.465569724265334,-0.5133216820295557,-0.06238159874678411,0.02062028036102216,-0.001008960802939805,0.012084842089037564,-0.007297500665123813,0.0,0.0,1.5,0.047790712917943665,10969.263121988428,10925.945648582881,10896.133038007203,10943.35771279283,0.0,0.0,0.0,0.0,0.0,0.0,nan,0,-0.01190853947880463,0.0014495176602899954,-0.012733581613528333
11.616027048999968,0.04937116282151102,0.007334442414447122,1.510870468544886,-0.5035797025256581,-0.09972749249283461,-0.028023481200276562,-0.0005152816028856337,0.018785651859882114,-0.0005151875560631648,0.0,0.0,1.5,0.05108299962085574,10959.993491482448,10904.687718039278,10876.356503220884,10931.44652216304,0.0,0.0,0.0,0.0,0.0,0.0,nan,0,0.011116014874084278,-0.00037600177976074463,0.03253450992380147
11.626728599999296,0.04280782317761138,0.011414791935199363,1.4438425696422723,-0.5154133031176235,-0.06655838198294627,-0.02784413894778322,-0.0010099676176868726,0.024054022194699005,-0.006071228357600049,0.0,0.0,1.5,0.07152946375104856,10941.551519398861,10867.59832024036,10853.114687904574,10928.917179887914,0.0,0.0,0.0,0.0,0.0,0.0,nan,0,0.009780651687581868,0.004549884279962558,-0.03454163140153943
11.636973769000178,0.041454951737369385,-0.0028295180802385446,1.5047669863668136,-0.4882040874951511,-0.11317113406928048,0.023917452944345156,-0.006387867931046249,0.029951180030810463,-0.0024024564083826435,0.0,0.0,1.5,0.041823956713053924,10941.551519398861,10867.59832024036,10853.114687904574,10928.917179887914,0.0,0.0,0.0,0.0,0.0,0.0,nan,0,0.013629253222577156,-0.008852061205368569,0.026316383712724045
11.647450931999629,0.035701140848144894,0.006649829317798036,1.4893490547743096,-0.5213986037873208,-0.0921540022847198,-0.025516120352609865,-0.00211738211511323,0.03017446005530641,0.0009514358394507008,0.0,0.0,1.5,0.03784487180603977,10940.363962157704,10829.766902954665,10829.593355390889,10937.369247746243,0.0,0.0,0.0,0.0,0.0,0.0,nan,0,0.01304612934675968,0.001465872165616544,0.010815650879007599
11.65795207500014,0.032840164193948806,0.017791860198102926,1.4663943191956343,-0.46496193726593993,-0.07315609423112165,-0.052908517052101686,-0.004176035086362388,0.035519600933753524,0.0007512870303558298,0.0,0.0,1.5,0.05024309361414031,10942.330328532093,10834.903860117774,10836.317801727237,10947.949810784748,0.0,0.0,0.0,0.0,0.0,0.0,nan,0,0.015320929818321446,0.01344212112826986,-0.012233455901775603
11.66854615200009,0.01252109862058322,0.009161643843299982,1.4728816773363096,-0.5142640091825817,-0.0985869026754747,0.032697534162088114,-0.004569812945745989,0.0443919488081783,-0.006339429199492465,0.0,0.0,1.5,0.03124287202979061,11003.116600203328,10871.992902812985,10862.825050926927,10999.607579442516,0.0,0.0,0.0,0.0,0.0,0.0,nan,0,9.837063300420675e-05,0.005641129196669885,-0.005856609965511517
11.678856615999393,0.018954447189302517,-0.005922229531269035,1.5068094765046123,-0.48113817710344703,-0.06339268775567077,0.003008380876139955,-0.0075769679593681505,0.045219695433753426,-0.001705092855035516,0.0,0.0,1.5,0.02099316177091864,10963.86495077245,10835.550714164618,10834.555273501514,10962.511245589447,0.0,0.0,0.0,0.0,0.0,0.0,nan,0,0.011584812433605972,-0.008619119685900047,0.027944206947113637
11.689567251999506,-0.002085559651326743,-0.004400800820252999,1.4518509710884604,-0.5313035470690883,-0.053343260965350116,-0.018603637260923452,-0.007869297765444724,0.04921873827498142,-0.003602577342914945,0.0,0.0,1.5,0.04839468557644588,10934.608185983738,10798.95846671139,10790.645949827483,10927.15935854972,0.0,0.0,0.0,0.0,0.0,0.0,nan,0,-0.004449273166356705,-0.006280230764542264,-0.02715103621152104
11.69988521599953,-0.018617145352933694,0.011093604432790567,1.483611879855589,-0.4869864548159903,-0.0752489794583983,-0.042451669736678216,-0.006598979690646853,0.05213264658576376,-0.003392030311831203,0.0,0.0,1.5,0.02717051052650904,10974.037334630679,10849.873047991829,10831.636363843869,10955.073262547325,0.0,0.0,0.0,0.0,0.0,0.0,nan,0,-0.016026094521597315,0.01002487075928673,0.004462965656481632
11.710557823999807,-0.007259251944292674,-0.002734274563858473,1.4487038917544905,-0.48224882078647374,-0.05855635997110572,0.02203217354298691,-0.009115914979661015,0.05779141427127272,0.003608448002772157,0.0,0.0,1.5,0.05187931878230769,10991.378346406578,10866.862753226616,10846.389218930584,10969.81635328179,0.0,0.0,0.0,0.0,0.0,0.0,nan,0,0.00023127055789989078,-0.0029996975531917758,-0.030606879633443107
11.720744771999307,-0.005260031908914068,-0.0009643575638329318,1.4908628044807282,-0.48347452899161536,-0.08860669117461394,-0.02421278242846518,-0.007614067784571288,0.05848567867349996,0.002720420183720048,0.0,0.0,1.5,0.010587080010612806,10991.378346406578,10866.862753226616,10846.389218930584,10969.81635328179,0.0,0.0,0.0,0.0,0.0,0.0,nan,0,0.0070707855240695954,-0.0004344425739227205,0.011374260889644106
11.730957609000143,-0.02007964986370353,0.0024027239230289257,1.497179291801978,-0.47818473843063286,-0.07192067961643547,-0.03859028485788962,-0.011049877488717875,0.0662075913791995,0.004271169102253109,0.0,0.0,1.5,0.020418663414572793,10993.308190700815,10865.283902917856,10836.269007891811,10970.738609368775,0.0,0.0,0.0,0.0,0.0,0.0,nan,0,-0.002971398012068735,0.003719447016937117,0.017498311365313768
11.742056594000132,-0.0027279899099964845,-0.0022309089141391483,1.4843562333593623,-0.48308385105786283,-0.1140408458732732,0.0003703590791876467,-0.005657804996323797,0.06930557348457515,0.0038315727594929435,0.0,0.0,1.5,0.01603578243301391,10978.230280671598,10850.22791760668,10823.455193304588,10967.26808678003,0.0,0.0,0.0,0.0,0.0,0.0,nan,0,0.019091238747394487,-0.00013645142012189224,0.004469430066226465
11.752062554999611,-0.016979076619106217,0.004912684348330271,1.5037935942704497,-0.48394935174657683,-0.05227904555276747,-0.005456992676536111,-0.009280853592893145,0.07254042235738836,0.0029988295352733232,0.0,0.0,1.5,0.01807802167917157,10978.230280671598,10850.22791760668,10823.455193304588,10967.26808678003,0.0,0.0,0.0,0.0,0.0,0.0,nan,0,0.009481229471752953,0.00777527927523,0.02368983754468834
11.762846370999796,-0.034621911785431225,-0.009786098561730818,1.492745167857952,-0.4540812794753883,-0.08161618771386202,0.06438005258206747,-0.011474137712551551,0.0766312245852511,0.004905792491654376,0.0,0.0,1.5,0.03670254882358151,10928.467842707998,10802.656434772112,10777.083797835687,10927.310993717963,0.0,0.0,0.0,0.0,0.0,0.0,nan,0,-0.003593616313288344,-0.006165457155269033,0.012417792662033023
11.773164186999566,-0.022529503062393694,-0.010615935423029979,1.4848499893949554,-0.4581470347550639,-0.06192330556306274,-0.03221164580774162,-0.01226618723403678,0.0777095823499189,-0.006332746271090884,0.0,0.0,1.5,0.029151319257922338,10867.306819521538,10741.73264126465,10718.79930815087,10873.461117657682,0.0,0.0,0.0,0.0,0.0,0.0,nan,0,0.012990895720678429,-0.006247784979534835,0.004300501466280249
11.783527753999806,-0.05725089798222825,-0.015191051370315567,1.4517910130742866,-0.4288501740572916,-0.028899541184123915,-0.03415677407125562,-0.013588465502463138,0.07837019524407521,-0.0017888335890272973,0.0,0.0,1.5,0.07637106639238894,10910.136239300202,10772.08145440037,10748.142959945519,10902.40588650861,0.0,0.0,0.0,0.0,0.0,0.0,nan,0,-0.017317420837959764,-0.010086427065762404,-0.028976843207566993
11.793995828999869,-0.05420634200712002,-0.013743844016884985,1.4491976064390133,-0.42211630571030484,-0.075947958819598,-0.02096853737006242,-0.011098488786319699,0.08098530458350064,0.002038624699440644,0.0,0.0,1.5,0.07555199503440471,10910.136239300202,10772.08145440037,10748.142959945519,10902.40588650861,0.0,0.0,0.0,0.0,0.0,0.0,nan,0,-0.009942685012690154,-0.007914384830656566,-0.03179283251649423
11.804518461999578,-0.057828927807017885,0.008339938172572758,1.4651782003460547,-0.43130705132580105,-0.07838510174526679,0.023357886308852792,-0.012011200508082619,0.08860262914604454,-0.005395437768224993,0.0,0.0,1.5,0.06801688901420827,10979.12413981094,10832.868992910084,10795.511328855033,10952.921357622961,0.0,0.0,0.0,0.0,0.0,0.0,nan,0,-0.009321819602519169,0.014881996105242134,-0.01604689667835224
11.815173408999726,-0.04180788117401957,-0.007326245985629,1.4956125626224548,-0.4011228468160098,-0.07934419984691922,0.007580027392368803,-0.01664576648370223,0.09263047809054491,-0.0015434617584982801,0.0,0.0,1.5,0.04267109578209547,11010.866346624027,10860.694866315844,10829.456597634704,10993.711891455703,0.0,0.0,0.0,0.0,0.0,0.0,nan,0,0.010852812059446194,-8.432264469560458e-05,0.014140263787887353
11.82573467400016,-0.06964452994597786,-0.022763844653348377,1.4819498517804257,-0.4020624548729632,-0.05636261322578368,-0.044131314494807755,-0.011628096107029329,0.08938363771311454,-0.003431787170125868,0.0,0.0,1.5,0.07546099009121592,10961.992371977449,10793.21275758015,10765.019189603794,10942.78433967302,0.0,0.0,0.0,0.0,0.0,0.0,nan,0,-0.01292261845961145,-0.014835194881787485,0.00022339680164207287
11.835926755999935,-0.06108417554710403,-0.019173275047211783,1.4803342613514636,-0.39508781317267605,-0.09574199174737741,-0.04737836665804404,-0.01053881679531959,0.09739923667536318,0.002004826667609601,0.0,0.0,1.5,0.06697486285837392,10984.635043454819,10817.231760400738,10795.99703441107,10968.757510643376,0.0,0.0,0.0,0.0,0.0,0.0,nan,0,-0.00039623664982203766,-0.010571488544761911,-0.0016524353514471013
11.846428781999748,-0.059093366986381714,0.00305061394819388,1.48227633697993,-0.41693215315782034,-0.04686001765751935,-0.013644830992452193,-0.014826773708034053,0.09826514908392316,-0.0006247670247022586,0.0,0.0,1.5,0.061769413936810964,10999.058448598005,10828.020335578916,10819.47000664236,11002.191134471877,0.0,0.0,0.0,0.0,0.0,0.0,nan,0,0.005462224861570948,0.012311443498527138,1.9396471907295876e-05
11.857412985999872,-0.05893014076900659,-0.010984215520942583,1.4936865951062712,-0.3774242404034063,-0.06392045267734744,0.018721767594926653,-0.015419852132933705,0.10389591458459109,-0.007816860872105433,0.0,0.0,1.5,0.060276641935476195,11000.58732799946,10832.355034746202,10818.375370400412,11000.033382188474,0.0,0.0,0.0,0.0,0.0,0.0,nan,0,0.009391788034373981,-0.0010789143460749537,0.011147144449610291
11.867576134999581,-0.061610182070765226,0.01826764178860479,1.4827122834636155,-0.38099161183660474,-0.04173482470286866,-0.02562139768875695,-0.018438244803714615,0.10694474815769467,0.00013670327063178357,0.0,0.0,1.5,0.06654612245917867,10962.964386337075,10783.874318557511,10768.88418754255,10954.509323591505,0.0,0.0,0.0,0.0,0.0,0.0,nan,0,0.010374682153142495,0.028802475790591916,-0.00011674666566729996
11.87802102600017,-0.07965871621232791,-0.0037956934372432322,1.4823980816465174,-0.3316770663038033,-0.07809564003896648,-0.047150102230301354,-0.019658932203262345,0.10484367219080731,-0.006062325974436509,0.0,0.0,1.5,0.08166851221240896,10985.913162139348,10801.920655804954,10762.638523273637,10952.056485243245,0.0,0.0,0.0,0.0,0.0,0.0,nan,0,-0.004116466492991286,0.007353349909561461,-0.0007241562482565023
11.88843624799938,-0.0709382908198591,-0.007679334439963581,1.4904435073470046,-0.339588409768619,-0.0599349274865957,-0.021719666252363774,-0.015953381281953786,0.11047952701343376,0.002663926009910678,0.0,0.0,1.5,0.07198985924219099,11013.368021926712,10817.575335284153,10784.315884959524,10979.89357369781,0.0,0.0,0.0,0.0,0.0,0.0,nan,0,0.008053114751775267,0.004068132057435107,0.0070218063289637644
11.89902048499971,-0.10433184170847981,-0.014582304827612438,1.4999740371566954,-0.3329932319961604,-0.020331057292249013,-0.010431732955406904,-0.015566530109207447,0.11233936564180334,-0.0013897852878578117,0.0,0.0,1.5,0.10534598939892267,11005.121341890954,10803.669854807766,10770.36525910949,10976.25083983527,0.0,0.0,0.0,0.0,0.0,0.0,nan,0,-0.022001893181259932,-0.002252617674595137,0.016245800169700564
11.909173733999523,-0.09961327959338878,-0.033851165376778534,1.4717266478849735,-0.28414252526597117,-0.06493372729561614,-0.048910558497911476,-0.01894146893205152,0.11447541679703653,-0.009549296987738988,0.0,0.0,1.5,0.10894076054689965,11005.121341890954,10803.669854807766,10770.36525910949,10976.25083983527,0.0,0.0,0.0,0.0,0.0,0.0,nan,0,-0.014057224559137244,-0.020955792512977696,-0.012311987073800434
11.919947432999834,-0.08835677119849772,-0.011155610495615862,1.4967887591325537,-0.28902431863757616,-0.0859182265979288,-0.0429169610489919,-0.021234641219191927,0.11266142633441895,-0.0014879783587495908,0.0,0.0,1.5,0.08911609691891992,11027.228178379366,10811.686401251682,10783.354676038789,10992.874403056145,0.0,0.0,0.0,0.0,0.0,0.0,nan,0,0.00031073219435054367,0.002288526269685299,0.012434529410317197
11.930508041999929,-0.0976250370879051,-0.019323982427627152,1.4768926628419725,-0.2648621172328863,-0.03608723850005486,-0.03702844964724696,-0.02026005901286683,0.11807198402366413,-0.003200555859534054,0.0,0.0,1.5,0.10216659529324076,11023.003575727818,10805.269236457994,10783.014983539788,10998.647311869994,0.0,0.0,0.0,0.0,0.0,0.0,nan,0,-0.005963030081747339,-0.005348396873571238,-0.007785227456633459
11.94085460199949,-0.09837543329900338,-0.0028458540768306687,1.4591287486194495,-0.2832735643676961,-0.05440138072730148,-0.029283765838643956,-0.021279339653069974,0.11727750656402287,-0.008412182277460946,0.0,0.0,1.5,0.10656586672854224,11046.152826352216,10818.016670451798,10785.879029853117,11013.95084093104,0.0,0.0,0.0,0.0,0.0,0.0,nan,0,-0.003837819051600383,0.011643518927050248,-0.0258818096230935
11.951191180000023,-0.1076019237527885,-0.009521448172029476,1.4875253183575354,-0.24458367564368338,-0.03747264893699585,0.02270013362096359,-0.01823215073047645,0.12361312987216655,-0.0031383308826420336,0.0,0.0,1.5,0.10874028532551491,11069.773737324618,10839.720898968757,10807.422103898156,11028.343325828693,0.0,0.0,0.0,0.0,0.0,0.0,nan,0,-0.010309662409500653,0.005463685316680894,0.0021702017566789245
11.961791066999467,-0.09000184364825922,0.007430695023338747,1.4867993083177513,-0.27943172503847064,-0.040819408931990556,0.015327439931813526,-0.02090441057959274,0.1223272776269425,0.0010642738059391645,0.0,0.0,1.5,0.09126776730864714,11027.313901022608,10791.298564375113,10754.632870917498,10981.099312424676,0.0,0.0,0.0,0.0,0.0,0.0,nan,0,0.009922873008821623,0.02289332066666635,0.0010906929388780906
11.972034400999291,-0.1015809238567363,-0.012428692678225564,1.4735312698860048,-0.2696130857217979,-0.07213520512439585,0.054030366362408586,-0.02081307782996241,0.12375716889422096,-0.003532936365563361,0.0,0.0,1.5,0.10570596088738493,10995.29996936136,10770.912819047711,10723.878107723764,10944.33533262025,0.0,0.0,0.0,0.0,0.0,0.0,nan,0,0.0008534795252260335,0.0034930164536655962,-0.012532619970916814
11.9825629019997,-0.1071110368747997,-0.029492985641740327,1.487272729346237,-0.23026212659170217,-0.0014472532539415578,0.03464136927924861,-0.017980846615767886,0.12480273562742528,-0.0029454543800661237,0.0,0.0,1.5,0.11182394126819505,10948.06852160415,10734.414056408577,10698.94740335433,10910.470264334366,0.0,0.0,0.0,0.0,0.0,0.0,nan,0,-0.00229027483096568,-0.013130732800979268,0.000857914442217167
11.992946636999477,-0.10907120005626664,-0.021882993635142026,1.4891465649335336,-0.23099729413903458,-0.03306980573846352,0.006886062170954418,-0.020176249100840843,0.1285957036041722,-0.002852828611198626,0.0,0.0,1.5,0.11177293565479887,10948.06852160415,10734.414056408577,10698.94740335433,10910.470264334366,0.0,0.0,0.0,0.0,0.0,0.0,nan,0,-0.0019879190957138165,-0.00509885500820834,0.002390604789946682
12.003471967999758,-0.11222590419744856,-0.022735072676632564,1.4675392343883173,-0.22719713498653268,-0.05072868712852096,0.020585124324122572,-0.018512800401222967,0.1304188875546279,3.6815499614792076e-05,0.0,0.0,1.5,0.11901780709895166,10927.619259022478,10712.549771685022,10673.151494776308,10885.766292027767,0.0,0.0,0.0,0.0,0.0,0.0,nan,0,-0.00300474600140338,-0.0055478635560176695,-0.019545956009488608
12.014147701999718,-0.10106303928168138,-0.013255292464741653,1.4890997020438526,-0.18245573252552003,-0.03290875359222957,-0.0049075009155531875,-0.019063383984315747,0.12678122625283675,-0.004700455014746576,0.0,0.0,1.5,0.10250979066757138,10931.71360494362,10719.713714187048,10688.212755728253,10901.85709531549,0.0,0.0,0.0,0.0,0.0,0.0,nan,0,0.010170285981427121,0.0043159790263969065,0.0016963123421995796
12.024581523999586,-0.1241433194803938,-0.022390171834423024,1.4614524834465399,-0.15554783388085303,-0.02626497525776557,0.0286463872363647,-0.022595050171888842,0.12602097918733035,-0.0022544523881846737,0.0,0.0,1.5,0.13190449044223398,10944.268850152808,10720.538492063986,10690.68137841906,10910.748222831422,0.0,0.0,0.0,0.0,0.0,0.0,nan,0,-0.011024555702819988,-0.0044540297187655,-0.02625945634759108
12.03492506099974,-0.09839411339943135,-0.0021041111391248007,1.4960580102743137,-0.18088827624057865,-0.013144117531175503,0.014624148336044997,-0.0212977764415131,0.13266179096788053,-0.007139406957202081,0.0,0.0,1.5,0.09849552334163904,10944.268850152808,10720.538492063986,10690.68137841906,10910.748222831422,0.0,0.0,0.0,0.0,0.0,0.0,nan,0,0.01648247466568524,0.016177545435000724,0.00804591835953472
12.045533536999756,-0.13013001584021633,-0.009898021186619244,1.512649444055775,-0.1835086009273581,-0.04841909801864484,0.023138586840277208,-0.021760488107813877,0.13040591443316546,4.153658049206998e-05,0.0,0.0,1.5,0.1311175056234136,10946.818239432105,10710.288971240529,10670.428536158473,10895.186105797397,0.0,0.0,0.0,0.0,0.0,0.0,nan,0,-0.01362366698102431,0.00870969526457769,0.02434675900759964
12.055922466999618,-0.1254235861156385,-0.008377856710494049,1.4849767254419382,-0.16099083161978092,-0.024828676958867344,-0.011482431583813445,-0.01847868467342035,0.13143412405023872,-0.002401895559362588,0.0,0.0,1.5,0.12659764300971588,10897.491542354122,10683.999517651924,10649.080755277471,10859.277896235628,0.0,0.0,0.0,0.0,0.0,0.0,nan,0,-0.007415378465027864,0.010536462385098252,-0.003602136700118219
12.066727812999488,-0.11437252920814632,-0.011815357460325915,1.541563183995907,-0.15611339050506723,-0.02020438435791157,-0.03563861385808032,-0.017439858404335894,0.13116872099340435,-0.006280129360346141,0.0,0.0,1.5,0.1222627350146445,10920.804883947307,10713.295657903202,10679.350301277822,10882.490439572417,0.0,0.0,0.0,0.0,0.0,0.0,nan,0,0.005009336610363027,0.007386038385972599,0.05272299908131228
12.077191599999423,-0.11757209964277722,-0.030279698977781253,1.5001670906572764,-0.1514151232302726,-0.00840230285165382,0.009090388102652504,-0.020600191154479232,0.13288986226364394,-0.008396383816146366,0.0,0.0,1.5,0.12140875876098862,10900.854331233733,10697.3544508278,10667.397229577824,10861.528668141356,0.0,0.0,0.0,0.0,0.0,0.0,nan,0,0.0030548969315363356,-0.0108108227108261,0.011079805401662979
12.087366752999515,-0.1319420915216601,-0.023011694678144633,1.485927432602185,-0.11705070380053424,-0.026177612826057604,0.038670632645566166,-0.017891293109256523,0.13297392840102798,-0.005258110309909844,0.0,0.0,1.5,0.1346710464808094,10894.300045044936,10694.103878547196,10665.778993904394,10852.917838904195,0.0,0.0,0.0,0.0,0.0,0.0,nan,0,-0.01019836634403895,-0.003294933601703,-0.003390762163803407
12.097789211999952,-0.10497900137083001,-0.024253524629662414,1.4923996839850775,-0.1315275346639151,-0.039717059987706874,-0.0029438525289665744,-0.022607031574953158,0.129016637363915,-0.006315071842331593,0.0,0.0,1.5,0.10801198539655245,10882.603780988396,10677.752553343089,10659.298379492506,10848.962292484424,0.0,0.0,0.0,0.0,0.0,0.0,nan,0,0.017753196843576374,-0.004308467988744753,0.002868102440498843
12.108871422999982,-0.10547858184946404,-0.03629655684586197,1.4994648350218232,-0.08619596861369076,0.015323016507710141,-0.032850961282709194,-0.022787008485348283,0.13172420742899094,-0.005358587948781556,0.0,0.0,1.5,0.11155024728521601,10892.436240427121,10692.16719327858,10679.145611748325,10864.55045701557,0.0,0.0,0.0,0.0,0.0,0.0,nan,0,0.018113832105222175,-0.016142810039661948,0.009736815454500336
12.119653001999723,-0.11647075658169502,-0.036904796819918956,1.4968676214926093,-0.10872367732496091,-0.03222883373143331,-0.012447163175082303,-0.021674242357765834,0.12893120130669178,-0.001592952747922026,0.0,0.0,1.5,0.12221789133406581,10914.689443139763,10711.247184093636,10694.028684849713,10883.776060292495,0.0,0.0,0.0,0.0,0.0,0.0,nan,0,0.007853441078701659,-0.016562011326514674,0.006957448417591383
12.129760941999848,-0.13637999310675242,-0.03456740960794105,1.4987079422352152,-0.041489887697503544,-0.0019465379624684662,-0.01681723671280799,-0.023086626450662787,0.1335056220725194,-0.009114142030914768,0.0,0.0,1.5,0.1406985349606333,10914.689443139763,10711.247184093636,10694.028684849713,10883.776060292495,0.0,0.0,0.0,0.0,0.0,0.0,nan,0,-0.01145265037317822,-0.014055292490157478,0.00862620620062371
12.140322206999372,-0.11662579797397635,-0.02974444044913365,1.5177689505155068,-0.03194736211328505,0.005679771647182125,0.016852951588178008,-0.019398012715993482,0.13172586660253555,0.003674186693218664,0.0,0.0,1.5,0.12166365148688137,10943.26442420633,10730.833275461388,10712.08563101809,10908.29132110905,0.0,0.0,0.0,0.0,0.0,0.0,nan,0,0.008776206727168001,-0.009082701756233595,0.027524474416419364
12.15102256099999,-0.11632566141249302,-0.0289466323708061,1.4917896745225556,-0.01886491884802236,-0.009912140708472836,0.03451769587402428,-0.020775817102726735,0.1297033687569059,-0.005913639104180686,0.0,0.0,1.5,0.12015396985996817,10931.37696526835,10712.236684384658,10688.100091258966,10895.103051759834,0.0,0.0,0.0,0.0,0.0,0.0,nan,0,0.009422977178496508,-0.008154942106098045,0.001390964813833051
12.161919417999343,-0.11907007123019658,-0.038402519742755215,1.504182788989635,-0.0526648361213897,0.004716580610386446,-0.01987769814463155,-0.019242057086101463,0.12768502336234613,0.002034624436454557,0.0,0.0,1.5,0.12517959541829735,10909.780253080282,10684.243850721048,10657.779501989837,10875.821124481627,0.0,0.0,0.0,0.0,0.0,0.0,nan,0,0.006898452404884237,-0.017500383282584377,0.013643478538926557
12.17165548199955,-0.12478013382208099,-0.022260907747376536,1.469519524952965,-0.03680304528966,0.002790103532113276,0.0009478982326983986,-0.018973585787713923,0.12816459310736816,-0.0029284488834920657,0.0,0.0,1.5,0.13036368040787502,10909.780253080282,10684.243850721048,10657.779501989837,10875.821124481627,0.0,0.0,0.0,0.0,0.0,0.0,nan,0,0.0012825324239646857,-0.0012677090541218551,-0.021144564204489846
12.181809466999766,-0.10742990055046184,-0.03584140338180829,1.4928785909627975,0.026985709232561116,-0.02965198467009189,0.03722411714045481,-0.017011004111082095,0.1257323583333447,0.005306356788276508,0.0,0.0,1.5,0.11347468526210931,10931.943413202178,10729.209307908539,10702.050671130439,10901.827399709668,0.0,0.0,0.0,0.0,0.0,0.0,nan,0,0.01860148613864679,-0.014776513214426586,0.00210155637272047
12.192611939999551,-0.1368568333118306,0.0008193649518850113,1.5011035018268288,-0.01492811407575568,0.021221734662771916,0.037257012670101786,-0.021245947010628215,0.12689468915930738,0.0018277949126685275,0.0,0.0,1.5,0.13686373478518105,10903.982670164305,10692.857730660256,10677.395057755286,10895.753204238285,0.0,0.0,0.0,0.0,0.0,0.0,nan,0,-0.01098128320263303,0.021936670562697075,0.010224707564363111
12.203816923999511,-0.12861313782819334,-0.034180817367140535,1.4589391856815883,0.03364366065319328,0.021428945128551036,-0.0206572183281803,-0.017482611145853443,0.12809901456581918,0.00421179734216337,0.0,0.0,1.5,0.1392682949216754,10880.531480634902,10690.520349394004,10652.495277769538,10849.76826701762,0.0,0.0,0.0,0.0,0.0,0.0,nan,0,-0.0030163901940370164,-0.013030171474562074,-0.03202601329919608
12.213506643999608,-0.11835345109314874,-0.019250727755779375,1.486427392775009,0.03951459098527427,-0.023191483423370116,-0.01766076000907138,-0.019804328103666547,0.12172673663419736,-0.003033790521713151,0.0,0.0,1.5,0.12067454400854127,10880.531480634902,10690.520349394004,10652.495277769538,10849.76826701762,0.0,0.0,0.0,0.0,0.0,0.0,nan,0,0.0068421942232341215,0.0019142367620251406,-0.004612803015863198
12.224064906999956,-0.12417464702480124,-0.019488701168453283,1.5203048275942008,0.06885213354092538,0.024311407645441954,-0.005850555831717856,-0.01860258297043257,0.12080300992517395,-0.003083320859528584,0.0,0.0,1.5,0.12732414720153234,10954.882837013482,10766.684234948236,10741.113993162917,10933.698377716504,0.0,0.0,0.0,0.0,0.0,0.0,nan,0,0.0004979578491072362,0.001671567960559034,0.02919379699826541
12.234428756999478,-0.11020616292957365,-0.030107471626146395,1.5028408004553893,0.059504724938078714,0.0002286046905352345,0.019350425907255404,-0.018861352918921076,0.12537361820423898,-0.00954442846721189,0.0,0.0,1.5,0.11428004350106927,10933.777637097317,10742.563607624843,10711.914178953284,10904.504498399012,0.0,0.0,0.0,0.0,0.0,0.0,nan,0,0.013822931912656655,-0.008970732794102775,0.011663824572866632
12.244894681000005,-0.1407421227351811,-0.021710644487964923,1.4657640629192028,0.08705526326212747,0.018181806847815216,0.020633982694856667,-0.016289834023388558,0.11888222562186053,-0.0025094351635182124,0.0,0.0,1.5,0.14646431846660773,10913.72910019618,10714.31614270575,10694.797584198948,10883.82145206858,0.0,0.0,0.0,0.0,0.0,0.0,nan,0,-0.017475029685861468,-0.000616013694818035,-0.025469896128668568
12.255270792999909,-0.1201835272279034,-0.013794887624889614,1.5011238330548788,0.12134312409667758,-0.04330389622406139,-0.04335611770339092,-0.018366802153070336,0.11761108868675553,-0.0029245929635698864,0.0,0.0,1.5,0.12097785806608898,10930.387664927684,10741.989746315663,10719.43747890694,10900.138604220934,0.0,0.0,0.0,0.0,0.0,0.0,nan,0,0.0022046089580654293,0.007239244067940135,0.009841524600225915
12.265557940999315,-0.13700540198360717,-0.028771470805519377,1.4892669236230947,0.0976830979822547,-0.018572880934877002,0.027173786540354756,-0.019296733395134998,0.1185044095105246,-0.0018680209212413347,0.0,0.0,1.5,0.14040468878750142,10949.851361423482,10756.617716791216,10752.777427598166,10938.500699078542,0.0,0.0,0.0,0.0,0.0,0.0,nan,0,-0.015612040931958504,-0.007816108020678624,-0.002059617146849435
12.276317727999412,-0.11365272135891122,-0.023036161919579745,1.5035318030266371,0.07752922133931486,0.0346634464100738,0.02532320812675774,-0.02027142492838913,0.11619699592413311,-0.0003394559316115549,0.0,0.0,1.5,0.11601758255062192,10922.436795032669,10739.968847155938,10742.121529565793,10918.325774042978,0.0,0.0,0.0,0.0,0.0,0.0,nan,0,0.00663173850305411,-0.0021776363597064453,0.012164417205023703
12.286962590999792,-0.10169680538555892,-0.02193198408145453,1.4765475875145304,0.13289798571492345,-0.01799723656914173,-0.02910582581551393,-0.01888571086962797,0.11244799379536242,0.002895280589094879,0.0,0.0,1.5,0.10664552406344127,10895.503974710104,10729.415967186102,10713.524207171407,10877.31276841806,0.0,0.0,0.0,0.0,0.0,0.0,nan,0,0.017366956434362743,-0.0011880744149806374,-0.014853332372662287
12.297167076999358,-0.13330035501496218,-0.010199102958747938,1.497939180587174,0.144944165565742,0.016110429355815383,0.061324111262695845,-0.020746541409275183,0.10847145318533233,-0.0026423674698203437,0.0,0.0,1.5,0.13370584626309492,10936.864412674271,10770.588171300351,10758.658193237272,10927.831045864987,0.0,0.0,0.0,0.0,0.0,0.0,nan,0,-0.015567363313990973,0.010412596271312578,0.006509949355918421
12.307918800999687,-0.12076379031537685,-0.028921378820357793,1.496306860531747,0.16527422434241715,0.029237192481247887,-0.0008451800295596981,-0.0170686299788347,0.10914401047617396,-0.005442031414584431,0.0,0.0,1.5,0.12423356423824808,10936.864412674271,10770.588171300351,10758.658193237272,10927.831045864987,0.0,0.0,0.0,0.0,0.0,0.0,nan,0,-0.004469534909989317,-0.008459246259753247,0.004855094197185883
12.31816179999987,-0.11157848845206181,-0.0335639746848445,1.4803823495662618,0.14462892288802712,0.02300673716827327,0.009523439990051254,-0.018901810230229632,0.10600695905742753,0.00018452785471456063,0.0,0.0,1.5,0.11815731754924078,10903.531115234075,10739.461881877503,10717.187984639597,10876.54607765519,0.0,0.0,0.0,0.0,0.0,0.0,nan,0,0.0031715365121062628,-0.013268472867484029,-0.011083088859365375
12.328992949000167,-0.13679091467832505,0.0034911008883131006,1.5008724979648418,0.18258436777307502,-0.008570698186423881,0.025702754350590374,-0.012733250447456627,0.10580503496315709,0.0015111562263492532,0.0,0.0,1.5,0.13683823799159298,10911.201431572292,10759.400619854248,10736.018631839825,10887.027358434048,0.0,0.0,0.0,0.0,0.0,0.0,nan,0,-0.023688666848298734,0.023603114271450402,0.009399818079628863
12.339265193999381,-0.09586585421259891,-0.02096929127663774,1.491529647280952,0.12142473390869497,-0.0015042340082222,0.02659192182194581,-0.017799386563323864,0.10160743916123982,0.005606117352743149,0.0,0.0,1.5,0.09849730989088396,10885.44625134671,10739.24374037659,10722.517046452842,10871.741944067639,0.0,0.0,0.0,0.0,0.0,0.0,nan,0,0.015487390659181838,-0.0010573577833939418,5.644315200559191e-05
12.349655547000111,-0.10702167494176791,-0.026957689950824877,1.5206368512170099,0.18513961436825915,-0.002730771101768839,0.010170843176942905,-0.017751752086856545,0.09894299033311195,-0.004990347258818061,0.0,0.0,1.5,0.11227749366181648,10865.280439534397,10734.676283470435,10718.861401051201,10858.789273998482,0.0,0.0,0.0,0.0,0.0,0.0,nan,0,0.0024839639694673454,-0.0072621146171236925,0.02917232833693184
12.360089759999937,-0.09262978026221855,-0.019006703297355963,1.4723109134362782,0.1795250610599238,0.04146642410437301,-0.01078894643899568,-0.014985471375360602,0.09486266039368044,-0.0077719262516862545,0.0,0.0,1.5,0.09853028202737418,10843.019491859344,10711.259973400796,10707.183264702504,10840.91246626391,0.0,0.0,0.0,0.0,0.0,0.0,nan,0,0.014932308870588204,0.00045654981713713627,-0.01913345995675897
12.370744959999683,-0.09812473449997852,-0.014195187741122692,1.4945278601827925,0.20553304696634012,0.01013084050381685,0.025023174344109406,-0.016657523266327974,0.09611146576440432,-0.0035830878765891775,0.0,0.0,1.5,0.09929708550544705,10892.351759614887,10764.211760754892,10755.27172834387,10874.321796416185,0.0,0.0,0.0,0.0,0.0,0.0,nan,0,0.007400073764123771,0.005020011226562069,0.003112172313730399
12.38105219299996,-0.1055943837449802,-0.0333319024600562,1.5163478690737018,0.21814366998628817,0.04882049184891677,0.002688052472832972,-0.018664103802599568,0.09294219964537591,-0.00669811695000109,0.0,0.0,1.5,0.11193052498465168,10881.22214978704,10750.923540774214,10742.119484794763,10862.223975825485,0.0,0.0,0.0,0.0,0.0,0.0,nan,0,-0.002198314248914812,-0.014380254291745106,0.024966355774381332
12.391658142999404,-0.10805976707949426,-0.005132685514928712,1.5010649513609458,0.16029240821004007,0.04327001093760438,-0.05388553687920016,-0.012931027503900685,0.0881529991241527,-0.007745974583333315,0.0,0.0,1.5,0.10818683766184725,10872.68067901043,10744.62854687605,10725.354165895878,10843.230587942016,0.0,0.0,0.0,0.0,0.0,0.0,nan,0,-0.006881073728116749,0.01354023899100958,0.00972511499739137
12.402156667999407,-0.10217112526837577,-0.008368931554709856,1.4879794577841545,0.23633880835793358,0.05185442567307709,-0.003779213502058685,-0.016234692781371376,0.08591658926326136,-0.00453126282886991,0.0,0.0,1.5,0.10321565428333279,10904.77936245003,10807.947279629565,10783.814353275602,10866.171240352216,0.0,0.0,0.0,0.0,0.0,0.0,nan,0,-0.0032960470676533654,0.010010347330612497,-0.0033144999196657032
12.412183174999882,-0.09801893904531248,-0.015237638185778326,1.4776948250511022,0.25172217678558495,0.03621880173556502,0.003702475966567043,-0.017120096744824936,0.08493306583691275,-0.0035779453326911102,0.0,0.0,1.5,0.1016730980080292,10920.09187691289,10821.269066649527,10787.182747246994,10873.265498107536,0.0,0.0,0.0,0.0,0.0,0.0,nan,0,-0.001531398720644589,0.0028333144127270834,-0.013554038247391542
12.422812551999414,-0.09982371751273186,-0.023643706236197277,1.4654245199757487,0.23570065162543888,0.022911933004109455,0.052366271912173266,-0.015498739926644446,0.08251329266773298,-0.006034599200428931,0.0,0.0,1.5,0.10825554600828856,10933.692632554033,10830.548214678875,10795.214094754925,10888.029891538983,0.0,0.0,0.0,0.0,0.0,0.0,nan,0,-0.0058050106351989345,-0.005895455400243405,-0.025782199907513625
12.433475044999796,-0.10196459529971924,-0.012302751823871468,1.4948460388664628,0.2672197209330067,0.041041411691839676,-0.02328517072099556,-0.015075449738221834,0.07668855580390231,-0.004831294865862632,0.0,0.0,1.5,0.10283335894757746,10933.692632554033,10830.548214678875,10795.214094754925,10888.029891538983,0.0,0.0,0.0,0.0,0.0,0.0,nan,0,-0.010493147290515203,0.005108782373280107,0.0036786474820329484
12.444049600999278,-0.09377977064457232,-0.0008669098088769124,1.4819713462533974,0.26254663873532563,0.03881098750553798,0.0010609242559176668,-0.013268977578063952,0.07353650385814538,0.0031395280540460905,0.0,0.0,1.5,0.09550093858533644,10926.139546475913,10830.72102038508,10806.162384066141,10890.24138534743,0.0,0.0,0.0,0.0,0.0,0.0,nan,0,-0.004931135341336046,0.016194263648085606,-0.009160005136114702
12.45412855199993,-0.08398930329165127,-0.013895573164108724,1.4973625661653502,0.24490881241634854,0.009893099337838256,0.05528203828005068,-0.01315457057902588,0.0788445093012845,-0.009453669711398969,0.0,0.0,1.5,0.085171862009752,10926.957300295686,10843.64412576403,10812.38117944437,10894.427441659382,0.0,0.0,0.0,0.0,0.0,0.0,nan,0,0.002163753454863526,0.002801958915694458,0.006261792936942845
12.464850179999303,-0.07079574363801963,-0.013615466053791053,1.5223621836280505,0.27318355763271784,-0.002264350290753234,0.049448220323613075,-0.014780731870110678,0.07042857505626555,0.0003075902127646144,0.0,0.0,1.5,0.07548168976471568,10926.957300295686,10843.64412576403,10812.38117944437,10894.427441659382,0.0,0.0,0.0,0.0,0.0,0.0,nan,0,0.0125922446821473,0.002705604919369985,0.03129041541782285
12.475298538999596,-0.08235382953591804,-0.035083571689230056,1.478802334889031,0.26749764078128396,0.01923162823078772,0.035685609099379394,-0.01096754078405829,0.06506988517835169,0.006500023729903727,0.0,0.0,1.5,0.09199103895413502,10872.829495910455,10785.002074712616,10772.342057554108,10851.051792794244,0.0,0.0,0.0,0.0,0.0,0.0,nan,0,-0.0017967394660997893,-0.01915124350336538,-0.01223282611436316
12.485483450999709,-0.07070756505328767,-0.026236566548369977,1.4959887935318832,0.27365486400264655,0.05890466125896974,0.014545822969784421,-0.012069664896205552,0.06409661894155562,-0.0030272673893532,0.0,0.0,1.5,0.075524876413946,10813.090516027854,10723.235902281738,10720.28388474829,10806.213005551053,0.0,0.0,0.0,0.0,0.0,0.0,nan,0,0.006956060244888249,-0.010704799026899359,0.005001180813568373
12.496176718999777,-0.07057376641991746,-0.025788127501650215,1.4960112219464334,0.3013082820846257,0.04836520944283924,0.01923920935361632,-0.011710973108303083,0.06204741117700603,-0.010594168057994405,0.0,0.0,1.5,0.07524356701469603,10820.508909993916,10753.967492517804,10749.079860932878,10818.95275914708,0.0,0.0,0.0,0.0,0.0,0.0,nan,0,0.004136767936632368,-0.010668342750168041,0.0050801207779427315
12.50685148499997,-0.06696012034796137,-0.0106151959578067,1.4871770590329885,0.30399696475372984,0.059655340488512384,0.024283138021110533,-0.012569571688294425,0.053836196316017944,0.0034830605882642707,0.0,0.0,1.5,0.06899831822066077,10828.865995344573,10754.381129861462,10749.922225217038,10818.47915419182,0.0,0.0,0.0,0.0,0.0,0.0,nan,0,0.004740736973430998,0.004081590728906018,-0.0036896224964340085
12.517139939000117,-0.07042436610900907,-0.030359930537951878,1.4661350422729025,0.3011814425945144,0.048042546350376525,-0.01839938569081459,-0.009683335294143114,0.054466462819075724,-0.0013893458206279672,0.0,0.0,1.5,0.08383407473088202,10828.865995344573,10754.381129861462,10749.922225217038,10818.47915419182,0.0,0.0,0.0,0.0,0.0,0.0,nan,0,-0.0017866890318018608,-0.01609674628359905,-0.024660291608213702
12.52794233899931,-0.07566293385823307,-0.021084272071089226,1.482820118445512,0.33380128027839306,0.027149172700753756,0.03107510489643082,-0.010453342406066747,0.052853513874018584,-0.005327986023763278,0.0,0.0,1.5,0.08040257719146382,10881.55301971673,10828.192330686014,10813.193518604043,10870.179239748686,0.0,0.0,0.0,0.0,0.0,0.0,nan,0,-0.010139075223838293,-0.007264927200650294,-0.007902757621600642
12.538313547999678,-0.05170329065257657,-0.01685440560052532,1.5105054997163954,0.37197021141136194,0.056883831422275245,-0.006380149147520255,-0.011963954746620478,0.04545832241536563,0.002080302495278225,0.0,0.0,1.5,0.05538652161621105,10868.342278033491,10809.947881684368,10806.955426552555,10863.815116103127,0.0,0.0,0.0,0.0,0.0,0.0,nan,0,0.010659132181047415,-0.0034887371607108114,0.01985237219588809
12.548834323999472,-0.0701176311195471,-0.019697688480217586,1.4820321268644316,0.3147196089932481,0.0517450423708222,0.054867370979384426,-0.006782976799378375,0.04338702768925281,0.002237757209901412,0.0,0.0,1.5,0.0750155023331608,10871.108583301975,10800.04381783548,10786.375650468388,10860.243149029431,0.0,0.0,0.0,0.0,0.0,0.0,nan,0,-0.010960935582704341,-0.006795073072639509,-0.008552426299701876
12.559077263999825,-0.04867972167557745,-0.007080024719253258,1.4934192016394074,0.37347699930975625,0.04455797528232855,0.0148985666187911,-0.009781595694052103,0.043860379543937365,0.0031789000242800516,0.0,0.0,1.5,0.049630121493904285,10837.232350404542,10786.279614142832,10774.25059259085,10831.75941622865,0.0,0.0,0.0,0.0,0.0,0.0,nan,0,0.007230344970814179,0.00535063376455072,0.002904659972664758
12.56949138499931,-0.05667869752374113,-0.012534377458295496,1.4876145327823085,0.30742873815154276,0.08123710854963063,-0.05227924425761208,-0.011093236496775474,0.037722565259831364,-0.004078246291867665,0.0,0.0,1.5,0.05935474007571152,10837.232350404542,10786.279614142832,10774.25059259085,10831.75941622865,0.0,0.0,0.0,0.0,0.0,0.0,nan,0,-0.0040527976278649305,-0.0005841129766443083,-0.002826934752228949
12.58006311600002,-0.0429647683551302,-0.006665856969519226,1.5078681786424086,0.30652038000377735,0.05648620652753385,0.004168695649624045,-0.0067163246979106,0.03593848033124942,-0.0049701404723945025,0.0,0.0,1.5,0.04418498844740079,10891.356159827654,10857.26402276528,10830.985866814173,10868.782081082998,0.0,0.0,0.0,0.0,0.0,0.0,nan,0,0.006342554709704511,0.004795988836610526,0.01749756292128901
12.590283595000074,-0.041971066819161656,-0.01125473770862799,1.4943580537503536,0.321654419925355,-0.0034403274561923556,-0.003488368803879969,-0.010974092492857532,0.028499631215468328,0.001805876917280439,0.0,0.0,1.5,0.04381861623000485,10891.356159827654,10857.26402276528,10830.985866814173,10868.782081082998,0.0,0.0,0.0,0.0,0.0,0.0,nan,0,0.003986527120903471,-0.0002888906032317423,0.004053271691474958
12.600820085000123,-0.060702758501314666,-0.00737952029222025,1.497178735394982,0.3238652267559437,0.031681728616963466,-0.01786677143846872,-0.010261757598262916,0.03113778245072113,0.007158294398486095,0.0,0.0,1.5,0.06121471835583129,10863.333403174565,10843.295699354105,10819.541598276568,10840.095896566734,0.0,0.0,0.0,0.0,0.0,0.0,nan,0,-0.018122627372708117,0.003083239222294868,0.0069361521235109524
12.611318363999999,-0.045297978499487565,-0.0136196956858971,1.4799997253589312,0.33563934579126475,0.049062456964610916,-0.006116077352304222,-0.00604989703575658,0.021819442240200753,0.0031453163584356917,0.0,0.0,1.5,0.051355758707613906,10848.451948798875,10843.084284049453,10839.541669290285,10847.832355641658,0.0,0.0,0.0,0.0,0.0,0.0,nan,0,-0.006119706245276718,-0.003666635901649142,-0.010185620025842113
12.621944288000122,-0.04271234129080316,-0.022812489231533728,1.5153249786917589,0.3730942665819426,0.041439103793974745,0.017552204864940777,-0.008275774196318496,0.020384486746061165,0.004505429932753668,0.0,0.0,1.5,0.05078984874346205,10857.392669590636,10881.934168250786,10874.267311086205,10864.143712909716,0.0,0.0,0.0,0.0,0.0,0.0,nan,0,-0.0069570066838311045,-0.0133752694730489,0.02518956257285132
12.632510812999499,-0.044763063515067245,0.008482954953642144,1.4772182814328274,0.36291825972904734,0.05504027395037116,0.0007322110268440415,-0.004885071254050344,0.017030506060441594,0.004203159482228941,0.0,0.0,1.5,0.050938188826000895,10857.392669590636,10881.934168250786,10874.267311086205,10864.143712909716,0.0,0.0,0.0,0.0,0.0,0.0,nan,0,-0.012448335500648833,0.017398695754686163,-0.0128721426142131
12.642778784999791,-0.0442865595820179,-0.00490042250467084,1.4812568141035791,0.32625899034894484,0.039814872870252024,-0.005130560270519774,-0.0041157175197849075,0.013533236019835599,0.0056158486565856215,0.0,0.0,1.5,0.04833860277132239,10841.471040031563,10862.629108168807,10847.468431663916,10846.033875614707,0.0,0.0,0.0,0.0,0.0,0.0,nan,0,-0.01542673040772478,0.003488694918499768,-0.008792015412028453
12.653234157000043,-0.028441512695892752,-0.007882280235835695,1.4889745723320786,0.36368036041087537,0.08129756631502925,0.03237344787069359,-0.002258008000879891,0.0145418042542925,0.002639473462484272,0.0,0.0,1.5,0.03150571442464748,10842.774804046512,10884.574523286075,10872.495395127613,10853.090230627091,0.0,0.0,0.0,0.0,0.0,0.0,nan,0,-0.0030475833211895675,-2.4461188657030897e-05,-0.001039092618322135
12.66393803399933,-0.04363855670960674,-0.013214239577037368,1.4851917479669987,0.35159102126365793,0.03581174179709482,-0.07139870881649256,-0.002656107754451216,0.00827564161267054,0.00712466126939484,0.0,0.0,1.5,0.04793979649070062,10829.286920038618,10859.186747194199,10840.395452725004,10829.68028332229,0.0,0.0,0.0,0.0,0.0,0.0,nan,0,-0.021718196985102134,-0.0058919027480839195,-0.004792190054559997
12.67447553799957,-0.015039216787146785,-0.004828273846439705,1.4999008253859296,0.29518029488589165,0.07127297557063741,-0.04788958401984659,-0.004278313035824501,0.005319136033697006,-0.0003285093073576886,0.0,0.0,1.5,0.01579557233882607,10874.842076297726,10919.80536384548,10909.66856883502,10888.994907333537,0.0,0.0,0.0,0.0,0.0,0.0,nan,0,0.0034031902553922928,0.0019548722082920163,0.009937643633282311
12.684957327999655,-0.015456696972967207,-0.007129602737530988,1.4666241540246843,0.34508962481120187,0.042750333386583,-0.028363516098142555,-0.003575074733861537,-0.002520765966672977,0.007522119063615233,0.0,0.0,1.5,0.03746582190580026,10881.481712387646,10945.035728311776,10929.290186047496,10885.039089516658,0.0,0.0,0.0,0.0,0.0,0.0,nan,0,-0.0004933530463774368,-0.0008888871797090789,-0.023333512373530985
12.69548245399983,-0.009904325106736549,0.0027544384352213395,1.4698103966654557,0.3551722875092483,0.08368908402597866,0.017568433707822826,-0.002112938668751986,-0.003121111554934337,-0.0070095886491125334,0.0,0.0,1.5,0.03189192274558697,10899.506042424095,10971.224445315445,10958.956499076317,10912.533538479289,0.0,0.0,0.0,0.0,0.0,0.0,nan,0,0.0015821339462319395,0.00844996853440517,-0.02016045124308441
12.705826075000004,-0.023029687651989688,-0.015370745262043062,1.4714557588501376,0.35289468126395246,0.03906002508368197,0.005256602831826365,-0.00047395517509418044,-0.0068950179091991776,-0.0005292769914758331,0.0,0.0,1.5,0.03976682066849606,10895.09555626515,10954.88250284468,10936.68074867845,10888.367343101185,0.0,0.0,0.0,0.0,0.0,0.0,nan,0,-0.015014674125517234,-0.010222659919496342,-0.01854757379409011
12.716343101999882,-0.0052355845254853945,0.005922506623178965,1.4525146089640186,0.36397868596886823,0.05589237847401868,-0.02543217595947941,0.003334977000000233,-0.010864350112463776,-0.0024129013983796356,0.0,0.0,1.5,0.048138859478234014,10881.012473722247,10943.406287617905,10942.005196440501,10887.478304215896,0.0,0.0,0.0,0.0,0.0,0.0,nan,0,-0.0006833620363233244,0.010521392599680164,-0.037538509371901396
12.726631335000093,0.015961792808996917,0.00784686584871277,1.4737640362549553,0.3684309762207972,0.0387153050716304,-0.034830617936659446,-0.0020812950807366916,-0.016703082284101417,-0.003939511001706551,0.0,0.0,1.5,0.03169665482280959,10881.012473722247,10943.406287617905,10942.005196440501,10887.478304215896,0.0,0.0,0.0,0.0,0.0,0.0,nan,0,0.01706309628332094,0.011895295078360126,-0.016358987019762683
12.737158010999337,-0.00448290929014927,0.005422815043946416,1.4904024110666427,0.33008848659042456,0.0771069919692838,0.011150980414019702,-0.0018974127415724651,-0.015844749203244756,0.0016333098103067253,0.0,0.0,1.5,0.011900298821385123,10930.374022443288,10983.046336569303,10988.927140242095,10936.87814649373,0.0,0.0,0.0,0.0,0.0,0.0,nan,0,-0.006817441429191345,0.008920025549635847,0.00018525372862177036
12.747412093999628,0.004616082246479048,0.004204405017441265,1.4736360171202383,0.30834350917815484,0.06874411831123528,0.03624114030823625,0.002193631516114187,-0.019889685092496136,0.0067214005123419455,0.0,0.0,1.5,0.027093261711010605,10930.374022443288,10983.046336569303,10988.927140242095,10936.87814649373,0.0,0.0,0.0,0.0,0.0,0.0,nan,0,-0.0011361154939326865,0.007150134158470439,-0.016696708403672877
12.758210803999646,0.006144696546350399,-0.005991911412140899,1.5254189580747102,0.3447422166938855,0.04748382731088648,0.03634453310302712,-0.002065031042020871,-0.022180224184221328,-0.0015699328112086753,0.0,0.0,1.5,0.02682878542948876,10891.770345630495,10955.038578698812,10948.252848507407,10886.94268995954,0.0,0.0,0.0,0.0,0.0,0.0,nan,0,-0.0030040299989196294,-0.0035974295768001043,0.0349556287443793
12.768548641000052,0.01609530943789727,0.001505572788273506,1.49513712065213,0.35416376407065114,0.05694923146837991,0.009079411820474193,-0.0013821388537099575,-0.026443137732649818,-0.007336418723437521,0.0,0.0,1.5,0.016881153126323895,10780.600433003356,10859.046940686892,10853.226438843223,10783.815143865608,0.0,0.0,0.0,0.0,0.0,0.0,nan,0,0.0035740032876128824,0.0033495323950259183,0.00453760394110958
12.77908415299953,0.004608351733398916,-0.043570699085262905,1.4904132236806718,0.3155860928380778,0.021606414601683152,-0.008388469122977226,0.0038500263012373323,-0.028364484814747036,-0.0014581431809461362,0.0,0.0,1.5,0.04485029548034309,10783.421342550204,10852.066391591654,10848.685307793945,10779.836763616244,0.0,0.0,0.0,0.0,0.0,0.0,nan,0,-0.011258793140991296,-0.042276049418715635,-0.00032150818443432705
12.789332348999778,0.020346022655868618,-0.008216529134685055,1.4998276030080808,0.3108166600842824,0.05997399012875867,-0.013588298125078785,-0.00033986823499855133,-0.028262641859753322,-3.623651855063996e-05,0.0,0.0,1.5,0.021943147214040885,10783.421342550204,10852.066391591654,10848.685307793945,10779.836763616244,0.0,0.0,0.0,0.0,0.0,0.0,nan,0,0.00116270150289937,-0.007469485986792085,0.00895765105804136
12.799775143999796,0.00564698134880974,0.00022825654248780043,1.4908361742210858,0.32341826710311306,0.05758006921179807,-0.0266434268409412,0.002127594382022843,-0.03283017596572184,-0.0015315291779775266,0.0,0.0,1.5,0.010766438701320203,10774.265518811457,10857.24627890684,10887.181643438826,10801.619629799412,0.0,0.0,0.0,0.0,0.0,0.0,nan,0,-0.016819952181936607,0.0004298820753076145,-0.00017064663577559536
12.810583050999412,0.01863819849712194,0.004098215523390345,1.4846739655834718,0.31314881357018554,0.06093990006854988,0.026962181227618145,0.003549479870567428,-0.038132589339819375,-0.002643246011448886,0.0,0.0,1.5,0.024475807333587268,10800.035222950512,10895.793765751896,10912.693914306245,10815.619573443166,0.0,0.0,0.0,0.0,0.0,0.0,nan,0,-0.0070768979206075056,0.0037570879301374797,-0.006473694024993204
12.820974143999592,0.03474438715505534,-0.010316674264802516,1.503846088548354,0.3029030909979322,0.06388878215868628,0.045102733405255266,0.0058589208965753705,-0.04054887344580347,-7.688443583572591e-05,0.0,0.0,1.5,0.03644720296247975,10782.129745674232,10884.888069562237,10896.069044056985,10791.749351488783,0.0,0.0,0.0,0.0,0.0,0.0,nan,0,0.0058193348779169395,-0.011197430536178016,0.012553564122472105
12.831534129999454,0.03950124765566885,-0.003954058800519463,1.4823913511236235,0.31923115445007216,0.06973118430686802,0.020249615853967295,0.004266680229013755,-0.0412842276615529,-0.00014688352448055916,0.0,0.0,1.5,0.04342865025077298,10736.084825965461,10841.770626178572,10854.575353386675,10749.156129785317,0.0,0.0,0.0,0.0,0.0,0.0,nan,0,0.007406918156488244,-0.0053708863787064786,-0.009044363786853804
12.841863871999522,0.013077702109260715,-0.014140046198803078,1.5079841272044427,0.31311008052848016,0.0820100255893961,0.007650699912831804,0.0035481001741469293,-0.045113385992908844,-0.00492135285518855,0.0,0.0,1.5,0.020849783840116192,10747.503495820192,10848.58001331907,10856.179015265243,10756.399771907032,0.0,0.0,0.0,0.0,0.0,0.0,nan,0,-0.022142734668881156,-0.016088956690624955,0.01641012557475685
12.85264118699979,0.03591992589185823,0.013799251276172115,1.5024488144289296,0.2981776604951643,0.025207501190401545,0.024398699384416987,0.006374357221286276,-0.04818743310477948,-0.003501623617308181,0.0,0.0,1.5,0.03855719263596429,10737.914263801738,10841.634888750923,10846.149325532411,10738.007690138542,0.0,0.0,0.0,0.0,0.0,0.0,nan,0,-0.0023809167606693715,0.01132267888122672,0.010742013799724281
12.863076025999362,0.040386795402311694,0.003275236601873459,1.4811915115155334,0.2796414287021281,0.037595769902163546,-0.013608668146314035,0.001984375487068318,-0.048423597945533726,-0.002822845750196523,0.0,0.0,1.5,0.04467191127248474,10717.465803829811,10823.33955970227,10839.497849028457,10726.015794562527,0.0,0.0,0.0,0.0,0.0,0.0,nan,0,-0.000946369239533236,0.00027584323955880856,-0.010640164629549975
12.87330415299948,0.044114413069883965,0.0069796378259028465,1.4912776568443389,0.29039626936172425,0.07876573582610402,0.005061910632671382,0.004705703115486254,-0.0545577156394314,0.0038558562476674815,0.0,0.0,1.5,0.04550687920310765,10747.989902674688,10863.360080346176,10881.47947154645,10759.721912737155,0.0,0.0,0.0,0.0,0.0,0.0,nan,0,-0.00020044941801736216,0.0034627012815756242,-0.0006730535123786741
12.884071011999367,0.06290735588922546,-0.018375866050191668,1.4885994226346013,0.26202183560797254,0.05413230724362362,0.02889645437821694,0.0055750694377271585,-0.05790892715657322,-0.0027765092991907134,0.0,0.0,1.5,0.06652053098354445,10755.117447130802,10876.948453788604,10877.254424012925,10755.377535299032,0.0,0.0,0.0,0.0,0.0,0.0,nan,0,0.015663967756559323,-0.02240463062516834,-0.0034678120212254804
12.894389736999983,0.049649451617990004,-0.001252782871617091,1.4836376026668787,0.275099614952379,0.05462422485245024,-0.03229535890123406,0.0044440273074451715,-0.059805892383293355,-0.0014954233304628308,0.0,0.0,1.5,0.05229116136956113,10755.117447130802,10876.948453788604,10877.254424012925,10755.377535299032,0.0,0.0,0.0,0.0,0.0,0.0,nan,0,-0.00046697530356066413,-0.0057872441118763706,-0.008543647237143626
12.904976927999996,0.05803923530978075,-0.004211913696030545,1.4947814290560235,0.28526474755127035,0.052680730189104054,0.009913280436198383,0.006431893371698801,-0.06128729382431664,0.0022814898445017804,0.0,0.0,1.5,0.05842539289576259,10779.051419722946,10912.31241948222,10914.952255634345,10783.377661709648,0.0,0.0,0.0,0.0,0.0,0.0,nan,0,0.005107647878217693,-0.009245507468009227,0.0024861814093601886
12.915401414999906,0.06825413641465752,-0.010701434447970753,1.4844128836652817,0.27704674133559076,0.05411453470029014,-0.02213600332330167,0.007935328391754369,-0.06414012189110661,0.0019797204582661663,0.0,0.0,1.5,0.07082447340140932,10763.701047837862,10894.272498497145,10901.318013897091,10775.520466851354,0.0,0.0,0.0,0.0,0.0,0.0,nan,0,0.012567548402432446,-0.01622716935534249,-0.007998097463574272
12.925652668000112,0.05245196482522524,0.0311507384065463,1.5185752186395847,0.2540049709827316,0.02207476466612134,-0.06851044350725166,0.007213858898884456,-0.06043345205751779,-0.009348588150222157,0.0,0.0,1.5,0.06377002324609987,10783.2792196102,10911.861298740992,10924.940204117349,10803.946951423684,0.0,0.0,0.0,0.0,0.0,0.0,nan,0,-0.005927303086231295,0.025140272089764826,0.02604598931602431
12.936005535999357,0.06539446734625791,-0.00716944644371666,1.4982082476421754,0.279604798104186,0.034693604231748186,-0.01853079100428174,0.006581286442111582,-0.06693862443246401,-0.00428875002408493,0.0,0.0,1.5,0.06581069592643649,10783.2792196102,10911.861298740992,10924.940204117349,10803.946951423684,0.0,0.0,0.0,0.0,0.0,0.0,nan,0,0.0043870996598153675,-0.013656803241208984,0.005554849675032392
12.947014208999462,0.07169441073206409,0.003187413889697078,1.5096737179845514,0.2660482111051761,0.057692512587684694,0.021151520388083444,0.008613394612306275,-0.06824806733687591,0.0007458598409422098,0.0,0.0,1.5,0.07241428696857254,10795.977720490639,10914.424857929474,10944.264226151956,10818.958068860295,0.0,0.0,0.0,0.0,0.0,0.0,nan,0,0.00812556007995914,-0.0037685888542603315,0.016889322726824307
12.957036234000043,0.05678189402455529,0.0016432044139981948,1.4739788880971023,0.250648097022699,0.06895654676478387,0.018679882217454834,0.006743120241063115,-0.06961402095463656,0.001297146861504705,0.0,0.0,1.5,0.06248185236070658,10795.977720490639,10914.424857929474,10944.264226151956,10818.958068860295,0.0,0.0,0.0,0.0,0.0,0.0,nan,0,-0.009280220225052746,-0.005772853878370191,-0.01893884972737414
12.967408251999586,0.07986115746077306,0.014285226361191141,1.483668444276894,0.23020104908816155,0.04169795929421361,0.026889478702109157,0.008571580812905304,-0.07475603472838392,0.002985084703410326,0.0,0.0,1.5,0.08275621955781799,10758.70467714924,10872.59842053232,10896.17279113191,10778.92595808481,0.0,0.0,0.0,0.0,0.0,0.0,nan,0,0.01137560346213208,0.006418043284404701,-0.009381672712034383
12.978374992999306,0.060777499085458195,0.010241639687886491,1.4831043568451652,0.20867673478495657,0.05278662010663963,-0.018531548808969987,0.009667507661450287,-0.07069394101546507,-0.0003265243882478414,0.0,0.0,1.5,0.0639082024171771,10745.192324042748,10880.299754714099,10892.725902342236,10763.703522180016,0.0,0.0,0.0,0.0,0.0,0.0,nan,0,-0.01005996360643828,0.001932613719740588,-0.010076437687278172
12.988593299000058,0.06570064189668967,0.015236644159688083,1.4899905126829673,0.2221790497086482,0.015466221180352593,-0.020316435157072373,0.010084290269635914,-0.07354622261850192,-0.0030146459394705854,0.0,0.0,1.5,0.06818298546731325,10765.061929339085,10911.564569400653,10923.192037249963,10780.103254584626,0.0,0.0,0.0,0.0,0.0,0.0,nan,0,-0.0074154172869037305,0.006495418897068044,-0.0033204974997809167
12.998879169999782,0.07130451345649622,0.017555921526561404,1.5138816670256818,0.21729480210963553,0.09049013842554872,-0.04183237314294125,0.007708894474825791,-0.07469657131799926,0.005794254745399499,0.0,0.0,1.5,0.07473449470844326,10771.76213073431,10918.667494328993,10941.784303705466,10796.447636670597,0.0,0.0,0.0,0.0,0.0,0.0,nan,0,-0.004014978969637595,0.00839251351967791,0.020437748463667527
13.009545122999953,0.0856398997878054,0.015230583921044894,1.5240022826316568,0.19814119713037606,0.059247945621130164,-0.0059533054986760986,0.009834528133383553,-0.07948556052725993,-0.0025777324478786167,0.0,0.0,1.5,0.09023454268610928,10783.360372379697,10932.445977883948,10928.782341338878,10790.495920733065,0.0,0.0,0.0,0.0,0.0,0.0,nan,0,0.008193759440569132,0.00565535335780974,0.03042167736960355
13.020029983999848,0.09167706260780786,0.01826014502949321,1.486197362519275,0.2086825417456765,0.03442583795676091,-0.03723889661792985,0.011602925180296713,-0.08069561490584029,-0.0009753632803820776,0.0,0.0,1.5,0.09449142557035724,10751.648332224371,10900.430513119341,10896.245442985699,10753.22601477641,0.0,0.0,0.0,0.0,0.0,0.0,nan,0,0.012182273408654312,0.008283744458549857,-0.00752057639107262
13.03038497399939,0.08092157611233627,0.0032794580789486357,1.487526547232239,0.20671638364071057,0.032802918289374844,0.04122943057815556,0.007206808201669174,-0.08211332317960038,0.003426816058588625,0.0,0.0,1.5,0.081942927393069,10782.858369702473,10927.99387295084,10931.844694721398,10792.031615020625,0.0,0.0,0.0,0.0,0.0,0.0,nan,0,-0.0005424748331414597,-0.007087134149891574,-0.0063294998970124805
13.041048764000152,0.055217088824952854,0.006106510689961438,1.4930048258026012,0.19408018517082615,0.07699353733736274,-0.00379112186393183,0.011676353824504312,-0.08295984125901336,-0.004534781361013355,0.0,0.0,1.5,0.055992399780338944,10745.763603674199,10892.382988274538,10899.917078903383,10764.87112711095,0.0,0.0,0.0,0.0,0.0,0.0,nan,0,-0.028135569206180586,-0.004638977222072849,-0.0009897738244846188
13.051312726000106,0.08325239189966138,-0.01529420369832697,1.4684380933436947,0.2103315514294163,-0.004050399592886496,0.0185819096302735,0.010976336151046127,-0.08187484490231493,0.0016354673447258542,0.0,0.0,1.5,0.09033840476542661,10745.763603674199,10892.382988274538,10899.917078903383,10764.87112711095,0.0,0.0,0.0,0.0,0.0,0.0,nan,0,-0.001907229563467533,-0.026407007292656614,-0.025692717099205176
13.061938890999954,0.08745974063948521,0.010739131419031269,1.4677137456119094,0.16761868323589824,0.027205004631987145,-0.02196326552184738,0.015480761619024834,-0.08649935726205354,0.0041913329234310875,0.0,0.0,1.5,0.0938452843715322,10748.88870910553,10888.776561534847,10922.78237510092,10788.453341799575,0.0,0.0,0.0,0.0,0.0,0.0,nan,0,0.0005760152432079668,-0.000729086800039417,-0.026551902322808685
13.072465008999643,0.08483285682943921,0.01820733755465751,1.497781871883908,0.15663366876502627,0.03740206272220062,-0.01962692014469798,0.009643103842477617,-0.08330520754388819,0.004967101034954126,0.0,0.0,1.5,0.08679309206966168,10776.27100740624,10927.157050371698,10965.02586889512,10824.234373689476,0.0,0.0,0.0,0.0,0.0,0.0,nan,0,-0.003690704801071726,0.006395954121160622,0.00337862745181039
13.082884163000017,0.08027707017424143,0.0055965401385421444,1.5074584205113453,0.15251118856890325,0.018039577536797982,-0.035186776621368154,0.011795581008137622,-0.08818332281868883,-2.1552184929426403e-05,0.0,0.0,1.5,0.0808168131876434,10775.954782610115,10931.48223522934,10957.249248507296,10815.316777999844,0.0,0.0,0.0,0.0,0.0,0.0,nan,0,-0.009800842812647606,-0.006545447579757144,0.012912086468212847
13.09316409299936,0.08417509380273354,0.01296705043288483,1.535017358816274,0.11941528980211859,0.051533462722617995,-0.03673078763855151,0.01690893563288376,-0.088442549611512,-0.0009894648358857742,0.0,0.0,1.5,0.09208586336727076,10775.954782610115,10931.48223522934,10957.249248507296,10815.316777999844,0.0,0.0,0.0,0.0,0.0,0.0,nan,0,-0.007370821674931402,0.0005072707700119923,0.04032291391584297
13.104151978000118,0.11522066851185972,0.011872953970446846,1.4904482802846402,0.1199496261382923,0.040477826487103206,-0.04600517301318634,0.016755963451968437,-0.09120434108278586,0.002839060586985931,0.0,0.0,1.5,0.11622394261865757,10743.274992854751,10912.18005526425,10941.69108362672,10777.806412421794,0.0,0.0,0.0,0.0,0.0,0.0,nan,0,0.02229369667698422,-0.0008916013126967302,-0.004396752061008646
13.114340458999322,0.09831169103387848,0.010642439503236394,1.5054503262000907,0.09782419883414911,0.010436838961960015,0.02825216963142071,0.013956694239413184,-0.09217741308373602,-0.0036970847844932926,0.0,0.0,1.5,0.09903613566879628,10774.574956486153,10944.482809061925,10970.017470505774,10809.970082863418,0.0,0.0,0.0,0.0,0.0,0.0,nan,0,0.004091400952095953,-0.0024136484055720196,0.010451548853359416
13.125072558999818,0.09749519136387794,0.009438862726872575,1.5192563369795231,0.16158083822878808,0.010970761062246375,-0.020663025390839473,0.018475373987440057,-0.09341163285045345,-0.007209762546349121,0.0,0.0,1.5,0.09982590336443178,10723.76257912605,10899.270843081615,10936.558476113603,10762.35777922768,0.0,0.0,0.0,0.0,0.0,0.0,nan,0,0.0020698227599489916,-0.0038953359827806414,0.02410220101436411
13.135391613999673,0.10042241419899467,0.017169943259558222,1.4839408364626656,0.12284200018816299,0.042613575888330944,-1.4407975435762788e-05,0.01699187756458773,-0.08600844354373229,-0.0018489666401808329,0.0,0.0,1.5,0.10313760205962588,10720.103056638467,10871.15427575578,10922.641708328032,10763.005364030141,0.0,0.0,0.0,0.0,0.0,0.0,nan,0,0.0038803091249801774,0.0035711685390538064,-0.01136531439009536
13.145626423999602,0.0990178773280887,0.013563380898664726,1.499189908774902,0.09624033534131736,0.06777085665696589,0.002045712042131219,0.013086392104666542,-0.0892365996297714,-0.007237477808377029,0.0,0.0,1.5,0.09994579320689624,10720.103056638467,10871.15427575578,10922.641708328032,10763.005364030141,0.0,0.0,0.0,0.0,0.0,0.0,nan,0,0.0014478411998780222,-0.00028627673249068467,0.0037349940892117406
13.156621015999917,0.09064252098817194,0.012644763412272116,1.4679625923326263,0.053523717042233014,0.011552966069576943,0.012126102094188887,0.013725995027368891,-0.09402652204391404,-0.004270975556944479,0.0,0.0,1.5,0.09696572664033938,10750.378785944546,10888.487714409126,10917.384546976164,10768.474394526615,0.0,0.0,0.0,0.0,0.0,0.0,nan,0,-0.007866140058130341,-0.0014419300491392683,-0.02763924349956204
13.167436081999767,0.09249067849357204,0.023074770427899707,1.494428563402306,0.08384572402717323,-0.010356126514298925,0.0073046314565314826,0.01683408108806181,-0.09315977512537645,-0.0015598983047520976,0.0,0.0,1.5,0.09548827961725831,10751.849359198126,10901.538779399621,10926.78092432248,10762.972576010861,0.0,0.0,0.0,0.0,0.0,0.0,nan,0,-0.006867059258966329,0.008764997169334543,-0.0013177621564979258
13.177606911999646,0.09404639266558366,0.016446856782363878,1.4850858673845617,0.09323374352497493,0.0319270627069758,0.03891007102767343,0.015053880508166601,-0.09220398569627122,-0.0023412906227346904,0.0,0.0,1.5,0.09663153948426786,10735.02174431426,10887.93964563818,10926.197030194757,10761.511396607899,0.0,0.0,0.0,0.0,0.0,0.0,nan,0,-0.006070640582981041,0.00192806900283048,-0.010802711649979146
13.188144740999633,0.10506795373973743,0.009239206319098591,1.484550233226247,0.06960852978272827,0.010355594545860198,0.011561366196809615,0.013573540573163715,-0.09231298154993285,-0.0007008338203575544,0.0,0.0,1.5,0.10659893587567297,10721.426499746289,10867.701641589989,10900.53800251101,10743.521804481465,0.0,0.0,0.0,0.0,0.0,0.0,nan,0,0.004281304217952628,-0.005474474341957353,-0.0114758214968389
13.198349221000171,0.1273245108962449,0.005986880468608116,1.509696223269845,0.04847246159934088,0.008651609811868025,0.01965122206015547,0.012946026167378099,-0.09074888622666408,0.002323525561033273,0.0,0.0,1.5,0.12783344851177283,10725.678780759075,10872.711615940561,10908.361851786894,10753.16899994968,0.0,0.0,0.0,0.0,0.0,0.0,nan,0,0.025957874329433736,-0.008907509976204958,0.01353852720899229
13.209146911999596,0.11255406008513279,0.015495626655764589,1.4865323399159016,0.045629401960129,0.02881075770325402,0.010287347798616998,0.012784194156305507,-0.09449037716374811,0.006277434254078465,0.0,0.0,1.5,0.1144111391222172,10714.809009810231,10860.164439994676,10896.805237871406,10746.966155912609,0.0,0.0,0.0,0.0,0.0,0.0,nan,0,0.010697062912163463,0.00043477510225438214,-0.009751511298787374
13.21957864199976,0.11429371039504718,0.027996692431155067,1.4948159282945823,0.02336693416648195,-0.03694531776059938,0.021295611439489746,0.011356996219900542,-0.0888513280273843,-0.005096325341710979,0.0,0.0,1.5,0.11778684825734376,10724.459131384625,10874.744967644008,10896.60323927439,10751.842332817012,0.0,0.0,0.0,0.0,0.0,0.0,nan,0,0.012035777881837045,0.012783657839469656,-0.00158765047953624
13.23012365500017,0.0869854898596719,0.017228188765469197,1.5010364687334974,0.01951854939098482,0.018128279751339994,-0.0030788623819589744,0.015148640468274693,-0.0901474157858107,-0.008211800975835298,0.0,0.0,1.5,0.08868122801191491,10711.510202513437,10857.964484375623,10894.803082728522,10746.554079352576,0.0,0.0,0.0,0.0,0.0,0.0,nan,0,-0.015584166945154618,0.0018772731114296334,0.004519813691921337
13.240096819999962,0.09217000021397789,0.0008726034728694723,1.502100349939134,0.037256408534722195,-0.0273079818569961,0.0038536544465851514,0.016549574034212866,-0.08807415383776077,-0.0032982730869651174,0.0,0.0,1.5,0.09219805771344844,10715.874781546048,10866.38496686245,10900.971406203917,10740.773401477589,0.0,0.0,0.0,0.0,0.0,0.0,nan,0,-0.010622484299477722,-0.014601887083064032,0.0054777294254462205
13.251036870999997,0.08351157658094283,0.02919826615134167,1.495946740186922,-0.0032805845546486968,0.0025754162226241787,-0.006548367485260606,0.01421169872397097,-0.09273485378968077,0.0006131675946201313,0.0,0.0,1.5,0.08856156663243699,10708.61739190855,10848.61350205003,10902.33399127895,10751.061933303148,0.0,0.0,0.0,0.0,0.0,0.0,nan,0,-0.019415191631520126,0.013614500181967778,-0.00077473714191445
13.261455627000032,0.09865006575925647,0.015079721892197293,1.4917544327528944,0.014881437209264296,-0.005144814241914652,-0.004385346305304291,0.011567677111123395,-0.0912316124672876,-0.003562091583728842,0.0,0.0,1.5,0.1001360218197137,10716.497821719433,10872.616907160856,10912.867853636411,10750.712416460825,0.0,0.0,0.0,0.0,0.0,0.0,nan,0,-0.004322808186635607,-0.0005990366613335511,-0.005059532175950343
13.272086095999839,0.09881769799793443,0.01630230074234789,1.5188899821126225,-0.0059375489120010805,0.007680874479232184,0.07957290703743189,0.014588089381511482,-0.09168614552923825,0.0012240427846968252,0.0,0.0,1.5,0.1019192517207624,10728.022416744148,10884.755336188038,10919.705577574518,10756.739226905456,0.0,0.0,0.0,0.0,0.0,0.0,nan,0,-0.004113461644141891,0.0005428081334624378,0.021988159085410075
13.28226271299991,0.08196597991461807,0.010361266854125951,1.4969500588328928,-0.011781230155112224,0.00645644093923607,0.04145101167323481,0.014044876013511936,-0.08521555840080976,0.005261924256615715,0.0,0.0,1.5,0.08267454176050083,10652.273533200072,10809.699242645907,10839.634352024774,10678.935565903119,0.0,0.0,0.0,0.0,0.0,0.0,nan,0,-0.020836809640444084,-0.005464860584906913,-2.867300285469554e-05
13.292593872999532,0.10577892408545124,0.03728110619089675,1.4837191796437768,0.01653759192526892,0.0050980983824995794,0.008910165365166478,0.012497143787840734,-0.09126554268906602,-0.0034832145828168435,0.0,0.0,1.5,0.11333193182401943,10645.40868412608,10802.663114938678,10827.846703654423,10675.602918288532,0.0,0.0,0.0,0.0,0.0,0.0,nan,0,0.003189834175305911,0.02140225509873023,-0.013318247204927358
13.303107667999939,0.11939643026076525,0.025844410652480776,1.468618639242585,-0.007540089680779439,-0.04237153930355442,0.005671889570582966,0.018656263061160895,-0.08674039647162858,-0.006451552099041709,0.0,0.0,1.5,0.12612783564294944,10668.644319420793,10814.400246467812,10832.409078564542,10692.413443670008,0.0,0.0,0.0,0.0,0.0,0.0,nan,0,0.017105596458927966,0.009926647372533827,-0.028459094042424304
13.313988795999649,0.09479199100834387,0.03073901377244803,1.4921891901464162,-0.03888218887431923,0.006825729644191775,-0.011820771065030693,0.013960284398752692,-0.08699436021092821,-0.006078776243566438,0.0,0.0,1.5,0.09995707717614366,10716.390435455258,10836.889420603044,10877.993897211725,10752.508386423513,0.0,0.0,0.0,0.0,0.0,0.0,nan,0,-0.007116313680469069,0.014796129117735708,-0.0049167934170346594
13.324157258000014,0.10667342899033107,0.025985652222925613,1.4940505912072153,-0.045695702714483394,-0.026121875542721607,-0.009885108197946248,0.01822559488678277,-0.08792088686671998,-0.004140911073668745,0.0,0.0,1.5,0.10995394508151905,10745.700793653114,10865.348022328346,10893.145986211151,10764.307630408393,0.0,0.0,0.0,0.0,0.0,0.0,nan,0,0.00523152293877828,0.010031392763188245,-0.0030774446800474475
13.33448439699987,0.0912828778946967,0.010721995323032186,1.4898986113117259,-0.06432042411339406,-0.006526808817519924,0.010595622605549467,0.013101127617412145,-0.08549288147421996,-0.00337483023794831,0.0,0.0,1.5,0.09246384717216144,10745.700793653114,10865.348022328346,10893.145986211151,10764.307630408393,0.0,0.0,0.0,0.0,0.0,0.0,nan,0,-0.009609474642643737,-0.005229992604203138,-0.007248379703979291
13.345180583999536,0.09615126521222797,0.007047044938038994,1.4914767940351816,-0.059231976398580896,0.0017268854843420663,-0.023196392587900978,0.011855106476523576,-0.07930637055531774,0.0005131183621343849,0.0,0.0,1.5,0.09678518318518417,10752.861228466121,10874.66196983281,10909.980277672968,10774.41741692277,0.0,0.0,0.0,0.0,0.0,0.0,nan,0,-0.004109340126616942,-0.008889169314541584,-0.00568707140845115
13.355439827999362,0.10805602195400073,0.03190324773196471,1.481383180684682,-0.07227000095239051,0.01610195604157114,0.03601201882295214,0.01336830409056308,-0.08387437771009613,-0.003706854427525428,0.0,0.0,1.5,0.1141950395498412,10779.464616185225,10895.029026583457,10924.48408049523,10799.009331677398,0.0,0.0,0.0,0.0,0.0,0.0,nan,0,0.008508406380773145,0.015996162323200357,-0.015797446103570367
13.365752085000167,0.10517103714323674,0.003888849200599641,1.482173826472762,-0.06276242380141196,-0.023137083512521216,-0.04172143272594444,0.01601816282795678,-0.0770756762135511,-0.003988961481387108,0.0,0.0,1.5,0.1067419442605028,10772.982933368019,10885.2195568576,10899.526535170166,10775.212128583524,0.0,0.0,0.0,0.0,0.0,0.0,nan,0,0.006416508339400967,-0.01197593395790826,-0.015023874092332745
13.376284344999476,0.12333153585085768,0.011821959571477744,1.4958551591202411,-0.09345085217445033,0.027062874079510642,-0.032029490524766904,0.012022919301293752,-0.0778758761286847,-0.0006794540960334967,0.0,0.0,1.5,0.12396614928826162,10816.313116592,10912.94795892976,10939.08211868427,10832.546671852355,0.0,0.0,0.0,0.0,0.0,0.0,nan,0,0.025449158757001808,-0.003987509487385469,-0.001362574054216914
13.386960341999838,0.11238535420948634,0.001903534372594341,1.5096009715884058,-0.10873703874948448,-5.140827708388431e-05,0.008160806064348672,0.01115833218267368,-0.07571553716189436,-0.0013056448671234303,0.0,0.0,1.5,0.11281077049351595,10838.501191329176,10929.702148356004,10939.10052070961,10840.373361476202,0.0,0.0,0.0,0.0,0.0,0.0,nan,0,0.015453275667927549,-0.013837749857527512,0.01235539465258495
13.397304258999611,0.09174770826344894,0.01354907908258668,1.4801182933453911,-0.08804627058052594,-0.01255665406062613,0.016533387959938334,0.00968926764685857,-0.07588847560555499,-0.0012723115118987605,0.0,0.0,1.5,0.09484989074891464,10826.706913468472,10918.096454220065,10921.6723679766,10825.662393391782,0.0,0.0,0.0,0.0,0.0,0.0,nan,0,-0.0041572160747823245,-0.002111349833010704,-0.01716383915006392
13.407616689999486,0.0925473078645914,0.011719174719824648,1.4943776153709072,-0.12392650008315294,-0.004224437178479633,0.0119469581680677,0.011802710032424408,-0.07425462198225762,0.000846030103139102,0.0,0.0,1.5,0.09345562828430772,10817.111007727926,10907.730027901063,10914.672306919649,10820.759584305815,0.0,0.0,0.0,0.0,0.0,0.0,nan,0,-0.0022552460004309216,-0.0038479788963878634,-0.00294682978808658
13.41826786099955,0.09068913802020738,0.03383171078397957,1.5041996450065838,-0.13868894968061793,0.007383249286377628,0.0008333091438486396,0.01000501312976219,-0.0727501404500581,0.00014191821150852008,0.0,0.0,1.5,0.09688519715415965,10797.218981701528,10895.183958552838,10902.746326576718,10803.777344431828,0.0,0.0,0.0,0.0,0.0,0.0,nan,0,-0.00293743854971229,0.018370013267069864,0.006829164162448276
13.428732513999421,0.09072805006558152,0.005709861116817764,1.5008202282666674,-0.13300657443331945,-0.046842133015158174,0.005906952791555476,0.01522448703073523,-0.07136137631807338,9.672279587437846e-05,0.0,0.0,1.5,0.09091124439300924,10788.047497791551,10893.963820709216,10887.94120653527,10780.571582342312,0.0,0.0,0.0,0.0,0.0,0.0,nan,0,-0.0016506198508677294,-0.009634444545388058,0.0034023511225449443
13.439104867999959,0.07973320451353462,0.01826146035232251,1.4930349713020112,-0.1251265134780059,-0.01931196387340708,0.0010387949330013992,0.009245883486454935,-0.06742087679585035,0.0034726905735407497,0.0,0.0,1.5,0.08209370536746645,10765.246257756256,10872.47104643708,10891.21251486122,10784.909003073422,0.0,0.0,0.0,0.0,0.0,0.0,nan,0,-0.011327311842487378,0.003046244957957727,-0.004429861517685207
13.4496402879995,0.09035336533209883,0.01351544056180223,1.511613696776431,-0.15256254410008271,-0.03799656167910311,-0.010854082075651613,0.007048741472081088,-0.06698043973509028,0.0021484029474972506,0.0,0.0,1.5,0.09209384188549315,10771.83210921529,10876.060787195787,10889.850841370882,10792.000556869463,0.0,0.0,0.0,0.0,0.0,0.0,nan,0,0.0006796233808080282,-0.00155920852276468,0.014102656153960336
13.460528300000078,0.07455958483679283,0.006758017684033585,1.510696744626472,-0.12211340423100259,-0.0037395783874695117,0.03659116906741402,0.01026312773125092,-0.06646120599809481,0.00411866766724578,0.0,0.0,1.5,0.07562554356602388,10764.712676655043,10869.58564941553,10885.057181811875,10788.236580397932,0.0,0.0,0.0,0.0,0.0,0.0,nan,0,-0.013660422240632908,-0.008164817276206434,0.013140306770539345
13.470638541999506,0.08409935821756248,0.01643886881874086,1.486931284353192,-0.14046505186445032,-0.027446497531062736,0.05235318484379528,0.01240657433680891,-0.0658087865756568,-0.00014139646268861427,0.0,0.0,1.5,0.08668177310889981,10733.168978735557,10831.567542097931,10840.688015177171,10752.06101348944,0.0,0.0,0.0,0.0,0.0,0.0,nan,0,-0.00260192228131971,0.001678815031327427,-0.010665842228461342
13.480949275000057,0.06594623053251536,0.02889987162903905,1.5084085404866923,-0.1271014258008435,-0.026245101684651304,0.0007027834739672252,0.0070828244396300465,-0.06180430203470238,-0.0006264111979669557,0.0,0.0,1.5,0.07249007831930478,10718.297028178184,10810.591945578812,10826.592694421579,10741.89901814343,0.0,0.0,0.0,0.0,0.0,0.0,nan,0,-0.019173380082081637,0.01431327124112572,0.010779975864969815
13.492078579999543,0.08654519179008396,0.016282987704890374,1.508405644047762,-0.16757146754016425,-0.010638919008345639,0.026792678545731793,0.00787950524988617,-0.060468553575012025,-0.0035692851554833907,0.0,0.0,1.5,0.08846389524793549,10732.562158731438,10814.833061998259,10822.917909692267,10747.361784985309,0.0,0.0,0.0,0.0,0.0,0.0,nan,0,0.003068361801474767,0.0018802534304289305,0.010755596155875402
13.502129462000084,0.07425250301570459,0.0002836025023192513,1.495242472298247,-0.15201216694538974,-0.006494349442907686,0.015249901465701377,0.011060410608348318,-0.061495562439106734,-0.002898256248597347,0.0,0.0,1.5,0.0744053002433932,10732.562158731438,10814.833061998259,10822.917909692267,10747.361784985309,0.0,0.0,0.0,0.0,0.0,0.0,nan,0,-0.007522307580472717,-0.013925119766350505,-0.002418360955440235
13.51239579599951,0.08606070065674151,0.011194456566804198,1.5000152467084542,-0.14144615222429055,-0.020854130897660476,0.028109591091703533,0.012312391957856106,-0.0562705933779996,-0.0034343136278152915,0.0,0.0,1.5,0.08678571476814288,10736.320669436194,10808.964494053465,10815.636001615376,10741.32813965834,0.0,0.0,0.0,0.0,0.0,0.0,nan,0,0.006045275202979664,-0.0028103719018275092,0.002354465606604128
13.52301870700012,0.05994230503452081,0.008347574826364383,1.4968483198039213,-0.19121948021297394,-0.01648266967306334,-0.01368424409461528,0.006963754337377019,-0.05904389307616917,-0.0038254139769008442,0.0,0.0,1.5,0.06060276418111344,10737.550355586727,10791.351940554183,10804.19977691857,10745.389628446192,0.0,0.0,0.0,0.0,0.0,0.0,nan,0,-0.018258244136908554,-0.005443738481516377,-0.0008019916272492544
13.533291664999524,0.0817481336577387,0.022217093703001276,1.5017052916789837,-0.19461814742839822,-0.029171220121780656,-0.002787506802350552,0.010643193555797327,-0.05348112134984142,-2.82468176852441e-05,0.0,0.0,1.5,0.08473054129911989,10759.656595839897,10828.178071189253,10838.401126639497,10763.307289459379,0.0,0.0,0.0,0.0,0.0,0.0,nan,0,0.00541614277995546,0.008648669676425068,0.00407365670119475
13.54415709099976,0.0727879929332116,0.018093297081108073,1.4902874544480158,-0.17252593433486343,-0.04048888269326152,-0.04398087016559356,0.010694902956084662,-0.052006005749895945,-0.005019738211993989,0.0,0.0,1.5,0.07562931214555547,10768.26732022744,10835.891643845043,10845.903567165298,10773.628399427076,0.0,0.0,0.0,0.0,0.0,0.0,nan,0,-0.0016235441443511883,0.0047568948236654945,-0.007320616326281559
13.554705147999812,0.07283710334587133,0.012747461147038916,1.491567391890634,-0.18006652507140677,-0.009464129180604706,-0.029664020735886965,0.009419789772760038,-0.047801294449462566,-0.005711405679599296,0.0,0.0,1.5,0.07442345241278822,10816.267471193183,10871.027308217348,10890.593859623212,10826.310577049246,0.0,0.0,0.0,0.0,0.0,0.0,nan,0,0.0003961722211959645,-0.0003480178661331504,-0.006017330648041996
13.564882513000157,0.0757735419370257,0.01697409069774037,1.4749659378461697,-0.2038255002312287,-0.023927573533212006,-0.032012340320869415,0.011059758840342535,-0.048352929128322335,-0.0014578430628645542,0.0,0.0,1.5,0.08158709261040713,10816.267471193183,10871.027308217348,10890.593859623212,10826.310577049246,0.0,0.0,0.0,0.0,0.0,0.0,nan,0,0.005351623040321732,0.004128205749059378,-0.022601687481300647
13.575891215999945,0.0720138334014861,0.02714738356048055,1.505837061111438,-0.20236329900248815,-0.020648768811854526,0.005744753048491081,0.009575543925764343,-0.04610666395007658,-0.005502642468610335,0.0,0.0,1.5,0.07718188853465238,10878.89125829295,10922.592966680726,10935.355526998053,10882.364169974904,0.0,0.0,0.0,0.0,0.0,0.0,nan,0,0.003657486595259357,0.014559515405502304,0.008275248563468729
13.586829129999387,0.06993962183730718,0.017366773543974326,1.4887825873282543,-0.2149137815536158,-0.0009243177724266084,0.03510508509263884,0.01057820500931422,-0.041380922082665354,-0.004450036276007395,0.0,0.0,1.5,0.07293137783643926,10850.952390276285,10892.942461120681,10899.728897066469,10848.08178149568,0.0,0.0,0.0,0.0,0.0,0.0,nan,0,0.003693285069232999,0.005045048215202578,-0.008784603257278256
13.596449238999412,0.06792558827117053,0.0033138054842463682,1.4785948734083991,-0.21238072972239735,-0.013508465624291111,0.03843863834518584,0.013582269401946588,-0.04071863230291083,-0.01172407913569887,0.0,0.0,1.5,0.07129548578398535,10829.643841457642,10869.823621832049,10871.11609336948,10819.554505236063,0.0,0.0,0.0,0.0,0.0,0.0,nan,0,0.0038313391376032374,-0.008733989333144091,-0.0189839157087468
13.607106849999582,0.06650210634477889,-0.0067409058292089985,1.4896071961501938,-0.2302328764619929,-0.023384524279476168,0.0365484362129161,0.006183691801624975,-0.03926258787455356,-0.0030853508135765977,0.0,0.0,1.5,0.06764599272352423,10816.58121543468,10849.323163115023,10862.934016879237,10808.196921317984,0.0,0.0,0.0,0.0,0.0,0.0,nan,0,0.004599722707035521,-0.018507305790418,-0.007985909904302257
13.617554540999663,0.058712920861385756,0.01236108589691039,1.494690341334353,-0.1777014779360909,-0.002330407591098303,-0.018195017086117975,0.005156583209355728,-0.03527566967698247,0.00032101229202397273,0.0,0.0,1.5,0.06023450834672616,10792.259102160007,10830.255756886032,10849.206944342584,10791.72122613168,0.0,0.0,0.0,0.0,0.0,0.0,nan,0,-0.0009600961693242219,0.0008832298092142019,-0.0029169967643971617
13.627796773999762,0.041383419205878055,0.01290830345287542,1.524782903928824,-0.21961185637040256,-0.05041688994378126,0.002592159430116865,0.00831509695974002,-0.036166725101900755,-0.0009313605264243662,0.0,0.0,1.5,0.04993399653889399,10827.175930543508,10846.700971946579,10851.877517773399,10818.163104476966,0.0,0.0,0.0,0.0,0.0,0.0,nan,0,-0.01602489888932504,0.0017258465773596944,0.027161034107060944
13.638353356999687,0.054474800709412415,0.022470512359804806,1.5049073248156482,-0.22648234857771035,-0.018099792490193983,0.04177076817168418,0.008481460011407585,-0.03329841842599946,-3.838362929302473e-06,0.0,0.0,1.5,0.05913129184187182,10788.793519838962,10816.56010061611,10830.924948593542,10793.78531728554,0.0,0.0,0.0,0.0,0.0,0.0,nan,0,-0.0006357118511333276,0.011590006679672953,0.007271483477508278
13.649021425999308,0.04694614168937945,0.009720838233928508,1.4714629812128632,-0.20181472473865966,-0.04667049966875177,0.01063164083113355,0.004607408148056123,-0.03068084334398898,-0.0029757996594135987,0.0,0.0,1.5,0.05579243996050804,10762.330809421466,10791.410998728163,10798.075757487997,10761.609073773532,0.0,0.0,0.0,0.0,0.0,0.0,nan,0,-0.005835835470380482,-0.0008514971780071347,-0.026181131826981785
13.659400392999487,0.04190423340239834,0.006314807118583998,1.4956230944083901,-0.2299332638683677,-0.02213056911659037,0.012015589745723233,0.005190038615022237,-0.029361305899809877,-0.0032791556356419676,0.0,0.0,1.5,0.04260280352917471,10797.632322479876,10815.6675372508,10826.792438688777,10802.131628436187,0.0,0.0,0.0,0.0,0.0,0.0,nan,0,-0.008520674641547044,-0.0039434363555626165,-0.0020241696726146508
13.66974399799983,0.05948416655728024,0.02173519189799449,1.4820199198730983,-0.2756173317680724,0.0018189663438406998,0.00018512555296283802,0.006423512859807695,-0.022458311730784712,0.01156773187573815,0.0,0.0,1.5,0.06583363820439143,10797.632322479876,10815.6675372508,10826.792438688777,10802.131628436187,0.0,0.0,0.0,0.0,0.0,0.0,nan,0,0.011442719689047032,0.011796675659624032,-0.015628189465691555
13.680253518999962,0.042469460894890974,0.010324511912674559,1.497814054551987,-0.2608106409766248,-0.04634867989839489,0.007470115602246789,0.006907332021481634,-0.025512759293937672,-0.0027525048755090917,0.0,0.0,1.5,0.04376104446239054,10821.058451309098,10851.430657003037,10837.624953175322,10814.008699502641,0.0,0.0,0.0,0.0,0.0,0.0,nan,0,-0.0031643196275584692,0.0007110631654509512,0.00016540679129195546
13.690751355999964,0.034732363947366264,0.005330999946957991,1.515673535002026,-0.20927868729540688,-0.03278890393013721,-0.05867845919283978,0.006503055474767838,-0.020382142415626667,0.005440578518171795,0.0,0.0,1.5,0.038476179192670754,10807.461070508307,10842.944797069755,10843.77796631612,10809.842352875305,0.0,0.0,0.0,0.0,0.0,0.0,nan,0,-0.008471762686828019,-0.0039523378179535575,0.01802325327557619
13.701174341999831,0.032585490896507495,0.009567811128495038,1.5030006722203753,-0.25859811850200326,-0.05225388819229762,0.0022529335061574865,0.0062745789289684484,-0.014959540292552236,-0.00020951975789231455,0.0,0.0,1.5,0.03409341960747056,10838.644725654698,10858.846684972885,10860.49555774519,10848.733622389378,0.0,0.0,0.0,0.0,0.0,0.0,nan,0,-0.0081692202493905,0.000619335399174064,0.005345619675698465
13.711499061999348,0.03691048194921221,0.006144725383972947,1.5217516660232386,-0.2257464710635192,-0.05382350700681959,0.0010957342647513423,-0.00024940330646253345,-0.017442015645298563,-0.0043009761638425495,0.0,0.0,1.5,0.04328136206907167,10820.781133052433,10841.449817509634,10853.623342281864,10841.057183695057,0.0,0.0,0.0,0.0,0.0,0.0,nan,0,-0.0013773114465691974,-0.002464436526273355,0.024087604760520076
13.722134908999578,0.02466110696564526,-0.0064914611106898,1.4799998115772535,-0.2466521604659779,-0.04187157840378066,0.048219431254104474,0.003013948150566857,-0.014374601378482224,-0.002865500536006143,0.0,0.0,1.5,0.032408591469978446,10820.781133052433,10841.449817509634,10853.623342281864,10841.057183695057,0.0,0.0,0.0,0.0,0.0,0.0,nan,0,-0.011144613895321905,-0.014757183175983495,-0.017674016007311666
13.732693655999356,0.03455325015757423,-0.012236750898968484,1.5039423017990359,-0.24663615331216243,-0.009900186205071715,0.03204859902983401,0.004581980579809497,-0.01091207085728682,-0.012749238780816907,0.0,0.0,1.5,0.036867423458793416,10785.631424345083,10796.140910637461,10814.919920266051,10806.871182035477,0.0,0.0,0.0,0.0,0.0,0.0,nan,0,0.0012424224218365726,-0.02015523900674088,0.006261337933091804
13.742798762999882,0.030256926090544378,0.025831686014230804,1.4852975712225407,-0.2587136485801982,-0.0362916222531459,-0.007849017357868996,0.0023672324606712923,-0.007182999946443693,-0.0018771504473130854,0.0,0.0,1.5,0.04241366514158775,10776.007740961206,10773.374071072967,10790.614379858522,10782.605443973096,0.0,0.0,0.0,0.0,0.0,0.0,nan,0,-0.000548501083671174,0.018263888557011644,-0.012384936454161721
13.753529445999447,0.030118569274787878,0.000793131133154332,1.511516728200985,-0.26516608807364633,-0.048073170668183174,0.015322815430150736,0.0031497282212243146,-0.00996161713877607,-0.0009928877945172474,0.0,0.0,1.5,0.032255112782471194,10813.627840973915,10807.386491248431,10814.162523672145,10811.498306641299,0.0,0.0,0.0,0.0,0.0,0.0,nan,0,0.0018267886101093894,-0.0064208485603061685,0.01383707296705583
13.76448706500014,0.05163677111560269,0.0029208903811796397,1.4985194337868424,-0.27922081491612505,-0.024833505500126758,0.003031095182932484,0.00420944706126702,-0.006879731625868069,0.0001487070609987463,0.0,0.0,1.5,0.05174050452184972,10789.71654349922,10788.903729241018,10799.200786691823,10794.55457526246,0.0,0.0,0.0,0.0,0.0,0.0,nan,0,0.025864622581516727,-0.003936478255956052,0.0008460664006886276
13.774533412999517,0.01753374307685976,0.0074400496330283795,1.4983966891815037,-0.25094151864696296,-0.035656048798102975,0.03621455799188663,0.007066120229096352,-0.0037431313219619864,-0.005585605317781042,0.0,0.0,1.5,0.01911431637302157,10799.30832466662,10797.991349345732,10802.71371163483,10802.553569126236,0.0,0.0,0.0,0.0,0.0,0.0,nan,0,-0.005715062429039776,0.0009417429791984651,0.0007339277058500127
13.784831893000046,0.02960967954185958,0.0024206030739772526,1.5093008703136879,-0.2695134754886853,-0.001592888887956788,0.016390487699518556,0.002078660330037418,0.0001921354989405442,-0.0052487587247169905,0.0,0.0,1.5,0.03113034902479261,10782.333692556651,10775.44891575243,10784.63546881651,10787.500521096936,0.0,0.0,0.0,0.0,0.0,0.0,nan,0,0.008885662872126606,-0.00371653498662818,0.011654077166656451
13.795388812000056,0.03730403520714714,0.0025609005436838185,1.5025846100235911,-0.2244119795006179,-0.01645061651563652,-0.00896883175846578,0.0010240425316756492,0.0013537973657137506,0.0006670904979490262,0.0,0.0,1.5,0.037481054725084256,10782.664203301983,10770.486853434657,10767.701401768843,10771.14669717073,0.0,0.0,0.0,0.0,0.0,0.0,nan,0,0.019103995412507818,-0.003213311348778242,0.004961605300582539
13.805855574999441,0.007299446839374708,0.012769769654911778,1.5001687826822232,-0.23092749988997396,-0.0321244916518985,-0.024950806317259443,0.00187809481798064,0.0033086027740932213,-0.004149303601060386,0.0,0.0,1.5,0.014709773240746491,10813.469216227733,10779.71078733631,10769.919518619854,10798.23386067283,0.0,0.0,0.0,0.0,0.0,0.0,nan,0,-0.008379674292858642,0.007359900091164704,0.002576572203812022
13.816436209999665,0.015404315221169935,0.009382528116048637,1.5022140965368125,-0.27633261185572977,-0.05076309038575819,-0.05190884325418319,0.0011422191605841964,0.0032998454325523555,-0.007220374355888635,0.0,0.0,1.5,0.018172148600425212,10844.009036097576,10801.389019638205,10791.51222794683,10827.815300549679,0.0,0.0,0.0,0.0,0.0,0.0,nan,0,0.0022408065505094485,0.004338084689959127,0.0046557503936977
13.826710553999874,0.007076982342274002,0.011459829475443769,1.4966565355628914,-0.2581132649841136,-0.021568742132858698,0.003845400294461153,0.0008784576953236646,0.006468505194932006,0.0040952268097479184,0.0,0.0,1.5,0.013877684429375026,10872.72275425915,10835.905741355016,10835.695024672981,10861.993202931699,0.0,0.0,0.0,0.0,0.0,0.0,nan,0,-0.003578474913937247,0.006781569481710895,-0.0008704536964594389
13.837360129999979,0.009055700469911365,0.004607231504385998,1.4809928151656375,-0.25945382367405556,-0.027544223366156303,-0.012622718466682656,0.0008836707016685053,0.014071369916030467,0.0007701244496341563,0.0,0.0,1.5,0.021552386607134228,10862.843401636197,10833.798812108846,10823.14063509741,10852.106162310463,0.0,0.0,0.0,0.0,0.0,0.0,nan,0,0.0008985071856328995,0.00029558565839115595,-0.01650757156284932
13.847924880999926,0.011600877008361635,0.0037473770202427537,1.486965549313876,-0.23979989009292785,-0.026296467055772856,-0.06423361210363848,0.0017023607819053157,0.0148315658293513,-0.005820663390665969,0.0,0.0,1.5,0.01784713104630474,10885.620021636652,10851.346942099752,10837.67862274162,10875.343932380729,0.0,0.0,0.0,0.0,0.0,0.0,nan,0,0.00592995263718029,-0.0001975480274969319,-0.010514065038498055
13.85812793399964,0.02669820682545628,-0.000796494285379811,1.5139789857858548,-0.2507559638230483,-0.024457030669627643,0.009214613204527215,0.003970263654634086,0.015119533814452054,0.006933519306821005,0.0,0.0,1.5,0.030146984831697723,10938.432451490544,10887.414193596487,10875.86114943286,10925.308642422116,0.0,0.0,0.0,0.0,0.0,0.0,nan,0,0.023499302306664905,-0.004374910361687743,0.01650843840861982
13.868827573999624,-0.01954088088027322,0.011050987548588189,1.4972672821847104,-0.2523240526505207,-0.037758353476127646,-0.014023831935106089,-0.0005740283364278516,0.017722261498909143,0.0046641204340195355,0.0,0.0,1.5,0.022614997192882423,10891.151341061593,10839.389227378786,10827.887605142478,10888.575909669113,0.0,0.0,0.0,0.0,0.0,0.0,nan,0,-0.020284165470069077,0.007838556213049472,-0.00020546209782446034
13.879214192999825,0.005432060321203672,0.005399322243566534,1.5161443508271217,-0.23567911703825925,-0.02356441216456853,0.02343072818950152,-0.0005279498378185982,0.017733843112223622,0.0005598511433873106,0.0,0.0,1.5,0.017868968175366307,10886.752255735184,10843.934887277726,10830.437480407521,10885.91396493874,0.0,0.0,0.0,0.0,0.0,0.0,nan,0,0.007125933389794371,0.00255204617493895,0.018662115738953933
13.889557185999365,-0.014854253510643713,0.007331013672649714,1.5063122372655815,-0.22258896439874673,-0.02557186421780379,-0.02277865501973825,0.0005322810016637682,0.019555937806453278,0.003997052061149921,0.0,0.0,1.5,0.017726729763948113,10846.81694911173,10798.069203711273,10782.42643513828,10842.24506246151,0.0,0.0,0.0,0.0,0.0,0.0,nan,0,-0.010743689334493507,0.004847765773800949,0.008817457480523316
13.900475362999714,-0.005192414854396027,0.03890211418974905,1.5035767422633717,-0.21872397413034353,-0.062468712229063084,0.05118530551426823,0.001318109796465862,0.021247360628378103,0.006565834927750593,0.0,0.0,1.5,0.03940975444824563,10858.623123617828,10807.703157644835,10788.008295364287,10856.035461532221,0.0,0.0,0.0,0.0,0.0,0.0,nan,0,0.0013123855406489164,0.03678147498264579,0.006069302057506665
13.91086069299945,-0.0180841839041452,0.004681827533863439,1.4633364921419736,-0.23367457354906018,-0.03661897377494146,-0.009601813896679048,0.0009527293652320928,0.0245569456565986,-0.0011503727827774201,0.0,0.0,1.5,0.04114814728504007,10815.450379809574,10760.533825211867,10743.63408885459,10820.481927684405,0.0,0.0,0.0,0.0,0.0,0.0,nan,0,-0.009209534291589884,0.0029220938630959304,-0.03418055118926677
13.921201385000131,0.0010540555092268637,0.00601124990475361,1.493317085104795,-0.2336791582225748,0.0025355161465598353,-0.04716795793811823,-0.0030334391024623396,0.029331140327482012,-0.005114599272710375,0.0,0.0,1.5,0.009050276787506818,10865.51117721454,10807.42909799816,10795.903829343762,10870.691644765371,0.0,0.0,0.0,0.0,0.0,0.0,nan,0,0.012272171250011472,0.004610432942961843,-0.004207465820635026
13.931448266999723,-0.016004692168614772,-0.007564511290724836,1.4867105704069727,-0.2556150931645941,-0.06513695390453336,-0.058286291439156895,-0.0009521824178823437,0.0333393388358749,-0.009160293893665131,0.0,0.0,1.5,0.022135513126820692,10865.51117721454,10807.42909799816,10795.903829343762,10870.691644765371,0.0,0.0,0.0,0.0,0.0,0.0,nan,0,-0.0024716298329252786,-0.00860869659457255,-0.010826832628242133
13.942471254999873,-0.0171346670749872,0.016978522298584143,1.4692556763535254,-0.22215025317769868,-0.03480941855098011,0.013460608291560202,-0.001160659895965891,0.0303241656461769,-0.006514640703921118,0.0,0.0,1.5,0.03907787701108323,10943.757492414521,10869.961578870953,10870.118744634061,10939.767521802945,0.0,0.0,0.0,0.0,0.0,0.0,nan,0,-0.001317272944769337,0.016288392159617266,-0.028306345738773997
13.952558543000123,-0.021352788535706834,-0.0001612701760169529,1.489632854156086,-0.23903761339323104,-0.05201223511504785,0.04011759517406695,0.001659489825386418,0.03385543740475544,-0.002981827663807962,0.0,0.0,1.5,0.023737002744012786,10942.53105757994,10862.780085161377,10861.610370521677,10931.201041459108,0.0,0.0,0.0,0.0,0.0,0.0,nan,0,-0.003283632338097583,-0.0005001999222848911,-0.00796816982445403
13.963233811999999,0.00020196152214248253,0.0002586890067337944,1.4896318052205926,-0.21142574677882844,-0.021064559287025993,-0.004492417227253737,-0.0007621116008406318,0.03863419096653973,-0.0004288195597405912,0.0,0.0,1.5,0.01037338765507018,10891.73858740519,10817.539163207803,10826.330281049417,10891.751393400486,0.0,0.0,0.0,0.0,0.0,0.0,nan,0,0.020488631372620927,0.00026784942342557413,-0.008017925904500789
13.97340198999973,-0.03494973524038058,0.009759518584656351,1.5030793702782546,-0.2506306774567426,-0.03262912296313605,0.0025219113767718624,0.00022000906835921425,0.03628350536199767,-0.0007124698104192323,0.0,0.0,1.5,0.03641723105464706,10901.85299034603,10811.313923055492,10815.38165698674,10899.447884216017,0.0,0.0,0.0,0.0,0.0,0.0,nan,0,-0.01248145478717258,0.010113403345536894,0.005375001211372243
13.983994160999828,-0.026473304039247775,-0.012240261245030113,1.4979968306897313,-0.2044346170800561,-0.0331092710225646,-0.016682815842321473,-0.004208780985324751,0.03461797759263895,-0.0003396492993801788,0.0,0.0,1.5,0.029234782526754682,10876.693540606833,10806.358309853702,10805.163433984919,10872.721706225831,0.0,0.0,0.0,0.0,0.0,0.0,nan,0,-0.001860988907840689,-0.011545279448854742,0.00023353272914561352
13.99424265899961,-0.026782122321775098,0.002111760433306171,1.5078154228847318,-0.21193867762926885,-0.05844372736541466,-0.006920042806331327,-0.004872614104639266,0.04028605640163071,-0.006160177183195489,0.0,0.0,1.5,0.027978964295580906,10876.693540606833,10806.358309853702,10805.163433984919,10872.721706225831,0.0,0.0,0.0,0.0,0.0,0.0,nan,0,-6.500095071613338e-05,0.003143949102182698,0.00998982403701687
14.005108915000164,-0.015129720312983189,0.0019458564565763743,1.5302286681995652,-0.19513060667041474,-0.0616174298723395,0.01622701035806877,-0.004876216138880503,0.04420535229317879,-0.005008925078391836,0.0,0.0,1.5,0.033859521190030106,10873.172430939885,10791.825574954191,10800.535782672448,10873.337568416031,0.0,0.0,0.0,0.0,0.0,0.0,nan,0,0.013651360858717947,0.0033110995328803176,0.03233803378232403
14.015290414999981,-0.026247490256211203,0.00769072823387512,1.475117639240126,-0.20242587364092296,-0.0558282802127773,-0.017384605461252308,-0.0058310403102028304,0.04430167857826479,-0.004293489614719964,0.0,0.0,1.5,0.036975801850693456,10831.398433152935,10735.398185857046,10750.337197173856,10835.198293544081,0.0,0.0,0.0,0.0,0.0,0.0,nan,0,0.0045553369144588005,0.009384631549553142,-0.022835261226747727
14.025774886999898,-0.03161124961670274,0.008362945242250522,1.4867487756878954,-0.16231946999032268,-0.009422575037282404,-0.02033245542207288,-0.005695770866149895,0.042715902667583544,-0.0005562081749071584,0.0,0.0,1.5,0.035281792772251255,10876.619685637337,10777.244317433475,10789.5473022884,10877.514020073084,0.0,0.0,0.0,0.0,0.0,0.0,nan,0,0.0011695681599289895,0.010380847211755358,-0.0112634853907565
14.036550050999722,-0.038149736953899185,-0.0021816250054148257,1.5044902143583176,-0.2215463714930779,-0.046300556284570464,0.02999700531882535,-0.006119856143424706,0.04653418385113162,-0.004788354924082018,0.0,0.0,1.5,0.038474978132542116,10913.505330612315,10802.443838101159,10795.642002257584,10897.197888555536,0.0,0.0,0.0,0.0,0.0,0.0,nan,0,-0.0034364324947299407,0.00015531555974249026,0.006415830856545179
14.047158577999653,-0.029282104704998813,0.008785209995690879,1.4974922486634785,-0.20023016526054932,-0.03202003918360148,0.004637430189476078,-0.007395451178492925,0.047898572800276346,0.0005634965188320698,0.0,0.0,1.5,0.030674262621760377,10867.478360082554,10770.510198926722,10768.715096703994,10854.715163289884,0.0,0.0,0.0,0.0,0.0,0.0,nan,0,0.0073168152560179125,0.011435967083544763,-0.0006453782096302874
14.057331469000019,-0.03583730796922385,-0.004094636807186687,1.4867729511243886,-0.22734641481107637,-0.0458100215428964,0.02516724095036957,-0.006840030570577666,0.048014392814038076,0.004199868872632346,0.0,0.0,1.5,0.03841918160270436,10868.392820191968,10774.80694561847,10760.33945845418,10849.43320936739,0.0,0.0,0.0,0.0,0.0,0.0,nan,0,0.0025991336217918784,-0.0011355318081845986,-0.011425570048319678
14.06766168499962,-0.048289502855878484,0.0003662251394642036,1.5014133529077085,-0.19681831773263264,-0.021778782509862694,-0.012678808362353192,-0.006647526099747862,0.05307099783514491,-0.0009503685365110078,0.0,0.0,1.5,0.04831156976711065,10850.701095786051,10775.80908518542,10762.779218856203,10840.02465951006,0.0,0.0,0.0,0.0,0.0,0.0,nan,0,-0.008064926309903658,0.003627956628331216,0.00315709610615289
14.078074004999507,-0.04048253731041173,-0.01475601433994858,1.5151104298439633,-0.17852140893704085,-0.023251640887660994,0.00023055593650951638,-0.0070800841913832395,0.050597045176645074,-0.00039524121021728776,0.0,0.0,1.5,0.04566071480341697,10850.701095786051,10775.80908518542,10762.779218856203,10840.02465951006,0.0,0.0,0.0,0.0,0.0,0.0,nan,0,0.001479489176671532,-0.011197628699556013,0.01679935369574803
