time,x,y,z,vx_body,vy_body,vz_body,roll,pitch,yaw,ref_x,ref_y,ref_z,position_error,rpm_0,rpm_1,rpm_2,rpm_3,disturbance_fx,disturbance_fy,disturbance_fz,disturbance_tx,disturbance_ty,disturbance_tz,obstacle_clearance,local_point_count,position_noise_x,position_noise_y,position_noise_z
0.012971802000000001,-0.003973340592549345,0.023439946313557957,0.00288695466551225,0.05209109983485257,-0.04305715940895324,-0.009614091690913037,0.0005758057706234972,-0.002975050531367075,0.008278727061883593,nan,nan,nan,nan,0.0,0.0,0.0,0.0,0.0,0.0,0.0,0.0,0.0,0.0,nan,0,nan,nan,nan
0.015513625000000001,0.005837535841167808,0.007998443434803392,0.006336682664798181,-0.027221627149334397,-0.02693902580318757,-0.0004760412269148853,0.0005181254699714351,0.001867639787768961,-0.0017656704479275915,nan,nan,nan,nan,0.0,0.0,0.0,0.0,0.0,0.0,0.0,0.0,0.0,0.0,nan,0,0.005837535841167808,0.007998443434803392,0.006336682664798181
0.030712189,0.010448194967351063,0.0029363795072105793,0.00575366547973786,-0.0037115370595631196,0.011672572732286156,0.028650605259863487,0.002511666297106489,0.0008001827239239012,-8.883806297964318e-05,nan,nan,nan,nan,0.0,0.0,0.0,0.0,0.0,0.0,0.0,0.0,0.0,0.0,nan,0,0.010448194967351063,0.0029363795072105793,0.00575366547973786
0.045511169000000004,0.0036687611293859867,-0.00030842052803581674,0.023438130838724727,0.0301875603948747,-0.005530159637980935,-0.033196759996554796,0.0003226565112014248,0.002871360589293474,0.0005236928762621563,nan,nan,nan,nan,0.0,0.0,0.0,0.0,0.0,0.0,0.0,0.0,0.0,0.0,nan,0,0.0036687611293859867,-0.00030842052803581674,0.023438130838724727
0.060312845000000004,0.00950524516316936,0.007325472089060124,-0.020328571610491883,-0.012127436924939535,-0.02738448755086549,0.008281230126631275,-0.0019240128261319338,-0.0010541104612331726,-0.002770416256362129,nan,nan,nan,nan,0.0,0.0,0.0,0.0,0.0,0.0,0.0,0.0,0.0,0.0,nan,0,0.00950524516316936,0.007325472089060124,-0.020328571610491883
0.07521150900000001,-0.013338470490787348,0.0024689522885814074,0.014356274135734735,0.04568176185069721,0.04132463611148886,-0.030353204423922836,0.001381362296621066,0.000938956499864542,0.0019086589431812644,nan,nan,nan,nan,0.0,0.0,0.0,0.0,0.0,0.0,0.0,0.0,0.0,0.0,nan,0,-0.013338470490787348,0.0024689522885814074,0.014356274135734735
0.09009811000000001,-0.008523028684533118,0.00935749953667742,0.0032790584142399523,-0.01098075542390977,-0.004028039312341923,0.01466806391818363,-0.0027535285096211702,-0.0040120964851745435,0.00046319590879286064,nan,nan,nan,nan,0.0,0.0,0.0,0.0,0.0,0.0,0.0,0.0,0.0,0.0,nan,0,-0.008523028684533118,0.00935749953667742,0.0032790584142399523
0.105108329,-0.004762650219339264,-0.013931113623399626,-0.003123854472074291,0.021499346886994355,-0.005365567064399563,-0.017918307994620623,0.0032150377852348954,0.0017139655594067785,0.002435755421400127,nan,nan,nan,nan,0.0,0.0,0.0,0.0,0.0,0.0,0.0,0.0,0.0,0.0,nan,0,-0.004762650219339264,-0.013931113623399626,-0.003123854472074291
0.120040271,0.005939026087961026,0.0005962152636486689,0.004139522844252341,0.007098019881507148,-0.02184432743355913,0.001697688741496251,-0.0020361096732478194,-0.0007106074121962475,-7.246312055845397e-05,nan,nan,nan,nan,0.0,0.0,0.0,0.0,0.0,0.0,0.0,0.0,0.0,0.0,nan,0,0.005939026087961026,0.0005962152636486689,0.004139522844252341
0.135177081,0.002784971698987852,0.011095239595203888,0.013953048077349794,0.0030883177687044804,-0.007768114745188981,-0.037556674370647254,-0.0002705689908722989,0.001334651421559999,-0.0050477322251097695,nan,nan,nan,nan,0.0,0.0,0.0,0.0,0.0,0.0,0.0,0.0,0.0,0.0,nan,0,0.002784971698987852,0.011095239595203888,0.013953048077349794
0.150121061,-0.029411998772482212,0.008112925777618045,-0.0031242300433940292,-0.012968788868216934,0.01661189248329139,-0.02014030195570776,-0.0030075569088662524,0.00029944266635571667,0.0032170778584134,nan,nan,nan,nan,0.0,0.0,0.0,0.0,0.0,0.0,0.0,0.0,0.0,0.0,nan,0,-0.029411998772482212,0.008112925777618045,-0.0031242300433940292
0.16496249600000001,0.0032841134968739708,0.005039823828645646,-0.012361717875231465,-0.011601053754342207,0.013145414441409623,0.04170527748191208,-0.0006746343467934771,0.0015606445597139732,-0.003741970051602294,nan,nan,nan,nan,0.0,0.0,0.0,0.0,0.0,0.0,0.0,0.0,0.0,0.0,nan,0,0.0032841134968739708,0.005039823828645646,-0.012361717875231465
0.17958331700000002,0.0017820904067174462,0.012666367435769495,0.026739118892718565,0.04380913404339975,0.01352515773443968,0.06679000069970663,0.001882288241373595,-0.0003165039461763746,-7.50913375631407e-05,nan,nan,nan,nan,0.0,0.0,0.0,0.0,0.0,0.0,0.0,0.0,0.0,0.0,nan,0,0.0017820904067174462,0.012666367435769495,0.026739118892718565
0.194701076,0.006158660572617886,-0.0018997892736001927,0.013630146896908639,0.04369587034307774,-0.028806176092993775,-0.006352649152490558,-0.00022890651620779208,-0.0035051266684796916,-0.002250856348552156,nan,nan,nan,nan,0.0,0.0,0.0,0.0,0.0,0.0,0.0,0.0,0.0,0.0,nan,0,0.006158660572617886,-0.0018997892736001927,0.013630146896908639
0.20489194900000002,-0.006636701335336087,0.00702290902152114,0.005965351718812079,0.013898081625280811,0.021695295821212483,0.028229298339610756,0.0001453233129817795,0.0022683009295332013,-0.000408336318904989,nan,nan,nan,nan,0.0,0.0,0.0,0.0,0.0,0.0,0.0,0.0,0.0,0.0,nan,0,-0.006636701335336087,0.00702290902152114,0.005965351718812079
0.219661885,-0.006998986198108157,-0.008533027880621333,0.0011590674325503085,0.015261660837097239,-0.008095414818440012,0.029261866009365495,-0.0005637377762351664,0.004778348154679954,0.003110887812044011,nan,nan,nan,nan,0.0,0.0,0.0,0.0,0.0,0.0,0.0,0.0,0.0,0.0,nan,0,-0.006998986198108157,-0.008533027880621333,0.0011590674325503085
0.23485302900000002,-0.004310507448533488,-0.00395599818748193,-0.01574007775854294,-0.018501611271615027,0.023283952279116848,-0.025067585930009732,0.0019874917169162435,-0.00160432238220005,-0.007485543330927062,nan,nan,nan,nan,0.0,0.0,0.0,0.0,0.0,0.0,0.0,0.0,0.0,0.0,nan,0,-0.004310507448533488,-0.00395599818748193,-0.01574007775854294
0.249578604,-0.0018817094176157424,-0.00884322799453594,0.002164214396235004,0.05300518525357627,-0.015257418067176667,-0.001459269075296852,0.0003906793836694492,0.0004386570427431222,0.004012894990757102,nan,nan,nan,nan,0.0,0.0,0.0,0.0,0.0,0.0,0.0,0.0,0.0,0.0,nan,0,-0.0018817094176157424,-0.00884322799453594,0.002164214396235004
0.264403743,0.009316800306567582,0.0020613976837899413,-0.01727680134757464,0.0018061221062445224,-0.02503866443785493,0.01631601554649204,-0.0029308427230868746,-0.0018167101787933,-0.0061460124225230905,nan,nan,nan,nan,0.0,0.0,0.0,0.0,0.0,0.0,0.0,0.0,0.0,0.0,nan,0,0.009316800306567582,0.0020613976837899413,-0.01727680134757464
0.279329305,0.012425791477944327,-0.0020004377981196943,0.016437695571961966,-0.01422430253490252,-0.013228939530063688,0.023870534858774023,0.0028653270604708553,-0.00011570259876746326,-0.006569419010468257,nan,nan,nan,nan,0.0,0.0,0.0,0.0,0.0,0.0,0.0,0.0,0.0,0.0,nan,0,0.012425791477944327,-0.0020004377981196943,0.016437695571961966
0.29440441100000003,-0.013445278906177175,-0.014893634681572301,0.016669866189364984,0.020281016206498078,-0.009843118870027813,-0.01861820174395426,0.002413417595101805,-0.002357910240730841,-0.0003753665946852958,nan,nan,nan,nan,0.0,0.0,0.0,0.0,0.0,0.0,0.0,0.0,0.0,0.0,nan,0,-0.013445278906177175,-0.014893634681572301,0.016669866189364984
0.309389797,-0.002939730324644867,-0.013207772887767852,0.00296260637777888,-0.009284817736986662,-0.0028770133453686272,-0.017523089981929838,-0.0006266579130405796,0.002654274371605373,0.004793925553166831,nan,nan,nan,nan,0.0,0.0,0.0,0.0,0.0,0.0,0.0,0.0,0.0,0.0,nan,0,-0.002939730324644867,-0.013207772887767852,0.00296260637777888
0.324326172,0.00024040357854423228,0.02263355956046886,0.02491913346427654,0.009254283949431301,0.001690261146142276,-0.010198213265414124,-0.00168612635989656,0.0029803020001558335,-0.0002512638840969373,nan,nan,nan,nan,0.0,0.0,0.0,0.0,0.0,0.0,0.0,0.0,0.0,0.0,nan,0,0.00024040357854423228,0.02263355956046886,0.02491913346427654
0.33946030600000004,-0.005188374457233947,0.00282147680307173,-0.0025784143347338502,0.0018853271940149452,-0.045858718961929765,-0.010495952935795106,-0.0014442332416207918,-0.000329618345081347,-0.0072658075158104326,nan,nan,nan,nan,0.0,0.0,0.0,0.0,0.0,0.0,0.0,0.0,0.0,0.0,nan,0,-0.005188374457233947,0.00282147680307173,-0.0025784143347338502
0.35447009500000004,-0.00795084597913047,0.017741554302434678,-0.010780354997888316,-0.009711377855814772,0.011190923176840782,0.07276458883297202,0.0003798739730160546,-0.001523693134853247,-0.0004933090944289098,nan,nan,nan,nan,0.0,0.0,0.0,0.0,0.0,0.0,0.0,0.0,0.0,0.0,nan,0,-0.00795084597913047,0.017741554302434678,-0.010780354997888316
0.36915410200000004,-0.0005127314705507245,-0.0037608647620772516,-0.01619032178635969,0.0018160376148201659,0.014970172011743369,-0.03485636786254732,-0.0004912762910030724,-0.0026438923338349437,-0.004184926352489196,nan,nan,nan,nan,0.0,0.0,0.0,0.0,0.0,0.0,0.0,0.0,0.0,0.0,nan,0,-0.0005127314705507245,-0.0037608647620772516,-0.01619032178635969
0.37918075700000003,0.0068310714330234446,-0.000607591651352602,0.007482477187083455,0.0035237581741117533,-0.014639774796713285,0.039240366489433826,0.002244096262342406,-0.0011791394110262728,-0.0007108196474512121,nan,nan,nan,nan,0.0,0.0,0.0,0.0,0.0,0.0,0.0,0.0,0.0,0.0,nan,0,0.0068310714330234446,-0.000607591651352602,0.007482477187083455
0.39417540900000003,0.015294741025692985,0.014862899230541212,0.009522581539040216,-0.010248260475596963,0.04693634623057494,0.010017555714664722,0.0016287897517795566,-0.000762093283931269,0.0048955042675235694,nan,nan,nan,nan,0.0,0.0,0.0,0.0,0.0,0.0,0.0,0.0,0.0,0.0,nan,0,0.015294741025692985,0.014862899230541212,0.009522581539040216
0.40926675,0.0018283338791755925,0.007898176944950349,-0.00907600704706833,-0.007982846078374541,0.06497325953999859,-0.024478665084156425,-0.00255212435838827,0.0024639267732124138,-0.002620306890997693,nan,nan,nan,nan,0.0,0.0,0.0,0.0,0.0,0.0,0.0,0.0,0.0,0.0,nan,0,0.0018283338791755925,0.007898176944950349,-0.00907600704706833
0.42440926900000003,0.0028882995648157107,-0.0026438114912848798,-0.004021935801801767,-0.0043086213225945295,-0.0062094344032454585,-0.05569883747504205,-0.003998343111564504,0.0031379096320265716,-0.0028410719323529025,nan,nan,nan,nan,0.0,0.0,0.0,0.0,0.0,0.0,0.0,0.0,0.0,0.0,nan,0,0.0028882995648157107,-0.0026438114912848798,-0.004021935801801767
0.43878323900000005,0.00262470281738623,0.0010399403326711483,-0.02193045905406306,-0.014813930545551083,0.021827326668593633,-0.08374069020686646,-0.0008906374288669317,-0.0017741121068917923,-0.00091388423080239,nan,nan,nan,nan,0.0,0.0,0.0,0.0,0.0,0.0,0.0,0.0,0.0,0.0,nan,0,0.00262470281738623,0.0010399403326711483,-0.02193045905406306
0.453837877,0.01955294859045933,-0.010134973204237199,0.00900609468012217,0.0014591231463930415,0.003531472734337347,-0.004560339001712528,-0.0010663058494199587,0.0010110553154427098,-0.001219152383398375,nan,nan,nan,nan,0.0,0.0,0.0,0.0,0.0,0.0,0.0,0.0,0.0,0.0,nan,0,0.01955294859045933,-0.010134973204237199,0.00900609468012217
0.46867059400000005,0.00868614313077065,0.0013158760086808882,0.002919386511175028,-0.00898912921460149,0.02772197517187319,-0.026988833526897748,0.00084761437779556,-2.621899674463474e-05,-0.005512781882585205,nan,nan,nan,nan,0.0,0.0,0.0,0.0,0.0,0.0,0.0,0.0,0.0,0.0,nan,0,0.00868614313077065,0.0013158760086808882,0.002919386511175028
0.48369200500000004,0.020678789039197648,-0.016584625520580324,0.008628901479023222,0.00023737357159585854,0.050274256291448875,0.002289532101956054,-0.0012927857564791294,-0.004581289796521176,0.0032961684643918092,nan,nan,nan,nan,0.0,0.0,0.0,0.0,0.0,0.0,0.0,0.0,0.0,0.0,nan,0,0.020678789039197648,-0.016584625520580324,0.008628901479023222
0.493655485,0.007577365836325258,0.00010862580355834729,0.003115010836725813,-0.026402705731560044,-0.008781911483523445,0.023795034387195893,0.004375157700076002,0.00013634040716986156,-0.00836597230161762,nan,nan,nan,nan,0.0,0.0,0.0,0.0,0.0,0.0,0.0,0.0,0.0,0.0,nan,0,0.007577365836325258,0.00010862580355834729,0.003115010836725813
0.509017359,-0.009124704990536869,-0.01146095123437356,-0.003818474142482086,0.011508436483949057,0.01801527320644469,-0.029084245509749255,-0.002390049835963997,0.0006916174636792753,0.0025190028289797045,nan,nan,nan,nan,0.0,0.0,0.0,0.0,0.0,0.0,0.0,0.0,0.0,0.0,nan,0,-0.009124704990536869,-0.01146095123437356,-0.003818474142482086
0.52341009,-0.002218058042281986,-0.014452740625254965,-0.020254048329287472,0.007105488411445821,-0.022525650576401213,-0.01583471422476412,-0.0001153406848047321,0.0027673155654598662,0.006446694728400239,nan,nan,nan,nan,0.0,0.0,0.0,0.0,0.0,0.0,0.0,0.0,0.0,0.0,nan,0,-0.002218058042281986,-0.014452740625254965,-0.020254048329287472
0.538512163,-0.004447445395715137,-0.017327662409372616,0.016640544076094034,-0.025371701046702073,-0.027643031951967902,0.022309914748094916,0.00129488405896191,-0.0006720841292326674,-0.0022908494556860967,nan,nan,nan,nan,0.0,0.0,0.0,0.0,0.0,0.0,0.0,0.0,0.0,0.0,nan,0,-0.004447445395715137,-0.017327662409372616,0.016640544076094034
0.553639777,0.0034996609492130076,0.0067429210605740465,0.009027757573339543,-0.00810544746979572,-0.022995792257047388,-0.018785480629096324,0.0011573009334120972,0.00043831445563935543,-0.0006807620050055591,nan,nan,nan,nan,0.0,0.0,0.0,0.0,0.0,0.0,0.0,0.0,0.0,0.0,nan,0,0.0034996609492130076,0.0067429210605740465,0.009027757573339543
0.5684613620000001,0.0006160409937969015,0.0011139291884183214,-0.0005570471406440993,-0.005349040116978949,-0.006370916728592644,0.004446372983217492,0.0014362014551636184,0.00018898750272175807,0.0022334747599546613,nan,nan,nan,nan,0.0,0.0,0.0,0.0,0.0,0.0,0.0,0.0,0.0,0.0,nan,0,0.0006160409937969015,0.0011139291884183214,-0.0005570471406440993
0.5833001600000001,-9.484881922553827e-05,0.006513710747372111,-0.006888906745008085,-0.006083286769354309,0.03295097000878306,0.021254594516666035,0.000665963467093713,-0.003611868761658119,0.002690170643663866,nan,nan,nan,nan,0.0,0.0,0.0,0.0,0.0,0.0,0.0,0.0,0.0,0.0,nan,0,-9.484881922553827e-05,0.006513710747372111,-0.006888906745008085
0.598606392,-0.004399750299856436,-0.006875109843922797,0.009624646856335045,-0.00558128318950792,-0.02213112851952791,-0.025391555085544727,-0.0008309493740956903,-0.003149357867205637,-0.006003538492122699,nan,nan,nan,nan,0.0,0.0,0.0,0.0,0.0,0.0,0.0,0.0,0.0,0.0,nan,0,-0.004399750299856436,-0.006875109843922797,0.009624646856335045
0.613278961,0.01748623432520113,0.025616977620410895,0.0075390466761366525,0.015335835653295197,-0.012802333553861681,-0.018075587699801495,0.0012328261485053536,-0.001804158887282718,-0.0011944579674882066,nan,nan,nan,nan,0.0,0.0,0.0,0.0,0.0,0.0,0.0,0.0,0.0,0.0,nan,0,0.01748623432520113,0.025616977620410895,0.0075390466761366525
0.628227198,-0.00568507802321797,-0.0029768483578798965,0.0009889598598155885,-0.01734019514385844,-0.005477989808359033,0.008454261071502333,-0.0009181455664916493,-0.004233143161705428,0.0016237479757647052,nan,nan,nan,nan,0.0,0.0,0.0,0.0,0.0,0.0,0.0,0.0,0.0,0.0,nan,0,-0.00568507802321797,-0.0029768483578798965,0.0009889598598155885
0.638597258,0.00418016305598365,0.0015069877500238239,-0.018610293176847648,-0.011993661422355417,-0.015554857398573632,-0.01642629295928499,0.001755729175584578,0.0009781238072322969,-0.00525079877394293,nan,nan,nan,nan,0.0,0.0,0.0,0.0,0.0,0.0,0.0,0.0,0.0,0.0,nan,0,0.00418016305598365,0.0015069877500238239,-0.018610293176847648
0.653568728,0.0068619615121516325,-0.0071051158167523614,0.0017696929015872272,0.032702993758144,-0.033228156623745495,-0.03780888084288458,0.002394170875988262,-1.8817474556968344e-05,-0.0017209509247176698,nan,nan,nan,nan,0.0,0.0,0.0,0.0,0.0,0.0,0.0,0.0,0.0,0.0,nan,0,0.0068619615121516325,-0.0071051158167523614,0.0017696929015872272
0.6680972030000001,0.006852575875250604,0.0014399737484694078,0.004031110813179824,-0.008382532328259695,0.04203023985115271,-0.011965331209483239,-0.00047815470643998225,0.00034377878685597414,-0.0017879829752119735,nan,nan,nan,nan,0.0,0.0,0.0,0.0,0.0,0.0,0.0,0.0,0.0,0.0,nan,0,0.006852575875250604,0.0014399737484694078,0.004031110813179824
0.6830350850000001,0.009664308638555176,0.0022702059627634323,-0.020017994979167363,0.006475667294501705,-0.04262760513804237,0.025757075359149405,0.003868640439880869,-0.002138261109688785,-0.0034310464021880035,nan,nan,nan,nan,0.0,0.0,0.0,0.0,0.0,0.0,0.0,0.0,0.0,0.0,nan,0,0.009664308638555176,0.0022702059627634323,-0.020017994979167363
0.698036427,0.004509269372180739,0.008283959670686394,-0.029160029247413326,-0.017963565540660736,-0.051682082841322766,0.07206100360781634,0.0009079936525513053,0.001628918328488793,0.007757453022353824,nan,nan,nan,nan,0.0,0.0,0.0,0.0,0.0,0.0,0.0,0.0,0.0,0.0,nan,0,0.004509269372180739,0.008283959670686394,-0.029160029247413326
0.7130594050000001,-0.013212267232961069,0.0012119696525782107,-0.0010694202463239955,0.011857819493959164,-0.0019297514454481178,0.0196319047938316,-0.0014371193556217067,-0.0005704886305074414,0.0005924090907340896,nan,nan,nan,nan,0.0,0.0,0.0,0.0,0.0,0.0,0.0,0.0,0.0,0.0,nan,0,-0.013212267232961069,0.0012119696525782107,-0.0010694202463239955
0.727801302,-0.030216567700039776,-0.015058985389732176,-0.030765652845355745,-0.04057569142488841,-0.013977805678494815,-0.012615641694745,-7.073388987296097e-05,-0.0017346237755051465,4.499817458786539e-05,nan,nan,nan,nan,0.0,0.0,0.0,0.0,0.0,0.0,0.0,0.0,0.0,0.0,nan,0,-0.030216567700039776,-0.015058985389732176,-0.030765652845355745
0.7426633760000001,-0.001767344107854851,-0.01025669364434564,-0.014345004912962998,-0.014321445481499665,0.0026250685791733585,-0.022020819743281173,-0.0007403625784066516,0.0016444509814207673,-0.0016171360592324559,nan,nan,nan,nan,0.0,0.0,0.0,0.0,0.0,0.0,0.0,0.0,0.0,0.0,nan,0,-0.001767344107854851,-0.01025669364434564,-0.014345004912962998
0.7579447880000001,0.004225282555940008,-0.0033594518680114998,0.02244887914529921,0.027226279034159678,-0.004155468704404553,-0.006844705150025282,-0.003330722956706077,0.0023346670201572395,-0.000769237165519244,nan,nan,nan,nan,0.0,0.0,0.0,0.0,0.0,0.0,0.0,0.0,0.0,0.0,nan,0,0.004225282555940008,-0.0033594518680114998,0.02244887914529921
0.7725832810000001,-0.006978809288157094,-0.0024366792708313016,0.020788924672397745,0.0006222566457160762,0.03078308273362753,0.03645814223434731,0.00018319016071736087,0.0004171005747492576,-0.0009440249720357943,nan,nan,nan,nan,0.0,0.0,0.0,0.0,0.0,0.0,0.0,0.0,0.0,0.0,nan,0,-0.006978809288157094,-0.0024366792708313016,0.020788924672397745
0.7875111180000001,0.018453755885923587,-0.005620679499249122,-0.010856491068074337,-0.008318683720744971,-0.0030822720106493014,-0.012809417842527744,-9.641726368858145e-06,-0.0006464563581528794,-0.003069842131382603,nan,nan,nan,nan,0.0,0.0,0.0,0.0,0.0,0.0,0.0,0.0,0.0,0.0,nan,0,0.018453755885923587,-0.005620679499249122,-0.010856491068074337
0.8026259720000001,-0.007014884157666656,-0.008689979018053838,0.0014369120346761958,-0.0029426773855640493,-0.03223972917341896,-0.03511860182642254,-0.004813357700350769,-0.00033199578892902266,-0.0011077580489747276,nan,nan,nan,nan,0.0,0.0,0.0,0.0,0.0,0.0,0.0,0.0,0.0,0.0,nan,0,-0.007014884157666656,-0.008689979018053838,0.0014369120346761958
0.817526853,-0.0023430579576344973,-0.0015639228895544383,0.009482535937514717,-0.010679788772312024,-0.02361458995654049,-0.0697359152707564,-0.003059708817349671,0.0010681852149260504,-0.003274724047439988,nan,nan,nan,nan,0.0,0.0,0.0,0.0,0.0,0.0,0.0,0.0,0.0,0.0,nan,0,-0.0023430579576344973,-0.0015639228895544383,0.009482535937514717
0.8323694140000001,0.005751717310342018,-0.0038728827026887464,0.00613718294770203,-0.016268811036381434,0.005700664977216071,-0.007705617108179462,-6.128486265963465e-05,0.0014090875023739914,0.006048532774896716,nan,nan,nan,nan,0.0,0.0,0.0,0.0,0.0,0.0,0.0,0.0,0.0,0.0,nan,0,0.005751717310342018,-0.0038728827026887464,0.00613718294770203
0.8473858030000001,0.003287390024389977,-0.004566690334376786,-0.010870060011089366,0.0031153801368734905,0.01834458949538861,-0.013606505528681324,-0.0011208631128403926,-0.0007708912740159922,-0.005508564489338341,nan,nan,nan,nan,0.0,0.0,0.0,0.0,0.0,0.0,0.0,0.0,0.0,0.0,nan,0,0.003287390024389977,-0.004566690334376786,-0.010870060011089366
0.862677998,0.004032247612203264,0.0012144193290367174,-0.014004409935380584,-0.011847426295109239,-0.022738077898156125,-0.06537061980952903,0.0028464741113585,0.0029578927407294497,0.003149285661529769,nan,nan,nan,nan,0.0,0.0,0.0,0.0,0.0,0.0,0.0,0.0,0.0,0.0,nan,0,0.004032247612203264,0.0012144193290367174,-0.014004409935380584
0.8772237260000001,-0.004294739266227434,-0.0015992436167369837,-0.009213980539501837,0.018189731147558154,0.006221740842644475,-0.07462750888735574,-0.0008379809152563295,-0.0029450427582352733,0.004130938126215084,0.0,0.0,1.5,1.5092209385710889,5400.330740685878,5401.726430654415,5407.886441772743,5410.167243170431,0.0,0.0,0.0,0.0,0.0,0.0,nan,0,-0.004294739264413465,-0.0015992436494205115,-0.009213980539501837
0.8923124990000001,0.019803399351457116,0.006651804387420164,-0.045242368484191574,0.0070012220149704716,-0.002535762619924331,0.0037060839670358006,-0.0020171883544184877,0.0003291504237764271,0.0016817996395439635,0.0,0.0,1.5,1.5453835764903534,8679.353568924515,8681.780114256953,8683.698041406096,8688.702419775716,0.0,0.0,0.0,0.0,0.0,0.0,nan,0,0.019803399479964064,0.006651802219314143,-0.045242368484191574
0.9070627760000001,-0.0042749125988666035,0.004113794293280187,-0.006024390098195135,0.010335997303141742,0.014675727017263093,0.06895451855397208,-0.0011194964035641357,-0.0002957424639315254,-0.0018978533875222035,0.0,0.0,1.5,1.5060360758467428,10674.003848893195,10670.171594619922,10667.121519467784,10675.894170120202,0.0,0.0,0.0,0.0,0.0,0.0,nan,0,-0.004274910559331354,0.0041137739871027834,-0.006024390098195135
0.9222883580000001,0.02462079095904204,-0.005875390069000907,-0.016805907036483252,-0.026207720503129514,0.007535750313690058,0.013859103998807434,0.001364554299878993,-0.0017025684105529868,0.0016754341786880164,0.0,0.0,1.5,1.5170170938973233,11883.717330166046,11878.219134168752,11871.68789187188,11877.703071234231,0.0,0.0,0.0,0.0,0.0,0.0,nan,0,0.02462080858129708,-0.005875473736917283,-0.016967953556051595
0.9369611760000001,-0.013110386375682759,-0.0036244441637734823,0.0013767765799844321,0.014208537526003037,0.005402103171303606,0.05188712323881962,-0.0007103034344939995,-0.0018211266811617047,-0.0029206056941753576,0.0,0.0,1.5,1.4986849517494376,12608.718544259285,12612.019978183447,12608.618195238632,12607.954884502178,0.0,0.0,0.0,0.0,0.0,0.0,nan,0,-0.013110303251052948,-0.0036246646923318087,0.0004829297012845054
0.9520436510000001,-0.014842129435429148,-0.009911942981423373,0.0028880198113045035,0.012208247524145146,-0.003870349551734428,0.16521854499754426,0.0038555800315856316,-0.0008764186209882027,0.0005398227770578463,0.0,0.0,1.5,1.4972183597072144,13052.564987415271,13055.506505621846,13053.683522632551,13050.293026896175,0.0,0.0,0.0,0.0,0.0,0.0,nan,0,-0.014841878542597765,-0.009912387212817219,0.00039821590013573846
0.9669015080000001,-0.007597490903242167,-0.008973591037989243,0.027638102257284795,0.0060177835227022995,0.026207976999220745,0.17930805533381924,-0.0003528592785206206,-0.00037632841271214494,-0.0015403355652388528,0.0,0.0,1.5,1.4724088444208259,13317.008832448533,13320.915409107836,13327.152979945171,13323.230941346896,0.0,0.0,0.0,0.0,0.0,0.0,nan,0,-0.0075969250921555575,-0.008974348638511773,0.02250243715430941
0.9820569290000001,-0.011854630000837914,-0.003558168164315946,-0.011099946095381109,0.005588030725001083,-0.012330541309994319,0.24037088638852727,-2.9084775389203855e-05,-0.0017466178307374556,0.0012436503951113777,0.0,0.0,1.5,1.5111506344182257,13483.096663377706,13485.08029441635,13488.542659769786,13484.495986084052,0.0,0.0,0.0,0.0,0.0,0.0,nan,0,-0.011853574516351491,-0.0035593378237605837,-0.020046422354827297
0.996848189,-0.004613652245510803,0.00942321191707483,0.010966362509759017,-0.012751950667641305,-0.008904008810683598,0.35926440207741317,0.0005823768136494481,-0.0031207324856224266,-0.0009506677602875397,0.0,0.0,1.5,1.4890706015119952,13580.46366102747,13583.645434245887,13589.484103267789,13583.669026617772,0.0,0.0,0.0,0.0,0.0,0.0,nan,0,-0.004611925012701256,0.009421496525225058,-0.003026296680561213
1.0116926990000001,-0.005994683984292142,-0.004405183373417587,0.032460129727692015,0.00948309162137991,0.007056630947622476,0.45342521163072874,0.0023688848403375365,0.0009302635122223176,0.0018764770342374556,0.0,0.0,1.5,1.46755872547421,13581.089925159748,13587.604200548196,13593.476078666356,13582.361977835939,0.0,0.0,0.0,0.0,0.0,0.0,nan,0,-0.005992117578331978,-0.0044076338870338355,0.012150137571617071
1.026774286,-0.005192431005620479,0.00917011516979892,0.037100375816757125,-0.006956772804852107,0.0065732717189468165,0.5125157053146545,-0.0024042164819171384,0.0011207842239093588,-0.00022817152740993291,0.0,0.0,1.5,1.4629375799354698,13500.660962195634,13503.317816875002,13508.850699853907,13503.96158840631,0.0,0.0,0.0,0.0,0.0,0.0,nan,0,-0.005188905102948285,0.009166665185476094,0.009228532441319996
1.041622548,-0.014073418407534136,0.017166992891154427,0.060213227253892984,-0.016557547811962784,-0.004255444825074078,0.5981690518128031,-0.002823698505019777,-0.001178624351251765,0.0005245534006545181,0.0,0.0,1.5,1.4399578874832586,13402.01032278408,13401.664710451496,13404.28340913987,13403.048548447334,0.0,0.0,0.0,0.0,0.0,0.0,nan,0,-0.014068887442685042,0.017162185900959605,0.023587748664595273
1.0569510560000002,-0.01135876818213973,0.012293892293544467,0.05577240375713839,-0.006656583326306115,0.015534024804916282,0.6820070371165302,0.000677600779989789,0.00027569021961429435,-0.004505735473757843,0.0,0.0,1.5,1.444324586494246,13198.309377965337,13206.963549546874,13199.240576059909,13190.573300832793,0.0,0.0,0.0,0.0,0.0,0.0,nan,0,-0.011353267442800552,0.012287268297242516,0.009271136475062738
1.0667325410000001,0.0026880958283513425,0.014877821416525565,0.04238334120024939,-0.04049722445257433,0.03100417195231366,0.7134441949231074,0.002034352457660758,-0.00021852599864380305,0.002278671199000952,0.0,0.0,1.5,1.4576950639416437,13158.321246067964,13169.152970781668,13159.517771949435,13149.253120308818,0.0,0.0,0.0,0.0,0.0,0.0,nan,0,0.002694176964313697,0.014869688567133485,-0.011287665830383077
1.0816903930000001,0.002112806124029245,-0.017549296418875225,0.06804568314742493,-0.0013195593111192054,-0.02924510487764904,0.8064548124656364,0.0004048846767144397,-0.0016423481803231276,-0.00753075315817728,0.0,0.0,1.5,1.432063408968765,12962.544856288196,12977.768021216032,12961.28741558563,12946.152079998035,0.0,0.0,0.0,0.0,0.0,0.0,nan,0,0.00211956286089572,-0.01756017109559856,0.002796878924491847
1.096860071,-0.009682478334088541,0.006693511963881459,0.08694478544006974,-0.006662662307571673,0.0329567988042614,0.8276894826208627,-0.002799967697202552,0.003496113965734243,-0.0023661356730987483,0.0,0.0,1.5,1.4131042399214968,12767.762898393341,12773.865675789575,12783.629611295015,12767.902363022808,0.0,0.0,0.0,0.0,0.0,0.0,nan,0,-0.009675434468213156,0.006679332406175859,0.009201774652798839
1.111384403,-0.01473245134110469,0.00993363987869269,0.10322211121456457,0.001385910720924807,0.012821380416397734,0.893797285588342,0.0006304470733195566,0.0022259187946308896,0.00018241981662517592,0.0,0.0,1.5,1.3968909022982632,12637.478079176017,12634.453671521334,12636.387900521828,12625.795875840946,0.0,0.0,0.0,0.0,0.0,0.0,nan,0,-0.014725726575639038,0.009915630607767806,0.012148079669271492
1.126674831,-0.00673608700861463,-0.011703043625242502,0.13401537447885858,0.008563347840371795,-0.010012642821659241,0.9427818250101326,0.0006702846761010863,0.003044583477149048,-0.0007541531400980799,0.0,0.0,1.5,1.3660513655270854,12474.43213232921,12470.491397013562,12463.565299313834,12460.526058250662,0.0,0.0,0.0,0.0,0.0,0.0,nan,0,-0.0067305316108077495,-0.01172537959689658,0.028848363342618588
1.141628428,-0.005463563233314662,0.011393165370214712,0.09350260603710468,0.0032281044639475218,-0.012909663726390795,1.0094067215826592,0.0023206499918495805,0.0032471249656661574,0.0050667767464863765,0.0,0.0,1.5,1.4065541489629092,12321.754536213597,12310.80788202701,12310.179632568708,12317.238377285983,0.0,0.0,0.0,0.0,0.0,0.0,nan,0,-0.00546027034970899,0.011366054914112841,-0.026447355201148395
1.156354214,0.00341808191681994,-0.016551641181068708,0.13323857993779845,0.01803277850377063,-0.017892553782897933,1.0206069643675328,-6.566036215608854e-05,-0.0013651240871463772,0.0012309949142009272,0.0,0.0,1.5,1.3668659113022836,12183.092042434326,12174.080959664536,12177.71187963301,12193.499096456968,0.0,0.0,0.0,0.0,0.0,0.0,nan,0,0.0034178016123509285,-0.01658389519511768,-0.0021127618835717066
1.1713777410000001,-0.022110048122461267,-0.013646488623706526,0.13772724565250094,0.004491727479651235,-0.009189227056919621,1.042973379044795,0.0010133026901928339,4.192962225916538e-06,0.0008851232202514789,0.0,0.0,1.5,1.3625205092464685,12065.184703594365,12054.152101321897,12065.106269438496,12084.550269802197,0.0,0.0,0.0,0.0,0.0,0.0,nan,0,-0.02211538849735347,-0.013684183604987339,-0.013587540517088464
1.186245073,-0.006129790250815285,-0.006254163298628445,0.18003409639534637,-0.041099328019676286,0.005153717009524252,1.1183668911717002,-0.0021730629920467225,0.0034755885388340437,0.005604251403463379,0.0,0.0,1.5,1.3199949528562351,11951.259498906004,11949.623179601998,11964.853122629376,11974.425219367382,0.0,0.0,0.0,0.0,0.0,0.0,nan,0,-0.006141797937566149,-0.006297563484805334,0.012247746760871703
1.201392585,-0.010237946653115034,-0.006765526779292864,0.2090588960398697,0.007525407065439326,0.008891384805723471,1.1175849154154625,-0.001860993251772815,-0.0031214237644015077,-0.004290868840521992,0.0,0.0,1.5,1.2909994274971905,11804.414730524744,11816.861522826102,11821.676274400626,11822.168960272576,0.0,0.0,0.0,0.0,0.0,0.0,nan,0,-0.010258306338608872,-0.006814923435051479,0.024342614384118194
1.211287582,-0.0112246629716158,-0.006699627764362775,0.19410956059608264,0.003347449695517356,-0.013460802303543329,1.1524619474664772,5.607113899489123e-05,-0.0005815785074848926,-0.0008768515113137911,0.0,0.0,1.5,1.3059558636483717,11704.944988394815,11715.69420182104,11715.405566594198,11709.741804308469,0.0,0.0,0.0,0.0,0.0,0.0,nan,0,-0.011251551622392669,-0.006753222879756909,-0.0021132738054363553
1.221633044,0.006923633334431228,0.0026571726684809457,0.19806269024049417,-0.013864416216965313,0.00021595075163100642,1.1659077371876856,-0.00023748353117331484,0.0013739477108657557,-0.0049562172759949515,0.0,0.0,1.5,1.3019584309066703,11616.670734355248,11623.324048511722,11630.394758148055,11624.546699618073,0.0,0.0,0.0,0.0,0.0,0.0,nan,0,0.006889424561783763,0.002599182742515911,-0.009820121824522993
1.23633265,0.002910774470450388,-0.007562118704996884,0.21728124533488674,-0.001241671443989632,-0.0006644079802636424,1.2342270111915021,0.0022808886573203084,-9.082199236174427e-05,0.005718257084347166,0.0,0.0,1.5,1.2827443478015974,11519.724729933676,11518.1341049763,11524.536363658975,11517.971748910348,0.0,0.0,0.0,0.0,0.0,0.0,nan,0,0.0028640446328839094,-0.007627143974975088,-0.00834548109319913
1.2508343370000001,-0.0031482887822781042,-0.002811058068989789,0.2603759547470552,0.012736510373517652,-0.007461237881535561,1.2644713943661714,0.00011677015106201927,0.0013072708436925376,0.007602591510697843,0.0,0.0,1.5,1.239631230382245,11395.652852828358,11393.55400978744,11400.064080426953,11399.318154313794,0.0,0.0,0.0,0.0,0.0,0.0,nan,0,-0.0032094789933960117,-0.002883761872496597,0.016739720401572344
1.266112375,0.013516459905255698,-0.008938468627804515,0.25393370648628827,-0.0058734875423797185,0.0029761005565391045,1.1495746282525792,-0.0017595291572924466,0.0024160996367602913,-0.004888349032593561,0.0,0.0,1.5,1.2461716570122994,11226.416044810221,11221.62930810466,11220.864455767596,11236.842878886322,0.0,0.0,0.0,0.0,0.0,0.0,nan,0,0.013438787661130786,-0.00901961680310883,-0.00791274346544657
1.2810059070000002,-0.01908333785258241,0.013523301367559696,0.2767198302206123,0.01581763022327365,-0.027029143843436652,1.2525118505682638,-0.0015810237955751994,0.0004134260951863847,0.0024400333343952006,0.0,0.0,1.5,1.2235037503984045,11213.96521438702,11199.74393039914,11196.634293468805,11214.905129495446,0.0,0.0,0.0,0.0,0.0,0.0,nan,0,-0.01917958595310806,0.013432809350815538,-0.003484579659212672
1.2960799650000001,-0.004333028822427258,-0.012580777308386014,0.3244038879488272,-0.009664708318834885,-0.004171604624570782,1.2255812125444059,-0.003054647325562769,-0.0018758994224723083,6.793987556836182e-05,0.0,0.0,1.5,1.1756714123284162,11109.263823533585,11099.589673877475,11097.872000879563,11114.8477056492,0.0,0.0,0.0,0.0,0.0,0.0,nan,0,-0.0044500089435349265,-0.012681663309972113,0.02571273424471754
1.31066554,-0.013381186798191514,0.009850098720907464,0.3404118858878478,0.011645718316289997,0.02946979523776401,1.2623371858634687,-6.605747790938417e-05,0.005708957695225203,0.002970590620363891,0.0,0.0,1.5,1.1597071505320287,11027.047504424543,11027.348858996349,11024.508001744214,11031.14028768765,0.0,0.0,0.0,0.0,0.0,0.0,nan,0,-0.013521057782968622,0.009737626637142182,0.023140803853399172
1.3257824200000001,0.006047154096549522,0.013263458089687038,0.30771928915005115,0.008084921051577949,-0.003585140392972599,1.1828611727673755,-0.0029937511210427485,0.0005796510174530898,-0.0025317262863240996,0.0,0.0,1.5,1.1923698171532287,10938.536664718515,10924.904068868706,10901.381635921578,10920.159783932315,0.0,0.0,0.0,0.0,0.0,0.0,nan,0,0.0058822654186072776,0.013138070200755038,-0.028186383613029387
1.340627848,-0.0022035726145481194,-0.004488645056250092,0.40920346786935047,-0.009603162206586725,-0.0069525560057006825,1.1970303592411282,-0.0033604638846393866,0.004843934066135479,0.00748515479538555,0.0,0.0,1.5,1.0908079932668993,10959.676260029986,10940.677951268219,10913.336942630798,10932.88295084075,0.0,0.0,0.0,0.0,0.0,0.0,nan,0,-0.0023955546287597173,-0.0046283933765907895,0.05463768729938978
1.3555394120000002,0.009652151451961856,0.005690122333236142,0.3563029539429333,0.023717753394811966,0.013472042045220468,1.2320085206348281,0.0015709237204238195,-0.00039541679338123657,-0.00319386769288966,0.0,0.0,1.5,1.1437519288200035,10871.571858307881,10862.014147027694,10839.365726378353,10859.67237630681,0.0,0.0,0.0,0.0,0.0,0.0,nan,0,0.009431076344775701,0.005534503913757118,-0.016942645734369988
1.370470314,0.0019109816961955304,-0.0201672770609082,0.40079392361739596,0.02720838141899446,-0.015507908745308767,1.281221941628309,-0.002184003945633821,-0.003968232721437168,0.0028314615298102026,0.0,0.0,1.5,1.0993927274961999,10842.127079605763,10824.855765458997,10806.195441642958,10829.817475111206,0.0,0.0,0.0,0.0,0.0,0.0,nan,0,0.001658952566657628,-0.020340265094958645,0.008872618949546551
1.3852413730000002,-0.005012749468912802,0.00578210951732822,0.4062057579683265,-0.006409865576742981,0.01447708302761192,1.2531540310529248,-0.004205840536438262,0.0013693831552614093,-0.001734915640308975,0.0,0.0,1.5,1.093821011111668,10722.695996835486,10707.851516451818,10707.120272862157,10727.21875483472,0.0,0.0,0.0,0.0,0.0,0.0,nan,0,-0.005297412246189426,0.005590307494324228,-0.004361684744669636
1.3999922120000001,-0.010793230539450855,0.004032374888336141,0.4172669791963842,0.007887535936485952,0.025164675993651246,1.241570021451784,-0.0009187509739237777,0.0010630632253573516,0.0028468340277135453,0.0,0.0,1.5,1.0827943240575475,10673.813346599922,10666.716698710137,10657.772119564717,10665.05480596751,0.0,0.0,0.0,0.0,0.0,0.0,nan,0,-0.011111974063739838,0.00382039605802997,-0.011882299063346313
1.414672575,-0.0016005313409831429,-0.012246470319166746,0.45434618210727135,0.019067104376668836,-0.029107275814587323,1.190809122512596,-0.0010546123762128323,0.000654597473864168,0.00015889835756240903,0.0,0.0,1.5,1.0457267542764177,10659.265736695235,10654.84044361776,10636.383471559013,10642.24416889563,0.0,0.0,0.0,0.0,0.0,0.0,nan,0,-0.001954550922174327,-0.012479916654129475,0.006695198919321965
1.429542192,0.0009243420020838812,0.0011812879692132054,0.45745210919954205,-0.014109342246927075,-0.01919448694092993,1.297225375487447,-0.0003078862581667495,0.0008452641316683475,0.0024506615939266546,0.0,0.0,1.5,1.0425489698147932,10638.876118930222,10631.490472738415,10630.014396065815,10637.593895536382,0.0,0.0,0.0,0.0,0.0,0.0,nan,0,0.0005341132894435698,0.0009251814819753689,-0.008612776245783882
1.444215424,0.005899453520952167,-0.008183967422841084,0.49130581743382457,0.042208486162985906,-0.01975179799373547,1.2173014318306479,-1.940915217310098e-05,0.0006597821545811601,-0.006609271097627413,0.0,0.0,1.5,1.0087446331046668,10512.970041641702,10520.468224893386,10531.30385968685,10527.032297778815,0.0,0.0,0.0,0.0,0.0,0.0,nan,0,0.005472357874100275,-0.008463785644249256,0.006934026164650553
1.4590183620000001,-0.010242400778282852,-0.010803558271310475,0.49837322097071574,-0.04081257191028018,0.006935085231197778,1.1934960962406285,-0.0010163780027931382,-0.0006379736700528812,0.005305083759326845,0.0,0.0,1.5,1.0017374047691356,10482.675384545046,10480.97692669245,10501.597912923262,10500.967227761104,0.0,0.0,0.0,0.0,0.0,0.0,nan,0,-0.010706744139603899,-0.01110799966834835,-0.004165499907517856
1.4738044140000002,0.005377979860139735,-0.003290367284224222,0.5428319957020384,0.04018825644449611,-0.023226256219907794,1.2088543878477354,-0.0032833950646861984,0.004194155228653914,-0.001008177044195107,0.0,0.0,1.5,0.9571887680264451,10472.122806075135,10502.64873392789,10515.50823028597,10487.911111889127,0.0,0.0,0.0,0.0,0.0,0.0,nan,0,0.004876267508156819,-0.003620255223074248,0.022272546367350765
1.48859095,0.008982010830573869,-0.0020880269331628063,0.5251953069148139,-0.002447504863163075,-0.022018846701504988,1.147358526227252,0.0004346391357181728,-0.0010039334595629919,0.0010221207414262158,0.0,0.0,1.5,0.974848309244027,10455.142366236663,10476.83733907074,10489.04347876245,10470.42828658288,0.0,0.0,0.0,0.0,0.0,0.0,nan,0,0.008443041692740358,-0.0024441439142391854,-0.013236716695780748
1.50326789,-0.008787054620182852,-0.013282226841939047,0.5587365644474503,0.008357727825103783,-0.03302201052138835,1.1874429453572375,-0.0035882254743696148,-0.0037260863076356964,0.0007891913762125876,0.0,0.0,1.5,0.941398154335862,10475.634251489937,10484.432634948225,10505.027806897364,10500.434180676768,0.0,0.0,0.0,0.0,0.0,0.0,nan,0,-0.009362990194488153,-0.013665349346386331,0.0025858681983393916
1.518073699,-0.0032183961213128314,0.0042696056639139725,0.5662274012344712,0.019119007092546055,0.04160487930427018,1.1060855215859011,0.00011346850639184743,0.003996761380918294,0.004029322946788812,0.0,0.0,1.5,0.9337879062246673,10438.339653626013,10451.697072473524,10479.621292873499,10467.641855134156,0.0,0.0,0.0,0.0,0.0,0.0,nan,0,-0.0038308524868863993,0.003858658157218076,-0.007494533628336297
1.5327645970000001,0.0012369431610103365,-0.0038199205150232537,0.5817642387831934,0.009830688620752571,-0.01322553557999919,1.1287381735429753,-0.004592322936445807,0.0010587790146383354,-0.0010125431905645378,0.0,0.0,1.5,0.9182445398686195,10501.02963531194,10493.903093838988,10482.531630725704,10493.152910782657,0.0,0.0,0.0,0.0,0.0,0.0,nan,0,0.0005885455576304442,-0.004259608447175571,-0.009376898484994678
1.547604216,0.00816943158344813,-0.00047660516975415513,0.6280521704368257,0.007365717077702318,0.022463315332661923,1.155944244236683,0.0013233303497972688,0.0032223113297974683,-0.0076506687160937,0.0,0.0,1.5,0.8719862293894411,10498.817136956884,10485.323047694046,10469.61645134837,10483.885753116256,0.0,0.0,0.0,0.0,0.0,0.0,nan,0,0.007485802516016416,-0.0009460784309966293,0.01963650365093894
1.5623479850000002,-0.020399930111063315,-0.003718285443557143,0.6208299206167566,0.01573460934201252,0.017485156782736315,1.150405558044512,-0.004296226501594611,-0.0030461979693396867,-0.0036157170870701446,0.0,0.0,1.5,0.8794145844127869,10413.62098599033,10388.444750822566,10372.773762990835,10385.687286610833,0.0,0.0,0.0,0.0,0.0,0.0,nan,0,-0.021117934651434658,-0.004218676337940317,-0.004697678332363564
1.5770535790000002,-0.0006449123750308465,-0.010197328216301545,0.6720435962417128,-0.027273168241341062,0.015098031487217745,1.055447670788789,-0.0007452599559814852,0.0019953908043897294,0.0015912049008095755,0.0,0.0,1.5,0.8280194490101536,10378.413953822712,10357.516469112354,10337.974237025566,10343.069218332945,0.0,0.0,0.0,0.0,0.0,0.0,nan,0,-0.0013962598390667358,-0.010729803649438008,0.02959598552478726
1.591850057,0.0014422357418676546,0.015731641818699345,0.6592734717480383,-0.04216315328407769,0.002497490474384195,1.1440423777569733,-8.63155546742514e-05,-0.0020377187056641577,-0.0036119726500171,0.0,0.0,1.5,0.8408749371368156,10366.11068003603,10376.620663496782,10355.29075052775,10338.428686369123,0.0,0.0,0.0,0.0,0.0,0.0,nan,0,0.0006587966058286903,0.015165926828258954,0.00010614331022007484
1.6067537920000001,-0.002102581133743905,0.017317559097078224,0.6820065297198105,0.022929638732550706,0.013838615945068354,1.0857954238062826,0.00222998935158968,-0.00199493831208742,0.00031461222887518625,0.0,0.0,1.5,0.8181794644951266,10334.236554932708,10360.171409786897,10341.7581792203,10308.681026795719,0.0,0.0,0.0,0.0,0.0,0.0,nan,0,-0.002916640548131048,0.016717520900722732,0.006319954462487676
1.621548859,-0.00029017062442865274,-0.0017458557222822754,0.7230450912220177,0.020289804769612795,0.021249148123567603,1.0365474449536483,0.00042714796935840215,-0.0024607803821530216,-0.0014281001522325274,0.0,0.0,1.5,0.7769569244722626,10301.801668691578,10318.062830757737,10299.201484600668,10278.933941287965,0.0,0.0,0.0,0.0,0.0,0.0,nan,0,-0.0011332193343485278,-0.0023811665695618366,0.031054898757226335
1.636402141,0.0012111823517215602,0.009832591386088203,0.7043285210402735,0.0016869860992419527,0.036605730500442864,1.031464203197547,0.0003003371813703608,-0.00022307684001436387,-0.002364063299987064,0.0,0.0,1.5,0.7957331520340304,10303.879735387847,10306.641544288292,10289.057803457088,10280.50680503714,0.0,0.0,0.0,0.0,0.0,0.0,nan,0,0.00034087715649047234,0.009161235769729744,-0.003744775939694911
1.6511448130000002,-0.013707774492418183,0.0010166251666574263,0.7187339709001886,0.013968571763496305,0.00472113908643976,1.0686738392753814,-0.001027944159293487,-0.0037909019741506306,-0.004188311675271471,0.0,0.0,1.5,0.7813869366924762,10334.811236535195,10336.639020070364,10307.11957210482,10299.512959737574,0.0,0.0,0.0,0.0,0.0,0.0,nan,0,-0.014603529060972549,0.00030867558433887406,-0.005204980967589257
1.6657812330000001,-0.007913437616918899,0.006946232467197565,0.7392280730985272,0.009720603437533852,0.0256170285740891,1.022210922300485,-0.00021327792027222404,0.001382747801996055,0.00873966902557415,0.0,0.0,1.5,0.7608447919265696,10305.570453506858,10311.332923493856,10288.416297731734,10276.456105031626,0.0,0.0,0.0,0.0,0.0,0.0,nan,0,-0.008832773606557837,0.006201422088787432,-0.00036344525022236063
1.68046219,0.016278079293498452,-0.001949636962127772,0.7363871728971357,0.023281231087960128,0.009577899178838308,1.0470812224363881,-0.0028582709366899496,0.0005996106639175615,-2.2621553703561404e-05,0.0,0.0,1.5,0.7637887971591351,10301.132388598626,10306.64496678927,10275.700935334771,10281.131639102534,0.0,0.0,0.0,0.0,0.0,0.0,nan,0,0.015337066086741473,-0.00273122045674963,-0.01863603064670294
1.695313509,0.009724763192950799,0.008690841889127103,0.7658721751032108,-0.0008595420250804549,0.014925669738823066,0.9782257456380105,-0.00027096644574043727,-0.0025841727449241467,0.001051166082045388,0.0,0.0,1.5,0.7342436687092314,10287.424796035795,10276.938187718466,10251.059693138179,10273.875091363965,0.0,0.0,0.0,0.0,0.0,0.0,nan,0,0.008764006899786566,0.007872987020398806,-0.004358600817285674
1.7100256530000002,0.013687849751367382,0.0065864573372482246,0.8117206207011569,-0.002704459556505563,0.019239428230613195,0.9640589510437607,-0.000751056080940165,-0.0007398739707244151,-0.00789080711396829,0.0,0.0,1.5,0.688446978800163,10303.26542504255,10298.671320039392,10279.162046670262,10291.274964523544,0.0,0.0,0.0,0.0,0.0,0.0,nan,0,0.01270932642396477,0.0057333006436068494,0.02650812473094133
1.7251335650000001,0.00040371461604547364,0.006374094362047862,0.8202405874243189,0.01691212089653731,-0.020989530285079997,0.9360449686220149,-0.0004092066360373203,0.0004388640752411244,-0.001584150819363696,0.0,0.0,1.5,0.6797894166943631,10291.289684049216,10283.456534751067,10270.697541994989,10274.411274054446,0.0,0.0,0.0,0.0,0.0,0.0,nan,0,-0.0005905259566989834,0.005487118011506958,0.02026818591458457
1.7395225760000002,0.001135000727528591,-0.017151946537129693,0.7631551358218593,0.03114635842645918,-0.02591923246083977,1.0026418420893808,-0.0034949465035095206,-0.000965947493797423,0.003928600002680824,0.0,0.0,1.5,0.7370453387427172,10284.576057003671,10267.441164630716,10280.649724575076,10293.289285709914,0.0,0.0,0.0,0.0,0.0,0.0,nan,0,0.00012717665372327463,-0.01807072000453683,-0.051351623631189613
1.7545744140000001,0.009256036282605684,-0.00504302210864941,0.8290514712189185,0.008273101602274761,-0.01171136273333926,0.9299941871648305,0.0013902086029679653,-0.001701892779231726,0.0036798074280256525,0.0,0.0,1.5,0.6710313215887549,10273.98556242435,10251.035670482244,10282.601673958598,10305.066376020428,0.0,0.0,0.0,0.0,0.0,0.0,nan,0,0.00823687278543302,-0.0059910202903727785,0.0002359881011525511
1.7692477350000002,-0.019120256020903125,-0.0072217193584422825,0.8393118032614298,-0.0032057000693672313,0.019337369860726806,0.9034023045655994,0.0038511874749114685,-0.004118066486502873,-0.009873072875919342,0.0,0.0,1.5,0.6610042592377605,10262.466231190727,10249.443548224484,10289.135551155183,10306.804585611182,0.0,0.0,0.0,0.0,0.0,0.0,nan,0,-0.02014836653808279,-0.00819586266174677,-0.0035857963056363795
1.7840198390000002,-0.012030652713465428,0.00939878151385903,0.8623613884906951,-0.0219850697846475,-0.011151199578502967,0.917884945178804,0.0037556443132747267,0.0008867485245967414,0.001011172096728138,0.0,0.0,1.5,0.6378213484873108,10263.750398605027,10260.608458897348,10301.839002495042,10304.423251044032,0.0,0.0,0.0,0.0,0.0,0.0,nan,0,-0.013065124491716101,0.008402002139744449,0.005607531479453476
1.798691956,0.005125270503212333,-0.0015379285882449103,0.850904326612748,-0.0032542126040787556,0.015708709322309684,0.8808852529407033,-0.0003783392662217116,-0.0025203211249745262,-0.006147371175694845,0.0,0.0,1.5,0.6491177295623066,10226.904187461032,10252.20716582325,10290.791074909697,10264.497523261663,0.0,0.0,0.0,0.0,0.0,0.0,nan,0,0.004087232735568121,-0.0025535053043230795,-0.01947858867559904
1.813451909,0.010665483518946044,0.004457193941496743,0.8940385258326717,-0.02983704058151428,0.03579550888817152,0.9349727267011382,0.003729676961016731,0.0005341805208849376,0.005757655217879329,0.0,0.0,1.5,0.6060717179439795,10237.089695575878,10264.117282774832,10296.62495310552,10264.663268660324,0.0,0.0,0.0,0.0,0.0,0.0,nan,0,0.009626849337333822,0.0034268896674878226,0.010259235826966417
1.828332051,0.003536364126321091,0.003016624021551497,0.9106553853026546,0.008166853941600693,0.037031050646239454,0.8633784615761756,-0.0008447763429446864,0.00046330842714003195,-0.003558631091024654,0.0,0.0,1.5,0.5893629448518831,10182.478676299652,10217.537654304928,10213.941555351099,10183.2710577187,0.0,0.0,0.0,0.0,0.0,0.0,nan,0,0.00250021316150011,0.00197581343038385,0.013718446888645763
1.842862704,-0.015750217262917497,0.004159474851086304,0.894877561929981,-0.008947581432045814,0.03252713091136722,0.86506850384006,-0.0019349119376079952,-0.0023840949815023584,0.002803360053860648,0.0,0.0,1.5,0.6053416685068606,10180.682441512536,10208.546365152193,10191.822859388074,10167.276914086597,0.0,0.0,0.0,0.0,0.0,0.0,nan,0,-0.01678078821968183,0.0031124662497874845,-0.014958181729966546
1.8577232950000002,0.008820545726229187,0.010424750931830819,0.9174201032687078,0.008438605742634584,0.01394959594028772,0.8491112960865256,0.004760645330411776,0.0011244322928801707,-0.0029015491387161365,0.0,0.0,1.5,0.5827399192901944,10224.57595699192,10251.664361343399,10212.543787257973,10189.051833488891,0.0,0.0,0.0,0.0,0.0,0.0,nan,0,0.007798640521375173,0.009376009495650473,-0.005059860043048925
1.872608733,-0.00204146277250793,0.021547733958653406,0.9603841785491729,0.03846191620590433,0.013068514680608906,0.8363396919263745,0.00611153356712257,0.0010708865183562347,-0.0021611600798597183,0.0,0.0,1.5,0.54004972657067,10239.859667634175,10248.430394980938,10220.881163398068,10210.382395476461,0.0,0.0,0.0,0.0,0.0,0.0,nan,0,-0.0030516750335099286,0.020501951990096027,0.02550624199268492
1.887277547,-0.006412872020534498,0.01051874484508318,0.9275374464744788,0.0024346971071415903,0.019438131077645106,0.8027050121996491,0.0035287403720697243,-0.0020618943438852474,-0.0033308482144497665,0.0,0.0,1.5,0.5725950961278204,10218.367768053922,10195.065603334016,10184.03303975263,10201.146726816887,0.0,0.0,0.0,0.0,0.0,0.0,nan,0,-0.007408484058458797,0.009480894687716233,-0.01948998088488041
1.9022115030000002,-0.0012566353337822558,0.003955468198404187,0.9682710137692162,-0.04344890245833808,0.019407977056530124,0.7839603828553994,0.0031033448204774478,-0.005833201685982179,-0.0012639246238201863,0.0,0.0,1.5,0.5317451830144282,10248.001604111701,10225.671408762893,10221.030386345024,10234.641328353684,0.0,0.0,0.0,0.0,0.0,0.0,nan,0,-0.0022348599500685686,0.0029308490813618167,0.009347204849354918
1.916876379,-0.007319846059729154,0.0183101606612952,0.9908003446693978,-0.01738177128281823,0.02687504598138248,0.8073879617981896,9.91162037303688e-05,-0.004951409844359977,0.003917966636425912,0.0,0.0,1.5,0.509581329248418,10238.324295217324,10261.445744916895,10258.419951499432,10228.17151892623,0.0,0.0,0.0,0.0,0.0,0.0,nan,0,-0.00827795048929893,0.01730447268998086,0.0202211417520497
1.9316866480000001,0.012746930446868216,-0.000765136025409312,0.972695867403193,0.008231408829202199,-0.0019249922898941874,0.7259688635074056,0.0025521920119862284,-0.001362013235049724,0.0009356235532677514,0.0,0.0,1.5,0.527458735753448,10206.743205472261,10249.211145070889,10234.127528333942,10189.252070357348,0.0,0.0,0.0,0.0,0.0,0.0,nan,0,0.011811609563185005,-0.0017458000884237003,-0.009300008046142838
1.946530668,0.010715551028725533,0.010115902323193404,0.9981163012182726,-0.00010700022917423257,0.0339200831139171,0.77643876077708,0.0041905915917231145,0.0003766749506106344,0.004252470389424763,0.0,0.0,1.5,0.5020999916515527,10283.761041955608,10297.346947454314,10303.577558033785,10289.287705661718,0.0,0.0,0.0,0.0,0.0,0.0,nan,0,0.009805538553711069,0.009166774345294722,0.004938617234149345
1.9613024680000002,0.008526067725718187,0.0046383891639974065,0.9883623835688553,-0.0041515951619586055,-0.02657132189562151,0.6922714753378754,0.005772718040039751,-0.002260134963877211,3.0267768800822236e-05,0.0,0.0,1.5,0.5117296737851376,10279.838306543683,10280.507077148794,10278.715322946058,10284.31350168513,0.0,0.0,0.0,0.0,0.0,0.0,nan,0,0.0076436979769869216,0.003727788789231707,-0.015779807882474906
1.976081556,-0.009269833604797066,0.009023121599950182,1.0103081677597299,-0.010149841732250623,-0.012344641663747484,0.7322143356786043,0.0032395264377718096,-0.0018137919735065696,0.0058645160981353,0.0,0.0,1.5,0.48986267167574726,10333.151004282538,10331.91012637985,10360.321223055254,10365.466772221907,0.0,0.0,0.0,0.0,0.0,0.0,nan,0,-0.010122455018378128,0.0081584692957989,-0.004586580729597056
1.9910232950000002,0.01951082883923582,-0.0077582199415825925,1.0358027190973107,-0.02609960462963739,-0.011806528701708507,0.6600079278343393,0.0021895841416628204,-0.0016280049817303545,0.0006498706952765614,0.0,0.0,1.5,0.4646719036224443,10319.389929273075,10326.092128201886,10360.595599198658,10360.970820766917,0.0,0.0,0.0,0.0,0.0,0.0,nan,0,0.018689846732292487,-0.00856906635157229,0.010350880313753308
2.005339503,0.011817273357606782,-0.0012226250780460186,1.043784601401755,0.0017867397489952075,0.018845452209803413,0.7599865041721728,0.003403232361221391,-0.00035218854152256656,0.0017717076087553933,0.0,0.0,1.5,0.4563700611125201,10340.012336538466,10349.389429924344,10390.892956302749,10384.064712174784,0.0,0.0,0.0,0.0,0.0,0.0,nan,0,0.011029593017709971,-0.001971506651879279,0.007970411822677326
2.020282653,0.0007797188557532532,0.014608016111137111,1.0544141433619505,-0.015299048018253651,-0.03338658386049739,0.6982207657577799,0.0009644338731007935,0.002979073183157831,-0.0027208109539689105,0.0,0.0,1.5,0.4458259276130782,10286.534742018915,10285.86896860393,10312.352443493115,10316.576000228783,0.0,0.0,0.0,0.0,0.0,0.0,nan,0,2.6764081000660257e-05,0.01392946188933469,0.008432194167640628
2.035048909,-0.004656610064607979,0.004816675067530889,1.0548282488795164,-0.015330425552182761,0.021192364771960685,0.6386055095114884,0.0038499681032710086,-0.0008708428045545575,0.00015071354572969637,0.0,0.0,1.5,0.4452221606924769,10265.519354653612,10261.68454312796,10299.496488030858,10299.435725989246,0.0,0.0,0.0,0.0,0.0,0.0,nan,0,-0.005373679105001269,0.00421683014337601,-0.0011051395849763779
2.049758873,-0.004101511333133058,-0.003764585310200406,1.0774572464413572,-0.02856696255998364,-0.019129778508278083,0.6322773962473885,0.0014822035250517081,-0.003477888072600171,0.002036953246222707,0.0,0.0,1.5,0.4225794281347514,10301.557758136176,10303.371525882869,10327.826224389893,10322.184035146505,0.0,0.0,0.0,0.0,0.0,0.0,nan,0,-0.004781781942195981,-0.00427732079822007,0.011791989147560189
2.064393231,-0.011533274178449213,0.012375999990826109,1.093176313308439,0.011307495004739144,0.0007797687459709171,0.6418180980343802,0.0006618529422478738,0.004105597661513924,-0.002327199442659729,0.0,0.0,1.5,0.40717526182512814,10305.179803232424,10329.237609216998,10358.26705414439,10335.596497196402,0.0,0.0,0.0,0.0,0.0,0.0,nan,0,-0.012176074701932597,0.01195878353395194,0.017986326464735303
2.0792368370000003,-0.004186663012022604,-0.0033137250279512047,1.076300179422298,0.07196133473825013,-0.01090948531317814,0.6160342459614101,0.004775308791018438,-0.0010352999113479176,-0.010506481044366842,0.0,0.0,1.5,0.42373346207057333,10311.06878517508,10319.638088587422,10337.876957470635,10326.696506745055,0.0,0.0,0.0,0.0,0.0,0.0,nan,0,-0.004791593795887407,-0.0036270994299215783,-0.00821232245612924
2.094015639,-0.00014994222129801867,-0.012889553828204467,1.0854174343817198,-0.008855893056639301,-0.02007788878180066,0.5915589557332646,0.005270476460572914,-0.0015228020823809844,0.0030108854729071982,0.0,0.0,1.5,0.4147829152643531,10367.71823792742,10319.015157014901,10354.40784541784,10382.380790018688,0.0,0.0,0.0,0.0,0.0,0.0,nan,0,-0.0007169195423880047,-0.013090922196108374,-0.008217798069729776
2.108754723,-0.002375016197662708,-0.01616013726928275,1.0992781017685689,0.03126797300541081,-0.03881767500529573,0.5884877382102844,-2.26556742295357e-05,0.0045409647627748595,-0.004876931813604989,0.0,0.0,1.5,0.4010546477236022,10389.232475085391,10348.444649990586,10389.589115619992,10417.280009655378,0.0,0.0,0.0,0.0,0.0,0.0,nan,0,-0.002904251882797169,-0.016241512685458745,-0.003291107622768852
2.123526204,0.012858805370843869,0.017072584039526596,1.0943052577871242,0.0016944936169497851,0.01177945308097744,0.6037644319673355,0.00459567406462736,-0.0008818008949022128,-0.0016899022353801857,0.0,0.0,1.5,0.40625736406928514,10404.462345318361,10345.492489127662,10397.15337337866,10440.26360694016,0.0,0.0,0.0,0.0,0.0,0.0,nan,0,0.01236689167009758,0.0171189369898056,-0.017018740361641083
2.138241288,0.0021179791923441687,-0.015463745708697975,1.1221338886186427,0.04734442303677808,-0.006016103043404082,0.5678129610995578,0.00431983739001276,7.80337718496539e-05,0.004074437536428763,0.0,0.0,1.5,0.37818832795007146,10409.044957970867,10359.142173365986,10389.550682690093,10426.51438433983,0.0,0.0,0.0,0.0,0.0,0.0,nan,0,0.0016628636172578036,-0.015282295402181963,0.0022309558520290373
2.153019747,0.017004737900350505,0.005048815558009627,1.1288312765233481,0.009034828343951229,-0.05357483978795242,0.5450100195234244,0.0030889884647047603,0.0008732547518018988,-0.002923184952153633,0.0,0.0,1.5,0.37159234779107825,10416.746541564473,10361.72167667814,10381.68143688724,10436.075575889625,0.0,0.0,0.0,0.0,0.0,0.0,nan,0,0.016585910970236352,0.005372263401786956,0.0005251358183675503
2.167803627,0.00977596362943624,0.017217125586649548,1.1371093563743253,-0.046983587191793894,-0.008177893055712347,0.5758222666804514,-0.0011917955925434826,-0.0018514287960046951,0.0031604199574136855,0.0,0.0,1.5,0.3634303483604623,10421.817663489519,10371.555639390286,10404.571246923759,10451.522506583306,0.0,0.0,0.0,0.0,0.0,0.0,nan,0,0.009393048855430929,0.017688950039847433,0.0005736695664930735
2.182510219,0.005002089191653593,0.020745742251316243,1.1274440961650265,0.024088124410167236,-0.005825340900432733,0.4670273842224504,0.0011420216506798544,-0.00016683570269113054,0.004078352119220987,0.0,0.0,1.5,0.3731665957720939,10379.63208354874,10386.329694762087,10387.374168713586,10384.89503660392,0.0,0.0,0.0,0.0,0.0,0.0,nan,0,0.00465496648234524,0.021371740863463082,-0.017146898154490886
2.197350659,-0.009890032966417677,-0.007891671918526688,1.1599108043783763,0.0008281588672185535,0.01460597975281385,0.5192665117910209,-0.0008544629404978765,-0.00013217268705799408,-0.0020216935426216093,0.0,0.0,1.5,0.3403244807772569,10455.298971499204,10465.972318714863,10449.080803460978,10446.119551077909,0.0,0.0,0.0,0.0,0.0,0.0,nan,0,-0.010201163293826062,-0.007106325477133853,0.007439351380772452
2.212046419,0.024103334309222162,-0.0033840281174175755,1.1556730845148337,0.015260761184989256,0.008082618870939862,0.46199790785611444,-0.0009856095713774657,0.0032854851146183967,0.0014732113418703988,0.0,0.0,1.5,0.3451861050196697,10451.344321873383,10463.07659641993,10438.898466665225,10430.278560103943,0.0,0.0,0.0,0.0,0.0,0.0,nan,0,0.02382870730067576,-0.00243473145062755,-0.00452256606038226
2.226890065,0.01129956248843345,-0.0032975026016826363,1.1581213072494823,0.005494816955829084,0.0026651449130941176,0.5127031972242926,0.003300977482841052,-0.0018230057719168127,-0.0010234323650606322,0.0,0.0,1.5,0.34208126840363684,10496.920469371578,10496.549895153963,10461.383851333037,10467.28684879119,0.0,0.0,0.0,0.0,0.0,0.0,nan,0,0.011062235100854464,-0.0021802252855329233,-0.009644364636158587
2.2418320400000002,-0.00010711591751656055,0.013877353769429833,1.1670045097903479,0.01122230275187929,-0.0003077238238881013,0.48197999700690336,0.001606957998189717,-9.784840350050395e-05,-0.007740214774269941,0.0,0.0,1.5,0.3332845464785732,10477.98482053058,10478.262068750815,10455.280947783485,10457.68395001704,0.0,0.0,0.0,0.0,0.0,0.0,nan,0,-0.00030607647285449163,0.015166151175472747,-0.008185998620382495
2.25658213,-0.005876318589058525,0.016383284105214595,1.1880712644999396,0.00529031397822043,-0.0028627101934783103,0.5039519752393529,0.0007315580242964309,0.003290181286046498,0.0017787168330649237,0.0,0.0,1.5,0.31241395479219386,10487.94183877021,10482.751727709769,10465.122158518814,10463.122530411569,0.0,0.0,0.0,0.0,0.0,0.0,nan,0,-0.00603557838943806,0.017846696729605243,0.005603005801099847
2.2711631160000003,0.0021110949016535686,-0.007628023457918667,1.1920652058719676,-0.008673741647906812,-0.012271634203664214,0.5200859061752318,0.0012288696300716147,-0.0001300745744661578,0.0015689590341684892,0.0,0.0,1.5,0.30803649280277173,10453.016754532693,10452.244301430592,10425.760451913695,10430.078034531336,0.0,0.0,0.0,0.0,0.0,0.0,nan,0,0.0019931373588212174,-0.0059872911222096205,0.002469208524589872
2.2861825430000002,-0.0027224790864692643,-0.002877246789633759,1.213622180925135,-0.02669988719605292,0.0029565160564891547,0.44289278200895715,0.0011425350172908943,-0.004197171978375939,-0.0005307306571265601,0.0,0.0,1.5,0.2864052124168497,10405.666991300706,10416.59433369974,10399.747699585922,10395.509620181318,0.0,0.0,0.0,0.0,0.0,0.0,nan,0,-0.0027972704686145687,-0.0010568355522946526,0.017060500703452997
2.300697296,0.006594562513784258,-0.02222353247837793,1.2073145372486944,0.01775706457257665,0.010809402852359002,0.4477270210482809,-0.0020981732956179074,-0.0030060204587927064,-0.005646452514568303,0.0,0.0,1.5,0.29360203295704823,10416.158039667156,10444.126184698232,10430.633792212691,10405.658005076044,0.0,0.0,0.0,0.0,0.0,0.0,nan,0,0.006565065040541432,-0.020221365027128884,0.003954093416505433
2.315555638,-0.0007404192123306967,0.012554566669856925,1.2108866136994005,0.007623475207708603,-0.009767146037337299,0.4394886015858245,0.0001513004513740995,-0.0006429236145124817,-0.0010995288480466388,0.0,0.0,1.5,0.28938679220565255,10443.203683622507,10468.310710338716,10458.290248542095,10429.638789949046,0.0,0.0,0.0,0.0,0.0,0.0,nan,0,-0.0007222604616997659,0.014740334733336411,0.000885879382393151
2.330439573,-0.022776895204532355,0.005719844109580275,1.204840209670378,-0.011672018923893924,-0.02907807567162951,0.4670784380583843,0.0008724688024977381,0.00032627265035976334,0.0008838141913390104,0.0,0.0,1.5,0.29609256221530206,10463.374815777921,10476.926376371008,10470.412905690535,10452.499577339398,0.0,0.0,0.0,0.0,0.0,0.0,nan,0,-0.02270856039353378,0.008090849630070675,-0.011649429222149621
2.345195131,0.0038378299370902405,0.017865996787985495,1.220467348457334,-0.02035779402447243,0.007629870418441977,0.4082871176934667,0.0003969994797905822,0.0006200590107770736,0.00013558820409448864,0.0,0.0,1.5,0.2801293023914632,10448.039924866176,10468.127878016949,10473.173646633484,10451.020095277572,0.0,0.0,0.0,0.0,0.0,0.0,nan,0,0.00395895725208541,0.02042369097648539,-0.0023638465270452436
2.359756628,0.01652121061427689,-0.01831203409346878,1.2253380734544772,0.003353720836595461,0.029669908415353982,0.37232705840964503,0.0002793606412728745,-0.0007786007167302692,-0.00212369112502353,0.0,0.0,1.5,0.2757670300933377,10487.16857779605,10509.090356786084,10499.859203710243,10476.202906007871,0.0,0.0,0.0,0.0,0.0,0.0,nan,0,0.016697800273294996,-0.015566373460156742,-0.0036906724185967743
2.374504823,0.01741431821631057,-0.005015271754098272,1.2248892431172373,-0.0007585333415165896,-0.010121240897952634,0.389225354742309,0.0017561505489534297,-0.0012203865171245916,-0.0019490645367665261,0.0,0.0,1.5,0.27570698210657074,10519.278417227977,10535.090010056658,10521.165850986503,10502.397349274574,0.0,0.0,0.0,0.0,0.0,0.0,nan,0,0.0176490542387995,-0.00208052605740075,-0.010205573033928772
2.389462926,0.011613508853602253,-0.0160982975033765,1.2154989727153551,-0.02322653100025165,0.011534803418841538,0.4048406598543486,-0.0010890592199454137,-0.0008016612128367727,2.6765845910457223e-05,0.0,0.0,1.5,0.28519267749438826,10553.587295765386,10553.665239074142,10554.849400294936,10549.953643815741,0.0,0.0,0.0,0.0,0.0,0.0,nan,0,0.011909043184698572,-0.012973478768638833,-0.025544570030045177
2.4042700860000004,0.00932714359634403,-0.005006238666561886,1.2502724856225835,-0.02299096208048947,-0.009182912848333063,0.4105428524311321,-0.00029877697411604103,0.00041428079449507926,0.0003647723936555978,0.0,0.0,1.5,0.24995177428931395,10559.197305648384,10562.117101755552,10562.340552750402,10555.479318982412,0.0,0.0,0.0,0.0,0.0,0.0,nan,0,0.009686062081162256,-0.0016904704903191463,0.003391412503254365
2.418852198,0.0069624442581934795,-0.0014554827760835552,1.248637551108933,0.016180523443171373,-0.03476208935843055,0.3730850477844336,0.005050018493269223,-0.00390147287560542,-0.0011649371013659157,0.0,0.0,1.5,0.2514630684070212,10513.127513565465,10523.107645470527,10526.068908735268,10514.844027371259,0.0,0.0,0.0,0.0,0.0,0.0,nan,0,0.007387244661289618,0.0020519977629568716,-0.0039649887849197984
2.43365488,-0.0030456223672455035,0.008184603271077834,1.261024798918661,0.018280813676893836,-0.016192965599565873,0.41585664363209474,-0.00027426750855128704,-0.003434855040114689,0.0021119388679274364,0.0,0.0,1.5,0.23913471157106247,10509.657750896786,10514.368438149239,10537.467104838679,10530.93731091411,0.0,0.0,0.0,0.0,0.0,0.0,nan,0,-0.0025525532555522867,0.011884442589279688,0.0028271473004450876
2.448351843,-0.008173831172516332,-0.002123668915018009,1.2605604757071556,0.0010648663698163707,-0.03288233456190481,0.37787004317674044,-0.0015951541332689854,-0.0008614699289515019,0.0007789040940004673,0.0,0.0,1.5,0.2395884122391587,10474.523926214311,10472.378447820725,10484.542515601275,10488.623381916905,0.0,0.0,0.0,0.0,0.0,0.0,nan,0,-0.007610231964086306,0.0017690429689916605,-0.003101226827225023
2.4632163520000003,0.0010559288195382478,0.00655712968414691,1.263695288681291,0.03632541632713305,-0.008500186414241745,0.3465804611425608,0.00272042201595476,-0.0013050068717336022,9.16985310300976e-05,0.0,0.0,1.5,0.23639802775570062,10473.191169023683,10473.706106154916,10488.184559587291,10492.478327179088,0.0,0.0,0.0,0.0,0.0,0.0,nan,0,0.001692181802533943,0.010643054856494716,-0.0052885129989932445
2.478053498,-0.02237552453546584,0.0039434299254672775,1.2769915409511867,-0.014725883899618474,-0.014949464380941935,0.36423118836266766,-0.0011165091174844205,0.00023927977778606004,0.008810529950833748,0.0,0.0,1.5,0.2241628594239923,10525.996211101354,10506.505900279515,10517.267558467633,10537.817410690941,0.0,0.0,0.0,0.0,0.0,0.0,nan,0,-0.021664603460422677,0.008222706261660497,0.0028195837672813084
2.49283805,0.00954748277438126,-0.0050444526500090505,1.2799720648960349,-0.00682113178327941,0.01661240031761754,0.34886996380970087,-0.002949843514902087,-0.0029113868991385975,-0.0016495975374150168,0.0,0.0,1.5,0.2202927442200037,10520.952158417032,10518.059561235728,10520.393282868597,10533.312848834368,0.0,0.0,0.0,0.0,0.0,0.0,nan,0,0.010335004271455069,-0.000571924839563919,0.0007348069460142437
2.507453136,0.007549745340694265,0.009789764714753247,1.2887332952442427,0.004523319951276832,-0.025671638590313017,0.3389696366087843,-0.00238181779189962,0.00025953035075903326,-0.00411349218047432,0.0,0.0,1.5,0.21162811412058624,10533.885443097151,10533.48024496699,10520.220601387555,10521.609044856732,0.0,0.0,0.0,0.0,0.0,0.0,nan,0,0.008415747357491817,0.014455181825857526,0.004553431056163015
2.522219599,-0.008152289935070577,-0.013347447734049701,1.2744366363047726,-0.03206868660367842,-0.005997609140230967,0.29713058602317277,-0.0024186194881034608,-0.0005982860864882792,0.006271880217138563,0.0,0.0,1.5,0.22610494296610167,10539.728941486537,10532.337603642552,10524.19222203147,10524.407516598701,0.0,0.0,0.0,0.0,0.0,0.0,nan,0,-0.007205961523967672,-0.008489763206996924,-0.014564426209487058
2.5369652090000003,0.01120391119339675,-0.009537280164713901,1.27374666666598,-0.012397627385932317,0.0032142783230909946,0.2546330729320627,-0.00029370604628223664,0.0023197665767895883,0.0063061803863175,0.0,0.0,1.5,0.2267312465976512,10579.135663542009,10603.814302669605,10593.631812153635,10579.208263877155,0.0,0.0,0.0,0.0,0.0,0.0,nan,0,0.012232388355958006,-0.004488182218354627,-0.01996437680952523
2.551697663,0.010009076114064501,0.006259163538773422,1.261642049710255,0.0015657727423496505,-0.013503152770826272,0.2667984259888849,-0.0005963967163333416,0.00027415186406822234,-0.0004966256347507129,0.0,0.0,1.5,0.23865010203054768,10618.375218729036,10647.859671330736,10635.424688941292,10623.266932953256,0.0,0.0,0.0,0.0,0.0,0.0,nan,0,0.011121493725940053,0.01149860606193908,-0.03668972772654211
2.5666510810000003,0.011379323148099122,-0.001283970376053236,1.3086273959436376,-0.0022084493737456463,-0.012391635377198356,0.2774302143001511,0.0017495350254990677,0.0008299274239108806,0.0013644145852092914,0.0,0.0,1.5,0.19171492158553724,10702.757018078368,10714.093604988475,10707.1467749232,10708.432244833419,0.0,0.0,0.0,0.0,0.0,0.0,nan,0,0.012577397205245122,0.004144539045368042,0.005737889030317023
2.5814157090000003,-0.01048393233771468,-0.008977093786173933,1.321748763924031,-0.018640415280882276,-0.021312233583696903,0.3110457713549722,-0.002976057219453308,0.001019206919063732,-0.0021301964428993973,0.0,0.0,1.5,0.1787847986063646,10693.682784374592,10695.588465205794,10696.14816278699,10702.578259391068,0.0,0.0,0.0,0.0,0.0,0.0,nan,0,-0.00919860604101449,-0.003360994251862079,0.014350169333782414
2.596014353,-0.004093506451377401,0.01022302741467324,1.3188565876211562,0.019315029450953536,0.014204527350285944,0.2982629010404927,-0.003293391447035499,0.002363942672237334,-0.0017229587934216855,0.0,0.0,1.5,0.18147783041694235,10617.405177141316,10625.350336573061,10633.311063051462,10627.692771471897,0.0,0.0,0.0,0.0,0.0,0.0,nan,0,-0.0027194833031983006,0.016025057795396674,0.007013476611990477
2.610887351,0.019996635949968193,0.0022213033213190816,1.3044836822087174,0.0038228301864887365,0.014784827547341877,0.3086361802637906,0.0002802043388701247,-0.0014994817703871022,-0.00012979216597104826,0.0,0.0,1.5,0.19654879842019563,10601.046513171113,10595.15796897783,10587.989481367906,10592.96913137811,0.0,0.0,0.0,0.0,0.0,0.0,nan,0,0.021460641763755492,0.00820741556392129,-0.011716878486870197
2.6255521120000003,0.0002854148964996602,-0.010121754732905098,1.3028130661406736,-2.5905148740975537e-05,-0.02863374540826365,0.24455883275376197,0.0020168170466505863,-0.002466076318228891,0.004450821980289291,0.0,0.0,1.5,0.19744674792302505,10599.51824773867,10587.216022297504,10570.705348718384,10580.695717853978,0.0,0.0,0.0,0.0,0.0,0.0,nan,0,0.0018405337092689928,-0.003953616836447562,-0.017648999305060364
2.640335076,-0.009030240046605978,-0.00663439864007145,1.3633072160743707,-0.011854637089550299,-0.0075021855834717455,0.2733489940445536,-0.0015190312575747785,-0.0019449565980583648,-0.001761387433099567,0.0,0.0,1.5,0.13715129477315735,10615.716040565228,10605.819933574972,10595.615583681496,10605.85068711801,0.0,0.0,0.0,0.0,0.0,0.0,nan,0,-0.0073830111864631705,-0.00028648143376366376,0.038678626946757166
2.655065024,-0.02015441993590249,-0.006458352443114592,1.338925898635857,0.002235489110565153,-0.02627964931295571,0.21024456296301866,0.0012576165581234964,0.0014004664405295264,0.0001042750447690319,0.0,0.0,1.5,0.1624585396016424,10573.584273619,10577.708242584002,10580.38798233643,10572.336774413481,0.0,0.0,0.0,0.0,0.0,0.0,nan,0,-0.018414190350196185,6.693765437311167e-05,0.010221634349428577
2.6701372,0.0018237410076099771,-0.014634067875495281,1.335883537811093,-0.0417364572496088,-0.015482536632143289,0.2898018788509247,-0.0015694316850236988,0.0009077642912697187,-0.004453292714408644,0.0,0.0,1.5,0.16477771431613683,10599.474806293741,10606.72233539548,10622.242549114404,10610.840382091304,0.0,0.0,0.0,0.0,0.0,0.0,nan,0,0.003657755878389792,-0.007933950098565921,0.003203666451901732
2.684634051,-0.016528426584522783,-0.00966494274276334,1.363775213493285,-0.0016630223114000352,0.0020063961218078686,0.27011209792179847,-0.0022590282294116253,-0.003472037650949183,-0.003408879532197629,0.0,0.0,1.5,0.1375637759818366,10561.084936218334,10580.288567814438,10602.816981622484,10572.798624512177,0.0,0.0,0.0,0.0,0.0,0.0,nan,0,-0.014599960090759624,-0.002792709332311403,0.027213754458936812
2.699391754,-0.001128410706347189,-0.006305685094637762,1.3443928491021628,0.007093413108353609,-0.03159446359095591,0.3026344361309939,-0.0010362877483347137,-0.0030683685596576116,0.007833169432217466,0.0,0.0,1.5,0.15573894948206501,10538.212613269021,10558.900440885405,10574.648228734262,10541.875163117864,0.0,0.0,0.0,0.0,0.0,0.0,nan,0,0.0008950103169924261,0.0007357704986287834,0.004053388254431578
2.714319704,-0.015087247935033627,0.006313241590981318,1.330491774069913,-0.021570014581542268,-0.05131618883309093,0.31716880283606713,3.551776465029145e-05,-0.003235915677751606,-0.00016702259638068926,0.0,0.0,1.5,0.1702953925612925,10505.790031339726,10521.691346701005,10536.942922048267,10527.509823730179,0.0,0.0,0.0,0.0,0.0,0.0,nan,0,-0.012968593732159868,0.013520811219015091,-0.013510672075807362
2.729132151,-0.012452617852468505,-0.005035106735114401,1.3632056496297493,0.010327401293991149,-0.0009136780403809665,0.2522430798947168,-0.002269389163037666,0.0009222394697693219,0.0021411962966210053,0.0,0.0,1.5,0.1374522254619128,10477.743843856206,10500.709957745452,10527.656927596743,10512.811096575588,0.0,0.0,0.0,0.0,0.0,0.0,nan,0,-0.01023872506063244,0.0023352187536442573,0.015665301198948267
2.743706382,0.00841496661566746,-0.014066669909010218,1.3501230268867128,-0.0020991434836135914,-0.004105159140637216,0.22522577811108843,-0.003021912769470867,-0.0005147459292892892,0.0037816180526097374,0.0,0.0,1.5,0.1507706534278898,10515.316520057047,10521.646890963659,10527.999877694794,10530.892068157444,0.0,0.0,0.0,0.0,0.0,0.0,nan,0,0.010723797607958665,-0.006537262025131267,-0.0008288238899885059
2.7585176440000003,-0.013270017915268703,-0.004523859238765606,1.3273228871038794,-0.022754255005359995,-0.05113513483326515,0.1978341652953858,-0.0019960318199547145,0.0004484827188855979,-0.0012001592602894084,0.0,0.0,1.5,0.17324532892988287,10565.410483768695,10565.56075665051,10558.148668795642,10571.055365516959,0.0,0.0,0.0,0.0,0.0,0.0,nan,0,-0.010866882036618078,0.0031605724745575603,-0.026922826115327148
2.773504768,0.006872458289235443,-0.008407685695520091,1.3706062144965443,-0.014131864741787091,-0.006205548153262063,0.2322254374152037,-0.0031136330193316727,-2.7045002698129402e-05,0.0019063691474623709,0.0,0.0,1.5,0.12984864877466473,10638.175414140842,10649.263406338183,10662.404957677816,10659.334527704828,0.0,0.0,0.0,0.0,0.0,0.0,nan,0,0.009368924192060354,-0.0005727307380920289,0.013158948493176448
2.7882703720000004,-0.006643776671135837,0.005269913655064318,1.355160747461643,-0.01786011404663561,-0.0193102944604398,0.2035886812323561,-0.0012767787191304745,0.0021140459279285003,0.0006387961858843171,0.0,0.0,1.5,0.14508728694912498,10637.149849152596,10647.780638670794,10654.20474495961,10652.244577408412,0.0,0.0,0.0,0.0,0.0,0.0,nan,0,-0.004055302371624195,0.01325042539590355,-0.0054195871476039326
2.802804208,-0.014884706241157017,-0.011647762362008316,1.3639787293452348,0.004656109070726205,0.006805952225016475,0.2144359172802621,-0.0025733533048792542,0.0025354072930989452,-0.005862999179218965,0.0,0.0,1.5,0.13732811408617046,10663.053956409012,10668.614855838447,10671.566158820207,10667.424367302337,0.0,0.0,0.0,0.0,0.0,0.0,nan,0,-0.012205899136835974,-0.0035271152492151424,0.00033395090248111714
2.8176656220000003,-0.01456169685097293,-0.00594005356977478,1.366223961443888,-0.004854492283713662,-0.00636149939008168,0.1463488116457659,-0.0004492037349862223,-0.00132080472018532,-0.002852128761958672,0.0,0.0,1.5,0.13469727444665608,10671.580701225907,10666.917699921374,10661.215358486852,10661.355385370187,0.0,0.0,0.0,0.0,0.0,0.0,nan,0,-0.01179460563317198,0.0023148180310152908,-0.00042129030454862715
2.8326867140000003,-0.013144881436040366,0.016198056512605082,1.4033750790084247,-0.001285859841697143,-0.03853536164787822,0.19637360500602366,-0.0029764182563309905,0.0013754303811654035,-0.0010534897532212914,0.0,0.0,1.5,0.09885110165992723,10729.356659669735,10724.928762999907,10720.915663693793,10716.327738175512,0.0,0.0,0.0,0.0,0.0,0.0,nan,0,-0.010291940404831475,0.024580739539102687,0.03378513508195535
2.847112369,-0.004049290461218985,0.0050302699408010555,1.3597772374398642,-0.03242347186735943,0.010279076173010722,0.21286468163142266,-0.002062754482311114,0.004634847851620501,-0.006739690831975037,0.0,0.0,1.5,0.14037137709986627,10699.400172586013,10692.316369859263,10693.63422785412,10690.675285656604,0.0,0.0,0.0,0.0,0.0,0.0,nan,0,-0.001113324935001784,0.013533851758673388,-0.0127144011348308
2.861919825,-0.002798042917260218,-0.005401166986445631,1.3889702174364031,0.008286589700214269,-0.031780196839787785,0.1588176146201774,-0.004944867776476194,-0.0022991627337548906,0.0011704570508220852,0.0,0.0,1.5,0.11119628710124227,10695.435023339489,10690.455863212757,10676.883368041665,10663.482188551221,0.0,0.0,0.0,0.0,0.0,0.0,nan,0,0.00021776314919205557,0.0032159987803425678,0.01363162145803054
2.876875788,-0.014882672696812262,-0.005563898265573311,1.3898578696360437,-0.05325594647075805,0.024410937322665457,0.14740833728740638,0.0003419381450723238,0.003807688106033955,0.0029296287359856497,0.0,0.0,1.5,0.11128225281517636,10702.278107583532,10693.983674509074,10684.993496215733,10680.069997372646,0.0,0.0,0.0,0.0,0.0,0.0,nan,0,-0.011790580050361828,0.003159142560672356,0.011730429397461828
2.8914042020000004,-0.014133390693020264,-0.007889659256935777,1.4012689325622847,-0.025875707689594005,-0.01468742552147925,0.18388036631082577,-0.005451177039049433,0.0020442831940882694,0.010897026122471617,0.0,0.0,1.5,0.10004910360949165,10716.061885743342,10734.35940669088,10709.563076883154,10689.17300529331,0.0,0.0,0.0,0.0,0.0,0.0,nan,0,-0.010968958956910918,0.0009311741271148567,0.020404332794656366
2.906501935,0.00331268197002245,-0.016133042353412834,1.3408069397531373,-0.01687499325842349,0.026346908701723334,0.20585763479217267,-0.005186457906874061,0.0037171269476766375,0.0019361953864315614,0.0,0.0,1.5,0.16004274225397663,10687.748889458288,10716.505846493446,10687.863044184585,10671.747846884733,0.0,0.0,0.0,0.0,0.0,0.0,nan,0,0.006545093626149308,-0.007222809031103929,-0.0427473646541805
2.92106069,-0.0029180192307612035,-0.018262258145652556,1.4062739216696059,-0.0019664515327022,0.029855467041913254,0.21129754208686105,-0.002162778844829209,0.0030187036313915187,-0.0022840020414427236,0.0,0.0,1.5,0.09553325425214365,10717.981942707673,10729.435078686583,10689.756530055181,10689.595598700344,0.0,0.0,0.0,0.0,0.0,0.0,nan,0,0.0003775666960326796,-0.009271229414107556,0.020081492458880135
2.935760642,0.022850132724545173,-0.011300650775566289,1.3855541253996206,0.0045001333422495455,-0.0015880317637955057,0.18073818246491324,-0.0076561720717975455,0.0032942182336880626,-0.00012785635620099657,0.0,0.0,1.5,0.11725055004786286,10683.550829117652,10680.042628670426,10638.363758691577,10647.511785948425,0.0,0.0,0.0,0.0,0.0,0.0,nan,0,0.026203595295197616,-0.0022375831676025443,-0.003224461518309907
2.950541861,-0.015246261888949869,-0.008775514067025434,1.3775904957965714,-0.03861885672398154,0.019470891040230677,0.179640012797657,-0.004588651777502706,0.005847501030517029,0.0004357007153643691,0.0,0.0,1.5,0.12366707269138459,10695.867501722229,10667.324519713313,10636.936210238948,10667.620795110153,0.0,0.0,0.0,0.0,0.0,0.0,nan,0,-0.011840683974301516,0.00035082481854451474,-0.013709869043749379
2.96534113,-0.006781933585185638,-0.008699413949915469,1.3969228306480506,0.013749527560118813,0.010086328014333887,0.15899363538735545,-0.002068523365360359,0.004378841643181659,0.0004450178190904263,0.0,0.0,1.5,0.1036656995724059,10700.199429428225,10682.087564823501,10651.677342031608,10672.381450018447,0.0,0.0,0.0,0.0,0.0,0.0,nan,0,-0.0033304580167393487,0.00048145215401465546,0.003163873713472931
2.980088803,-0.0005860056668135867,-0.03118222763201329,1.4046805064783343,0.003425069051920185,0.005040148333201267,0.1338862684816457,-0.003761600880318883,0.001762989588987516,-0.0032251643810016317,0.0,0.0,1.5,0.10029197658817528,10709.942270036609,10681.259300650523,10659.54135239728,10689.93783360166,0.0,0.0,0.0,0.0,0.0,0.0,nan,0,0.0029047551355430978,-0.02195549126157375,0.00852203689595088
2.9947776690000003,-0.011318343239843086,-0.004752044362332402,1.3972034181945816,-0.013822128704723092,-0.01390574261912477,0.1185145855816833,-0.001169322952613951,0.0012354970076817592,-0.0035775100298441765,0.0,0.0,1.5,0.10352692427670472,10717.545123351752,10686.627226536722,10673.310801013953,10704.15382480834,0.0,0.0,0.0,0.0,0.0,0.0,nan,0,-0.007795238438283973,0.004512058203098463,-0.001299625254623793
3.0095633850000003,0.004981653041531197,-0.01555494156854567,1.400178247766453,-0.042363743179672814,-0.004617204324654139,0.2151097443085424,-0.0028011663508277374,0.004818217917728784,-0.005127967964508646,0.0,0.0,1.5,0.10114917346771897,10745.867117366772,10730.252954822816,10737.689466910153,10747.347883801896,0.0,0.0,0.0,0.0,0.0,0.0,nan,0,0.0085298848382878,-0.006261805617413376,-0.0006253812257470681
3.024342394,-0.0013539275612889008,0.0025950019852122065,1.3928501253651584,0.048487857664592356,-0.013017753434837132,0.16596267659058864,-0.00048629957061148616,0.005022338381113944,0.002637080994699646,0.0,0.0,1.5,0.10718984461881986,10687.992052738555,10684.273105559161,10701.531631941565,10694.536730897475,0.0,0.0,0.0,0.0,0.0,0.0,nan,0,0.002212013065241283,0.011909039894296279,-0.010216218267800725
3.0392171890000004,-0.014059358548229393,-0.004386440137460789,1.4160482678421558,-0.03690900574653587,0.0073545652438448406,0.16613567111637187,-0.003115833887685558,0.005331601015234218,-0.0006088546481365634,0.0,0.0,1.5,0.08523379466015588,10701.871587636644,10667.370505607043,10681.887312079201,10716.694538462038,0.0,0.0,0.0,0.0,0.0,0.0,nan,0,-0.010483231238734087,0.004940629673333578,0.010771961623492698
3.0539215410000002,-0.0030913834750526453,-0.019404281395794462,1.402998975240698,0.0032314764649706393,-0.007408501316058513,0.17207731909906337,-0.0020479381662516414,0.0007582385173986085,0.0009313774591220956,0.0,0.0,1.5,0.0989711149408338,10680.046790653849,10659.597136462193,10668.572181774438,10688.043004039066,0.0,0.0,0.0,0.0,0.0,0.0,nan,0,0.0004873037633157124,-0.010071867072969434,-0.004431707952395891
3.0687348070000002,-0.010707380681537192,-0.0042665657654857555,1.4120111395983714,0.011194670327665244,0.019881072363189044,0.1145119508107171,-0.00322061286730829,0.004517333958377048,0.00021184624747927909,0.0,0.0,1.5,0.08874058338363486,10662.271422206242,10649.483239456953,10665.86578769781,10679.477676097775,0.0,0.0,0.0,0.0,0.0,0.0,nan,0,-0.007133771997700161,0.005063666994696626,0.002488373656907683
3.083373003,-0.004235748658615523,-0.015024519872477852,1.4089315184886049,0.02945474686191605,-0.011712598841710773,0.15122146879217802,-0.00603737981722787,0.004174502553925391,-0.002716707777993764,0.0,0.0,1.5,0.09239667791045715,10698.255877131893,10682.365018133132,10686.750786875478,10702.33823511516,0.0,0.0,0.0,0.0,0.0,0.0,nan,0,-0.0006748400576527622,-0.005703889631435198,-0.002620698831357071
3.098128043,0.021782712751744288,-0.027720445849148814,1.4077411334309324,0.022751028388003313,0.018045579151339995,0.1539065613103859,-0.004200981641250857,0.0037971281960588253,-0.0014275492915622485,0.0,0.0,1.5,0.09876541982652434,10702.993304714562,10671.522304356402,10678.71403354169,10705.93196228697,0.0,0.0,0.0,0.0,0.0,0.0,nan,0,0.025323324369820432,-0.018416796978783682,-0.005785892276960913
3.113033741,0.0004654681006899938,-0.0030751757406222964,1.4215621370000506,-0.013508562688646265,-0.007633734763058569,0.17254866291949447,-0.0019719840119395322,0.0053190236355013035,-2.0133731783414323e-05,0.0,0.0,1.5,0.07849950138941837,10708.60044859738,10665.30379621849,10667.424566386973,10707.402910238472,0.0,0.0,0.0,0.0,0.0,0.0,nan,0,0.003978295073374504,0.006204167175351994,0.006115232229090051
3.1276628640000004,-0.015838476489979367,-0.021688448437412428,1.4352275677354571,-0.01761582891697017,0.009565269437858147,0.1092576398240246,-0.002517465700464123,0.0035808714247784613,6.241613763875844e-05,0.0,0.0,1.5,0.07011928489802732,10662.840844680739,10638.679733203746,10643.796999676226,10662.698868714822,0.0,0.0,0.0,0.0,0.0,0.0,nan,0,-0.012360708149781725,-0.012440671316843266,0.017922041861461624
3.142615167,0.001982052231858406,-0.011580661297135393,1.4154354738224972,0.003729813551446294,0.044726456385273186,0.14054931369589196,-0.0011420871337382602,0.001546141671776849,-0.0033308041355609606,0.0,0.0,1.5,0.0853768079442792,10666.073031314128,10664.055250520529,10666.635725401806,10665.283017926275,0.0,0.0,0.0,0.0,0.0,0.0,nan,0,0.005417788746687703,-0.002371643840615315,-0.0036591909389367405
3.157372812,0.005742468366206271,-0.0057769943877054395,1.3927129537443081,-0.004453611931904932,0.008733498170242231,0.14582005024331193,0.0030201397051991138,0.002972432994808428,-0.004193941939995362,0.0,0.0,1.5,0.10759581730422156,10690.156330948985,10686.312948907153,10668.180169542387,10663.978688270558,0.0,0.0,0.0,0.0,0.0,0.0,nan,0,0.009129490614003791,0.003386081556411456,-0.028108039010880548
3.1719489060000003,0.01236342525083535,0.003032201453866937,1.447219897673235,0.03563916707931047,-0.017901238142081416,0.11561458711976243,-0.0023166647259472944,0.0014910328285947338,0.0005195965637293282,0.0,0.0,1.5,0.054293533051493544,10708.536995653978,10704.642432527997,10691.921194157843,10685.531630459293,0.0,0.0,0.0,0.0,0.0,0.0,nan,0,0.015695351498164044,0.012142192819707187,0.024729837571728197
3.1867865350000004,-0.009653185384737055,-0.0052961297167718096,1.414269880563122,-0.010424477386869803,0.01763433826748138,0.06415998955231625,-0.001300749975210591,0.005156778026957415,0.0010194986285082005,0.0,0.0,1.5,0.08643428924165655,10700.69776766272,10679.218559312547,10676.668284032285,10694.429191881916,0.0,0.0,0.0,0.0,0.0,0.0,nan,0,-0.006382431053537776,0.0037537311995586966,-0.009836072534161078
3.201546775,-0.0018047026295714811,-0.012776590112284908,1.4070786008743381,-0.00042684605985947197,0.013331032065125547,0.10261187653507874,-0.0010888111264517758,0.003389197266332428,0.0037260768687717,0.0,0.0,1.5,0.09381303012881034,10752.197230912121,10738.358263600912,10735.374887588598,10745.73321496652,0.0,0.0,0.0,0.0,0.0,0.0,nan,0,0.0013991345189021873,-0.0037937697093824597,-0.018592954454483168
3.2164784830000004,-0.002193049042898818,-0.0058189385433811275,1.3863523674032168,-0.01488404919281789,0.002438614285762677,0.14311354433928478,-0.0031544656221311877,0.0025357057624241742,0.005563878487922485,0.0,0.0,1.5,0.11381763441896704,10771.666313518612,10770.407217384123,10766.996574040417,10771.50178339964,0.0,0.0,0.0,0.0,0.0,0.0,nan,0,0.0009384562164735199,0.003090022350133762,-0.04085519301977292
3.2312028170000002,-0.014583370730269312,-0.010593632906485241,1.429232081196555,-0.008620812316498676,0.007914497343267178,0.12239374588253221,-0.0038407675469722567,-0.0002557878246679151,-0.011661205709985226,0.0,0.0,1.5,0.07302737905597334,10767.395869328566,10781.099252812432,10774.450214226983,10771.724231735057,0.0,0.0,0.0,0.0,0.0,0.0,nan,0,-0.01152922287592065,-0.0017652125974238868,0.0005091677634461167
3.245797081,-0.01863469711912657,-0.016055321124174925,1.4218443219524912,-0.0013465004291848292,0.01572626251696952,0.10420732412846728,-0.005807482286270299,0.001092336384948036,9.054211303463471e-05,0.0,0.0,1.5,0.08193494543958522,10740.208719028245,10753.401335951929,10759.235909253883,10731.776929125013,0.0,0.0,0.0,0.0,0.0,0.0,nan,0,-0.01566251464582614,-0.007313940127047662,-0.008369195095388138
3.2608203220000003,0.016163818684759274,-0.024775604984267636,1.4519468927191599,0.0037916602587568624,-0.0061511740063834915,0.12074201006086227,-0.003101298730607192,0.0017932159003784713,0.006477316557912527,0.0,0.0,1.5,0.05642872279392977,10742.697546381778,10759.952250380577,10759.845400757826,10729.41448582189,0.0,0.0,0.0,0.0,0.0,0.0,nan,0,0.019049816982886672,-0.01612756756630346,0.020274868958184866
3.2753626760000003,-0.0049587941833075366,-0.002767015691958444,1.4419217360512155,0.01798783049264775,0.04118127238983687,0.14666200502306173,-0.0007177712702392807,0.0038453331150247938,-0.005533746742461617,0.0,0.0,1.5,0.058355211925727984,10698.714568097923,10709.320060176276,10715.292235440193,10709.583337408942,0.0,0.0,0.0,0.0,0.0,0.0,nan,0,-0.0021628724745985602,0.005781567044226545,0.008828535873539378
3.2903809170000002,0.0027938319793726183,-0.013651249538311126,1.4318921317815327,-0.01491725332273565,-0.009360751948507336,0.07169513541976787,-0.0018723665803558433,0.005000231879534959,-0.0029805942243189263,0.0,0.0,1.5,0.0695186581023419,10677.057010744162,10674.053592335753,10667.88394756875,10673.852303619995,0.0,0.0,0.0,0.0,0.0,0.0,nan,0,0.005496079280581504,-0.005208017660622956,-0.002571074422313968
3.304914806,-0.000333897873387536,0.0029557106247435627,1.4359041693277428,0.02260912535452629,0.0163298853476196,0.1272601418827466,-0.003289339270677354,0.0015697250269160778,-0.0014952225061701727,0.0,0.0,1.5,0.06416481296359978,10729.402613619242,10729.443490560234,10735.886391034343,10733.926868867467,0.0,0.0,0.0,0.0,0.0,0.0,nan,0,0.002271333767768409,0.011287857094407787,0.00012171745273437118
3.319681564,0.0016311886267120828,-0.023699901305772257,1.4513648299522077,0.0356794437035277,0.014658021058712027,0.056067881726952234,-0.0018056662140281965,0.0013824092638262222,-0.0030103337499247456,0.0,0.0,1.5,0.054126942125127774,10731.598096047741,10724.913327593995,10720.654657386014,10725.0879403626,0.0,0.0,0.0,0.0,0.0,0.0,nan,0,0.004136300208616838,-0.015484456005179949,0.014299033167677333
3.3344164820000004,-0.002332871461945994,-0.013728176990630711,1.4650702528446597,0.00782915723899188,0.004998355021279531,0.11095944849621861,-0.003137854120287623,-0.00019156754593553746,0.0011942382120744882,0.0,0.0,1.5,0.03760308988740214,10769.422825373347,10748.385230428305,10750.27319276988,10767.777690509922,0.0,0.0,0.0,0.0,0.0,0.0,nan,0,6.927643700740168e-05,-0.005634901781127584,0.02675490445251283
3.3493414250000004,0.0032084850832921584,-0.0073021327847626345,1.455810579341386,0.015394800217208682,0.02048707986175461,0.06384704893185131,-0.0037079271897023708,0.002214094006234815,0.002336833703984583,0.0,0.0,1.5,0.044903456636209566,10736.338841966104,10721.23306315357,10724.195825688683,10737.712872280525,0.0,0.0,0.0,0.0,0.0,0.0,nan,0,0.005505109161018247,0.0006636442506475215,0.016273523458753658
3.3639587210000004,-0.001688657974920892,-0.015826010032472533,1.4570427956208496,0.01984708404281651,0.013685458274539099,0.08368283419570595,-0.002906249323958533,-0.0011002469124007895,-0.010570488129134388,0.0,0.0,1.5,0.045810867350185414,10759.738343367175,10746.013483980421,10735.385480110743,10756.084773438446,0.0,0.0,0.0,0.0,0.0,0.0,nan,0,0.0005002274547834936,-0.007992889780695941,0.01631796496865201
3.378856695,0.006150163539005312,-0.017321677021966707,1.4377554206640233,-0.0022143285820814553,0.02812812730355781,0.07745070141610545,-0.0013263710850875993,-0.0005012143450159614,-0.00784089068900071,0.0,0.0,1.5,0.06490186948865602,10758.398036932002,10741.786204791746,10736.513460077203,10747.796937008105,0.0,0.0,0.0,0.0,0.0,0.0,nan,0,0.008229472194167631,-0.009626223053660076,-0.004127495304609319
3.3936192120000004,0.0011903692662814103,-0.006302009270798943,1.4568387162590897,0.036444060812203416,-0.04073152520626725,0.11405187552317339,-0.002317931115585458,-0.0019483790625912688,-0.0014536917568931244,0.0,0.0,1.5,0.0436351774833415,10776.080932204433,10765.93820453372,10761.214312506698,10755.60641107112,0.0,0.0,0.0,0.0,0.0,0.0,nan,0,0.003158684657395635,0.0012509441916577803,0.013825755732937317
3.4083736410000003,-0.01518184602125891,0.002404655194731482,1.4262716087806102,0.05084445459707617,-0.03288452272613637,0.09538614720301836,-0.005505750626935257,0.007036997420858932,0.006325295765663763,0.0,0.0,1.5,0.07531365405434899,10736.509286354601,10724.674336797558,10740.315223345473,10740.451953945723,0.0,0.0,0.0,0.0,0.0,0.0,nan,0,-0.013325494966178998,0.009810474100176996,-0.017845528789141474
3.4230247790000004,-0.0051816783521619544,-0.012924247469372922,1.4415414906422837,0.016478863059157127,0.017974648635750577,0.10808355993351634,-0.0002640072757781648,-0.0009351518967595641,-0.0018847101115593325,0.0,0.0,1.5,0.06009395376842055,10756.3998876806,10731.570022329244,10746.794173889775,10775.845688855943,0.0,0.0,0.0,0.0,0.0,0.0,nan,0,-0.0034378039145894794,-0.00566996389258897,-0.0036478186444435234
3.4379243010000002,-0.011670257933673683,0.0002626617554634808,1.4551186981389759,0.035871117469299635,0.0006332422102839369,0.032607892009622066,-0.0031637083766862745,-0.0006152473418097437,-0.003760352749481805,0.0,0.0,1.5,0.046374509896888655,10745.509074342779,10727.65620860625,10737.081116701176,10759.894178456363,0.0,0.0,0.0,0.0,0.0,0.0,nan,0,-0.010038880481121684,0.007361195304417527,0.008886174557543924
3.452702098,0.0027319265313875147,-0.02111767753622683,1.4722390464550452,0.017003672983144008,0.01969928962554572,0.06027944591403617,-0.0012900467204364453,-0.0020579414426190063,-0.0011117536831575846,0.0,0.0,1.5,0.03498700142655978,10791.455409356167,10778.884569185093,10783.421972147751,10798.997094401577,0.0,0.0,0.0,0.0,0.0,0.0,nan,0,0.004251345794343198,-0.014178965717357318,0.024988174881410252
3.467385954,0.0023483479640406986,-0.006776432000682559,1.4264926086197236,0.005334441521132256,0.025363001491430653,0.058570705624189874,-0.0011978550273063966,-0.001569065184863153,-0.002005247927968235,0.0,0.0,1.5,0.07385642393423351,10785.182759452637,10779.620204885741,10781.320842531544,10787.988688556246,0.0,0.0,0.0,0.0,0.0,0.0,nan,0,0.0037569606887493815,-1.5119633218528897e-06,-0.0217634631446888
3.4821522880000004,-0.004567537642422083,-0.008789242306130745,1.428961839413672,-0.005351567645859498,0.009350643143200933,0.07429260945690218,-0.00271847684876919,0.0015523054406659824,-0.002431323897298295,0.0,0.0,1.5,0.07172540303072363,10818.856293660097,10825.185303529877,10816.510948436606,10809.526899528597,0.0,0.0,0.0,0.0,0.0,0.0,nan,0,-0.003267936978152069,-0.0021819780100279474,-0.02028937163349931
3.4971201470000004,-0.013140676771727592,-0.005727485173629474,1.448009636723449,0.012700085247235262,0.04412623842259802,0.03983602794811411,-0.0026873794943203322,-0.0003681635415072302,0.005167153383757686,0.0,0.0,1.5,0.05393031935804676,10822.45471709788,10838.316944757482,10828.501857485302,10811.755664821236,0.0,0.0,0.0,0.0,0.0,0.0,nan,0,-0.01194764050699801,0.0007083601040489681,-0.0022363561569413992
3.51163053,0.002194902427886628,-0.005177399779265306,1.4493263889492982,0.013868637150589906,-0.005638167685937339,0.06544887201248673,0.0024235760286123263,-0.003368964828942309,0.004442545768701871,0.0,0.0,1.5,0.050984683210353335,10841.408786056054,10864.491895683028,10832.205374756995,10816.825619660682,0.0,0.0,0.0,0.0,0.0,0.0,nan,0,0.0032844453925176993,0.0010834018450658293,-0.0019176716116091619
3.526495777,0.007693752742593065,-0.011767084031512207,1.4435689507201879,0.01741585193032234,0.05292285237107123,0.07825875980241793,-0.0014565548005885337,-0.0032158751125061545,0.004042057610317517,0.0,0.0,1.5,0.05815600932568717,10821.254018593138,10848.830573305497,10826.64795875332,10814.782760997832,0.0,0.0,0.0,0.0,0.0,0.0,nan,0,0.00868345024838519,-0.005684761077415933,-0.008679120593968026
3.541262881,0.0014812798832180688,0.008177185767239402,1.4692504336786187,0.013715610007777235,-0.027466642755365457,0.10983644337250996,-0.0008855076726738162,-0.0035055451748772022,0.0007799102907390231,0.0,0.0,1.5,0.03185272964939416,10811.06745679013,10832.268430712253,10796.019828387134,10790.303160837362,0.0,0.0,0.0,0.0,0.0,0.0,nan,0,0.0023752868328039372,0.014077866113170832,0.01599927463330153
3.556012398,-0.008417229749538208,-0.012429674270588317,1.4432330275762588,0.027103713312871404,0.012525530657037771,0.0499243185291596,-0.0009292111738331149,-0.001390435683857839,0.008588777059004724,0.0,0.0,1.5,0.05871827413409924,10749.501053912867,10767.111552237384,10750.431356725974,10745.05282584832,0.0,0.0,0.0,0.0,0.0,0.0,nan,0,-0.007614310340102657,-0.006713465594901959,-0.011009291968237411
3.570717144,-0.013474216186498729,-0.008952037580867208,1.45559352300037,0.04995868892386554,0.04352389967591781,0.006359229460212403,0.0017295347641239011,-0.002096012640300572,0.00039521704590995336,0.0,0.0,1.5,0.04726128096241603,10782.633604946066,10799.785967244023,10786.346244505998,10791.411630063994,0.0,0.0,0.0,0.0,0.0,0.0,nan,0,-0.012757368125976772,-0.003422738122642467,0.00038129466013225866
3.5856021190000003,-0.02230499481216318,-0.01730196876508994,1.444386160399963,-0.0011466799946342246,0.03456709516955286,0.06778200113210864,-0.002816813323967563,-0.003734326003878845,-0.0039570688378456325,0.0,0.0,1.5,0.06236802122704723,10834.206707759695,10840.109119942977,10823.818066927099,10836.66868194585,0.0,0.0,0.0,0.0,0.0,0.0,nan,0,-0.021668763140548664,-0.011961626178856974,-0.011787919341533781
3.6002954920000003,0.008928432400087033,0.0006203145864292553,1.439180315437973,0.034066094958406,0.019505115666647244,0.052913078202678016,-0.0011930138726724607,-0.004236210679241624,-0.005122028343574793,0.0,0.0,1.5,0.061474675481319366,10815.97989563161,10838.465242296998,10822.836208358836,10803.979829429536,0.0,0.0,0.0,0.0,0.0,0.0,nan,0,0.009489924802542665,0.005770059040144497,-0.017957236086668438
3.615187637,0.010500147629003953,-0.01625753813389432,1.470056800467871,0.020662285661490875,-0.024676099270460727,0.08694397501250657,-0.0006564858873543833,0.00045958247730026137,-0.00014977626522778823,0.0,0.0,1.5,0.03565327256545746,10827.690206665597,10838.719084857981,10828.515921562768,10811.32959386245,0.0,0.0,0.0,0.0,0.0,0.0,nan,0,0.010993147980453673,-0.011299591228017561,0.011956504161396264
3.630020097,0.006494297311223586,-0.002512216750638332,1.458707891274197,0.015183648103279298,-0.005208687040773971,0.05468700038676621,-0.0020983846072941113,-0.003980167643108206,0.006015784098434252,0.0,0.0,1.5,0.041875116400940104,10762.292217346392,10758.27445361103,10780.535578396186,10779.747355856622,0.0,0.0,0.0,0.0,0.0,0.0,nan,0,0.006925357423335712,0.0022532086239966716,-0.0003473648920568895
3.6446867700000003,-0.013897495433817696,-0.0017636612068533206,1.463822060411668,-0.01579884233586813,0.03461781276962636,0.08690179292448479,0.0012893541268501779,-0.005170349574978658,-0.00013658536394590856,0.0,0.0,1.5,0.038795543468838505,10755.780026297401,10754.652098490515,10776.820186862538,10782.680466205195,0.0,0.0,0.0,0.0,0.0,0.0,nan,0,-0.013521570512307606,0.002808990436553178,0.003835051300449255
3.6593832510000004,0.0020695493146502845,-0.008720315516981332,1.480572743460423,0.012087491034863533,0.03766110002803946,0.06794476833243798,0.0009820860113392647,-0.0019307460735005753,0.001890450767579346,0.0,0.0,1.5,0.021394981508195143,10724.699899561863,10750.454048974849,10756.951083794062,10731.621705872123,0.0,0.0,0.0,0.0,0.0,0.0,nan,0,0.002397433394130641,-0.004340280843358076,0.019680919728127133
3.6743165060000003,-0.0003410379296744741,-0.00673921827129861,1.4411289388377257,0.030193286423434957,0.005700399702234855,0.042540863710771266,0.0007676507653297484,-0.0034998134487105557,0.002250943434316556,0.0,0.0,1.5,0.059256520418852786,10715.345310275807,10741.019763013546,10734.424374172271,10711.801009356073,0.0,0.0,0.0,0.0,0.0,0.0,nan,0,-5.38518731104013e-05,-0.0025512830496881543,-0.020632354674366082
3.6890431020000003,-0.009142590274455681,-0.006544382816204366,1.4653529740654356,0.015063324262879024,-0.029945240266549045,0.03910461150335251,0.003212775472369698,-0.007479628126872243,-0.0031501535901661405,0.0,0.0,1.5,0.03642570945749689,10775.325738644504,10785.622023148007,10787.487442446738,10782.664897508059,0.0,0.0,0.0,0.0,0.0,0.0,nan,0,-0.0088885301230474,-0.0025476764989386955,0.0027520401884570944
3.7036094410000002,-0.005487888081766994,-0.005607907330375033,1.4673525654363961,0.02203465293244767,0.032023700158091396,0.06368615665124429,0.0008366732331949061,-0.00587469446128597,0.0008731790996907017,0.0,0.0,1.5,0.033577083313010826,10784.632284000918,10794.44710551663,10818.118372343035,10809.297276122263,0.0,0.0,0.0,0.0,0.0,0.0,nan,0,-0.005259158573802486,-0.0018012009602484452,0.003924666580872094
3.718611901,7.886240501364913e-05,-0.007337800825252051,1.484462378736995,-0.012941621729024492,0.010980972088018683,0.04481317828373113,0.0007763772481840067,-0.004325410910590434,0.0008262689411096413,0.0,0.0,1.5,0.01718334119845666,10773.086064699959,10781.290466299868,10787.167332291901,10781.6390996581,0.0,0.0,0.0,0.0,0.0,0.0,nan,0,0.0002902009937487958,-0.0037195396762681166,0.020219471974417758
3.7331889520000003,-0.0137400914086862,-0.007583287426356533,1.4617953650752253,-0.002714913304919318,0.014633653584278771,0.04256215387645498,-0.0006604775484121202,-0.0023923762140120207,0.002580164821734925,0.0,0.0,1.5,0.04130242716651288,10758.8260300389,10773.7435919499,10778.02912523643,10764.02935594216,0.0,0.0,0.0,0.0,0.0,0.0,nan,0,-0.013538107414191607,-0.004151636461769723,-0.0032438893472919172
3.7479123220000004,-0.00681946453045335,0.010174300482542904,1.454606532759204,0.017123902463884035,0.04101143331723283,0.014411553545971845,9.276881630439556e-05,-0.005373915406560528,0.0014202899317873434,0.0,0.0,1.5,0.047016894356522634,10776.321742635431,10798.392756016003,10796.157690161988,10778.65615388285,0.0,0.0,0.0,0.0,0.0,0.0,nan,0,-0.006618702774600757,0.013421443477271252,-0.011210444323297875
3.76285053,0.012291529124876863,0.007491579234649446,1.4856217507089886,0.032503842044369465,-0.004527552771169747,0.018709380596243514,0.0005187503926509719,-0.0033866619714829627,0.0020123182021868557,0.0,0.0,1.5,0.020345503196804855,10820.907188727304,10840.711926191863,10824.338495069262,10809.258440213021,0.0,0.0,0.0,0.0,0.0,0.0,nan,0,0.012499285841324568,0.010556584826536182,0.019037274750802302
3.777482147,-0.008497497307994442,-0.018256133426422256,1.484395596886713,-0.010678013751554473,0.01631364363008561,0.07098974936519853,-0.004068177562325004,-0.006210913380628427,-0.00014551811615805125,0.0,0.0,1.5,0.025475306959969364,10821.036751333519,10819.782076492735,10814.834069297156,10821.571426542076,0.0,0.0,0.0,0.0,0.0,0.0,nan,0,-0.00827448919448586,-0.015370613951627754,0.017044386780944443
3.7922320870000004,-0.010927691956030189,-0.00032443030994386366,1.4702709266983496,-0.026980991963961646,0.03732418653312215,0.08606771552530519,0.003253564842344935,-0.004656552757492685,-0.001377008336090618,0.0,0.0,1.5,0.03167550324599123,10776.977176301474,10785.171406230344,10782.243305755472,10777.492408795228,0.0,0.0,0.0,0.0,0.0,0.0,nan,0,-0.010681211328294119,0.0023845392743065937,0.0021579751048728113
3.8069660900000004,-0.0025969576627844927,-0.017073518322355704,1.4698995323024078,-0.029726545448564533,0.04729257561730948,0.04890768233993549,-0.0030203313484957043,-0.0027403430968062493,-0.003334703305705465,0.0,0.0,1.5,0.034702843869341665,10734.111361111409,10760.355655671945,10753.826985822818,10723.067980103617,0.0,0.0,0.0,0.0,0.0,0.0,nan,0,-0.0023188667573082102,-0.014537891799502663,0.001047189449138175
3.8218539450000004,-0.0012445560145804835,-0.0018199211641231464,1.4733615386454286,-0.024074434624668902,0.024247849519172294,0.1158515922097045,0.0024273192848194127,-0.009140284677258923,-0.0007784715842881326,0.0,0.0,1.5,0.026729546499258915,10740.934888091997,10773.889275419191,10756.774036404118,10715.359727534507,0.0,0.0,0.0,0.0,0.0,0.0,nan,0,-0.0009268129196376006,0.0005458567636677653,0.0038027811632066477
3.836685113,-0.0026505867740610764,-0.015920294384396256,1.4829208956092246,0.0033649552246406457,-0.005215199547233322,0.0361651302615311,0.0016296934999731542,-0.0002548684190701171,-0.0012339661407507981,0.0,0.0,1.5,0.023498450806886628,10674.889350830155,10720.082205739756,10706.92371324374,10656.230880292464,0.0,0.0,0.0,0.0,0.0,0.0,nan,0,-0.002285314564836214,-0.01372054915430388,0.012695909034653896
3.8513801830000003,0.003686077412487064,0.018381770999416805,1.4859319742859762,-0.00543140077608914,0.024792624046726563,0.071785761049452,0.004012805045949634,-0.0033948674828344913,-0.00271562525878914,0.0,0.0,1.5,0.02343898503042062,10687.199030218553,10717.727153859028,10724.371927759137,10688.174836377968,0.0,0.0,0.0,0.0,0.0,0.0,nan,0,0.004106459875039361,0.020419652439555465,0.015094749987934808
3.8660765940000004,-0.003460308764294912,-0.01504213377382725,1.4645040997998444,0.009947634654314207,0.023304988189251037,-0.0018096034920784345,0.0049218413765986175,-0.0054055359235651666,-0.0045937836491521285,0.0,0.0,1.5,0.038706568644525645,10687.055842638823,10709.24445174216,10710.651272367735,10681.68802730997,0.0,0.0,0.0,0.0,0.0,0.0,nan,0,-0.0029775787525387017,-0.013161536586399111,-0.0068954574662880574
3.88094264,-0.0018150927053019574,0.01798424965406673,1.474394669362629,-0.013106978934157012,0.009247545442575758,0.015970640125462197,0.002737810456277669,-0.003492429307900206,-0.0021959988822382484,0.0,0.0,1.5,0.03134263476795985,10752.438241667494,10757.209643642998,10765.33680350584,10749.75664853681,0.0,0.0,0.0,0.0,0.0,0.0,nan,0,-0.0012632042439452568,0.019712557805804585,0.0024789898469339544
3.8956204690000003,-0.005862871302955116,-0.0022953625155371273,1.443600018591709,0.01615270002574791,0.01298531767567262,-0.043904502130263985,0.005624025629335236,-0.0024711442670726424,0.0012029596892001132,0.0,0.0,1.5,0.05675032909022036,10790.812445161004,10792.60024192181,10799.68182551483,10787.60203298818,0.0,0.0,0.0,0.0,0.0,0.0,nan,0,-0.0052354288611551805,-0.000713876651928455,-0.02880972743260668
3.9104410240000003,0.011049842501785792,-0.0005221484482504852,1.4821691803134076,-0.02011931380723448,0.011395230175783833,0.0670530036236533,0.003802195046025993,0.00198781597094382,-0.0018461476667748253,0.0,0.0,1.5,0.02098355996993963,10878.695091753769,10872.55731316359,10883.094974415515,10882.178078714194,0.0,0.0,0.0,0.0,0.0,0.0,nan,0,0.011758769629127672,0.0009184458767063672,0.009267971497612049
3.9252427990000003,-0.0062347288857787725,0.026559203513831457,1.4636318372412345,-0.005885873334255613,0.024847132982804925,0.0638279072548515,0.002990770252321729,-0.001044443765719433,-0.007604887727634579,0.0,0.0,1.5,0.04546324227347123,10807.204434099238,10798.865337639905,10814.05500449624,10815.708484174042,0.0,0.0,0.0,0.0,0.0,0.0,nan,0,-0.005438884260535674,0.027865277778554402,-0.00977116315694948
3.93992909,0.015719717864658284,0.007974845084100842,1.4822731500979616,-0.007942362639168771,0.04251897879971267,0.04711792692079778,0.0018244420629209245,-0.002526615862755273,0.0024451814935959677,0.0,0.0,1.5,0.024998977805287644,10789.09599649834,10778.201643209162,10790.636516462706,10790.688295237795,0.0,0.0,0.0,0.0,0.0,0.0,nan,0,0.016607341228482852,0.00915309473204418,0.00837809651684518
3.954666544,-0.00025845892490550216,-0.01645490121103252,1.4763949876691924,-0.026037208050346615,0.029032762095973854,0.0013399209541509276,0.003931427416754456,-0.0020157012210846657,0.003933701411590773,0.0,0.0,1.5,0.028775461456217878,10784.180112879725,10770.068204417177,10759.5999531425,10766.489162902433,0.0,0.0,0.0,0.0,0.0,0.0,nan,0,0.0007252815848717411,-0.015397449025254795,0.0020256194726828713
3.9699353310000003,0.009405855981359533,-0.0029016104208332326,1.4619728540544652,0.017041728894442068,0.026566928603234313,0.013335708654729795,-0.00028916079856163636,-0.006233754085004461,0.006446766168485496,0.0,0.0,1.5,0.03928044422533137,10803.935579540985,10802.069354959747,10792.707619370936,10797.226172294722,0.0,0.0,0.0,0.0,0.0,0.0,nan,0,0.010489566719905004,-0.001957566846849345,-0.01285217257861282
3.9842965870000002,2.1908675817246303e-05,0.009432602790107823,1.4831200133197704,-0.01738220685324251,-0.0018618662362346406,0.011006494824986954,0.0042549000764748185,-0.0011852844993099263,0.0015372810198752088,0.0,0.0,1.5,0.019336711863984397,10844.386772423099,10836.21168589288,10818.117644934042,10837.415418348075,0.0,0.0,0.0,0.0,0.0,0.0,nan,0,0.0012090066457567281,0.010271074420783583,0.00784350167324388
3.9990124490000003,0.009712934805492979,0.0017414814967546507,1.4592338030674503,-0.006174540347172347,0.0364038543709826,-0.03597515658357041,-0.0005442933491970461,-0.00019911767308469482,-0.0005681516629049741,0.0,0.0,1.5,0.041943493806342824,10844.018717343102,10839.25229853438,10832.707236589653,10848.600609380726,0.0,0.0,0.0,0.0,0.0,0.0,nan,0,0.011006415191802309,0.0024826862600303445,-0.016500944357854763
4.013942362,0.0002981765159118532,-0.006099769487824276,1.4814028975417783,-0.019234835925512343,-0.011080378598391605,0.0755982565694567,0.002780053721429707,0.0003253116717021317,0.006267369239634613,0.0,0.0,1.5,0.01957417474328937,10921.619574460492,10909.36657021691,10896.455863431589,10912.706545083207,0.0,0.0,0.0,0.0,0.0,0.0,nan,0,0.0017006455987969688,-0.005447021797923163,0.00519062151407379
4.028578546,0.010881747875727626,0.0040580353420196355,1.462153146292497,0.017287961434637157,0.01243514850255973,-0.0392610961506335,0.004756858739324927,0.0001811277318186129,-0.000898532392823959,0.0,0.0,1.5,0.03958869059750667,10856.209557131195,10851.329540745006,10853.491882342214,10866.644255942454,0.0,0.0,0.0,0.0,0.0,0.0,nan,0,0.012395457007897237,0.004631666709151596,-0.014569820864631433
4.043271289000001,0.005476269847362776,-0.003680916827410229,1.4543589163710726,-0.002899313955736901,0.01445530548394079,0.062102133269173306,0.005483647845527745,0.0007155550015808882,-0.008622404379407369,0.0,0.0,1.5,0.04611558516330666,10924.99824522672,10902.85675324642,10913.415835910735,10937.655813632082,0.0,0.0,0.0,0.0,0.0,0.0,nan,0,0.007103128109041985,-0.0031765983128704597,-0.0229008810578315
4.057972977,-0.019007244700124628,0.005045488649345783,1.464473540731904,-0.03314784097906197,-0.013568521199803694,0.0320752927708758,0.007729125660785645,-0.004865870102991784,0.0019038983169745206,0.0,0.0,1.5,0.04060617705385196,10898.459996491598,10869.468370195673,10891.936500125901,10911.463636645556,0.0,0.0,0.0,0.0,0.0,0.0,nan,0,-0.017265607635245185,0.005490830246369129,-0.0133625011549392
4.072783027,-0.0033301824663597972,-0.012561112609409335,1.502190207179861,0.01249479395315003,0.00937311510516886,0.06715508961501704,-0.0009465229420908686,0.0003949297123768615,-0.0017237615664446675,0.0,0.0,1.5,0.013178341046437784,10845.472770526752,10857.703838054675,10894.696203091806,10882.391104218337,0.0,0.0,0.0,0.0,0.0,0.0,nan,0,-0.0014723741634358656,-0.012164040160949364,0.023751770229030855
4.0875512160000005,-0.014963492801222458,0.003829417926305245,1.4914617302019855,-0.03794262665161635,0.03302585110822044,0.011419026223333066,0.004402239882376592,0.00022846467781660975,0.006598504102276386,0.0,0.0,1.5,0.01764858661792018,10783.373512108556,10790.934746377456,10823.366540979556,10814.160628666381,0.0,0.0,0.0,0.0,0.0,0.0,nan,0,-0.012988331011978698,0.004189224010923228,0.012408248737136418
4.102427885,0.017469370716353794,0.024215409749035112,1.4883656455903855,0.01975985774697814,0.0032453152550619034,0.07071723962185976,0.005202490760933481,-0.000886356197443361,-0.0007783419213742649,0.0,0.0,1.5,0.032045642216494585,10786.439995217099,10816.829063754552,10824.009123346461,10803.36713928163,0.0,0.0,0.0,0.0,0.0,0.0,nan,0,0.019562826753035327,0.024549123496535985,0.008702823910376578
4.117188627,-0.016360386330994202,-0.012799941701285473,1.4758138933772489,0.002944235852626184,-0.0004934512970266198,0.078025622230996,0.0038399917584511457,0.0001320811049170401,-0.004535257537527067,0.0,0.0,1.5,0.031882103161848876,10761.904769996363,10772.647211014486,10775.955051622335,10773.099671031367,0.0,0.0,0.0,0.0,0.0,0.0,nan,0,-0.014147972432506716,-0.012480968599394276,-0.0044491071917922564
4.131786797,0.025445144755403097,0.01592118686294918,1.4647748513293377,0.0020962567368296107,0.009683956614633891,0.034918316929286625,0.007740395883603738,-0.0011077601343841743,-0.0021205389303670715,0.0,0.0,1.5,0.04627905229819021,10727.683906747605,10732.307874924487,10749.584696901768,10747.132028302043,0.0,0.0,0.0,0.0,0.0,0.0,nan,0,0.027776848416250523,0.01623685255876939,-0.016063166286905073
4.146579605,0.006888428302732249,0.0027016689109643083,1.4665975091108872,0.002576442565073737,-0.011171747057977454,0.06022441255245991,0.007799473931836693,-0.0031183064142682186,-0.0005522417005741773,0.0,0.0,1.5,0.03421221794890855,10738.678875079584,10734.574148870839,10754.68400939127,10757.500077992538,0.0,0.0,0.0,0.0,0.0,0.0,nan,0,0.00929967145079932,0.00302152309921736,-0.014605085983527832
4.161532136,0.008121135138300279,0.0025721298724239055,1.470027499158449,-0.01384236467115961,0.022991155386766726,-0.03587757540577891,0.00610081234382615,0.003669201492775451,0.0065744542699878875,0.0,0.0,1.5,0.031159581106169044,10750.55909000026,10737.013343629937,10770.239149316541,10778.409894646406,0.0,0.0,0.0,0.0,0.0,0.0,nan,0,0.010691026391478812,0.0029158716390480423,-0.011868969602330637
4.176362021,-0.0214542498311129,0.001637199284073269,1.4927355938730449,-0.017080807462469323,0.014530929583955412,0.01767172725347576,0.0010022279334703592,0.0006256741020467503,-0.005076549599805092,0.0,0.0,1.5,0.02270984045934539,10818.555236868926,10807.167767511866,10828.217189303192,10841.632181536806,0.0,0.0,0.0,0.0,0.0,0.0,nan,0,-0.018766130951658366,0.002012495103596371,0.010342398172129341
4.190985531,-0.006454055787083985,0.002329228115338226,1.4944526863607976,0.017021890073550188,-0.008001385466913664,0.010890591067488584,0.0035008743515236103,0.0016588813119425782,-0.00011987713932612834,0.0,0.0,1.5,0.00882342497717042,10809.898449189322,10808.201194250349,10820.389168303938,10813.389042427078,0.0,0.0,0.0,0.0,0.0,0.0,nan,0,-0.003648695572102196,0.0027478093299127078,0.011565034248506745
4.205833861,0.006661944455012626,-0.002348880332352854,1.4865660355980232,-0.011352038820417775,-0.004446965092750465,0.027493897808591954,0.0026100290532831165,-0.0003044321360007251,-0.0013180810110274533,0.0,0.0,1.5,0.015177949212293672,10810.612274567211,10801.11622513284,10813.655865639645,10813.95435860518,0.0,0.0,0.0,0.0,0.0,0.0,nan,0,0.009583280949642602,-0.0018753949071624717,0.0031881354186231725
4.220587886000001,-0.002496390023881566,-0.002156456119674028,1.4696949007983298,-0.0383212893460054,-0.028971003650868025,0.03333436170224958,0.008584210807604362,0.0024092898247376165,-0.0010005538128777516,0.0,0.0,1.5,0.030484115597643458,10800.364169969527,10792.186242625885,10805.38545489978,10807.12684585163,0.0,0.0,0.0,0.0,0.0,0.0,nan,0,0.0005393788689698189,-0.001616581755686133,-0.014166991947666796
4.235223084,-0.018976989040591533,-0.016698925413088712,1.4650881865274035,-0.0036213479521516783,0.005695325419923985,0.005415592133489822,0.004846613487025758,-0.002145215340815555,0.0019749197160138588,0.0,0.0,1.5,0.04310237746278045,10790.351053190465,10793.330170489275,10820.797142875155,10813.846205418551,0.0,0.0,0.0,0.0,0.0,0.0,nan,0,-0.015828599750592694,-0.01608133398877313,-0.019249410032198266
4.250139750000001,-0.025938841535701692,0.0030623056401088153,1.463521400233211,0.00900140690497122,-0.006843750222052633,-0.011756725764906984,0.005059463396335476,-0.001450619160310734,-0.002000839566637956,0.0,0.0,1.5,0.04486523662027492,10823.735615494503,10836.382775736693,10857.998186734134,10849.179449639832,0.0,0.0,0.0,0.0,0.0,0.0,nan,0,-0.022679914383284296,0.00376879464683482,-0.02129089165809983
4.264962799,-0.004744179859347809,0.011039191244584008,1.482115203535777,-0.025422532437092676,0.027062693943957626,0.046855011684912205,0.007880319286070499,0.0024174829297783215,-0.0023418114751499295,0.0,0.0,1.5,0.02154615813640627,10861.444279558411,10873.874440770955,10892.489771141805,10882.559312529387,0.0,0.0,0.0,0.0,0.0,0.0,nan,0,-0.0013770925608690698,0.011845580174196688,-0.0031844712657078666
4.2795196220000005,-0.011180350336786642,-0.0015466429786640977,1.4587737265915317,-0.0013376105642679945,-0.009753807861800728,0.01952834175740617,0.00839861655495045,0.0019099785864589752,0.007040420246246107,0.0,0.0,1.5,0.04274339665148894,10821.007587139531,10833.3004607842,10835.24117390722,10822.235766160165,0.0,0.0,0.0,0.0,0.0,0.0,nan,0,-0.007707793522338146,-0.000629651463787547,-0.02702744714452665
4.294497196,0.005611386102610865,0.007112734177442498,1.4627312913186512,0.008133745128335146,-0.014363931170937424,0.07541865024141894,0.005616101017174942,-0.00026830738649031774,0.0033484166261443823,0.0,0.0,1.5,0.038354077856816944,10826.529090467744,10837.289892399267,10838.793715685799,10835.814355904751,0.0,0.0,0.0,0.0,0.0,0.0,nan,0,0.009186394305377897,0.008150631693675327,-0.02357307002364828
4.309223584000001,0.0019232645460989326,-0.004035944548947842,1.4960962368365176,0.005892213124877507,0.01794573748682137,0.020809904022792022,0.002098063746144094,0.0022636280471916696,-0.0018585610407506113,0.0,0.0,1.5,0.005935247404533785,10790.170565989994,10787.521143478365,10792.338776635928,10806.765267474433,0.0,0.0,0.0,0.0,0.0,0.0,nan,0,0.005597341912497501,-0.0028671987081497503,0.009290449987507277
4.323908612,-0.0006377628322757141,0.01078340676450469,1.4672036951972187,-0.027354262158797354,-0.0029391183752486643,-0.01697699291864817,0.0011241465582717987,-0.0030131986459024577,-0.0003074640021543737,0.0,0.0,1.5,0.03452949770263003,10789.291783582508,10775.693059525769,10773.206205054381,10794.337647707496,0.0,0.0,0.0,0.0,0.0,0.0,nan,0,0.003131650320555255,0.012092529320566696,-0.020090060197887505
4.338647141,-0.014421210018397673,-0.0019943610609454224,1.4642426211255237,0.006866284068992186,-0.05522038835435726,-0.012219395168694821,0.003302708430109725,0.002506808361655563,0.002014905549251523,0.0,0.0,1.5,0.03860749821484152,10850.28935359973,10852.464357368774,10845.05486740415,10845.793162393018,0.0,0.0,0.0,0.0,0.0,0.0,nan,0,-0.01056054975851935,-0.0005356791463138474,-0.023534078791980884
4.353582016,0.0081545063700608,-0.011032607965290112,1.4897380018194355,0.021669825904103046,0.010838996524402544,0.011078196912038226,0.0008966188721527832,0.0035187116897004126,0.001041937008874252,0.0,0.0,1.5,0.017132513514165226,10879.448863071073,10880.032570532137,10892.557197359782,10895.489427286466,0.0,0.0,0.0,0.0,0.0,0.0,nan,0,0.012101967043517693,-0.009415476805728138,0.0014618972716282652
4.368325595,0.0024020073587044284,-0.001132987355105667,1.484406265655176,-0.018617907359188945,-0.03156273710347679,0.04335385407099064,0.002912670589128161,0.0013910034747310375,-0.0012364160601422783,0.0,0.0,1.5,0.01581827583888472,10871.745613427676,10847.389103746758,10847.983892121689,10875.723109961078,0.0,0.0,0.0,0.0,0.0,0.0,nan,0,0.006431494086880238,0.0006511228030365987,-0.004391097507611352
4.382953691,-0.024869419258974144,0.002710919574290549,1.4525512932432914,-0.002443258494175064,-0.003623481587263951,0.04171479525644602,0.005237891214050499,0.0030627012245913725,-0.0005138829795306746,0.0,0.0,1.5,0.0536396949292316,10831.122315590195,10811.630684386168,10820.38634156618,10841.249643242,0.0,0.0,0.0,0.0,0.0,0.0,nan,0,-0.020762944452556584,0.0046701018315892405,-0.03677918384280443
4.397861162,-0.012586289824879245,0.004953240649413014,1.470118819338861,0.01142719950490183,0.00620895144269721,-0.005743957158318922,0.0024214562119277624,0.0006138650075178059,0.009159119686511655,0.0,0.0,1.5,0.03279991222839602,10833.999334907949,10824.961055746704,10831.129612952931,10840.71107511543,0.0,0.0,0.0,0.0,0.0,0.0,nan,0,-0.008408064026334167,0.00709514921206243,-0.019748189013166773
4.412444883,0.0040557527814975534,0.002081803854261738,1.4783342861253004,0.02060088784572378,-0.0428569408507727,0.005091118070781349,0.0049160026570298195,0.0028462416237162707,0.0037462065125555377,0.0,0.0,1.5,0.02214014895190626,10859.55545361162,10858.067751736859,10848.047020296153,10861.504889332518,0.0,0.0,0.0,0.0,0.0,0.0,nan,0,0.008300312121407631,0.004413679144497221,-0.012076164321902061
4.427235779,-0.006475671899758277,-0.0058903871745554694,1.494254421676985,0.03096655707464155,-0.02433026339163468,0.05179018951174115,0.0054427930966345845,0.0022159324597045013,0.004271047405825611,0.0,0.0,1.5,0.01047103900696514,10859.085038960591,10842.730783427496,10854.658487275787,10884.282953652944,0.0,0.0,0.0,0.0,0.0,0.0,nan,0,-0.0021703616663017126,-0.0033617169917756267,0.0032861578866412167
4.441984951,-0.006134200282494409,-0.0009295503806762695,1.4763524836665778,-0.007231769821167138,-0.00862634301988277,0.07723654846185034,0.0024512775678366618,0.0016989366484241343,-0.007421543529977147,0.0,0.0,1.5,0.024447852784149373,10814.470862095917,10790.894625987426,10812.293004207824,10851.502853654427,0.0,0.0,0.0,0.0,0.0,0.0,nan,0,-0.0017738230614245398,0.0018022802436782098,-0.015185301554827113
4.456697954,0.009686192989450722,0.00036465568146316907,1.523756263587284,-0.010298397133013198,-0.016765658080407735,-0.015720501870514086,0.0012873902853803082,0.0033276654189746614,0.0031074943148710413,0.0,0.0,1.5,0.02565765710316179,10780.783636411425,10761.792042945897,10781.300597735646,10801.99381332835,0.0,0.0,0.0,0.0,0.0,0.0,nan,0,0.014095966844759588,0.0033054444714225905,0.03165803787919241
4.471564087,-0.011439294573078223,-0.008404133346771389,1.5006741104091839,0.06208830517875239,-0.006400381219002692,0.04306547279993921,-0.0003943609162455068,0.0033430249759382733,0.0036742654364873796,0.0,0.0,1.5,0.014210606689502801,10767.85401138185,10756.708873371887,10767.97515445086,10777.161426171124,3.5,0.625,0.0,0.0,0.0,0.0,nan,0,-0.007248210709674955,-0.005296064184369176,0.008038996801018161
4.486303681,-0.012054479382884236,-0.008146582085084314,1.488332038148688,0.0974745219130082,-0.022355304702022363,0.06177903258704329,0.0011547421042023417,0.0032204821193867407,-0.0006432792211259164,0.0,0.0,1.5,0.018649895619682985,10764.614733770328,10734.400515134554,10738.115861141534,10769.31160264453,3.5,0.625,0.0,0.0,0.0,0.0,nan,0,-0.00887473061777648,-0.005007201655537102,-0.004814024352515878
4.501080225,0.00330369791436111,-0.0071768744868086,1.4873816225559036,0.15340810035533972,-0.0009112187222903633,-0.028696099240619007,-0.0006787797472351102,0.002017497156304865,-0.0069071722723521795,0.0,0.0,1.5,0.014887759960129662,10759.260205221623,10691.92855408191,10697.188064251633,10764.433268287261,3.5,0.625,0.0,0.0,0.0,0.0,nan,0,0.004680198969947131,-0.004142679934753049,-0.006242134677012734
4.515867411,0.0016150535700084378,-0.014233285498221534,1.5054477984944397,0.18443747563261684,0.011357114199599663,0.008770728672536197,0.0020024826497907337,0.00046310411634992437,-0.0022552512303558496,0.0,0.0,1.5,0.015325577396754076,10868.509573069729,10747.039167689753,10748.836375426714,10857.620015971574,3.5,0.625,0.0,0.0,0.0,0.0,nan,0,0.00039721709830856165,-0.011441279889607123,0.011371457517089345
4.530553603,0.01346874425312609,-0.005615287717938845,1.5183061922872825,0.19951734874214222,0.028100029568277826,0.059878805535058914,0.0008185329757904478,0.0005296069068723206,4.1273449272787026e-05,0.0,0.0,1.5,0.023410578890115306,10898.713425861384,10738.400465761311,10733.46563452154,10879.427352704648,3.5,0.625,0.0,0.0,0.0,0.0,nan,0,0.008866502947057497,-0.003202964371307314,0.023780840947722037
4.5453944690000005,0.012492576770156319,-0.004602552253101295,1.4950523237289914,0.2719424962235868,0.009226523387202853,0.07437687760133968,0.002469383516938302,0.0023105483429090227,-0.009049475842012291,0.0,0.0,1.5,0.014203079316946669,10848.022852300683,10653.977789647324,10629.576618049363,10817.287150569739,3.5,0.625,0.0,0.0,0.0,0.0,nan,0,0.003717297691178534,-0.002707920567828408,9.360003819414153e-05
4.560203719,0.016659942595512397,-0.000526061734327012,1.5110263564683761,0.36393908936236946,0.0395334925922485,0.007152123760430351,-0.0003627369871610263,0.0008352616569288142,-0.0032569729571623194,0.0,0.0,1.5,0.01998526870476831,10834.231063804897,10591.330998013369,10570.064526023045,10799.76854591402,3.5,0.625,0.0,0.0,0.0,0.0,nan,0,0.00292487537190283,0.0007123974226846517,0.015674120603904607
4.574904944,0.027016844433156273,0.014411982182730262,1.5105784877983068,0.4098149588303141,0.057076769201507185,0.02311201615015265,0.001236382454421018,-0.002832581081377251,0.005316883860307589,0.0,0.0,1.5,0.032396288640207355,10885.494608424553,10594.471776247645,10560.02116902357,10838.26754497427,3.5,0.625,0.0,0.0,0.0,0.0,nan,0,0.007537622093702467,0.014855414100882224,0.01487708187690151
4.589810613,0.02370813122069333,0.004317617465832296,1.4761902802678943,0.47962116935754506,0.0475800261684673,0.04381023821974401,0.002478742644504507,-0.0004458026164494948,-0.001965655624771667,0.0,0.0,1.5,0.033876541445081065,10941.648961674091,10589.715129331795,10525.493880042097,10878.241927817196,3.5,0.625,0.0,0.0,0.0,0.0,nan,0,-0.0022965512584827985,0.0038268972230136892,-0.019824096813450653
4.6045226580000005,0.02207473908570049,-0.0050306043528435705,1.4887269184089638,0.4852016441523749,0.05231410144031344,-0.027547087465716512,-0.0013057079077251434,-0.003744984319491725,0.0047720587817053515,0.0,0.0,1.5,0.02529196422610869,10983.040815880428,10580.771327762031,10514.922889337528,10916.705536031886,3.5,0.625,0.0,0.0,0.0,0.0,nan,0,-0.011232798338469123,-0.006594739832528824,-0.007567970631864762
4.619112395,0.0526053493411438,0.0007337528516371664,1.5025153547075618,0.5345080394957031,0.0806239162459497,0.029880697416782058,-0.0027125075978419975,-0.006162610628906526,-0.005724038992028254,0.0,0.0,1.5,0.05267056276380496,11016.737617491981,10605.485978157347,10536.879917694427,10950.897565806532,3.5,0.625,0.0,0.0,0.0,0.0,nan,0,0.011222481423828451,-0.002043031011740725,0.005963497266398221
4.634221844000001,0.04687908294697076,-0.011052923674245374,1.5052487841478934,0.593143340236039,0.09860240540760522,-0.025435784467410027,-0.00010531380867003862,-0.01389399007841145,-0.0023792586202162633,0.0,0.0,1.5,0.04844961583675186,11031.477528468216,10600.69133741842,10513.833356176448,10949.532915290114,3.5,0.625,0.0,0.0,0.0,0.0,nan,0,-0.0033455665836170587,-0.015181380618078555,0.00845334943988263
4.648853817,0.06375084794457232,-0.0009761747961215825,1.4892238814830594,0.689616262458127,0.10428414110422943,-0.06406730333414996,0.0017684280473876978,-0.01634900391058237,0.0037736613431493425,0.0,0.0,1.5,0.06466257233652026,11057.816995465852,10623.318358368811,10529.684991019143,10969.435500521102,3.5,0.625,0.0,0.0,0.0,0.0,nan,0,0.003925037037036401,-0.006594925158654586,-0.007797947640184599
4.663508387,0.07133061083591449,0.015175968463646395,1.490850425783069,0.714361443057255,0.11022900316772559,-0.0013826385296320486,-0.003979426516376725,-0.013744511203836081,-0.0002453499475694618,0.0,0.0,1.5,0.07349884876231327,11145.786199262611,10698.663821063836,10596.196770150253,11059.58642984469,3.5,0.625,0.0,0.0,0.0,0.0,nan,0,0.0011527769256383102,0.007928954265253366,-0.006400455551638151
4.678408789000001,0.07253153280955378,0.0030860803604798705,1.513174879470297,0.7360007646235533,0.1322169541144317,-0.05218260064600621,-0.0017498172014516035,-0.016838112461826784,-0.0016124334039080812,0.0,0.0,1.5,0.07378295597732291,11161.018988269845,10702.647730922576,10585.166311397747,11066.88413411971,3.5,0.625,0.0,0.0,0.0,0.0,nan,0,-0.008739304888973384,-0.005926257448164096,0.015669495782934417
4.693128281,0.09032605636403668,0.007400941289574163,1.489783092570524,0.8022018886038425,0.1322999719938147,0.011987973166782831,-0.0008096764564972166,-0.026930862681032466,-0.002689335065426733,0.0,0.0,1.5,0.09120282664300124,11169.800480620357,10723.73971875272,10596.519277549458,11069.449845950787,3.5,0.625,0.0,0.0,0.0,0.0,nan,0,-0.0027679157219264033,-0.0035126161537641885,-0.008003028871595097
4.707697303000001,0.09988897886922195,0.016503280501520542,1.516764512465542,0.8519799527137439,0.08948561432557432,0.07226042717859572,0.0031793642947545906,-0.029849625118214568,-0.00034785083247501056,0.0,0.0,1.5,0.10262170942376203,11157.272977331484,10714.901453283112,10587.529690365072,11055.93573564471,3.5,0.625,0.0,0.0,0.0,0.0,nan,0,-0.005746162016566234,0.003554064161948072,0.018671184235831806
4.722533759,0.12235490689497286,-0.0011322008851700135,1.4970407562981167,0.8861265305929613,0.164158348089847,-0.026019707871068252,0.006165512935920371,-0.03922143314067116,0.002310338257214534,0.0,0.0,1.5,0.12239592412906973,11016.763595832475,10574.764336568705,10478.3996350606,10940.442007601167,3.5,0.625,0.0,0.0,0.0,0.0,nan,0,0.0034730105886875695,-0.016249830610202895,-0.0013601440936730214
4.737582518,0.1296922874786282,0.02244250138299356,1.4913637829340938,0.9397620779597243,0.1668884832127987,-0.05248698546160768,0.007502093867562588,-0.04327676756580556,-0.0003221611588956053,0.0,0.0,1.5,0.1319027654940345,11000.042988739706,10607.631231954134,10516.789844662111,10935.142737864095,3.5,0.625,0.0,0.0,0.0,0.0,nan,0,-0.00312874755292461,0.00502560738795638,-0.007313812297075506
4.7520691500000005,0.14497209468100555,0.01949154697779546,1.493558318941975,1.0168539050659395,0.17649564619811792,-0.06811140542523615,0.005366993519226696,-0.054312917108651965,0.0008004611181259013,0.0,0.0,1.5,0.146418318166271,11019.74434239821,10680.906757545208,10595.166203890385,10957.779166732931,3.5,0.625,0.0,0.0,0.0,0.0,nan,0,-0.00246434561085096,-0.0003531744372707313,-0.005381559355807086
4.7668415490000005,0.17746665903607564,0.012150497204918436,1.4902494404961768,1.0190934648730623,0.19483015430706496,-0.05544247841630699,0.007322743731362489,-0.061031080849588436,-0.002744448635544537,0.0,0.0,1.5,0.17814915958934818,11034.555267149884,10761.69328972515,10680.469376157396,10977.310008582743,3.5,0.625,0.0,0.0,0.0,0.0,nan,0,0.014756157832409161,-0.010248067520319662,-0.008960664776798355
4.781640899,0.16095724238358247,0.022887205791786467,1.5214693161415154,1.09573477273826,0.15320466601157604,-0.06451311120627434,0.0066957986846015415,-0.06796396834468253,0.005041747856344548,0.0,0.0,1.5,0.163987772715734,11013.428093273822,10832.689222371037,10760.107790055166,10963.304670611265,3.5,0.625,0.0,0.0,0.0,0.0,nan,0,-0.017667801818945533,-0.002188501074250244,0.021968268353333542
4.796776912,0.2025840433581059,0.027683670368232438,1.519773004201236,1.1086789689732353,0.20886991553140383,-0.08731294728801439,0.011393094838813459,-0.07885648041639887,-0.0036845442720446187,0.0,0.0,1.5,0.20542067063350267,10966.037335727488,10838.778775462702,10778.340492392332,10934.138827846906,3.5,0.625,0.0,0.0,0.0,0.0,nan,0,0.007422266650474213,-0.00018964055168256208,0.01995788586287195
4.811169366000001,0.20498472807036117,0.04674447072196569,1.4991870027474008,1.193061192697369,0.1826208176264112,-0.11206913615703457,0.008746500151816008,-0.08346452353945649,-0.0026600075055472883,0.0,0.0,1.5,0.21024853209877434,10932.956156262122,10863.07594102124,10811.368065581259,10905.104165989218,3.5,0.625,0.0,0.0,0.0,0.0,nan,0,-0.00731779528972154,0.015956012004968812,-0.000959455413000132
4.826016275000001,0.23233166657577525,0.02614358104483655,1.504382835896193,1.1842803197355067,0.23546897649963663,-0.10114255401058707,0.013275485488251755,-0.08916742497151413,0.0015882193160856601,0.0,0.0,1.5,0.23383904587176646,10929.448720694445,10905.815214882889,10868.013299044382,10909.876113130409,3.5,0.625,0.0,0.0,0.0,0.0,nan,0,0.0023032948313861656,-0.007674482026760222,0.0038876418380806577
4.84088179,0.23048449069856136,0.03104009140216747,1.5052057402685275,1.223204026502778,0.199342515376191,-0.12887905651426013,0.013312384960111587,-0.09689221987328624,0.004061286307435922,0.0,0.0,1.5,0.23262348862179308,10910.474662791685,10930.878617589486,10893.858724055746,10898.334255790967,3.5,0.625,0.0,0.0,0.0,0.0,nan,0,-0.017835166255945445,-0.0059187750234431895,0.004337887304264987
4.855462677,0.2718372464352804,0.048148205256899376,1.5010837783293283,1.259572238055589,0.23915594300159013,-0.058167070216809544,0.01191681736326416,-0.10761835567623107,-0.000954193999643313,0.0,0.0,1.5,0.2760704851925374,10902.36270062522,10957.634547427306,10930.434095127528,10904.798523341115,3.5,0.625,0.0,0.0,0.0,0.0,nan,0,0.004680178829757575,0.007940617650830283,-0.00018217373241924406
4.870409843,0.28034324442599007,0.04301874920331085,1.502047177747354,1.278419483485515,0.20147219362150234,-0.15768518500132145,0.015131398842938158,-0.11577216389914591,-0.0013633722080585602,0.0,0.0,1.5,0.2836320475810818,10833.44133546391,10910.117489729144,10876.85733397178,10826.682340331477,3.5,0.625,0.0,0.0,0.0,0.0,nan,0,-0.006179140416457174,-0.0005422835033661796,0.00036546612183308014
4.885193183,0.30543985599608503,0.03112870852938194,1.5255653384655963,1.341938224861761,0.2381006572473741,-0.09474638769832333,0.014581723519433083,-0.12563486405141736,-0.001246952779519961,0.0,0.0,1.5,0.3080845479028068,10837.546652647845,10941.191435809274,10923.103205816462,10842.111489511046,3.5,0.625,0.0,0.0,0.0,0.0,nan,0,-0.0009587778457844642,-0.015887413571373424,0.023466716430434076
4.900043347,0.34826204997932525,0.055242653232040646,1.5028990688647965,1.36630259061204,0.25293675240398966,-0.1971809695297873,0.01984412955326263,-0.13384886281440153,0.00201795396633254,0.0,0.0,1.5,0.35262814804294956,10764.755291223979,10884.173613067855,10871.07118072588,10774.037968714107,3.5,0.625,0.0,0.0,0.0,0.0,nan,0,0.021494285333623575,0.004673085409094703,0.0003862293288163787
4.914744553,0.34441284065950095,0.07581420790662215,1.5127659546348988,1.4198967284708612,0.24314221919572018,-0.21689394139954937,0.022516128398238057,-0.14098124124612632,0.0026656892696516874,0.0,0.0,1.5,0.35288945652908876,10788.042021949397,10934.70715713205,10929.010569098118,10805.302487258554,3.5,0.625,0.0,0.0,0.0,0.0,nan,0,-0.003200625024251613,0.021595926311970694,0.009856281774770936
4.929409747,0.3739669360753012,0.06823275019573127,1.5013472842639228,1.3939940424106296,0.2639348365958172,-0.18685040002621991,0.028271707337002877,-0.15119136559146085,-0.003155162424848492,0.0,0.0,1.5,0.38014312127369776,10817.511641893998,10992.98582745206,10994.876046251078,10849.299643138347,3.5,0.625,0.0,0.0,0.0,0.0,nan,0,0.005051752764893724,0.010274228686205394,-0.0019608298507574062
4.944246803,0.38398988287566127,0.06766908269452322,1.5300534534984094,1.435755333023668,0.2924027242555333,-0.1845280211953348,0.028357285441401297,-0.15796628556094916,-0.009916693771236497,0.0,0.0,1.5,0.391063351607848,10817.593932075966,11008.854361252963,11021.029189987848,10854.303766352537,3.5,0.625,0.0,0.0,0.0,0.0,nan,0,-0.006663487193706241,0.0058824252770574015,0.02633209206873688
4.95879528,0.3970572850846487,0.044116932698663125,1.5174207695329178,1.487717808248339,0.2517923909705693,-0.22523330646183923,0.023937909723168317,-0.16429051759414215,-0.0052743490852871725,0.0,0.0,1.5,0.39988032534828394,10785.624659465831,10976.302141637416,10992.353094837605,10816.008845667173,3.5,0.625,0.0,0.0,0.0,0.0,nan,0,-0.01575478916693368,-0.021582649097226306,0.013279160251366218
4.973693708,0.4393796955702991,0.07970903849610142,1.5033248374864145,1.5066771977760063,0.25455350963630125,-0.23813100339524404,0.022556593903178795,-0.1689871505298264,-0.001407824786937791,0.0,0.0,1.5,0.4465636597862983,10767.266593479797,10961.94447039532,10989.577761230154,10800.400492510855,3.5,0.625,0.0,0.0,0.0,0.0,nan,0,0.00400257285737704,0.010014584486948905,-0.0012289796093714056
4.988296406,0.4466834921529715,0.07554953855259573,1.4790813638490707,1.527900282535052,0.2825144287516752,-0.30833803778065405,0.027262258866167816,-0.17666787910186044,-0.004328789261152627,0.0,0.0,1.5,0.4535101589555617,10791.304137553863,10994.747025637547,11020.467242154045,10828.266233895307,3.5,0.625,0.0,0.0,0.0,0.0,nan,0,-0.011648443495757554,0.001781475609695729,-0.025879764598608634
5.003322193000001,0.4732935949969741,0.07985409494053346,1.4952175356993587,1.5170420628647605,0.34436115705425857,-0.27691155510391474,0.031900187865695706,-0.1842874950266159,-0.014401180622010191,0.0,0.0,1.5,0.480006641108973,10854.80536311424,11073.968350068368,11099.149252167856,10893.61218508892,3.5,0.625,0.0,0.0,0.0,0.0,nan,0,-0.008365221965052072,0.0019370708431329792,-0.010158133300657068
5.018342908,0.5143263122120034,0.08245333678107808,1.5180226091162494,1.548474753076447,0.30007099182121605,-0.2296337766176598,0.03101379630702763,-0.19043646648536072,-0.009717156554358043,0.0,0.0,1.5,0.5212052595852139,10869.240611708961,11086.354361921614,11109.81713455871,10892.24137626059,3.5,0.625,0.0,0.0,0.0,0.0,nan,0,0.00898708153046901,0.0003155195470953137,0.012206208444568212
5.032765379000001,0.5497524106743754,0.07002014388436702,1.5035317468386968,1.5745775316433446,0.3064782586830897,-0.29934968134444706,0.03210969359175603,-0.1946928636030582,-0.009114488429417514,0.0,0.0,1.5,0.5542048419380755,10825.164758827164,11028.406911306241,11054.509829228322,10844.417004393692,3.5,0.625,0.0,0.0,0.0,0.0,nan,0,0.020393027739322167,-0.016407510625934235,-0.002747856067021104
5.047403861,0.5486352749747172,0.08836769572220017,1.4891989815010453,1.6434533504316156,0.3208117792446043,-0.3271842203977521,0.03536656261335976,-0.20467761039588184,-0.011034390182342837,0.0,0.0,1.5,0.555811277858276,10839.91306145514,11039.758557418047,11070.848366597158,10866.07276970495,3.5,0.625,0.0,0.0,0.0,0.0,nan,0,-0.0050731140726835156,-0.0024164915381089808,-0.017551077235888224
5.062250001000001,0.5796301108539397,0.08269775739593727,1.5318672804033582,1.6147690172327243,0.2474236527492275,-0.3000390455886256,0.0353376471694749,-0.20442173890512758,-0.003330528890609011,0.0,0.0,1.5,0.5863663599211452,10850.194705023898,11050.630950634648,11084.479562476005,10878.862974413365,3.5,0.625,0.0,0.0,0.0,0.0,nan,0,0.001257573538944179,-0.012506840302233008,0.024637118535147717
5.077027849,0.6140211417910475,0.10588891720239074,1.507656880875893,1.6187782488131948,0.2930680269355971,-0.3565361779196388,0.03654344672455946,-0.2093567489797426,-0.010318938575267734,0.0,0.0,1.5,0.623131649956431,10811.510210842996,10996.140920500777,11043.717870161381,10860.52571946229,3.5,0.625,0.0,0.0,0.0,0.0,nan,0,0.010680938376719906,0.006202514099780343,-5.823781728198085e-05
5.091728215000001,0.6043984535380684,0.1179081771487299,1.4875936576682984,1.6591954295324458,0.316201363706632,-0.36012286397215687,0.03782883129220828,-0.21867141062994527,-0.0016801435307204889,0.0,0.0,1.5,0.6159169961998096,10833.309238840764,11014.553715434768,11065.0280053721,10883.85712609851,3.5,0.625,0.0,0.0,0.0,0.0,nan,0,-0.02420352534888992,0.013680669645834143,-0.020598898992566284
5.106607942,0.6547955744419868,0.11969806658981451,1.4908686070268118,1.6955640048638267,0.27551045423234594,-0.32559195666981916,0.03840372945751845,-0.22278988520813453,-0.01129426739159332,0.0,0.0,1.5,0.6657088355969011,10855.378937044214,11046.31577287356,11086.14081602118,10903.387047540971,3.5,0.625,0.0,0.0,0.0,0.0,nan,0,0.0006514217808804013,0.010872903072512652,-0.01780396481113411
5.1214535990000005,0.6784064767835235,0.12825965751925383,1.457861841992316,1.6853881944977118,0.3180682201971678,-0.41743615092049124,0.03946522298027633,-0.22775765314443955,-0.004068188558283505,0.0,0.0,1.5,0.6917091237283706,10853.970668318714,11040.681118583005,11078.657019135606,10898.825990717503,3.5,0.625,0.0,0.0,0.0,0.0,nan,0,-0.0015479462904272046,0.014782755614726736,-0.05129917439774023
5.136022514,0.7084030090071265,0.11228675664519336,1.5193737455294667,1.722464489516448,0.32120044552139876,-0.39701322162945873,0.041452133425431914,-0.22910400090274383,-0.007086807717512557,0.0,0.0,1.5,0.7175085232274864,10935.394687703301,11136.155733003383,11169.340217718933,10981.194268651278,3.5,0.625,0.0,0.0,0.0,0.0,nan,0,0.0023823367876387724,-0.005893554268781631,0.009708811101173387
5.150785939,0.7331650960285316,0.12450419465450885,1.499693602480767,1.7444612941500233,0.31976315079019124,-0.4132988699823513,0.03649889068434988,-0.2348030448099813,-0.003447189108302388,0.0,0.0,1.5,0.7436615133248013,10929.73040671417,11119.563225966316,11151.92813066341,10974.57289338038,3.5,0.625,0.0,0.0,0.0,0.0,nan,0,0.000836820119366366,0.0015716103803751075,-0.01051069341004629
5.165521894,0.7628197752986579,0.1211016058847571,1.5060105381326656,1.7351365431446657,0.28900777491777174,-0.40274513848053667,0.04160553493898238,-0.2354946879127051,-0.011589894195725127,0.0,0.0,1.5,0.772396099875709,10928.95111832746,11109.110707487982,11133.067707716418,10965.945240847865,3.5,0.625,0.0,0.0,0.0,0.0,nan,0,0.003949795997120531,-0.006630564021849417,-0.004759308449442612
5.18036116,0.7975536119688407,0.12436472529095705,1.5096422902725286,1.735709980916279,0.32131877209030246,-0.4326151717004553,0.04011503136075918,-0.2390731766930742,-0.006953709011526634,0.0,0.0,1.5,0.8072492320361406,10920.968613326602,11082.27645048088,11111.813830610337,10955.020944928781,3.5,0.625,0.0,0.0,0.0,0.0,nan,0,0.011915040631014673,-0.00821281491944556,-0.0017123582769027479
5.195101672000001,0.8169597785881346,0.13276173713571982,1.522034260143137,1.7794317629349716,0.3367605590595365,-0.44570370496872613,0.04151457335683835,-0.2452202675177702,-0.012035049895209335,0.0,0.0,1.5,0.8279700884078623,10931.30945030932,11081.104863071907,11105.665478904091,10962.576184355277,3.5,0.625,0.0,0.0,0.0,0.0,nan,0,0.004332573405639084,-0.004705501282077695,0.010081731897029433
5.2099797510000005,0.8507527810517039,0.15400142132322625,1.5216621252204179,1.775050818120778,0.3122577739789772,-0.45736074705229,0.04349499383570321,-0.2467651656346085,-0.008278374400552641,0.0,0.0,1.5,0.8648502644422602,10925.008893053702,11063.997959115744,11087.537656133367,10950.324316525488,3.5,0.625,0.0,0.0,0.0,0.0,nan,0,0.010924099509162177,0.01160166060453885,0.009101362533225021
5.224784919,0.8625490923043859,0.14416513890529933,1.5404781245346382,1.784124766496832,0.3044688555976674,-0.42105063234474055,0.04349639362132111,-0.25294017741073294,-0.010013030068511841,0.0,0.0,1.5,0.8754501713270413,10925.664699781702,11054.069518180657,11079.837116080429,10950.606199991931,3.5,0.625,0.0,0.0,0.0,0.0,nan,0,-0.00468808787663455,-0.0032087080131454893,0.027305188056086394
5.239405706,0.8905455056209,0.13594931855176912,1.5009377963384471,1.7770720594367841,0.33298497376683767,-0.4845618619277228,0.046790632417041816,-0.25310414761833033,-0.0077007587069179715,0.0,0.0,1.5,0.900863138472347,10884.389653171373,11000.021717847385,11024.895964124427,10907.949490674144,3.5,0.625,0.0,0.0,0.0,0.0,nan,0,-0.004302125396153045,-0.01643905534897183,-0.01284365866310555
5.254234309,0.9138047949548849,0.15835014971777192,1.5379684102619366,1.7646676285140066,0.32233113327855467,-0.4547930736145327,0.047337743423527576,-0.2550300317957464,-0.008818955380363395,0.0,0.0,1.5,0.9282001795819685,10928.392512110739,11049.337481994708,11077.336036837725,10957.702442425356,3.5,0.625,0.0,0.0,0.0,0.0,nan,0,-0.00885055259608436,0.0009078528519261553,0.02358962110374252
5.269157150000001,0.951410896102425,0.17898461732138182,1.510521799841119,1.816206758956065,0.3144860307089782,-0.4404721185864586,0.04602603932026916,-0.2606709539769066,-0.009123856905177044,0.0,0.0,1.5,0.9681574741394074,10915.705185410447,11029.515155376175,11057.221255563485,10946.487354910716,3.5,0.625,0.0,0.0,0.0,0.0,nan,0,0.0007592087349423959,0.01645070510849292,-0.004452288153734996
5.283675119000001,0.9556896288882963,0.1620629955175754,1.5153914665827692,1.850398766552855,0.3996252297902413,-0.46594734790563036,0.04920306526699989,-0.26119538783241064,-0.02253706796128322,0.0,0.0,1.5,0.9694555062117847,10888.311955204688,10992.59978203337,11018.120715972662,10915.034777157583,3.5,0.625,0.0,0.0,0.0,0.0,nan,0,-0.023144448056452882,-0.005599587020574948,-0.0001632435453207126
5.298644526,1.0034609178994902,0.17910631719678347,1.4964537770554904,1.8562902418448326,0.34279213957424404,-0.47760030169724144,0.04688844629024219,-0.26064259465361217,-0.013353479695581285,0.0,0.0,1.5,1.019325984319371,10882.32055031033,10971.944083432238,10997.1254727079,10893.177149624755,3.5,0.625,0.0,0.0,0.0,0.0,nan,0,-0.003739389156835138,0.006278556077949193,-0.01965430743853247
5.313487856,1.0357608812476142,0.17692521153207777,1.537731556925127,1.8277399040909053,0.335174389178673,-0.5415462898281836,0.04240851970635964,-0.2635285998454677,-0.005160191597082718,0.0,0.0,1.5,1.0514403473267036,10910.278908509667,10991.790437291125,11015.025530249268,10918.428416036486,3.5,0.625,0.0,0.0,0.0,0.0,nan,0,1.5248281668656105e-05,-0.0011032723902931751,0.021099179023961856
5.328260552000001,1.0727859974379907,0.1877818757552302,1.5205829035096141,1.8684346555252322,0.32001843545938574,-0.48062476261137416,0.04893414274186398,-0.2691888656253033,-0.013982037441249802,0.0,0.0,1.5,1.0892912765087506,10937.853900197888,11024.341504790209,11037.762908986866,10948.263552793773,3.5,0.625,0.0,0.0,0.0,0.0,nan,0,0.008322861370580803,0.004518458477257348,0.0034480734777460054
5.342768628,1.094408529530329,0.16975753353351078,1.5004657223302367,1.8755598131609628,0.35594854434353607,-0.47710679690961744,0.048633987302032326,-0.269546063325392,-0.01061638348056365,0.0,0.0,1.5,1.1074962151616623,10906.359018902285,10981.405999973453,11001.269035166011,10916.119821900758,3.5,0.625,0.0,0.0,0.0,0.0,nan,0,0.0010605760481841031,-0.018774047371871744,-0.017150327429695134
5.357514732,1.1258902421987362,0.17620351162422226,1.540411407447315,1.8735726481994084,0.35481695998479673,-0.5518281999104286,0.044601074373069954,-0.270252923395228,-0.010366669294694777,0.0,0.0,1.5,1.1403111842119718,10896.308093738364,10966.910015511607,10986.098021731641,10906.47161998145,3.5,0.625,0.0,0.0,0.0,0.0,nan,0,0.0034914796276352966,-0.01762909271031801,0.02234671936093191
5.372438086000001,1.1444923118490127,0.19630428503669367,1.5169508651348986,1.9013565685889906,0.34952759889651186,-0.5330161962038078,0.05440853071535261,-0.272632226380179,-0.01617699616430125,0.0,0.0,1.5,1.1613291333786846,10921.336348651837,10994.640326905164,11005.232571231012,10930.415499624103,3.5,0.625,0.0,0.0,0.0,0.0,nan,0,-0.0071190278035808685,-0.00286133386849588,-0.0015299703326077108
5.387106049000001,1.1859373036855514,0.20921461868013258,1.5235296365649322,1.915181007131637,0.35217967737290545,-0.44065738603687493,0.05334195558858828,-0.27367301647705317,-0.015014740525818917,0.0,0.0,1.5,1.204479841566187,10929.118966388738,11000.131060006837,11017.810413664893,10940.676937790291,3.5,0.625,0.0,0.0,0.0,0.0,nan,0,0.004957301579216367,0.004685116323257632,0.004659015259000698
5.402088921000001,1.2078830372930507,0.2307603220810433,1.4825988735153401,1.9206152307744822,0.3421000134350906,-0.48253183960133633,0.0499106258300808,-0.2736551190687321,-0.011163723907009412,0.0,0.0,1.5,1.2298514370565932,10850.218274590588,10895.824501040284,10916.513380873024,10859.626524442165,3.5,0.625,0.0,0.0,0.0,0.0,nan,0,-0.002621754922443431,0.02083619956114116,-0.03662166978158199
5.4166882450000005,1.24000089125566,0.21982402360651257,1.4987188081800702,1.9068154453214174,0.34629736421039936,-0.5465200915598953,0.05138393966564171,-0.2760652222381091,-0.013614819487103599,0.0,0.0,1.5,1.2593357189891292,10843.37360398065,10884.728603974329,10904.668297873566,10852.781534376156,3.5,0.625,0.0,0.0,0.0,0.0,nan,0,-0.00018831548173192658,0.004474065940872685,-0.020786852457369775
5.431411091,1.2755654761297592,0.20728583456293112,1.5165231679399735,1.8809065821023492,0.3450293328502176,-0.5081206883275192,0.05155430881353983,-0.2784810968539074,-0.011187520225556817,0.0,0.0,1.5,1.2924038518138836,10912.39241221382,10962.1202147756,10981.727436526477,10920.945766262917,3.5,0.625,0.0,0.0,0.0,0.0,nan,0,0.0055388910363782795,-0.013519902616380336,-0.0032143992179665126
5.446379995,1.2974006098923576,0.24605954647369027,1.5077546997535165,1.9415156792831032,0.34706328712651613,-0.5424074780747531,0.047678763604358375,-0.27744931645964027,-0.01239374071519461,0.0,0.0,1.5,1.320550558792872,10915.158103315167,10964.540942217316,10982.258393928616,10924.240287999259,3.5,0.625,0.0,0.0,0.0,0.0,nan,0,-0.0026084117276490293,0.019769558364873735,-0.012177961069140153
5.461027927,1.32617037271989,0.2366857502244422,1.5166572384199255,1.9298624806732585,0.36666973495173333,-0.6355159637508958,0.04734888087676311,-0.2795242937531196,-0.01243900570311682,0.0,0.0,1.5,1.3472288096055165,10932.475890924894,10981.577446263169,10993.420811412032,10936.02806835937,3.5,0.625,0.0,0.0,0.0,0.0,nan,0,-0.003962873165904934,0.004883694006354439,-0.003434352248249395
5.4758323440000005,1.3677833270759454,0.2138956699333424,1.5126512081717687,1.9641239700430622,0.3790193751658512,-0.5587983363653135,0.05479085737884067,-0.2808369620407731,-0.012839563355281962,0.0,0.0,1.5,1.3844647487427701,10990.275416925264,11048.904214160071,11054.857333022039,10990.708206255076,3.5,0.625,0.0,0.0,0.0,0.0,nan,0,0.0073894042412046,-0.023445261224433384,-0.007571503978224037
5.490517078000001,1.3931833480796594,0.23796470791751342,1.505586758113034,1.9389471383577845,0.38623633340171026,-0.5858042199358202,0.05151434733507726,-0.28323777963570174,-0.019367389257610907,0.0,0.0,1.5,1.4133712376608385,10968.574212776788,11021.211040905084,11033.582806257902,10976.804531838789,3.5,0.625,0.0,0.0,0.0,0.0,nan,0,0.002398755793429519,-0.004940688820139677,-0.01475203799952407
5.505377156000001,1.4075876389568502,0.26275859591829426,1.5130590877034005,1.9932812157198072,0.3564966627633671,-0.6422800394117927,0.05636229384623392,-0.282527231018906,-0.01486928705802609,0.0,0.0,1.5,1.4319621436493069,10981.069875795843,11033.817301544355,11046.495906201688,10984.388273856766,3.5,0.625,0.0,0.0,0.0,0.0,nan,0,-0.013716206805906017,0.014263487235436828,-0.00737662997619859
5.520209794,1.4543348654311559,0.2556549213812049,1.5042490081549196,1.9231868784423407,0.3497147878376232,-0.585410625641137,0.05248959240981825,-0.28600632910499074,-0.014447645699837773,0.0,0.0,1.5,1.4766405770211615,11021.098801634267,11077.282449848848,11099.761931127687,11030.366677896081,3.5,0.625,0.0,0.0,0.0,0.0,nan,0,0.002388660336492654,0.001545910401818451,-0.01627489799286086
5.534839054000001,1.4886982264000932,0.25784557401419056,1.505847318199059,1.9983793809346007,0.358911500470682,-0.5532106789377257,0.05414659206245359,-0.2829459684345173,-0.014454003522860541,0.0,0.0,1.5,1.5108742305220548,11027.911761790681,11084.526895959014,11107.933962861709,11038.132005340103,3.5,0.625,0.0,0.0,0.0,0.0,nan,0,0.005992521492903302,-0.0019003913943826944,-0.014768696501259226
5.549559494,1.4992096141564206,0.26205783315455855,1.515576097678598,1.9765798206356098,0.34402136084240975,-0.5813503727552983,0.05434490718772742,-0.2885110079492301,-0.009775639985958916,0.0,0.0,1.5,1.5220204958920887,10988.40723018689,11029.825045249758,11050.24216150573,10997.94561216342,3.5,0.625,0.0,0.0,0.0,0.0,nan,0,-0.014372764586236375,-0.00334806513635888,-0.0051287481244046695
5.5643773450000005,1.5602219404148114,0.27709519180018105,1.5297058746837493,1.969940728362115,0.39460736955676,-0.612493352753873,0.04927201537591165,-0.2854727523502273,-0.009650132105880583,0.0,0.0,1.5,1.584915356623585,10968.601768982613,11006.862345477082,11024.823131450608,10981.862060361687,3.5,0.625,0.0,0.0,0.0,0.0,nan,0,0.015643098704761327,0.006005985535112279,0.008930824059090625
5.579133491,1.5700140810520538,0.2771329258965506,1.5100640626593131,1.9982535408262072,0.38185746605880583,-0.5703482631741611,0.055082365363020865,-0.28730311123394675,-0.016894456328206218,0.0,0.0,1.5,1.5943174585617879,10984.072844828599,11026.685873683515,11027.269564476284,10987.164331569305,3.5,0.625,0.0,0.0,0.0,0.0,nan,0,-0.005680322096295987,0.000337199887389783,-0.010758961425478608
5.593864228,1.6013049922737508,0.2732650769011343,1.5348438788854586,1.9857380738194133,0.4148821401930287,-0.6323184107568899,0.057542293334520114,-0.28744893806693395,-0.021377366971699736,0.0,0.0,1.5,1.6248278605533586,10973.47536318249,11010.020957349241,11008.873290564175,10971.927122646159,3.5,0.625,0.0,0.0,0.0,0.0,nan,0,-0.005622193499594363,-0.009260015325294024,0.013994258396818005
5.608619555000001,1.6453756843426104,0.29591928943954837,1.5233056666923663,1.9751571816535822,0.4346008666595672,-0.600626851585339,0.05310768763168457,-0.2878792361274194,-0.01742024407658923,0.0,0.0,1.5,1.6719367579511781,10989.800716461608,11018.497348201186,11025.7603474075,10982.41305714689,3.5,0.625,0.0,0.0,0.0,0.0,nan,0,0.007099139214546302,0.007642151254853513,0.002453727742116829
5.623619145,1.6764143653275052,0.29750192857661806,1.4689781436575131,2.018610622356836,0.38152129945833035,-0.6534398443832999,0.05384307868602816,-0.29274843063336586,-0.017792475887339707,0.0,0.0,1.5,1.7028901542243302,10992.217624955763,11017.319323694706,11019.89060544163,10978.690845213698,3.5,0.625,0.0,0.0,0.0,0.0,nan,0,0.0066740374704039596,0.0034505173137938105,-0.05185440455148793
5.638434964,1.6987673779546757,0.3084577986096502,1.5371302732912864,1.971624547609385,0.41753839076007954,-0.6814810110731883,0.05989893135244235,-0.29001249127312523,-0.026300262327961385,0.0,0.0,1.5,1.7269439698846054,11056.360486914678,11097.42385105438,11106.500963506984,11049.349183907418,3.5,0.625,0.0,0.0,0.0,0.0,nan,0,-0.0025466530796418585,0.008610775473986976,0.016328018889645746
5.653274359,1.7288665639327578,0.31050177457373407,1.5449717475012845,2.0756661511494863,0.41962970378967407,-0.5914691030149838,0.05395677837228672,-0.2888200644516788,-0.02016641856536929,0.0,0.0,1.5,1.757103698126954,11080.421458649827,11120.115464983146,11138.233813179084,11072.555305959084,3.5,0.625,0.0,0.0,0.0,0.0,nan,0,-0.004123332123920687,0.004839289231609978,0.024188582726103247
5.667563511,1.7673963422642902,0.2967515833072813,1.5172408524452374,2.0256463768486572,0.3578762604804951,-0.6107995427032226,0.053649356054678056,-0.285915029195991,-0.01609289729553129,0.0,0.0,1.5,1.7922188984154834,11018.64990279337,11039.051607256728,11052.356727916022,11006.673483077617,3.5,0.625,0.0,0.0,0.0,0.0,nan,0,0.0026261050132183605,-0.014746478519959194,-0.003523255800117253
5.682472849000001,1.8102187467212167,0.32452063739799686,1.5420341444937908,1.97872100739561,0.38795996616075756,-0.6094269491991597,0.05889810538609838,-0.2945923256796977,-0.02023298497244523,0.0,0.0,1.5,1.8395576708495602,10983.224303797506,10986.889825629542,10999.526235144769,10976.106939525152,3.5,0.625,0.0,0.0,0.0,0.0,nan,0,0.0135560140702502,0.007165688801407055,0.021317733528899208
5.697317757,1.8338456552732842,0.3252194472590257,1.5048845011103291,2.007485254127185,0.36930670044910474,-0.6330814423500875,0.05779316327799279,-0.2890121480758823,-0.013429750982025583,0.0,0.0,1.5,1.8624664922063068,10959.111496841331,10961.927609316868,10978.540910208852,10953.523559602023,3.5,0.625,0.0,0.0,0.0,0.0,nan,0,0.00517744944620091,0.001986322876005031,-0.015750087820367575
5.711917781,1.8554388889206257,0.3304538431621035,1.5127590918356746,2.031940259408817,0.390196094570782,-0.6402779947431445,0.05628282547974983,-0.2901331409217941,-0.013255247001968217,0.0,0.0,1.5,1.8846792850254606,10985.051018494925,10993.350713387446,11008.93852762933,10986.841369717791,3.5,0.625,0.0,0.0,0.0,0.0,nan,0,-0.00534799887913473,0.0013213769507919304,-0.0077562018800401145
5.726956293000001,1.8899607382407344,0.34096298915964623,1.5158790296881752,2.0637120271427696,0.40354987157992467,-0.6258564779747626,0.05586307150180857,-0.2917003178367447,-0.01893878968442468,0.0,0.0,1.5,1.9205362521056406,11005.952465855928,11020.412980632693,11033.812058770016,11014.624033454013,3.5,0.625,0.0,0.0,0.0,0.0,nan,0,-0.003053417003559211,0.005910986147582342,-0.004492483537693603
5.7417070820000005,1.9258631432955098,0.3329983425206987,1.5141048425764767,2.0973832013160223,0.38843454939636385,-0.6900641980842662,0.05514321585520189,-0.2916344338924235,-0.02052887501905325,0.0,0.0,1.5,1.9544911586931524,11003.683880192699,11015.267343899728,11027.623567243283,11009.667704091024,3.5,0.625,0.0,0.0,0.0,0.0,nan,0,0.0005158680611179189,-0.007992773651010532,-0.006105236187399443
5.756395159,1.957928314677342,0.37461082139411206,1.5248276859303,2.0617497944979606,0.4037111276175253,-0.6048573435274647,0.05661018176443264,-0.2891838258893499,-0.014933753434713065,0.0,0.0,1.5,1.993597995311362,11041.126590313666,11056.099165567797,11071.745959377791,11045.769849991964,3.5,0.625,0.0,0.0,0.0,0.0,nan,0,0.00014397810172583902,0.0276614677515708,0.004792445126618139
5.771000579000001,1.9739276149595484,0.3599518381747533,1.5103667502734444,2.0620981436634955,0.40321572036153597,-0.707645662927309,0.05688192562860728,-0.2903968046781623,-0.017663953334091632,0.0,0.0,1.5,2.006505176772915,11033.193498899915,11044.98869099184,11056.747592192058,11036.195853019699,3.5,0.625,0.0,0.0,0.0,0.0,nan,0,-0.01639484753848741,0.007025727427701245,-0.009487885904195803
5.786039188,2.034050596673735,0.3736003172913943,1.5360827141236848,2.0984721576429917,0.4284058273308255,-0.5909793844238022,0.05799328284075719,-0.2943021487302139,-0.01900694974888256,0.0,0.0,1.5,2.0683909178797752,11077.125133743326,11094.826610842252,11105.150284343943,11082.120476199814,3.5,0.625,0.0,0.0,0.0,0.0,nan,0,0.011089822453814957,0.014679164592935778,0.016413280744883352
5.800642615,2.0472407081946233,0.3576287938784258,1.5298271537217059,2.05343275775646,0.3774016549562703,-0.6980112271997745,0.05342620611935581,-0.2919154993158154,-0.010273155737839042,0.0,0.0,1.5,2.0784567665937383,11018.316239811507,11025.427576044249,11030.468329497095,11018.012230283048,3.5,0.625,0.0,0.0,0.0,0.0,nan,0,-0.008455035463564187,-0.007304990352494989,0.010337383089091157
5.815297728,2.095308335483722,0.37570394443036703,1.543405979664462,2.0793702012048407,0.4031912710899275,-0.6562810301717276,0.051934883127371274,-0.29275000169982096,-0.01546647339585326,0.0,0.0,1.5,2.1291675729445845,11051.662960814756,11071.508679638937,11071.504226034962,11056.877405240251,3.5,0.625,0.0,0.0,0.0,0.0,nan,0,0.006777058439416006,0.004739303573279563,0.024104703234717695
5.830317084000001,2.120683009714754,0.3959633502504435,1.5191383770174391,2.07112251219071,0.3556413240244835,-0.670795027275664,0.05384562851768956,-0.29196108359292144,-0.01293015040525174,0.0,0.0,1.5,2.157417363402187,11038.047085667133,11054.547450618642,11048.14263605167,11037.761562193797,3.5,0.625,0.0,0.0,0.0,0.0,nan,0,-0.0007818144181350739,0.018950139583429892,2.7215805995517428e-05
5.845085243000001,2.162953676327142,0.38827329961487056,1.521587559162982,2.100191682034954,0.4105938536349725,-0.6762363922321223,0.0584779459056323,-0.2912805507274565,-0.01684813025455042,0.0,0.0,1.5,2.197632995711871,11050.324026914233,11067.290645133002,11063.752387386861,11053.864277109757,3.5,0.625,0.0,0.0,0.0,0.0,nan,0,0.008456419472765209,0.00519371441085964,0.00267211501911202
5.859673914,2.195372143232122,0.38684539361006753,1.5078348291021282,2.118909363263256,0.42153334778993623,-0.63000576800064,0.05841197824823371,-0.29120501494493634,-0.020273457926770315,0.0,0.0,1.5,2.229208287797259,11053.332973936147,11065.972835015942,11068.728412721066,11057.671487557158,3.5,0.625,0.0,0.0,0.0,0.0,nan,0,0.007744881608585885,-0.002318062276353672,-0.010882705446672025
5.874474032,2.2483455363925513,0.3865495135274778,1.50358581423857,2.1042790725943785,0.3877234579347261,-0.672272582602124,0.05873943184267133,-0.2951333266039081,-0.017096516929265778,0.0,0.0,1.5,2.28133536234557,11025.901592685372,11026.247000663769,11033.987319076536,11027.03466499132,3.5,0.625,0.0,0.0,0.0,0.0,nan,0,0.027489454724221485,-0.008715452900553866,-0.014926681465257996
5.889134412000001,2.2632488897414835,0.3893174910865017,1.512489798757459,2.127937470428675,0.4167917004256932,-0.6063648761961322,0.05648784286339426,-0.2953678216967088,-0.01955428693183531,0.0,0.0,1.5,2.296523381299426,11025.683373833046,11025.451038402558,11036.270585875232,11028.238892123241,3.5,0.625,0.0,0.0,0.0,0.0,nan,0,0.009062924241369341,-0.012066955112077282,-0.005802349494629544
5.90394461,2.2971202079168065,0.3986298040309551,1.5251136284369413,2.1098444976280817,0.4199363148696394,-0.656366246235922,0.05474024245582133,-0.29079105504460107,-0.021374902458140357,0.0,0.0,1.5,2.331586941251554,10980.163797218682,10972.102640885541,10980.10104873157,10978.127776800615,3.5,0.625,0.0,0.0,0.0,0.0,nan,0,0.009501589496407892,-0.00889233770885095,0.007063469762359942
5.9187136670000005,2.31662671804296,0.40919989984269173,1.528724466019971,2.0897776933247423,0.3877995007698549,-0.7326119900111536,0.05465610440818812,-0.2917109754698575,-0.01247611408012588,0.0,0.0,1.5,2.3526642352299016,10981.660321374638,10969.439125638952,10976.040279348434,10974.949616216847,3.5,0.625,0.0,0.0,0.0,0.0,nan,0,-0.004531780267314822,-0.00447890697151937,0.010953370991042544
5.933465136000001,2.3729035082265026,0.42943904928617316,1.5197107385764594,2.165497688097017,0.41027432865231417,-0.6804932790744372,0.06068802879240143,-0.2947980583383883,-0.020700214923132104,0.0,0.0,1.5,2.4115301096234907,11050.867090751248,11055.126865722641,11061.897156847435,11052.524382541682,3.5,0.625,0.0,0.0,0.0,0.0,nan,0,0.018102170867910328,0.009585404733319314,0.002242345432172721
5.948447248000001,2.391786658248116,0.4266089529151972,1.5364737755568865,2.1244367976043312,0.3917182602360721,-0.7641489211621845,0.05588504403881947,-0.2922409161760062,-0.020836779291259266,0.0,0.0,1.5,2.4298084191113642,11048.862182940056,11052.751503923848,11066.826788569273,11054.078920514568,3.5,0.625,0.0,0.0,0.0,0.0,nan,0,0.0032462187398274445,0.0005635231489083958,0.01931025098596484
5.963036541,2.413415471996254,0.4245986829824837,1.5115470898597727,2.155874789779932,0.4299957400103873,-0.6368879149218377,0.05576839577394003,-0.2907463416982983,-0.014402831989257079,0.0,0.0,1.5,2.45050844057832,11105.341986730098,11114.220818995513,11127.418321990006,11103.928564148995,3.5,0.625,0.0,0.0,0.0,0.0,nan,0,-0.008957919980602469,-0.007655031962730041,-0.005316760540956533
5.977958701,2.444896132766563,0.4476341362657309,1.533275643168834,2.11441345440008,0.42514364923797227,-0.7095760723551167,0.05944670679124262,-0.2916904101610939,-0.01645728795450328,0.0,0.0,1.5,2.485759579765421,11077.462192611934,11080.879447847028,11087.561284930187,11073.425730135992,3.5,0.625,0.0,0.0,0.0,0.0,nan,0,-0.011400325439184122,0.009156305188927127,0.01669441084832557
5.992705752,2.4883645170776925,0.4396852223335571,1.5237957099436101,2.19543855776114,0.42261832049702147,-0.6775898255348031,0.052747892907430045,-0.29493928105687073,-0.01421097298346766,0.0,0.0,1.5,2.5270234071732554,11079.557542779123,11084.929051356383,11091.3657965589,11079.63633249823,3.5,0.625,0.0,0.0,0.0,0.0,nan,0,-0.0019480886732505809,-0.005033091068285533,0.007490224578433624
6.007388759,2.52804661901081,0.44718813302260296,1.5273884867286065,2.149948096223282,0.43082352822360703,-0.7253153966189467,0.0569675137744634,-0.2954146390636211,-0.017529228416474783,0.0,0.0,1.5,2.5674397876899686,11053.398620071066,11058.445602256468,11055.790141009396,11050.680958864576,3.5,0.625,0.0,0.0,0.0,0.0,nan,0,0.0036240860561305155,-0.00378716056294226,0.011354452862104347
6.0220541590000005,2.5720654909974856,0.4496498750005693,1.5098209057629222,2.1778779056153743,0.3953165694136797,-0.6935455538667713,0.05829066524687468,-0.29142406781722996,-0.011834785020860354,0.0,0.0,1.5,2.6110921757491,11067.759391622481,11077.909255565313,11076.680453899658,11064.443022590043,3.5,0.625,0.0,0.0,0.0,0.0,nan,0,0.013437572924678953,-0.00759920366250344,-0.00594023117744813
6.037214584,2.585667341349407,0.472428382885878,1.513299289300685,2.184006641039262,0.42009019534752035,-0.6968281266456882,0.05635149806918308,-0.2949261719491662,-0.020364020990898842,0.0,0.0,1.5,2.6285054780564905,11070.499837099256,11080.14140091732,11080.12167581259,11073.298727108833,3.5,0.625,0.0,0.0,0.0,0.0,nan,0,-0.007260065842860541,0.00888895865900502,-0.0021918803849887425
6.051750703000001,2.6373345913238686,0.4881801028622878,1.5338494588201732,2.1808065545967006,0.4400751879131886,-0.6860541036141727,0.05876772553945034,-0.28942292896990574,-0.015073053836982054,0.0,0.0,1.5,2.6823495941592865,11064.38275512017,11070.45806447124,11070.879002359829,11059.731430439562,3.5,0.625,0.0,0.0,0.0,0.0,nan,0,0.01001337988128359,0.018333746639109916,0.018626028183334586
6.066552172000001,2.6566745618525562,0.476092417201003,1.5167394885900525,2.202899709215377,0.4551400933755229,-0.7020707239968023,0.05659301367852468,-0.2913607601240023,-0.017414764232598214,0.0,0.0,1.5,2.6990487079319303,11055.52872674142,11056.997790581472,11056.114794525653,11050.00030984896,3.5,0.625,0.0,0.0,0.0,0.0,nan,0,-0.005136113760180194,-7.767969412991738e-05,0.0017859354180942422
6.0812398750000005,2.7017977016302983,0.47413261700740694,1.5014810681176036,2.1941182190292152,0.42763557878958586,-0.7093764020560498,0.058645270914157006,-0.2932541593112064,-0.020509252581938624,0.0,0.0,1.5,2.7430848970835413,11053.0344159641,11052.292723777122,11049.49040725916,11047.029402140435,3.5,0.625,0.0,0.0,0.0,0.0,nan,0,0.005400421188371585,-0.008378265344166358,-0.013195710465451205
6.095897304,2.7365958149843395,0.48228711867042817,1.5275537357037623,2.230190472614729,0.4173306699666205,-0.6816598906872595,0.05771491796608483,-0.2921549325961152,-0.01933124031342993,0.0,0.0,1.5,2.7789056709029287,11068.125900821608,11067.929986760577,11070.866176299698,11061.874743463191,3.5,0.625,0.0,0.0,0.0,0.0,nan,0,0.00551541743359607,-0.006581441411764755,0.013158393170594529
6.110697795,2.7647633816756936,0.49437563077169316,1.5177583854349619,2.2406909803788073,0.4068127654131045,-0.7159253638547061,0.05789157474097441,-0.29180542044733593,-0.022647060673031807,0.0,0.0,1.5,2.8086721384328546,11034.84925061441,11020.096857218266,11025.549956995419,11027.3306170495,3.5,0.625,0.0,0.0,0.0,0.0,nan,0,-0.001097209466616178,-0.0008675491776500843,0.0036508408273494553
6.125552124,2.7835818956188154,0.5078124454374069,1.5172009284394867,2.209411334465929,0.3924677856184346,-0.7165202962149648,0.05786007993383574,-0.2902764841619985,-0.019252539203997544,0.0,0.0,1.5,2.829575501960875,11038.438918718237,11020.338377572096,11030.951052553666,11030.189259855393,3.5,0.625,0.0,0.0,0.0,0.0,nan,0,-0.01715906096594333,0.006177204453804319,0.003397645045448705
6.140404696,2.8337163559349845,0.5248634767651581,1.5360051463526474,2.2116441852932693,0.4725426383903557,-0.7007826690768592,0.05337999944517599,-0.2907499772901296,-0.017936415330494372,0.0,0.0,1.5,2.8821392099791665,11060.113484111516,11045.094044611564,11061.502579940294,11056.054200855406,3.5,0.625,0.0,0.0,0.0,0.0,nan,0,-0.002003360049348313,0.01681910316579438,0.022516627755480245
6.155136163000001,2.8643200863865603,0.533205893617328,1.5159453375203857,2.2253696922900295,0.45334590651793105,-0.7526194483014635,0.050251611669947883,-0.29329116954066997,-0.013732064469849668,0.0,0.0,1.5,2.9135703760256773,11053.590305664722,11040.15325017245,11044.764353775066,11043.419862607036,3.5,0.625,0.0,0.0,0.0,0.0,nan,0,-0.00647491017573687,0.018735689832649727,0.0027758843379026565
6.169858388000001,2.8924785656665115,0.5216271525446192,1.5000190577366144,2.2358090725788697,0.47151660501691023,-0.7155190984876072,0.056777689605100996,-0.29143626543605416,-0.017411021648909286,0.0,0.0,1.5,2.939137141998516,11090.220147045782,11094.307570183348,11085.238118009922,11079.153143644093,3.5,0.625,0.0,0.0,0.0,0.0,nan,0,-0.01348726280551693,0.0007146210522506191,-0.012830193521755628
6.184683863,2.9669143578315262,0.5315456243726333,1.5179256804495813,2.264245292688928,0.4192404474634639,-0.7409086680594725,0.05390263468889054,-0.29247582242005954,-0.01558589606024121,0.0,0.0,1.5,3.014206842191845,11100.240895092684,11107.761674788035,11097.403057120375,11089.521258880677,3.5,0.625,0.0,0.0,0.0,0.0,nan,0,0.025685761267610463,0.004174955191772023,0.005385846650930004
6.199238408,2.965120782947789,0.5503544032217423,1.5340523969162663,2.27796474903999,0.41245936535568267,-0.7151740644146015,0.061184842967953436,-0.2902559519693134,-0.028108986314003274,0.0,0.0,1.5,3.0159560328940827,11097.813030101208,11106.73838941894,11098.952999351868,11092.971370606703,3.5,0.625,0.0,0.0,0.0,0.0,nan,0,-0.011461802034000268,0.016509986810429034,0.021808826101622714
6.214224869000001,3.0186573033379305,0.5395969469904899,1.491492691776599,2.2622499151218656,0.4536351535617794,-0.6844995707684836,0.05490276175129211,-0.29350243005835625,-0.02346399106694202,0.0,0.0,1.5,3.066517430977703,11074.132287105416,11068.455319141874,11072.96694462255,11067.740776579743,3.5,0.625,0.0,0.0,0.0,0.0,nan,0,0.006628743192268249,-0.0007368621416496968,-0.020465301099485966
6.229020824,3.067659945177424,0.5472422010462642,1.5116778018854637,2.2538551071710597,0.43134418317534534,-0.8017888285829945,0.056929656704419844,-0.29353989049972234,-0.016711532479072762,0.0,0.0,1.5,3.116111027692818,11062.60922885212,11052.776103123042,11056.041274281983,11048.336013454304,3.5,0.625,0.0,0.0,0.0,0.0,nan,0,0.02009017574480021,0.0004028884605251637,5.3468456129301956e-06
6.243621844000001,3.0724801964332595,0.5593839049971437,1.4881994818827744,2.2806550917269064,0.43661729158392215,-0.6852030321911957,0.06049878555599561,-0.2911738170545187,-0.01732684102741584,0.0,0.0,1.5,3.1230088316993676,11105.767787103707,11108.051236641419,11113.924249649386,11096.944982227731,3.5,0.625,0.0,0.0,0.0,0.0,nan,0,-0.010726073256623447,0.006023095864903905,-0.023187410560351784
6.258553917,3.1053627733756475,0.5578654136377299,1.4851738288891887,2.2676317176000613,0.458640181797711,-0.7276127107482059,0.05403912256226307,-0.29305663334940163,-0.020544477168178435,0.0,0.0,1.5,3.1551088078464575,11078.673978000958,11074.015501472748,11086.15192054259,11076.7364746264,3.5,0.625,0.0,0.0,0.0,0.0,nan,0,-0.013572101187757202,-0.0020321709656421216,-0.02593818445900209
6.273129202000001,3.155462802924505,0.573695782548674,1.5289890526287098,2.298299997908596,0.44270383676969255,-0.6804136304914559,0.060418691126597195,-0.2927253533547656,-0.021045584094390578,0.0,0.0,1.5,3.2073217357674957,11092.064981342275,11089.85239718754,11098.091078201482,11087.110234562084,3.5,0.625,0.0,0.0,0.0,0.0,nan,0,0.000705659850179341,0.007246003851530736,0.018146212080593083
6.287877793000001,3.1746151588696225,0.5920727785306207,1.5363647219864969,2.2987276082429813,0.4396840870297436,-0.7156311819593938,0.05743883630470314,-0.2931343113540094,-0.020813739587089368,0.0,0.0,1.5,3.2295594088059323,11023.98165210807,11007.26484206148,11018.806935284403,11020.0810243019,3.5,0.625,0.0,0.0,0.0,0.0,nan,0,-0.016060245339559742,0.019055096587264342,0.025792856925292096
6.3026649390000005,3.2135542878881944,0.574642176880456,1.497440147015547,2.308558767277234,0.4249551016693413,-0.7204038897379716,0.05723069358170536,-0.29277181049996187,-0.0166696430221094,0.0,0.0,1.5,3.264529268593224,10998.861533766265,10978.12224612338,10987.160073953472,10995.692091209916,3.5,0.625,0.0,0.0,0.0,0.0,nan,0,-0.013142035139958264,-0.00496020260436969,-0.012837020032904656
6.317405145,3.2598761124178806,0.5885835965680737,1.4950717601965677,2.276821735828324,0.41860639049955517,-0.7224100847998799,0.053817429264283706,-0.29336307918798693,-0.012493629653902643,0.0,0.0,1.5,3.3125891997060672,11025.091549796458,11013.459064744075,11020.744558632883,11025.821855898408,3.5,0.625,0.0,0.0,0.0,0.0,nan,0,-0.002944134340051363,0.0023797646403022066,-0.0148859260118408
6.332426188,3.287860452451001,0.5981489261412614,1.5267889703934365,2.2999257162672615,0.4577188441298284,-0.7650492562930061,0.05707067297505199,-0.2881358769087339,-0.023525098211712114,0.0,0.0,1.5,3.341934490915402,11048.97812337462,11049.147233410948,11048.895859375472,11050.936697524387,3.5,0.625,0.0,0.0,0.0,0.0,nan,0,-0.011183473985404202,0.005327560465294479,0.01716478492791018
6.346990389,3.3300890011757343,0.6050510601525431,1.4723129639338535,2.326598535934699,0.451803302958765,-0.7407202622363287,0.05601487733118452,-0.28886272687562436,-0.00982791442847512,0.0,0.0,1.5,3.3847224573234134,11082.577065035752,11075.862147904976,11080.19899961271,11075.966350993242,3.5,0.625,0.0,0.0,0.0,0.0,nan,0,-0.005274724261665309,0.005596811802837887,-0.03697569139395651
6.3618149960000006,3.3599104203256127,0.6030846339804428,1.5034504810087288,2.3438313406196793,0.45943529933878224,-0.7339442192771045,0.05617725125266263,-0.2915185347132954,-0.016884959637213877,0.0,0.0,1.5,3.4136082104095005,11111.994378087977,11114.304305822048,11115.289719309765,11112.471701476663,3.5,0.625,0.0,0.0,0.0,0.0,nan,0,-0.011865741601476909,-0.0030171431322149056,-0.005512075290013518
6.376664808,3.4018958956899676,0.606485851058503,1.4908387302746253,2.294419993167211,0.45780197223219965,-0.7358919728528068,0.056018344661922626,-0.2934494044603381,-0.020489661635249352,0.0,0.0,1.5,3.455546946795743,11092.814418829112,11095.193280587862,11095.156301212071,11094.552324100981,3.5,0.625,0.0,0.0,0.0,0.0,nan,0,-0.00638342987645224,-0.006277680946631059,-0.017813400383023037
6.391277537000001,3.442623896166673,0.6300616297576201,1.5186126118422238,2.3145424117273805,0.43070101777962705,-0.7102400236250769,0.05252867930284462,-0.29186980314823546,-0.009946737547866477,0.0,0.0,1.5,3.4998547651395797,11095.513443297725,11101.987105181652,11103.802974138558,11095.770700896224,3.5,0.625,0.0,0.0,0.0,0.0,nan,0,-0.002250531560612501,0.01062196998542353,0.010259338575712373
6.405987244,3.473453532725988,0.6210943957555315,1.4803091523365122,2.296924078723639,0.4364003273102305,-0.7698396053639205,0.05805312783272111,-0.2897068336404154,-0.02001803916776902,0.0,0.0,1.5,3.528601057349397,11058.75566045571,11064.31378749763,11055.915497351909,11061.209080469122,3.5,0.625,0.0,0.0,0.0,0.0,nan,0,-0.008109256515748342,-0.0050359324555806495,-0.027752392367114354
6.420834322,3.5349910827154107,0.6326435799314584,1.5165419142214274,2.3495111294025026,0.44128840380582257,-0.7333915411118535,0.055186470176306596,-0.2885393762361478,-0.013911012155364959,0.0,0.0,1.5,3.591193880735496,11101.496245507346,11109.36726865603,11106.352781886257,11103.73190269618,3.5,0.625,0.0,0.0,0.0,0.0,nan,0,0.01664483495738045,-0.00019221541498826156,0.008771090360686129
6.435567594,3.5502797138508067,0.6240229930666449,1.5023677778414741,2.342286969902301,0.43352560467737766,-0.7186079791868917,0.06050671651244841,-0.29166763478968033,-0.020086761103143634,0.0,0.0,1.5,3.6047047519635123,11083.175220052866,11083.01184842367,11077.972441529184,11086.418619762808,0.0,0.0,0.0,0.0,0.0,0.0,nan,0,-0.004854493106982716,-0.015516797646097369,-0.005123610620091812
6.450449511,3.5844873351879403,0.6388384570104428,1.49939955740886,2.2298127649704464,0.4355968303464816,-0.723869212945929,0.05879645328609712,-0.29264199810453867,-0.02076762351601784,0.0,0.0,1.5,3.6409702540407456,11071.534670862682,11067.198611432139,11066.760838813947,11076.133656550734,0.0,0.0,0.0,0.0,0.0,0.0,nan,0,-0.006829039464612219,-0.007294797540869924,-0.007817071448216417
6.4651410590000005,3.6325320084499224,0.6535036148182688,1.4878129090013104,2.228596301046461,0.43306661386955386,-0.695333455246234,0.061212096372418756,-0.2868541639467735,-0.022017865347321905,0.0,0.0,1.5,3.6908676882517453,11083.818752079776,11084.433836798362,11092.909490638833,11088.550672863388,0.0,0.0,0.0,0.0,0.0,0.0,nan,0,0.005725913777570035,0.0009029817070015378,-0.01913266935251401
6.480050909,3.66656074016231,0.6603257220155675,1.5336979724910709,2.210641225778908,0.43917167843724353,-0.7186734962437149,0.059521085531800674,-0.29171939577634515,-0.01927885474447008,0.0,0.0,1.5,3.72569903156508,11096.56262277255,11093.860814827502,11109.115693462709,11100.26296690857,0.0,0.0,0.0,0.0,0.0,0.0,nan,0,0.004958923142376559,0.001384144540633181,0.027012706577208778
6.494705519,3.699218085582434,0.6765289722237863,1.514407687646969,2.1516608184581787,0.4142108194568123,-0.6847996691668338,0.0589547953355861,-0.2920414784677071,-0.018543277582312088,0.0,0.0,1.5,3.760600148436639,11074.664661107585,11071.728815081204,11083.328618856835,11080.356002110948,0.0,0.0,0.0,0.0,0.0,0.0,nan,0,0.003513805519327562,0.011372796484026892,0.007972543742766236
6.509532239,3.720490482481652,0.6456990586899481,1.5065589284552394,2.0408001050089535,0.37929770488301195,-0.7294277282902153,0.061471929583852294,-0.29256431137758304,-0.02091508207355962,0.0,0.0,1.5,3.7761117202980268,11066.221745771845,11062.441655449644,11072.950034296744,11070.10877535884,0.0,0.0,0.0,0.0,0.0,0.0,nan,0,-0.00862560985508054,-0.025545822838349608,0.00037045871287877397
6.524143141000001,3.762029811342325,0.6856154208495913,1.531881693506063,2.0645421619716537,0.43139440206716917,-0.666643578587941,0.05345654985195132,-0.2906146794812294,-0.013996753459082847,0.0,0.0,1.5,3.8241277762538144,11126.484835678773,11136.56418908929,11154.608970376637,11136.71421151385,0.0,0.0,0.0,0.0,0.0,0.0,nan,0,0.00019472889271199278,0.008408119315890583,0.025927306541321027
6.53900623,3.7704175594309923,0.6863693284772348,1.496066683679121,2.0268082279215953,0.3510981481950616,-0.5800737844912928,0.05525877062517439,-0.2899484180279459,-0.013562778698322418,0.0,0.0,1.5,3.8323839706528795,11114.718434118982,11126.072186136156,11132.543465183036,11119.776849287111,0.0,0.0,0.0,0.0,0.0,0.0,nan,0,-0.023439025736373242,0.0033267136390399132,-0.009683703371029528
6.553711251,3.8384707410740937,0.6763075358601363,1.4787376550186495,1.9441824263136207,0.3429199653260818,-0.5996740221177677,0.05911428773291285,-0.29176102830309997,-0.019235213849115796,0.0,0.0,1.5,3.8976533453421967,11064.577479003772,11065.216842717618,11062.288271718398,11067.305910401232,0.0,0.0,0.0,0.0,0.0,0.0,nan,0,0.01328484504000027,-0.01244430618730441,-0.026823333558994245
6.568526115,3.862649043066192,0.6866343393482913,1.5206526231429702,1.9375575255081947,0.35058625926561215,-0.5716013337753393,0.05824442750326388,-0.29089288415208975,-0.020875150572370188,0.0,0.0,1.5,3.923257686759196,11065.929464131508,11064.86367905838,11066.001062795101,11069.148019109094,0.0,0.0,0.0,0.0,0.0,0.0,nan,0,0.006820520317031509,-0.007701711516465259,0.01528255871150841
6.5832638160000005,3.8843665256101985,0.6997447225681058,1.5036771762456542,1.8467196369531134,0.39616862542742576,-0.6412400829592336,0.05725357066935008,-0.2929977215299846,-0.016810820295749724,0.0,0.0,1.5,3.946892385620376,11025.487109622973,11010.899839085032,11015.824179149262,11025.995225148932,0.0,0.0,0.0,0.0,0.0,0.0,nan,0,-0.0014202706857933123,-5.101021142439599e-05,-0.0014948411749564627
6.5980415820000005,3.910163824393855,0.685736912998089,1.5001182877456627,1.8404183572109845,0.3340384986621896,-0.5999006437575671,0.056136646319542696,-0.2898455652348575,-0.014468428246104345,0.0,0.0,1.5,3.9698383167880427,11041.26590946408,11031.131736983874,11033.24151923742,11039.428876355769,0.0,0.0,0.0,0.0,0.0,0.0,nan,0,-0.004900061797815436,-0.019394627807800213,-0.0048401020176152
6.612924565,3.951022321368894,0.7118345538878044,1.5128180807211753,1.8254794771200735,0.3380740742114697,-0.5616689028334131,0.05748722364912358,-0.2918073826627957,-0.01673665397297293,0.0,0.0,1.5,4.014654420900667,11088.797763582457,11090.745364193683,11087.664676113722,11089.65743679107,0.0,0.0,0.0,0.0,0.0,0.0,nan,0,0.007367150829487912,0.0014918336673040988,0.008071537357926761
6.627621223,3.963377699406089,0.7049261180469354,1.5112011649623394,1.739900798754387,0.2890864800978243,-0.5811728686795162,0.057517134340342696,-0.2907379784325132,-0.01557793383650663,0.0,0.0,1.5,4.025594252548403,11074.657175570877,11074.336780399755,11070.201722458236,11076.769194913177,0.0,0.0,0.0,0.0,0.0,0.0,nan,0,-0.008181274600771893,-0.010502932678318255,0.0066571551072429624
6.642365719000001,4.009491800080003,0.7248918941282125,1.5363731191427037,1.663639569946465,0.3337409945689459,-0.5203394994957696,0.05691758389578813,-0.29102407506814,-0.017435412078017402,0.0,0.0,1.5,4.074655293012863,11093.96634109271,11097.830250847552,11098.694022618394,11098.310213193372,0.0,0.0,0.0,0.0,0.0,0.0,nan,0,0.010715518131071633,0.004501101140886754,0.03202365973433219
6.657148565000001,4.036534114545691,0.7427760171114718,1.520074788324371,1.6603209316035759,0.2993778006190023,-0.4979280907727902,0.055385737088657794,-0.29194965603347306,-0.015530795191380191,0.0,0.0,1.5,4.10435462242402,11069.88450119821,11067.231964205803,11064.99330563374,11069.396924258974,0.0,0.0,0.0,0.0,0.0,0.0,nan,0,0.011227361365548916,0.01754804848066982,0.01590882044547004
6.671832923,4.051832519819261,0.748394322819803,1.5058090475259847,1.6426902688121665,0.2644337171142879,-0.540929208516964,0.06069522781850974,-0.292800795835388,-0.01667204433719565,0.0,0.0,1.5,4.120373111276086,11036.564972016055,11030.11577126327,11022.74100850324,11034.974966687292,0.0,0.0,0.0,0.0,0.0,0.0,nan,0,0.0006770928607631177,0.01845274472989389,0.0018303400148800275
6.686663766000001,4.06735532891461,0.7085101828316185,1.5001346765407055,1.546169162904265,0.2737236824580065,-0.48774080628452954,0.053011899471406596,-0.2898345442338557,-0.01676036912666403,0.0,0.0,1.5,4.128603404174823,11039.66168278548,11034.912731108661,11030.578265375456,11040.970617413372,0.0,0.0,0.0,0.0,0.0,0.0,nan,0,-0.008970216048134638,-0.02602210906382818,-0.0036441000794118494
6.701345045,4.106578704341965,0.7130171927851414,1.5075938978655976,1.5636345713104385,0.31648391733568815,-0.45017724247872803,0.06141900341983283,-0.29264810865403323,-0.022204521983356186,0.0,0.0,1.5,4.168025892367624,11067.860490721168,11065.274659380333,11059.817743631269,11067.037995904413,0.0,0.0,0.0,0.0,0.0,0.0,nan,0,0.00576361018331184,-0.02598263227361941,0.0040192182826421785
6.716301266,4.138987493801299,0.7543044119837525,1.5021887448122975,1.5126474890073356,0.27867674334786435,-0.44544350739552174,0.056949615968627944,-0.2869930945682315,-0.011050146107971158,0.0,0.0,1.5,4.207160254897068,11042.331616772703,11032.193224683164,11031.268707157622,11040.0334920237,0.0,0.0,0.0,0.0,0.0,0.0,nan,0,0.014363591196953074,0.010960186591805976,-0.0011799906052984976
6.731063014,4.139034160865132,0.7457388596823582,1.517786476913495,1.4323910193332423,0.2841202602646448,-0.4934071391009019,0.05530071277620566,-0.29246119084151684,-0.02343815229408352,0.0,0.0,1.5,4.205715942667772,11037.077348034538,11023.806873006164,11018.89915551156,11041.05485334948,0.0,0.0,0.0,0.0,0.0,0.0,nan,0,-0.008721182248002002,-0.0018273175897862703,0.014635078787458955
6.745749423,4.184716618256174,0.7471868187778248,1.5309128464884447,1.4210242376817548,0.2783063469545026,-0.42477410530331566,0.055652877812131324,-0.2917100800195222,-0.012068223224242397,0.0,0.0,1.5,4.251011282194242,11049.611501786194,11038.947136502014,11033.801457651507,11050.210900667482,0.0,0.0,0.0,0.0,0.0,0.0,nan,0,0.014506733042748188,-0.00447902378186138,0.027990186758073854
6.760541719000001,4.1870294452025885,0.7666493605018437,1.5182802061378804,1.354301940472825,0.2510703237921382,-0.41589357159601187,0.05418644466377953,-0.28946260676782914,-0.014585442171263202,0.0,0.0,1.5,4.25667722324442,11019.97602243083,11013.002840277972,11002.219245698492,11017.32446214431,0.0,0.0,0.0,0.0,0.0,0.0,nan,0,-0.004958333445091334,0.011006013771843404,0.0155971131277588
6.775284825000001,4.22534276756332,0.7643228676938505,1.5097495219696722,1.303749759900812,0.2659599722282726,-0.49072461748127333,0.05603975408633315,-0.2931125622712997,-0.02465166903245927,0.0,0.0,1.5,4.293926641508683,11014.048376917757,11007.748242202259,10994.582907225446,11011.038943841506,0.0,0.0,0.0,0.0,0.0,0.0,nan,0,0.01224995542321139,0.0048234218259901596,0.0073281359641326205
6.790236862,4.243647655952472,0.7514448826153718,1.4774800242802026,1.2822567392608804,0.2726064106051315,-0.412795405573214,0.058299095683867194,-0.292377213877112,-0.02166496651813232,0.0,0.0,1.5,4.309724119800031,11090.895106934027,11098.299700678233,11093.773717947604,11081.883142556104,0.0,0.0,0.0,0.0,0.0,0.0,nan,0,0.010126118615522373,-0.011788693457578936,-0.024670173560598307
6.8049335300000005,4.27953267256972,0.7674384763709395,1.4891142846497867,1.2326000468637985,0.19709121002009677,-0.3871227252347417,0.05245359654053455,-0.2909305181194999,-0.010435721951361013,0.0,0.0,1.5,4.347813267540933,11116.683668348647,11128.996560061463,11129.795852966603,11105.958792352367,0.0,0.0,0.0,0.0,0.0,0.0,nan,0,0.026265976797932744,0.0005940094359374593,-0.012780546018797967
6.819493893000001,4.279322139900667,0.7616055535374466,1.4968267190145732,1.1906435232606867,0.24549151767630775,-0.3867477857785132,0.05943831855727368,-0.2921961416718389,-0.01552799646593982,0.0,0.0,1.5,4.346567733963813,11109.16935417504,11122.798892609817,11122.376734278094,11107.980529903885,0.0,0.0,0.0,0.0,0.0,0.0,nan,0,0.006995132557404915,-0.008726347946387492,-0.004834099638831635
6.834721036,4.2887941063689405,0.7719527658894643,1.5060260182957503,1.173465363092305,0.27979498250787815,-0.3457590372406924,0.05781715699052143,-0.29327500860709704,-0.019612870562287138,0.0,0.0,1.5,4.357717553087379,11101.586679809769,11116.05346362722,11118.916787383989,11107.983037898144,0.0,0.0,0.0,0.0,0.0,0.0,nan,0,-0.0019092632011252775,-0.0017432708736526692,0.004579403827178696
6.849269474000001,4.310486482034507,0.7890262418155201,1.487824005956753,1.1011106168216063,0.22672403042200664,-0.2891905891967492,0.059659554008231835,-0.2887513436280622,-0.014348442848348762,0.0,0.0,1.5,4.382123272673497,11062.06122727931,11069.892329243592,11067.019750761046,11061.024610890869,0.0,0.0,0.0,0.0,0.0,0.0,nan,0,0.0020876413014425665,0.012088828225750303,-0.013419618217859641
6.86400095,4.322802285392001,0.7691839031266219,1.5098342898699837,1.0860302591923932,0.21149733538298057,-0.3594592122449134,0.053765428965137065,-0.2937656720699636,-0.00396771494816474,0.0,0.0,1.5,4.390712947651743,11034.436174620561,11033.15305771255,11029.255791566713,11034.98012296354,0.0,0.0,0.0,0.0,0.0,0.0,nan,0,-0.002616268992715831,-0.010873041870852918,0.008797832449814358
6.878668007000001,4.333433503566213,0.7752733556724302,1.5239393920589939,0.9945329039875517,0.19404304273292794,-0.3704544547478516,0.05869938948751525,-0.2925884464457716,-0.025979740404765455,0.0,0.0,1.5,4.402302556655766,11044.513376071298,11061.516285766065,11047.508461743806,11057.444530836496,0.0,0.0,0.0,0.0,0.0,0.0,nan,0,-0.00833099426079098,-0.0077816138488430164,0.02311916948252013
6.893300018000001,4.3545340938624015,0.7875035905277024,1.5025108431406062,0.9897666609173953,0.17554607666957553,-0.37845500001264865,0.06127599979341285,-0.29173409859333327,-0.02462815784664657,0.0,0.0,1.5,4.425170661571975,11071.514860052148,11085.375257683676,11082.297777782536,11080.29437715992,0.0,0.0,0.0,0.0,0.0,0.0,nan,0,-0.002900877750739994,0.001572433723555533,0.001908553743050767
6.908264702,4.355538216932727,0.8016597092344472,1.4729465061575913,0.9237014600137401,0.13488060066337784,-0.2714881869234261,0.056749048133255764,-0.2890230913906519,-0.022423658178556714,0.0,0.0,1.5,4.428781247713694,11121.489087017826,11133.286199871263,11146.866890994186,11127.589092751608,0.0,0.0,0.0,0.0,0.0,0.0,nan,0,-0.016887563392742777,0.012974983891027692,-0.0274518693699084
6.92292088,4.364556904384801,0.8029854101463532,1.4934670079337324,0.8852483214763669,0.18905375969751875,-0.3222770422909773,0.057166792704212495,-0.2926728499736837,-0.01702851999580235,0.0,0.0,1.5,4.437813112390638,11127.663862653017,11130.387985004925,11148.519715756362,11129.778916046507,0.0,0.0,0.0,0.0,0.0,0.0,nan,0,-0.022176158441991944,0.011670446321277672,-0.006756190351544067
6.937597505,4.406576432726861,0.7889847214025564,1.4959075038907217,0.8706918506350199,0.1833520625329457,-0.2737588753027141,0.057388236941855825,-0.2884479871086606,-0.016365370835644454,0.0,0.0,1.5,4.476653828094692,11144.643115939945,11155.443076177418,11163.809215548561,11143.314643786056,0.0,0.0,0.0,0.0,0.0,0.0,nan,0,0.0062196395799922755,-0.004837151966134656,-0.004171367286741168
6.952808884,4.405982267600927,0.7868955812348073,1.4948715173662344,0.8187362300734675,0.13545660200555934,-0.25811516759619335,0.05710159430689726,-0.29023329885665944,-0.020167311917484925,0.0,0.0,1.5,4.4757022576926175,11133.413292261257,11138.37946329146,11141.87793374474,11130.202874687315,0.0,0.0,0.0,0.0,0.0,0.0,nan,0,-0.007314422207504556,-0.009309842006390512,-0.00509697889216798
6.96721724,4.423976462746446,0.8062400182585843,1.4914223527550672,0.7644063567382782,0.09634523181229478,-0.232813994675712,0.05549171416502524,-0.29282732150677643,-0.011238048251114486,0.0,0.0,1.5,4.496850485173864,11117.495736774128,11116.759660064656,11122.495184429521,11114.962924300913,0.0,0.0,0.0,0.0,0.0,0.0,nan,0,-0.0015793468967961743,0.0077738334448753665,-0.008461853099088312
6.981988506,4.455109314747289,0.7931908374450354,1.5049160441099843,0.7227207448409204,0.14830742289659765,-0.2560171722023436,0.0558333240811046,-0.2913753659491054,-0.01716851490771297,0.0,0.0,1.5,4.525171254046028,11102.20662402683,11102.328353994335,11106.402425374077,11104.527830654373,0.0,0.0,0.0,0.0,0.0,0.0,nan,0,0.01797248878883284,-0.007413821719191249,0.005096568945632818
6.996885238000001,4.4540427799105515,0.8211649159935476,1.5042686413851012,0.6777897317866771,0.1421118754751761,-0.22691612754704407,0.05555421208798574,-0.2928062765228811,-0.013097051425973737,0.0,0.0,1.5,4.529108866634945,11110.938561077961,11108.227021461431,11111.865164935523,11111.49617800248,0.0,0.0,0.0,0.0,0.0,0.0,nan,0,0.0060015783827909175,0.018543782463955494,0.004496811486997654
7.011469224000001,4.466339732464778,0.812858840979661,1.4972035876963024,0.6377345295383853,0.13682193613560054,-0.21485526204802,0.05716747411645244,-0.28777183238418297,-0.018702882249260384,0.0,0.0,1.5,4.539706810034555,11108.643290829861,11107.551660675437,11107.776933576188,11109.229730653367,0.0,0.0,0.0,0.0,0.0,0.0,nan,0,0.008070420050533045,0.008343134451889944,-0.0025388247666799924
7.026478647,4.457412544214794,0.8193240482916496,1.500866761777914,0.5798950320298986,0.12565538257016573,-0.18729740269685544,0.05490855268010989,-0.2919774572505762,-0.014589864119795105,0.0,0.0,1.5,4.532087734886473,11111.109357298472,11106.61986568244,11104.709190313237,11108.661206269635,0.0,0.0,0.0,0.0,0.0,0.0,nan,0,-0.010409716514169887,0.013035436541676604,0.001136829109541937
7.041214405000001,4.482671552091612,0.7953156421714724,1.4961560156709688,0.5400747998898712,0.11845638793092232,-0.14822223897007764,0.054833187511783045,-0.2877191268522998,-0.01781360985934536,0.0,0.0,1.5,4.552678990531791,11104.195078213563,11100.61562911816,11093.955216802791,11098.343413829936,0.0,0.0,0.0,0.0,0.0,0.0,nan,0,0.005970758493668349,-0.012624374660388349,-0.0035782387936282856
7.055860522000001,4.489201929683226,0.8283457242220885,1.5046629704164833,0.5313279935323806,0.1039647677729006,-0.14698863971233223,0.056994435225772924,-0.2931033687599594,-0.008490034768222672,0.0,0.0,1.5,4.564987661275956,11084.611967347739,11071.932005953331,11061.99044897311,11075.79060212809,0.0,0.0,0.0,0.0,0.0,0.0,nan,0,0.004294350222287413,0.01887529659886733,0.0049141813446218485
7.070745555,4.500062916879689,0.8116503549452105,1.4760617539227103,0.4867306286300847,0.059243573117026965,-0.09481349893183985,0.057652566167898274,-0.28503210204779555,-0.012946617051623253,0.0,0.0,1.5,4.572736116832424,11059.955549774484,11050.353377626483,11037.83917164091,11057.018833765673,0.0,0.0,0.0,0.0,0.0,0.0,nan,0,0.00761690643221602,0.0007698911366929018,-0.023702691961731803
7.085508278000001,4.499288315595742,0.808717561287554,1.5380919617353688,0.40060790083155823,0.07285047614177433,-0.14727730770539466,0.05277032093753244,-0.29239191628872485,-0.016324830931461358,0.0,0.0,1.5,4.571550113292002,11043.86868912469,11025.111583926755,11021.356084742889,11049.456339764107,0.0,0.0,0.0,0.0,0.0,0.0,nan,0,-3.089514743859212e-05,-0.003453118048914683,0.03831908091211611
7.100131276000001,4.510507883779652,0.8277453395285392,1.4782001362168065,0.425663717746169,0.0768438805718322,-0.09026877709066077,0.05202225994871088,-0.28747479093441075,-0.01231135603167412,0.0,0.0,1.5,4.585882570543054,11037.185814675455,11021.96426652629,11015.34201033574,11038.691257920716,0.0,0.0,0.0,0.0,0.0,0.0,nan,0,0.0049785545420508726,0.01440388929574865,-0.0215686771766046
7.114921718000001,4.5051893464255865,0.8142175810069147,1.5089115982149421,0.34377800710834705,0.07729904711831713,-0.12910112264502666,0.05506263532293154,-0.28995355359535,-0.016231745319445854,0.0,0.0,1.5,4.578183125755249,11039.124806679069,11026.974724947093,11013.761311687877,11037.216888754645,0.0,0.0,0.0,0.0,0.0,0.0,nan,0,-0.005887921518684003,-0.00017535831662507384,0.009160700409803768
7.129669578000001,4.519149565583363,0.8019014138935515,1.5173876778114297,0.31557069891582673,0.07692209910944109,-0.02795752349065953,0.058605018951437535,-0.29095146111350373,-0.019190145219210537,0.0,0.0,1.5,4.589777881886709,11054.515829975871,11046.789633525621,11036.348553005462,11051.635502296711,0.0,0.0,0.0,0.0,0.0,0.0,nan,0,0.003186656211482841,-0.01342371067860737,0.017666684216302242
7.144445617000001,4.5073010583856865,0.8007443140259763,1.5063301196563053,0.23300374416995157,0.04515241298647851,-0.0912963937485607,0.05651978083959701,-0.2915133415723738,-0.012972356453894636,0.0,0.0,1.5,4.577880989910564,10987.605392516301,10966.221396322333,10960.729926295424,10983.640630625036,0.0,0.0,0.0,0.0,0.0,0.0,nan,0,-0.012887534584715254,-0.015394100470101035,0.006657514882130178
7.159207248,4.526418368806427,0.8174993576225762,1.508157394793454,0.1887859642978578,0.053321133867515684,-0.08331870697658797,0.056655562368108654,-0.29317870118298167,-0.018711032554714215,0.0,0.0,1.5,4.5996559645555415,11000.373282200722,10990.300514570663,10987.537335247986,11002.884584961983,0.0,0.0,0.0,0.0,0.0,0.0,nan,0,0.002658572140080473,0.000665582807640841,0.008568787608015604
7.17400704,4.518806391369081,0.7997428139538248,1.4992072966459984,0.16583164889552252,0.05044575263884837,-0.05471483710393575,0.05619319117678558,-0.2911151019589586,-0.007240501382028221,0.0,0.0,1.5,4.58903044220971,11036.333941404317,11035.350859261454,11035.646311359344,11033.199978985896,0.0,0.0,0.0,0.0,0.0,0.0,nan,0,-0.00786623612098758,-0.017667669868792868,-0.0002756288332990131
7.188857077000001,4.53739777713229,0.8031594018187412,1.5058933502123448,0.12156929477106887,0.007520006295493449,-0.028918812284404523,0.05703506840815191,-0.29341985988713704,-0.020652107131490398,0.0,0.0,1.5,4.6079364518438855,11047.2049371317,11055.50763367737,11054.209868474929,11052.45018139061,0.0,0.0,0.0,0.0,0.0,0.0,nan,0,0.008474310308334232,-0.014708468373442751,0.006524869564642266
7.203481652000001,4.5254401222663265,0.820376503752485,1.4913535788467618,0.05956500283546137,0.012582901022546712,-0.0741739904810303,0.05392391505203004,-0.2947248442129135,-0.014564729484107818,0.0,0.0,1.5,4.599206525991823,11039.288326841226,11045.659891746789,11052.018112863047,11040.889314940985,0.0,0.0,0.0,0.0,0.0,0.0,nan,0,-0.005071663021672279,0.0021706868015318737,-0.00789434028578273
7.218273740000001,4.534059621523289,0.812249334477025,1.509192542902855,0.07495039390915323,-0.004925388021493003,0.04257140873435407,0.05403642124270878,-0.2905648112655414,-0.011739578495987227,0.0,0.0,1.5,4.6062490310155075,11079.547586624212,11096.955197831294,11102.22102540434,11079.764285042495,0.0,0.0,0.0,0.0,0.0,0.0,nan,0,0.0026224046291467573,-0.0061749054178291685,0.010069136167349502
7.233103025,4.513932512281752,0.8083657058899449,1.4827228728719701,-0.02924325067932183,-0.02548831081013221,0.01723131780659447,0.05793271031327508,-0.29284737044023035,-0.01633007494097253,0.0,0.0,1.5,4.58577587099664,11012.270944711505,11012.713772700738,11013.93136828147,11017.161846540526,0.0,0.0,0.0,0.0,0.0,0.0,nan,0,-0.017767278163542954,-0.010157424397216563,-0.016273038605591372
7.247809505,4.530330476806903,0.8352816677128618,1.5062247080785272,-0.058310353548679604,0.00924683917125508,0.032892714969059746,0.05880367780993906,-0.29227759732574393,-0.018256425992532507,0.0,0.0,1.5,4.606693873103931,11018.918074113519,11020.571282105124,11025.676197851648,11028.845599779466,0.0,0.0,0.0,0.0,0.0,0.0,nan,0,-0.0009749041103273015,0.016778130592627893,0.007377664462467015
7.262686521000001,4.527247787070179,0.8167436125477586,1.4762115528238033,-0.12201358514135026,0.03079254659339029,-0.006665073182885946,0.058263102280078305,-0.29139389323400017,-0.01675434404170058,0.0,0.0,1.5,4.600392216364649,11017.48536399665,11020.231398575543,11021.126754036533,11021.248362655642,0.0,0.0,0.0,0.0,0.0,0.0,nan,0,-0.0030053699233700826,-0.001621700512815849,-0.022469166429276433
7.277256954,4.5402461257863,0.8175650479911243,1.5084632123705155,-0.15712812630039466,0.001768684361714371,0.00421323382890161,0.05428822805915355,-0.2912901172851385,-0.017862558056702248,0.0,0.0,1.5,4.613276397136624,11044.865107157335,11053.270966281005,11052.379261476164,11046.728264203923,0.0,0.0,0.0,0.0,0.0,0.0,nan,0,0.011704058957766605,-0.0005432368168788448,0.009961630069478478
7.292224922000001,4.512052790143479,0.8062487519188148,1.4917572479560623,-0.15312372051958123,-0.028481877547034077,0.06326465824621147,0.05147272871483416,-0.29583560497248473,-0.014278869541833375,0.0,0.0,1.5,4.583527612437113,11094.808460786237,11111.513664630756,11104.714708677635,11089.600705773488,0.0,0.0,0.0,0.0,0.0,0.0,nan,0,-0.01411373054147802,-0.011482711103257381,-0.006572159451732507
7.307022051000001,4.504502705636017,0.8092238132535141,1.508749506342432,-0.20643622045287524,-0.011844856893399563,0.03584754174773886,0.056477989102443844,-0.2939375187081069,-0.014840884965062152,0.0,0.0,1.5,4.576621500504492,11086.496021100023,11104.000414704327,11093.772006101037,11079.277731542505,0.0,0.0,0.0,0.0,0.0,0.0,nan,0,-0.018622089827961652,-0.008010728224375985,0.010578275597541875
7.321785732,4.519104601992084,0.8107592144729858,1.4938043069420972,-0.2569480758128695,-0.026312954100392767,0.05592944925022238,0.05586328607796135,-0.29205350084117965,-0.017126089139182094,0.0,0.0,1.5,4.591260752147645,11090.581679602985,11110.678181279583,11099.135317307962,11084.363432656695,0.0,0.0,0.0,0.0,0.0,0.0,nan,0,-0.0003134660136652201,-0.005858493557165834,-0.004220299993673349
7.336677601000001,4.527338268668816,0.8052168840244396,1.4854048325294043,-0.31271306474065524,-0.05556723034527532,0.1372635336213794,0.059713322188583086,-0.29354049513212244,-0.012607280802743846,0.0,0.0,1.5,4.598410491483408,11101.263805885443,11120.135651638235,11111.412932429814,11095.379255704911,0.0,0.0,0.0,0.0,0.0,0.0,nan,0,0.012292071908714064,-0.010663994646020858,-0.01248680774491362
7.351173435000001,4.485715480406463,0.8128353361509834,1.5133443240849338,-0.3543832877476438,-0.05240132644781059,0.06600131449013005,0.05728773765356871,-0.2890493590954723,-0.018369485109486234,0.0,0.0,1.5,4.558785224798285,11064.497817087973,11074.85586726234,11074.364204042633,11068.516434478886,0.0,0.0,0.0,0.0,0.0,0.0,nan,0,-0.024295106817797674,-0.002188879334604099,0.015574860539718127
7.366103181000001,4.490950831757017,0.8212027689867807,1.5178269830043298,-0.3721963737123535,-0.08527863322189108,0.12397913119694166,0.05728529834763704,-0.2892565619892186,-0.0181274677108003,0.0,0.0,1.5,4.565449721809849,11075.161018246545,11080.513868942056,11084.041229750312,11081.44422562899,0.0,0.0,0.0,0.0,0.0,0.0,nan,0,-0.01336359862141201,0.007154583320113095,0.020177576419615484
7.380659004000001,4.508519743152937,0.8081075006811834,1.4887628020843615,-0.4691444560115149,-0.09973902560852045,0.08724469066536453,0.05814025870137164,-0.2918213836303284,-0.01244282282661179,0.0,0.0,1.5,4.580383639137011,11051.904722185225,11042.265953014134,11048.611045033755,11056.604785742245,0.0,0.0,0.0,0.0,0.0,0.0,nan,0,0.01056105635878346,-0.0048453579058064244,-0.008767475239663591
7.39554255,4.482454106740679,0.8172989795121354,1.5081727673897232,-0.4442828796848659,-0.07716513525578385,0.12847669932031464,0.05988335502439765,-0.29226529125352174,-0.027555154562685747,0.0,0.0,1.5,4.55636250040257,11089.696262916845,11088.977646960131,11097.97177228039,11100.111689779213,0.0,0.0,0.0,0.0,0.0,0.0,nan,0,-0.008490944366017494,0.00556052761924275,0.010764338551779495
7.410400872,4.468530785521079,0.8155663860865856,1.4861018739598122,-0.5196039326829658,-0.05943310417594001,0.13959575764868917,0.05624593769188426,-0.29154543835170094,-0.01540696527476609,0.0,0.0,1.5,4.542368222543323,11086.508871599961,11077.445943266393,11089.263742496556,11081.442425307372,0.0,0.0,0.0,0.0,0.0,0.0,nan,0,-0.014739779597618963,0.005162022031383606,-0.011193747624571815
7.425158556,4.475261439656988,0.8103953834950852,1.5128033986695497,-0.5441911276869009,-0.06429210148674887,0.18236920901268566,0.055273679977428006,-0.29121890654531757,-0.018819115848806203,0.0,0.0,1.5,4.548062176123846,11100.848077300052,11099.699461264674,11102.58065657321,11092.410754985556,0.0,0.0,0.0,0.0,0.0,0.0,nan,0,0.00032553446889327375,0.0014447122469264384,0.015611893855058012
7.4397562090000005,4.470139359474432,0.8165254272209697,1.5052126240764316,-0.5698560193002673,-0.09095511674515189,0.20218852374288296,0.05939362190533523,-0.2890116678309074,-0.02183102806330533,0.0,0.0,1.5,4.544104624441501,11066.073773109643,11063.120434340575,11055.242406591611,11053.962652226399,0.0,0.0,0.0,0.0,0.0,0.0,nan,0,0.004197214353169443,0.009147901807872505,0.008118213268041963
7.454727919000001,4.464116604512992,0.8110080978405794,1.5192867115472104,-0.6509316511519152,-0.10832837292870637,0.22297737806743567,0.05758589612583348,-0.29242134579689283,-0.021481387072832422,0.0,0.0,1.5,4.537228578184474,11045.401060551636,11032.735597210478,11025.75682138827,11031.327251980889,0.0,0.0,0.0,0.0,0.0,0.0,nan,0,0.007822981238514437,0.005322443777321273,0.02229488937451385
7.469386829,4.437606750961334,0.7904255340684593,1.521127275041293,-0.6485039077089907,-0.14078699157330382,0.17624904053051216,0.058158454856366996,-0.2900023867377186,-0.01809554567074434,0.0,0.0,1.5,4.507501809521066,11023.409793490475,11006.009790714696,11001.901949806801,11006.410387653965,0.0,0.0,0.0,0.0,0.0,0.0,nan,0,-0.008387248904959677,-0.01345010119870127,0.024253836212412505
7.484322884000001,4.427526123629906,0.8016181839538186,1.5013594882854582,-0.7208211102410945,-0.12621154427402703,0.2222763818155211,0.060048857777606664,-0.29184665409253663,-0.015795616136539906,0.0,0.0,1.5,4.499508988376296,11030.755861596928,11015.65514939379,11019.415390276085,11024.377931577192,0.0,0.0,0.0,0.0,0.0,0.0,nan,0,-0.007519370949593984,-0.00032957725886606504,0.00462582860162275
7.498845343,4.441987158629904,0.8056486892100859,1.4868938117019646,-0.7023182717914089,-0.08923654445965745,0.25980852892694944,0.05529721013085797,-0.29071835581356564,-0.016306667447499746,0.0,0.0,1.5,4.5144757724491775,11041.089949360718,11034.47400026681,11040.820010676554,11043.760093153547,0.0,0.0,0.0,0.0,0.0,0.0,nan,0,0.018540686114436156,0.005747080991552411,-0.009685792727444964
7.513695596000001,4.431911876171096,0.8082221035723359,1.5054951389310676,-0.8174727797005461,-0.15150409254409034,0.26709052944819267,0.05764513323831054,-0.29029771493897377,-0.017310652901420143,0.0,0.0,1.5,4.505007884943285,11034.66121056323,11029.561721032342,11027.956733625879,11033.118702796564,0.0,0.0,0.0,0.0,0.0,0.0,nan,0,0.020715737695210734,0.010485194091231609,0.009079620752513895
7.528463885000001,4.4002014663831694,0.7944268673041244,1.4816388106263076,-0.8322304393119466,-0.15538968233394104,0.22889141522508274,0.05721158518815308,-0.2905103228915406,-0.022924524089400978,0.0,0.0,1.5,4.471378325028028,11031.117165680764,11024.742096079672,11024.298232969079,11029.166460681317,0.0,0.0,0.0,0.0,0.0,0.0,nan,0,0.0019054429071712065,-0.001026964791317142,-0.014599044175839238
7.543167408,4.388275536369827,0.7929937219975913,1.5010121512717152,-0.8857698271988069,-0.17949098135542355,0.23179778626371686,0.06025752116232549,-0.29199640954137984,-0.01871048998221258,0.0,0.0,1.5,4.4593499807348245,11069.888147595346,11067.630072579355,11071.02996834557,11065.697585257913,0.0,0.0,0.0,0.0,0.0,0.0,nan,0,0.00352970062215352,-5.849064206575605e-05,0.00496306924912604
7.558077357,4.375275254420483,0.7894617302948984,1.4889156633423548,-0.9015470695316695,-0.17121632728292888,0.27814746189639994,0.056796604221013194,-0.291086736552823,-0.016951304625603934,0.0,0.0,1.5,4.445942671477398,11096.95740038801,11103.87516856691,11118.904055207124,11104.497655204936,0.0,0.0,0.0,0.0,0.0,0.0,nan,0,0.0047346124643832255,-0.0010693106367226646,-0.006951415138801487
7.5726836550000005,4.3480117901944,0.7837622337254626,1.496908130876165,-0.9642595985199488,-0.1857544369002129,0.27058819386850586,0.05930051245662322,-0.2940037069921127,-0.020552577621434063,0.0,0.0,1.5,4.4180877454322385,11100.09647235814,11107.093861948633,11122.901032527592,11109.848363925124,0.0,0.0,0.0,0.0,0.0,0.0,nan,0,-0.0076657220507163615,-0.0041274482918590705,0.0012050297925068065
7.587574665000001,4.328838254253975,0.7885734384715863,1.5216813912136058,-0.9852118499083252,-0.19315699716279827,0.33672253214521836,0.057583286032271946,-0.2877567347365009,-0.012570188208654383,0.0,0.0,1.5,4.400131677811524,11112.080911004572,11124.278435030457,11139.911700128843,11119.720577445913,0.0,0.0,0.0,0.0,0.0,0.0,nan,0,-0.011317937875318762,0.003445421245177105,0.026121777799541723
7.602360116000001,4.315031986933042,0.7821196615662922,1.4937278897485617,-1.0675786085131853,-0.17274187078125658,0.3388242497727957,0.055431605723367874,-0.2902328555667603,-0.005493715848356004,0.0,0.0,1.5,4.3853450893437,11067.972958619901,11068.259513320569,11078.797589776139,11077.60036223598,0.0,0.0,0.0,0.0,0.0,0.0,nan,0,-0.008945536642504415,-0.00012649586477275765,-0.0017076728135261288
7.617036779,4.306720727409972,0.7876874436782209,1.490259819232605,-1.0762508975391787,-0.21005177545771747,0.30044507862969516,0.05567439915116318,-0.29241034837420965,-0.010641237868376298,0.0,0.0,1.5,4.378171970577719,11063.402420076764,11069.683515699799,11063.639699972258,11073.462219520094,0.0,0.0,0.0,0.0,0.0,0.0,nan,0,-0.00042609585502439984,0.008442386611670516,-0.0050553039113105935
7.631780921000001,4.2836690997117834,0.7719590262227884,1.4841038858340805,-1.1287240431456824,-0.20796958859247283,0.3350638985991517,0.0549462805167659,-0.2922465251745926,-0.013682304840282475,0.0,0.0,1.5,4.35269966577502,11087.91268471227,11100.56135913735,11092.505048449104,11099.659468557886,0.0,0.0,0.0,0.0,0.0,0.0,nan,0,-0.005995566503591121,-0.004165796431082391,-0.011094377943071887
7.646487127,4.262403449014239,0.7861369828922673,1.4894047280568008,-1.221181455772732,-0.24977267283502713,0.30120553164536723,0.05677603362602405,-0.2888481609476244,-0.013292564914147834,0.0,0.0,1.5,4.334305801143591,11100.931831532762,11114.688943001944,11107.831151896788,11109.174117187038,0.0,0.0,0.0,0.0,0.0,0.0,nan,0,-0.009124872952373408,0.013252020619907268,-0.005691222710449972
7.661460174,4.2553859103791485,0.7597858883711901,1.5439683354018823,-1.178274979384172,-0.2300652476587394,0.39821431767310833,0.05761909151931092,-0.290492232130954,-0.013912999092251669,0.0,0.0,1.5,4.322906089303744,11147.018841590603,11163.210524449207,11163.863999654672,11157.185991672883,0.0,0.0,0.0,0.0,0.0,0.0,nan,0,0.0026504245762781764,-0.009739174065633072,0.04895055787595237
7.675997101,4.2302412011578046,0.774158825774841,1.4978768020172908,-1.2720167501483195,-0.22873078762126633,0.39122042695452,0.058125762924251784,-0.2895046734898495,-0.016734156146210957,0.0,0.0,1.5,4.300496135967079,11048.69654654128,11044.413072720885,11046.46177240232,11060.137895587644,0.0,0.0,0.0,0.0,0.0,0.0,nan,0,-0.003047036281936144,0.008113314105630431,0.0029179803267211923
7.690916302000001,4.197602887018849,0.7681112298510463,1.4994084065285591,-1.2588586699394289,-0.23309328962066386,0.4452155784533684,0.059348479467828855,-0.2905476887238442,-0.020966514552125705,0.0,0.0,1.5,4.267301865173718,11041.110585778535,11032.887377515495,11032.744597018427,11047.34437551685,0.0,0.0,0.0,0.0,0.0,0.0,nan,0,-0.015593042227052045,0.005663188312142298,0.004518443002293759
7.705691001000001,4.197591737033892,0.76550630519965,1.499625258510307,-1.3668068819719124,-0.2581494239532159,0.37391002473004814,0.059724800935376604,-0.2942113106449639,-0.021178972094418637,0.0,0.0,1.5,4.266822756401631,11011.275934209549,10995.106442519715,10991.771296710649,11009.75596203069,0.0,0.0,0.0,0.0,0.0,0.0,nan,0,0.005130652142373293,0.0067731486215782954,0.004820540408757346
7.7205346950000004,4.162866423776241,0.7570058709556402,1.5063872026670433,-1.4107725571070282,-0.2739671506645688,0.4111707734517432,0.05785104863044875,-0.29260531018638886,-0.01502622086272992,0.0,0.0,1.5,4.231141163707825,11053.141678635448,11047.867145517306,11047.235614847064,11048.638245618593,0.0,0.0,0.0,0.0,0.0,0.0,nan,0,-0.008219337378595704,0.0021045842741759246,0.011689189082065843
7.735101834000001,4.1514184674798225,0.7518412461853984,1.4533054746061658,-1.3896295962535308,-0.26967915115158486,0.45983805466735117,0.05504943710592444,-0.2900029442636119,-0.01232843895373989,0.0,0.0,1.5,4.219208566816754,11071.673696022383,11077.696803153029,11079.527909817149,11074.416036992998,0.0,0.0,0.0,0.0,0.0,0.0,nan,0,0.0023536045883290058,0.0008896897304760953,-0.041282996939950856
7.749943831,4.134469773711632,0.7456562134043666,1.4970759408277603,-1.4678531570828228,-0.25569497946565944,0.456938946597828,0.05656663609499386,-0.29138812789112073,-0.011108424987454046,0.0,0.0,1.5,4.20117269919313,11084.540503141077,11093.606869420584,11095.894749844476,11091.729597750547,0.0,0.0,0.0,0.0,0.0,0.0,nan,0,0.008073805293959957,-0.001227364548207932,0.0025901458608967864
7.764811872,4.110991024479376,0.7312532612334285,1.4938625857430416,-1.5021849943031333,-0.292612110896386,0.4640150498553351,0.05603191860758896,-0.2926241075011915,-0.013231792389549274,0.0,0.0,1.5,4.175525859489829,11076.942495898667,11087.24600398298,11082.583312353601,11084.07521081101,0.0,0.0,0.0,0.0,0.0,0.0,nan,0,0.007912171942810353,-0.011444108041280598,-0.0005298425785738026
7.7793954890000006,4.094629273493746,0.7324863046968666,1.482273360935731,-1.481022053832132,-0.3281216809756264,0.5372176609744537,0.058638734292618185,-0.29163248019029,-0.019593615111250143,0.0,0.0,1.5,4.159668172781683,11076.164099082882,11087.53483543044,11085.677620849607,11087.261130786028,0.0,0.0,0.0,0.0,0.0,0.0,nan,0,0.015514629487187293,-0.005906896352417368,-0.012033002330227527
7.794380227,4.043412550345732,0.7537796310260318,1.4806209317781776,-1.5775503130617625,-0.3264686937145513,0.5321034466056973,0.05689249406080297,-0.2880433624218804,-0.014572076894118132,0.0,0.0,1.5,4.113118565362329,11026.486652445712,11015.212236231082,11034.609108045048,11044.600201889562,0.0,0.0,0.0,0.0,0.0,0.0,nan,0,-0.01109373056519214,0.019807952650802374,-0.013598671571549037
7.809058919000001,4.031466658330981,0.7191812651599043,1.4721993250973597,-1.652573212089415,-0.30878354312019,0.45452634997135444,0.05719146237126077,-0.2905254537857254,-0.019705767789748804,0.0,0.0,1.5,4.095206708692054,11016.127438438398,10996.769767158778,11017.862924027975,11033.232334626482,0.0,0.0,0.0,0.0,0.0,0.0,nan,0,0.002207674384818503,-0.010252586471937053,-0.021917201035042133
7.823714114,4.003603709073682,0.7120892610384422,1.4933380975542394,-1.6600806741153094,-0.3304808902007843,0.5284137753485093,0.05429555965135138,-0.29050054591075464,-0.010637439032619883,0.0,0.0,1.5,4.066442936515772,11107.57910765344,11107.605860490605,11120.523804853789,11114.47237906815,0.0,0.0,0.0,0.0,0.0,0.0,nan,0,0.00023426637582257825,-0.012690017874541715,-0.000671716699401248
7.838712156000001,3.9806604003127806,0.7132756262793768,1.5086722437339721,-1.693193739118539,-0.36640731524875914,0.46113613299899625,0.05772448832961179,-0.28850717524764946,-0.02043157663440497,0.0,0.0,1.5,4.04406905844521,11104.985486192914,11105.780220191222,11119.651481545894,11116.37370963962,0.0,0.0,0.0,0.0,0.0,0.0,nan,0,0.003830004416282229,-0.006731225173685962,0.014747009976314729
7.853182049000001,3.9604028301687726,0.7155008620606029,1.4961771118660654,-1.7867471544254576,-0.3241434733549776,0.5674741909926311,0.058840606438961336,-0.2922725613055915,-0.016763521342528617,0.0,0.0,1.5,4.024518191695992,11130.413435047778,11127.24242343606,11157.17222896399,11145.245273087878,0.0,0.0,0.0,0.0,0.0,0.0,nan,0,0.010761102648517706,0.0003840722893382331,0.0023123392981914126
7.868152215,3.935840785791119,0.712054981625609,1.4691224216097662,-1.806402431739318,-0.31456440173018096,0.5335278444045258,0.059591919843745254,-0.28663156088168096,-0.016384832129969423,0.0,0.0,1.5,3.9998522988732903,11114.713492778692,11113.017530557485,11131.285345792308,11121.58212668631,0.0,0.0,0.0,0.0,0.0,0.0,nan,0,0.014038444133024797,0.001945798951176192,-0.024711300777258582
7.882805996,3.8981572391362276,0.719074530118692,1.5093421645800216,-1.8371605728111375,-0.3624144488391448,0.5919397255974354,0.056935774838370916,-0.29140912068176417,-0.019858272261416704,0.0,0.0,1.5,3.9639355843573734,11133.339585636315,11148.21386806317,11148.19643726641,11129.190971657747,0.0,0.0,0.0,0.0,0.0,0.0,nan,0,0.0048435187891815445,0.014089891904856988,0.015513329919867536
7.89772719,3.8583106712792468,0.6974257210559244,1.5078395451456046,-1.8689416064701474,-0.34300915259801473,0.6252258027470307,0.055655479780540855,-0.29163514405755453,-0.017974228990013188,0.0,0.0,1.5,3.9208449766556415,11067.158400033493,11110.977125560406,11108.567401592492,11061.006203554203,0.0,0.0,0.0,0.0,0.0,0.0,nan,0,-0.005865776362722119,-0.0023178966844613624,0.01398959172687575
7.912465216,3.817094007926668,0.7010720506149147,1.5244505145551357,-1.9299524673785355,-0.32252312047359294,0.5886820197049637,0.058467257592638086,-0.29179225380782525,-0.0162917450466179,0.0,0.0,1.5,3.881018746819588,10951.771412457185,11042.420864673246,11042.759349250637,10941.711519701692,0.0,0.0,0.0,0.0,0.0,0.0,nan,0,-0.017306242186843068,0.00668385430736762,0.030583793857466235
7.927157021,3.7988631634188383,0.6736662361922862,1.4768037188521164,-1.9689031085930424,-0.38434226324972115,0.6488068111538907,0.05654469597133411,-0.28976366895876915,-0.012805330818951771,0.0,0.0,1.5,3.8582023792985716,10879.301600466457,11029.841456995815,11026.230033212667,10867.517062951589,0.0,0.0,0.0,0.0,0.0,0.0,nan,0,-0.005131663522461416,-0.015254151584127906,-0.017045775433823795
7.941890648,3.7844505983843066,0.6701281823977661,1.4907797438068262,-1.9792676344495803,-0.34381850553314514,0.616240979400655,0.05465580451907306,-0.29159334016114263,-0.01617869300867925,0.0,0.0,1.5,3.843334896360105,10786.939831143767,11008.76909132662,11045.246351843314,10814.73789720375,0.0,0.0,0.0,0.0,0.0,0.0,nan,0,0.011484544032847044,-0.013213261272597476,-0.0030027307723672347
7.956654132000001,3.75290361647626,0.6871920527487151,1.5242556548764525,-2.077399591791906,-0.4082374487008618,0.5963660623170967,0.05663518118262105,-0.28800356647523623,-0.014969162048484872,0.0,0.0,1.5,3.8153776757635764,10752.561831091854,11019.261425502636,11060.381812345404,10785.060537934229,0.0,0.0,0.0,0.0,0.0,0.0,nan,0,0.011584868168088125,0.009539694853780478,0.030600540659587505
7.971375889000001,3.7135907250881615,0.6841605559786126,1.502825263323195,-2.0628209109965674,-0.38466091541899544,0.6285750147053102,0.05328896013894898,-0.29247610493968634,-0.010467314975830207,0.0,0.0,1.5,3.776087885885421,10688.586404308027,11021.117958465726,11087.714035817904,10745.028300579479,0.0,0.0,0.0,0.0,0.0,0.0,nan,0,0.004534249040479388,0.012306684523053724,0.009361930400362484
7.986332497,3.669586024196664,0.652921015594132,1.4757259645381413,-2.1141870851297924,-0.44903740812028264,0.5941566170703684,0.052110322897329586,-0.2885986201272773,-0.017939722961241585,0.0,0.0,1.5,3.727298843718002,10645.010922584144,11019.848471479423,11091.981397627294,10711.366087342118,0.0,0.0,0.0,0.0,0.0,0.0,nan,0,-0.006598087529426699,-0.013025922474326546,-0.017475518468107243
8.001087498,3.659983824776269,0.6549582484697315,1.4764094609625211,-2.185148535398406,-0.42026231926389007,0.5699123004019805,0.053916440995068135,-0.28409753694829454,-0.01610007265030675,0.0,0.0,1.5,3.7181996205683396,10652.087616219062,11059.392103782666,11161.031981707401,10735.088836660287,0.0,0.0,0.0,0.0,0.0,0.0,nan,0,0.017278550025081607,-0.004974038431801997,-0.016462049941617263
8.015885452000001,3.623476117150993,0.670910312416805,1.4781285467911116,-2.238773384646384,-0.44494875314187515,0.607011305085549,0.05087214163403801,-0.281349519667074,-0.014338543359464159,0.0,0.0,1.5,3.6851293300692065,10670.10683109575,11105.029733404626,11213.099630333129,10755.233091119926,0.0,0.0,0.0,0.0,0.0,0.0,nan,0,0.014854814942677486,0.017100052277128075,-0.014358425886716875
8.030548005,3.5693503628159635,0.6346428632033597,1.4912502339399478,-2.2232079738118933,-0.40916248842295827,0.6648720607734633,0.0545509880216725,-0.2790565251290998,-0.011062423295036662,0.0,0.0,1.5,3.6253427610028153,10631.925246873152,11105.12042177728,11213.711549150636,10718.362065432415,0.0,0.0,0.0,0.0,0.0,0.0,nan,0,-0.00458613860560364,-0.012938906339624356,-0.0008053545579174148
8.045242482,3.5389218997868626,0.6384684381280348,1.4948386325336511,-2.2852230729298904,-0.4664970262662816,0.6154950967893751,0.05279931133249084,-0.27331719366157237,-0.016093813975562178,0.0,0.0,1.5,3.596058508838647,10551.460605959288,11045.71575973938,11151.759412668924,10640.2324682935,0.0,0.0,0.0,0.0,0.0,0.0,nan,0,0.0002606891759313612,-0.002780391796819548,0.0032698615955359944
8.0600778,3.507616766743687,0.6226465418784213,1.465780290444705,-2.3277278602883236,-0.4299975248138505,0.6154287491596905,0.049363187438932005,-0.26965130698720213,-0.012973013644601947,0.0,0.0,1.5,3.562616326097527,10506.468471010965,11013.535228065835,11134.071534988489,10609.225461577702,0.0,0.0,0.0,0.0,0.0,0.0,nan,0,0.004805936600992933,-0.012167829204195568,-0.02522442286332205
8.074813787,3.487564987452411,0.6327490900969848,1.4753890007981894,-2.367963621992077,-0.44000759358954766,0.6216434664763701,0.05000369870373813,-0.2642857807083663,-0.011620593887327222,0.0,0.0,1.5,3.544585540511642,10500.470165750763,11014.594113041856,11129.140546366538,10598.3688437141,0.0,0.0,0.0,0.0,0.0,0.0,nan,0,0.02116706388641587,0.004468242730269023,-0.01496716792722208
8.089560011,3.437594510519997,0.614017731650022,1.4697275548088395,-2.4228415553500513,-0.4545987063534906,0.5522253100087571,0.048599009233006925,-0.2551802560123051,-0.01560892605461427,0.0,0.0,1.5,3.4921326169657,10482.918460302344,10998.195583119234,11099.18855343989,10572.61419692929,0.0,0.0,0.0,0.0,0.0,0.0,nan,0,0.008159799510888188,-0.007632960280598122,-0.019894432076680957
8.104390311000001,3.3662426220525874,0.6145076125008376,1.485820813896638,-2.430334848164556,-0.4750036672236417,0.6351870260476028,0.04784283179448646,-0.2556298382885755,-0.01207296485478561,0.0,0.0,1.5,3.42190152483433,10513.643614818657,11023.603572734473,11117.802646399014,10595.053523095658,0.0,0.0,0.0,0.0,0.0,0.0,nan,0,-0.02569194958651666,-0.00041894926414454137,-0.0029810931359575132
8.119096153000001,3.350039095346239,0.6079193594470997,1.5221761009328743,-2.49288122441932,-0.4788339174000228,0.556852977903598,0.04331625901619781,-0.24536090828758503,-0.012347357929496252,0.0,0.0,1.5,3.4048230008902673,10450.831716604682,10972.687451660384,11069.603709586967,10538.671711895857,0.0,0.0,0.0,0.0,0.0,0.0,nan,0,-0.0038732766866069746,-0.00019201097867160843,0.03428104613296745
8.133822677000001,3.3271523851034663,0.5877155166240459,1.483704525957821,-2.4650798357715726,-0.46080327261221876,0.558465049529373,0.04512924981156062,-0.2349053013583302,-0.012363564408159179,0.0,0.0,1.5,3.3787006473871894,10398.186625738788,10923.397095841514,11017.689749351606,10486.023908913035,0.0,0.0,0.0,0.0,0.0,0.0,nan,0,0.011763664917898708,-0.013493506696093172,-0.003178759690440458
8.148682125,3.27411658634713,0.5876361897407137,1.503662816889713,-2.577945885344143,-0.48195386090589,0.5265066796421837,0.042681294088532926,-0.23703273593558932,-0.015129221128913658,0.0,0.0,1.5,3.3264348977116533,10430.778114708222,10905.04524070383,10993.02369917635,10510.202615624701,0.0,0.0,0.0,0.0,0.0,0.0,nan,0,-0.0022648185041540536,-0.006586737006729293,0.01789842972693334
8.163368643,3.2304040732082915,0.5869653212765621,1.4614788597098767,-2.6102953033825314,-0.47267508357737564,0.47648906629372423,0.04097296067196372,-0.22481550874303197,-0.012024373700996743,0.0,0.0,1.5,3.283522901219248,10446.175853503151,10918.641853722653,11000.68877079037,10517.682512679305,0.0,0.0,0.0,0.0,0.0,0.0,nan,0,-0.006503464769915368,-0.00019104211333087484,-0.02306531650489485
8.178119501000001,3.209896625426242,0.5596479485806908,1.4702222698257934,-2.6313903024494074,-0.4715680450175036,0.5035388326168384,0.03652578097200042,-0.21026538158648256,-0.008516184870605266,0.0,0.0,1.5,3.2584549844194073,10533.535844687209,10996.28329237961,11063.492443397814,10594.964334698398,0.0,0.0,0.0,0.0,0.0,0.0,nan,0,0.012914201972762385,-0.020364349351070343,-0.013019943016945312
8.192885096000001,3.160330333203027,0.5689654256165987,1.4647584210788929,-2.6523891721230575,-0.4900161709054187,0.438939682059819,0.039458496494774065,-0.19808535730297985,-0.015450347619804175,0.0,0.0,1.5,3.2113317236615537,10545.756209485358,10990.22328800732,11052.518551401336,10602.775432862865,0.0,0.0,0.0,0.0,0.0,0.0,nan,0,0.003708697596243482,-0.0038282916332623707,-0.01712513576933805
8.20763486,3.105273568614144,0.5707970878875617,1.4657710199107796,-2.7270416060666665,-0.49176200517004864,0.41194101989525334,0.03319697860875035,-0.19327513530112453,-0.009848820327286477,0.0,0.0,1.5,3.1574839468400295,10595.749688334461,10998.795682568967,11058.578339629841,10645.169571934583,0.0,0.0,0.0,0.0,0.0,0.0,nan,0,-0.010572523801862133,0.005292605726094024,-0.014704391767646152
8.2226178,3.0762140845010797,0.5625893875412685,1.4914025803533562,-2.7347658762185914,-0.48679102883792386,0.39712084524887586,0.033733129655683626,-0.18423854075977514,-0.005841938783021817,0.0,0.0,1.5,3.1272470046802274,10628.545368203866,11024.23269477133,11072.820823023178,10672.039843937466,0.0,0.0,0.0,0.0,0.0,0.0,nan,0,0.0015374417510023441,0.004440990785836707,0.012371136062324872
8.237310984,3.054303906212861,0.5471044038790791,1.4636056430702231,-2.7438722283540673,-0.5523142535113723,0.4239895000376096,0.033172940201455885,-0.1736887144161044,-0.012638287665982994,0.0,0.0,1.5,3.1031306980962556,10623.616444294841,11008.225861345367,11049.054121286663,10670.368000649387,0.0,0.0,0.0,0.0,0.0,0.0,nan,0,0.02116770894201947,-0.0036251664010139573,-0.013955228838376854
8.252004882000001,2.9865034994187556,0.5449735519323181,1.4670717295071125,-2.760047988817129,-0.5188145765332395,0.3761352596060448,0.02610005606845191,-0.16156520797668567,-0.007480835172576012,0.0,0.0,1.5,3.035997957071752,10606.233852306463,10968.713770612716,11027.1778204743,10669.467567916457,0.0,0.0,0.0,0.0,0.0,0.0,nan,0,-0.004746925009361469,0.0017210274846893858,-0.008991845227387607
8.266928028,2.963891535735508,0.5368855016166705,1.4911936823067542,-2.7824730328153646,-0.5491323289779424,0.3072207613224945,0.02926684527962624,-0.14523107237657995,-0.009728618480905988,0.0,0.0,1.5,3.012138215401492,10618.829796894883,10956.309404478812,11005.120175514305,10676.99075200325,0.0,0.0,0.0,0.0,0.0,0.0,nan,0,0.014845402937601726,0.001163568777228341,0.016655859845128962
8.281693791,2.9131489827481696,0.5250921126084235,1.460964096304105,-2.793277885183197,-0.4991895925778783,0.3106281782696903,0.021149997001838887,-0.13641196244063844,-0.00029574817395739496,0.0,0.0,1.5,2.9603517568335738,10639.988935937214,10942.06227411936,10998.601903400602,10705.405887932478,0.0,0.0,0.0,0.0,0.0,0.0,nan,0,0.006598872687332946,-0.0030503433252859757,-0.012023007119931872
8.296449621,2.8872902774464317,0.5124367041116773,1.4644947686390346,-2.8545825661236877,-0.4987994835063006,0.2878665179326497,0.019015839102551904,-0.12516076817947164,-0.00828684846209131,0.0,0.0,1.5,2.932626321816594,10674.995154560193,10948.096974583616,10983.043871313745,10733.600509857484,0.0,0.0,0.0,0.0,0.0,0.0,nan,0,0.02350097979292709,-0.008082080225236932,-0.0069248972952220544
8.311041252,2.822963804288288,0.5125089394060113,1.4521467611597518,-2.82920456618517,-0.5322875608806552,0.2120425851373969,0.02431369503048153,-0.11203357409094829,-0.006243939527416329,0.0,0.0,1.5,2.8695086662633345,10707.566026986999,10951.004106656015,10969.618859349022,10747.761980968386,0.0,0.0,0.0,0.0,0.0,0.0,nan,0,0.0021723558632391615,-0.0003468233859620362,-0.017697067135734157
8.325747655,2.771116741579669,0.5034651295324021,1.4600847348727752,-2.842862572358497,-0.5169317334338335,0.19755742577850233,0.012921278334096615,-0.09724618925176079,-0.003703365555481122,0.0,0.0,1.5,2.816763809854915,10803.383491061555,10983.780590703107,11007.369778476419,10846.41281359299,0.0,0.0,0.0,0.0,0.0,0.0,nan,0,-0.006467470958102517,-0.0016930923660760655,-0.008191344781847798
8.340779153,2.732693463355348,0.5139382352407824,1.4609998894105498,-2.8786482948220575,-0.5411458071140981,0.1024448596157622,0.014830233585956152,-0.07861448841702161,-0.006154141060234853,0.0,0.0,1.5,2.780875236851421,10856.936033521115,10987.807475240308,10998.224199310196,10887.793578807517,0.0,0.0,0.0,0.0,0.0,0.0,nan,0,-0.0015019128534987658,0.016507220437699754,-0.005739946412324448
8.355282711000001,2.6874041750242457,0.4953994689423459,1.4530494110305434,-2.8562392626992765,-0.5818696406920719,0.06706654622297886,0.010454890772902686,-0.07083426959915008,-0.007020115373863861,0.0,0.0,1.5,2.733087300393217,10964.49283563941,11022.232333447786,11021.337275303255,10981.397475482023,0.0,0.0,0.0,0.0,0.0,0.0,nan,0,-0.003249930019661118,0.005720228012130291,-0.012204020297543083
8.370333246000001,2.653074281892085,0.48127859195858563,1.4565765700213351,-2.8791568801370238,-0.5113905149230968,0.10083273471146531,0.008107145357538561,-0.054213631150903496,-0.0034381250938976056,0.0,0.0,1.5,2.696723534696494,11049.896360978988,11050.12811068917,11048.921207103494,11065.788694999637,0.0,0.0,0.0,0.0,0.0,0.0,nan,0,0.006084621847477489,-0.0006294360258680687,-0.007266042170332998
8.385015414,2.6092192129117833,0.4644160021051109,1.4538886869233796,-2.9710030191945447,-0.5225474876285449,-0.012930891064606447,0.0067975773136569086,-0.040073697422859565,-0.0016637650931040043,0.0,0.0,1.5,2.65062886448347,11055.950389182122,11009.972295015286,10984.33400936799,11052.827947833219,0.0,0.0,0.0,0.0,0.0,0.0,nan,0,0.00598657743384301,-0.009706732993411626,-0.00863110574044601
8.399541057,2.5544310043102443,0.4691685920540617,1.4392302338061864,-2.92718549264342,-0.5472427151769704,-0.02666471746433973,0.0013251053000623424,-0.027287155950084085,0.001943572955213781,0.0,0.0,1.5,2.5978702600466184,11096.504951840265,11020.773038544707,10985.216204191674,11085.194699267722,0.0,0.0,0.0,0.0,0.0,0.0,nan,0,-0.004983422462647713,0.0028397313977881478,-0.022053616619063465
8.414579745000001,2.5259831875513807,0.4385315710987998,1.4667205092549767,-2.950323268360804,-0.5166286365875687,-0.017629290952600345,0.005283205733969657,-0.013162990958028545,-0.002066797029797183,0.0,0.0,1.5,2.5639829420545808,11203.338809844277,11064.841251265349,11019.951221336849,11187.842016425991,0.0,0.0,0.0,0.0,0.0,0.0,nan,0,0.010417787959687619,-0.020000163234053292,0.006562478488546297
8.429311794,2.466788131687805,0.47686384936104337,1.4583287390017827,-2.910034633991382,-0.5499616390221121,-0.055544765955122026,-0.0017829295064949147,-0.003528105252090948,-0.013895239051449836,0.0,0.0,1.5,2.5128030785273294,11202.52669819371,11034.05902620692,10986.639713932524,11184.373190817081,0.0,0.0,0.0,0.0,0.0,0.0,nan,0,-0.004928033693495593,0.02612714100982344,-0.0008272872256775976
8.444082666,2.432100303603005,0.44999814569278634,1.4388403039836697,-2.9050794203501673,-0.5214338178082916,-0.1291074313288894,-0.005456799631639999,0.01341163568784142,-0.004887084537278771,0.0,0.0,1.5,2.474136359687878,11219.900711226386,11018.066790533947,10964.825782124453,11174.701608622732,0.0,0.0,0.0,0.0,0.0,0.0,nan,0,0.0042030998473103764,0.0070490551296112924,-0.019430104988992003
8.458672324,2.3736471640597068,0.4252557471962667,1.4265044036033434,-2.921593734632943,-0.5274810368052938,-0.066715271605745,-0.009578800408341987,0.02560433415319405,-0.0033984967760872097,0.0,0.0,1.5,2.4125598257166274,11270.53500729025,11041.149394338263,10981.15861086106,11215.155718196856,0.0,0.0,0.0,0.0,0.0,0.0,nan,0,-0.010491139139594097,-0.009918314514034743,-0.03099701083806461
8.47361792,2.3614057148828826,0.43309488710676636,1.462150691562459,-2.9095760483735336,-0.5583162991176135,-0.17113816567159684,-0.006989801160867261,0.03649740340012192,-0.004219218347626806,0.0,0.0,1.5,2.4010915646157187,11238.566597285935,10992.947322887188,10928.136032621022,11183.529860590716,0.0,0.0,0.0,0.0,0.0,0.0,nan,0,0.02093715247414618,0.0056782396024243065,0.005299155609598483
8.48830073,2.2859419206509375,0.4098531436377877,1.4650166694945737,-2.845023176183666,-0.5555658768741767,-0.18153820453412975,-0.00822154329946883,0.0487455926610708,-0.01193544822304416,0.0,0.0,1.5,2.322656646461617,11245.129053985169,10984.501890505015,10927.493195848387,11202.01725030315,0.0,0.0,0.0,0.0,0.0,0.0,nan,0,-0.010974031116416594,-0.00982847902024958,0.008707268472070151
8.503051253,2.2689159395587586,0.4221254873918912,1.4496375648707696,-2.844739872634197,-0.5259604232411135,-0.17637994903441,-0.010271308213684343,0.061067037470484704,-0.004356499950832669,0.0,0.0,1.5,2.3083989782448335,11244.05068845131,10967.830459373889,10924.044044358097,11205.9443637896,0.0,0.0,0.0,0.0,0.0,0.0,nan,0,0.015408005755952026,0.01015183385925561,-0.006237696370372081
8.517815989,2.2021326903986997,0.3971065572477562,1.4464601936311388,-2.9142748534535494,-0.5420128721784754,-0.22533284416935945,-0.014474930344070257,0.07185427100319448,-0.0052728391828041855,0.0,0.0,1.5,2.2382914275843966,11230.870077001522,10950.598341334933,10905.86350291233,11194.846172720083,0.0,0.0,0.0,0.0,0.0,0.0,nan,0,-0.008138207403568742,-0.007190664713713657,-0.00908502129559996
8.532678771,2.1864540619534054,0.4046075960448589,1.4670583085151374,-2.8369025165557615,-0.49973126854706895,-0.25656193266873123,-0.014498435375853184,0.08058075984501122,-0.00151161101855922,0.0,0.0,1.5,2.223819648003774,11237.374032186148,10955.000840163197,10907.568859048095,11202.728801409632,0.0,0.0,0.0,0.0,0.0,0.0,nan,0,0.01922383877583833,0.007950933717261466,0.011744346122337213
8.547353985,2.1238979986342414,0.3800790396833876,1.4594255343502662,-2.8185469696801673,-0.5113552244939544,-0.3009922612115664,-0.016790811853419164,0.09428591376796798,-0.00010433196400264453,0.0,0.0,1.5,2.158019710816364,11238.998524631097,10959.353634358276,10902.244802827941,11200.017020790576,0.0,0.0,0.0,0.0,0.0,0.0,nan,0,-0.0005126739034051475,-0.00897719744412695,0.004244968642828972
8.562248704,2.080701326557843,0.3819323456781614,1.4467967251441618,-2.8174806115911157,-0.5228369664157326,-0.34056920667978574,-0.02091204312255855,0.1026011203884405,-0.011325752230885647,0.0,0.0,1.5,2.1161334824320925,11258.076831860033,10973.979082991224,10914.85234564031,11223.345790966236,0.0,0.0,0.0,0.0,0.0,0.0,nan,0,-0.0011349432837115536,0.00043223815296250523,-0.008348708248666403
8.576882275,2.0318877232456476,0.3806328423934553,1.456198622914252,-2.7809061650944304,-0.5203287745778766,-0.3298681349224012,-0.017838865041519977,0.11480162343056376,-0.006829888938941321,0.0,0.0,1.5,2.067696215893309,11297.793739336203,11002.253565740486,10943.728189049136,11252.637539948944,0.0,0.0,0.0,0.0,0.0,0.0,nan,0,-0.007642983418715499,0.006640445260085948,0.0009845748825221268
8.591703579,2.0106370084517033,0.36323819010408737,1.4358561612112295,-2.786964337474566,-0.5252683869261014,-0.3656208502555981,-0.022154485671739867,0.12401321049550414,-0.009873625731853432,0.0,0.0,1.5,2.044191183466035,11284.182352800271,10990.592025583073,10935.571828845881,11243.550249881842,0.0,0.0,0.0,0.0,0.0,0.0,nan,0,0.013120299866609786,-0.0032988859211955934,-0.019534238484987254
8.606685266000001,1.9735456675693175,0.35343875714293305,1.4440851903423033,-2.715593591396036,-0.5332493954669154,-0.38468079773065667,-0.025267516935781706,0.13130742992271333,-0.012073717334772815,0.0,0.0,1.5,2.005723790299008,11291.892935682112,10997.074977877512,10947.415053488394,11252.537453460112,0.0,0.0,0.0,0.0,0.0,0.0,nan,0,0.017730538931803208,-0.005699040237462483,-0.011584344549900427
8.621291613,1.9063476100692385,0.350509765224898,1.4411250038283345,-2.7253127946641804,-0.4865123010135378,-0.3943490270710588,-0.024188695954829743,0.14014644967530815,-0.009825187444576743,0.0,0.0,1.5,1.9391968881753405,11306.667935250627,11014.094382680587,10967.73997429068,11265.67301383634,0.0,0.0,0.0,0.0,0.0,0.0,nan,0,-0.008099426335946625,-0.0012885163623185258,-0.014930641373176012
8.635893206,1.8829901612043727,0.33890744341765455,1.4667381421320986,-2.704468530181821,-0.5123953785832573,-0.4068537807826013,-0.029098280530527598,0.14655283193929383,-0.003999626496355734,0.0,0.0,1.5,1.9135350933769635,11310.154597823741,11021.337107631223,10973.902609849349,11265.442505039815,0.0,0.0,0.0,0.0,0.0,0.0,nan,0,0.009557714679353513,-0.005614647369203585,0.010186905341372343
8.650829964,1.8244218594374801,0.34457544795939044,1.4636059214054997,-2.69214768897369,-0.5148258739817624,-0.3532811665504783,-0.027502143947153664,0.1565551894241165,-0.0019397959316990755,0.0,0.0,1.5,1.8570330878814383,11270.47443082178,11001.986895782155,10953.768231608245,11234.14483828463,0.0,0.0,0.0,0.0,0.0,0.0,nan,0,-0.008367335664546172,0.0072630252219598734,0.006456210699206766
8.665480638,1.7919292303467376,0.33044766225040784,1.456074412944611,-2.654055579888617,-0.44609088993240165,-0.38279727077350406,-0.030235883520628625,0.1608251213596379,-0.006777237420252604,0.0,0.0,1.5,1.8226726204274786,11191.455833557064,10943.769458259021,10896.96445665869,11166.064971889688,0.0,0.0,0.0,0.0,0.0,0.0,nan,0,-0.0006033483052618749,0.0002756225517701605,-0.0017597765370238605
8.680199548000001,1.7554295599848573,0.3167199678706421,1.4260022786748974,-2.6444706754997243,-0.4788955817387578,-0.37386233605577085,-0.03033546686532362,0.1686202496144175,-0.010519416273873804,0.0,0.0,1.5,1.785306735795818,11164.64286632838,10931.479744849952,10874.704960947696,11121.677408099225,0.0,0.0,0.0,0.0,0.0,0.0,nan,0,0.002754166677613412,-0.0063833122649267215,-0.0325764770790864
8.695165749000001,1.7044878403580106,0.3239812119745385,1.456474927731375,-2.5723479066922756,-0.4580072143378956,-0.4015797741420872,-0.032480366881294596,0.1775104794892143,-0.003876280663813991,0.0,0.0,1.5,1.7355509371830016,11149.10008624603,10923.979562767943,10867.950133160617,11101.968226644834,0.0,0.0,0.0,0.0,0.0,0.0,nan,0,-0.00874376569170332,0.007872509420637164,-0.0028959995331339083
8.709887787000001,1.6757153058640664,0.3151287604667588,1.4435289118087906,-2.5332596526576596,-0.4603188868119986,-0.37583954470312414,-0.034586774115649276,0.18448351631482218,-0.01006357568441876,0.0,0.0,1.5,1.706023711963558,11124.555829174476,10911.150902368874,10851.59138381547,11078.302152640968,0.0,0.0,0.0,0.0,0.0,0.0,nan,0,0.0015003631967274167,0.005937958542799215,-0.016672871973851144
8.724610869000001,1.629424923379331,0.312622405392545,1.4526052381238244,-2.4746165555350395,-0.45172959991140516,-0.45271188797638995,-0.036460011021397565,0.18781814136650435,-0.006359491868253567,0.0,0.0,1.5,1.6598206567989382,11105.940886796168,10896.418096552135,10837.91509990229,11059.561937532882,0.0,0.0,0.0,0.0,0.0,0.0,nan,0,-0.006213116449012235,0.010270558619014325,-0.008455450367973238
8.739266977,1.6048504048406353,0.2818639235337056,1.430606054974947,-2.4803083939372548,-0.4662499443769265,-0.42819304266063674,-0.03724085197228105,0.1897543353275745,-0.02000564992600689,0.0,0.0,1.5,1.6308916619178313,11137.72101203651,10930.402046383117,10871.688694697505,11091.534388711367,0.0,0.0,0.0,0.0,0.0,0.0,nan,0,0.007336147487133626,-0.013730276405545583,-0.0313386587895772
8.754073842,1.5687610622017047,0.29419356685254083,1.4593414196541794,-2.4658833548286787,-0.42863093273067054,-0.41523877215400273,-0.03901465892922158,0.19722660206423578,-0.00844626400696648,0.0,0.0,1.5,1.5966258939442823,11157.356446085641,10949.553350564434,10902.117775661029,11107.896201346224,0.0,0.0,0.0,0.0,0.0,0.0,nan,0,0.00890212465433926,0.005273023568520663,-0.0035230751593047227
8.768978061,1.529303518540947,0.3000131077213233,1.4737192937750194,-2.4051678486955743,-0.4238576731930885,-0.43628379723593275,-0.03994018405813412,0.2045865278391008,-0.014678270112747516,0.0,0.0,1.5,1.5586750117154027,11106.893721954886,10918.634483436183,10865.508694336577,11055.893596811913,0.0,0.0,0.0,0.0,0.0,0.0,nan,0,0.006619626951086532,0.017680219001717123,0.009903615014664968
8.783601659,1.50010688807319,0.2932463995694178,1.4585812028037575,-2.3958975590244806,-0.4413873136656908,-0.4558065853430438,-0.042629518608663014,0.2111388551317061,-0.012997330110120877,0.0,0.0,1.5,1.529061687201089,11078.612276558828,10899.177840842061,10845.682163159852,11022.10592728264,0.0,0.0,0.0,0.0,0.0,0.0,nan,0,0.014109038618323133,0.017413742405893162,-0.006200792809073263
8.798732059,1.4379582514912521,0.2578541330798179,1.4727396815604814,-2.3427888881991157,-0.4008674040160002,-0.5053139440974337,-0.03781714027160535,0.21246986075092614,-0.0016866717760880634,0.0,0.0,1.5,1.4611487986990057,11081.77906534095,10901.935568602923,10852.720149890736,11026.64687961234,0.0,0.0,0.0,0.0,0.0,0.0,nan,0,-0.01185232289868976,-0.011567269283895454,0.006984320925088605
8.813326352,1.4126335999068749,0.2794725299305665,1.4605581964813272,-2.318643901333668,-0.41474387324492185,-0.47613833073017603,-0.04080477945845404,0.218475957838848,-0.014205163021345456,0.0,0.0,1.5,1.4405534486566105,11108.666448597558,10934.15068294204,10886.90957098223,11065.404955546106,0.0,0.0,0.0,0.0,0.0,0.0,nan,0,-0.0014997312218110181,0.016371642710666323,-0.006179141635526797
8.827916749,1.3706877157091681,0.25244418299509547,1.4459609058391696,-2.2852269349856575,-0.43354133408659895,-0.3799288043027469,-0.039073850552204095,0.221731987523894,-0.007827052870534174,0.0,0.0,1.5,1.394787834483009,11115.863270991993,10942.037036975358,10899.489935913381,11070.698483073707,0.0,0.0,0.0,0.0,0.0,0.0,nan,0,-0.008290696623606264,-0.004428822616570571,-0.02177548398638507
8.842806430000001,1.345853246159652,0.24845045175913139,1.4241988986440135,-2.2662426180758937,-0.3960275166736897,-0.5004920914466529,-0.03948865921012983,0.22928274312555752,-0.009681287560924205,0.0,0.0,1.5,1.370691210355042,11050.96520319631,10894.80731735736,10865.016149714955,11025.528369497331,0.0,0.0,0.0,0.0,0.0,0.0,nan,0,0.0014983822317593543,-0.0022885849267031966,-0.04454974198739814
8.85743418,1.3136857404464117,0.2442286256354252,1.4842065744891277,-2.2383631856224167,-0.3898717383419645,-0.4386678743484384,-0.041437022283202375,0.2342706446828821,-0.009152217876697885,0.0,0.0,1.5,1.3362886209653113,11106.160400733443,10942.963998803456,10913.78109957026,11080.888424059367,0.0,0.0,0.0,0.0,0.0,0.0,nan,0,0.0034146786308553168,-0.0004714910751517365,0.014437121057968128
8.872407007000001,1.2667373443741778,0.2551771214192807,1.4712270727034107,-2.2149704018189094,-0.4093426657867937,-0.4743375087820807,-0.04541777472176601,0.23625623760868703,-0.014646689415382165,0.0,0.0,1.5,1.2925040596737751,11077.902624283523,10924.047693058377,10894.703150869505,11055.119219308357,0.0,0.0,0.0,0.0,0.0,0.0,nan,0,-0.010001477455369612,0.016419132827571598,0.0004159323079218069
8.886959609,1.2523011026228719,0.23066516087796152,1.453283667517489,-2.116667034212871,-0.39087601487554097,-0.4545066820024901,-0.04622003122856923,0.23885161251572562,-0.008040240884534264,0.0,0.0,1.5,1.2742240320265243,11060.933968306537,10912.681256248852,10884.96689407067,11032.40172537641,0.0,0.0,0.0,0.0,0.0,0.0,nan,0,0.008538971213389868,-0.0022478693176821996,-0.018571277124025176
8.902008328,1.2059538046343197,0.2235042007184235,1.4613980374110114,-2.0971608567607674,-0.41292712349616023,-0.4213468496012727,-0.04740447916004142,0.24536659836672128,-0.014002829444229412,0.0,0.0,1.5,1.2270977215228192,11057.650627814879,10917.179775153583,10892.10842376466,11036.168188911146,0.0,0.0,0.0,0.0,0.0,0.0,nan,0,-0.005393443410897092,-0.0036618207550634385,-0.011495812748712364
8.916766349000001,1.1868758930955055,0.22414932669752663,1.4568833420196219,-2.03431116488036,-0.39049187750294617,-0.48394299266627866,-0.04778226289757504,0.2428715065638473,-0.019459860160072562,0.0,0.0,1.5,1.2086258115999364,11007.4177382796,10873.9032253196,10861.381626425138,10996.589990065675,0.0,0.0,0.0,0.0,0.0,0.0,nan,0,0.007376010182925219,0.0026316778674387586,-0.017037285677982128
8.931480752,1.15318311783255,0.22394208878836755,1.4950444268943548,-2.007344792468067,-0.3305060832580274,-0.4560061397439108,-0.0447757992400829,0.25038015471370584,-0.00597985853916465,0.0,0.0,1.5,1.1747365322018821,11042.51777558251,10907.29855136832,10897.86914231708,11024.941531451204,0.0,0.0,0.0,0.0,0.0,0.0,nan,0,0.004958397352708088,0.00797365021999627,0.020118711692051372
8.94632782,1.1056559214743256,0.22675187604264369,1.4754786731017147,-2.006061034611589,-0.4083973538438232,-0.4744179144590363,-0.04705083594297442,0.24569571120272102,-0.014881527559910564,0.0,0.0,1.5,1.1289343317717602,11014.962736653391,10896.655433594591,10872.240427296674,10991.094500459269,0.0,0.0,0.0,0.0,0.0,0.0,nan,0,-0.01187373347201981,0.016232370995318685,-0.0004353522506135299
8.960870931,1.08770988837212,0.2211172102374613,1.4920964777815433,-1.939169100979862,-0.3846516259255475,-0.4824657760346097,-0.048401888380737,0.2566942514770081,-0.013434044218376023,0.0,0.0,1.5,1.1099856249470734,11016.301449063196,10903.630463620819,10881.026012353446,10995.284535190387,0.0,0.0,0.0,0.0,0.0,0.0,nan,0,0.00029043262883177157,0.015945774019868214,0.015216873458720359
8.975571949,1.060447811767352,0.20258604279175865,1.4930755533107714,-1.9595201178911261,-0.3276958109182936,-0.4549569473390831,-0.04599633381687687,0.253962092839784,-0.010211509738144508,0.0,0.0,1.5,1.0796474490212724,11028.088555178145,10914.707306128968,10904.215976036665,11016.696786656856,0.0,0.0,0.0,0.0,0.0,0.0,nan,0,0.002546599986094078,0.002660826976389835,0.015248672375553829
8.990543566000001,1.0356450045416457,0.2044099057188005,1.4758474211279826,-1.8317621018451404,-0.3778858516127353,-0.4383046066795281,-0.04618503103954693,0.2594566094045323,-0.012188271374725786,0.0,0.0,1.5,1.0559011942668703,11014.288877963285,10909.674847040755,10895.386920869905,10997.532373012806,0.0,0.0,0.0,0.0,0.0,0.0,nan,0,0.006664512276894241,0.009628328148374582,-0.0029082662085559985
9.005244603000001,1.0094776639431655,0.18806259341776752,1.5004137607651677,-1.8237522968649256,-0.3096948191082873,-0.43880733447652365,-0.050670606227333916,0.2641390677032598,-0.014996050563411896,0.0,0.0,1.5,1.026846076216459,11014.25108376401,10910.140349929232,10908.841533279414,11012.957782651,0.0,0.0,0.0,0.0,0.0,0.0,nan,0,0.008816083409271203,-0.001678462799781344,0.020751534856755294
9.020176932,0.9921564592045746,0.18769090245592943,1.4863303067494114,-1.8035884538217233,-0.3229927599248184,-0.41356102523457844,-0.045034811397356954,0.2651273921913729,-0.005849749151085055,0.0,0.0,1.5,1.0098461144746982,11000.223066371827,10900.556650206234,10893.54447084376,10988.185616233646,0.0,0.0,0.0,0.0,0.0,0.0,nan,0,0.019207322601266785,0.002886623583109843,0.005784958378372673
9.034678705000001,0.952333650185988,0.16835885537225248,1.504362053937279,-1.751006728247003,-0.33200784629056723,-0.4266638120083148,-0.04934555525339037,0.26328277825492447,-0.012724419733831028,0.0,0.0,1.5,0.9671107035770903,10968.037684693953,10884.09404936675,10876.212164927158,10966.83617665514,0.0,0.0,0.0,0.0,0.0,0.0,nan,0,0.006488397054870254,-0.011612619674450514,0.022966511176909732
9.049572191000001,0.9184468635914114,0.17513241020415074,1.4657449929888486,-1.6800978496233814,-0.25712349323375433,-0.4419660011758978,-0.050808815686217194,0.2716446355716501,-0.0094769946367987,0.0,0.0,1.5,0.9356224707915846,10953.904207527765,10879.14157055567,10875.358284470354,10956.831039288958,0.0,0.0,0.0,0.0,0.0,0.0,nan,0,-0.000905229481577785,-0.000110506056327897,-0.016459723944418414
9.064119080000001,0.8944909735838965,0.1835759550651746,1.481674099360004,-1.6797894564563494,-0.30114282281026117,-0.46609012046153037,-0.04799642143762212,0.2680607553949371,-0.00993548042082005,0.0,0.0,1.5,0.9133181656659551,11028.776239234325,10944.054828603159,10913.160128963425,11004.895138766682,0.0,0.0,0.0,0.0,0.0,0.0,nan,0,0.0010155043081939708,0.012956428828573896,-0.0013049876076647315
9.079082488000001,0.8692800404097641,0.16105989276001176,1.48740243538079,-1.5847085033769308,-0.292514926305077,-0.4170835209548706,-0.05025250011842221,0.27140329364149146,-0.016497342284777998,0.0,0.0,1.5,0.8841644509620384,11072.039409942268,10987.422434736676,10952.295185740817,11045.920702033538,0.0,0.0,0.0,0.0,0.0,0.0,nan,0,0.0010558872278246811,-0.005042845182540084,0.0036660418460559008
9.093643771,0.8452690851816471,0.1642808264920261,1.479251136778284,-1.5372284001286074,-0.2799738460391737,-0.43747172317355687,-0.04961540424607189,0.2739966379896612,-0.0113176419656623,0.0,0.0,1.5,0.8613353189331756,11066.28348216793,10980.744438382331,10957.867548706685,11041.617855123313,0.0,0.0,0.0,0.0,0.0,0.0,nan,0,0.0016647850002162734,0.0025873240210387005,-0.0052345676934257845
9.108531555,0.8180022982738722,0.16789344506373416,1.4646447325916605,-1.5704933717728586,-0.2860448058920215,-0.3753636169264136,-0.049371543706227324,0.27431223654124365,-0.019055136660264285,0.0,0.0,1.5,0.8358025866257063,11088.796268775342,11001.169537445816,10982.200264621019,11067.754673983709,0.0,0.0,0.0,0.0,0.0,0.0,nan,0,-0.0016172719402737235,0.01050113500733546,-0.02058325663718885
9.123356253,0.7905678525661456,0.14268320544344112,1.4795207231796215,-1.4826840034720032,-0.31379977455387653,-0.4478667684167711,-0.050518722091215544,0.2765652220704833,-0.015870121221631,0.0,0.0,1.5,0.8036015352186354,11057.870682865027,10978.097424950225,10966.764862972488,11034.409862930552,0.0,0.0,0.0,0.0,0.0,0.0,nan,0,-0.005705713970195814,-0.010516413890729825,-0.006444210083143442
9.13811016,0.7554001062788335,0.1478470845541333,1.483662987779505,-1.432437548950255,-0.26277465868274785,-0.38507212011704234,-0.048683803458286684,0.27703767404401325,-0.016537818870760574,0.0,0.0,1.5,0.769905824725026,11084.918005867028,11001.295408965794,11004.059601239047,11076.135044883335,0.0,0.0,0.0,0.0,0.0,0.0,nan,0,-0.01816785552321276,-0.0012684628675148912,-0.0030292460704133273
9.152735276000001,0.7422218426709862,0.15806498530215904,1.494756791038196,-1.4076275544000425,-0.2761569645311945,-0.3538381742753556,-0.05180211960487252,0.27870516067830375,-0.016126880840981572,0.0,0.0,1.5,0.7588842431864712,11077.871141384947,10999.212605394454,11002.953207098726,11068.264073555354,0.0,0.0,0.0,0.0,0.0,0.0,nan,0,-0.00928585567709761,0.012924220490681426,0.007338868266715037
9.16753212,0.7513895191592493,0.13393126511221254,1.4776304418814061,-1.3695350711203977,-0.2546726239070924,-0.36273809533860873,-0.05102130712414782,0.2806974650404598,-0.012265357117208293,0.0,0.0,1.5,0.7635602074540991,11039.94123570963,10973.541242261386,10977.528902589982,11031.49177272551,0.0,0.0,0.0,0.0,0.0,0.0,nan,0,0.02129557097591217,-0.00734406291512138,-0.010507122776858724
9.182446172,0.7258236583515071,0.13365927362332045,1.4825623800855448,-1.3380896174381118,-0.27457346463340554,-0.3438427071011669,-0.055478907519333244,0.2808995545871517,-0.01903759414984137,0.0,0.0,1.5,0.7382336046513731,11039.444427217484,10979.598134130145,10980.96666270745,11037.01510517835,0.0,0.0,0.0,0.0,0.0,0.0,nan,0,0.016497089861474024,-0.0038598244663317627,-0.006280503553815597
9.197211875,0.6979149934485837,0.12032239852624606,1.497296267240752,-1.2802105455930892,-0.2865741418235677,-0.38038681199683066,-0.04866125745374717,0.27978795505987175,-0.01191887498281352,0.0,0.0,1.5,0.7082161589785133,11027.623134770147,10971.513222195814,10978.520878325806,11031.609353171614,0.0,0.0,0.0,0.0,0.0,0.0,nan,0,0.008707585812980256,-0.013549900095190734,0.007763060947511002
9.212010179,0.683800511406905,0.1008395225803333,1.5056623484843208,-1.2454874891893324,-0.2379821700561704,-0.28190708116288826,-0.04750216382740363,0.28173397302365727,-0.008897972776978855,0.0,0.0,1.5,0.691219075912212,11038.291694250314,10988.358111434847,11010.155972904413,11072.985879044683,0.0,0.0,0.0,0.0,0.0,0.0,nan,0,0.014061918339350998,-0.029495712446373612,0.015452936543751461
9.222295350000001,0.6591798006308973,0.13704196510256286,1.4799639892105676,-1.2158200153827141,-0.22174624309256788,-0.3532439081840705,-0.05123448799858879,0.28498905837450855,-0.015157998577436757,0.0,0.0,1.5,0.6735725287504797,11007.313070823411,10960.970470874128,10986.230413263185,11052.795039454477,0.0,0.0,0.0,0.0,0.0,0.0,nan,0,0.002057651294710805,0.009003557848522636,-0.010690500097521927
9.237126486000001,0.6350077356905397,0.13402569096927738,1.4882983396862448,-1.1710079953788686,-0.18025555298971538,-0.30073299208016024,-0.0476638655784336,0.28258525679616076,-0.007117867412712433,0.0,0.0,1.5,0.6491029495239696,11002.168955778396,10949.491706123898,10966.30281144051,11037.030542792316,0.0,0.0,0.0,0.0,0.0,0.0,nan,0,-0.003731427681402111,0.009341037967217164,-0.0030027189000501053
9.247241314,0.6438764430816217,0.13772986404699267,1.4787211601319652,-1.1376671865279862,-0.20564466805646517,-0.2808616809838087,-0.050280302604358076,0.28417505461743103,-0.013261644880901214,0.0,0.0,1.5,0.6587861401334832,11024.232181686617,10950.630897706604,10937.90682043759,11023.079217806062,0.0,0.0,0.0,0.0,0.0,0.0,nan,0,0.017030651862375512,0.01521982727672043,-0.012997686484082838
9.26212505,0.5999738503841248,0.12672637818517596,1.4926873777153902,-1.0983343399828045,-0.190524628726617,-0.33111846028768394,-0.05344779637886113,0.28564089716198726,-0.01695485254817624,0.0,0.0,1.5,0.6132549800183947,11023.570413407255,10914.097814701463,10887.067865752799,11000.158944736737,0.0,0.0,0.0,0.0,0.0,0.0,nan,0,-0.009573552895441595,0.007386463998060658,0.00036912572441161196
9.277141216,0.6000555271648974,0.11876270495392374,1.47479305334354,-1.0713684030492239,-0.22666716229711223,-0.30017865900288915,-0.05350513037990748,0.28679781301482915,-0.0032770806961239986,0.0,0.0,1.5,0.6122145097340125,11055.434885189787,10922.961131944567,10883.000063503394,11012.902645978882,0.0,0.0,0.0,0.0,0.0,0.0,nan,0,0.007157320970720749,0.0024826656542758785,-0.018086196679758304
9.292118740000001,0.5550220557900505,0.1040493330746017,1.4808707434488784,-1.046425160303798,-0.17635429253798268,-0.27122086865749806,-0.049010062274272,0.28817129649659484,-0.009903572387279591,0.0,0.0,1.5,0.5650147560753453,11063.846802378133,10916.034228861574,10878.924941545545,11044.308152702326,0.0,0.0,0.0,0.0,0.0,0.0,nan,0,-0.021878256597025914,-0.009281663408905724,-0.01253614411602677
9.30698593,0.5609733957151298,0.1239493983177934,1.4893011056258927,-0.9748884805721464,-0.1806943267725459,-0.24044079557709172,-0.05114931956780859,0.2891880047715645,-0.021257362548089097,0.0,0.0,1.5,0.5746034026912257,11055.165989491945,10900.164553838044,10860.453090392062,11032.562449399375,0.0,0.0,0.0,0.0,0.0,0.0,nan,0,-0.0005808008401593234,0.013456332926696707,-0.004600941649345547
9.317274953,0.5595403015478521,0.11008692995872513,1.483283178638432,-0.9511559496143198,-0.22507164621438844,-0.2702357017357742,-0.049339185476207296,0.28587632271558877,-0.006820860078224562,0.0,0.0,1.5,0.5705119922669751,11040.109636692687,10850.433235376617,10810.800687331053,10997.50043557862,0.0,0.0,0.0,0.0,0.0,0.0,nan,0,0.0078565221737954,0.001424295365407724,-0.010925269043699837
9.327236891,0.5520888819669718,0.10190594210169707,1.494828377167155,-0.9077824437936582,-0.16320393955094237,-0.2471795582348192,-0.051037835600572345,0.28489012556323595,-0.009797430160956716,0.0,0.0,1.5,0.5614389551054509,11041.565940970555,10836.086909796362,10808.20174551466,11020.464459456663,0.0,0.0,0.0,0.0,0.0,0.0,nan,0,0.009988592062961432,-0.004975317721756564,0.0003362781179938601
9.342304375000001,0.5398933847379412,0.11284908842113602,1.4992421820249084,-0.8770186910007536,-0.18613176246221083,-0.20666360127137745,-0.053597440365872454,0.28539765974272646,-0.016001897237837064,0.0,0.0,1.5,0.5515617444396914,11035.67869390697,10799.552829987582,10763.144806484497,11002.139059872983,0.0,0.0,0.0,0.0,0.0,0.0,nan,0,0.011632158145990612,0.008548096088011922,0.004370983732270073
9.352046897000001,0.508044567644627,0.10973338720270498,1.473620294139784,-0.8605205564673547,-0.16472292087206733,-0.25087174189020417,-0.053269549279812985,0.28462568480867617,-0.017389956468930063,0.0,0.0,1.5,0.5204292342494475,11018.078987358645,10765.137010955119,10728.07751691972,10978.542881860494,0.0,0.0,0.0,0.0,0.0,0.0,nan,0,-0.011346088822848044,0.007091622830563665,-0.021468344388962946
9.366986188,0.5010376584477781,0.10216259599941208,1.5062452466412426,-0.8264649972607803,-0.17355304779651853,-0.1724878836287474,-0.05459827150197905,0.2846438864073153,-0.017063526332628736,0.0,0.0,1.5,0.5113853090476704,11034.859455834847,10770.171538200735,10731.055409806831,10983.101925468052,0.0,0.0,0.0,0.0,0.0,0.0,nan,0,-0.005576165538179745,0.0019187962607548487,0.010892171154439856
9.382090954,0.48452951679003214,0.07764379357568521,1.4902808384849502,-0.7713150845696184,-0.15513017400141266,-0.2410740248693322,-0.05511605905731837,0.2831739836248932,-0.015017681588602087,0.0,0.0,1.5,0.4908073689566623,10959.46168546611,10686.533031029507,10649.835211935175,10904.570105577492,0.0,0.0,0.0,0.0,0.0,0.0,nan,0,-0.009937853896836435,-0.020310542597703138,-0.005255976555815556
9.397059614,0.4779639505167174,0.0881352973714438,1.4659356034136093,-0.7378481442319801,-0.13927866818042378,-0.1760396792375492,-0.05288251544968699,0.2768817313068461,-0.020737500616629125,0.0,0.0,1.5,0.48721427703947146,10979.33027459606,10699.723852204117,10662.60880657615,10924.088675306315,0.0,0.0,0.0,0.0,0.0,0.0,nan,0,-0.004978601904551627,-0.007636814166552486,-0.02968621328016141
9.411577546,0.46641011252816605,0.09556065426523588,1.5040440419284875,-0.6978000753267709,-0.11354559138801668,-0.21943212964763742,-0.04802324767066782,0.27902583576969053,-0.007232161675544757,0.0,0.0,1.5,0.47611614758087745,10994.147575749612,10703.452770196074,10666.028869603793,10928.203378704815,0.0,0.0,0.0,0.0,0.0,0.0,nan,0,-0.0056275218553438755,0.001863580816822863,0.008427389654971806
9.426454536000001,0.4729623507084787,0.07739070027835926,1.5110088728679516,-0.6343177210362478,-0.15570161847636727,-0.2186183559017846,-0.050042707760372514,0.27596164207561813,-0.015198869038287181,0.0,0.0,1.5,0.4793786613514285,11005.959700608268,10715.24316118443,10667.532738199678,10937.00685781982,0.0,0.0,0.0,0.0,0.0,0.0,nan,0,0.011213427439617396,-0.014338132608943926,0.015483069815227957
9.441288888,0.4430438583532622,0.08390530225914415,1.4928073376348387,-0.6293429829211445,-0.0958228937243738,-0.16835811828273287,-0.051419190423517926,0.27433984830160424,-0.010761671563656244,0.0,0.0,1.5,0.4509763791637462,11011.19641095089,10700.605046989227,10670.876201528139,10960.519504841714,0.0,0.0,0.0,0.0,0.0,0.0,nan,0,-0.00902806306805548,-0.005961551192731729,-0.0025463602040070032
9.456324256,0.43980095621630316,0.08598705748174053,1.513468616211957,-0.5480220027500573,-0.12188764500108547,-0.16617100047823788,-0.04979859939335199,0.27182870699362294,-0.010387218878883248,0.0,0.0,1.5,0.44833030096772153,11001.565789908644,10692.150310199624,10651.237836715645,10940.556723621683,0.0,0.0,0.0,0.0,0.0,0.0,nan,0,-0.003199590031361388,-0.0021232716954053266,0.01836658373605271
9.471096374,0.44650779740663454,0.08569177922243347,1.492460500374307,-0.5155212224598502,-0.11803251402106213,-0.18670411611923135,-0.05212506469274695,0.26875862472593465,-0.01679317643604688,0.0,0.0,1.5,0.4547187462881163,10975.84200425546,10654.134777868781,10612.37721082713,10918.884138259551,0.0,0.0,0.0,0.0,0.0,0.0,nan,0,0.011982374081397795,-0.0007661303366914979,-0.0023031558476356295
9.485826267,0.4286830250087924,0.08819775548169327,1.5074079618670166,-0.4615082626162449,-0.13978068649966532,-0.15405611057714705,-0.048579043053054605,0.2631350017790844,-0.01645851531159753,0.0,0.0,1.5,0.4377246370741778,10993.358189410808,10663.701528167267,10620.713836029716,10935.42309290964,0.0,0.0,0.0,0.0,0.0,0.0,nan,0,0.002046096103882511,0.0032895385824424084,0.0130745678952926
9.500714547000001,0.43076572753745634,0.07214761919613054,1.4876284467259993,-0.42547955689351086,-0.07381929014435948,-0.2018930218585638,-0.04567082423212014,0.2607982983698962,-0.010496630713059283,0.0,0.0,1.5,0.43694101009971054,10974.605900837067,10638.084205842672,10611.310431818456,10927.508493366618,0.0,0.0,0.0,0.0,0.0,0.0,nan,0,0.011438534172425685,-0.011312581212380157,-0.006187063298249029
9.515539487,0.433542606807621,0.08747837137875605,1.4705908109304446,-0.3793778678531261,-0.09167028457587525,-0.16438061465029857,-0.04691358479332949,0.25564339268784325,-0.010633212952911097,0.0,0.0,1.5,0.4432567628117544,11017.644210941708,10682.982859762396,10650.52221607431,10967.07911200065,0.0,0.0,0.0,0.0,0.0,0.0,nan,0,0.020955605478658934,0.00536575954705755,-0.022621822765083177
9.530554831,0.4177375805887499,0.07090147034249975,1.4972240141447288,-0.3890414439563452,-0.0600414864564086,-0.13520687144300617,-0.04917526733489525,0.2523620773455912,-0.015259553936201034,0.0,0.0,1.5,0.42372091148577895,11052.950842306678,10717.741835343257,10677.099196240832,10998.676958328017,0.0,0.0,0.0,0.0,0.0,0.0,nan,0,0.011326816911248927,-0.009963430121341502,0.004679355340538205
9.545246526000001,0.4036756662028681,0.09019855953620022,1.4919643920694214,-0.32158448549512914,-0.08099157225988272,-0.15914435834115387,-0.049501650749790606,0.2396192170829596,-0.01634212466973859,0.0,0.0,1.5,0.4137081031615755,11035.560649216653,10715.804693871287,10663.567734206697,10965.360622666014,0.0,0.0,0.0,0.0,0.0,0.0,nan,0,0.002886167547791141,0.01048259560811697,0.00014205940308675835
9.560109441,0.4056283701186319,0.06472973546293913,1.5134872688849719,-0.3082644816011597,-0.04715063128983652,-0.1742665436460622,-0.044812437973975695,0.2376785907854066,-0.012418973330100221,0.0,0.0,1.5,0.4109820187309603,11044.02840567114,10747.47336682322,10695.654680087539,10969.823280948418,0.0,0.0,0.0,0.0,0.0,0.0,nan,0,0.009917690203537832,-0.013934356212795235,0.0224410779204558
9.574924235000001,0.3975788014056687,0.08489320328409543,1.5013675485379916,-0.28663913733053814,-0.07125403794684798,-0.1119243824035042,-0.04540412369046655,0.23629269698560057,-0.010278151840477158,0.0,0.0,1.5,0.40654351486649826,11041.142470885557,10768.988241314919,10716.690804271391,10966.517618071208,0.0,0.0,0.0,0.0,0.0,0.0,nan,0,0.006415854746207095,0.007185436037741327,0.011142774759524077
9.589854107,0.3764927738291494,0.06922078356290154,1.4875111998071757,-0.24152189144043873,-0.024666758073540827,-0.037391869484877466,-0.04265005635964923,0.22699726553443986,-0.009214504076715126,0.0,0.0,1.5,0.38300691345311955,10989.015953029651,10734.831335879378,10685.805490585128,10919.983999761958,0.0,0.0,0.0,0.0,0.0,0.0,nan,0,-0.010639044861584679,-0.007624096409098738,-0.0018456804038702312
9.604835721,0.3698786115729741,0.08694696168182658,1.4970916784718928,-0.2356119739283075,-0.05821134680082242,-0.1592823696486172,-0.0431358969278743,0.2177571881826711,-0.011682966119491133,0.0,0.0,1.5,0.37997160391134877,10928.581152018856,10686.72991193204,10628.718086661449,10854.977270180067,0.0,0.0,0.0,0.0,0.0,0.0,nan,0,-0.013720878666449832,0.010874287443914332,0.008662000964171357
9.619500308000001,0.3749963228165861,0.05962104334668143,1.4937868005015054,-0.1629237867996876,-0.07520574768075172,-0.12911128584010106,-0.04150224554540905,0.21215320928174408,-0.011613724026799192,0.0,0.0,1.5,0.3797571787125508,10971.178500744389,10772.581637841333,10721.627443507567,10903.86453333722,0.0,0.0,0.0,0.0,0.0,0.0,nan,0,-0.005553939645027761,-0.01576768535463212,0.00634499678712519
9.634612055,0.37340245430672,0.08085666732626674,1.4870778762654135,-0.13678224101731823,-0.029870791223930312,-0.1413660796745574,-0.040463286249448026,0.20785316926174147,-0.010954814116010974,0.0,0.0,1.5,0.3822749989408209,10982.735764645786,10795.813356184024,10764.014574003832,10937.50861971839,0.0,0.0,0.0,0.0,0.0,0.0,nan,0,-0.004570804034638942,0.006065223983964418,0.0006616536669654671
9.649184366,0.3671217512383574,0.07267282301975211,1.5059988534859494,-0.12139939635207556,-0.02964509847759602,-0.07986997784213387,-0.03426747709802537,0.1964384827281811,-0.004303365177709887,0.0,0.0,1.5,0.3742936089236957,11017.98759817794,10833.710987162736,10798.982893495588,10967.177695382801,0.0,0.0,0.0,0.0,0.0,0.0,nan,0,-0.00873345977632517,-0.0016059112430210493,0.020630648766479354
9.664018381,0.3734295809962943,0.07217689312466073,1.486127460807331,-0.09437032778193036,-0.01686568212345974,-0.11333752891053345,-0.03710004690294179,0.19150926172396646,-0.015279264771949621,0.0,0.0,1.5,0.38059375087860914,10979.46425073135,10808.192555295635,10777.793557815801,10937.860079787246,0.0,0.0,0.0,0.0,0.0,0.0,nan,0,-0.0007516359911984294,-0.0016712988123360611,0.0018194640435329479
9.678972244,0.3696175404143134,0.07081431377205788,1.4818412793837494,-0.05910452826226082,0.002536684325694215,-0.08980847064364897,-0.03767225553523943,0.1841907462688614,-0.011931884161884157,0.0,0.0,1.5,0.3767778289010025,10994.715467194226,10832.337943189785,10806.61902058555,10946.833724033608,0.0,0.0,0.0,0.0,0.0,0.0,nan,0,-0.0033157450316465,-0.0026824980958077976,-0.0013916772311513004
9.693877877,0.34666125587885854,0.07191163276682472,1.4948930051489255,-0.04108947745116922,-0.0034209544895405074,-0.10588241063764703,-0.031545761270061826,0.1751691613399967,-0.009137672488195102,0.0,0.0,1.5,0.35407822673966693,10998.446136374032,10841.562756954683,10810.307647547801,10942.552807034863,0.0,0.0,0.0,0.0,0.0,0.0,nan,0,-0.025433851686187392,-0.0013102466931838308,0.012741870205032368
9.708716326000001,0.3685775192832421,0.07467793339687348,1.4914726187770213,-0.005164308975340627,-0.0008007809756367227,-0.09478573658765425,-0.03696109959319436,0.16450257661498524,-0.012092849665673602,0.0,0.0,1.5,0.37616339227513695,10990.215449771296,10860.805564776078,10836.14277912477,10943.45918214419,0.0,0.0,0.0,0.0,0.0,0.0,nan,0,-0.003071890723447046,0.001657463756603958,0.01040489247477172
9.723430383,0.3611332348553919,0.07776192606867911,1.4579302256238234,0.03253992073460057,-0.02496746571860128,-0.057010601847334495,-0.032458966311124764,0.16161243722497948,-0.0068991521715623064,0.0,0.0,1.5,0.3717983275636037,10988.785608295593,10871.89918188126,10844.311254882772,10941.046728320676,0.0,0.0,0.0,0.0,0.0,0.0,nan,0,-0.010445462551858908,0.004872351853898518,-0.02205854551143238
9.738386607,0.38115586374332466,0.06985096093658481,1.473870121469945,0.06642411441992628,0.005310737038806355,-0.1080372939376401,-0.031644483355837215,0.15387198353282963,-0.006529540362868361,0.0,0.0,1.5,0.3883834699902657,10986.951233283618,10869.40850164144,10849.167786311482,10953.219638529079,0.0,0.0,0.0,0.0,0.0,0.0,nan,0,0.009290972665201569,-0.0029750723107981325,-0.005048625831405751
9.753263736000001,0.37150000086037105,0.07312951896161232,1.5025743279490318,0.083314535512067,0.01950336338895661,-0.04703006543571681,-0.028879124343746655,0.14348885256256597,-0.008082141892266841,0.0,0.0,1.5,0.37863809151642636,11014.439726046367,10896.599638780173,10875.311942369539,10985.716431738756,0.0,0.0,0.0,0.0,0.0,0.0,nan,0,-0.0009899250972342233,0.00030286558248945883,0.024710137462972126
9.767957741,0.3758220556435858,0.07245145777991079,1.4818003529459396,0.08933216168183436,-0.003992230566889332,-0.01200677876498299,-0.02680019654198377,0.1376211607316724,-0.009171418471586488,0.0,0.0,1.5,0.3831744490378985,10962.555852699043,10845.183477961618,10818.56972306094,10930.003690007323,0.0,0.0,0.0,0.0,0.0,0.0,nan,0,0.002387228826885579,-0.0004365927198815289,0.004973014528551145
9.782798816000001,0.3723535530878627,0.06557726152527217,1.4326351383641387,0.07346465830100674,-0.022353748995714948,-0.038950174859104764,-0.021987577434455816,0.12632153103674384,-0.009429967256028184,0.0,0.0,1.5,0.38403850107707754,10917.77144886353,10801.675340739479,10784.841871976954,10892.593443394082,0.0,0.0,0.0,0.0,0.0,0.0,nan,0,-0.0023244095569388556,-0.007429055504559204,-0.04315787571194907
9.797608335000001,0.3702942718032215,0.05767176692647798,1.5015319922614347,0.12644969151013838,0.023717239092942818,-0.06550954468721305,-0.02361502884278632,0.11357476738081247,-0.010036554381857814,0.0,0.0,1.5,0.3747615607702972,10936.2476696756,10862.14878493412,10877.575684704118,10940.970289933633,0.0,0.0,0.0,0.0,0.0,0.0,nan,0,-0.005905507262360943,-0.01550615542706435,0.02676953961074835
9.812544711000001,0.3752515895665767,0.06964677221035645,1.4519537282388293,0.15771353367746702,0.03926238402223376,-0.06305856986975564,-0.02011043957172235,0.10681055466076175,0.0014222645656405384,0.0,0.0,1.5,0.3846724224346114,10931.714455133624,10876.458370170632,10895.312836940217,10938.09514278558,0.0,0.0,0.0,0.0,0.0,0.0,nan,0,-0.002730908098323437,-0.0037529246304295466,-0.021799392583950583
9.827244267000001,0.3821683973390498,0.08614682618150327,1.4819138854080927,0.14996702635064663,0.03196990189064465,-0.03471015438959716,-0.020934964789551952,0.09854957251819817,-0.016384536168081196,0.0,0.0,1.5,0.3921747915494768,10959.96468510918,10921.181289543742,10925.16408951116,10964.469496353233,0.0,0.0,0.0,0.0,0.0,0.0,nan,0,0.002161281840190654,0.012478530080488506,0.009138768565431166
9.842196865,0.39118213534355006,0.08839534240647079,1.4547281068221023,0.145734778745621,0.012103383562858953,-0.05347002527033995,-0.01948619857099733,0.09076265503052539,-0.00463749476910455,0.0,0.0,1.5,0.40359229908783906,10959.311796286673,10936.832586032595,10927.132959057453,10946.245555457679,0.0,0.0,0.0,0.0,0.0,0.0,nan,0,0.008927395020532691,0.014414902676033514,-0.01711341029431379
9.856992011,0.38638303400547125,0.07102792338400689,1.4593363049505204,0.18516063526502458,0.015754798880768424,-0.06985115355444366,-0.017859018784551758,0.08154472024628094,-0.011237875434171074,0.0,0.0,1.5,0.3949561380236983,10969.112620828675,10972.176316873334,10964.33034785421,10963.828542833366,0.0,0.0,0.0,0.0,0.0,0.0,nan,0,0.0016779035141149534,-0.0033046669244222587,-0.011617178310292742
9.871945547000001,0.4055544121585738,0.06165154757530922,1.4675076789817785,0.1912921478285684,0.05057886698898125,-0.0005842463010949086,-0.015085652310550271,0.07330449172391017,-0.0018920419470802095,0.0,0.0,1.5,0.41149853640671447,10986.477421190346,10999.716368272459,11001.15643393784,10987.166524272141,0.0,0.0,0.0,0.0,0.0,0.0,nan,0,0.018215561415613257,-0.0130698006876164,-0.002614001523664644
9.886913583,0.4020528275497139,0.08840786299395897,1.4555630336899683,0.16513112943722832,0.021401235536143298,-0.03838845505712121,-0.012993065716723574,0.06617152375920081,-0.004017976308865174,0.0,0.0,1.5,0.4140495989066014,10936.341138461554,10951.429446649743,10943.553041279074,10933.470094516444,0.0,0.0,0.0,0.0,0.0,0.0,nan,0,0.011917195433986727,0.013264736681000713,-0.013783120098193269
9.901746269,0.4001600316615929,0.07754697074589516,1.4823705033438555,0.21311849006705486,0.03460885776518149,-0.05432858116625452,-0.011284634659273575,0.05717482688321765,-0.0035417327300862602,0.0,0.0,1.5,0.4079857629423125,10929.576289325345,10964.009489632057,10958.563545166693,10931.425410047957,0.0,0.0,0.0,0.0,0.0,0.0,nan,0,0.007085560086373899,0.0019528045136574107,0.013755838239930318
9.916536368000001,0.39295399935427144,0.09542722004199064,1.4726855433368777,0.18071389894216972,0.04469207159307995,-0.04071292368624708,-0.013007684285256803,0.04715793515030467,-0.009189458392437004,0.0,0.0,1.5,0.40529653277108213,10931.394111447506,10974.576971182074,10973.956348951577,10937.501196431467,0.0,0.0,0.0,0.0,0.0,0.0,nan,0,-0.003181679047231767,0.019356272631002036,0.00475305416347771
9.931350771,0.4094486641000005,0.04522675342940646,1.46900125737213,0.22248298215140253,0.052155518730228376,-0.06959798685775975,-0.010514071727320443,0.03526299238302141,-0.003985993000908541,0.0,0.0,1.5,0.4131036066213273,10928.764799599361,10994.933332606854,10989.056518282952,10922.729266474877,0.0,0.0,0.0,0.0,0.0,0.0,nan,0,0.01014907815820093,-0.03134317479400586,0.0016974917644787535
9.946376345000001,0.4108214799063083,0.07882217146411942,1.4511756903327175,0.22145364744983503,0.009588284013849627,-0.018968542239149434,-0.005259826147680172,0.02928062494563876,-0.010785304166920523,0.0,0.0,1.5,0.4211544090725099,10952.711977646506,11034.757970606699,11038.590127208374,10959.227295977931,0.0,0.0,0.0,0.0,0.0,0.0,nan,0,0.008274694053086507,0.0017345800225919278,-0.015560974380984582
9.961212481,0.4141523320262323,0.06751887194436888,1.4481641327418102,0.20434994891880878,0.037529529910914954,-0.04065955990230604,-0.004272944261609054,0.022687807098006905,-0.006866132433865336,0.0,0.0,1.5,0.42280954261442033,10943.507817098829,11030.448485861072,11054.753779331786,10963.99735887126,0.0,0.0,0.0,0.0,0.0,0.0,nan,0,0.008294231136155239,-0.010101553306049477,-0.01807831941164828
9.976052617,0.3950200200143742,0.08370763537938672,1.458910181514061,0.24286763629767513,0.033595147273664014,-0.030242636166761695,-0.004083516866404489,0.008300777507508522,-0.0008958601989531447,0.0,0.0,1.5,0.4058770227743526,10950.285854864891,11055.881885012503,11083.659734929952,10976.145748209992,0.0,0.0,0.0,0.0,0.0,0.0,nan,0,-0.014194249215666421,0.005542765126732602,-0.006914076789374501
9.990657013,0.41479281356808295,0.09201627228366009,1.460970707602064,0.23479628241087713,0.05427854365177179,-0.017522928380341765,-0.0023093120875572978,0.0014468928092334732,-0.006109538573093546,0.0,0.0,1.5,0.42666539374290796,10939.97967065701,11062.23304746129,11086.482754827184,10969.95415603655,0.0,0.0,0.0,0.0,0.0,0.0,nan,0,0.0021964803158793234,0.013298838441068175,-0.004516438340524509
10.0056708,0.4358227544260652,0.08375588373721371,1.4624290201372792,0.22273788498106395,-0.010933917349654479,0.004906444331675716,-0.0012196217346190734,-0.00484562210070898,-0.005712175582497308,0.0,0.0,1.5,0.44538533862709156,10923.405953117268,11052.13192418511,11063.082818731637,10942.792764634027,0.0,0.0,0.0,0.0,0.0,0.0,nan,0,0.01983717539707086,0.004481216859198736,-0.002797994321177999
10.020478067,0.42626894220889794,0.09420161580614292,1.4591225021103547,0.21216559968104348,0.0284583271203967,-0.0025139829693097302,0.002459785899925964,-0.010957818853656287,-0.003039611447571137,0.0,0.0,1.5,0.43846336830583565,10885.562437747518,11016.828358696046,11045.344235315479,10923.14569210751,0.0,0.0,0.0,0.0,0.0,0.0,nan,0,0.006905188189622435,0.014368422579255927,-0.005913170087240571
10.035341271,0.4098850886276538,0.07412282623260942,1.4866125735559175,0.20001523085001835,0.04562140377602131,-0.06054633812230475,-0.0004229101379778887,-0.018501871972345634,0.0008010359314115536,0.0,0.0,1.5,0.4167483682449218,10868.413960650443,11012.53665881055,11039.859761620934,10905.057185910817,0.0,0.0,0.0,0.0,0.0,0.0,nan,0,-0.012828052339589668,-0.006266893353491093,0.021709225293331746
10.050287704,0.41610628174262787,0.06881397464123903,1.4552252186048968,0.2302024806309477,0.02853954281842336,-0.030633433425618466,0.004203427083080348,-0.027095118879991303,-0.008088994630401913,0.0,0.0,1.5,0.42412802531851107,10871.451854418943,11040.9427279363,11060.99932751427,10907.049764639996,0.0,0.0,0.0,0.0,0.0,0.0,nan,0,-0.009910157462041935,-0.01212707590991842,-0.009602227902279381
10.064943426000001,0.4226919465960688,0.09367017368058725,1.4839392413330457,0.22057602060131887,0.03616891588404446,-0.0038055417949619482,0.004858486805436859,-0.03436664943954761,-0.0038470186769394505,0.0,0.0,1.5,0.4332441934100022,10886.381792727472,11056.022680518501,11093.51121066489,10927.415762932002,0.0,0.0,0.0,0.0,0.0,0.0,nan,0,-0.006564624957824894,0.012186121139841175,0.019123925359977978
10.07989218,0.43431621951202315,0.07671966906017803,1.4602603902576348,0.19603985658162248,0.035746084922715665,-0.001864394405099425,0.008002157639056347,-0.04266887751215978,0.0037252398839129766,0.0,0.0,1.5,0.44282696703610386,10860.994134859176,11032.278560902107,11066.015997979934,10897.514822231413,0.0,0.0,0.0,0.0,0.0,0.0,nan,0,0.0018992066848000921,-0.005296022592865199,-0.004609560350843367
10.094692476,0.43587208437638475,0.0699097053477534,1.4796563614291365,0.19968019843503707,0.04725727750423972,0.016665557571680065,0.008150897100919721,-0.04648067505724885,-0.0045355344772784155,0.0,0.0,1.5,0.4419114215210169,10839.11345557466,11033.4339358297,11065.40299172921,10888.227401376169,0.0,0.0,0.0,0.0,0.0,0.0,nan,0,0.0003898533298045681,-0.012623407391139124,0.014675346659764665
10.109527107,0.4325148132363863,0.09629489135651045,1.4817612094549981,0.22589160929815771,0.024406335902550258,-0.03417442741233086,0.009528525722069543,-0.057728858611357015,-0.002236980107758193,0.0,0.0,1.5,0.4434799017439378,10807.20630318765,11003.903282228168,11033.26147504683,10854.708551653433,0.0,0.0,0.0,0.0,0.0,0.0,nan,0,-0.005922372793538022,0.013261323704859954,0.016619237814306853
10.124408846000001,0.43522264501157715,0.10154374677761403,1.4582210949694188,0.17569414964563387,0.05151215605346871,0.012764394922146191,0.008399374023915988,-0.060569197360906255,0.0013784744168798787,0.0,0.0,1.5,0.448860067444258,10826.008896363168,11021.221636237164,11050.546337184145,10872.465201330975,0.0,0.0,0.0,0.0,0.0,0.0,nan,0,-0.00604483830066288,0.01802930961265521,-0.007124647930026429
10.139197892,0.4263977289871373,0.09025855664151555,1.4914524828128888,0.19577593828590698,0.04569207558043908,-0.019962460249921217,0.008820333706966542,-0.0699743080595661,-0.00756499343489663,0.0,0.0,1.5,0.4359296851356441,10823.477739132732,11030.833126089594,11043.845826492112,10856.654364074468,0.0,0.0,0.0,0.0,0.0,0.0,nan,0,-0.0175610397409513,0.006285425597268204,0.02585711198132712
10.154297580000001,0.4539423653896882,0.08607750304467705,1.466126713555771,0.19419495841276005,0.029016293290983916,0.022645745093067465,0.013641881226127067,-0.07182476031118229,-0.005058368351070702,0.0,0.0,1.5,0.46327141845847164,10816.365934058771,11026.139669133725,11034.695305866788,10834.353801174073,0.0,0.0,0.0,0.0,0.0,0.0,nan,0,0.007444670782390084,0.0016702784936092896,0.0002401362566994969
10.168956981000001,0.45375964716455064,0.08013444525578092,1.465782632848758,0.18102683821776683,0.005102868069394374,-0.024028921699396234,0.014525288668286881,-0.0747990870677435,-0.004101654536328081,0.0,0.0,1.5,0.46204997016135835,10801.806192289916,11002.154446976274,11017.723414426353,10823.61565593561,0.0,0.0,0.0,0.0,0.0,0.0,nan,0,0.004888006056749328,-0.004679930901906132,-0.0004310418306812114
10.183785124,0.4497731574581337,0.0825832226917163,1.4447967047757575,0.1458368089691846,0.006320071778197003,0.03893162271104737,0.01472604202135148,-0.08279594394497641,0.00565715561673467,0.0,0.0,1.5,0.4606118600770323,10824.476245959395,11018.03274055683,11059.468341675227,10870.457366034714,0.0,0.0,0.0,0.0,0.0,0.0,nan,0,-0.0012950504289389597,-0.0026090061686879634,-0.02177957162013988
10.198672439000001,0.45569758765639845,0.07355841259792367,1.4844470884339835,0.1589386581355807,0.04057120215999848,0.033477994936970956,0.015078437564386482,-0.09283375593060691,0.0002265000065220304,0.0,0.0,1.5,0.4618582298909132,10802.527501714738,11010.285067523544,11059.642513523842,10865.93879209224,0.0,0.0,0.0,0.0,0.0,0.0,nan,0,0.002622590374017242,-0.011980000409561542,0.017466072794592336
10.21352747,0.4591029850806194,0.10793830784501178,1.484485833926346,0.12293685753447749,-0.004615847038803518,0.0010231303540591474,0.019133904294779992,-0.09403000700167202,0.0019514700695854596,0.0,0.0,1.5,0.4718759567506496,10755.368602749186,10966.23595526842,11002.584717955606,10807.702321464785,0.0,0.0,0.0,0.0,0.0,0.0,nan,0,0.0042211498255482205,0.022087338618345692,0.017070747662808694
10.22843828,0.46560508367159104,0.07685508540007703,1.450444722465259,0.06983245395313087,0.06235676263405501,0.03264713104489942,0.013017316733006072,-0.09670938424139326,0.0032736054386712176,0.0,0.0,1.5,0.4745002883289194,10737.747153625565,10962.827799760718,11001.490047917765,10799.175675601886,0.0,0.0,0.0,0.0,0.0,0.0,nan,0,0.009125536635202991,-0.00927306692570061,-0.017417519543352356
10.243204873,0.46028498907397897,0.06691520504572421,1.4640733919907045,0.0880687395698282,0.024564772999123997,-0.05220120395792162,0.0141314185163376,-0.09888117952234145,0.002967374878095867,0.0,0.0,1.5,0.4665089891912028,10744.552204989777,11001.93879868415,11012.974186723573,10780.903174199724,0.0,0.0,0.0,0.0,0.0,0.0,nan,0,0.002426849844598844,-0.019452901014096857,-0.004248742125816163
10.258006624,0.44766395829287225,0.09638595688545391,1.470618360750696,0.034930280312167515,0.04323845971162558,-0.003069222258256034,0.019569966307171817,-0.10490913712153972,-0.001508595011710154,0.0,0.0,1.5,0.45886441675525824,10795.032506884927,11059.925660649677,11070.345100404913,10831.969837908247,0.0,0.0,0.0,0.0,0.0,0.0,nan,0,-0.01134355123753572,0.009817006010119311,0.0018166365893701464
10.272948969,0.46810978577987244,0.0892639891660795,1.455256773092672,0.06485406090827583,0.019148787691698126,0.01273423228372181,0.018819475835351394,-0.11091312663124064,0.0008709217414487283,0.0,0.0,1.5,0.4786405620701203,10785.199184521744,11074.268557846417,11078.913619915087,10812.483997867459,0.0,0.0,0.0,0.0,0.0,0.0,nan,0,0.008192370580272557,0.0025352614569617016,-0.014058721081099845
10.287587068,0.46281841070734275,0.09373646204063658,1.4641234013136057,0.01772182643916997,0.008875081815575081,0.022295082437401626,0.02143696158971722,-0.11207102113388308,-0.003558722861826131,0.0,0.0,1.5,0.4735763253572447,10783.321713162431,11073.262525042648,11080.855883085356,10812.346736198175,0.0,0.0,0.0,0.0,0.0,0.0,nan,0,0.0022385390663808846,0.0068906713762815625,-0.005739777425526338
10.302709783000001,0.4710919620113953,0.07906208591649394,1.4627350296353383,0.013692039237258887,0.011226521782043128,0.05843853604383075,0.020780725578761292,-0.11465790912240904,-0.010914926575848355,0.0,0.0,1.5,0.47913163965395994,10759.009865557207,11046.828163442136,11074.072089925192,10800.97744525827,0.0,0.0,0.0,0.0,0.0,0.0,nan,0,0.010103881643350687,-0.00785652849399196,-0.007706016177812192
10.317571081,0.47606099600916246,0.07224050840063981,1.4680844705633307,0.01332233248758935,0.0023059867513131956,0.05078062243395792,0.017252433373628678,-0.11595283206754972,-0.006839504436873762,0.0,0.0,1.5,0.4825674709244725,10726.276541849691,11003.447878849684,11044.357101473212,10769.1511330778,0.0,0.0,0.0,0.0,0.0,0.0,nan,0,0.014924348980716873,-0.014705349342638105,-0.002955833504513672
10.332231081,0.456676327291148,0.09098134193068552,1.46798659196265,0.016276774804251454,-0.011750059550092612,0.08235937268109111,0.023430566675350366,-0.12265757164513473,0.0015173525717514448,0.0,0.0,1.5,0.4667501802697091,10707.218325827043,10961.552615856208,11011.101736547036,10751.868528483976,0.0,0.0,0.0,0.0,0.0,0.0,nan,0,-0.004345417176190747,0.004054917353200252,-0.0036594140217478532
10.347196027,0.46481795949028665,0.07410969370830127,1.458218454569391,-0.025940218796002987,-0.004942302224187523,0.09265512751637373,0.023592811030116404,-0.1214034593675135,-0.0021157299465602557,0.0,0.0,1.5,0.47253960649327803,10664.81078168471,10914.026802282382,10969.839256729492,10723.418880483336,0.0,0.0,0.0,0.0,0.0,0.0,nan,0,0.004177868875315627,-0.012749615801444264,-0.01402706134164955
10.362089326000001,0.4610615182454504,0.08715860618624809,1.4548074983427182,-0.023156690885089152,-0.018412102995786005,0.06327373483700462,0.022127254440646768,-0.12243091012243612,-0.006865219285375895,0.0,0.0,1.5,0.47139867251104206,10628.799955590495,10878.64774449588,10941.911704664655,10696.091719656224,0.0,0.0,0.0,0.0,0.0,0.0,nan,0,0.0010718665914511982,0.0004148576997708431,-0.018014726286625926
10.376805655,0.4472397685776555,0.07268251943560186,1.4612402460721983,-0.08448245435404847,-0.030005043434853128,0.03724549195954955,0.022016958529616427,-0.12207302219602272,0.0041200687257195645,0.0,0.0,1.5,0.45476200121980864,10637.034466491366,10876.394018985462,10945.439995746083,10702.558939309349,0.0,0.0,0.0,0.0,0.0,0.0,nan,0,-0.011828455414926164,-0.013896471425459828,-0.012126558971656154
10.391561339,0.4646701126291511,0.09558061186735872,1.480821151443244,-0.07934973432055138,-0.0010462430731903267,0.07725820793628822,0.025085510529031383,-0.12896096964873424,0.002563679692544136,0.0,0.0,1.5,0.4747860519936212,10652.250904173317,10913.480369006154,10986.224304233498,10731.627921783176,0.0,0.0,0.0,0.0,0.0,0.0,nan,0,0.006797807555394275,0.009216503963891606,0.0069353681906219045
10.406683122,0.4542704968654339,0.07223216353585155,1.4815350550638269,-0.08433278570625623,-0.002319410711272824,0.025327791594188877,0.019605883858809528,-0.12813282353738795,-0.003150016473064006,0.0,0.0,1.5,0.46034782932358237,10629.346415096921,10898.682467422392,10958.38374044403,10703.550980121974,0.0,0.0,0.0,0.0,0.0,0.0,nan,0,-0.002128623387321893,-0.013866207505742759,0.007149813003677341
10.421481203,0.4497840706186772,0.07773857739252617,1.456533670040497,-0.11320408652766355,-0.0035124556922441178,0.07890524977659716,0.02674325818363898,-0.1275405469595872,-0.00417106524169211,0.0,0.0,1.5,0.4585175224977442,10661.30149667391,10918.902404332623,10965.535998085617,10719.289009950728,0.0,0.0,0.0,0.0,0.0,0.0,nan,0,-0.004863896550140412,-0.00804292215441979,-0.018326829748497975
10.436371634,0.4327198399294097,0.07160279646823006,1.456194797646637,-0.1350777257159955,-0.028076327381315498,0.026650386861456064,0.021093102827724097,-0.12445344237898216,-0.0074905754844046615,0.0,0.0,1.5,0.4407860207445602,10658.76299024321,10911.858946935537,10955.998306617155,10709.447624184866,0.0,0.0,0.0,0.0,0.0,0.0,nan,0,-0.01989794257366695,-0.013810388512616928,-0.019120423566610922
10.450969211,0.454143197922346,0.07142613978914272,1.4920420656990345,-0.12025742606518088,-0.010353257508986928,0.07931214925803175,0.02426826467474133,-0.12636056357870745,-0.007097170937475941,0.0,0.0,1.5,0.4597945915108743,10701.583039207791,10946.483140314343,10997.71819936705,10746.682781137648,0.0,0.0,0.0,0.0,0.0,0.0,nan,0,0.003835025958567717,-0.013567113730366676,0.01628887400340706
10.466054273000001,0.418767111983145,0.08253611606327145,1.4488244145120381,-0.1779072711710302,-0.027464920785460513,0.06118212819429098,0.025458275466485877,-0.12618447078740147,-0.0034231884963769658,0.0,0.0,1.5,0.4298802683114793,10673.01678932304,10898.294804842295,10950.22756755919,10713.686593843919,0.0,0.0,0.0,0.0,0.0,0.0,nan,0,-0.028951927523794052,-0.001985474985485139,-0.027356761438929178
10.480838298,0.44382787814534524,0.0721301720674951,1.4904379805583088,-0.1948008971483532,-0.06460700411661223,0.020142434447571914,0.02104666638316058,-0.12299248829358651,0.00547659634071761,0.0,0.0,1.5,0.44975257570945515,10678.444641278858,10920.798067467478,10969.963838454769,10720.415162266356,0.0,0.0,0.0,0.0,0.0,0.0,nan,0,-0.0010252222471646144,-0.011868438208046186,0.01384881694905804
10.495536222,0.43125352014901513,0.0849680766043394,1.4937979963950403,-0.22570570964203387,-0.03470042498160395,0.020775151875818527,0.025514913609768413,-0.12651265272322768,-0.002791427297649096,0.0,0.0,1.5,0.43958803160626864,10680.399319915952,10922.818523727863,10977.731171799836,10739.273574445997,0.0,0.0,0.0,0.0,0.0,0.0,nan,0,-0.010458451357632126,0.001543550983496178,0.01681716318920623
10.510587837000001,0.45345249759821454,0.07062860024636827,1.4810608830796388,-0.24575886520771695,-0.08145009228662979,0.048416436375610945,0.0234990567669774,-0.12364189418841921,-0.005258721022781649,0.0,0.0,1.5,0.45931063225288304,10684.11806516311,10927.152670449557,10976.77982506458,10733.530609218611,0.0,0.0,0.0,0.0,0.0,0.0,nan,0,0.015154383155206785,-0.01217111657316948,0.0037024208503626532
10.525219587,0.45186622380234703,0.07605124127868258,1.489338102510727,-0.2277363149709135,-0.027780735324709663,0.08080097097482193,0.01816118200721902,-0.12126115417617613,8.687604387467318e-05,0.0,0.0,1.5,0.4583454500390431,10672.780964656818,10907.483057166735,10974.53633938714,10733.824451048742,0.0,0.0,0.0,0.0,0.0,0.0,nan,0,0.017251267157807837,-0.0060735214520603875,0.011616225190644869
10.540232442,0.43166176190199823,0.09441569237044711,1.4677599747624532,-0.2859026682302042,-0.05204301957688705,0.0493765877905777,0.024418955826154692,-0.1222322482338012,-0.00837818463864909,0.0,0.0,1.5,0.4430413286381373,10648.271468322691,10856.928054786145,10896.818632181188,10689.359321632533,0.0,0.0,0.0,0.0,0.0,0.0,nan,0,0.0009939979311210378,0.01301508550217087,-0.010301161903957023
10.554971652,0.41445339165938855,0.09357030049231946,1.4846038639057133,-0.2829548162324357,-0.04408740489172297,0.04509802765808111,0.02206747929801125,-0.11621860387079053,-0.006383278676201269,0.0,0.0,1.5,0.425163563818476,10660.575024475254,10869.576190407735,10904.270498941705,10691.9281718648,0.0,0.0,0.0,0.0,0.0,0.0,nan,0,-0.012009252992407682,0.012941924196881102,0.006239809140140773
10.569775278,0.42689769206273837,0.0708683763784497,1.4612166081311178,-0.3027063589274682,-0.024910026324107475,0.060326008346960364,0.025726390239803998,-0.11673149904594142,-0.004149967120299572,0.0,0.0,1.5,0.4344745306043445,10674.045461950596,10877.07740395614,10904.434872974009,10693.792113198995,0.0,0.0,0.0,0.0,0.0,0.0,nan,0,0.004893551967011467,-0.008940527297751424,-0.017419306106057686
10.584806531,0.42120516621305104,0.06710475598955457,1.5016052464663128,-0.291889025615348,-0.05340383806546634,-0.018933022387250628,0.02030539112329613,-0.1137371762349582,-0.00821287344122948,0.0,0.0,1.5,0.4265201251256489,10687.204937409055,10887.136350350445,10912.472075596383,10706.089741279387,0.0,0.0,0.0,0.0,0.0,0.0,nan,0,0.003907618341991714,-0.011838380914324487,0.022724863849103327
10.599484557,0.41771690831853453,0.09200005315897125,1.474010829263205,-0.32925585643912275,-0.0598795276628719,0.09115501952004972,0.021162826846677175,-0.10921384848223116,0.0012931478235574726,0.0,0.0,1.5,0.42851705015324043,10727.500008019984,10907.45296892755,10938.90048349208,10746.407325732123,0.0,0.0,0.0,0.0,0.0,0.0,nan,0,0.005368995305299329,0.013968117090147988,-0.005097536581232687
10.614431072,0.4102590933794115,0.07448869092303445,1.4830829406943993,-0.3599083504493924,-0.10792378020076987,0.0024256507119275227,0.018041434211701242,-0.10765262344872258,0.0018061609408602597,0.0,0.0,1.5,0.41730956815231696,10715.59754324213,10884.27873450413,10913.932661771329,10738.467378211188,0.0,0.0,0.0,0.0,0.0,0.0,nan,0,0.0030981792072213854,-0.0025875554181518517,0.0037528863100158016
10.629415671,0.3914384748298345,0.0838596825446241,1.4606558533666711,-0.36621362283413755,-0.07490751586027869,0.0008471040486268808,0.01321102657122457,-0.10307112795742795,7.230005178893616e-05,0.0,0.0,1.5,0.40224928565243845,10741.563960238282,10911.912738041314,10960.182902696892,10789.175910134158,0.0,0.0,0.0,0.0,0.0,0.0,nan,0,-0.010305672572599622,0.007782327515949525,-0.018886885208336812
10.644413391,0.39241288564926374,0.07688425224490607,1.4691967960476673,-0.40093610396033685,-0.06613903018223406,0.062045717018917035,0.016394886633494147,-0.09653831551966902,-0.002326646910169559,0.0,0.0,1.5,0.40105847259541777,10786.86258088108,10954.14932760272,10992.94631620015,10827.179883313234,0.0,0.0,0.0,0.0,0.0,0.0,nan,0,-0.003691030896119274,0.0018479362063762578,-0.010563604575439811
10.659044781,0.3990600144090861,0.07244808085432386,1.4650891608263397,-0.40404582574521886,-0.06968361843096922,0.05868658506120062,0.01707389868252026,-0.09844838880491276,-0.0010806446350113714,0.0,0.0,1.5,0.40708277562611744,10753.840479150706,10922.406119053,10953.13304199329,10782.610800668443,0.0,0.0,0.0,0.0,0.0,0.0,nan,0,0.008812109847868677,-0.0015063985211814929,-0.014899255812584444
10.673788684,0.37486663365839074,0.06874596464816365,1.485839217830901,-0.4335402877753533,-0.08820777916052631,0.02607221758320176,0.016184787716237582,-0.09262814447121295,-0.00030642020871138743,0.0,0.0,1.5,0.38138108033490775,10741.761246786256,10905.813593958152,10931.766566702025,10765.59081265655,0.0,0.0,0.0,0.0,0.0,0.0,nan,0,-0.00931914965032532,-0.004087620736174011,0.005622725020601349
10.688571707000001,0.3786022838616999,0.07307285093423617,1.4999911219705195,-0.41341223427490714,-0.08574374123202128,0.016103986285170017,0.0193948597290431,-0.08679215748803448,0.0019701186794975423,0.0,0.0,1.5,0.3855895887699403,10738.481213627427,10904.377204615,10935.61676688787,10771.516475147635,0.0,0.0,0.0,0.0,0.0,0.0,nan,0,0.0006753747058995119,0.0013975440542283585,0.019549424732593135
10.703423856,0.3785705525870314,0.07437610161127364,1.4563721337336666,-0.43291409727553515,-0.08008886349481384,0.0519269631762438,0.015040617284840624,-0.08308983388046726,0.004900651181286631,0.0,0.0,1.5,0.38826647871261544,10741.164510050816,10889.774620248292,10924.050085398354,10782.04225181202,0.0,0.0,0.0,0.0,0.0,0.0,nan,0,0.007089837854105607,0.0038947776982789784,-0.02429262328568349
10.718382569000001,0.3501215032105965,0.06524587055520507,1.4753245281239105,-0.45562400449419577,-0.09163947109626427,0.050539535742181,0.015316163967636357,-0.07641233448329769,0.004870708641942828,0.0,0.0,1.5,0.3570027584588976,10760.937122569072,10892.666579785717,10912.901012734183,10797.290940944118,0.0,0.0,0.0,0.0,0.0,0.0,nan,0,-0.014735524751721019,-0.0040075309144149834,-0.005562080512059309
10.733119211,0.3477098493595876,0.06394897160887608,1.4675330908345303,-0.43930147523599766,-0.0767505511854176,0.03405796239254249,0.01204924012911914,-0.07310760993856316,-0.007334878998247328,0.0,0.0,1.5,0.35502916852317756,10752.040845655229,10879.907551242535,10898.06373543339,10792.620198244342,0.0,0.0,0.0,0.0,0.0,0.0,nan,0,-0.010356126095315221,-0.004044409017587444,-0.013575759395646259
10.74800824,0.36352045862483223,0.07967440312963552,1.4924468739962722,-0.4267010919523679,-0.1166801888623608,0.08389187574493534,0.015376693569912298,-0.07134677667345793,-0.0005705236508737121,0.0,0.0,1.5,0.37222598520965755,10784.068420477335,10883.631880810952,10896.627734185113,10804.3407863273,0.0,0.0,0.0,0.0,0.0,0.0,nan,0,0.012402300249068243,0.012971195344247635,0.011115882783904185
10.762886003,0.3498798126317522,0.07541439082842973,1.480237664035061,-0.4731735645890465,-0.11898406315639024,0.036843007371604945,0.010556736718719612,-0.061090780116463676,0.0020461060065882137,0.0,0.0,1.5,0.35846026774810663,10745.264034501895,10821.551666290527,10844.134032371525,10771.362555757472,0.0,0.0,0.0,0.0,0.0,0.0,nan,0,0.005855376774709264,0.010029503364400574,-0.0013146386132987242
10.777645189000001,0.342059449282372,0.08420853657520677,1.4812751600313352,-0.48108654728335115,-0.06370263044478162,0.021808366589659022,0.013659299174597963,-0.053510233213775266,-0.0018818952150349393,0.0,0.0,1.5,0.3527695623312046,10755.518629586844,10822.117114721681,10848.692918525643,10789.914402819126,0.0,0.0,0.0,0.0,0.0,0.0,nan,0,0.005262855724032678,0.020167927914279307,-0.0004858548576041066
10.792524508000001,0.32242096962830685,0.046657463665782634,1.4922570756929248,-0.48194736832256857,-0.07921316717615012,0.01545921105132309,0.008965315624776801,-0.05463567090289687,-0.0023119349694044225,0.0,0.0,1.5,0.3258713756202077,10784.373555245822,10837.271281083882,10848.131904771177,10802.367390015164,0.0,0.0,0.0,0.0,0.0,0.0,nan,0,-0.007024604640150811,-0.016014966872935285,0.01029664313463341
10.807392786000001,0.3225114007007291,0.0679548722751228,1.4838399067087065,-0.5144877232993137,-0.11067147340105171,0.02495464266910988,0.005590051866801293,-0.04927622180273447,0.0019492724319135136,0.0,0.0,1.5,0.32998881323926393,10797.287078158508,10843.74681538229,10850.276708402425,10804.930413024565,0.0,0.0,0.0,0.0,0.0,0.0,nan,0,0.0005290437865078657,0.006672414263519839,0.0016838468650770544
10.822390238,0.32834304963035554,0.047590799720508996,1.4755300036239418,-0.5177816575071182,-0.07881957218734435,0.06004410396780855,0.006871759321639761,-0.040633829647490904,-0.0033419362020011304,0.0,0.0,1.5,0.3326752518316384,10799.40954393664,10849.090175265277,10853.596945386684,10805.82908913209,0.0,0.0,0.0,0.0,0.0,0.0,nan,0,0.013924839419232116,-0.01228206298629455,-0.006820659603484991
10.837197684000001,0.30823314032329746,0.059362037280506326,1.4688514864237783,-0.5247502560788184,-0.09949053357288275,0.03911844491150463,0.004293279379276831,-0.03523390162811316,0.0009712701180649531,0.0,0.0,1.5,0.31543898009228644,10780.684458674055,10822.69243616158,10820.827876688234,10781.084597371657,0.0,0.0,0.0,0.0,0.0,0.0,nan,0,0.0014683745843818152,0.0009161571986058756,-0.013689809816260556
10.851915604,0.3045208209759242,0.05733941072624269,1.49732663145254,-0.48812599178960425,-0.10685543270845582,0.010953545118256303,0.007902953059632553,-0.03506635079960065,-0.0010775978762861634,0.0,0.0,1.5,0.3098836641865366,10787.433621807177,10823.539770680793,10819.73825904183,10787.267802660026,0.0,0.0,0.0,0.0,0.0,0.0,nan,0,0.0054869695532300256,0.00033564247183407586,0.0146048652189108
10.866772559000001,0.2717300231469247,0.03906352715591962,1.4784075073037675,-0.5130765797923426,-0.08513619077911277,0.066227269570118,0.0015769048086586132,-0.025831297382614218,0.004786774286114294,0.0,0.0,1.5,0.27537138626612306,10802.255026745004,10814.086412043296,10819.046614258326,10809.848356050641,0.0,0.0,0.0,0.0,0.0,0.0,nan,0,-0.019506973825642593,-0.016485178265511213,-0.004487656753830782
10.881806231,0.2841451831242677,0.04857313824050748,1.4797668202660905,-0.5231734624844382,-0.0993422679670327,-0.01804508324826159,0.0011694994537184754,-0.022277651399685523,-0.005752530460404491,0.0,0.0,1.5,0.28897615198040083,10781.769686849757,10792.629469387542,10790.854016399788,10790.302009568393,0.0,0.0,0.0,0.0,0.0,0.0,nan,0,0.0007593173680684462,-0.0055097494399681535,-0.0032949728865776517
10.896720850000001,0.2730673386173655,0.0535512292190045,1.4505647573101492,-0.5526825947050316,-0.09207989944792591,0.029524070814793395,0.0033900241325614112,-0.02044219818769669,0.0014501623920386262,0.0,0.0,1.5,0.2826258105521181,10848.519664479387,10844.6374047371,10842.588702114741,10845.265834823134,0.0,0.0,0.0,0.0,0.0,0.0,nan,0,-0.002424751189099683,0.0009427145602095149,-0.0326596981843974
10.911392181,0.27741110700296207,0.06322588207619839,1.500599564435074,-0.52124524814139,-0.07145522192947304,0.04169714745888188,-0.00019613592600652453,-0.011656536405283153,-0.0020848554204364505,0.0,0.0,1.5,0.2845255593623076,10868.838300560183,10873.19806820705,10865.631299618504,10863.446420114427,0.0,0.0,0.0,0.0,0.0,0.0,nan,0,0.00984406676354077,0.012098145727215202,0.01719911766668436
10.926240746000001,0.2585752965780019,0.051209539142044326,1.463826136092471,-0.5343975688384429,-0.10836068956610516,0.0029780279422850333,-0.0006650938902618269,-0.007529027138732412,0.001669230814410665,0.0,0.0,1.5,0.2660679411908594,10830.607613471819,10819.11802727699,10790.446671595824,10802.224268047436,0.0,0.0,0.0,0.0,0.0,0.0,nan,0,-0.0010471658119172167,0.0015667717966032016,-0.01975964388357654
10.941159228,0.24869187143999139,0.04163794662108365,1.4596810563970124,-0.5490359111547934,-0.10748179640965123,0.020841076171042486,0.00048222443580492064,-0.0005840657611120763,-0.0038000706037456078,0.0,0.0,1.5,0.25535657957531915,10850.820735214953,10832.36422641372,10807.765989781854,10829.129874242035,0.0,0.0,0.0,0.0,0.0,0.0,nan,0,-0.0029782486927064644,-0.0065178413042405944,-0.024085874840677812
10.956025937000001,0.2409299394189178,0.051120234776696846,1.4794377045311184,-0.5303320693474567,-0.11172129641529818,0.01274823561782846,-0.0030016964539342048,0.004355244277555784,0.003259812704608987,0.0,0.0,1.5,0.24715040381714448,10863.724416234134,10843.500685862457,10831.966101330045,10853.387222394167,0.0,0.0,0.0,0.0,0.0,0.0,nan,0,-0.0027915974416406752,0.004451372023822078,-0.00451629002749665
10.97072488,0.25089817949483173,0.05376996871992508,1.4774938788425325,-0.5236992816882315,-0.09057429921082522,0.026352347314077523,-0.003259006007366502,0.005802971172237619,-2.8179655791282564e-05,0.0,0.0,1.5,0.2575803398932402,10865.555540032554,10842.10828059591,10833.540173615636,10861.152186035497,0.0,0.0,0.0,0.0,0.0,0.0,nan,0,0.01510994852993447,0.008585953640984745,-0.00665880287006404
10.985591208,0.21845259656002164,0.04159871135192419,1.4885756199295612,-0.5433298108694535,-0.15389036645617765,-0.04338052846394702,-0.0026929269085378747,0.016644246285437234,1.0042335313662658e-05,0.0,0.0,1.5,0.2226712962865895,10861.195254117583,10826.777097980092,10811.128372956113,10853.661832606524,0.0,0.0,0.0,0.0,0.0,0.0,nan,0,-0.009429014883496567,-0.0021045258612033754,0.0042153642458664375
