time,x,y,z,vx_body,vy_body,vz_body,roll,pitch,yaw,ref_x,ref_y,ref_z,position_error,rpm_0,rpm_1,rpm_2,rpm_3,disturbance_fx,disturbance_fy,disturbance_fz,disturbance_tx,disturbance_ty,disturbance_tz,obstacle_clearance,local_point_count,position_noise_x,position_noise_y,position_noise_z
0.014919241999450605,0.007623141302620059,-0.004341803184943136,0.01426966176653518,-0.0273172101358781,0.044775823368517584,-0.02277935305954649,-0.0038911155255031216,0.0007022956997086363,0.0030425238598548454,nan,nan,nan,nan,0.0,0.0,0.0,0.0,0.0,0.0,0.0,0.0,0.0,0.0,nan,0,nan,nan,nan
0.015560402999653888,0.007126727581297837,-0.018197121718115883,0.01978228987287863,-0.0018415758403964233,0.022936160609265354,0.044194783073124695,-0.0016859247971733643,-0.0006188398534219528,0.00118552265097561,nan,nan,nan,nan,0.0,0.0,0.0,0.0,0.0,0.0,0.0,0.0,0.0,0.0,nan,0,0.007126727581297837,-0.018197121718115883,0.01978228987287863
0.025089076999393,0.0020142228601425245,-0.0032795887891673365,-0.0017632160742557367,-0.04386986140481183,0.014047535788611183,-0.020708724077367187,0.001284908491500936,0.002178305712384331,-0.006975638533647092,nan,nan,nan,nan,0.0,0.0,0.0,0.0,0.0,0.0,0.0,0.0,0.0,0.0,nan,0,0.0020142228601425245,-0.0032795887891673365,-0.0017632160742557367
0.03589304699926288,-0.004613533494779469,-0.009879025280523352,0.02574639275101387,-0.011520102203101545,0.028269707733039908,0.045904246462091486,0.005021438193439261,-0.0009665665699517,0.0032886469408788454,nan,nan,nan,nan,0.0,0.0,0.0,0.0,0.0,0.0,0.0,0.0,0.0,0.0,nan,0,-0.004613533494779469,-0.009879025280523352,0.02574639275101387
0.046557539999412256,-0.007726007629113333,-0.007805805841561417,0.0019852658357758183,0.007890755719752103,0.005088013273001555,-0.008280564842159438,-0.0015252099642714804,0.00112110640646387,0.004298139265052039,nan,nan,nan,nan,0.0,0.0,0.0,0.0,0.0,0.0,0.0,0.0,0.0,0.0,nan,0,-0.007726007629113333,-0.007805805841561417,0.0019852658357758183
0.05708750399935525,0.01344080894580967,0.006434277895071488,-0.0026965470504986865,-0.007564912949599135,0.01405281305162019,0.00643890733225422,0.00021350129798632884,0.0012237348662921445,-0.005254948472431806,nan,nan,nan,nan,0.0,0.0,0.0,0.0,0.0,0.0,0.0,0.0,0.0,0.0,nan,0,0.01344080894580967,0.006434277895071488,-0.0026965470504986865
0.06741012800011958,-0.002757025243278505,-0.012665544508069941,0.008351297287310846,-0.012103061122985075,0.006901212793278999,-0.05013415989693938,0.0005180156578146738,-0.00043108245817220737,-0.001445878911767117,nan,nan,nan,nan,0.0,0.0,0.0,0.0,0.0,0.0,0.0,0.0,0.0,0.0,nan,0,-0.002757025243278505,-0.012665544508069941,0.008351297287310846
0.07788577500014071,-0.00699590363975854,0.00743517007565977,0.009434707512017563,0.006552157350229541,-0.011014315838445317,-0.01930935512023716,0.002203054595554497,0.00046280492808556124,-0.0015504431618344689,nan,nan,nan,nan,0.0,0.0,0.0,0.0,0.0,0.0,0.0,0.0,0.0,0.0,nan,0,-0.00699590363975854,0.00743517007565977,0.009434707512017563
0.08862837299966486,0.017024423674987715,0.0059174052731636615,0.0077955459358072954,0.019071351075178124,0.020688305700168143,-0.019642553616914936,-0.0007279163877938124,0.0025256406846806204,-0.0053359097508263835,nan,nan,nan,nan,0.0,0.0,0.0,0.0,0.0,0.0,0.0,0.0,0.0,0.0,nan,0,0.017024423674987715,0.0059174052731636615,0.0077955459358072954
0.09904248699967866,-0.006813858577717854,0.0036736821095600227,0.011752720281984173,-0.0020001352424170054,-0.005365206625069732,-0.06275897005587254,-0.004183772008099059,2.367331838480911e-05,-0.008461966126733384,nan,nan,nan,nan,0.0,0.0,0.0,0.0,0.0,0.0,0.0,0.0,0.0,0.0,nan,0,-0.006813858577717854,0.0036736821095600227,0.011752720281984173
0.10988944499968056,-0.0068205989298185015,-0.0023714767547744686,-0.001449662218147344,0.014390756385241184,0.0126743728980325,-0.05265279865980059,-0.003324230423854643,-0.0006697001685526706,0.0009043984780049242,nan,nan,nan,nan,0.0,0.0,0.0,0.0,0.0,0.0,0.0,0.0,0.0,0.0,nan,0,-0.0068205989298185015,-0.0023714767547744686,-0.001449662218147344
0.1204954649992942,0.0006889946375519643,-0.00023805970980826156,0.015195772729483924,0.021297361369297267,0.03153509525058597,-0.05883086624576803,0.0017715067282928786,-0.00032410473231839155,-0.004613889286594927,nan,nan,nan,nan,0.0,0.0,0.0,0.0,0.0,0.0,0.0,0.0,0.0,0.0,nan,0,0.0006889946375519643,-0.00023805970980826156,0.015195772729483924
0.13086770199970488,0.023066349036664536,0.004397421851985537,0.009472917980048803,0.0065255930288524,0.02213542446993433,-0.02982145388322955,0.00048455488802597187,-0.002009802221324579,0.00269677037857074,nan,nan,nan,nan,0.0,0.0,0.0,0.0,0.0,0.0,0.0,0.0,0.0,0.0,nan,0,0.023066349036664536,0.004397421851985537,0.009472917980048803
0.14105842399931134,-0.01337381723929927,0.0016090731192857533,0.0013707601185828904,0.011820791815277917,-0.006505426463004473,0.017190927819882042,0.0012717886942515827,0.000365623616670847,-0.0023440769177258754,nan,nan,nan,nan,0.0,0.0,0.0,0.0,0.0,0.0,0.0,0.0,0.0,0.0,nan,0,-0.01337381723929927,0.0016090731192857533,0.0013707601185828904
0.15174299999944196,-0.0051046303392942366,-0.00931139324001815,0.016070466767043292,0.00836271347433415,-0.003482014513821691,0.03855038882279335,-0.0020397508415292034,-0.0029359984235303536,-0.004136024563961216,nan,nan,nan,nan,0.0,0.0,0.0,0.0,0.0,0.0,0.0,0.0,0.0,0.0,nan,0,-0.0051046303392942366,-0.00931139324001815,0.016070466767043292
0.16221257899997,-0.003973340592549345,0.023439946313557957,0.00288695466551225,0.05209109983485257,-0.04305715940895324,-0.009614091690913037,0.0005758057706234972,-0.002975050531367075,0.008278727061883593,nan,nan,nan,nan,0.0,0.0,0.0,0.0,0.0,0.0,0.0,0.0,0.0,0.0,nan,0,-0.003973340592549345,0.023439946313557957,0.00288695466551225
0.1724636239996471,0.005837535841167808,0.007998443434803392,0.006336682664798181,-0.027221627149334397,-0.02693902580318757,-0.0004760412269148853,0.0005181254699714351,0.001867639787768961,-0.0017656704479275915,nan,nan,nan,nan,0.0,0.0,0.0,0.0,0.0,0.0,0.0,0.0,0.0,0.0,nan,0,0.005837535841167808,0.007998443434803392,0.006336682664798181
0.1830892079997284,0.010448194967351063,0.0029363795072105793,0.00575366547973786,-0.0037115370595631196,0.011672572732286156,0.028650605259863487,0.002511666297106489,0.0008001827239239012,-8.883806297964318e-05,nan,nan,nan,nan,0.0,0.0,0.0,0.0,0.0,0.0,0.0,0.0,0.0,0.0,nan,0,0.010448194967351063,0.0029363795072105793,0.00575366547973786
0.19396650799990311,0.0036687611293859867,-0.00030842052803581674,0.023438130838724727,0.0301875603948747,-0.005530159637980935,-0.033196759996554796,0.0003226565112014248,0.002871360589293474,0.0005236928762621563,nan,nan,nan,nan,0.0,0.0,0.0,0.0,0.0,0.0,0.0,0.0,0.0,0.0,nan,0,0.0036687611293859867,-0.00030842052803581674,0.023438130838724727
0.20412583100005577,0.00950524516316936,0.007325472089060124,-0.020328571610491883,-0.012127436924939535,-0.02738448755086549,0.008281230126631275,-0.0019240128261319338,-0.0010541104612331726,-0.002770416256362129,nan,nan,nan,nan,0.0,0.0,0.0,0.0,0.0,0.0,0.0,0.0,0.0,0.0,nan,0,0.00950524516316936,0.007325472089060124,-0.020328571610491883
0.21504640199964342,-0.013338470490787348,0.0024689522885814074,0.014356274135734735,0.04568176185069721,0.04132463611148886,-0.030353204423922836,0.001381362296621066,0.000938956499864542,0.0019086589431812644,nan,nan,nan,nan,0.0,0.0,0.0,0.0,0.0,0.0,0.0,0.0,0.0,0.0,nan,0,-0.013338470490787348,0.0024689522885814074,0.014356274135734735
0.22552045900010853,-0.008523028684533118,0.00935749953667742,0.0032790584142399523,-0.01098075542390977,-0.004028039312341923,0.01466806391818363,-0.0027535285096211702,-0.0040120964851745435,0.00046319590879286064,nan,nan,nan,nan,0.0,0.0,0.0,0.0,0.0,0.0,0.0,0.0,0.0,0.0,nan,0,-0.008523028684533118,0.00935749953667742,0.0032790584142399523
0.23640552899996692,-0.004762650219339264,-0.013931113623399626,-0.003123854472074291,0.021499346886994355,-0.005365567064399563,-0.017918307994620623,0.0032150377852348954,0.0017139655594067785,0.002435755421400127,nan,nan,nan,nan,0.0,0.0,0.0,0.0,0.0,0.0,0.0,0.0,0.0,0.0,nan,0,-0.004762650219339264,-0.013931113623399626,-0.003123854472074291
0.2465868989993396,0.005939026087961026,0.0005962152636486689,0.004139522844252341,0.007098019881507148,-0.02184432743355913,0.001697688741496251,-0.0020361096732478194,-0.0007106074121962475,-7.246312055845397e-05,nan,nan,nan,nan,0.0,0.0,0.0,0.0,0.0,0.0,0.0,0.0,0.0,0.0,nan,0,0.005939026087961026,0.0005962152636486689,0.004139522844252341
0.2568967540000813,0.002784971698987852,0.011095239595203888,0.013953048077349794,0.0030883177687044804,-0.007768114745188981,-0.037556674370647254,-0.0002705689908722989,0.001334651421559999,-0.0050477322251097695,nan,nan,nan,nan,0.0,0.0,0.0,0.0,0.0,0.0,0.0,0.0,0.0,0.0,nan,0,0.002784971698987852,0.011095239595203888,0.013953048077349794
0.2674173509994944,-0.029411998772482212,0.008112925777618045,-0.0031242300433940292,-0.012968788868216934,0.01661189248329139,-0.02014030195570776,-0.0030075569088662524,0.00029944266635571667,0.0032170778584134,nan,nan,nan,nan,0.0,0.0,0.0,0.0,0.0,0.0,0.0,0.0,0.0,0.0,nan,0,-0.029411998772482212,0.008112925777618045,-0.0031242300433940292
0.2778404539994881,0.0032841134968739708,0.005039823828645646,-0.012361717875231465,-0.011601053754342207,0.013145414441409623,0.04170527748191208,-0.0006746343467934771,0.0015606445597139732,-0.003741970051602294,nan,nan,nan,nan,0.0,0.0,0.0,0.0,0.0,0.0,0.0,0.0,0.0,0.0,nan,0,0.0032841134968739708,0.005039823828645646,-0.012361717875231465
0.2885868479997953,0.0017820904067174462,0.012666367435769495,0.026739118892718565,0.04380913404339975,0.01352515773443968,0.06679000069970663,0.001882288241373595,-0.0003165039461763746,-7.50913375631407e-05,nan,nan,nan,nan,0.0,0.0,0.0,0.0,0.0,0.0,0.0,0.0,0.0,0.0,nan,0,0.0017820904067174462,0.012666367435769495,0.026739118892718565
0.2989717959999325,0.006158660572617886,-0.0018997892736001927,0.013630146896908639,0.04369587034307774,-0.028806176092993775,-0.006352649152490558,-0.00022890651620779208,-0.0035051266684796916,-0.002250856348552156,nan,nan,nan,nan,0.0,0.0,0.0,0.0,0.0,0.0,0.0,0.0,0.0,0.0,nan,0,0.006158660572617886,-0.0018997892736001927,0.013630146896908639
0.3095295929997519,-0.006636701335336087,0.00702290902152114,0.005965351718812079,0.013898081625280811,0.021695295821212483,0.028229298339610756,0.0001453233129817795,0.0022683009295332013,-0.000408336318904989,nan,nan,nan,nan,0.0,0.0,0.0,0.0,0.0,0.0,0.0,0.0,0.0,0.0,nan,0,-0.006636701335336087,0.00702290902152114,0.005965351718812079
0.3199862100000246,-0.006998986198108157,-0.008533027880621333,0.0011590674325503085,0.015261660837097239,-0.008095414818440012,0.029261866009365495,-0.0005637377762351664,0.004778348154679954,0.003110887812044011,nan,nan,nan,nan,0.0,0.0,0.0,0.0,0.0,0.0,0.0,0.0,0.0,0.0,nan,0,-0.006998986198108157,-0.008533027880621333,0.0011590674325503085
0.33076602799974353,-0.004310507448533488,-0.00395599818748193,-0.01574007775854294,-0.018501611271615027,0.023283952279116848,-0.025067585930009732,0.0019874917169162435,-0.00160432238220005,-0.007485543330927062,nan,nan,nan,nan,0.0,0.0,0.0,0.0,0.0,0.0,0.0,0.0,0.0,0.0,nan,0,-0.004310507448533488,-0.00395599818748193,-0.01574007775854294
0.34091373100000055,-0.0018817094176157424,-0.00884322799453594,0.002164214396235004,0.05300518525357627,-0.015257418067176667,-0.001459269075296852,0.0003906793836694492,0.0004386570427431222,0.004012894990757102,nan,nan,nan,nan,0.0,0.0,0.0,0.0,0.0,0.0,0.0,0.0,0.0,0.0,nan,0,-0.0018817094176157424,-0.00884322799453594,0.002164214396235004
0.3519038320000618,0.009316800306567582,0.0020613976837899413,-0.01727680134757464,0.0018061221062445224,-0.02503866443785493,0.01631601554649204,-0.0029308427230868746,-0.0018167101787933,-0.0061460124225230905,nan,nan,nan,nan,0.0,0.0,0.0,0.0,0.0,0.0,0.0,0.0,0.0,0.0,nan,0,0.009316800306567582,0.0020613976837899413,-0.01727680134757464
0.36225049199947534,0.012425791477944327,-0.0020004377981196943,0.016437695571961966,-0.01422430253490252,-0.013228939530063688,0.023870534858774023,0.0028653270604708553,-0.00011570259876746326,-0.006569419010468257,nan,nan,nan,nan,0.0,0.0,0.0,0.0,0.0,0.0,0.0,0.0,0.0,0.0,nan,0,0.012425791477944327,-0.0020004377981196943,0.016437695571961966
0.37266546099999687,-0.013445278906177175,-0.014893634681572301,0.016669866189364984,0.020281016206498078,-0.009843118870027813,-0.01861820174395426,0.002413417595101805,-0.002357910240730841,-0.0003753665946852958,nan,nan,nan,nan,0.0,0.0,0.0,0.0,0.0,0.0,0.0,0.0,0.0,0.0,nan,0,-0.013445278906177175,-0.014893634681572301,0.016669866189364984
0.38335053699938726,-0.002939730324644867,-0.013207772887767852,0.00296260637777888,-0.009284817736986662,-0.0028770133453686272,-0.017523089981929838,-0.0006266579130405796,0.002654274371605373,0.004793925553166831,nan,nan,nan,nan,0.0,0.0,0.0,0.0,0.0,0.0,0.0,0.0,0.0,0.0,nan,0,-0.002939730324644867,-0.013207772887767852,0.00296260637777888
0.3939401210000142,0.00024040357854423228,0.02263355956046886,0.02491913346427654,0.009254283949431301,0.001690261146142276,-0.010198213265414124,-0.00168612635989656,0.0029803020001558335,-0.0002512638840969373,nan,nan,nan,nan,0.0,0.0,0.0,0.0,0.0,0.0,0.0,0.0,0.0,0.0,nan,0,0.00024040357854423228,0.02263355956046886,0.02491913346427654
0.40407574599976215,-0.005188374457233947,0.00282147680307173,-0.0025784143347338502,0.0018853271940149452,-0.045858718961929765,-0.010495952935795106,-0.0014442332416207918,-0.000329618345081347,-0.0072658075158104326,nan,nan,nan,nan,0.0,0.0,0.0,0.0,0.0,0.0,0.0,0.0,0.0,0.0,nan,0,-0.005188374457233947,0.00282147680307173,-0.0025784143347338502
0.41483703599988075,-0.00795084597913047,0.017741554302434678,-0.010780354997888316,-0.009711377855814772,0.011190923176840782,0.07276458883297202,0.0003798739730160546,-0.001523693134853247,-0.0004933090944289098,nan,nan,nan,nan,0.0,0.0,0.0,0.0,0.0,0.0,0.0,0.0,0.0,0.0,nan,0,-0.00795084597913047,0.017741554302434678,-0.010780354997888316
0.42547160199956124,-0.0005127314705507245,-0.0037608647620772516,-0.01619032178635969,0.0018160376148201659,0.014970172011743369,-0.03485636786254732,-0.0004912762910030724,-0.0026438923338349437,-0.004184926352489196,nan,nan,nan,nan,0.0,0.0,0.0,0.0,0.0,0.0,0.0,0.0,0.0,0.0,nan,0,-0.0005127314705507245,-0.0037608647620772516,-0.01619032178635969
0.43594051399941236,0.0068310714330234446,-0.000607591651352602,0.007482477187083455,0.0035237581741117533,-0.014639774796713285,0.039240366489433826,0.002244096262342406,-0.0011791394110262728,-0.0007108196474512121,nan,nan,nan,nan,0.0,0.0,0.0,0.0,0.0,0.0,0.0,0.0,0.0,0.0,nan,0,0.0068310714330234446,-0.000607591651352602,0.007482477187083455
0.4465337649999128,0.015294741025692985,0.014862899230541212,0.009522581539040216,-0.010248260475596963,0.04693634623057494,0.010017555714664722,0.0016287897517795566,-0.000762093283931269,0.0048955042675235694,nan,nan,nan,nan,0.0,0.0,0.0,0.0,0.0,0.0,0.0,0.0,0.0,0.0,nan,0,0.015294741025692985,0.014862899230541212,0.009522581539040216
0.4568186879996574,0.0018283338791755925,0.007898176944950349,-0.00907600704706833,-0.007982846078374541,0.06497325953999859,-0.024478665084156425,-0.00255212435838827,0.0024639267732124138,-0.002620306890997693,nan,nan,nan,nan,0.0,0.0,0.0,0.0,0.0,0.0,0.0,0.0,0.0,0.0,nan,0,0.0018283338791755925,0.007898176944950349,-0.00907600704706833
0.4674529909998455,0.0028882995648157107,-0.0026438114912848798,-0.004021935801801767,-0.0043086213225945295,-0.0062094344032454585,-0.05569883747504205,-0.003998343111564504,0.0031379096320265716,-0.0028410719323529025,nan,nan,nan,nan,0.0,0.0,0.0,0.0,0.0,0.0,0.0,0.0,0.0,0.0,nan,0,0.0028882995648157107,-0.0026438114912848798,-0.004021935801801767
0.47801962199991976,0.00262470281738623,0.0010399403326711483,-0.02193045905406306,-0.014813930545551083,0.021827326668593633,-0.08374069020686646,-0.0008906374288669317,-0.0017741121068917923,-0.00091388423080239,nan,nan,nan,nan,0.0,0.0,0.0,0.0,0.0,0.0,0.0,0.0,0.0,0.0,nan,0,0.00262470281738623,0.0010399403326711483,-0.02193045905406306
0.4886369400001058,0.01955294859045933,-0.010134973204237199,0.00900609468012217,0.0014591231463930415,0.003531472734337347,-0.004560339001712528,-0.0010663058494199587,0.0010110553154427098,-0.001219152383398375,nan,nan,nan,nan,0.0,0.0,0.0,0.0,0.0,0.0,0.0,0.0,0.0,0.0,nan,0,0.01955294859045933,-0.010134973204237199,0.00900609468012217
0.49927736099925824,0.00868614313077065,0.0013158760086808882,0.002919386511175028,-0.00898912921460149,0.02772197517187319,-0.026988833526897748,0.00084761437779556,-2.621899674463474e-05,-0.005512781882585205,nan,nan,nan,nan,0.0,0.0,0.0,0.0,0.0,0.0,0.0,0.0,0.0,0.0,nan,0,0.00868614313077065,0.0013158760086808882,0.002919386511175028
0.5095006849996935,0.020678789039197648,-0.016584625520580324,0.008628901479023222,0.00023737357159585854,0.050274256291448875,0.002289532101956054,-0.0012927857564791294,-0.004581289796521176,0.0032961684643918092,nan,nan,nan,nan,0.0,0.0,0.0,0.0,0.0,0.0,0.0,0.0,0.0,0.0,nan,0,0.020678789039197648,-0.016584625520580324,0.008628901479023222
0.5203510539995477,0.007577365836325258,0.00010862580355834729,0.003115010836725813,-0.026402705731560044,-0.008781911483523445,0.023795034387195893,0.004375157700076002,0.00013634040716986156,-0.00836597230161762,nan,nan,nan,nan,0.0,0.0,0.0,0.0,0.0,0.0,0.0,0.0,0.0,0.0,nan,0,0.007577365836325258,0.00010862580355834729,0.003115010836725813
0.5310743370000637,-0.009124704990536869,-0.01146095123437356,-0.003818474142482086,0.011508436483949057,0.01801527320644469,-0.029084245509749255,-0.002390049835963997,0.0006916174636792753,0.0025190028289797045,nan,nan,nan,nan,0.0,0.0,0.0,0.0,0.0,0.0,0.0,0.0,0.0,0.0,nan,0,-0.009124704990536869,-0.01146095123437356,-0.003818474142482086
0.5420384079998257,-0.002218058042281986,-0.014452740625254965,-0.020254048329287472,0.007105488411445821,-0.022525650576401213,-0.01583471422476412,-0.0001153406848047321,0.0027673155654598662,0.006446694728400239,nan,nan,nan,nan,0.0,0.0,0.0,0.0,0.0,0.0,0.0,0.0,0.0,0.0,nan,0,-0.002218058042281986,-0.014452740625254965,-0.020254048329287472
0.5522846589992696,-0.004447445395715137,-0.017327662409372616,0.016640544076094034,-0.025371701046702073,-0.027643031951967902,0.022309914748094916,0.00129488405896191,-0.0006720841292326674,-0.0022908494556860967,nan,nan,nan,nan,0.0,0.0,0.0,0.0,0.0,0.0,0.0,0.0,0.0,0.0,nan,0,-0.004447445395715137,-0.017327662409372616,0.016640544076094034
0.5624982499994076,0.0034996609492130076,0.0067429210605740465,0.009027757573339543,-0.00810544746979572,-0.022995792257047388,-0.018785480629096324,0.0011573009334120972,0.00043831445563935543,-0.0006807620050055591,nan,nan,nan,nan,0.0,0.0,0.0,0.0,0.0,0.0,0.0,0.0,0.0,0.0,nan,0,0.0034996609492130076,0.0067429210605740465,0.009027757573339543
0.5728299449992846,0.0006160409937969015,0.0011139291884183214,-0.0005570471406440993,-0.005349040116978949,-0.006370916728592644,0.004446372983217492,0.0014362014551636184,0.00018898750272175807,0.0022334747599546613,nan,nan,nan,nan,0.0,0.0,0.0,0.0,0.0,0.0,0.0,0.0,0.0,0.0,nan,0,0.0006160409937969015,0.0011139291884183214,-0.0005570471406440993
0.5834829619998345,-9.484881922553827e-05,0.006513710747372111,-0.006888906745008085,-0.006083286769354309,0.03295097000878306,0.021254594516666035,0.000665963467093713,-0.003611868761658119,0.002690170643663866,nan,nan,nan,nan,0.0,0.0,0.0,0.0,0.0,0.0,0.0,0.0,0.0,0.0,nan,0,-9.484881922553827e-05,0.006513710747372111,-0.006888906745008085
0.5937250990000393,-0.004399750299856436,-0.006875109843922797,0.009624646856335045,-0.00558128318950792,-0.02213112851952791,-0.025391555085544727,-0.0008309493740956903,-0.003149357867205637,-0.006003538492122699,nan,nan,nan,nan,0.0,0.0,0.0,0.0,0.0,0.0,0.0,0.0,0.0,0.0,nan,0,-0.004399750299856436,-0.006875109843922797,0.009624646856335045
0.6043506259993592,0.01748623432520113,0.025616977620410895,0.0075390466761366525,0.015335835653295197,-0.012802333553861681,-0.018075587699801495,0.0012328261485053536,-0.001804158887282718,-0.0011944579674882066,nan,nan,nan,nan,0.0,0.0,0.0,0.0,0.0,0.0,0.0,0.0,0.0,0.0,nan,0,0.01748623432520113,0.025616977620410895,0.0075390466761366525
0.6147494439992442,-0.00568507802321797,-0.0029768483578798965,0.0009889598598155885,-0.01734019514385844,-0.005477989808359033,0.008454261071502333,-0.0009181455664916493,-0.004233143161705428,0.0016237479757647052,nan,nan,nan,nan,0.0,0.0,0.0,0.0,0.0,0.0,0.0,0.0,0.0,0.0,nan,0,-0.00568507802321797,-0.0029768483578798965,0.0009889598598155885
0.6260240219999105,0.00418016305598365,0.0015069877500238239,-0.018610293176847648,-0.011993661422355417,-0.015554857398573632,-0.01642629295928499,0.001755729175584578,0.0009781238072322969,-0.00525079877394293,nan,nan,nan,nan,0.0,0.0,0.0,0.0,0.0,0.0,0.0,0.0,0.0,0.0,nan,0,0.00418016305598365,0.0015069877500238239,-0.018610293176847648
0.6359486229994218,0.0068619615121516325,-0.0071051158167523614,0.0017696929015872272,0.032702993758144,-0.033228156623745495,-0.03780888084288458,0.002394170875988262,-1.8817474556968344e-05,-0.0017209509247176698,nan,nan,nan,nan,0.0,0.0,0.0,0.0,0.0,0.0,0.0,0.0,0.0,0.0,nan,0,0.0068619615121516325,-0.0071051158167523614,0.0017696929015872272
0.6466435069996805,0.006852575875250604,0.0014399737484694078,0.004031110813179824,-0.008382532328259695,0.04203023985115271,-0.011965331209483239,-0.00047815470643998225,0.00034377878685597414,-0.0017879829752119735,nan,nan,nan,nan,0.0,0.0,0.0,0.0,0.0,0.0,0.0,0.0,0.0,0.0,nan,0,0.006852575875250604,0.0014399737484694078,0.004031110813179824
0.657604153999273,0.009664308638555176,0.0022702059627634323,-0.020017994979167363,0.006475667294501705,-0.04262760513804237,0.025757075359149405,0.003868640439880869,-0.002138261109688785,-0.0034310464021880035,nan,nan,nan,nan,0.0,0.0,0.0,0.0,0.0,0.0,0.0,0.0,0.0,0.0,nan,0,0.009664308638555176,0.0022702059627634323,-0.020017994979167363
0.6678496349995839,0.004509269372180739,0.008283959670686394,-0.029160029247413326,-0.017963565540660736,-0.051682082841322766,0.07206100360781634,0.0009079936525513053,0.001628918328488793,0.007757453022353824,nan,nan,nan,nan,0.0,0.0,0.0,0.0,0.0,0.0,0.0,0.0,0.0,0.0,nan,0,0.004509269372180739,0.008283959670686394,-0.029160029247413326
0.6781002429997898,-0.013212267232961069,0.0012119696525782107,-0.0010694202463239955,0.011857819493959164,-0.0019297514454481178,0.0196319047938316,-0.0014371193556217067,-0.0005704886305074414,0.0005924090907340896,nan,nan,nan,nan,0.0,0.0,0.0,0.0,0.0,0.0,0.0,0.0,0.0,0.0,nan,0,-0.013212267232961069,0.0012119696525782107,-0.0010694202463239955
0.6890638489994672,-0.030216567700039776,-0.015058985389732176,-0.030765652845355745,-0.04057569142488841,-0.013977805678494815,-0.012615641694745,-7.073388987296097e-05,-0.0017346237755051465,4.499817458786539e-05,nan,nan,nan,nan,0.0,0.0,0.0,0.0,0.0,0.0,0.0,0.0,0.0,0.0,nan,0,-0.030216567700039776,-0.015058985389732176,-0.030765652845355745
0.6989367649994165,-0.001767344107854851,-0.01025669364434564,-0.014345004912962998,-0.014321445481499665,0.0026250685791733585,-0.022020819743281173,-0.0007403625784066516,0.0016444509814207673,-0.0016171360592324559,nan,nan,nan,nan,0.0,0.0,0.0,0.0,0.0,0.0,0.0,0.0,0.0,0.0,nan,0,-0.001767344107854851,-0.01025669364434564,-0.014345004912962998
0.709652831999847,0.004225282555940008,-0.0033594518680114998,0.02244887914529921,0.027226279034159678,-0.004155468704404553,-0.006844705150025282,-0.003330722956706077,0.0023346670201572395,-0.000769237165519244,nan,nan,nan,nan,0.0,0.0,0.0,0.0,0.0,0.0,0.0,0.0,0.0,0.0,nan,0,0.004225282555940008,-0.0033594518680114998,0.02244887914529921
0.7199844959995971,-0.006978809288157094,-0.0024366792708313016,0.020788924672397745,0.0006222566457160762,0.03078308273362753,0.03645814223434731,0.00018319016071736087,0.0004171005747492576,-0.0009440249720357943,nan,nan,nan,nan,0.0,0.0,0.0,0.0,0.0,0.0,0.0,0.0,0.0,0.0,nan,0,-0.006978809288157094,-0.0024366792708313016,0.020788924672397745
0.7304014179999285,0.018453755885923587,-0.005620679499249122,-0.010856491068074337,-0.008318683720744971,-0.0030822720106493014,-0.012809417842527744,-9.641726368858145e-06,-0.0006464563581528794,-0.003069842131382603,nan,nan,nan,nan,0.0,0.0,0.0,0.0,0.0,0.0,0.0,0.0,0.0,0.0,nan,0,0.018453755885923587,-0.005620679499249122,-0.010856491068074337
0.7410942890001024,-0.007014884157666656,-0.008689979018053838,0.0014369120346761958,-0.0029426773855640493,-0.03223972917341896,-0.03511860182642254,-0.004813357700350769,-0.00033199578892902266,-0.0011077580489747276,nan,nan,nan,nan,0.0,0.0,0.0,0.0,0.0,0.0,0.0,0.0,0.0,0.0,nan,0,-0.007014884157666656,-0.008689979018053838,0.0014369120346761958
0.7515338899993367,-0.0023430579576344973,-0.0015639228895544383,0.009482535937514717,-0.010679788772312024,-0.02361458995654049,-0.0697359152707564,-0.003059708817349671,0.0010681852149260504,-0.003274724047439988,nan,nan,nan,nan,0.0,0.0,0.0,0.0,0.0,0.0,0.0,0.0,0.0,0.0,nan,0,-0.0023430579576344973,-0.0015639228895544383,0.009482535937514717
0.7621591509996506,0.005751717310342018,-0.0038728827026887464,0.00613718294770203,-0.016268811036381434,0.005700664977216071,-0.007705617108179462,-6.128486265963465e-05,0.0014090875023739914,0.006048532774896716,nan,nan,nan,nan,0.0,0.0,0.0,0.0,0.0,0.0,0.0,0.0,0.0,0.0,nan,0,0.005751717310342018,-0.0038728827026887464,0.00613718294770203
0.772489360999316,0.003287390024389977,-0.004566690334376786,-0.010870060011089366,0.0031153801368734905,0.01834458949538861,-0.013606505528681324,-0.0011208631128403926,-0.0007708912740159922,-0.005508564489338341,nan,nan,nan,nan,0.0,0.0,0.0,0.0,0.0,0.0,0.0,0.0,0.0,0.0,nan,0,0.003287390024389977,-0.004566690334376786,-0.010870060011089366
0.7834740139996939,0.004032247612203264,0.0012144193290367174,-0.014004409935380584,-0.011847426295109239,-0.022738077898156125,-0.06537061980952903,0.0028464741113585,0.0029578927407294497,0.003149285661529769,nan,nan,nan,nan,0.0,0.0,0.0,0.0,0.0,0.0,0.0,0.0,0.0,0.0,nan,0,0.004032247612203264,0.0012144193290367174,-0.014004409935380584
0.7939648299998225,-0.004294739264413465,-0.0015992436494205115,-0.009213980539501837,0.018189737724350383,0.006221630322697905,-0.07462751607835673,-0.0008366231343598817,-0.0029449730253398513,0.00413111082567723,nan,nan,nan,nan,0.0,0.0,0.0,0.0,0.0,0.0,0.0,0.0,0.0,0.0,nan,0,-0.004294739264413465,-0.0015992436494205115,-0.009213980539501837
0.8044087299995226,0.019803399479964064,0.006651802219314143,-0.045242368484191574,0.007001232916399623,-0.0025360264487607562,0.0037061101256097447,-0.002008509907062394,0.00032982777714335155,0.0016832272245946205,nan,nan,nan,nan,0.0,0.0,0.0,0.0,0.0,0.0,0.0,0.0,0.0,0.0,nan,0,0.019803399479964064,0.006651802219314143,-0.045242368484191574
0.8145664969997597,-0.004274910559331354,0.0041137739871027834,-0.006024390098195135,0.010335960043209434,0.014675127707742434,0.0689542843113823,-0.0011001848134848924,-0.0002907699459035236,-0.0018933108518472334,nan,nan,nan,nan,0.0,0.0,0.0,0.0,0.0,0.0,0.0,0.0,0.0,0.0,nan,0,-0.004274910559331354,0.0041137739871027834,-0.006024390098195135
0.8251844070000516,0.02462080858129708,-0.005875473736917283,-0.016967953556051595,-0.026239508476752143,0.007503237242949222,-0.005891202726689528,0.0013914642828168277,-0.0016852109153835686,0.0016843633274536197,nan,nan,nan,nan,0.0,0.0,0.0,0.0,0.0,0.0,0.0,0.0,0.0,0.0,nan,0,0.02462080858129708,-0.005875473736917283,-0.016967953556051595
0.8360757689997627,-0.013110303251052948,-0.0036246646923318087,0.00048292970128450545,0.014095727287759834,0.005437164090862988,-0.013728745193647635,-0.0006819520479000252,-0.0017875235737798186,-0.002906648029464616,nan,nan,nan,nan,0.0,0.0,0.0,0.0,0.0,0.0,0.0,0.0,0.0,0.0,nan,0,-0.013110303251052948,-0.0036246646923318087,0.00048292970128450545
0.8464376459996856,-0.014841878542597765,-0.009912387212817219,0.00039821590013573846,0.012108140893798936,-0.004380952788010454,0.03697356627096465,0.0038830650694400564,-0.000830908030615012,0.000559684400566409,nan,nan,nan,nan,0.0,0.0,0.0,0.0,0.0,0.0,0.0,0.0,0.0,0.0,nan,0,-0.014841878542597765,-0.009912387212817219,0.00039821590013573846
0.8568587449999541,-0.0075969250921555575,-0.008974348638511773,0.02250243715430941,0.005968556839703774,0.026255391586088507,-0.022059231637618224,-0.00032446319853135974,-0.00032398428259970333,-0.0015146282591707698,nan,nan,nan,nan,0.0,0.0,0.0,0.0,0.0,0.0,0.0,0.0,0.0,0.0,nan,0,-0.0075969250921555575,-0.008974348638511773,0.02250243715430941
0.8674237719997109,-0.011853574516351491,-0.0035593378237605837,-0.020046422354827297,0.0051357553556571015,-0.012354148922266344,-0.040579428203822966,9.479030763857706e-06,-0.0016932964052154573,0.0012749308877156688,nan,nan,nan,nan,0.0,0.0,0.0,0.0,0.0,0.0,0.0,0.0,0.0,0.0,nan,0,-0.011853574516351491,-0.0035593378237605837,-0.020046422354827297
0.8780422729996644,-0.004611925012701256,0.009421496525225058,-0.0030262966805612124,-0.013840670040259385,-0.009155963768968168,-0.0052125710287940115,0.000636289987315538,-0.003071858535076395,-0.0009148094256040074,nan,nan,nan,nan,0.0,0.0,0.0,0.0,0.0,0.0,0.0,0.0,0.0,0.0,nan,0,-0.004611925012701256,0.009421496525225058,-0.0030262966805612124
0.8888714549993892,-0.005992117578331978,-0.0044076338870338355,0.012150137571617071,0.00996035373724134,0.005937870960052524,0.004062899440912044,0.002445203859759029,0.0009657756154226283,0.0019158850952759837,nan,nan,nan,nan,0.0,0.0,0.0,0.0,0.0,0.0,0.0,0.0,0.0,0.0,nan,0,-0.005992117578331978,-0.0044076338870338355,0.012150137571617071
0.8990277550001338,-0.005188905102948285,0.009166665185476094,0.009228532441319996,-0.006295162257427566,0.007774915610579856,-0.01858732534574591,-0.0022993968596339877,0.0011344050792012736,-0.00018679552904485,nan,nan,nan,nan,0.0,0.0,0.0,0.0,0.0,0.0,0.0,0.0,0.0,0.0,nan,0,-0.005188905102948285,0.009166665185476094,0.009228532441319996
0.9093760249998013,-0.014068887442685042,0.017162185900959605,0.02358774866459527,-0.01720900450663437,-0.0026353642065619015,-0.011189742769430707,-0.0026849765902589593,-0.0011887292789065304,0.0005669887711198429,nan,nan,nan,nan,0.0,0.0,0.0,0.0,0.0,0.0,0.0,0.0,0.0,0.0,nan,0,-0.014068887442685042,0.017162185900959605,0.02358774866459527
0.9204410069996811,-0.011353267442800552,0.012287268297242516,0.009271136475062742,-0.00640443923221387,0.014939682594552727,-0.00031874217776064367,0.0008453665225241764,0.00023702521449689407,-0.004462342210632124,nan,nan,nan,nan,0.0,0.0,0.0,0.0,0.0,0.0,0.0,0.0,0.0,0.0,nan,0,-0.011353267442800552,0.012287268297242516,0.009271136475062742
0.9310170369999469,0.002694176964313697,0.014869688567133485,-0.01128766583038308,-0.04060029283139951,0.02936439184920575,-0.014862405704562421,0.0022137517964481404,-0.0002858054526499584,0.002322416712502067,nan,nan,nan,nan,0.0,0.0,0.0,0.0,0.0,0.0,0.0,0.0,0.0,0.0,nan,0,0.002694176964313697,0.014869688567133485,-0.01128766583038308
0.941545457999382,0.00211956286089572,-0.01756017109559856,0.0027968789244918434,-0.002582082774736308,-0.02975905708791353,0.013321208167958351,0.0005871180617721642,-0.0017636720634656336,-0.007487488199909388,nan,nan,nan,nan,0.0,0.0,0.0,0.0,0.0,0.0,0.0,0.0,0.0,0.0,nan,0,0.00211956286089572,-0.01756017109559856,0.0027968789244918434
0.9517619099997319,-0.009675434468213156,0.006679332406175859,0.009201774652798844,-0.00367801702681248,0.03510662556418363,-0.02453495884933838,-0.002627630488607212,0.0032987516081269684,-0.0023238414482386546,nan,nan,nan,nan,0.0,0.0,0.0,0.0,0.0,0.0,0.0,0.0,0.0,0.0,nan,0,-0.009675434468213156,0.006679332406175859,0.009201774652798844
0.962169084999914,-0.014725726575639038,0.009915630607767806,0.012148079669271488,0.0033626757928551894,0.011980981946068881,-0.012681852922322845,0.000798919615051976,0.001940227539490276,0.0002180263047405797,nan,nan,nan,nan,0.0,0.0,0.0,0.0,0.0,0.0,0.0,0.0,0.0,0.0,nan,0,-0.014725726575639038,0.009915630607767806,0.012148079669271488
0.9725224280000475,-0.0067305316108077495,-0.01172537959689658,0.028848363342618595,0.01136777418992351,-0.010954493919225676,-0.012738946104300194,0.0008267521775282297,0.0026678586970655892,-0.000729282326035819,nan,nan,nan,nan,0.0,0.0,0.0,0.0,0.0,0.0,0.0,0.0,0.0,0.0,nan,0,-0.0067305316108077495,-0.01172537959689658,0.028848363342618595
0.9834587449995524,-0.00546027034970899,0.011366054914112841,-0.026447355201148395,0.006299624644884108,-0.015555457121032906,0.009469233298844337,0.0024494886932010236,0.002782407906070649,0.005078459719316578,nan,nan,nan,nan,0.0,0.0,0.0,0.0,0.0,0.0,0.0,0.0,0.0,0.0,nan,0,-0.00546027034970899,0.011366054914112841,-0.026447355201148395
0.9937150179994205,0.0034178016123509285,-0.01658389519511768,-0.002112761883571706,0.016332999557956824,-0.018176073090730042,-0.019145931883022417,4.102033613990753e-05,-0.0019025437928493958,0.0012291121953439785,nan,nan,nan,nan,0.0,0.0,0.0,0.0,0.0,0.0,0.0,0.0,0.0,0.0,nan,0,0.0034178016123509285,-0.01658389519511768,-0.002112761883571706
1.0047039529999893,-0.02211538849735347,-0.013684183604987339,-0.013587540517088473,0.004104345265472106,-0.010651103916458867,-0.033071752967716445,0.0011094923494975688,-0.0005880089570637881,0.0008734769724146629,nan,nan,nan,nan,0.0,0.0,0.0,0.0,0.0,0.0,0.0,0.0,0.0,0.0,nan,0,-0.02211538849735347,-0.013684183604987339,-0.013587540517088473
1.0150271249995058,-0.006141797937566149,-0.006297563484805334,0.012247746760871694,-0.03772312387170594,0.007179901234877386,0.009593986309176699,-0.002068056846080935,0.002843494631806914,0.0055862497525236135,nan,nan,nan,nan,0.0,0.0,0.0,0.0,0.0,0.0,0.0,0.0,0.0,0.0,nan,0,-0.006141797937566149,-0.006297563484805334,0.012247746760871694
1.0255668740001056,-0.010258306338608872,-0.006814923435051479,0.024342614384118194,0.003366265625858399,0.010596630864769701,-0.020410617850186517,-0.001713919856868056,-0.003788574937873744,-0.004312966501342451,nan,nan,nan,nan,0.0,0.0,0.0,0.0,0.0,0.0,0.0,0.0,0.0,0.0,nan,0,-0.010258306338608872,-0.006814923435051479,0.024342614384118194
1.03615734899995,-0.011251551622392669,-0.006753222879756909,-0.002113273805436353,0.0020026022539392768,-0.013950846585777405,-0.002251765072111148,0.000230624749004187,-0.0012780492048379275,-0.000898809790266224,nan,nan,nan,nan,0.0,0.0,0.0,0.0,0.0,0.0,0.0,0.0,0.0,0.0,nan,0,-0.011251551622392669,-0.006753222879756909,-0.002113273805436353
1.0467730229993322,0.006889424561783763,0.002599182742515911,-0.009820121824522979,-0.01300999543221467,4.414096183892575e-05,-0.0037099678109022744,-2.730504625900007e-05,0.0006453161270081302,-0.00497753291356073,nan,nan,nan,nan,0.0,0.0,0.0,0.0,0.0,0.0,0.0,0.0,0.0,0.0,nan,0,0.006889424561783763,0.002599182742515911,-0.009820121824522979
1.0571799230001488,0.0028640446328839094,-0.007627143974975088,-0.00834548109319913,-0.0021938498892732096,-0.0038425588021815146,0.044963683682499984,0.0025372979517202555,-0.000876316373904933,0.0056959220114009,nan,nan,nan,nan,0.0,0.0,0.0,0.0,0.0,0.0,0.0,0.0,0.0,0.0,nan,0,0.0028640446328839094,-0.007627143974975088,-0.00834548109319913
1.0675208919992656,-0.0032094789933960117,-0.002883761872496597,0.016739720401572344,0.013350227137562098,-0.008103450215632396,0.058620193506449834,0.0004288911501883397,0.00046465266068169183,0.007577183125857912,nan,nan,nan,nan,0.0,0.0,0.0,0.0,0.0,0.0,0.0,0.0,0.0,0.0,nan,0,-0.0032094789933960117,-0.002883761872496597,0.016739720401572344
1.078164857000047,0.013438787661130786,-0.00901961680310883,-0.007912743465446594,-0.004133929299421992,0.004504989880656318,-0.0680293508927828,-0.0013729898513200884,0.0015273314311321493,-0.0049158811594957556,nan,nan,nan,nan,0.0,0.0,0.0,0.0,0.0,0.0,0.0,0.0,0.0,0.0,nan,0,0.013438787661130786,-0.00901961680310883,-0.007912743465446594
1.0886426979996031,-0.01917958595310806,0.013432809350815538,-0.0034845796592126743,0.015061611655862105,-0.025718984795229154,0.025422993538341956,-0.0011331417856847714,-0.0005128815192412086,0.0024128958888645657,nan,nan,nan,nan,0.0,0.0,0.0,0.0,0.0,0.0,0.0,0.0,0.0,0.0,nan,0,-0.01917958595310806,0.013432809350815538,-0.0034845796592126743
1.099068227999851,-0.0044500089435349265,-0.012681663309972113,0.02571273424471755,-0.013420088585969303,-0.0011226898857641242,-0.009240488986053567,-0.002536183229564387,-0.002816827763545571,4.288941694012129e-05,nan,nan,nan,nan,0.0,0.0,0.0,0.0,0.0,0.0,0.0,0.0,0.0,0.0,nan,0,-0.0044500089435349265,-0.012681663309972113,0.02571273424471755
1.1097734079994552,-0.013521057782968622,0.009737626637142182,0.023140803853399183,0.01717086745384229,0.028768901876505736,0.02199466278476399,0.000520274549893495,0.004764175007223492,0.0029557490622707143,nan,nan,nan,nan,0.0,0.0,0.0,0.0,0.0,0.0,0.0,0.0,0.0,0.0,nan,0,-0.013521057782968622,0.009737626637142182,0.023140803853399183
1.120315596999717,0.0058822654186072776,0.013138070200755038,-0.028186383613029366,0.007037131787931803,-0.0007995188149656065,-0.06014398183836464,-0.002341594434421384,-0.00035284393329082216,-0.0025414369135876766,nan,nan,nan,nan,0.0,0.0,0.0,0.0,0.0,0.0,0.0,0.0,0.0,0.0,nan,0,0.0058822654186072776,0.013138070200755038,-0.028186383613029366
1.1305177220001497,-0.0023955546287597173,-0.0046283933765907895,0.054637687299389774,-0.005476384918356782,-0.003778748135514636,-0.047648296809377634,-0.0026864348350989923,0.003935664962929577,0.00748782650565697,nan,nan,nan,nan,0.0,0.0,0.0,0.0,0.0,0.0,0.0,0.0,0.0,0.0,nan,0,-0.0023955546287597173,-0.0046283933765907895,0.054637687299389774
1.141058286999396,0.009431076344775701,0.005534503913757118,-0.016942645734369984,0.02123514570738586,0.01040820231911461,-0.013428372092866318,0.0022568945768243046,-0.0012438814469259798,-0.003183539715193389,nan,nan,nan,nan,0.0,0.0,0.0,0.0,0.0,0.0,0.0,0.0,0.0,0.0,nan,0,0.009431076344775701,0.005534503913757118,-0.016942645734369984
1.151701724999839,0.001658952566657628,-0.020340265094958645,0.008872618949546569,0.020190505074796434,-0.013950458950281604,0.03643415409778589,-0.0015203342983969863,-0.004748780293995655,0.0028542610178555355,nan,nan,nan,nan,0.0,0.0,0.0,0.0,0.0,0.0,0.0,0.0,0.0,0.0,nan,0,0.001658952566657628,-0.020340265094958645,0.008872618949546569
1.1622996539999804,-0.005297412246189426,0.005590307494324228,-0.004361684744669618,-0.006908692527093309,0.018418702582019303,0.01123738136462953,-0.003566523094155665,0.0006868058453552831,-0.0016916196131553072,nan,nan,nan,nan,0.0,0.0,0.0,0.0,0.0,0.0,0.0,0.0,0.0,0.0,nan,0,-0.005297412246189426,0.005590307494324228,-0.004361684744669618
1.1726168039995173,-0.011111974063739838,0.0038203960580299704,-0.011882299063346294,0.006901676234148827,0.024935579907082808,0.004430530106786222,-0.00030913704406325767,0.0004905083435640034,0.002908248668757534,nan,nan,nan,nan,0.0,0.0,0.0,0.0,0.0,0.0,0.0,0.0,0.0,0.0,nan,0,-0.011111974063739838,0.0038203960580299704,-0.011882299063346294
1.183486852999522,-0.001954550922174327,-0.012479916654129475,0.0066951989193219635,0.01747727548879091,-0.029291464506636535,-0.040729617375592435,-0.0004860271248041038,0.00020428257772832993,0.00023875687698282817,nan,nan,nan,nan,0.0,0.0,0.0,0.0,0.0,0.0,0.0,0.0,0.0,0.0,nan,0,-0.001954550922174327,-0.012479916654129475,0.0066951989193219635
1.1941133139998783,0.0005341132894435698,0.0009251814819753689,-0.00861277624578388,-0.015487245251264251,-0.020309133194979682,0.0716252497824005,0.00019638982246371946,0.0005200839451806771,0.0025498415325014416,nan,nan,nan,nan,0.0,0.0,0.0,0.0,0.0,0.0,0.0,0.0,0.0,0.0,nan,0,0.0005341132894435698,0.0009251814819753689,-0.00861277624578388
1.2046173519993317,0.005472357874100275,-0.008463785644249256,0.006934026164650546,0.040550980351508795,-0.021351645792395388,-0.0002819250809877558,0.00042704785636100577,0.00046720505076958666,-0.006490463550515936,nan,nan,nan,nan,0.0,0.0,0.0,0.0,0.0,0.0,0.0,0.0,0.0,0.0,nan,0,0.005472357874100275,-0.008463785644249256,0.006934026164650546
1.2148037169999952,-0.010706744139603899,-0.01110799966834835,-0.0041654999075178825,-0.044080511493850456,0.006515771852968601,-0.014363927134194002,-0.000612602639529137,-0.0007115590604101934,0.005443384912144362,nan,nan,nan,nan,0.0,0.0,0.0,0.0,0.0,0.0,0.0,0.0,0.0,0.0,nan,0,-0.010706744139603899,-0.01110799966834835,-0.0041654999075178825
1.2252111230000082,0.004876267508156819,-0.003620255223074248,0.02227254636735075,0.042720617778838677,-0.021011506419095202,0.01070293526646858,-0.0028977277302669508,0.00423821107277215,-0.0008489219888453623,nan,nan,nan,nan,0.0,0.0,0.0,0.0,0.0,0.0,0.0,0.0,0.0,0.0,nan,0,0.004876267508156819,-0.003620255223074248,0.02227254636735075
1.2361723149997488,0.008443041692740358,-0.0024441439142391854,-0.013236716695780786,-0.006120070170305709,-0.02431287839940357,-0.04061643366967243,0.0008185121952617969,-0.0008768690935475726,0.001199522693932683,nan,nan,nan,nan,0.0,0.0,0.0,0.0,0.0,0.0,0.0,0.0,0.0,0.0,nan,0,0.008443041692740358,-0.0024441439142391854,-0.013236716695780786
1.2463817499992729,-0.009362990194488153,-0.013665349346386331,0.0025858681983393496,0.001503125073200653,-0.030607712546350176,0.00949703997746309,-0.0031850413659207755,-0.0035240554831199853,0.0009864710032350642,nan,nan,nan,nan,0.0,0.0,0.0,0.0,0.0,0.0,0.0,0.0,0.0,0.0,nan,0,-0.009362990194488153,-0.013665349346386331,0.0025858681983393496
1.2568290939998406,-0.0038308524868863993,0.003858658157218076,-0.007494533628336302,0.02138168078909577,0.039575326022460895,-0.06188250817973986,0.0005660635001328044,0.004262332064294136,0.004252163797786514,nan,nan,nan,nan,0.0,0.0,0.0,0.0,0.0,0.0,0.0,0.0,0.0,0.0,nan,0,-0.0038308524868863993,0.003858658157218076,-0.007494533628336302
1.2677811619996646,0.0005885455576304441,-0.004259608447175571,-0.009376898484994628,0.008684272194064266,-0.009865119811976674,-0.029284981913334653,-0.004077235948357268,0.0013872079567537963,-0.0007679196507629972,nan,nan,nan,nan,0.0,0.0,0.0,0.0,0.0,0.0,0.0,0.0,0.0,0.0,nan,0,0.0005885455576304441,-0.004259608447175571,-0.009376898484994628
1.278146556000138,0.007485802516016416,-0.0009460784309966293,0.019636503650938993,0.008752321973091622,0.0189174953975996,0.007572831228040241,0.0018831979575119966,0.003628703543604775,-0.007380749434160515,nan,nan,nan,nan,0.0,0.0,0.0,0.0,0.0,0.0,0.0,0.0,0.0,0.0,nan,0,0.007485802516016416,-0.0009460784309966293,0.019636503650938993
1.2887045419993228,-0.021117934651434658,-0.004218676337940317,-0.004697678332363556,0.010007835339126839,0.02027886465620051,0.013652321809808287,-0.003708985747703537,-0.002549013796407474,-0.003326821007922453,nan,nan,nan,nan,0.0,0.0,0.0,0.0,0.0,0.0,0.0,0.0,0.0,0.0,nan,0,-0.021117934651434658,-0.004218676337940317,-0.004697678332363556
1.2990344780000669,-0.0013962598390667358,-0.010729803649438008,0.029595985524787215,-0.027186575621970233,0.013742374001144579,-0.0680939008292483,-0.00015784933793143931,0.00260184569400325,0.001900897774380813,nan,nan,nan,nan,0.0,0.0,0.0,0.0,0.0,0.0,0.0,0.0,0.0,0.0,nan,0,-0.0013962598390667358,-0.010729803649438008,0.029595985524787215
1.3096311199997217,0.0006587966058286903,0.015165926828258954,0.00010614331022003255,-0.04655042652702115,0.0003781632849155261,0.03375564679527303,0.0004621733671917074,-0.001316998906082188,-0.003290817305706368,nan,nan,nan,nan,0.0,0.0,0.0,0.0,0.0,0.0,0.0,0.0,0.0,0.0,nan,0,0.0006587966058286903,0.015165926828258954,0.00010614331022003255
1.3204687739998917,-0.002916640548131048,0.016717520900722732,0.0063199544624876775,0.018746568571228812,0.009071623118103422,-0.010761911847937821,0.002718759659789174,-0.0011897350655734808,0.0006475077796918757,nan,nan,nan,nan,0.0,0.0,0.0,0.0,0.0,0.0,0.0,0.0,0.0,0.0,nan,0,-0.002916640548131048,0.016717520900722732,0.0063199544624876775
1.3308671499999036,-0.0011332193343485278,-0.0023811665695618366,0.031054898757226345,0.015780931104302544,0.018390041946083794,-0.04547224758944284,0.0008272979994625372,-0.001602812993942949,-0.001086002052822186,nan,nan,nan,nan,0.0,0.0,0.0,0.0,0.0,0.0,0.0,0.0,0.0,0.0,nan,0,-0.0011332193343485278,-0.0023811665695618366,0.031054898757226345
1.3412028980001196,0.00034087715649047223,0.009161235769729744,-0.0037447759396949114,-0.0002791295485490847,0.033853196070655484,-0.03583387257628466,0.0005883804863568773,0.0006707997719029989,-0.0020131771897437386,nan,nan,nan,nan,0.0,0.0,0.0,0.0,0.0,0.0,0.0,0.0,0.0,0.0,nan,0,0.00034087715649047223,0.009161235769729744,-0.0037447759396949114
1.3519929539997975,-0.014603529060972549,0.000308675584338874,-0.005204980967589234,0.008318184015712488,0.003347335334524853,0.01570624022568657,-0.0008822140195396478,-0.002867950411636922,-0.003831937119202389,nan,nan,nan,nan,0.0,0.0,0.0,0.0,0.0,0.0,0.0,0.0,0.0,0.0,nan,0,-0.014603529060972549,0.000308675584338874,-0.005204980967589234
1.3625383069993404,-0.008832773606557837,0.006201422088787432,-0.00036344525022238415,0.009629202390248476,0.023389674521152273,-0.016416623649166216,-0.0002329139250427959,0.0023278537659293047,0.009100571450915713,nan,nan,nan,nan,0.0,0.0,0.0,0.0,0.0,0.0,0.0,0.0,0.0,0.0,nan,0,-0.008832773606557837,0.006201422088787432,-0.00036344525022238415
1.3728257299999314,0.015337066086741473,-0.00273122045674963,-0.01863603064670299,0.022474119180894956,0.01004581679409135,0.02326099079546507,-0.0030940372470967263,0.0015611015402381904,0.00034235996339432274,nan,nan,nan,nan,0.0,0.0,0.0,0.0,0.0,0.0,0.0,0.0,0.0,0.0,nan,0,0.015337066086741473,-0.00273122045674963,-0.01863603064670299
1.3834298219999255,0.008764006899786566,0.007872987020398806,-0.004358600817285715,-0.004706932963338639,0.012815065436293916,-0.030528235824992308,-0.0007412867520499153,-0.001600414382771563,0.001425787211782729,nan,nan,nan,nan,0.0,0.0,0.0,0.0,0.0,0.0,0.0,0.0,0.0,0.0,nan,0,0.008764006899786566,0.007872987020398806,-0.004358600817285715
1.3938057289997232,0.01270932642396477,0.0057333006436068494,0.02650812473094135,-0.0045240796481429875,0.017674903509071,-0.029780145537754977,-0.0014871129684880676,0.0002739967911905796,-0.007505145551189981,nan,nan,nan,nan,0.0,0.0,0.0,0.0,0.0,0.0,0.0,0.0,0.0,0.0,nan,0,0.01270932642396477,0.0057333006436068494,0.02650812473094135
1.404578001000118,-0.0005905259566989834,0.005487118011506958,0.02026818591458458,0.016380494821118634,-0.022769071092288328,-0.04295214216523276,-0.0014129886668558806,0.0015016066456314382,-0.0011863214299324843,nan,nan,nan,nan,0.0,0.0,0.0,0.0,0.0,0.0,0.0,0.0,0.0,0.0,nan,0,-0.0005905259566989834,0.005487118011506958,0.02026818591458458
1.415203945999565,0.00012717665372327468,-0.01807072000453683,-0.05135162363118967,0.029296483225595978,-0.024676493345468987,0.03869743999817015,-0.004771486472950779,0.00015905315627947526,0.004339992620581121,nan,nan,nan,nan,0.0,0.0,0.0,0.0,0.0,0.0,0.0,0.0,0.0,0.0,nan,0,0.00012717665372327468,-0.01807072000453683,-0.05135162363118967
1.4256326059994535,0.00823687278543302,-0.0059910202903727785,0.0002359881011525807,0.005963217248613081,-0.014886054067769468,-0.018900298720627727,-0.00014434908086207918,-0.0005004983538309998,0.004103290457659884,nan,nan,nan,nan,0.0,0.0,0.0,0.0,0.0,0.0,0.0,0.0,0.0,0.0,nan,0,0.00823687278543302,-0.0059910202903727785,0.0002359881011525807
1.4362981690001106,-0.02014836653808279,-0.00819586266174677,-0.00358579630563638,-0.00753067813514375,0.014124044785573175,-0.03032627671870333,0.0020825098614067295,-0.002841429763517208,-0.009433704494865414,nan,nan,nan,nan,0.0,0.0,0.0,0.0,0.0,0.0,0.0,0.0,0.0,0.0,nan,0,-0.02014836653808279,-0.00819586266174677,-0.00358579630563638
1.4464572549995864,-0.013065124491716101,0.008402002139744449,0.0056075314794534654,-0.021541408872482036,-0.016016736141722835,-0.0009551617506371364,0.0018330990313799264,0.00229228265587899,0.001453637978830492,nan,nan,nan,nan,0.0,0.0,0.0,0.0,0.0,0.0,0.0,0.0,0.0,0.0,nan,0,-0.013065124491716101,0.008402002139744449,0.0056075314794534654
1.4568464949998088,0.004087232735568121,-0.0025535053043230795,-0.019478588675599047,-0.005656959229348248,0.014933680511576461,-0.022524930738612815,-0.002434610640204461,-0.0010351654705718478,-0.005687008990061704,nan,nan,nan,nan,0.0,0.0,0.0,0.0,0.0,0.0,0.0,0.0,0.0,0.0,nan,0,0.004087232735568121,-0.0025535053043230795,-0.019478588675599047
1.4674269449997155,0.009626849337333822,0.0034268896674878226,0.010259235826966388,-0.029398981716124515,0.03150830006726616,0.0469715673678171,0.001608878247025952,0.002105797314922292,0.006221865580005212,nan,nan,nan,nan,0.0,0.0,0.0,0.0,0.0,0.0,0.0,0.0,0.0,0.0,nan,0,0.009626849337333822,0.0034268896674878226,0.010259235826966388
1.4783433459997468,0.00250021316150011,0.00197581343038385,0.013718446888645746,0.008837696539080276,0.03717614998790109,-0.00807223240441068,-0.0030464491922547955,0.0020410444620213393,-0.00308521166897644,nan,nan,nan,nan,0.0,0.0,0.0,0.0,0.0,0.0,0.0,0.0,0.0,0.0,nan,0,0.00250021316150011,0.00197581343038385,0.013718446888645746
1.4886148289997436,-0.01678078821968183,0.0031124662497874845,-0.014958181729966507,-0.010544600382262433,0.03384319770686052,0.010972883324927811,-0.004201755182661604,-0.0008007882589691408,0.003293665334567341,nan,nan,nan,nan,0.0,0.0,0.0,0.0,0.0,0.0,0.0,0.0,0.0,0.0,nan,0,-0.01678078821968183,0.0031124662497874845,-0.014958181729966507
1.4993374579999,0.007798640521375172,0.009376009495650473,-0.005059860043048916,0.010012908212728282,0.00991824670469784,0.01174613195092066,0.0023782917622246534,0.0026596605116254923,-0.002408343346539996,nan,nan,nan,nan,0.0,0.0,0.0,0.0,0.0,0.0,0.0,0.0,0.0,0.0,nan,0,0.007798640521375172,0.009376009495650473,-0.005059860043048916
1.5095379579997825,-0.0030516750335099286,0.020501951990096027,0.02550624199268494,0.04016765142108667,0.008298394498845486,0.015326708145918288,0.00358183251575817,0.0025473094639508497,-0.001656197713189386,nan,nan,nan,nan,0.0,0.0,0.0,0.0,0.0,0.0,0.0,0.0,0.0,0.0,nan,0,-0.0030516750335099286,0.020501951990096027,0.02550624199268494
1.520114473999456,-0.007408484058458797,0.009480894687716233,-0.019489980884880426,0.001821579482592411,0.017249689239221745,-0.0015609019038989034,0.0008220689159401703,-0.0006473802973487944,-0.002806926193105377,nan,nan,nan,nan,0.0,0.0,0.0,0.0,0.0,0.0,0.0,0.0,0.0,0.0,nan,0,-0.007408484058458797,0.009480894687716233,-0.019489980884880426
1.5308824419998928,-0.0022348599500685686,0.0029308490813618167,0.009347204849354914,-0.04680951871445004,0.01800596219032582,-0.003696878463857827,0.00021068226859126293,-0.004446369258236829,-0.0007203940057276472,nan,nan,nan,nan,0.0,0.0,0.0,0.0,0.0,0.0,0.0,0.0,0.0,0.0,nan,0,-0.0022348599500685686,0.0029308490813618167,0.009347204849354914
1.5412677369995436,-0.00827795048929893,0.01730447268998086,0.020221141752049688,-0.01982948201586798,0.028087725526961385,0.03569745268722277,-0.002984501737297444,-0.003581234338989768,0.004465552892681437,nan,nan,nan,nan,0.0,0.0,0.0,0.0,0.0,0.0,0.0,0.0,0.0,0.0,nan,0,-0.00827795048929893,0.01730447268998086,0.020221141752049688
1.5519012380000277,0.011811609563185005,-0.0017458000884237003,-0.009300008046142874,0.008817604230118348,-0.0019538632029042114,-0.029693183755233672,-0.0007433702558013825,-7.244042492325785e-05,0.0014761786387377733,nan,nan,nan,nan,0.0,0.0,0.0,0.0,0.0,0.0,0.0,0.0,0.0,0.0,nan,0,0.011811609563185005,-0.0017458000884237003,-0.009300008046142874
1.5623880559996906,0.009805538553711069,0.009166774345294722,0.004938617234149309,0.0018974845170350138,0.032935559340941535,0.03601084448289672,0.0006833781186625483,0.0015701761866062096,0.004790311428432079,nan,nan,nan,nan,0.0,0.0,0.0,0.0,0.0,0.0,0.0,0.0,0.0,0.0,nan,0,0.009805538553711069,0.009166774345294722,0.004938617234149309
1.5730073579998134,0.0076436979769869216,0.003727788789231707,-0.015779807882474937,-0.0038800505176590666,-0.027906065038314047,-0.03389306194481836,0.002052821280250733,-0.001198497369774102,0.0005813447616076161,nan,nan,nan,nan,0.0,0.0,0.0,0.0,0.0,0.0,0.0,0.0,0.0,0.0,nan,0,0.0076436979769869216,0.003727788789231707,-0.015779807882474937
1.5849751979994835,-0.010122455018378128,0.0081584692957989,-0.004586580729596983,-0.009421193605775095,-0.011502431949086437,0.019743025551268514,-0.0006663704841268808,-0.0008435812941240586,0.006419398475495705,nan,nan,nan,nan,0.0,0.0,0.0,0.0,0.0,0.0,0.0,0.0,0.0,0.0,nan,0,-0.010122455018378128,0.0081584692957989,-0.004586580729596983
1.605258608999975,0.018689846732292487,-0.00856906635157229,0.010350880313753408,-0.025059621980251093,-0.009399571497514858,-0.03947234119745837,-0.0018725670915309231,-0.0007900768313072303,0.001211027624390939,nan,nan,nan,nan,0.0,0.0,0.0,0.0,0.0,0.0,0.0,0.0,0.0,0.0,nan,0,0.018689846732292487,-0.00856906635157229,0.010350880313753408
1.6154850989996703,0.011029593017709971,-0.001971506651879279,0.007970411822677308,0.003765170830480793,0.020512420002717045,0.07346914062865348,-0.0007623562632465544,0.0003729760204677929,0.002336142699290256,nan,nan,nan,nan,0.0,0.0,0.0,0.0,0.0,0.0,0.0,0.0,0.0,0.0,nan,0,0.011029593017709971,-0.001971506651879279,0.007970411822677308
1.6265255479993357,2.676408100066027e-05,0.01392946188933469,0.008432194167640737,-0.010994446525016485,-0.029254426360308432,0.02492649157392145,-0.0032614564149514923,0.003560927681732583,-0.0021611154079016755,nan,nan,nan,nan,0.0,0.0,0.0,0.0,0.0,0.0,0.0,0.0,0.0,0.0,nan,0,2.676408100066027e-05,0.01392946188933469,0.008432194167640737
1.6365052709998054,-0.005373679105001269,0.00421683014337601,-0.0011051395849762918,-0.013464512940946268,0.02418274263919432,-0.01982709961905723,-0.00039409857640032066,-0.000399164195039872,0.0007361215165358106,nan,nan,nan,nan,0.0,0.0,0.0,0.0,0.0,0.0,0.0,0.0,0.0,0.0,nan,0,-0.005373679105001269,0.00421683014337601,-0.0011051395849762918
1.6468662409997705,-0.004781781942195981,-0.00427732079822007,0.011791989147560139,-0.02832851133868469,-0.014027846397856533,-0.011895754056892444,-0.0027422593709808857,-0.0031197745618942413,0.002641348686836395,nan,nan,nan,nan,0.0,0.0,0.0,0.0,0.0,0.0,0.0,0.0,0.0,0.0,nan,0,-0.004781781942195981,-0.00427732079822007,0.011791989147560139
1.6569936799996867,-0.012176074701932597,0.01195878353395194,0.0179863264647354,0.01639215267647416,0.006865481568620441,0.011384468781445195,-0.0035142911973630757,0.004310681310416811,-0.0017472095247364748,nan,nan,nan,nan,0.0,0.0,0.0,0.0,0.0,0.0,0.0,0.0,0.0,0.0,nan,0,-0.012176074701932597,0.01195878353395194,0.0179863264647354
1.6679542589999983,-0.0047915937958874074,-0.0036270994299215783,-0.00821232245612934,0.07377343437280119,-0.006764837126989048,-0.0009810983921476708,0.0006807090827868116,-0.001023265788819737,-0.009897395690819264,nan,nan,nan,nan,0.0,0.0,0.0,0.0,0.0,0.0,0.0,0.0,0.0,0.0,nan,0,-0.0047915937958874074,-0.0036270994299215783,-0.00821232245612934
1.6787356869999712,-0.0007169195423880047,-0.013090922196108374,-0.008217798069729745,-0.007234920342067539,-0.015567981528951651,-0.012416945113537067,0.0012816997916671503,-0.001605281548027605,0.0036261344736750844,nan,nan,nan,nan,0.0,0.0,0.0,0.0,0.0,0.0,0.0,0.0,0.0,0.0,nan,0,-0.0007169195423880047,-0.013090922196108374,-0.008217798069729745
1.6888334469995243,-0.002904251882797169,-0.016241512685458745,-0.0032911076227689472,0.03640402026355928,-0.03062720195238093,-0.003178177154507348,-0.003871943135976532,0.004326260301045279,-0.004287456489613809,nan,nan,nan,nan,0.0,0.0,0.0,0.0,0.0,0.0,0.0,0.0,0.0,0.0,nan,0,-0.002904251882797169,-0.016241512685458745,-0.0032911076227689472
1.6996217159994558,0.01236689167009758,0.0171189369898056,-0.017018740361641055,0.0036624372495223283,0.01771204960135689,0.02406329166184663,0.0009284625551316794,-0.0011360244959403897,-0.0010869214363089506,nan,nan,nan,nan,0.0,0.0,0.0,0.0,0.0,0.0,0.0,0.0,0.0,0.0,nan,0,0.01236689167009758,0.0171189369898056,-0.017018740361641055
1.7098974139998973,0.0016628636172578038,-0.015282295402181963,0.0022309558520291423,0.04986768489225304,0.0006563026349130225,-0.00024509690249703667,0.0008804808558828077,-0.0001486392680487933,0.004661624253449793,nan,nan,nan,nan,0.0,0.0,0.0,0.0,0.0,0.0,0.0,0.0,0.0,0.0,nan,0,0.0016628636172578038,-0.015282295402181963,0.0022309558520291423
1.7206284750000123,0.016585910970236352,0.005372263401786956,0.0005251358183675709,0.011873433113514808,-0.04564324650063229,-0.011484450276034938,-9.250723452163092e-05,0.0006877514773522611,-0.002353406162315538,nan,nan,nan,nan,0.0,0.0,0.0,0.0,0.0,0.0,0.0,0.0,0.0,0.0,nan,0,0.016585910970236352,0.005372263401786956,0.0005251358183675709
1.7310393889993065,0.009393048855430929,0.017688950039847433,0.0005736695664930387,-0.045569549890944305,0.0024265028639133494,0.030990620652515857,-0.004091956822737693,-0.0018903326841865193,0.003723330517304409,nan,nan,nan,nan,0.0,0.0,0.0,0.0,0.0,0.0,0.0,0.0,0.0,0.0,nan,0,0.009393048855430929,0.017688950039847433,0.0005736695664930387
1.7414269329992749,0.00465496648234524,0.021371740863463082,-0.017146898154490983,0.02643928525343156,0.0041122232950921165,-0.06600395927110028,-0.0014530733504078044,-4.375629877424366e-05,0.004621411834931967,nan,nan,nan,nan,0.0,0.0,0.0,0.0,0.0,0.0,0.0,0.0,0.0,0.0,nan,0,0.00465496648234524,0.021371740863463082,-0.017146898154490983
1.7524087409992717,-0.010201163293826062,-0.007106325477133853,0.0074393513807725475,0.0031597115143642504,0.02579232781528493,-0.002526935453541541,-0.0031496921556000068,0.0001255076275811022,-0.0014917407913247898,nan,nan,nan,nan,0.0,0.0,0.0,0.0,0.0,0.0,0.0,0.0,0.0,0.0,nan,0,-0.010201163293826062,-0.007106325477133853,0.0074393513807725475
1.7630594469992502,0.02382870730067576,-0.00243473145062755,-0.004522566060382179,0.019435882502244532,0.019697682583385046,-0.04939162011113521,-0.00300049000688786,0.003689483605463522,0.00198498358929415,nan,nan,nan,nan,0.0,0.0,0.0,0.0,0.0,0.0,0.0,0.0,0.0,0.0,nan,0,0.02382870730067576,-0.00243473145062755,-0.004522566060382179
1.7728469679996124,0.011062235100854464,-0.0021802252855329233,-0.009644364636158595,0.007077177706542316,0.012270970668053337,0.011239358809206736,0.0015298209853486914,-0.0012952176891602048,-0.0005124014013934955,nan,nan,nan,nan,0.0,0.0,0.0,0.0,0.0,0.0,0.0,0.0,0.0,0.0,nan,0,0.011062235100854464,-0.0021802252855329233,-0.009644364636158595
1.7839391620000242,-0.00030607647285449163,0.015166151175472747,-0.008185998620382415,0.013681334593029523,0.010437757963716958,-0.009736450898210075,4.262980076563132e-05,0.000549832339946408,-0.007241452955677262,nan,nan,nan,nan,0.0,0.0,0.0,0.0,0.0,0.0,0.0,0.0,0.0,0.0,nan,0,-0.00030607647285449163,0.015166151175472747,-0.008185998620382415
1.794130541999948,-0.00603557838943806,0.017846696729605243,0.005603005801099754,0.009563212172070472,0.008449939545224177,0.02201382826855155,-0.0006399077851733166,0.0040836099245816875,0.0022636840072931238,nan,nan,nan,nan,0.0,0.0,0.0,0.0,0.0,0.0,0.0,0.0,0.0,0.0,nan,0,-0.00603557838943806,0.017846696729605243,0.005603005801099754
1.8045858779996706,0.001993137423332026,-0.005987291107197809,0.002469208524589945,-0.005969980715539409,-0.0010346455341176365,0.04836201373032256,1.4378779013917408e-05,0.0008071249966048763,0.0020578757933834074,0.0,0.0,1.5,1.4975440867195058,3912.8958125867794,3844.7650279707304,4082.399536935579,3733.4501092718037,0.0,0.0,0.0,0.0,0.0,0.0,nan,0,0.0019931373588212174,-0.0059872911222096205,0.002469208524589945
1.8148404670000673,-0.0027972658066217253,-0.0010568344579068988,0.017060500703452917,-0.025688438430292348,0.014492525091182805,-0.01773896412786516,4.312937266989108e-05,-0.0030635545147740177,8.914567795880742e-06,0.0,0.0,1.5,1.482942514114744,3912.8958125867794,3844.7650279707304,4082.399536935579,3733.4501092718037,0.0,0.0,0.0,0.0,0.0,0.0,nan,0,-0.0027972704686145687,-0.0010568355522946526,0.017060500703452917
1.8253752509999686,0.00656512001296942,-0.020221351954448696,0.003954093416505531,0.01943307968494497,0.023920725617749265,-0.0018532353929252541,-0.003130050301420966,-0.0015881284709109683,-0.004968149452286694,0.0,0.0,1.5,1.4961969651355669,8719.91853304528,8571.460252354607,9104.50056836798,8318.69418759698,0.0,0.0,0.0,0.0,0.0,0.0,nan,0,0.006565065040541432,-0.020221365027128884,0.003954093416505531
1.836078847999488,-0.0007219511493141944,0.014740408322739835,0.0008858793823932244,0.010595282909871244,0.002446082012791093,0.0002521894191466828,-0.0008514067021460266,0.0011926041038422149,-0.00014676376814682282,0.0,0.0,1.5,1.4991867620433699,10161.293799858768,9983.36992609382,10602.905128610873,9694.520503782276,0.0,0.0,0.0,0.0,0.0,0.0,nan,0,-0.0007222604616997659,0.014740334733336411,0.0008858793823932244
1.8468824189994848,-0.022707409442459442,0.008091122987372317,-0.011634612118294163,-0.008136207744454019,-0.01707578921036313,0.040688401985601134,-0.00016358353022240008,0.00275337054865292,0.0022845411877310475,0.0,0.0,1.5,1.5118268066378535,11196.92442880563,10993.905416755917,11671.608765290199,10686.04966908102,0.0,0.0,0.0,0.0,0.0,0.0,nan,0,-0.02270856039353378,0.008090849630070675,-0.011649429222149545
1.8570056589996966,0.003962245245718435,0.020424471491457645,-0.0022015704680474588,-0.016258637554158403,0.020031384914833944,0.00857011313735718,-0.0007403546137720529,0.003847723179730565,0.0021843812548468654,0.0,0.0,1.5,1.5023456382403353,11941.58618083374,11716.803236906992,12431.383646023367,11403.123462442283,0.0,0.0,0.0,0.0,0.0,0.0,nan,0,0.00395895725208541,0.02042369097648539,-0.002363846527045173
1.8675509599997895,0.016705624672134475,-0.015564513980191597,-0.00312410107541212,0.007412146877031766,0.04222646392026943,0.01043681640990859,-0.001028272538201829,0.003468697951293549,0.0007949666226304862,0.0,0.0,1.5,1.5032975072236672,12480.998849499692,12236.799046147322,12967.937239362353,11919.187525411971,0.0,0.0,0.0,0.0,0.0,0.0,nan,0,0.016697800273294996,-0.015566373460156742,-0.0036906724185966863
1.8782028269997681,0.01766535243998459,-0.0020766449356175174,-0.008884810611327586,0.0033433537510986,0.002065514672592566,0.07264250499865549,0.00021199205187904472,0.004277952237929555,0.0020715348075887844,0.0,0.0,1.5,1.5089896450355778,12869.168212558356,12606.39097152581,13347.103303809141,12295.673768034516,0.0,0.0,0.0,0.0,0.0,0.0,nan,0,0.0176490542387995,-0.0020805260574007496,-0.010205573033928734
1.8886406020001232,0.011939735447368632,-0.01296615245844791,-0.023051018040385958,-0.018550569923821175,0.0247422984057799,0.13914611988836031,-0.0029294918881992518,0.006192021533614259,0.005388257877480853,0.0,0.0,1.5,1.5231530067416028,13148.643524408435,12868.092183248324,13612.367656485027,12574.285935015043,0.0,0.0,0.0,0.0,0.0,0.0,nan,0,0.011909043184698572,-0.012973478768638831,-0.02554457003004513
1.8992687029995068,0.009739487531821828,-0.0016776822547880984,0.00752670977899861,-0.01781821781643926,0.0039008724734487434,0.20009319643701776,-0.002501400447351122,0.009141891057008262,0.007308899610742568,0.0,0.0,1.5,1.4925060114646882,13357.11028334636,13058.615457117876,13791.823066620309,12778.432125832718,0.0,0.0,0.0,0.0,0.0,0.0,nan,0,0.009686062081162256,-0.0016904704903191465,0.003391412503254433
1.9096451269997488,0.007474574737958416,0.0020729682516398115,0.002317778416714624,0.02115595485398552,-0.022607594488551517,0.2222591735444313,0.0024137945770311775,0.006778366191911254,0.0076201736691191005,0.0,0.0,1.5,1.4977023079742955,13509.2234360061,13194.511242533079,13913.990785999968,12932.8670373494,0.0,0.0,0.0,0.0,0.0,0.0,nan,0,0.007387244661289618,0.0020519977629568716,-0.003964988784919724
1.9202965609993043,-0.0024169350517341016,0.011917123565747726,0.01178954615204842,0.023610729979111893,-0.0033738889693883272,0.32744619829119676,-0.003332338035710931,0.009416343058860174,0.012971024442582347,0.0,0.0,1.5,1.4882601299340958,13612.598584301602,13286.441352086837,13999.053733665602,13050.76071156121,0.0,0.0,0.0,0.0,0.0,0.0,nan,0,-0.0025525532555522867,0.011884442589279688,0.002827147300445046
1.9316520279999168,-0.0074083812655624,0.0018178746975254794,0.009091994441990964,0.007309031406822514,-0.019672961233492804,0.3538504735050646,-0.005158090384395961,0.01434704801590218,0.013944442763804514,0.0,0.0,1.5,1.4909275199748486,13697.257431691347,13358.401127347759,14047.469164417309,13139.038692913597,0.0,0.0,0.0,0.0,0.0,0.0,nan,0,-0.007610231964086307,0.0017690429689916603,-0.0031012268272249278
1.9413610869996774,0.0019820909505558365,0.010713492670289891,0.010700737609396119,0.0438479733659199,0.004429739623242109,0.38958295187737507,-0.0013688765027985335,0.016450212907541818,0.015809968782096315,0.0,0.0,1.5,1.4893391153686018,13761.65477011318,13409.397027189312,14076.512614050043,13212.301975948823,0.0,0.0,0.0,0.0,0.0,0.0,nan,0,0.0016921818025339426,0.010643054856494716,-0.0052885129989932375
1.9518705319997025,-0.021260645252064527,0.008321316422173533,0.02318023620909559,-0.007162496556463124,-0.0014871286410053817,0.4727443297598114,-0.005563829779309993,0.0207596988354153,0.027305891051101722,0.0,0.0,1.5,1.4769962335994478,13808.87921275551,13444.949207359536,14092.473387095402,13269.790874586726,0.0,0.0,0.0,0.0,0.0,0.0,nan,0,-0.021664603460422677,0.008222706261660497,0.0028195837672813813
1.962179297000148,0.010883417254312508,-0.0004373732463112586,0.026049657130587964,0.002565011993170568,0.029795334380945816,0.5243357221454629,-0.008172321038943959,0.020454723251033213,0.01986613893316752,0.0,0.0,1.5,1.4739905879317363,13808.87921275551,13444.949207359536,14092.473387095402,13269.790874586726,0.0,0.0,0.0,0.0,0.0,0.0,nan,0,0.01033500427145507,-0.000571924839563919,0.0007348069460141569
1.9728626609994535,0.00914365384899761,0.014634732207903154,0.03541073386514581,0.013018365662252337,-0.012683071401182851,0.581706617811102,-0.008254065212291842,0.026639796241972283,0.020610043584167338,0.0,0.0,1.5,1.4646909231199388,13881.969405020467,13498.89749567941,14089.384198199295,13353.758789002208,0.0,0.0,0.0,0.0,0.0,0.0,nan,0,0.008415747357491815,0.014455181825857526,0.004553431056163005
1.9832786959996156,-0.006258702491208311,-0.008254792600422932,0.022427608324258864,-0.020951780913756143,0.008043682991973526,0.606455729727905,-0.008608510330641484,0.028986686507215306,0.034441113730467786,0.0,0.0,1.5,1.477608705172015,13907.661624016457,13512.90982282872,14083.559415909584,13389.734215594404,0.0,0.0,0.0,0.0,0.0,0.0,nan,0,-0.007205961523967672,-0.008489763206996926,-0.01456442620948703
1.9939625369997884,0.013443838468349404,-0.004185936381988706,0.023757696590152824,-1.9576013287620967e-05,0.017688740511269552,0.6313154142810191,-0.007096518278656873,0.035136716811799015,0.038097535428644864,0.0,0.0,1.5,1.4763094517183613,13925.174603406163,13529.642580808952,14071.005685364466,13421.55459828692,0.0,0.0,0.0,0.0,0.0,0.0,nan,0,0.012232388355958006,-0.004488182218354628,-0.01996437680952532
2.0045949289997225,0.012647084055246883,0.011881480571421485,0.014359971639340753,0.0144990832700766,0.0004609768890162345,0.7091434629556748,-0.008268092954447774,0.036324362494653185,0.03514697237809972,0.0,0.0,1.5,1.485741367864249,13939.775159952353,13541.484431729845,14057.896046715992,13452.484203952878,0.0,0.0,0.0,0.0,0.0,0.0,nan,0,0.011121493725940053,0.01149860606193908,-0.03668972772654218
2.0149810889997752,0.014472147541856021,0.004622915567476956,0.06471046765234674,0.011027877188776871,0.0028081174398592148,0.7829023105749907,-0.0065011223414263835,0.04022364926925201,0.04104158884847393,0.0,0.0,1.5,1.4353699370091193,13916.546837123075,13516.195440017384,14014.898932872024,13443.091112524602,0.0,0.0,0.0,0.0,0.0,0.0,nan,0,0.012577397205245122,0.004144539045368042,0.005737889030316995
2.026311111999348,-0.006875016053037248,-0.002770798843695461,0.08182604348098613,-0.006321491532791454,-0.008146689172487455,0.8767766213266862,-0.012022777279897395,0.04376100847695673,0.041764954569045526,0.0,0.0,1.5,1.4181933274842171,13818.04117131849,13421.092269331535,13906.197778884967,13359.330980683408,0.0,0.0,0.0,0.0,0.0,0.0,nan,0,-0.00919860604101449,-0.003360994251862079,0.014350169333782317
2.036469543999374,9.674995233101844e-05,0.01674472269379767,0.08354601179277037,0.0338615352877845,0.025280782806003415,0.9258989441976012,-0.012972617713703774,0.04853065630298779,0.04655963445454292,0.0,0.0,1.5,1.4165529625844606,13683.832921232093,13290.167082548467,13758.912471012432,13233.42667051095,0.0,0.0,0.0,0.0,0.0,0.0,nan,0,-0.0027194833031983006,0.016025057795396674,0.007013476611990588
2.0467154459993253,0.024837207516906757,0.0090755048971788,0.0743960770360985,0.021527580947945622,0.02876802970178522,0.9935536632984947,-0.00995624111723118,0.04813922233879855,0.05276328417207889,0.0,0.0,1.5,1.425849149397103,13561.212968980988,13173.435148770533,13621.984969996993,13116.795394889228,0.0,0.0,0.0,0.0,0.0,0.0,nan,0,0.021460641763755492,0.00820741556392129,-0.011716878486870155
2.057167801000105,0.005848929241704546,-0.002916832092445634,0.07854021056013337,0.020608361337905536,-0.012512185227810405,0.9845114501627731,-0.008612974435053876,0.0507232626889376,0.062093463446522855,0.0,0.0,1.5,1.4214748154213495,13434.193831095075,13059.556779348137,13491.862764218859,13001.363195975531,0.0,0.0,0.0,0.0,0.0,0.0,nan,0,0.0018405337092689926,-0.003953616836447562,-0.017648999305060337
2.0674933589998545,-0.002667390974855869,0.0009406432659784161,0.14541663667802435,0.009489549522691184,0.00638128082007179,1.066202840117738,-0.013133263977159006,0.05472413521803757,0.060755939755502135,0.0,0.0,1.5,1.3545863161766556,13341.100285242916,12978.149539523562,13397.171656537585,12931.114386710475,0.0,0.0,0.0,0.0,0.0,0.0,nan,0,-0.007383011186463171,-0.00028648143376366355,0.038678626946757194
2.0784024389995466,-0.012912446271571336,0.0015073413598229684,0.12795312727986471,0.024719186933626996,-0.01039942106573145,1.0542330328135818,-0.010895150995713218,0.061673697691207716,0.06762003558248433,0.0,0.0,1.5,1.3721084593747663,13175.2425422003,12825.607586173517,13230.320755891393,12773.98491422423,0.0,0.0,0.0,0.0,0.0,0.0,nan,0,-0.018414190350196185,6.693765437311167e-05,0.010221634349428535
2.0885992449993864,0.0100278825910826,-0.00625603962971811,0.1323455987698167,-0.02132654217272448,0.00015032055764371312,1.1792867441810797,-0.014644154514954804,0.06472485574481625,0.06823428385393362,0.0,0.0,1.5,1.3677054718269575,13076.862158605847,12736.332095692247,13129.300153162985,12695.78628196678,0.0,0.0,0.0,0.0,0.0,0.0,nan,0,0.003657755878389792,-0.007933950098565921,0.003203666451901732
2.099118260999603,-0.00727592596331247,-0.0008517666978704393,0.16815678307860094,0.026942934835484586,0.014148253811024969,1.2075972349932407,-0.015883291512421797,0.06396780010883696,0.07464814020117977,0.0,0.0,1.5,1.33186336351169,12927.180217797704,12598.502581807163,12977.043063674142,12555.671479864914,0.0,0.0,0.0,0.0,0.0,0.0,nan,0,-0.014599960090759626,-0.0027927093323114028,0.02721375445893684
2.1096770280000783,0.009261212345755082,0.0029664474230961507,0.15715628263517756,0.032316860263840196,-0.01981706035749355,1.2828488024163676,-0.014452644365545315,0.06813193092938864,0.09134527571388701,0.0,0.0,1.5,1.3428789294387646,12771.71119497438,12461.680035278614,12821.594543452731,12408.877299685113,0.0,0.0,0.0,0.0,0.0,0.0,nan,0,0.000895010316992427,0.000735770498628783,0.00405338825443155
2.1203512729998693,-0.003469392598932749,0.016069083431311082,0.1520795578766446,0.0028874820850729923,-0.036013054550865925,1.3353837422158787,-0.01450604963600676,0.07146619247102198,0.08888656575209906,0.0,0.0,1.5,1.348020686199344,12615.037971776559,12327.882122696858,12671.779143510747,12276.33274740936,0.0,0.0,0.0,0.0,0.0,0.0,nan,0,-0.012968593732159868,0.01352081121901509,-0.013510672075807306
2.130804366999655,0.00048683272802056005,0.005230123863293265,0.1940411910216963,0.041866007656386574,0.009406545864853212,1.312726535183209,-0.017156770281872517,0.0792848258368868,0.09681305194876812,0.0,0.0,1.5,1.3059693725159713,12473.510870448232,12203.157152333242,12535.237209650024,12152.664385699856,0.0,0.0,0.0,0.0,0.0,0.0,nan,0,-0.01023872506063244,0.002335218753644258,0.015665301198948267
2.1411762859997907,0.02277169867690971,-0.003265443126989239,0.190605688540858,0.0353904618072516,0.006759096423709688,1.3205481893392719,-0.018252330178611862,0.08151640128225895,0.10426443078211858,0.0,0.0,1.5,1.3095963791416836,12359.582558425931,12102.238355733458,12413.20684582432,12050.01209198431,0.0,0.0,0.0,0.0,0.0,0.0,nan,0,0.010723797607958663,-0.006537262025131267,-0.0008288238899884504
2.1519928210000216,0.0026022562077594787,0.006840953672128888,0.177823414695723,0.01381433589302097,-0.03624314692550379,1.3236992768469493,-0.0181103207890382,0.0860727696548116,0.10513881208698672,0.0,0.0,1.5,1.322196843556735,12274.357431419216,12031.334226746849,12319.755129337933,11978.749680465131,0.0,0.0,0.0,0.0,0.0,0.0,nan,0,-0.010866882036618078,0.0031605724745575603,-0.02692282611532726
2.162216022999928,0.024361501544929845,0.0035493950192814045,0.23145648570061947,0.02782900467019535,0.00539763059157452,1.3898323172698452,-0.019403153290449227,0.08934156371815494,0.11425096290547751,0.0,0.0,1.5,1.2687823803290892,12221.074947174586,11984.509224807864,12259.200656663654,11943.687504470428,0.0,0.0,0.0,0.0,0.0,0.0,nan,0,0.009368924192060354,-0.0005727307380920294,0.013158948493176365
2.1728477619999467,0.01256574207735671,0.017848892978229593,0.22665090348738115,0.025989233337731107,-0.004658965868938353,1.3877848103685573,-0.018098634245462365,0.09516564503049263,0.11902038639128401,0.0,0.0,1.5,1.2735361802650154,12093.581139533411,11875.136227226325,12129.993300213055,11828.649277842764,0.0,0.0,0.0,0.0,0.0,0.0,nan,0,-0.004055302371624195,0.01325042539590355,-0.0054195871476038215
2.183524428000055,0.006151129849589135,0.0015836323382018873,0.2463787137425105,0.0533976078243364,0.01687917624314457,1.4267591491706337,-0.020418811833779447,0.09918776757094468,0.1186425304073034,0.0,0.0,1.5,1.2536373772537621,12011.869519536152,11802.081792694822,12039.981279628902,11757.26988650371,0.0,0.0,0.0,0.0,0.0,0.0,nan,0,-0.012205899136835974,-0.0035271152492151424,0.0003339509024810339
2.193879860999914,0.008408493508312884,0.007975183318125356,0.2597811485448358,0.05777760049158586,0.008567226107388245,1.380756442033558,-0.018385265649000046,0.099110750843567,0.1279761681848627,0.0,0.0,1.5,1.240272996487791,11912.401752900669,11714.760958731295,11935.483693452154,11667.78739214346,0.0,0.0,0.0,0.0,0.0,0.0,nan,0,-0.01179460563317198,0.0023148180310152908,-0.0004212903045485161
2.204833519999738,0.011870072522226044,0.03082955785738229,0.3083139454994523,0.05291168833243081,-0.028245160549244523,1.4512727469342483,-0.02111206436669879,0.10557915021599389,0.13604604886989513,0.0,0.0,1.5,1.1921438725046767,11857.908217224149,11670.313233544988,11875.05391539234,11626.64947330699,0.0,0.0,0.0,0.0,0.0,0.0,nan,0,-0.010291940404831475,0.024580739539102687,0.0337851350819553
2.2151129779995244,0.023122767344642164,0.020411336270112462,0.27629167824755174,0.027520082691204307,0.025360976117248614,1.4852236774242118,-0.021191563133180005,0.11248407860495716,0.13663899463210294,0.0,0.0,1.5,1.224096949487335,11723.58402478997,11554.298276575028,11747.750950295558,11511.972754840046,0.0,0.0,0.0,0.0,0.0,0.0,nan,0,-0.0011133249350017832,0.013533851758673388,-0.012714401134830855
2.2256366860001435,0.026645043643558124,0.010763638828324568,0.31724565950053873,0.08116958034201523,-0.02565438010665838,1.451710273701492,-0.023560810571932326,0.10946305963815894,0.1511606882676125,0.0,0.0,1.5,1.1831033954147494,11646.269659702628,11482.744458655327,11651.229582929225,11433.204549811313,0.0,0.0,0.0,0.0,0.0,0.0,nan,0,0.0002177631491920573,0.0032159987803425678,0.01363162145803054
2.2367243059998145,0.016947327333291108,0.011419867170977935,0.330067878672776,0.027706027302763843,0.045829272743909716,1.4527110687478613,-0.018450531868648465,0.1193668062035359,0.15930199547493468,0.0,0.0,1.5,1.1701105904072329,11567.79043435635,11411.077994338222,11567.00236202509,11380.656525594413,0.0,0.0,0.0,0.0,0.0,0.0,nan,0,-0.011790580050361828,0.003159142560672356,0.011730429397461883
2.2467045240000516,0.020201441504423885,0.009949416378362186,0.353567366297048,0.05225382727837372,-0.006435784719301205,1.505239991675144,-0.023648468664273076,0.12150935030865594,0.17389459564266355,0.0,0.0,1.5,1.146653771957435,11506.846664328237,11364.528372987512,11487.518430364125,11321.386098729918,0.0,0.0,0.0,0.0,0.0,0.0,nan,0,-0.01096895895691092,0.0009311741271148567,0.02040433279465642
2.257340608999584,0.040271846709452656,0.002598755181955491,0.30532742657857903,0.06861935660578129,0.03251980259161958,1.5430665365511385,-0.024836793113737706,0.12674177553672453,0.17141572217584897,0.0,0.0,1.5,1.1953539780547207,11400.221671723075,11274.295601992008,11373.820879862504,11234.36575758288,0.0,0.0,0.0,0.0,0.0,0.0,nan,0,0.006545093626149308,-0.007222809031103928,-0.04274736465418055
2.2678403189993332,0.03678655420969475,0.001400864039931199,0.38313952237254345,0.09007372288375617,0.03700724999234473,1.5624289285914956,-0.022726950354540386,0.12965405146494222,0.17379774309928794,0.0,0.0,1.5,1.117467019413509,11359.422332518798,11220.882254246018,11295.280760695783,11197.979373915536,0.0,0.0,0.0,0.0,0.0,0.0,nan,0,0.00037756669603267873,-0.009271229414107556,0.020081492458880135
2.2782889919999434,0.06542229030824537,0.009333503037133904,0.37487127120867436,0.10094166994025391,-0.0029846506925999064,1.5423105350715838,-0.02834344896481651,0.13364232921548264,0.18262669206139107,0.0,0.0,1.5,1.127067809273118,11241.240868026665,11100.306821758628,11159.004040476113,11089.427180775929,0.0,0.0,0.0,0.0,0.0,0.0,nan,0,0.026203595295197613,-0.0022375831676025443,-0.003224461518309907
2.289120790999732,0.030316559896817353,0.012870552992798939,0.37946044656481104,0.06605047146572557,0.029050490556854016,1.5468644914535952,-0.025615588935179748,0.13985634452296564,0.18983385125575222,0.0,0.0,1.5,1.121023476895578,11181.975438179874,11024.894856454051,11073.345349199044,11050.099351987748,0.0,0.0,0.0,0.0,0.0,0.0,nan,0,-0.011840683974301516,0.00035082481854451474,-0.01370986904374949
2.2996224469998197,0.041896199272585394,0.014000926241614359,0.411434463800177,0.12701641434663527,0.012720874713587071,1.5411194785809743,-0.023498066473922417,0.14202412307901863,0.19659304172791595,0.0,0.0,1.5,1.0894614467942954,11133.641066094153,10983.091359312193,11004.62655984821,11004.380777638831,0.0,0.0,0.0,0.0,0.0,0.0,nan,0,-0.0033304580167393474,0.00048145215401465546,0.0031638737134728756
2.3098461129993666,0.05133361181324347,-0.0073837318610732,0.4319077067801416,0.13062535968813546,0.007548100270975883,1.521733562385929,-0.026109946252796445,0.1429348210198638,0.19968424449615121,0.0,0.0,1.5,1.0693506469038325,11133.641066094153,10983.091359312193,11004.62655984821,11004.380777638831,0.0,0.0,0.0,0.0,0.0,0.0,nan,0,0.0029047551355430995,-0.02195549126157375,0.008522036895950769
2.320696144000067,0.04397043063020039,0.020190060788210118,0.4372054022142559,0.1208477325836419,-0.004315068472020813,1.5092564439137588,-0.02397719667581974,0.14597162700208605,0.2060972028955601,0.0,0.0,1.5,1.063895386965748,11023.612590236358,10859.67294755167,10864.575598417336,10937.065078078514,0.0,0.0,0.0,0.0,0.0,0.0,nan,0,-0.0077952384382839746,0.0045120582030984645,-0.0012996252546237375
2.330870230000073,0.0637690503944936,0.010577940445089376,0.45299557314607203,0.08446028791940058,0.005619528754794944,1.6065265443373502,-0.026243119663478077,0.15303978056169643,0.21121340571884112,0.0,0.0,1.5,1.0489979287224536,10989.843638567585,10829.587699405898,10822.863092410884,10918.449370032147,0.0,0.0,0.0,0.0,0.0,0.0,nan,0,0.008529884838287802,-0.006261805617413376,-0.0006253812257471236
2.3413896859992747,0.061062503764265356,0.029967221839024137,0.4585040877495364,0.18584834926241808,-0.020431249595081927,1.5735900156261862,-0.02310361802994713,0.15687610478852923,0.22584093736208002,0.0,0.0,1.5,1.043714711492147,10876.220844994314,10729.233427026666,10711.593495431081,10819.620094959544,0.0,0.0,0.0,0.0,0.0,0.0,nan,0,0.0022120130652412834,0.011909039894296279,-0.01021621826780078
2.3520190519993776,0.05211716249629811,0.02427499303420748,0.49456032681937306,0.1167164145059887,0.014552039568529549,1.5657729585315199,-0.026542370091355526,0.16048987395945297,0.22932626607257003,0.0,0.0,1.5,1.0070821268988157,10827.89441764736,10658.485965434016,10630.902443039684,10799.43579094714,0.0,0.0,0.0,0.0,0.0,0.0,nan,0,-0.010483231238734084,0.004940629673333578,0.01077196162349281
2.3626456219999454,0.06697722978810806,0.010597625453110661,0.4943820207805032,0.16678199255481996,-0.008910464471554944,1.5778217234591634,-0.025484669092814636,0.15927266557264158,0.23777337663620488,0.0,0.0,1.5,1.0079016713473778,10760.665548511557,10604.12373734362,10551.392882113256,10730.62552199289,0.0,0.0,0.0,0.0,0.0,0.0,nan,0,0.0004873037633157107,-0.010071867072969433,-0.004431707952395891
2.373228931000085,0.0633861947910074,0.027128391752677474,0.5162733732665594,0.19450938863920936,0.01418692268366789,1.5261676050840585,-0.027021863436999326,0.16625056814171818,0.243729483342423,0.0,0.0,1.5,0.9861398660806306,10698.503134650344,10544.75393979561,10484.002329364059,10692.595617096891,0.0,0.0,0.0,0.0,0.0,0.0,nan,0,-0.007133771997700156,0.005063666994696625,0.002488373656907683
2.3834772059999523,0.07401702842451835,0.01781755356727651,0.5260742419368792,0.20926394798980597,-0.026531079663659064,1.5638958020614409,-0.030520125218026745,0.16897365118929658,0.2475346019063101,0.0,0.0,1.5,0.9768968051594514,10692.120721422258,10520.248281924181,10433.897357734062,10685.518677600767,0.0,0.0,0.0,0.0,0.0,0.0,nan,0,-0.0006748400576527674,-0.0057038896314351994,-0.002620698831357182
2.39393908799957,0.10433018722382893,0.0066242077447743845,0.5377506808146812,0.22096993839151596,0.004952138944392448,1.567193987869514,-0.028639322347192415,0.17165920002195806,0.25560500992071106,0.0,0.0,1.5,0.9679113700990472,10642.583077586329,10459.437832593092,10366.03841549632,10656.689774139486,0.0,0.0,0.0,0.0,0.0,0.0,nan,0,0.025323324369820432,-0.018416796978783682,-0.005785892276961024
2.40465350499926,0.08744392328128399,0.03282871528412605,0.5644157202285034,0.18567594592940845,-0.009209584628964946,1.5774541578057957,-0.026321813502492353,0.1761416713019173,0.26373232358629184,0.0,0.0,1.5,0.9402351348580733,10597.445741611082,10398.125957056682,10292.779120508425,10629.178106250578,0.0,0.0,0.0,0.0,0.0,0.0,nan,0,0.003978295073374508,0.006204167175351997,0.00611523222908994
2.4152738019993194,0.07570768936624657,0.015832364336581646,0.5908977325886952,0.2110967329891163,0.008191642291336069,1.5137446757322908,-0.026969354428358537,0.1772208633950664,0.2705748085990808,0.0,0.0,1.5,0.9123865686221153,10521.771938778442,10335.23760194564,10215.627470074895,10564.249594576137,0.0,0.0,0.0,0.0,0.0,0.0,nan,0,-0.012360708149781727,-0.012440671316843264,0.017922041861461624
2.425475209999604,0.09823340668501683,0.0276159039214415,0.5838944604821406,0.25026028680085227,0.03685975964307969,1.5481208038776113,-0.026291179593413917,0.1777847741630242,0.27386995422434696,0.0,0.0,1.5,0.9217710127106681,10491.435428264595,10320.110368087135,10179.945394882543,10539.583693187276,0.0,0.0,0.0,0.0,0.0,0.0,nan,0,0.0054177887466877045,-0.002371643840615313,-0.0036591909389367405
2.436091049999959,0.1068374784319549,0.035155379489723554,0.5739203913905926,0.24225511362385074,0.00916114073355407,1.5467480750932947,-0.022387281302960277,0.18171623215849203,0.27961798806067684,0.0,0.0,1.5,0.9328845528718536,10467.207221553588,10283.454281114828,10117.847016009504,10508.527428283678,0.0,0.0,0.0,0.0,0.0,0.0,nan,0,0.009129490614003796,0.0033860815564114577,-0.028108039010880437
2.4466015629996036,0.11844154747724453,0.04576170446160394,0.6411248489122233,0.2933379885192792,-0.03725561042239689,1.517522755374137,-0.02695244236462521,0.18271557248970943,0.2910781277477155,0.0,0.0,1.5,0.8682102619297279,10448.849822377975,10261.14492513771,10090.170541318073,10506.530660906727,0.0,0.0,0.0,0.0,0.0,0.0,nan,0,0.015695351498164048,0.012142192819707187,0.024729837571728308
2.4583386249996693,0.10154804812616142,0.03929294407522725,0.6208106408803733,0.27786223194066056,0.011161376439186032,1.4585819064068952,-0.025943695290821932,0.1885891750271144,0.2980917177255559,0.0,0.0,1.5,0.8859062426247555,10390.114821136192,10192.954563589436,10020.624781441493,10478.054361675933,0.0,0.0,0.0,0.0,0.0,0.0,nan,0,-0.006382431053537779,0.003753731199558699,-0.009836072534160967
2.4675162739995358,0.1146607435407648,0.03373592903734464,0.6261880294513648,0.2957153300191822,0.0010811010813787,1.4921561384366586,-0.025282936696472844,0.1889253543210808,0.3074503444741987,0.0,0.0,1.5,0.8819481611134652,10390.114821136192,10192.954563589436,10020.624781441493,10478.054361675933,0.0,0.0,0.0,0.0,0.0,0.0,nan,0,0.0013991345189021814,-0.003793769709382458,-0.018592954454483168
2.478287363999698,0.11967922286140406,0.04268250683412341,0.6179434473808674,0.28757484245472636,-0.010808762125265093,1.5220200955590415,-0.02704198930725049,0.189976638357763,0.31586309905610316,0.0,0.0,1.5,0.8911614190441052,10407.090388394425,10213.967125729789,10008.843881536588,10507.470305061905,0.0,0.0,0.0,0.0,0.0,0.0,nan,0,0.0009384562164735238,0.00309002235013376,-0.04085519301977292
2.48906610099948,0.11283904992552461,0.039963474042958656,0.6732056579560911,0.3184161535626058,-0.003921861808008638,1.4952151160089426,-0.031031745958411155,0.18841567164148007,0.30488044952276666,0.0,0.0,1.5,0.8354152347674164,10379.145111877111,10198.826652050624,9975.861610450966,10490.950215040117,0.0,0.0,0.0,0.0,0.0,0.0,nan,0,-0.011529222875920647,-0.0017652125974238903,0.0005091677634460057
2.499504886000068,0.11448120356302428,0.036625129586442144,0.6780989546232198,0.34489661299214747,-0.00656677441820366,1.4723958596609112,-0.030774272660082123,0.19153435501687563,0.32323884664985036,0.0,0.0,1.5,0.8306435303292902,10329.403415202974,10152.07418969983,9924.94176358483,10440.89984850267,0.0,0.0,0.0,0.0,0.0,0.0,nan,0,-0.015662514645826145,-0.007313940127047662,-0.008369195095388138
2.509988701999646,0.15511640348388528,0.03009677903346127,0.7203824710976554,0.3546235896575102,-0.029607350016402745,1.4804613247629714,-0.026827200797570373,0.1936380106812383,0.336107453810206,0.0,0.0,1.5,0.7954686707279945,10308.076470873193,10136.213947829428,9890.541430284446,10425.60778973673,0.0,0.0,0.0,0.0,0.0,0.0,nan,0,0.019049816982886658,-0.01612756756630346,0.020274868958184977
2.5204892829997334,0.1399730401500909,0.05436656343056993,0.7224357752712626,0.3918062616613827,0.015320014216222574,1.5055041074386257,-0.02677071931572695,0.19642234024427405,0.33014219470719136,0.0,0.0,1.5,0.7919307411422489,10308.076470873193,10136.213947829428,9890.541430284446,10425.60778973673,0.0,0.0,0.0,0.0,0.0,0.0,nan,0,-0.002162872474598565,0.005781567044226547,0.008828535873539267
2.5310565599993424,0.15384602726468585,0.04581307046791326,0.7243848912479633,0.3744104055019629,-0.02350243999635802,1.4142082424682587,-0.027392534514440868,0.19846680570774,0.3389866066089643,0.0,0.0,1.5,0.7920519139900225,10177.459879014496,9991.685756875235,9730.604445321902,10329.00700915446,0.0,0.0,0.0,0.0,0.0,0.0,nan,0,0.005496079280581517,-0.0052080176606229545,-0.002571074422313857
2.5413008400000763,0.15697941051679784,0.06482113253574273,0.740271778123895,0.4287596857614235,-0.017905633100844195,1.467128277251933,-0.02844421138915066,0.19569285082150398,0.34680451023533226,0.0,0.0,1.5,0.7784801125683597,10188.40754157864,10009.512924161712,9748.929596745147,10355.17627038355,0.0,0.0,0.0,0.0,0.0,0.0,nan,0,0.0022713337677684187,0.011287857094407792,0.0001217174527344822
2.5521290839997164,0.16534608457767302,0.040637808460427916,0.767486362825253,0.4717930184404111,-0.02159376085354621,1.3893268801419272,-0.027183357684256792,0.19587239457141586,0.3514192130366414,0.0,0.0,1.5,0.7520418790257697,10153.202954407314,9965.526496973982,9689.210807350582,10323.59618961335,0.0,0.0,0.0,0.0,0.0,0.0,nan,0,0.004136300208616828,-0.015484456005179947,0.014299033167677222
2.5623531499995806,0.1679235125391203,0.05315369379719892,0.7928196262655945,0.45232979210958835,-0.027677089398480098,1.4261702077103664,-0.02759708810387628,0.19460074320762524,0.3618338349161411,0.0,0.0,1.5,0.7287850864437991,10152.901782506828,9957.348335316923,9687.49362318259,10345.453007817625,0.0,0.0,0.0,0.0,0.0,0.0,nan,0,6.927643700740949e-05,-0.005634901781127584,0.026754904452512718
2.5734238589993765,0.18014533209489644,0.06219624934987371,0.7950515544201638,0.48887099750914265,-0.018207195823752197,1.3724863370986702,-0.027865711511956097,0.19703091151054772,0.36896147836222787,0.0,0.0,1.5,0.7302554519030992,10152.901782506828,9957.348335316923,9687.49362318259,10345.453007817625,0.0,0.0,0.0,0.0,0.0,0.0,nan,0,0.0055051091610182346,0.0006636442506475215,0.016273523458753547
2.583877164000114,0.18206663629845632,0.05636167367425991,0.8076412666439404,0.5098991388803711,-0.021392437030406948,1.3790060560782238,-0.029500063427444562,0.19318351960061392,0.3618487915708295,0.0,0.0,1.5,0.7181124660990125,10090.090768616148,9909.464098260603,9634.328981421733,10298.085731227395,0.0,0.0,0.0,0.0,0.0,0.0,nan,0,0.0005002274547834806,-0.007992889780695941,0.01631796496865212
2.5942698539993216,0.19686124386602796,0.05762869189333402,0.7995718348461954,0.5141320970414042,-0.0009170428892621048,1.3588839915580164,-0.027300139557732406,0.19344171001726687,0.3704987811909647,0.0,0.0,1.5,0.7298458946973271,10075.318374343577,9892.624769587186,9606.364659604844,10293.775289522451,0.0,0.0,0.0,0.0,0.0,0.0,nan,0,0.008229472194167642,-0.009626223053660073,-0.00412749530460943
2.604676310999821,0.19899396440836484,0.07148504842401769,0.829731603687273,0.5378206321123505,-0.08670355094147214,1.3817029859226941,-0.026955441802475603,0.19152970237208794,0.38285237140764067,0.0,0.0,1.5,0.7028288789703911,10085.928594283572,9908.10956570871,9613.677739982957,10301.020257631748,0.0,0.0,0.0,0.0,0.0,0.0,nan,0,0.003158684657395633,0.0012509441916577768,0.013825755732937317
2.615029327999764,0.18984985377117897,0.08310273500437758,0.8100948205454632,0.5647992236409625,-0.09536333768103347,1.358442566837249,-0.02860661572262979,0.19984971385630765,0.396293132476935,0.0,0.0,1.5,0.7203597630214659,10021.222296098906,9857.667336000854,9583.723755488447,10280.60082263955,0.0,0.0,0.0,0.0,0.0,0.0,nan,0,-0.013325494966178991,0.009810474100176991,-0.017845528789141474
2.6259300739993705,0.20721250084650805,0.07075950362031776,0.8361529530671363,0.5798026147487952,-0.026436633674038222,1.3531132803158967,-0.024869478645822098,0.19062713573084292,0.39377213986323645,0.0,0.0,1.5,0.699025628701224,10026.632113482718,9864.240338149702,9587.308645123492,10307.451050812579,0.0,0.0,0.0,0.0,0.0,0.0,nan,0,-0.0034378039145894768,-0.005669963892588975,-0.0036478186444434124
2.636873802000082,0.20821973404381133,0.08700709294963666,0.8603730197144212,0.6242425652004877,-0.053029081689809465,1.267438282490375,-0.028066207874272765,0.18965035729601284,0.39742871181723183,0.0,0.0,1.5,0.678268653099987,10026.632113482718,9864.240338149702,9587.308645123492,10307.451050812579,0.0,0.0,0.0,0.0,0.0,0.0,nan,0,-0.010038880481121698,0.007361195304417534,0.008886174557543924
2.647969885999373,0.2302502140039554,0.06876284847726796,0.8879882463519676,0.6307036926644635,-0.03027617422276222,1.2788597916207816,-0.02561139113619585,0.18682112858007138,0.40565407819432825,0.0,0.0,1.5,0.6574966745033125,10037.386887975194,9891.002654836708,9592.54902566445,10314.609323120665,0.0,0.0,0.0,0.0,0.0,0.0,nan,0,0.004251345794343192,-0.014178965717357314,0.02498817488141014
2.657462588999806,0.23762639828171167,0.08631584669453304,0.8525781880174238,0.6421218059524565,-0.022040649597319092,1.2617471732847751,-0.025631530832335346,0.18562785984525765,0.41014435911010766,0.0,0.0,1.5,0.6950336201808766,10037.386887975194,9891.002654836708,9592.54902566445,10314.609323120665,0.0,0.0,0.0,0.0,0.0,0.0,nan,0,0.0037569606887493945,-1.5119633218485529e-06,-0.02176346314468891
2.6684494239998457,0.23860072215127753,0.08759068466413526,0.8652242597348614,0.6397277283811325,-0.03659949218125149,1.2613215637421569,-0.02719590370446789,0.18686028298230223,0.4149610772971096,0.0,0.0,1.5,0.6837709214935933,10052.401382723425,9926.00649825631,9606.354224472394,10323.320515385181,0.0,0.0,0.0,0.0,0.0,0.0,nan,0,-0.0032679369781520584,-0.0021819780100279518,-0.02028937163349931
2.6788274299997283,0.23804741731907747,0.09401633921714399,0.8942839102802222,0.6984125251907135,-0.01883325341416766,1.2172982595214419,-0.02571213636791835,0.18301730225246143,0.42797668894338764,0.0,0.0,1.5,0.6575694839919914,10059.314214859029,9949.972731823535,9621.152841180286,10329.120225020022,0.0,0.0,0.0,0.0,0.0,0.0,nan,0,-0.011947640506998009,0.000708360104048969,-0.0022363561569413992
2.6892939629997272,0.2615311776841066,0.09800669949157115,0.9054465368922107,0.6983271094221564,-0.06113036912929376,1.2208148644436783,-0.020722781318558023,0.1776662704491414,0.4324644383112286,0.0,0.0,1.5,0.6568848381105566,10077.369309404496,9976.60303236139,9624.413938462123,10336.903426491,0.0,0.0,0.0,0.0,0.0,0.0,nan,0,0.0032844453925177097,0.0010834018450658345,-0.001917671611609273
2.69975573299962,0.27530480969558835,0.09493356960698154,0.909367281877968,0.7435771249730098,-0.016620910633290156,1.2237531567570588,-0.024707908402726502,0.17524584373013044,0.43712265653481963,0.0,0.0,1.5,0.6585226864703049,10051.2207141007,9969.130021824829,9628.265614965647,10337.491161071672,0.0,0.0,0.0,0.0,0.0,0.0,nan,0,0.008683450248385183,-0.005684761077415931,-0.008679120593968026
2.7102161799994064,0.27749145118285634,0.11847035064779013,0.9445650521087219,0.7220248859543802,-0.0880386994054387,1.2310552451627372,-0.024772200706285986,0.1720897400639949,0.43880258934634886,0.0,0.0,1.5,0.6320954918374001,10045.862385322976,9961.540844951354,9606.393587832024,10325.878505263649,0.0,0.0,0.0,0.0,0.0,0.0,nan,0,0.0023752868328039134,0.014077866113170828,0.01599927463330153
2.720535481999832,0.2761133684102822,0.10153122269428352,0.9279081509116301,0.7781176168186507,-0.06485932262228523,1.1638755585815028,-0.023546477765432373,0.17137916316498925,0.45157205429855385,0.0,0.0,1.5,0.6433010688550258,9976.06465429526,9906.511102453209,9567.309797315413,10279.812885683275,0.0,0.0,0.0,0.0,0.0,0.0,nan,0,-0.007614310340102681,-0.006713465594901963,-0.0110092919682373
2.7313825389992417,0.2796955457248397,0.1087514305576465,0.9494818919249367,0.8400052558978743,-0.03948894916123762,1.1111400757254442,-0.022414451667965293,0.16726751849849794,0.44808688107565386,0.0,0.0,1.5,0.6269981333825465,9999.368427314124,9943.837820350263,9603.510827942746,10313.899418820733,0.0,0.0,0.0,0.0,0.0,0.0,nan,0,-0.012757368125976776,-0.003422738122642474,0.00038129466013214763
2.7419561169999724,0.27962105500247325,0.10421915084392055,0.9473340332046507,0.8025992157494087,-0.030650505229300774,1.1458409056924603,-0.02779578832709405,0.16210753200002315,0.44844206015079485,0.0,0.0,1.5,0.628083781558768,10045.438780395321,9986.122172264657,9641.924982294313,10353.696897945103,0.0,0.0,0.0,0.0,0.0,0.0,nan,0,-0.021668763140548664,-0.011961626178856974,-0.011787919341533781
2.752637513999616,0.31972574168793244,0.12603407009859582,0.9510284440466305,0.8500065057044104,-0.05911052932830462,1.1177275567380025,-0.02647326625714625,0.1579634164796267,0.4519123060035152,0.0,0.0,1.5,0.6476719122899957,10044.256104913838,10008.83755228294,9653.170589729414,10335.859505303668,0.0,0.0,0.0,0.0,0.0,0.0,nan,0,0.009489924802542682,0.005770059040144507,-0.017957236086668438
2.7628103239994743,0.3302810711750239,0.113123485238641,0.9906505490479873,0.827574748239101,-0.09947144169298419,1.1328922100408028,-0.025288246504084965,0.15896037998118046,0.4613700487250823,0.0,0.0,1.5,0.6175106250698648,10058.970661160474,10020.90918461566,9673.23684149501,10353.89718986937,0.0,0.0,0.0,0.0,0.0,0.0,nan,0,0.010993147980453699,-0.011299591228017561,0.011956504161396264
2.773344944999735,0.33536788198097844,0.13090992459296372,0.9878980938662355,0.8596581587977229,-0.08778834038261168,1.0820597625409423,-0.02591084942039317,0.15065995433542068,0.47216068842995035,0.0,0.0,1.5,0.6259851331199311,9998.269416195866,9971.539267258742,9650.040841297867,10326.16172390017,0.0,0.0,0.0,0.0,0.0,0.0,nan,0,0.006925357423335721,0.0022532086239966664,-0.0003473648920568895
2.7835779569995793,0.32417430617940246,0.13577255296426988,1.0014732207647066,0.8656183957391012,-0.0325507790676304,1.0968580239370445,-0.023624431865305023,0.14513856398071998,0.4703191431028787,0.0,0.0,1.5,0.6099607499995778,9997.054510132024,9990.4970775887,9664.711911007265,10332.72736832044,0.0,0.0,0.0,0.0,0.0,0.0,nan,0,-0.013521570512307624,0.002808990436553166,0.003835051300449255
2.7945604939995974,0.3494417611410888,0.13300202211019488,1.0265528570848168,0.9095384256490338,-0.046680788895357817,1.068629454737042,-0.02378540893875079,0.144071415083355,0.476539280347129,0.0,0.0,1.5,0.6032837470455643,9976.729928545003,9992.992836886706,9647.798119245155,10292.839586140299,0.0,0.0,0.0,0.0,0.0,0.0,nan,0,0.0023974333941306214,-0.00434028084335808,0.019680919728127133
2.804616736999378,0.3564300169779587,0.13924005916626986,0.995311977519463,0.9342025942743631,-0.0856068081128862,1.0251959273093154,-0.024095781081631323,0.13796454944085682,0.48110015485308605,0.0,0.0,1.5,0.6333562592371289,9976.729928545003,9992.992836886706,9647.798119245155,10292.839586140299,0.0,0.0,0.0,0.0,0.0,0.0,nan,0,-5.385187311041095e-05,-0.0025512830496881578,-0.020632354674366082
2.815682688999914,0.35712253417175815,0.14376182692208647,1.027610800130979,0.9269453229775173,-0.10479998621555325,0.996714226338292,-0.022543707658156425,0.12912487962697053,0.47981870816595684,0.0005633670318380625,0.0003004623957888577,1.5,0.6089886361305559,9997.128995741803,10027.364843354717,9686.448925558427,10322.96292383527,0.0,0.0,0.0,0.0,0.0,0.0,nan,0,-0.008888530123047411,-0.0025476764989386946,0.0027520401884570944
2.8258565229998567,0.37036351662074035,0.14909455628338422,1.0375461970776254,0.9740749140705908,-0.06197103908709403,1.0106047433258267,-0.024534240189156693,0.12595468050165906,0.48780275422765546,0.0005633670318380625,0.0003004623957888577,1.5,0.6105369381529439,9997.128995741803,10027.364843354717,9686.448925558427,10322.96292383527,0.0,0.0,0.0,0.0,0.0,0.0,nan,0,-0.0052591585738024915,-0.0018012009602484391,0.003924666580872094
2.8365306109999437,0.38560505747436324,0.15182905904284585,1.062453924475993,0.9517653594531693,-0.06557422583647435,0.9705689282839222,-0.02476374393273843,0.12248061100932715,0.49158887134333634,0.020387620226845447,0.010872393056227276,1.5,0.5871108297094918,9988.949442933159,10059.60023339134,9725.1684055989,10322.911175978981,0.0,0.0,0.0,0.0,0.0,0.0,nan,0,0.0002902009937487682,-0.0037195396762681188,0.020219471974417758
2.8472358999997596,0.38154538658804016,0.15611466200648,1.0474537042114755,0.9773971777596557,-0.07205339125536742,0.9540673897798966,-0.026155705225066616,0.11930008565049198,0.49708139902187004,0.020387620226845447,0.010872393056227276,1.5,0.5969324909273573,9978.416048278501,10073.515179718828,9732.28693542069,10307.865372762953,0.0,0.0,0.0,0.0,0.0,0.0,nan,0,-0.013538107414191591,-0.00415163646176972,-0.0032438893472919172
2.8576876600000105,0.39830595171220257,0.17846870941690315,1.0478033302149696,1.029424174426126,-0.05767193627602403,0.9094489454690796,-0.025705947392585613,0.1109996037525132,0.49966997318857737,0.04026060749366823,0.02146458819322902,1.5,0.5977696803639833,9994.612818419115,10122.020887491357,9764.869030021046,10317.867043917498,0.0,0.0,0.0,0.0,0.0,0.0,nan,0,-0.006618702774600749,0.013421443477271255,-0.011210444323297875
2.867913282999325,0.42733396443042215,0.18044672350990815,1.0862272180839287,1.0344068896798997,-0.10701877286035923,0.8957372793694744,-0.025394678176266353,0.10758433914516084,0.50379543678555,0.04026060749366823,0.02146458819322902,1.5,0.5884802613976983,10044.136797798414,10185.089527148406,9810.875212314306,10352.867544658096,0.0,0.0,0.0,0.0,0.0,0.0,nan,0,0.012499285841324592,0.01055658482653618,0.019037274750802302
2.8782628169992677,0.4165351360078558,0.15942268509376942,1.092275375956897,1.019201134454821,-0.07235331665426609,0.9242021633279663,-0.030390078847217093,0.09917903608113318,0.5051846542121461,0.060080284669604814,0.032017105271540225,1.5,0.5563556523155873,10035.33453658579,10190.811281130002,9824.895110405763,10361.427088634551,0.0,0.0,0.0,0.0,0.0,0.0,nan,0,-0.008274489194485868,-0.015370613951627754,0.017044386780944443
2.88886026199998,0.42416376243569803,0.1821391235501311,1.0852934956927396,1.026986231188389,-0.04032408552228614,0.923594516897722,-0.023372536023128304,0.09509140032911192,0.5072912128175082,0.060080284669604814,0.032017105271540225,1.5,0.5719046108128861,9995.901558688252,10184.39441707318,9807.821844248614,10317.842179679015,0.0,0.0,0.0,0.0,0.0,0.0,nan,0,-0.010681211328294138,0.0023845392743065963,0.0021579751048728113
2.8995866659997773,0.4426172114096287,0.17023378154699959,1.0919479602063378,1.0460246944899765,-0.03390832583669981,0.8714253365572987,-0.030003304949813837,0.09125566031827982,0.5085576175076166,0.07991294703383768,0.04255971183692481,1.5,0.560679515099745,9976.736101835751,10194.328643726049,9798.456901243524,10283.974384197294,0.0,0.0,0.0,0.0,0.0,0.0,nan,0,-0.002318866757308191,-0.014537891799502656,0.001047189449138175
2.909953501999553,0.4541517556763418,0.19038832036851797,1.1023308436763897,1.0520552230682525,-0.05741336097275497,0.9135116922783217,-0.02446956126806721,0.079129567383389,0.5144747138683398,0.07991294703383768,0.04255971183692481,1.5,0.5657285049258874,9996.037594020097,10235.931804552256,9820.888302755366,10286.046064057018,0.0,0.0,0.0,0.0,0.0,0.0,nan,0,-0.0009268129196375874,0.0005458567636677791,0.0038027811632066477
2.9203597059995445,0.46298262584522076,0.18124410941406488,1.1187126610499127,1.0739430103987921,-0.09620026164972316,0.8269186711939472,-0.025493982232639906,0.08210447077765859,0.5168505188424305,0.09972760377011355,0.05307037251832288,1.5,0.5419988493864578,9948.677209983727,10219.224079139896,9796.702218049273,10243.820974917668,0.0,0.0,0.0,0.0,0.0,0.0,nan,0,-0.002285314564836216,-0.013720549154303874,0.012695909034653896
2.9310295999994196,0.47960619142621913,0.22055559927870116,1.1284617977897968,1.0930418765427952,-0.06413953686652006,0.8444119931491038,-0.023380233369188003,0.07293755633838303,0.5184184346380752,0.09972760377011355,0.05307037251832288,1.5,0.5571352423282543,9957.00292897563,10242.71636339806,9842.171802368453,10274.845854629764,0.0,0.0,0.0,0.0,0.0,0.0,nan,0,0.004106459875039381,0.020419652439555458,0.015094749987934808
2.9414578719997735,0.4827920003906935,0.192192526900133,1.113685379689895,1.1242634774682028,-0.06936279277600248,0.7529907228404762,-0.0227395197823182,0.06481956384187629,0.5194534189177037,0.11950039539315285,0.06353096961249677,1.5,0.5456863315593579,9947.236195231775,10243.588719261033,9831.004080688574,10261.232819184062,0.0,0.0,0.0,0.0,0.0,0.0,nan,0,-0.0029775787525386788,-0.013161536586399097,-0.0068954574662880574
2.9521328499995434,0.4948100905456707,0.23032947575985005,1.130143364316911,1.10517741173388,-0.07525540781839607,0.7542634952098041,-0.024891055151421655,0.060692975022389926,0.5245544207751723,0.11950039539315285,0.06353096961249677,1.5,0.5526961551225753,10008.698478228913,10319.909408836862,9920.610088574153,10330.46319354504,0.0,0.0,0.0,0.0,0.0,0.0,nan,0,-0.0012632042439452706,0.01971255780580458,0.0024789898469339544
2.9627340409997487,0.5011713440126488,0.2152086278930602,1.1058172236265424,1.1450138800930187,-0.08740281093583555,0.6798889758675826,-0.021924618973973468,0.05567445927491716,0.5305700923680062,0.13928151231264607,0.07396254657769445,1.5,0.5534390363574749,10034.498758490414,10367.026577505243,9957.214093816538,10351.912513861496,0.0,0.0,0.0,0.0,0.0,0.0,nan,0,-0.005235428861155134,-0.0007138766519284578,-0.02880972743260668
2.972958981999909,0.5285246787212861,0.22218729099242565,1.1507484564620298,1.1133359034541568,-0.07148638669887851,0.7764121537884513,-0.024029079920569758,0.05390137869307167,0.52992241860729,0.13928151231264607,0.07396254657769445,1.5,0.5435599857571299,10121.272794426872,10472.517928372548,10070.84073934004,10445.749329553995,0.0,0.0,0.0,0.0,0.0,0.0,nan,0,0.011758769629127697,0.0009184458767063641,0.009267971497612049
2.9834925010000006,0.5217074159255292,0.2545187988052369,1.138458304925155,1.1445358932105942,-0.06103319714995922,0.7531377733572495,-0.02517309783574026,0.044566443408972235,0.5266616483434513,0.1590361909085165,0.08434122269824516,1.5,0.5396324880347585,10121.272794426872,10472.517928372548,10070.84073934004,10445.749329553995,0.0,0.0,0.0,0.0,0.0,0.0,nan,0,-0.005438884260535626,0.02786527777855441,-0.00977116315694948
2.9943012399999134,0.5541506321306958,0.2412267625078191,1.1632478935512045,1.16105789256873,-0.05645530763176074,0.7185109196485251,-0.025946938119218735,0.03723287624371926,0.5390619670055404,0.1590361909085165,0.08434122269824516,1.5,0.5423379716204253,10068.068732977828,10435.71635439634,10014.272828094123,10380.58587878666,0.0,0.0,0.0,0.0,0.0,0.0,nan,0,0.01660734122848284,0.009153094732044176,0.00837809651684518
3.004566593999698,0.5486776457545471,0.22212908871185685,1.163426007439865,1.147372515155823,-0.05761467568135924,0.6560086071222461,-0.023838218537551643,0.031666261215387244,0.5427249168600774,0.17875630553167937,0.09465730412243875,1.5,0.5161132688534209,10068.068732977828,10435.71635439634,10014.272828094123,10380.58587878666,0.0,0.0,0.0,0.0,0.0,0.0,nan,0,0.0007252815848717287,-0.015397449025254806,0.0020256194726828713
3.0152934099996855,0.5688586707505158,0.24105193591284413,1.154972024586141,1.1918336342618507,-0.08740443953641316,0.646584070263259,-0.028032429720166493,0.021424714862947676,0.547428788000186,0.17875630553167937,0.09465730412243875,1.5,0.5409764758143973,10080.131829885764,10487.606220468942,10050.14200275563,10399.609622642158,0.0,0.0,0.0,0.0,0.0,0.0,nan,0,0.010489566719904975,-0.0019575668468493346,-0.01285217257861282
3.0259642119999626,0.5699981523714933,0.2587910853049826,1.1819912908007622,1.1510357832650642,-0.08474823474823585,0.6323615038466146,-0.023643537128679226,0.020270885631585012,0.5443408402899108,0.1984449119298055,0.10490699495013256,1.5,0.512700363637109,10108.083002394358,10530.86260544019,10089.091145714314,10434.259964575174,0.0,0.0,0.0,0.0,0.0,0.0,nan,0,0.0012090066457567383,0.010271074420783594,0.00784350167324388
3.0363381679999293,0.5902145113719216,0.25653805058936885,1.1638742184609345,1.1861081546457108,-0.056175372735024515,0.5703311216113903,-0.02847820330526638,0.015179668973152963,0.544057761410298,0.1984449119298055,0.10490699495013256,1.5,0.5380110938415237,10105.585367403472,10545.994831315671,10110.032606802251,10437.859453653124,0.0,0.0,0.0,0.0,0.0,0.0,nan,0,0.011006415191802343,0.0024826862600303423,-0.016500944357854763
3.046973534999779,0.5913222092139031,0.25416587268800706,1.1917038580995698,1.1525853703075541,-0.09805815875540161,0.6639340942524554,-0.02505760386361636,0.009927538076442845,0.5526120077793266,0.21809335031961571,0.11508042885691218,1.5,0.5036775286906442,10171.823289760136,10622.897254761316,10178.011825739097,10493.47344376049,0.0,0.0,0.0,0.0,0.0,0.0,nan,0,0.0017006455987970126,-0.005447021797923168,0.00519062151407379
3.057587878999584,0.6124206508840093,0.269821404709659,1.17799322017941,1.2017122746468678,-0.0830935948039696,0.5316462310458638,-0.023097232319772346,0.0036760264749454903,0.5470721722400239,0.21809335031961571,0.11508042885691218,1.5,0.5320969421343144,10104.799274863664,10573.885041289252,10137.715861879855,10445.104330720134,0.0,0.0,0.0,0.0,0.0,0.0,nan,0,0.012395457007897237,0.004631666709151605,-0.014569820864631433
3.06785452099939,0.6175177740345366,0.26760642247458133,1.175625896431008,1.1887954885399747,-0.06275991325953717,0.6164873535861081,-0.02226736171665949,-0.0018456649898022136,0.540839646442013,0.2377382937861937,0.12519111276830136,1.5,0.5193583860135736,10170.370596885126,10643.580346177605,10215.51638831182,10514.21672928584,0.0,0.0,0.0,0.0,0.0,0.0,nan,0,0.007103128109042012,-0.0031765983128704822,-0.0229008810578315
3.078560936000031,0.6035199930031653,0.281880741484421,1.1910467892875845,1.153103704744733,-0.07971509760966225,0.5625859158663291,-0.019942387359042867,-0.012893986820476528,0.5529015219806019,0.2377382937861937,0.12519111276830136,1.5,0.5037856465191924,10157.695896207837,10629.949519110136,10209.699502237867,10499.325481306932,0.0,0.0,0.0,0.0,0.0,0.0,nan,0,-0.017265607635245206,0.005490830246369149,-0.0133625011549392
3.088973330999579,0.6296614664361706,0.26984342341307416,1.2339622280770162,1.204089054150641,-0.08374676838009916,0.5863764992980027,-0.028407508135548213,-0.013422932900849015,0.5503950606397819,0.2572932872637576,0.13518931632183012,1.5,0.47703866248603377,10144.557551297377,10659.232224325046,10235.895659605807,10493.683427723237,0.0,0.0,0.0,0.0,0.0,0.0,nan,0,-0.001472374163435819,-0.012164040160949352,0.023751770229030855
3.0997265839996544,0.6284669907154152,0.2918219216012522,1.2283344198856425,1.1733375132549337,-0.04095285937035628,0.5169782906124555,-0.022972072766188966,-0.01899856450847525,0.5598679745577854,0.2572932872637576,0.13518931632183012,1.5,0.4859072736536352,10096.059937854241,10602.883215563555,10175.896299423794,10442.884574517544,0.0,0.0,0.0,0.0,0.0,0.0,nan,0,-0.012988331011978715,0.004189224010923254,0.012408248737136418
3.1100391529998888,0.6713088958008536,0.31781179119267533,1.2302561116529611,1.2098179538152896,-0.08706108348825335,0.5578870681915039,-0.021728556168233118,-0.025899452850474854,0.5535524065610058,0.27681523878690517,0.14509907020043583,1.5,0.5081502678513136,10108.928752338548,10641.244527549123,10185.600752467823,10442.197544024144,0.0,0.0,0.0,0.0,0.0,0.0,nan,0,0.019562826753035334,0.024549123496535985,0.008702823910376578
3.1206672389998857,0.6478541802425153,0.2864135055607363,1.2226416666452113,1.19384401100114,-0.07577777033830846,0.5521264639622636,-0.022629309391492606,-0.030523116308195757,0.5506811317494356,0.27681523878690517,0.14509907020043583,1.5,0.4843214952890758,10089.592610894995,10602.66464662911,10156.044096582704,10430.665095331819,0.0,0.0,0.0,0.0,0.0,0.0,nan,0,-0.014147972432506761,-0.012480968599394293,-0.0044491071917922564
3.131071463999433,0.6999966435682419,0.32076207432893966,1.2164724821595327,1.1970209692348797,-0.0644775857205995,0.49427845722730435,-0.018406346373246212,-0.03717866607095007,0.5539236049545275,0.2963039536031001,0.15491491930615905,1.5,0.5204430037316468,10069.728888992735,10598.480095635628,10156.00740467915,10417.133864095527,0.0,0.0,0.0,0.0,0.0,0.0,nan,0,0.0277768484162505,0.016236852558769388,-0.016063166286905073
3.1415927459993327,0.6917344861625735,0.31317758582527105,1.2231077391212866,1.1869612534787732,-0.08262793238600262,0.5041475458900273,-0.0179657475168526,-0.04455647482892615,0.5562190519088657,0.2963039536031001,0.15491491930615905,1.5,0.5080174227608084,10109.96293253246,10631.870623947136,10197.96803376644,10458.30531365463,0.0,0.0,0.0,0.0,0.0,0.0,nan,0,0.009339406175825626,0.003025552088806782,-0.014782817992942121
3.1522729669995897,0.7032151137551367,0.31868790014888854,1.2312904987451858,1.181752216708147,-0.04941618273805069,0.4040209194435946,-0.019495873601600468,-0.04291286643096532,0.5637303303220511,0.3157059600811054,0.16460490828656532,1.5,0.4960944553479909,10107.291118021427,10642.639807895292,10218.795188703562,10466.994323167515,0.0,0.0,0.0,0.0,0.0,0.0,nan,0,0.010691026391478786,0.002915871639048051,-0.011868969602330637
3.162852952999856,0.683836635424931,0.3233947808018598,1.258691990898968,1.1765062607255161,-0.042163480377389234,0.44102691209667566,-0.02347475530032921,-0.051475743554173,0.5525786835303291,0.3157059600811054,0.16460490828656532,1.5,0.46793586419383193,10178.717923158069,10724.633687464144,10291.761518525305,10531.122209089566,0.0,0.0,0.0,0.0,0.0,0.0,nan,0,-0.018766130951658355,0.0020124951035963567,0.010342398172129341
3.1733363119992646,0.7089785094022523,0.32972770167030396,1.265031171959304,1.1891299409421776,-0.08128252181782686,0.42089416590537276,-0.020626950963032926,-0.055452491673549466,0.5578241862686384,0.3350976262129364,0.17420201415329986,1.5,0.46817251568506013,10171.073931347177,10733.698392436754,10285.343931264455,10505.980775170518,0.0,0.0,0.0,0.0,0.0,0.0,nan,0,-0.003648695572102234,0.0027478093299126982,0.011565034248506745
3.1837713139993866,0.7321771496775021,0.33068660542938927,1.2616965471427097,1.165041268105129,-0.05984700958843381,0.4242019929807355,-0.020796465045339114,-0.062484164195941126,0.5568549400441707,0.3350976262129364,0.17420201415329986,1.5,0.4888231898195892,10171.073931347177,10733.698392436754,10285.343931264455,10505.980775170518,0.0,0.0,0.0,0.0,0.0,0.0,nan,0,0.009583280949642559,-0.0018753949071624865,0.0031881354186231725
3.1944475020000027,0.7330386712209974,0.3365092007619423,1.2493091494146173,1.1241013961607649,-0.06173956836823841,0.42336666579785187,-0.014139860491792002,-0.06470272196172495,0.5571698533357076,0.3544235954348536,0.18367354071017447,1.5,0.47911795746270003,10160.803953882705,10734.240724234085,10293.705678069084,10505.150249324817,0.0,0.0,0.0,0.0,0.0,0.0,nan,0,0.0005393788689698198,-0.0016165817556861306,-0.014166991947666796
3.2049586610000915,0.726511443689739,0.3275870874221669,1.249120512054065,1.1666099746789946,-0.05208721183421697,0.37534077643011393,-0.017352217047614516,-0.07402186846556467,0.5601898350526113,0.3544235954348536,0.18367354071017447,1.5,0.4712759204735481,10157.12224269716,10750.175250298029,10320.939255459183,10509.058112378165,0.0,0.0,0.0,0.0,0.0,0.0,nan,0,-0.015828599750592698,-0.01608133398877315,-0.019249410032198266
3.2154171550000683,0.7294326355448769,0.3529558465283501,1.251902743804339,1.16369350063722,-0.06137824929619609,0.34639662223464773,-0.016041266585246558,-0.07813992943235216,0.555999424995504,0.3736715724468666,0.1930086553211072,1.5,0.4622783647582138,10182.582246361428,10794.779358298047,10362.844892204266,10538.168265255903,0.0,0.0,0.0,0.0,0.0,0.0,nan,0,-0.022679914383284316,0.0037687946468348277,-0.02129089165809983
3.225701751000088,0.7604360313634526,0.36652433887577024,1.27476928283114,1.149296710947078,-0.011137238274646175,0.39922472352088967,-0.012317677972979706,-0.07889691699972974,0.5552680506199619,0.3736715724468666,0.1930086553211072,1.5,0.48002428592403584,10221.552208387222,10838.609433103855,10410.817730050467,10572.855558310212,0.0,0.0,0.0,0.0,0.0,0.0,nan,0,-0.001377092560869042,0.01184558017419668,-0.0031844712657078666
3.2364018259995646,0.7637308053717503,0.35951116037078845,1.2556233303628104,1.1411107085901728,-0.06208805230350213,0.359103069581936,-0.011684650740980296,-0.08372943246886749,0.5642613698067973,0.39284814358174835,0.20220582259916753,1.5,0.47118878888492755,10202.368975749852,10816.187080521842,10367.523949286307,10539.555788406597,0.0,0.0,0.0,0.0,0.0,0.0,nan,0,-0.007707793522338191,-0.0006296514637875728,-0.02702744714452665
3.2471749619999173,0.7901723874630684,0.37372118042913693,1.263711001392103,1.14533137856557,-0.06553107639818853,0.40090824956689025,-0.013218243773989951,-0.09038906491563277,0.5600469986482544,0.39284814358174835,0.20220582259916753,1.5,0.49306851817017067,10218.33172569159,10836.685349663869,10396.815691806134,10567.284272373494,0.0,0.0,0.0,0.0,0.0,0.0,nan,0,0.009186394305377932,0.008150631693675303,-0.02357307002364828
3.257577546999528,0.7960497831386624,0.3680981584862853,1.301143472728487,1.147453781570663,-0.027953749468611677,0.33821369303841076,-0.015260200304650416,-0.0922393097062304,0.5540984937550616,0.4119821214778979,0.21127386045010166,1.5,0.46004972299371644,10191.899031131054,10806.396956257504,10369.465405898782,10551.373128357654,0.0,0.0,0.0,0.0,0.0,0.0,nan,0,0.0055973419124975,-0.0028671987081497763,0.009290449987507277
3.2680572549998033,0.8029670597432501,0.38841529863822843,1.2762642874846015,1.0981004004384647,-0.02645019737349512,0.2888672038405656,-0.01534998959879702,-0.1016456132687623,0.554949011208778,0.4119821214778979,0.21127386045010166,1.5,0.48405162961040865,10191.648082737827,10793.925797282693,10353.794995449256,10541.124339677765,0.0,0.0,0.0,0.0,0.0,0.0,nan,0,0.0031316503205552904,0.012092529320566703,-0.020090060197887505
3.2785750559996814,0.798571354329823,0.3811044327257473,1.2772571562371589,1.089494593746757,-0.08764089920859457,0.2888699703637426,-0.012324364628041984,-0.10011704184544143,0.5562755787833402,0.43103830279289557,0.22019114458631564,1.5,0.4588986867702357,10233.473711733603,10854.28882701457,10407.894784704005,10573.629363828053,0.0,0.0,0.0,0.0,0.0,0.0,nan,0,-0.010560549758519389,-0.000535679146313861,-0.023534078791980884
3.28895244099931,0.8304406593641989,0.3774991082585882,1.3066323369493362,1.129333368127162,-0.03588719380556836,0.2986901120360814,-0.013524202593212978,-0.10302301487412807,0.5542455075524293,0.43103830279289557,0.22019114458631564,1.5,0.4708068510367097,10251.045652024237,10880.545362419667,10462.46269945316,10610.823283312528,0.0,0.0,0.0,0.0,0.0,0.0,nan,0,0.012101967043517736,-0.009415476805728129,0.0014618972716282652
3.2993738559998746,0.8338846138910033,0.39279477377926025,1.30510225860182,1.0674387723486305,-0.044937834172268654,0.3244427882236276,-0.010113980990652372,-0.1089438084296621,0.5508237296228315,0.4499843543246308,0.22893823553931836,1.5,0.4606663695357168,10247.811496484148,10861.684899996131,10438.935605421986,10606.940559158376,0.0,0.0,0.0,0.0,0.0,0.0,nan,0,0.006431494086880263,0.0006511228030365857,-0.004391097507611352
3.310032114999558,0.8157102012867549,0.40199517770967536,1.2769768626793474,1.0848727759039158,-0.02646224355714835,0.3125024747592275,-0.00668204464574807,-0.11086769176100483,0.5502471141460464,0.4499843543246308,0.22893823553931836,1.5,0.46199937245613654,10213.754816986606,10835.060388705642,10419.524998946103,10574.432112083037,0.0,0.0,0.0,0.0,0.0,0.0,nan,0,-0.020762944452556553,0.004670101831589224,-0.03677918384280443
3.3206402349997006,0.8369885379747648,0.40955171918084327,1.2982088482656744,1.086163635546078,-0.03262618594575212,0.25197287358180814,-0.009416618196048296,-0.11666360471309722,0.5586090127180231,0.46888448891134027,0.23754019782679578,1.5,0.45366091228326866,10226.67084113589,10855.777600914036,10431.99027894292,10581.010462620972,0.0,0.0,0.0,0.0,0.0,0.0,nan,0,-0.008408064026334205,0.007095149212062446,-0.019748189013166773
3.331226907999735,0.8625212353966991,0.41194931701366405,1.3100236784807964,1.0582566965911526,-0.0696769379423508,0.2582455913243179,-0.005031025722713629,-0.1178151298575733,0.5516108918206738,0.46888448891134027,0.23754019782679578,1.5,0.47059476386492627,10258.72212638207,10889.083493049897,10456.800274638375,10609.93376126806,0.0,0.0,0.0,0.0,0.0,0.0,nan,0,0.008300312121407583,0.004413679144497196,-0.012076164321902061
3.3418361049998566,0.8607733505238014,0.4091981455143974,1.3294734160240913,1.070911525332943,-0.05684471469347065,0.29348663100372796,-0.0032815537274503586,-0.12161647203820579,0.5505026699367501,0.487690271225495,0.24597027252536824,1.5,0.441490247255499,10256.514489253928,10884.09934962142,10471.932811529847,10628.63369975442,0.0,0.0,0.0,0.0,0.0,0.0,nan,0,-0.00217036166630169,-0.0033617169917756207,0.0032861578866412167
3.352332122000007,0.86978952540469,0.41932952686244834,1.315030378409898,1.038448894019514,-0.00900212202827956,0.31323362473878713,-0.0034442642311387616,-0.1252302608047056,0.5369609324133231,0.487690271225495,0.24597027252536824,1.5,0.4585488327537112,10212.986039240564,10830.786972668826,10431.645797595558,10597.499339925189,0.0,0.0,0.0,0.0,0.0,0.0,nan,0,-0.0017738230614245953,0.0018022802436782337,-0.015185301554827113
3.362859784999273,0.8941746333239499,0.4257415051404772,1.3658363823864914,1.0074605030532682,-0.02187826045108919,0.2165611531154234,-0.004555686859369193,-0.12639600266027312,0.5456822197952385,0.5064136617265184,0.25422948986514726,1.5,0.4447188086523133,10186.271743807334,10805.3093585246,10398.00164011286,10554.87350326406,0.0,0.0,0.0,0.0,0.0,0.0,nan,0,0.014095966844759555,0.003305444471422614,0.03165803787919241
3.373083449999285,0.8812399965413075,0.42198836342404056,1.3461112259973482,1.0367594857300966,-0.03573087618819683,0.2637907586107376,-0.0048735998860614605,-0.12910072736447153,0.544253116644091,0.5064136617265184,0.25422948986514726,1.5,0.4385425585875063,10187.29409445185,10805.834743127167,10397.050667661146,10552.485204572431,0.0,0.0,0.0,0.0,0.0,0.0,nan,0,-0.007248210709674963,-0.005296064184369176,0.008038996801018161
3.3838477789995522,0.8879157846085615,0.42706327937683025,1.3370812394717932,0.9993378544523865,-0.04113930090555401,0.2795687287617742,-0.0012632268285367547,-0.13180834047070886,0.537777524921844,0.525049821093223,0.2623113312677259,1.5,0.43053157191512353,10170.043155323197,10785.349896717084,10373.3582242356,10536.944061966018,0.0,0.0,0.0,0.0,0.0,0.0,nan,0,-0.008874730617776438,-0.005007201655537086,-0.004814024352515878
3.394582621999689,0.9096645889765043,0.43264982829322113,1.3394019157953077,0.9834033412596161,-0.02445858181373771,0.1818614544811219,-0.0007165824665423764,-0.13539944763755285,0.5292161091853355,0.525049821093223,0.2623113312677259,1.5,0.4502615549800277,10147.15430273591,10764.94252815489,10367.772014069413,10518.892903194908,0.0,0.0,0.0,0.0,0.0,0.0,nan,0,0.004680198969947091,-0.004142679934753035,-0.006242134677012734
3.405061728999499,0.9134651688461575,0.4300071146915351,1.3606933760316544,0.9590712590966678,-0.011868357651137834,0.21399356514123824,0.002863197613453814,-0.13910248052869653,0.5315477732881773,0.5436067005407679,0.2702148368993186,1.5,0.4263041098801322,10147.15430273591,10764.94252815489,10367.772014069413,10518.892903194908,0.0,0.0,0.0,0.0,0.0,0.0,nan,0,0.00039721709830853325,-0.011441279889607137,0.011371457517089345
3.4153888259997984,0.9299058509538982,0.44283307679013784,1.3767135703294933,0.9245841619886025,0.014105698683350779,0.26202918623029786,0.0029059596966210027,-0.1409024675078784,0.5313833697269343,0.5436067005407679,0.2702148368993186,1.5,0.44070810531894183,10190.461365891113,10815.220764380776,10434.160045163168,10558.532433439928,0.0,0.0,0.0,0.0,0.0,0.0,nan,0,0.008866502947057486,-0.003202964371307293,0.023780840947722037
3.4263618649993077,0.9326152359869168,0.4478461728658425,1.3565645398016783,0.914485634578185,-0.011373654959306562,0.2720836433283058,0.007415323015362168,-0.14060553841709367,0.5196074731357572,0.5620505997521709,0.2779215661744093,1.5,0.43216461311557214,10134.399073187276,10776.190846372003,10377.052453542998,10495.823805270069,0.0,0.0,0.0,0.0,0.0,0.0,nan,0,0.003717297691178567,-0.0027079205678284257,9.360003819414153e-05
3.43626704899998,0.9395682478133133,0.45571378497503257,1.3756037035706674,0.9366433280667763,-0.015772783923038033,0.19386028063917884,0.0052960758608218165,-0.1432355257724027,0.5227359980228189,0.5620505997521709,0.2779215661744093,1.5,0.43543551328411384,10134.399073187276,10776.190846372003,10377.052453542998,10495.823805270069,0.0,0.0,0.0,0.0,0.0,0.0,nan,0,0.00292487537190278,0.0007123974226846408,0.015674120603904607
3.446957196999392,0.9518122742704614,0.4742317721548992,1.3781851025121612,0.9257039052032352,-0.007586853624736878,0.20391163102752596,0.007172287884958535,-0.1476312165599102,0.5285487440553247,0.5804097339230988,0.28543930647987603,1.5,0.43407523693721783,10129.649801869326,10758.882814499704,10376.103683517531,10492.62591075494,0.0,0.0,0.0,0.0,0.0,0.0,nan,0,0.007537622093702456,0.014855414100882203,0.01487708187690151
3.4574141929997495,0.9494940639372198,0.4675042306911432,1.3467837251039556,0.9186820506983203,-0.02637838996898223,0.2216480927189453,0.010957355024311268,-0.14534894037356866,0.5182623510789205,0.5804097339230988,0.28543930647987603,1.5,0.4391424668408275,10138.537873991236,10758.872090737786,10369.90993223049,10500.76978090289,0.0,0.0,0.0,0.0,0.0,0.0,nan,0,-0.0022965512584828263,0.0038268972230137144,-0.019824096813450653
3.4678147639997405,0.947957362066206,0.4613079338483729,1.3622628742757292,0.8539431732819862,-0.009627614120928774,0.15215896989705707,0.007621970127167084,-0.14828349570827373,0.5219951177047352,0.5986096500152821,0.29273420249195853,1.5,0.4116217227278261,10158.045526548354,10771.19222558928,10392.034038942045,10528.213843819,0.0,0.0,0.0,0.0,0.0,0.0,nan,0,-0.01123279833846913,-0.00659473983252884,-0.007567970631864762
3.478582646999712,0.9776942550643486,0.47000742648118427,1.3789464915099447,0.853321041080534,0.014191905474853647,0.2046536497644503,0.009105036730937419,-0.14953673801949122,0.5082019781146634,0.5986096500152821,0.29273420249195853,1.5,0.4356430713858454,10197.16577510622,10827.036884268296,10453.170021735566,10566.419383827668,0.0,0.0,0.0,0.0,0.0,0.0,nan,0,0.011222481423828423,-0.002043031011740748,0.005963497266398221
3.48895248899953,0.9702889245474414,0.46093773767174134,1.3845198886632342,0.8435816163759402,0.0180786157838997,0.14434917655252513,0.012532664058656136,-0.1555973199556391,0.5082315117748253,0.6168011812244614,0.29986234985832205,1.5,0.4052585857858761,10182.1809316948,10813.93745692637,10432.292646509257,10544.139883173377,0.0,0.0,0.0,0.0,0.0,0.0,nan,0,-0.0033455665836170656,-0.015181380618078555,0.00845334943988263
3.4995725179996953,0.9846027382853821,0.47351238846744664,1.3712838186605194,0.8629993635330486,-0.007764634845450799,0.09988046840115097,0.01474903963282605,-0.15575440582262534,0.5110659737918087,0.6168011812244614,0.29986234985832205,1.5,0.4266147871605088,10200.243651775749,10835.053378557028,10462.147398705936,10560.19021064251,0.0,0.0,0.0,0.0,0.0,0.0,nan,0,0.003925037037036394,-0.006594925158654563,-0.007797947640184599
3.5102345429995694,0.9887528091914206,0.4919421241284089,1.3756353246551756,0.8308908506802238,0.004385055857688024,0.16389156403170177,0.010671649976576198,-0.1500366834955738,0.5035853273567633,0.6348298078923169,0.3067589075770807,1.5,0.4183549772794451,10261.822716856932,10884.229798220926,10519.40319689932,10633.35936773084,0.0,0.0,0.0,0.0,0.0,0.0,nan,0,0.0011527769256383102,0.007928954265253363,-0.006400455551638151
3.5204762149996895,0.9856612091092617,0.4819088130882289,1.400602831125067,0.7904618131480914,0.02966191808622519,0.11404809784229616,0.014097729231392485,-0.14935045500102323,0.4986200513649155,0.6348298078923169,0.3067589075770807,1.5,0.4045243610226225,10270.37702887076,10880.499581140339,10510.12825356146,10631.193881948964,0.0,0.0,0.0,0.0,0.0,0.0,nan,0,-0.008739304888973343,-0.005926257448164107,0.015669495782934417
3.5310352099995725,0.9983108680483189,0.4880591873971573,1.3797721908231573,0.796304092375532,0.01640404944343464,0.17592514285459163,0.01608961454082626,-0.15496180563630924,0.4937422784276075,0.6527894696831895,0.3134563424562648,1.5,0.40537133136065645,10283.155121642782,10899.898545427093,10518.81671549267,10636.17116730697,0.0,0.0,0.0,0.0,0.0,0.0,nan,0,-0.0027679157219263617,-0.003512616153764192,-0.008003028871595097
3.5415879899992433,1.0018886313699051,0.4987764267329077,1.4092317722725531,0.7664386824946294,-0.026399879893364307,0.24085043876939308,0.020557554193943457,-0.15276492524644303,0.49235532074173705,0.6527894696831895,0.3134563424562648,1.5,0.4055275939950958,10265.43428887993,10876.436246715657,10504.437345193637,10616.859154625801,0.0,0.0,0.0,0.0,0.0,0.0,nan,0,-0.005746162016566192,0.0035540641619480895,0.018671184235831806
3.5523476239995944,1.017542720680516,0.48253676493154635,1.3919198269030655,0.7612227790674702,0.03635465987308342,0.14228429110948224,0.023920074215028914,-0.1563451111774204,0.49109019938333764,0.6705512217962879,0.3199036773662184,1.5,0.39816321438025676,10171.609562304899,10784.712299710118,10422.35871389454,10540.10236445643,0.0,0.0,0.0,0.0,0.0,0.0,nan,0,0.0034730105886875418,-0.01624983061020291,-0.0013601440936730214
3.5626176199994006,1.0172554807320975,0.5072896136588224,1.3886145713367601,0.7466294904319909,0.027375493520283442,0.12107944448276754,0.026156948634620054,-0.1538527522198726,0.48448819662082737,0.6705512217962879,0.3199036773662184,1.5,0.4095412628819939,10197.01256946162,10806.311338156247,10447.882493081544,10567.178505865815,0.0,0.0,0.0,0.0,0.0,0.0,nan,0,-0.0031287475529246933,0.005025607387956432,-0.007313812297075506
3.5733592990000034,1.0241134403431522,0.505300000132221,1.3931298310802338,0.7611127567414612,0.013438736516263643,0.10884054339867054,0.02443416721887863,-0.15782527507266295,0.4814705639136566,0.6882578814954232,0.32614967734293415,1.5,0.3953669530567336,10240.243923660764,10841.413765062473,10483.157537101595,10609.718273747974,0.0,0.0,0.0,0.0,0.0,0.0,nan,0,-0.002464345610851071,-0.00035317443727067577,-0.005381559355807086
3.5837028319992896,1.0474060300654577,0.4987046233677494,1.3920742668257935,0.7148055612105778,0.04210091195481159,0.12958904111431577,0.027183703979251357,-0.15689497835329816,0.4737377240004843,0.6882578814954232,0.32614967734293415,1.5,0.4128081466009368,10240.243923660764,10841.413765062473,10483.157537101595,10609.718273747974,0.0,0.0,0.0,0.0,0.0,0.0,nan,0,0.014756157832409134,-0.010248067520319648,-0.008960664776798355
3.5942060229999697,1.0209325939919787,0.5099729312956801,1.4254706921500613,0.7098847933790998,-0.015213330257748917,0.128218068166091,0.026217560177586197,-0.15599888842893114,0.47736712477365634,0.7058360642867303,0.3321643432562227,1.5,0.3693999658114046,10287.763129726469,10869.774615468126,10518.701198505682,10658.987740163799,0.0,0.0,0.0,0.0,0.0,0.0,nan,0,-0.01766780181894556,-0.002188501074250282,0.021968268353333542
3.6049524599993674,1.051852225184971,0.5150891399496194,1.42587046276592,0.6880956407216279,0.037053206986707186,0.112600815129436,0.03198458345291152,-0.15840705555970086,0.46416178540279096,0.7058360642867303,0.3321643432562227,1.5,0.3983514191497458,10258.344574732304,10840.129520262188,10500.382862851604,10642.005448847973,0.0,0.0,0.0,0.0,0.0,0.0,nan,0,0.007422266650474185,-0.00018964055168257943,0.01995788586287217
3.615335233999758,1.0428215966759444,0.5342602931395299,1.4073035292387956,0.6959452879405423,-0.014630407020880823,0.09499800884613181,0.029488418888613453,-0.1544707314936126,0.46085228096299524,0.7232916613291367,0.33794663819031545,1.5,0.38630437014592156,10258.344574732304,10840.129520262188,10500.382862851604,10642.005448847973,0.0,0.0,0.0,0.0,0.0,0.0,nan,0,-0.007317795289721429,0.015956012004968767,-0.000959455413000132
3.6259951289994206,1.0580323166196626,0.5135625954592065,1.4144435462990206,0.6613894346611898,0.050827584783083454,0.11181603823299423,0.03394459141815577,-0.15150986376941,0.4606852341827206,0.7232916613291367,0.33794663819031545,1.5,0.3875721578257234,10289.788809091147,10849.084929013783,10523.66105728179,10675.042764161519,0.0,0.0,0.0,0.0,0.0,0.0,nan,0,0.002303294831386138,-0.007674482026760243,0.0038876418380806577
3.6363799499995366,1.0433640126952903,0.5181575254622534,1.417132112442991,0.6289003702251649,0.011021502848003129,0.09633493193804546,0.03405666561071203,-0.15041154128710246,0.45859905999738304,0.7406121604563087,0.3434895041175307,1.5,0.3592139870645013,10298.85879836399,10857.718487252543,10519.130414877049,10680.100445786906,0.0,0.0,0.0,0.0,0.0,0.0,nan,0,-0.0178351662559455,-0.005918775023443179,0.004337887304264987
3.646934174999842,1.0712306186380385,0.5347618734764974,1.4147973729606962,0.6317904837158985,0.041857114759072354,0.17540506126296865,0.03310519063976726,-0.15207973148251844,0.44883203895875684,0.7406121604563087,0.3434895041175307,1.5,0.3913478910445997,10305.681493794673,10868.51369868169,10539.519868055339,10692.81064488768,0.0,0.0,0.0,0.0,0.0,0.0,nan,0,0.004680178829757686,0.007940617650830317,-0.00018217373241924406
3.6576288589994874,1.0656048843824941,0.5289294686467207,1.4174744060985476,0.5798547832507452,0.0019642591833979317,0.09140860879018153,0.036486279609338965,-0.15123041670127374,0.4436741269946139,0.7577943546424637,0.34878929932462827,1.5,0.3660714089778356,10270.186892622703,10830.781002728072,10482.872018844613,10644.376552506847,0.0,0.0,0.0,0.0,0.0,0.0,nan,0,-0.006179140416457063,-0.0005422835033661588,0.00036546612183308014
3.6683648319994973,1.075942238136814,0.5161400538016886,1.4426479530662963,0.6086847091999058,0.02071992787885755,0.1645697368741764,0.03607214000635094,-0.15208644424308557,0.43892388542296107,0.7577943546424637,0.34878929932462827,1.5,0.3640241861243038,10287.355136013019,10851.290629406009,10526.004645141682,10672.656296205509,0.0,0.0,0.0,0.0,0.0,0.0,nan,0,-0.0009587778457844642,-0.015887413571373465,0.023466716430434076
3.678663572000005,1.1033970733495346,0.5391613921256964,1.421579729175354,0.5901741630390349,0.027474644634755838,0.07507231977849775,0.041406672137109524,-0.15137780992427158,0.4372795027498673,0.774896768961872,0.3538604993535629,1.5,0.38522540118889814,10228.57139039086,10792.361075067021,10463.028864247088,10619.366446906291,0.0,0.0,0.0,0.0,0.0,0.0,nan,0,0.02149428533362352,0.004673085409094724,0.0003862293288163787
3.6901670580000427,1.0835898827674681,0.5584499076601253,1.4330014444572992,0.5907286780307089,0.003094364747302094,0.07040145507452504,0.044229820338509786,-0.14957646362546834,0.43294440287965313,0.774896768961872,0.3538604993535629,1.5,0.3763470086861757,10283.417762477695,10824.667514974324,10505.22044971724,10675.823714882334,0.0,0.0,0.0,0.0,0.0,0.0,nan,0,-0.0032006250242515577,0.021595926311970715,0.009856281774770936
3.7104662519996054,1.1012774793127287,0.5515704889298835,1.424929423535262,0.5167109345211576,0.03682336043512563,0.11198626898261425,0.05179014160119401,-0.14946941240149866,0.4164948140602384,0.7918092050850412,0.35866779563624884,1.5,0.3723139176610906,10335.375978092441,10857.681152905972,10536.70484009143,10744.78464990852,0.0,0.0,0.0,0.0,0.0,0.0,nan,0,0.005051752764893669,0.010274228686205422,-0.0019608298507574062
3.721348043999569,1.0941116553607781,0.5492542498457841,1.4550211927687495,0.5216090645468606,0.04515285346088933,0.12532120969402372,0.05193239753161749,-0.14725646703726275,0.4044987656209423,0.808582571808828,0.3632241471687403,1.5,0.34373994495256727,10335.375978092441,10857.681152905972,10536.70484009143,10744.78464990852,0.0,0.0,0.0,0.0,0.0,0.0,nan,0,-0.00666348719370613,0.0058824252770574015,0.02633209206873688
3.7316380749998643,1.0894598894070355,0.5237678222812484,1.4437142063120738,0.5139021085595296,-0.008587486472831567,0.09969364380428018,0.04769805628412384,-0.1449944430394992,0.4038053077868808,0.808582571808828,0.3632241471687403,1.5,0.3283815307395876,10285.970446426069,10814.83277779947,10500.289597106905,10681.893059846696,0.0,0.0,0.0,0.0,0.0,0.0,nan,0,-0.015754789166933625,-0.021582649097226292,0.013279160251366218
3.7422139569998762,1.1135487415281924,0.5572470010192732,1.430895642335359,0.4937779139665207,-0.007158606320493477,0.09653488699618581,0.04657747337459287,-0.14122860446202679,0.4022699144309559,0.8252178222694424,0.36752737359410836,1.5,0.3519995288053405,10271.904154602304,10806.652917870202,10511.252607044942,10689.401936063181,0.0,0.0,0.0,0.0,0.0,0.0,nan,0,0.004002572857376929,0.010014584486948919,-0.0012289796093714056
3.7525231209992853,1.102122462079458,0.5507988470448342,1.4078798834994333,0.48768341020079775,0.006058367603739415,0.039586581152800566,0.051394652571180886,-0.14043512257273938,0.393807565361951,0.8252178222694424,0.36752737359410836,1.5,0.34460227566455887,10294.002924999037,10817.664183399635,10530.05659694838,10713.174389720592,0.0,0.0,0.0,0.0,0.0,0.0,nan,0,-0.011648443495757554,0.0017814756096957707,-0.025879764598608634
3.7629931989995384,1.1095242721708016,0.5526414551808498,1.4251906374029664,0.46026702583354834,0.06352567915756963,0.07983723889808585,0.05579448240778027,-0.13957306736152914,0.37815969108062075,0.8417401239494442,0.37158103401614684,1.5,0.3317946155125969,10369.881817335425,10889.497427419758,10602.721426186134,10793.25584746863,0.0,0.0,0.0,0.0,0.0,0.0,nan,0,-0.008365221965052072,0.001937070843132993,-0.010158133300657068
3.7734321679999994,1.1308898355920385,0.5526081886781808,1.4491056678543823,0.43546356036904404,0.022533623617923576,0.1415179209876687,0.0553082609940824,-0.1377679294165711,0.37710040588640087,0.8417401239494442,0.37158103401614684,1.5,0.3449182794700447,10391.699543099727,10902.74271886404,10610.827078443623,10791.338399968372,0.0,0.0,0.0,0.0,0.0,0.0,nan,0,0.008987081530469121,0.00031551954709529983,0.012206208444568212
3.7843109609993917,1.1462058700751319,0.5373751721300237,1.4356597373225128,0.43028470397955126,0.01477528486861119,0.08179547403957661,0.05664241394851675,-0.1341543388554552,0.37193239231386516,0.8581042689987703,0.3753714840584864,1.5,0.33673045138946217,10391.699543099727,10902.74271886404,10610.827078443623,10791.338399968372,0.0,0.0,0.0,0.0,0.0,0.0,nan,0,0.020393027739322056,-0.016407510625934263,-0.002747856067021104
3.795262785999512,1.1245487380571222,0.5527583102038424,1.4223190994246704,0.46810436054822807,0.0014643228581502493,0.07571455432442917,0.0600101269304004,-0.13637605371773995,0.36402370178475096,0.8581042689987703,0.3753714840584864,1.5,0.32938285246184873,10351.548896612487,10851.108284847236,10572.680976976728,10764.119328507824,0.0,0.0,0.0,0.0,0.0,0.0,nan,0,-0.0050731140726834045,-0.002416491538108967,-0.017551077235888224
3.8054735659998187,1.1345887536001902,0.543961856633169,1.465928482669723,0.3809604407508298,-0.04407174013036431,0.10641703706565167,0.060781895796860524,-0.128769855343327,0.36576916073654364,0.8743050592315884,0.3788960179242127,1.5,0.31008902101823316,10383.029241465823,10866.258100573948,10593.023172358031,10806.3712964936,0.0,0.0,0.0,0.0,0.0,0.0,nan,0,0.001257573538944179,-0.012506840302233035,0.024637118535147717
3.815636737999739,1.147623745266579,0.5638671174985164,1.4426119914785929,0.37126404458727513,-0.01667738903029467,0.057803314135830626,0.06170843947578438,-0.12615972621721133,0.3527782864966089,0.8743050592315884,0.3788960179242127,1.5,0.33497879833755717,10328.779987963115,10819.47409556836,10570.73332744071,10779.289339978668,0.0,0.0,0.0,0.0,0.0,0.0,nan,0,0.010680938376719906,0.006202514099780343,-5.823781728198085e-05
3.826045840999541,1.116255141129358,0.572443368370063,1.4234079118174587,0.38996320422230935,0.003388934142968921,0.07178425266406972,0.0640731361742665,-0.12846766424515113,0.3549697402787339,0.8903224221756431,0.38214935780579784,1.5,0.3051618454568218,10328.779987963115,10819.47409556836,10570.73332744071,10779.289339978668,0.0,0.0,0.0,0.0,0.0,0.0,nan,0,-0.02420352534888992,0.013680669645834143,-0.020598898992566284
3.8366775609993056,1.1445316071081606,0.570635529951748,1.4275027997770402,0.3740411151552406,-0.056337743691568035,0.12264937821150433,0.06406613325281092,-0.1252745692880862,0.3392306806209968,0.8903224221756431,0.38214935780579784,1.5,0.3246616559349989,10396.124325156075,10884.382249549004,10623.619063680519,10840.524287958173,0.0,0.0,0.0,0.0,0.0,0.0,nan,0,0.0006514217808804013,0.010872903072512652,-0.01780396481113411
3.847276408999278,1.14566133436414,0.5754472875357164,1.3952721670242312,0.36092062593492835,-0.012794430914133029,0.036070573818549966,0.06619599773640866,-0.12351956757673703,0.3399170627355372,0.9062135473580928,0.38514143610119783,1.5,0.32329472434933254,10375.415011384188,10859.594633463475,10609.394442058352,10837.507172940577,0.0,0.0,0.0,0.0,0.0,0.0,nan,0,-0.0015479462904273156,0.01478275561472675,-0.05129917439774023
3.8577589809992787,1.1528297839473185,0.5555745214908334,1.4575157222553559,0.3651671605842701,-0.024296382813001505,0.06579139473818209,0.06820309882039544,-0.11804806909183964,0.33053639132851975,0.9062135473580928,0.38514143610119783,1.5,0.3027737085685411,10463.998696206012,10935.243206565305,10684.639015028593,10921.046203489701,0.0,0.0,0.0,0.0,0.0,0.0,nan,0,0.0023823367876387724,-0.005893554268781687,0.009708811101173387
3.868616111999472,1.1544331502715206,0.5637446776953058,1.4385081540608593,0.3608785824748909,-0.03266051748148131,0.05983073896549568,0.06403885140215591,-0.11728230586155046,0.32745735883951077,0.9219541390713474,0.3878652689486735,1.5,0.2979283541166873,10449.919841025468,10910.785401921385,10654.713275953856,10914.379718419905,0.0,0.0,0.0,0.0,0.0,0.0,nan,0,0.000836820119366477,0.0015716103803751214,-0.01051069341004629
3.878744349000044,1.1606079632585031,0.5561493970654172,1.445447319361841,0.312743414882002,-0.0697243861545762,0.07587571815118156,0.06850102106607507,-0.11136987653900145,0.3128780009380602,0.9219541390713474,0.3878652689486735,1.5,0.29707101935391717,10449.919841025468,10910.785401921385,10654.713275953856,10914.379718419905,0.0,0.0,0.0,0.0,0.0,0.0,nan,0,0.00394979599712042,-0.006630564021849472,-0.004759308449442612
3.8891959699994914,1.1715501871109828,0.5550763434551302,1.4496582307584451,0.3023267439810581,-0.0385179055284437,0.05022560683432306,0.06793739679450103,-0.10884261517886644,0.31061412697459506,0.9375385681888588,0.39031813825833,1.5,0.29058733231267025,10453.285101726417,10900.052728322493,10653.956915402523,10929.623061809592,0.0,0.0,0.0,0.0,0.0,0.0,nan,0,0.011915040631014673,-0.008212814919445588,-0.0017123582769027479
3.899877316000129,1.1668620402112593,0.5589955732189481,1.4625930150068747,0.3250337185149014,-0.04724513210589049,0.05534695380205577,0.0689884279626763,-0.10876742143484293,0.29867695021729934,0.9375385681888588,0.39031813825833,1.5,0.2871247366765499,10468.727624069366,10907.360559567725,10660.234995259025,10941.042616983677,0.0,0.0,0.0,0.0,0.0,0.0,nan,0,0.004332573405638973,-0.004705501282077695,0.010081731897029433
3.910585855000136,1.1762674716794903,0.5756178464695304,1.4627303751488632,0.29170520235065317,-0.06680032203250474,0.04891003002027587,0.07179411448452261,-0.10446462873612011,0.2953829540402554,0.9529458469476548,0.3924956343346623,1.5,0.29119635572338276,10465.768279466529,10896.480780129323,10641.937663737364,10938.760893602572,0.0,0.0,0.0,0.0,0.0,0.0,nan,0,0.010924099509162177,0.011601660604538822,0.009101362533225021
3.9205930029993397,1.1633910907439027,0.5610263546181911,1.4820286602362327,0.2698765789958012,-0.07862120603809697,0.09822992166913216,0.07184730509745087,-0.10476994204669675,0.2864932287030699,0.9529458469476548,0.3924956343346623,1.5,0.2702087588673838,10465.768279466529,10896.480780129323,10641.937663737364,10938.760893602572,0.0,0.0,0.0,0.0,0.0,0.0,nan,0,-0.004688087876634439,-0.0032087080131454337,0.027305188056086394
3.931314513999496,1.1664374112977294,0.5479196618679749,1.4429465456964854,0.25807619502892254,-0.05423579232685483,0.035914553898914826,0.07576224623781751,-0.09929429492857382,0.2816023028661349,0.9681780669563347,0.39439742909004094,1.5,0.2571593673653851,10409.029776125031,10847.180514857733,10591.971526359881,10892.70867415672,0.0,0.0,0.0,0.0,0.0,0.0,nan,0,-0.004302125396153045,-0.01643905534897183,-0.01284365866310555
3.9421443510000245,1.1644762175921568,0.5652956048013746,1.4804187736366974,0.21635897417958438,-0.06378141105225546,0.06860437269075187,0.07639510284072946,-0.09558861376202824,0.27321270352903076,0.9681780669563347,0.39439742909004094,1.5,0.2610030168990326,10453.940619435978,10889.235272365982,10639.949293906868,10938.293982259234,0.0,0.0,0.0,0.0,0.0,0.0,nan,0,-0.008850552596084471,0.000907852851926183,0.02358962110374252
3.9524079339998934,1.176602274141848,0.5807733010604007,1.4533900175131795,0.24007828618429983,-0.08790343728814821,0.10242778296495741,0.0752864351794564,-0.09572004399020198,0.26539380591901296,0.9832616360620403,0.39602550459862956,1.5,0.27144951850760196,10422.944416626573,10879.072488068801,10617.509979814024,10911.10013059524,0.0,0.0,0.0,0.0,0.0,0.0,nan,0,0.0007592087349423959,0.01645070510849289,-0.004452288153734996
3.962929759999497,1.1551465508432834,0.5585646137104022,1.4586634185114373,0.27678366860143466,-0.04189170565172147,0.08549331287384959,0.07639878878629221,-0.09046528038003374,0.24490318569392605,0.9832616360620403,0.39602550459862956,1.5,0.24015015904505357,10412.555449123145,10861.608562678295,10602.091316044476,10898.134876066868,0.0,0.0,0.0,0.0,0.0,0.0,nan,0,-0.023144448056452882,-0.005599587020574948,-0.0001632435453207126
3.973368637999556,1.1769336571912465,0.570191934842236,1.4401265901594233,0.24951184003042173,-0.08970509939371782,0.07754231740376742,0.07583099821946665,-0.0848302029433872,0.24624603364643338,0.9981663783090076,0.3973753861985455,1.5,0.2557501215835779,10425.43033502363,10857.928947863511,10582.899305424522,10892.97297915142,0.0,0.0,0.0,0.0,0.0,0.0,nan,0,-0.003739389156835138,0.006278556077949249,-0.01965430743853247
3.9838706259997707,1.1830067215479443,0.5624673514279245,1.4818063731119642,0.2127578491381795,-0.08955331649782432,0.014062340684593798,0.07299989446006935,-0.08270177079935974,0.2464019552392187,0.9981663783090076,0.3973753861985455,1.5,0.24850013587788533,10461.082984431165,10871.07193053164,10599.477741055589,10926.02382121812,0.0,0.0,0.0,0.0,0.0,0.0,nan,0,1.5248281668656105e-05,-0.0011032723902931751,0.021099179023961856
3.9943676339999,1.1935712809382228,0.5676546715295206,1.4650582447117073,0.2190111130752078,-0.12351196982365206,0.09795695768571312,0.0780807961985909,-0.08293719916260334,0.22988294171155396,1.0128785948851224,0.3984457717892607,1.5,0.25000484956700453,10484.380728599954,10901.50318061997,10612.950379477006,10957.107531705155,0.0,0.0,0.0,0.0,0.0,0.0,nan,0,0.008322861370580803,0.004518458477257292,0.0034480734777460054
4.004772634999426,1.1885069148295306,0.5438368332839634,1.4453394953408287,0.2147429073005892,-0.08926026020853038,0.10349808923043698,0.07852995624057835,-0.07830145259445236,0.22519708935909014,1.0128785948851224,0.3984457717892607,1.5,0.23446031284344715,10458.484121385009,10864.245885971004,10591.972948066456,10940.595034309274,0.0,0.0,0.0,0.0,0.0,0.0,nan,0,0.0010605760481841031,-0.018774047371871716,-0.017150327429695134
4.015496940999583,1.1930793049063666,0.5443664871948986,1.4856906759273947,0.20909738805335573,-0.10400617984995356,0.032282534972483,0.07464045405941484,-0.07400227087448284,0.21736930314946332,1.0274264298295788,0.3992382821020366,1.5,0.22069849951935902,10454.938006538998,10862.249085945492,10581.634106509855,10945.084888997202,0.0,0.0,0.0,0.0,0.0,0.0,nan,0,0.0034914796276352966,-0.017629092710317984,0.02234671936093191
4.026091430999259,1.1845562601709907,0.5584296341813114,1.4626436709421773,0.21472513596412224,-0.12266566130927525,0.06828457270113289,0.08334936146338397,-0.0712777576122853,0.2035236682806514,1.0274264298295788,0.3992382821020366,1.5,0.22677558396049796,10472.705011393205,10870.062948128576,10587.567352295946,10960.560837403562,0.0,0.0,0.0,0.0,0.0,0.0,nan,0,-0.0071190278035808685,-0.0028613338684958523,-0.0015299703326077108
4.036452211999858,1.1986684021581278,0.5651827554523488,1.4696397725716988,0.19272752543221813,-0.11893957924480733,0.16449099840724707,0.08251927008906076,-0.06749302376455224,0.1963316224278373,1.0418042392963507,0.39975156477439155,1.5,0.22999040816727753,10480.30245211488,10871.077035568187,10589.662927475854,10978.294808557279,0.0,0.0,0.0,0.0,0.0,0.0,nan,0,0.004957301579216367,0.004685116323257632,0.004659015259000698
4.047315930999503,1.193076259175205,0.5804530827331696,1.429138090152204,0.1878661240043829,-0.13423761678383106,0.12606039741147926,0.07986319806080706,-0.06279918925109554,0.1916419001374583,1.0418042392963507,0.39975156477439155,1.5,0.24608468635433675,10414.873969283995,10801.146534190731,10519.875567623701,10909.587790743853,0.0,0.0,0.0,0.0,0.0,0.0,nan,0,-0.002621754922443431,0.020836199561141133,-0.03662166978158199
4.057801504000054,1.1974503596344044,0.5631239041592873,1.445719957887037,0.1740216435220865,-0.14217581633799412,0.06937843564836695,0.08076860975062664,-0.06040687412965047,0.180682243930858,1.0559858995016238,0.3999845311563007,1.5,0.22264988541710878,10437.253175645386,10824.56189977007,10527.937966008194,10933.508984386404,0.0,0.0,0.0,0.0,0.0,0.0,nan,0,-0.00018831548173192658,0.00447406594087274,-0.020786852457369775
4.0683645769995564,1.2050741736479578,0.5440768990631754,1.4640129454685977,0.12555502897304022,-0.13750639688236987,0.10756379110833063,0.08138408764177796,-0.05821962048965009,0.17430065007609044,1.0559858995016238,0.3999845311563007,1.5,0.21043999636663338,10480.61712107345,10856.891546289928,10566.003586718783,10974.05656941177,0.0,0.0,0.0,0.0,0.0,0.0,nan,0,0.0055388910363782795,-0.013519902616380364,-0.0032143992179665126
4.078870861999349,1.1987817848407,0.5762279475122416,1.4557454271745005,0.17749570301808976,-0.1590293697520426,0.08670523986671834,0.07712356592585777,-0.05254760735366576,0.1643980820137705,1.0699911651523513,0.39993753461827225,1.5,0.22276400206048222,10452.528052455911,10850.781887092346,10552.806790586037,10958.437333649517,0.0,0.0,0.0,0.0,0.0,0.0,nan,0,-0.0026084117276490293,0.019769558364873707,-0.012177961069140153
4.089416426999378,1.1992429904894804,0.5601190929698521,1.4651606728737614,0.17769323613633958,-0.15132490949071675,-0.0016249433515988228,0.0766306060872219,-0.05007743060519063,0.15539709049746897,1.0699911651523513,0.39993753461827225,1.5,0.2087533106408839,10452.528052455911,10850.781887092346,10552.806790586037,10958.437333649517,0.0,0.0,0.0,0.0,0.0,0.0,nan,0,-0.003962873165904934,0.0048836940063544665,-0.003434352248249395
4.099777501999597,1.212373863650216,0.5304827444743075,1.461677950417419,0.1820852163885501,-0.14038502986230356,0.08853600728441481,0.08378675336750553,-0.0469084574725716,0.14595106840771593,1.0838211054193532,0.3996099741632377,1.5,0.18740883955103743,10551.517027118294,10923.763063656816,10602.988245214121,11041.927819530927,0.0,0.0,0.0,0.0,0.0,0.0,nan,0,0.0073894042412046,-0.023445261224433356,-0.007571503978224037
4.110290955999517,1.209127036594565,0.5475959614638934,1.4551388661541258,0.15510386688035735,-0.15293678002722488,0.06104077871631702,0.07873557464981525,-0.044749251029139424,0.13046020635240227,1.0838211054193532,0.3996099741632377,1.5,0.19903253541814264,10543.758389039203,10897.823519883445,10583.278798335003,11037.443766919952,0.0,0.0,0.0,0.0,0.0,0.0,nan,0,0.002398755793429519,-0.004940688820139649,-0.01475203799952407
4.120926910999515,1.1947235488116514,0.5653255914122631,1.4631431962935808,0.20441214860153784,-0.18740825665151895,0.02339951825744265,0.08436997229058256,-0.03986204659279763,0.12552384157159363,1.0974398491410777,0.3990031601088662,1.5,0.19617770861063977,10561.34402005789,10919.653965067895,10594.207278161703,11052.933468463967,0.0,0.0,0.0,0.0,0.0,0.0,nan,0,-0.013716206805906017,0.0142634872354368,-0.00737662997619859
4.131390683999598,1.2125098229045017,0.5510506797159125,1.4548660135311646,0.11213552780150363,-0.19101870587751893,0.06660388510215262,0.08029622392790356,-0.03915261904751582,0.11642212539662626,1.0974398491410777,0.3990031601088662,1.5,0.19595056472268513,10606.377214475067,10937.614512580796,10620.693903002733,11096.712081999074,0.0,0.0,0.0,0.0,0.0,0.0,nan,0,0.002388660336492654,0.0015459104018183956,-0.01627489799286086
4.142007221999847,1.2177673355881584,0.5459647845712752,1.45698863878277,0.1670836759143553,-0.1940559854947637,0.11231765494754371,0.08161407623889187,-0.03199946688226702,0.10695680899584734,1.1108765789329809,0.39811646233116604,1.5,0.1874426243982157,10593.146555787389,10948.776025408923,10628.850008102107,11097.240951755286,0.0,0.0,0.0,0.0,0.0,0.0,nan,0,0.005992521492903302,-0.0019003913943826944,-0.014768696501259226
4.152486127999509,1.1990303908359465,0.5427962829117453,1.4672376695704141,0.14121877456841023,-0.20527299446444625,0.09137344290341975,0.08263172362448727,-0.033688898182773576,0.10161292897554747,1.1108765789329809,0.39811646233116604,1.5,0.17255930960521784,10568.391515010633,10909.972309334391,10591.373011280722,11072.311984879207,0.0,0.0,0.0,0.0,0.0,0.0,nan,0,-0.014372764586236375,-0.00334806513635888,-0.0051287481244046695
4.162995457999386,1.2306517260697112,0.5503494173450253,1.4818947662027009,0.13791136664780232,-0.16691818294538122,0.05103341006483453,0.07720492512868199,-0.02673784641505225,0.0920071943827001,1.124113310625831,0.3969513879714701,1.5,0.1876411172207141,10539.724811243783,10898.881499157931,10573.645746373568,11060.190172844956,0.0,0.0,0.0,0.0,0.0,0.0,nan,0,0.015643098704761327,0.006005985535112224,0.008930824059090625
4.173584358999506,1.2109132345183504,0.5428005033749941,1.4627899005572012,0.1468208880010031,-0.19662840170671678,0.10833352217133732,0.08071547329380113,-0.0245429811592889,0.07506526729697025,1.124113310625831,0.3969513879714701,1.5,0.17375495029575588,10558.095773286046,10912.363250411656,10563.74129754241,11052.431465538299,0.0,0.0,0.0,0.0,0.0,0.0,nan,0,-0.005680322096295987,0.000337199887389783,-0.010758961425478608
4.1840374819994395,1.212538046570713,0.5312448408655951,1.4881140793168137,0.14693229985388986,-0.18010057123888665,0.04775012514442696,0.08150666675942725,-0.02082452646649122,0.06068810413089639,1.1371266045052373,0.3955117076809244,1.5,0.1557293939788155,10538.557008564183,10898.237318997397,10538.743066842506,11035.326970105785,0.0,0.0,0.0,0.0,0.0,0.0,nan,0,-0.005622193499594363,-0.009260015325293969,0.013994258396818005
4.1945942829997875,1.226810076244998,0.5461110907335869,1.4771295530197612,0.11985988992931003,-0.16096550933766693,0.07397800015386427,0.07758506191535011,-0.0176642650724192,0.054263166554849716,1.1371266045052373,0.3955117076809244,1.5,0.1767663899733627,10553.656329709092,10900.68167580485,10543.584769708104,11035.878227111323,0.0,0.0,0.0,0.0,0.0,0.0,nan,0,0.007099139214546302,0.007642151254853569,0.002453727742116829
4.205040023999572,1.2279218916798063,0.5398067969781247,1.423362786810203,0.16629442009599585,-0.22458616123384728,0.04745431619092488,0.07765849542917287,-0.0189133725790259,0.043444313489979236,1.1499913744279038,0.39378906805533587,1.5,0.18239409289891081,10557.11056975915,10914.821686873422,10527.615702216512,11022.736445946673,0.0,0.0,0.0,0.0,0.0,0.0,nan,0,0.0066740374704039596,0.003450517313793866,-0.05185440455148793
4.215636936999545,1.2202264578694304,0.5427778985284684,1.49207801204278,0.12774694193390176,-0.20825789298440436,0.0062876348643483675,0.08078532238892099,-0.012470889872157366,0.024874804312447405,1.1499913744279038,0.39378906805533587,1.5,0.1649042038426685,10628.98828744886,10965.37823874006,10594.348177269445,11099.393264337723,0.0,0.0,0.0,0.0,0.0,0.0,nan,0,-0.0025466530796418585,0.008610775473987031,0.016328018889645746
4.226100097999733,1.2201654738723726,0.5367408954211098,1.5004700396524642,0.19407345740362142,-0.20494186505305445,0.11512369790714118,0.07588889894196159,-0.007980924788499115,0.020153453414488133,1.1626527141580039,0.3917900043251037,1.5,0.1559445391694234,10628.98828744886,10965.37823874006,10594.348177269445,11099.393264337723,0.0,0.0,0.0,0.0,0.0,0.0,nan,0,-0.004123332123920687,0.004839289231609922,0.024188582726103247
4.236688584999683,1.2284232254040608,0.5148143806374879,1.4732826992379986,0.14205935195340214,-0.26604866157924056,0.0785825817000911,0.07606264653641291,-0.0018294442179200199,0.013355185249326483,1.1626527141580039,0.3917900043251037,1.5,0.1420372186316884,10583.453768057128,10904.89762204579,10520.941564236557,11041.080003168989,0.0,0.0,0.0,0.0,0.0,0.0,nan,0,0.0026261050132183605,-0.01474647851995925,-0.003523255800117253
4.24743907499942,1.2408561971246397,0.5343117228519447,1.4986349224708853,0.09408704008494276,-0.24656174605455278,0.0880463212049376,0.07945758937582777,-0.007158566033002584,-0.0017048795143193587,1.175066727203262,0.38952416047011834,1.5,0.15903947940579918,10571.99690797204,10899.298865487355,10522.323918192269,11058.689838166732,0.0,0.0,0.0,0.0,0.0,0.0,nan,0,0.0135560140702502,0.007165688801407,0.021317733528899208
4.257740254000055,1.233977487714695,0.5266443017639353,1.4620623055750321,0.118794208547328,-0.26100825119533666,0.0632709319165182,0.07957172970719313,0.0014840347627918934,-0.006119172058524311,1.175066727203262,0.38952416047011834,1.5,0.1539859717985829,10528.636783183769,10873.135351488416,10508.096141712596,11019.61892399541,0.0,0.0,0.0,0.0,0.0,0.0,nan,0,0.00517744944620091,0.0019863228760050866,-0.015750087820367575
4.268310703999305,1.224950682897475,0.5234186566044238,1.4705358040344025,0.1394114033285605,-0.2475124742166182,0.06585775309192704,0.0773674810423359,0.0035068737202602947,-0.017165033803545452,1.1872924655639543,0.3869829407950344,1.5,0.14457172865072293,10528.636783183769,10873.135351488416,10508.096141712596,11019.61892399541,0.0,0.0,0.0,0.0,0.0,0.0,nan,0,-0.00534799887913473,0.0013213769507919304,-0.0077562018800401145
4.2786944379995475,1.2287446598396308,0.5253752203564536,1.47426761853806,0.1652628329937458,-0.25140898798221045,0.09295756516345391,0.07450905261909324,0.005131432372120335,-0.033967258928647964,1.1872924655639543,0.3869829407950344,1.5,0.14674080178388424,10574.485110685113,10918.58242697971,10544.896532533641,11073.504882801364,0.0,0.0,0.0,0.0,0.0,0.0,nan,0,-0.003053417003559211,0.005910986147582342,-0.004492483537693603
4.2893374119994405,1.2338160185017688,0.5087666693626623,1.4731114293016823,0.214574595473009,-0.2759355363558866,0.042015258578633044,0.07249825862991804,0.008238401929068162,-0.04695376707028688,1.199323309453602,0.3841679026420102,1.5,0.13205148571669847,10568.021684127181,10908.38839683678,10520.258717908247,11063.441621418002,0.0,0.0,0.0,0.0,0.0,0.0,nan,0,0.0005158680611179189,-0.007992773651010476,-0.006105236187399443
4.299970700999438,1.2349507777680302,0.5416448463564594,1.484455684765882,0.1472638265257808,-0.2568374679663358,0.10877396808809309,0.0747800488767468,0.013530617370080539,-0.05315591678432092,1.199323309453602,0.3841679026420102,1.5,0.16220336012622247,10611.820040023085,10918.215937768357,10538.766480607663,11102.484350722454,0.0,0.0,0.0,0.0,0.0,0.0,nan,0,0.00014397810172583902,0.027661467751570856,0.004792445126618139
4.310508997999932,1.2199250077464374,0.5181624062842739,1.470611093220094,0.17767403285006605,-0.2692857715858849,0.013530492445608328,0.07336668087871258,0.015215561160310146,-0.06754150498435177,1.211146991629023,0.3810827613261466,1.5,0.14046917978874165,10579.425080161263,10900.500458832747,10491.288073515705,11059.999956335587,0.0,0.0,0.0,0.0,0.0,0.0,nan,0,-0.01639484753848741,0.007025727427701245,-0.009487885904195803
4.320774195000013,1.24893094548309,0.5228989138596962,1.496939277912809,0.17467062481842963,-0.24970846328248023,0.14374921807960142,0.07317521180916159,0.014099286854061682,-0.08077601898703168,1.211146991629023,0.3810827613261466,1.5,0.1467951508325813,10640.174957842895,10949.671806695227,10546.333306409007,11112.679368866953,0.0,0.0,0.0,0.0,0.0,0.0,nan,0,0.011089822453814957,0.014679164592935723,0.016413280744883352
4.33134894900013,1.2309172636973287,0.4979283313622085,1.4912790649492147,0.15996407777652494,-0.2966035811265218,0.02003010243163546,0.0703656037330705,0.019035293890943314,-0.0844026395993716,1.2227497593120906,0.377732962676463,1.5,0.12078778700491695,10640.174957842895,10949.671806695227,10546.333306409007,11112.679368866953,0.0,0.0,0.0,0.0,0.0,0.0,nan,0,-0.008455035463563965,-0.007304990352494989,0.010337383089091157
4.3418277079999825,1.2476920748726006,0.5069174523362172,1.5054475460811905,0.17321972824062035,-0.28661591761064514,0.06784428594385283,0.06635449285407462,0.02088484238158191,-0.10155492832425775,1.2227497593120906,0.377732962676463,1.5,0.13168305598093438,10596.663321748021,10918.0830064802,10503.27735868676,11068.767699135742,0.0,0.0,0.0,0.0,0.0,0.0,nan,0,0.006777058439415784,0.004739303573279563,0.024104703234717695
4.352331004000007,1.2416890867375003,0.5180047643319577,1.481758101715239,0.17175465599806078,-0.33477071874812087,0.05130052264685508,0.06809875919634244,0.024160770013193687,-0.11141760891670587,1.234124399122917,0.37412332453418,1.5,0.14523036896606484,10596.663321748021,10918.0830064802,10503.27735868676,11068.767699135742,0.0,0.0,0.0,0.0,0.0,0.0,nan,0,-0.0007818144181350739,0.018950139583429892,2.7215805995517428e-05
4.363065351999467,1.2524979365042692,0.5010569181628173,1.4847782582823903,0.19676336165171576,-0.28734936117765025,0.055625177621293424,0.07052363929665541,0.027332686647330386,-0.12760270283693545,1.234124399122917,0.37412332453418,1.5,0.12915659289522,10596.257825682722,10919.424304097467,10506.441781780068,11071.859007755513,0.0,0.0,0.0,0.0,0.0,0.0,nan,0,0.008456419472765209,0.0051937144108595845,0.00267211501911202
4.373416065999663,1.2533732986486905,0.4902860829474369,1.4715887281701807,0.20207940689215295,-0.28802119758379596,0.10498618446833169,0.06835915403968684,0.029800411953400368,-0.14346211342585816,1.2453001901783425,0.3702463226470664,1.5,0.12362006107558875,10615.230779006282,10927.860922811891,10505.909547125962,11085.013146957283,0.0,0.0,0.0,0.0,0.0,0.0,nan,0,0.007744881608586107,-0.002318062276353672,-0.010882705446672025
4.384261126999263,1.2747224953932357,0.48056248479106994,1.467899492970862,0.20307170302235553,-0.32131418304725073,0.06883019642083027,0.06864762826421988,0.028115626123404958,-0.15317264731050076,1.2453001901783425,0.3702463226470664,1.5,0.11859919993772364,10609.030066276237,10905.675445046714,10490.045236346172,11067.361440580871,0.0,0.0,0.0,0.0,0.0,0.0,nan,0,0.027489454724221263,-0.008715452900553866,-0.014926681465257996
4.3945933509994575,1.257919708934756,0.47381803659841776,1.4773683476511694,0.20392430602029787,-0.3035481033708999,0.13802536738869053,0.06454643581066803,0.030094592469217342,-0.16837814663050776,1.2562540605095904,0.36611141123159086,1.5,0.11007126428193957,10626.237992818265,10915.636093969604,10504.325189132198,11096.679047852882,0.0,0.0,0.0,0.0,0.0,0.0,nan,0,0.009062924241369563,-0.012066955112077282,-0.005802349494629544
4.4049632669994025,1.2600024997042882,0.4735335868574517,1.4905657102010879,0.20474242037115248,-0.3127476561029703,0.0754689208908144,0.061120834109623684,0.036792518443966464,-0.18308148533363622,1.2562540605095904,0.36611141123159086,1.5,0.10790078978672725,10580.698938974961,10869.313855963475,10464.7270047018,11044.950726464103,0.0,0.0,0.0,0.0,0.0,0.0,nan,0,0.009501589496407892,-0.00889233770885095,0.007063469762359942
4.41575588699925,1.2476348013681675,0.47442251965500126,1.494770276884912,0.2063308996478904,-0.3334419434654818,-0.0001374763977023526,0.0627941341349366,0.03785145631769434,-0.18769067019322117,1.2669886229056646,0.3617199265456017,1.5,0.1144718083440139,10582.343046335312,10875.690140901843,10462.046299584772,11041.653489534947,0.0,0.0,0.0,0.0,0.0,0.0,nan,0,-0.004531780267315044,-0.00447890697151937,0.010953370991042544
4.426119187999575,1.2719572724141588,0.4848969850745547,1.4863618086199368,0.2655260149258374,-0.3154635304414757,0.08393441593513236,0.06501098050556868,0.036779250058168754,-0.20885551518463158,1.2669886229056646,0.3617199265456017,1.5,0.12402933318333449,10632.249488403013,10923.05834915992,10519.488513716757,11088.818853651816,0.0,0.0,0.0,0.0,0.0,0.0,nan,0,0.018102170867910106,0.009585404733319314,0.002242345432172721
4.436848610999732,1.2588138918834555,0.4722201124749947,1.503723165408313,0.2610468386014534,-0.34633204307943855,-0.01701388440112029,0.05899147761304849,0.041206733056031314,-0.22237996091954534,1.277509646741146,0.3570713766559577,1.5,0.11671599963620623,10631.418650861897,10903.798601447808,10490.98555811075,11079.698088101446,0.0,0.0,0.0,0.0,0.0,0.0,nan,0,0.0032462187398274445,0.0005635231489083958,0.01931025098596484
4.447361177999483,1.2483475209016468,0.46028163314491893,1.479383414180186,0.23697516529609028,-0.3026569454732327,0.10895742209015172,0.059804995745300044,0.04444963047213756,-0.22974851453480916,1.277509646741146,0.3570713766559577,1.5,0.10921460634393969,10685.867464576108,10940.144100675172,10536.282499011375,11120.789381751041,0.0,0.0,0.0,0.0,0.0,0.0,nan,0,-0.008957919980602469,-0.007655031962730041,-0.005316760540956533
4.457795219999753,1.2476690916276039,0.4733084783810243,1.5016763211612099,0.22663106322879972,-0.3186266106217125,0.03037965727350421,0.06160898764459689,0.045177831196438464,-0.24540070534098538,1.2877970513013026,0.35217715407778255,1.5,0.1276160684540416,10651.154010427947,10921.636737176143,10498.413749593383,11077.457407177197,0.0,0.0,0.0,0.0,0.0,0.0,nan,0,-0.0114003254391839,0.009156305188927127,0.01669441084832557
4.468228154999451,1.2589123855159263,0.4552705571294581,1.492746509571357,0.2935435790521202,-0.3083297184211832,0.0873145938163353,0.05444421052011808,0.04349830327737979,-0.2570648638278673,1.2877970513013026,0.35217715407778255,1.5,0.1073088383764661,10661.3039491353,10938.124792017625,10519.514744239883,11075.680710076265,0.0,0.0,0.0,0.0,0.0,0.0,nan,0,-0.0019480886732503588,-0.005033091068285533,0.007490224578433624
4.478799141999843,1.266303512351703,0.45260442662904254,1.4968763628967685,0.2705391980408438,-0.315831368985115,0.030960163760908883,0.05633782805221952,0.04450753850505116,-0.2741819841094082,1.2978635356287656,0.3470340561304995,1.5,0.11023109953729512,10645.455049903012,10919.260878526868,10479.629526173774,11048.823819498084,0.0,0.0,0.0,0.0,0.0,0.0,nan,0,0.0036240860561302934,-0.00378716056294226,0.011354452862104347
4.4893413099998725,1.277964621131753,0.4448172148376159,1.4798380645288196,0.2915142791112378,-0.33830196255306655,0.06265574878705377,0.05833577152109347,0.04989228043774504,-0.28279555806355783,1.2978635356287656,0.3470340561304995,1.5,0.10180381410754988,10645.455049903012,10919.260878526868,10479.629526173774,11048.823819498084,0.0,0.0,0.0,0.0,0.0,0.0,nan,0,0.013437572924678953,-0.00759920366250344,-0.00594023117744813
4.500371617999917,1.2591440681326038,0.45726732925789626,1.483835919284317,0.3068174175591898,-0.33275484521010046,0.06664863218268967,0.05229294437986399,0.04766484596964279,-0.30516109610647363,1.3077090298573393,0.3416442266546962,1.5,0.1264457783727803,10682.49159127978,10936.928314556659,10503.206449540345,11076.635487590172,0.0,0.0,0.0,0.0,0.0,0.0,nan,0,-0.007260065842860541,0.00888895865900502,-0.0021918803849887425
4.5103821279999465,1.2783247340523998,0.46261153004185873,1.5048970557501558,0.29025575770970263,-0.30891698697770353,0.06579708634852197,0.05524165317042026,0.05437645788003977,-0.3144331752937415,1.3077090298573393,0.3416442266546962,1.5,0.12458132477917445,10686.521815779983,10933.25578918201,10509.551426729748,11064.779516963266,0.0,0.0,0.0,0.0,0.0,0.0,nan,0,0.010013379881283813,0.018333746639109916,0.018626028183334586
4.521114952000062,1.2651131142573733,0.44003747384534997,1.4882920927766732,0.3177271540166311,-0.2954567895988809,0.059673141015485424,0.051024492695789334,0.053523459492656154,-0.33112267809194834,1.3172995858463046,0.33603019640593434,1.5,0.11695305326844588,10676.75793785,10926.025952285358,10481.650908535219,11036.950666281515,0.0,0.0,0.0,0.0,0.0,0.0,nan,0,-0.005136113760180416,-7.767969412991738e-05,0.0017859354180942422
4.531340758999249,1.27761864710293,0.4275126534794047,1.4735364395922608,0.328835269909571,-0.33056571383517436,0.05549647775325299,0.050777603661934324,0.052614494109198114,-0.3486478901202238,1.3172995858463046,0.33603019640593434,1.5,0.10316945711405509,10691.679666706572,10932.77057748367,10490.048068744612,11029.508390840521,0.0,0.0,0.0,0.0,0.0,0.0,nan,0,0.005400421188371585,-0.008378265344166358,-0.013195710465451205
4.541935352999644,1.2797342765516988,0.4250238383406851,1.5001098233208752,0.35902239267477787,-0.33274202423337174,0.09039968306378915,0.04900022958356913,0.054636717051712934,-0.36221715917584574,1.3266826165177674,0.33016732686052486,1.5,0.1058391064631459,10713.34474461547,10947.116341228006,10513.908171265417,11052.157841570783,0.0,0.0,0.0,0.0,0.0,0.0,nan,0,0.0055154174335962924,-0.006581441411764755,0.013158393170594529
4.552367782999681,1.2751542248049401,0.42639113153622143,1.4908133843898352,0.3920401059659375,-0.34320651903861205,0.061019466025589185,0.046803884570428264,0.055776253443166196,-0.38021006172003685,1.3266826165177674,0.33016732686052486,1.5,0.10953807395214733,10688.870067415868,10898.85703922329,10481.032981940485,11019.76721431163,0.0,0.0,0.0,0.0,0.0,0.0,nan,0,-0.001097209466615956,-0.0008675491776500843,0.0036508408273494553
4.562879538999368,1.2611570852677862,0.42902883267838515,1.4907606841148824,0.3696889064771341,-0.36443849008695756,0.047710547649671524,0.04669304068183724,0.058075702682740454,-0.391897825619746,1.3358250981147886,0.32407846374135096,1.5,0.1291327109626553,10701.487094036587,10896.388970269256,10483.612976037217,11029.144407085178,0.0,0.0,0.0,0.0,0.0,0.0,nan,0,-0.017159060965943107,0.006177204453804375,0.003397645045448705
4.573594899999989,1.2784098937750064,0.43520346056509024,1.510071370262862,0.3402724200664605,-0.2949016348099601,0.05999400833551437,0.04143317251018031,0.05826312267966717,-0.40567360299424515,1.3358250981147886,0.32407846374135096,1.5,0.12548586815823792,10711.613476710727,10901.748244645012,10514.806210648732,11039.74566312697,0.0,0.0,0.0,0.0,0.0,0.0,nan,0,-0.002003360049348313,0.01681910316579438,0.022516627755480245
4.584105725999507,1.2760679471273408,0.43259295156600325,1.4905130832926254,0.3740596694755228,-0.2983799921138125,0.017575982748762195,0.0385311347815513,0.0563338961947619,-0.4167668264893359,1.3447373889900716,0.3177601867730358,1.5,0.1341344761959005,10695.666192300616,10910.026365168816,10494.794499227974,10995.23104012885,0.0,0.0,0.0,0.0,0.0,0.0,nan,0,-0.006474910175737092,0.018735689832649727,0.0027758843379026565
4.594605635999869,1.271217794842257,0.40998522746389904,1.4750819118815843,0.3725726634503495,-0.2861904924255605,0.05650847484788679,0.04258859074646979,0.058627358915923494,-0.43558321451021476,1.3447373889900716,0.3177601867730358,1.5,0.12054667133342126,10736.588838906526,10954.172188995477,10532.557905122727,11010.63906690339,0.0,0.0,0.0,0.0,0.0,0.0,nan,0,-0.013487262805516709,0.0007146210522505636,-0.012830193521755628
4.604923597999914,1.3125857348801508,0.40879945084877617,1.4934695222866115,0.43001097143463474,-0.31877525158162945,0.040977432903781086,0.03914948664906041,0.05801141095569885,-0.4491850656706945,1.3534061721930728,0.3112255638011771,1.5,0.10596989513612286,10751.18264981879,10973.170801460465,10547.448516055716,11013.682118541332,0.0,0.0,0.0,0.0,0.0,0.0,nan,0,0.025685761267610463,0.004174955191772023,0.005385846650930004
4.615672408000137,1.2776657549385706,0.41642919657502775,1.5100620766402209,0.4616788081953067,-0.3379270943152405,0.07033244798454812,0.040945024437791896,0.06032290318624326,-0.47670689249339065,1.3534061721930728,0.3112255638011771,1.5,0.13002176948886288,10769.49860947373,10961.003934467753,10544.475132402456,11019.232197829524,0.0,0.0,0.0,0.0,0.0,0.0,nan,0,-0.011461802034000268,0.016509986810428978,0.021808826101622714
4.626101524999285,1.2980162879379584,0.39441842285423645,1.4679527064968088,0.42074096894674085,-0.31002110371611963,0.09451507097244918,0.03510946537093893,0.05736674302745462,-0.4877515340533377,1.361845534086796,0.3044674561365195,1.5,0.11485807807142003,10743.697162677714,10913.543163567636,10514.725163040885,10993.33554771919,0.0,0.0,0.0,0.0,0.0,0.0,nan,0,0.006628743192268027,-0.0007368621416496968,-0.020465301099485966
4.636681192999276,1.313769762691685,0.390736167444188,1.488580165362789,0.44997549330024983,-0.30578275005495187,-0.018482797137224043,0.038328093952949754,0.05756980114735976,-0.4969382686563557,1.361845534086796,0.3044674561365195,1.5,0.09941822252012991,10742.8658640431,10906.421157815206,10523.254544599266,10977.68178070698,0.0,0.0,0.0,0.0,0.0,0.0,nan,0,0.02009017574480021,0.0004028884605251637,5.3468456129301956e-06
4.6472836809998626,1.2852774641802658,0.39147634271204823,1.4655414088454553,0.441776773956457,-0.30556180356380946,0.09815588301908144,0.04056875342363217,0.05995213323309657,-0.5133321469613819,1.3700482436764043,0.2974945434186724,1.5,0.13117186496790917,10742.8658640431,10906.421157815206,10523.254544599266,10977.68178070698,0.0,0.0,0.0,0.0,0.0,0.0,nan,0,-0.01072607325662367,0.00602309586490396,-0.023187410560351784
4.657958554999823,1.2847870129541548,0.37848319345945525,1.462945244960695,0.4464935345981901,-0.2949987706798767,0.052204066125106134,0.03191553803973777,0.05793392923649709,-0.5322293514874618,1.3700482436764043,0.2974945434186724,1.5,0.1232951490153768,10788.16780782089,10938.46986815118,10576.532194330917,11009.820142232496,0.0,0.0,0.0,0.0,0.0,0.0,nan,0,-0.013572101187757424,-0.0020321709656421216,-0.02593818445900209
4.6682070199995,1.3014515190037013,0.3827660128767752,1.5071853095676353,0.4699959854397907,-0.29825663635881544,0.11047843104577003,0.03706551558262066,0.05809507040405373,-0.5486560772552511,1.3780066639662665,0.29031718096658543,1.5,0.12024602037232104,10805.030081825505,10965.630656912826,10605.133061738956,11018.40857738426,0.0,0.0,0.0,0.0,0.0,0.0,nan,0,0.000705659850179341,0.007246003851530736,0.018146212080593083
4.678887336999651,1.2871028405096978,0.3895229749818923,1.5149841342413934,0.4878680046981679,-0.2962384765646689,0.07581084471255947,0.03313789104058865,0.057454511012170736,-0.5644478599931733,1.3780066639662665,0.29031718096658543,1.5,0.13538766178716066,10742.724065087148,10890.266297587574,10547.021388522908,10945.287851812627,0.0,0.0,0.0,0.0,0.0,0.0,nan,0,-0.016060245339559964,0.019055096587264286,0.025792856925292096
4.689193104999504,1.2924678817305262,0.36039973329643044,1.476494271455375,0.5020593927600738,-0.297188724652187,0.07381869272705208,0.0333554098175089,0.05761474805118567,-0.5765892242300265,1.3857257620865275,0.2829348570680107,1.5,0.12349234215931064,10742.724065087148,10890.266297587574,10547.021388522908,10945.287851812627,0.0,0.0,0.0,0.0,0.0,0.0,nan,0,-0.013142035139958264,-0.004960202604369746,-0.012837020032904656
4.699786055999539,1.3051415243972058,0.36257647753778083,1.4745719999759674,0.4798859034797739,-0.3150688143439109,0.060395322891918186,0.030406133099787336,0.05676312485679189,-0.58875472456477,1.3857257620865275,0.2829348570680107,1.5,0.11611714025173983,10730.64000925969,10866.582698192466,10543.230797330716,10921.42684390853,0.0,0.0,0.0,0.0,0.0,0.0,nan,0,-0.002944134340051141,0.002379764640302262,-0.0148859260118408
4.710296260999712,1.2994062279933976,0.36030605489176815,1.5067392992127875,0.5133245754983172,-0.2748136535756568,0.01954966970597285,0.028919985510333476,0.061291562190930786,-0.6157310645682955,1.393200282925571,0.27535649405009005,1.5,0.12672478361272907,10745.715001252482,10891.2845273282,10572.72879018116,10937.340811193775,0.0,0.0,0.0,0.0,0.0,0.0,nan,0,-0.011183473985404202,0.005327560465294534,0.01716478492791018
4.721016726000016,1.3078466544298453,0.35530241056083506,1.4527086674297038,0.5089071213087546,-0.25192810342814526,0.050011393194228794,0.031641598333173676,0.06041682422855494,-0.6188904458262784,1.393200282925571,0.27535649405009005,1.5,0.1261469841114076,10775.079791921582,10900.953678174052,10593.507716458886,10938.012913801225,0.0,0.0,0.0,0.0,0.0,0.0,nan,0,-0.005274724261665531,0.005596811802837942,-0.03697569139395651
4.73156914899937,1.303814274935089,0.3413611278844396,1.4842804901461784,0.5351620714337539,-0.24431821610589421,0.0662746066292003,0.028498994297636127,0.057025819761997054,-0.6419888694720634,1.4004345620266856,0.26758152794620405,1.5,0.12258063564345327,10821.437315835496,10948.405918509183,10628.285715589333,10968.61823523163,0.0,0.0,0.0,0.0,0.0,0.0,nan,0,-0.011865741601476909,-0.0030171431322149056,-0.005512075290013518
4.7427079149993006,1.3118813724927856,0.3327192733136535,1.4720879370682616,0.512256062482983,-0.27649460413441507,0.05133877926478552,0.026259870801483298,0.054359844093635735,-0.6618452097317289,1.4004345620266856,0.26758152794620405,1.5,0.11341814892373629,10817.29630037635,10930.085769773383,10619.79099338467,10944.47244689671,0.0,0.0,0.0,0.0,0.0,0.0,nan,0,-0.006383429876452462,-0.006277680946631059,-0.017813400383023037
4.75309211900003,1.318624269168071,0.344184222796864,1.5002698814979105,0.5231998384462395,-0.27946667703706934,0.07528026780953105,0.025547685746129145,0.05552246557410717,-0.6682986102102814,1.407434891695286,0.259605828131827,1.5,0.12264136477473307,10817.29630037635,10930.085769773383,10619.79099338467,10944.47244689671,0.0,0.0,0.0,0.0,0.0,0.0,nan,0,-0.002250531560612723,0.01062196998542353,0.010259338575712373
4.763080687999718,1.3153997158788826,0.323038986281535,1.4623654712740035,0.5452678901964751,-0.2807228336947687,0.012402384200074331,0.026855240641448137,0.05663769565586861,-0.6945907863079355,1.407434891695286,0.259605828131827,1.5,0.11794319349937066,10784.311465403174,10902.832499482778,10623.819486851904,10903.906896447397,0.0,0.0,0.0,0.0,0.0,0.0,nan,0,-0.008109256515748342,-0.0050359324555806495,-0.027752392367114354
4.774285530999805,1.3428111862894039,0.32234326233252264,1.4989965748229446,0.5655511958786827,-0.2451329427110325,0.058493711193765285,0.0253056972860253,0.05715793488840627,-0.7053846321636028,1.41416793014438,0.2514725196806238,1.5,0.10057561294718657,10841.603870585783,10947.367367354947,10687.034654927713,10958.26409413434,0.0,0.0,0.0,0.0,0.0,0.0,nan,0,0.01664483495738045,-0.00019221541498826156,0.008771090360686129
4.784520757999417,1.3239914417622152,0.3014276857088379,1.4852120181810953,0.5884603157197899,-0.24569995381251805,0.07922232686069333,0.027815464598565983,0.05295884712220699,-0.7278733279553911,1.41416793014438,0.2514725196806238,1.5,0.10414414086313922,10833.197617550124,10913.659661680718,10654.089711207294,10923.432118233142,0.0,0.0,0.0,0.0,0.0,0.0,nan,0,-0.004854493106982716,-0.015516797646097369,-0.005123610620091812
4.794886282999869,1.3247174830054123,0.3040080909849926,1.4826268156492928,0.5490479216439617,-0.2718069146352424,0.039811315693053705,0.025192098864994274,0.0510151566586925,-0.7451960932886051,1.4206599918739964,0.24315557991547906,1.5,0.1149339838600719,10817.533079033521,10879.326244756605,10635.45277453283,10903.785605749172,0.0,0.0,0.0,0.0,0.0,0.0,nan,0,-0.006829039464612219,-0.007294797540869924,-0.007817071448216417
4.8053365830000985,1.3399928765299232,0.3065144556675967,1.4714169808638566,0.5823483013070672,-0.23567412673783916,0.057523249880309026,0.026527584863095637,0.055750855514943465,-0.7633367685194523,1.4206599918739964,0.24315557991547906,1.5,0.10648248502661568,10821.838928119956,10884.301669850205,10674.692337197097,10908.51808250412,0.0,0.0,0.0,0.0,0.0,0.0,nan,0,0.005725913777569813,0.0009029817070015378,-0.01913266935251401
4.816094370999963,1.3419650499068805,0.30125506269173474,1.517667726134583,0.6013671059000946,-0.19055271745785196,0.03615542115951656,0.025153078465047,0.049908916432769485,-0.7773226923562836,1.4269062572600415,0.23466451267253488,1.5,0.10936845342802869,10841.8975924193,10892.14142231211,10684.58557328163,10908.620232377021,0.0,0.0,0.0,0.0,0.0,0.0,nan,0,0.004958923142376559,0.001384144540633181,0.027012706577208778
4.826509673000146,1.3432765902444792,0.30545492309506256,1.4987311860342853,0.6054546507262737,-0.20839971190482542,0.049466128562479186,0.024265447882246237,0.048481128669731796,-0.7934211475758736,1.4269062572600415,0.23466451267253488,1.5,0.10957560541381159,10833.360933800921,10870.245073231667,10659.373400438364,10869.301450200532,0.0,0.0,0.0,0.0,0.0,0.0,nan,0,0.003513805519327562,0.011372796484026837,0.007972543742766236
4.83693570899959,1.3339100399796473,0.26270029673648065,1.491228163395319,0.603842973017449,-0.2521028215406518,-0.025466897273778304,0.025476932954971797,0.04669170864076269,-0.8125189932679203,1.4329004935325123,0.22601217171507312,1.5,0.10593428873413728,10829.956227509674,10864.896383338835,10653.604536549625,10848.972065622667,0.0,0.0,0.0,0.0,0.0,0.0,nan,0,-0.008625609855080763,-0.025545822838349552,0.00037045871287877397
4.8479410849995475,1.3455182532204104,0.29077171648239547,1.5168837171616298,0.592667844529029,-0.16554572051965732,0.0323152670141847,0.01929134876040861,0.047626187111224016,-0.8228290950978048,1.4329004935325123,0.22601217171507312,1.5,0.11006595507070593,10874.299626997185,10896.351262228241,10728.54438086629,10906.139287602518,0.0,0.0,0.0,0.0,0.0,0.0,nan,0,0.00019472889271177074,0.008408119315890583,0.025927306541321027
4.858295586999702,1.3246861157291938,0.27976212860374855,1.4813730488998431,0.6414217602691837,-0.2163890836852482,0.10085993451440732,0.02081734589198241,0.0469955973248741,-0.8393315933738809,1.4386489312866475,0.21719369578488557,1.5,0.13133657305746338,10853.758242361379,10891.58592143281,10699.138825495489,10851.52933825562,0.0,0.0,0.0,0.0,0.0,0.0,nan,0,-0.02343902573637302,0.0033267136390399132,-0.009683703371029528
4.868661651999901,1.3642239431119523,0.2580185304850759,1.4643298713202013,0.6406571406011105,-0.22897097631304647,0.0604986767133006,0.022435337548750177,0.04362800595351855,-0.861616445757849,1.4386489312866475,0.21719369578488557,1.5,0.09207662066526326,10823.462998759258,10844.978848814211,10673.588982758174,10817.511026593942,0.0,0.0,0.0,0.0,0.0,0.0,nan,0,0.01328484504000027,-0.012444306187304466,-0.026823333558994245
4.879143993999605,1.3605845577619027,0.2567452306483868,1.5065271905548405,0.6598967690716213,-0.18702552175070053,0.08274064147376291,0.02070073673590449,0.04303166248301525,-0.8801453226177093,1.4441328356976446,0.20824358233758591,1.5,0.09682628182178532,10844.761068104093,10850.290213614515,10698.789036485838,10840.382206098891,0.0,0.0,0.0,0.0,0.0,0.0,nan,0,0.006820520317031731,-0.007701711516465259,0.01528255871150841
4.8894907379999495,1.3551783059530011,0.258337891714533,1.4898338666173951,0.6037935260620442,-0.1581281262885963,-0.008939949415762096,0.02075727880544709,0.03962595699692599,-0.8931103629810011,1.4441328356976446,0.20824358233758591,1.5,0.10259482668242517,10816.327132577726,10796.762773748744,10659.070964086108,10791.668832404386,0.0,0.0,0.0,0.0,0.0,0.0,nan,0,-0.0014202706857935343,-5.101021142439599e-05,-0.0014948411749564627
4.9000845219998155,1.35454128615277,0.23289515541796574,1.4865662658504637,0.6659556909423084,-0.16134738574216043,0.022875727322648205,0.02015175739153351,0.04138209697777469,-0.9079255208553001,1.4493787070443034,0.19912291103510324,1.5,0.10156360620426036,10860.137820419975,10861.671810493188,10718.387784749435,10817.389163549298,0.0,0.0,0.0,0.0,0.0,0.0,nan,0,-0.004900061797815436,-0.019394627807800213,-0.0048401020176152
4.910892944999432,1.3696581595932777,0.24764231439859513,1.499554909745098,0.6783139614623389,-0.12867232399702974,0.05672721071178248,0.020563843403435676,0.0378313947506082,-0.9269763834383514,1.4493787070443034,0.19912291103510324,1.5,0.09332575364804437,10887.422826835496,10867.535214211452,10735.410360392609,10830.890247609985,0.0,0.0,0.0,0.0,0.0,0.0,nan,0,0.00736715082948769,0.0014918336673041266,0.008071537357926761
4.921167655999852,1.3569648621786579,0.22946929505488106,1.498215926767319,0.6965565187034007,-0.16691220592445705,0.009168134012717533,0.020811827999456745,0.03738933221001721,-0.9428546328293873,1.4543648656576789,0.18987272131626098,1.5,0.10515622780820379,10875.619428909868,10846.12048563677,10702.77790482952,10795.063608539018,0.0,0.0,0.0,0.0,0.0,0.0,nan,0,-0.008181274600771893,-0.010502932678318255,0.0066571551072429624
4.931726005999735,1.3787208092827063,0.23825738237202002,1.5236556238752197,0.6375420065707676,-0.16412217317557476,0.043715274422340904,0.01951314497705831,0.03544374903216599,-0.9615687128385944,1.4543648656576789,0.18987272131626098,1.5,0.09285842574191407,10896.430726195946,10846.089393684293,10729.684533016047,10812.800205804357,0.0,0.0,0.0,0.0,0.0,0.0,nan,0,0.010715518131071633,0.004501101140886726,0.03202365973433219
4.942110573999344,1.3820943699970136,0.24505204223405205,1.50760971090226,0.6828095962744118,-0.14025428580899818,0.06161732185329097,0.01854092957542054,0.032952588881330236,-0.976649263752574,1.459089495311725,0.18050360015676897,1.5,0.10076040093632248,10896.430726195946,10846.089393684293,10729.684533016047,10812.800205804357,0.0,0.0,0.0,0.0,0.0,0.0,nan,0,0.011227361365548694,0.017548048480669765,0.01590882044547004
4.952601084999515,1.3744068983098057,0.23966963652388265,1.4935903381020454,0.7315318756931914,-0.10906872474787244,0.01571055746768412,0.023482573766288452,0.03040343609356499,-0.9946394687432194,1.459089495311725,0.18050360015676897,1.5,0.10350287851084237,10852.115766582383,10814.127236000897,10707.25343664402,10761.56170984467,0.0,0.0,0.0,0.0,0.0,0.0,nan,0,0.0006770928607633397,0.01845274472989386,0.0018303400148800275
4.963628043999961,1.3676219922758188,0.1888741887330686,1.4881656498007259,0.6923111060506708,-0.14421335593249673,0.03157983997395046,0.01581245181103957,0.031685946833622115,-1.011749775006967,1.4635697582661178,0.17098558542444448,1.5,0.0983159588851248,10871.280247173197,10811.525574887863,10712.673127092708,10748.638451991634,0.0,0.0,0.0,0.0,0.0,0.0,nan,0,-0.008970216048134416,-0.026022109063828153,-0.0036441000794118494
4.974031423999804,1.3852163409715126,0.18256082434988466,1.4958729456972244,0.6860184348950846,-0.062264669995564015,0.07731586802712197,0.022605732966896566,0.0269715198726517,-1.033755090909663,1.4635697582661178,0.17098558542444448,1.5,0.07931126486913206,10883.259613571014,10809.934273046068,10738.741664011397,10761.394051738747,0.0,0.0,0.0,0.0,0.0,0.0,nan,0,0.005763610183312062,-0.025982632273619355,0.0040192182826421785
4.9843994419998126,1.3966734674260537,0.21312004060141165,1.490710033877931,0.6966159464638112,-0.07342565825833769,0.05759818043641553,0.02177103889722122,0.03128869303823641,-1.0401575999006172,1.4677862424110573,0.16136423499028985,1.5,0.08844203554347427,10883.259613571014,10809.934273046068,10738.741664011397,10761.394051738747,0.0,0.0,0.0,0.0,0.0,0.0,nan,0,0.014363591196953074,0.010960186591805948,-0.0011799906052984976
4.994922869999755,1.3764409626487293,0.19391972958852685,1.506550800645588,0.6978828856457187,-0.0705399274670453,-0.008983238115419416,0.016462462870347205,0.02364191304690538,-1.0686806065023424,1.4677862424110573,0.16136423499028985,1.5,0.09719430720207868,10861.678387281063,10781.424234991904,10705.682155237131,10715.95830388089,0.0,0.0,0.0,0.0,0.0,0.0,nan,0,-0.008721182248002224,-0.0018273175897863259,0.014635078787458955
5.005718532999708,1.4025147382170269,0.18482742798225124,1.5199234180570218,0.6900074570120142,-0.04941365233577749,0.051214338120820484,0.02060383384313347,0.023048766807033157,-1.0746553244088557,1.4717493883698385,0.15162169636465148,1.5,0.07932843110207805,10893.226251217271,10814.96649802979,10744.273339401416,10712.10852584801,0.0,0.0,0.0,0.0,0.0,0.0,nan,0,0.014506733042747744,-0.004479023781861435,0.027990186758073854
5.0161914909995176,1.3858875968900484,0.1938456359250952,1.5075386797875086,0.7040247311555603,-0.06718116028042931,0.03629516193721271,0.018672435086385712,0.0234598515324902,-1.0939472480283061,1.4717493883698385,0.15162169636465148,1.5,0.09597885184279689,10863.680943645682,10783.271763105018,10712.766033950018,10661.383473056696,0.0,0.0,0.0,0.0,0.0,0.0,nan,0,-0.004958333445091556,0.01100601377184346,0.0155971131277588
5.026603496999996,1.405924356012954,0.1811716279656878,1.4992655214869863,0.7050140054933391,-0.027369024718744084,-0.04791599343507214,0.01782223067220176,0.017713556863201113,-1.1202196140567207,1.4754549083272759,0.14177263985672023,1.5,0.07992069461554564,10856.013162978223,10781.565634918348,10718.825606360788,10652.567717552865,0.0,0.0,0.0,0.0,0.0,0.0,nan,0,0.012249955423210945,0.0048234218259901596,0.0073281359641326205
5.037412592999317,1.4066179246057722,0.1580449272988434,1.4672561210632118,0.6913456961523192,-0.01027182865457632,0.018803444163734178,0.021439176596565995,0.016814527848895092,-1.1341250888610768,1.4754549083272759,0.14177263985672023,1.5,0.07794536082603433,10921.649778622914,10843.061296700822,10793.589484959954,10698.771209692872,0.0,0.0,0.0,0.0,0.0,0.0,nan,0,0.010126118615521928,-0.011788693457578991,-0.024670173560598307
5.048003823999352,1.4255624627019106,0.1638912634922844,1.4791357436239425,0.7380593783015296,-0.0417192108648925,0.02202248702219156,0.019499341304184008,0.01687811740720308,-1.1401281402632288,1.4789025444370645,0.131822703182771,1.5,0.06564201454833371,10950.115213369294,10873.306911051719,10827.119029797956,10716.241131705794,0.0,0.0,0.0,0.0,0.0,0.0,nan,0,0.0262659767979323,0.0005940094359374037,-0.012780546018797967
5.058191180999529,1.409081942808343,0.14801430457183223,1.4870763003358078,0.6937267353842689,-0.0015214574031698347,0.011437414723021894,0.02550287222006369,0.013673401568189043,-1.1616284675335733,1.4789025444370645,0.131822703182771,1.5,0.07282929616815692,10963.964241742382,10868.914877001442,10834.339361386352,10725.904126136253,0.0,0.0,0.0,0.0,0.0,0.0,nan,0,0.006995132557404915,-0.008726347946387492,-0.004834099638831635
5.068823730999611,1.4029518977229987,0.14842216402268404,1.496488948357893,0.6690048804775588,0.04159895543039627,0.044368672746831345,0.02328765041809849,0.010673779372310744,-1.1821292695082672,1.4820854942875845,0.12179884938576306,1.5,0.0835658690563119,10961.701409159397,10873.170046928886,10847.11063094757,10725.21216228007,0.0,0.0,0.0,0.0,0.0,0.0,nan,0,-0.0019092632011252775,-0.0017432708736526414,0.004579403827178696
5.079410616999667,1.4097056108593977,0.15566213928874473,1.4784914693158513,0.6906872807891611,-0.005256379782764997,0.07297400341335786,0.027400298177067177,0.013575493646308657,-1.1938243852328214,1.4820854942875845,0.12179884938576306,1.5,0.08275377224225042,10929.633488115187,10850.5700998069,10830.052292386395,10671.89278440812,0.0,0.0,0.0,0.0,0.0,0.0,nan,0,0.0020876413014430106,0.012088828225750303,-0.013419618217859641
5.090047701999538,1.4077394434567536,0.12609299499661364,1.5007079115911184,0.7036209113246644,0.042772444079020366,-0.0004639535031683191,0.02534148769024009,0.007087430410523802,-1.2002724513073988,1.485016545724475,0.11166526635200712,1.5,0.07861559023221232,10899.651779062207,10822.660351465685,10815.599136638399,10649.213936307662,0.0,0.0,0.0,0.0,0.0,0.0,nan,0,-0.002616268992716053,-0.01087304187085289,0.008797832449814358
5.100579840000137,1.4047418086408092,0.12256367602317927,1.5150246433914407,0.719062312383279,0.022754418934670284,-0.038695781678583875,0.02459895295352799,0.005855009193704948,-1.237863590812239,1.485016545724475,0.11166526635200712,1.5,0.08239264928531147,10911.45354913942,10834.085332195244,10827.58700464212,10657.073168605051,0.0,0.0,0.0,0.0,0.0,0.0,nan,0,-0.008330994260791202,-0.007781613848842989,0.02311916948252013
5.110539442000118,1.4128666978619555,0.125285120388672,1.49380869963344,0.7392761042744891,0.06848166267502087,-0.051153234235630445,0.028470340889069905,0.005027516728347647,-1.2530335639113341,1.487685403104456,0.10146029097012514,1.5,0.07876416286113873,10931.320198887983,10840.647916960063,10859.997627038287,10680.68944654788,0.0,0.0,0.0,0.0,0.0,0.0,nan,0,-0.002900877750739994,0.0015724337235554914,0.001908553743050767
5.121209623999675,1.4015507272911127,0.13004480352770936,1.464448050772514,0.7574081820743523,0.021133189311654754,0.028108301813916575,0.025543773319457702,0.006086456810667194,-1.267390036677057,1.487685403104456,0.10146029097012514,1.5,0.097468958286719,10931.320198887983,10840.647916960063,10859.997627038287,10680.68944654788,0.0,0.0,0.0,0.0,0.0,0.0,nan,0,-0.016887563392742777,0.012974983891027733,-0.0274518693699084
5.1316237309993085,1.3989070830269015,0.12208877732027286,1.4851526209533794,0.6960009800286278,0.06734128748741391,-0.03147975877065698,0.028542650215116726,0.0008696092740164198,-1.278446496133672,1.4900908563468571,0.09119698345826785,1.5,0.09741266914232304,10984.99381309675,10872.184895095734,10906.59321838886,10719.854746401314,0.0,0.0,0.0,0.0,0.0,0.0,nan,0,-0.022176158441991944,0.011670446321277617,-0.006756190351544067
5.142124525999861,1.42992039671997,0.09892276003692749,1.4877578187571707,0.6985616906894386,0.09362898893578186,0.006539672618638855,0.030020747632425827,0.003388642789863435,-1.2942106479724174,1.4900908563468571,0.09119698345826785,1.5,0.06188733987688024,11002.080093588409,10886.84606642567,10953.242506521849,10743.323148149064,0.0,0.0,0.0,0.0,0.0,0.0,nan,0,0.0062196395799922755,-0.0048371519661346285,-0.004171367286741168
5.152901965999263,1.4189747955410792,0.08778644642868028,1.4868648587103117,0.7357824078708892,0.08553246651587393,0.0023382440337706683,0.02976305958721888,-0.00020717613518122485,-1.3140304375609564,1.4922387232864815,0.08085566956125989,1.5,0.07475406820614904,10997.705880255637,10883.327301675965,10935.438805107364,10721.809395725195,0.0,0.0,0.0,0.0,0.0,0.0,nan,0,-0.007314422207504778,-0.009309842006390498,-0.00509697889216798
5.163336309999977,1.4272677363050128,0.09820305021067685,1.4835432425592092,0.7546074521391097,0.06767512159478661,0.007533411259264048,0.03186772490733959,-0.004280375887177546,-1.3215873926754476,1.4922387232864815,0.08085566956125989,1.5,0.06923139194185662,10998.983964194784,10866.045881811195,10930.583977475282,10717.132183929129,0.0,0.0,0.0,0.0,0.0,0.0,nan,0,-0.0015793468967961743,0.007773833444875394,-0.008461853099088312
5.173849398999664,1.4493453004588217,0.07634663400811992,1.4971543298552705,0.6992607091265512,0.1049900884443658,-0.02645640159434383,0.031742935970222874,-0.004646235327465101,-1.343416492585134,1.494123665735395,0.07046640677130477,1.5,0.045252369084628076,10991.647454714544,10854.546259701892,10922.742023826364,10718.62140086854,0.0,0.0,0.0,0.0,0.0,0.0,nan,0,0.017972488788833063,-0.007413821719191235,0.005096568945632818
5.184529251999265,1.4398664117642084,0.09563555427256064,1.4966166469704578,0.6917704188615587,0.10470190387240763,-0.013349212529768353,0.03388042151216957,-0.007647190912805976,-1.3555432655989672,1.494123665735395,0.07046640677130477,1.5,0.05990644933691466,11001.161660435582,10862.206516145821,10935.023087425041,10714.351052102356,0.0,0.0,0.0,0.0,0.0,0.0,nan,0,0.0060015783827911395,0.018543782463955452,0.004496811486997654
5.194957248999344,1.4443920079315589,0.07876808043335468,1.4896524912564904,0.6899035794667985,0.11966457946186415,-0.015461496191331303,0.03524191538646178,-0.004358615892924711,-1.3770175567838219,1.4957500766130256,0.06000809538091182,1.5,0.05564763422693856,10985.175980124319,10868.423296689434,10938.456923112039,10699.351579565366,0.0,0.0,0.0,0.0,0.0,0.0,nan,0,0.008070420050532823,0.008343134451889986,-0.0025388247666799924
5.205264251999324,1.4283318062712045,0.07679720525570843,1.4934090102225346,0.685314593699657,0.10589735924527888,-0.007460732265206615,0.03549752396602633,-0.010068687476214292,-1.3889203375178796,1.4957500766130256,0.06000809538091182,1.5,0.0697892436734883,10992.200912154367,10872.318274867712,10951.810427878829,10696.001578451629,0.0,0.0,0.0,0.0,0.0,0.0,nan,0,-0.01040971651417033,0.01303543654167659,0.001136829109541937
5.215846325999337,1.4470938656740142,0.04447965602625535,1.488783857317885,0.6837982241738955,0.11176105134282555,0.017079414488661276,0.0359370058859367,-0.007409360564561473,-1.407956585042269,1.4971104619577487,0.04953668010234114,1.5,0.05150762325114361,10992.200912154367,10872.318274867712,10951.810427878829,10696.001578451629,0.0,0.0,0.0,0.0,0.0,0.0,nan,0,0.005970758493668349,-0.012624374660388321,-0.0035782387936282856
5.226444340999478,1.4477592524012155,0.06932880743453339,1.497372867217124,0.6880801994653695,0.14671226238297802,0.01151613850857669,0.04210676870594437,-0.014130496311436615,-1.4147334407272276,1.4971104619577487,0.04953668010234114,1.5,0.0532369422082582,10959.743104124089,10840.37646316097,10942.17448596997,10670.16031248596,0.0,0.0,0.0,0.0,0.0,0.0,nan,0,0.004294350222286969,0.018875296598867275,0.0049141813446218485
5.236913910999647,1.453382438196041,0.044581861046056784,1.4688558605296738,0.7228306873091824,0.1403272697601352,0.04692592715433978,0.04300380680476552,-0.007551351836579694,-1.434854342336146,1.4982102006463192,0.039022350972200325,1.5,0.05486705625333854,10936.525964763463,10829.775072685334,10922.63255122381,10646.37252029772,0.0,0.0,0.0,0.0,0.0,0.0,nan,0,0.00761690643221602,0.0007698911366928948,-0.023702691961731803
5.247558678000132,1.4479927162322483,0.03372804000017115,1.5309781354940912,0.6919232828975878,0.12638380042140746,-0.02815719783686296,0.03869935918548574,-0.01631483397958925,-1.453646277971421,1.4982102006463192,0.039022350972200325,1.5,0.05924078281248711,10939.824632041848,10805.07892469022,10906.98939139052,10645.816458753656,0.0,0.0,0.0,0.0,0.0,0.0,nan,0,-3.089514743881416e-05,-0.003453118048914669,0.03831908091211611
5.2580038079995575,1.4552163192866026,0.044966706118123305,1.4711891435537299,0.6844649354019122,0.18517384766309997,0.032316671232958,0.04058450131554279,-0.012640514870311065,-1.4654526484051944,1.4990483281927998,0.02847465279898811,1.5,0.05498452761097193,10939.824632041848,10805.07892469022,10906.98939139052,10645.816458753656,0.0,0.0,0.0,0.0,0.0,0.0,nan,0,0.0049785545420504285,0.014403889295748654,-0.0215686771766046
5.268696303999604,1.4465186556326162,0.02378333906077179,1.5020144346853672,0.665990216251185,0.16920834736984602,-0.028543826365780393,0.04413740123847312,-0.016387453445445503,-1.4846987027805576,1.4990483281927998,0.02847465279898811,1.5,0.05277720029493885,10927.227070845576,10800.171935767028,10899.57478953032,10621.66487742554,0.0,0.0,0.0,0.0,0.0,0.0,nan,0,-0.005887921518684225,-0.00017535831662503915,0.009160700409803768
5.279179749999457,1.4577151760398657,0.003946871503471054,1.5106150902778268,0.6595460328161192,0.16935466278316025,0.059359976433037656,0.0484911350887863,-0.01857037523377194,-1.5029677304678735,1.499627491803941,0.017823477464735768,1.5,0.045407956872316704,10934.395511594326,10815.447519838983,10921.871800573643,10636.397987532446,0.0,0.0,0.0,0.0,0.0,0.0,nan,0,0.003186656211482397,-0.013423710678607412,0.017666684216302242
5.289648054999816,1.4437148305770204,-0.00459393809079002,1.4996948449769192,0.6707880608429746,0.1482479111553336,-0.026259490273454696,0.04971159750461593,-0.020172344138395297,-1.5123789285251124,1.499627491803941,0.017823477464735768,1.5,0.060240014319832474,10875.499824183144,10746.033070847556,10868.764818570815,10575.451889029837,0.0,0.0,0.0,0.0,0.0,0.0,nan,0,-0.012887534584715477,-0.015394100470101028,0.006657514882130178
5.300375154999529,1.46128539210368,0.004914726209478827,1.5016864866464914,0.6502557628285534,0.1569290250975489,-0.03081841845868425,0.04997045600949188,-0.022893365429925126,-1.5331660124157762,1.4999369645325578,0.007333799464337935,1.5,0.038763903361838555,10889.755728838372,10764.617958326517,10902.629307035548,10616.675309254715,0.0,0.0,0.0,0.0,0.0,0.0,nan,0,0.002658572140080695,0.0006655828076408384,0.008568787608015604
5.311117225999624,1.452734031757498,-0.019948330159984103,1.4929179510536321,0.6421834372505384,0.1690060296893559,-0.010311093787983339,0.05424012426169033,-0.021746834877285168,-1.5374167788701258,1.4999369645325578,0.007333799464337935,1.5,0.05497805813853266,10902.569715541262,10778.244892461806,10937.14170229568,10633.714799893178,0.0,0.0,0.0,0.0,0.0,0.0,nan,0,-0.007866236120987358,-0.017667669868792826,-0.0002756288332990131
5.321385322999959,1.4709955049737664,-0.02349592751622491,1.4997922189753663,0.6726635563615517,0.17666453751803624,-0.003195884200930414,0.05320358717485179,-0.025003582536665472,-1.565414732249863,1.4999874361048677,-0.0032742886272442997,1.5,0.03534812474546638,10902.297222105432,10786.899675783012,10945.342536445345,10650.837494281312,0.0,0.0,0.0,0.0,0.0,0.0,nan,0,0.008474310308334454,-0.014708468373442717,0.006524869564642266
5.331942797000011,1.459316575833497,-0.01309882907962251,1.485444638599656,0.6500867601240492,0.17203511930226006,-0.06457476089229056,0.05340626761203706,-0.0271636391771693,-1.5746735728917975,1.4999874361048677,-0.0032742886272442997,1.5,0.04430010175844301,10902.907002336447,10771.148197138875,10939.514182955903,10644.326471798275,0.0,0.0,0.0,0.0,0.0,0.0,nan,0,-0.005071663021672501,0.00217068680153191,-0.00789434028578273
5.3423191060001045,1.4688222467996257,-0.02789990609830636,1.503481642259323,0.6631299609639293,0.20634724662839365,0.050334902218448954,0.055973698299233286,-0.02384521933932275,-1.586982307820146,1.4997752971764997,-0.013844659911304768,1.5,0.03417254900987672,10942.43166176281,10824.22734861163,10995.45515278472,10696.952160781484,0.0,0.0,0.0,0.0,0.0,0.0,nan,0,0.0026224046291465353,-0.00617490541782921,0.010069136167349502
5.352926071999718,1.4501875067274437,-0.038309648501590514,1.4772134331712279,0.6668968543553438,0.1620068791960264,-0.004961469400721705,0.060382086001565985,-0.026921025884299843,-1.6063307039403794,1.4997752971764997,-0.013844659911304768,1.5,0.059805620606966384,10894.026539749824,10762.685469659946,10925.327932016771,10635.094830038292,0.0,0.0,0.0,0.0,0.0,0.0,nan,0,-0.01776727816354251,-0.01015742439721655,-0.016273038605591372
5.363829744999748,1.468677094655393,-0.017771428794240998,1.5009349677142836,0.618815655080575,0.1770276868606318,0.004727850058136557,0.06247841973683589,-0.027096142634441517,-1.6230480247227794,1.4992999821024666,-0.024426459864894567,1.5,0.03135163215486956,10903.513680147962,10768.23650892765,10949.193146003146,10672.657573287186,0.0,0.0,0.0,0.0,0.0,0.0,nan,0,-0.0009749041103273015,0.01677813059262788,0.007377664462467015
5.374104055999851,1.4682848749504052,-0.042536995604412056,1.4711559020772595,0.5801276784254885,0.1678839590511399,-0.0480410651625383,0.0640632117983592,-0.026923062231776294,-1.636404268416203,1.4992999821024666,-0.024426459864894567,1.5,0.04606419826071907,10878.239426763825,10754.720592194339,10948.784724269106,10649.52107663974,0.0,0.0,0.0,0.0,0.0,0.0,nan,0,-0.0030053699233703046,-0.0016217005128158143,-0.022469166429276433
5.384204689999933,1.484572162907105,-0.04779084994013874,1.5036550355185017,0.5946446015961474,0.17967074615881629,-0.04959670777503726,0.06152120337746402,-0.027465484774966645,-1.6521910232560635,1.4985636108869644,-0.034968365830134164,1.5,0.019327079447395656,10878.239426763825,10754.720592194339,10948.784724269106,10649.52107663974,0.0,0.0,0.0,0.0,0.0,0.0,nan,0,0.011704058957766605,-0.000543236816878824,0.009961630069478478
5.394946379999965,1.460270348145856,-0.06502735579439126,1.487195657299554,0.6137620228580392,0.2163531630069071,-0.00010136196393067953,0.06134553519378287,-0.03264850098049261,-1.6634547304611667,1.4985636108869644,-0.034968365830134164,1.5,0.05033754107047076,10914.517735563551,10814.621089884075,11015.047375820735,10703.706800129801,0.0,0.0,0.0,0.0,0.0,0.0,nan,0,-0.01411373054147802,-0.011482711103257395,-0.006572159451732507
5.405456458999652,1.45721500286925,-0.06781546844052584,1.5044258755951743,0.579536221845884,0.21472336469724335,-0.04063834664568987,0.06788882890085556,-0.03131198091463084,-1.6785596386292603,1.4975645622395197,-0.045495224662777785,1.5,0.04632352100668702,10923.910639000773,10828.245957016079,11028.551392251271,10706.193191156466,0.0,0.0,0.0,0.0,0.0,0.0,nan,0,-0.018622089827961874,-0.008010728224375971,0.010578275597541875
5.415824274999977,1.4769126796551324,-0.07188479437809268,1.4897111661078581,0.5802544078946432,0.20874948356527667,-0.03562734621107457,0.06834680474213792,-0.02992350116863147,-1.6952380718976165,1.4975645622395197,-0.045495224662777785,1.5,0.035053812159291216,10911.874143635714,10822.839590944724,11008.140142449487,10690.326633672092,0.0,0.0,0.0,0.0,0.0,0.0,nan,0,-0.0003134660136656642,-0.005858493557165889,-0.004220299993673349
5.426473713999258,1.4908421828803342,-0.08287166299211728,1.4815338111363496,0.6073384989202311,0.18330100139025374,0.022020222025526386,0.07501526646824169,-0.031950250289485796,-1.7053710108323514,1.496302876684684,-0.05599532937658985,1.5,0.03306291905724596,10922.438620793737,10840.363126163807,11017.341747641987,10703.731515265754,0.0,0.0,0.0,0.0,0.0,0.0,nan,0,0.012292071908713842,-0.010663994646020816,-0.01248680774491362
5.4368415949993505,1.4555129525547552,-0.08053619274419517,1.5096885905182507,0.5767825223467905,0.20384834308760508,-0.05431950796693928,0.07273075452930741,-0.027809389560058705,-1.7251906069778722,1.496302876684684,-0.05599532937658985,1.5,0.04857922057405979,10901.781662401218,10803.079990701632,10990.69442838497,10691.262438239475,0.0,0.0,0.0,0.0,0.0,0.0,nan,0,-0.024295106817797674,-0.002188879334604127,0.015574860539718127
5.447709033000137,1.467635490777899,-0.077289151193435,1.5143871140601128,0.5975237339422266,0.22286052750290464,-0.00820725867478252,0.07441411690702192,-0.028402369568485974,-1.7392555821957008,1.4947793092402084,-0.06645550202451352,1.5,0.03257520354516267,10906.647019454573,10811.240281883753,11000.13934978435,10710.553848053958,0.0,0.0,0.0,0.0,0.0,0.0,nan,0,-0.013363598621412232,0.007154583320113123,0.020177576419615484
5.45805081799972,1.4926834487542855,-0.09534085402555725,1.4855385100389467,0.6025363090114602,0.17927935105090098,-0.0726648804762384,0.07834908375644124,-0.03140126026938624,-1.7480824120455072,1.4947793092402084,-0.06645550202451352,1.5,0.03237114275545893,10885.686776703296,10776.493285543682,10964.068329050948,10682.431436726785,0.0,0.0,0.0,0.0,0.0,0.0,nan,0,0.010561056358783905,-0.004845357905806452,-0.008767475239663591
5.468719172999954,1.474685964774039,-0.09094047852002633,1.5051694799558542,0.5502008325443564,0.23890629927714824,-0.027770611052567756,0.07780459538425745,-0.031838063271237615,-1.7767296962690546,1.4929940664950254,-0.07686904473662938,1.5,0.02366253072603377,10932.013612853054,10823.623013216484,11008.270680984477,10748.574640394112,0.0,0.0,0.0,0.0,0.0,0.0,nan,0,-0.008490944366017716,0.005560527619242778,0.010764338551779495
5.4790691929993045,1.4694217779835028,-0.09729663106295126,1.4833161347182544,0.5317691264210825,0.1976202324184947,-0.03360881429610385,0.07889118743669381,-0.03157178454750718,-1.779173904473818,1.4929940664950254,-0.07686904473662938,1.5,0.03537358378125164,10919.743542039461,10814.236066423955,10998.874359849622,10719.63110877536,0.0,0.0,0.0,0.0,0.0,0.0,nan,0,-0.01473977959761874,0.005162022031383606,-0.011193747624571815
5.49000456199974,1.4854010238516209,-0.10692225826839478,1.5102320612639295,0.5209503438790327,0.2084162318733393,-5.389911148535875e-05,0.07862207888695087,-0.031340979021071795,-1.7964702957367817,1.4909474265420188,-0.0872288640915791,1.5,0.022875476710143082,10917.573886221366,10837.174354326831,11019.035508681889,10737.702668474341,0.0,0.0,0.0,0.0,0.0,0.0,nan,0,0.0003255344688930517,0.0014447122469264106,0.015611893855058012
5.5000692659996275,1.4901152744532433,-0.10507673545243654,1.5028517917209354,0.528896116918274,0.22725058619021604,0.009353682948269597,0.08352122320712187,-0.029173724746601987,-1.8132745266039103,1.4909474265420188,-0.0872288640915791,1.5,0.01809341607414599,10875.382820349441,10806.804131374636,10985.981590323396,10692.138025071998,0.0,0.0,0.0,0.0,0.0,0.0,nan,0,0.004197214353169221,0.009147901807872519,0.008118213268041963
5.510530671999732,1.4945118905519186,-0.11470810082882837,1.517139123266146,0.5410477147949609,0.18888206461444035,0.004222846494053217,0.08333167320692066,-0.03262910404371073,-1.826931347552035,1.48864012814068,-0.09752606882009729,1.5,0.024968968022231912,10875.382820349441,10806.804131374636,10985.981590323396,10692.138025071998,0.0,0.0,0.0,0.0,0.0,0.0,nan,0,0.007822981238514659,0.005322443777321231,0.02229488937451385
5.521300527999301,1.4790004086198556,-0.13923370325307657,1.5192007962567535,0.5424767412462854,0.24610538023320516,-0.04410705346214293,0.08626861693482991,-0.030265205878848036,-1.837467337694054,1.48864012814068,-0.09752606882009729,1.5,0.04691611172431666,10820.376450683436,10751.369597492388,10926.390258218786,10638.981218676761,0.0,0.0,0.0,0.0,0.0,0.0,nan,0,-0.008387248904959677,-0.013450101198701325,0.024253836212412505
5.531605915,1.480494317324288,-0.13181215797721904,1.4996659736236564,0.5293252661060215,0.20335223883161435,-0.01871095310396517,0.0902228652739137,-0.032073264425058146,-1.8491024764521835,1.4860714281898586,-0.10775825328085328,1.5,0.024694251767745593,10839.134400511055,10766.940904733037,10917.65890134358,10658.971400136075,0.0,0.0,0.0,0.0,0.0,0.0,nan,0,-0.007519370949593762,-0.0003295772588660373,0.00462582860162275
5.542111828000088,1.5071068535732912,-0.1313790352764202,1.4854395776382798,0.46794228381034264,0.2415023291005819,0.026116766374000955,0.0867949523153788,-0.030770788378809873,-1.8632838677595918,1.4860714281898586,-0.10775825328085328,1.5,0.03482005689966258,10841.325890238659,10766.056858406424,10928.685244400898,10677.672031748736,0.0,0.0,0.0,0.0,0.0,0.0,nan,0,0.0185406861144366,0.005747080991552439,-0.009685792727444964
5.552687118999529,1.5097601734695743,-0.132227788419067,1.504281768831453,0.5312920884463869,0.1870329508165819,-0.0010651966098061197,0.09033029358033214,-0.030096821889782938,-1.8778988364048976,1.4832420399083488,-0.11791642841958633,1.5,0.03043616232266691,10822.576716839552,10781.458576059838,10915.216817470364,10650.262704766097,0.0,0.0,0.0,0.0,0.0,0.0,nan,0,0.020715737695210734,0.010485194091231553,0.009079620752513895
5.563135286000033,1.4913533818274733,-0.14926901586417965,1.4806697840715877,0.5001449003553009,0.2179630600333729,-0.04406154411451107,0.08988210845550035,-0.02984021016436487,-1.896891974764085,1.4832420399083488,-0.11791642841958633,1.5,0.03771519395467646,10816.287669189387,10765.37723608536,10908.821719892443,10654.458456824907,0.0,0.0,0.0,0.0,0.0,0.0,nan,0,0.0019054429071716505,-0.0010269647913171143,-0.014599044175839238
5.573846995999702,1.4933054143044107,-0.1537704057523418,1.500292273247549,0.5155123748446058,0.21077443418416675,-0.06158114956086946,0.0954308881172936,-0.03110710117552053,-1.9064593186134686,1.4801557608761606,-0.12798279671970292,1.5,0.028948222545685926,10860.265962221656,10814.11858314137,10950.93615943593,10709.1797960036,0.0,0.0,0.0,0.0,0.0,0.0,nan,0,0.003529700622153298,-5.849064206575605e-05,0.00496306924912604
5.58484094799951,1.494761205242435,-0.16019034193926915,1.4884383777975077,0.49338042365807516,0.2215415538845542,-0.01968701383072045,0.09382464468331782,-0.029861656728954734,-1.918243674804004,1.4801557608761606,-0.12798279671970292,1.5,0.03720639840349916,10886.43406724748,10831.225520433132,10976.773510680508,10748.290941880983,0.0,0.0,0.0,0.0,0.0,0.0,nan,0,0.0047346124643832255,-0.001069310636722609,-0.006951415138801487
5.594992695999281,1.4825340161939269,-0.16859556510090187,1.4966580578024729,0.49265342189695016,0.20459873493142033,-0.05042190979247971,0.09679592619177152,-0.0322151922731774,-1.9352544825128501,1.4768053515576849,-0.13797482198286556,1.5,0.03133075302744749,10885.485416497017,10839.746380798151,10970.37846219883,10756.298588129175,0.0,0.0,0.0,0.0,0.0,0.0,nan,0,-0.0076657220507161394,-0.004127448291859126,0.0012050297925068065
5.605301407999832,1.4789764718312934,-0.1663065529919875,1.5216420682324787,0.49748419958158474,0.21356913801165256,0.014215729555047137,0.09852752199132905,-0.02581222169456991,-1.940770889620397,1.4768053515576849,-0.13797482198286556,1.5,0.035718060733961735,10895.342034247189,10845.865840396116,10987.398457345165,10778.805510118284,0.0,0.0,0.0,0.0,0.0,0.0,nan,0,-0.01131793787531854,0.0034454212451771327,0.026121777799541723
5.616229757999463,1.481364799687602,-0.1750982794090484,1.4938796714839546,0.4847038189519355,0.16453772782834275,-0.005834245555069124,0.09959270926337814,-0.028098163255676867,-1.9474569787643152,1.4731989270397858,-0.14786212282183311,1.5,0.029085187344900874,10838.706673442535,10792.873366839436,10916.813755051227,10733.530385686434,0.0,0.0,0.0,0.0,0.0,0.0,nan,0,-0.008945536642504193,-0.0001264958647727854,-0.0017076728135261288
5.626637572999243,1.489821240240567,-0.17168441842810694,1.4905938643601322,0.47974174982890894,0.20909851755547593,-0.05544761783126858,0.09986091337611361,-0.029543156152504597,-1.9657985384594345,1.4731989270397858,-0.14786212282183311,1.5,0.030533235199912086,10828.031294327695,10784.90595766019,10920.265926276466,10748.052350133592,0.0,0.0,0.0,0.0,0.0,0.0,nan,0,-0.0004260958550246219,0.008442386611670516,-0.0050553039113105935
5.6372548749995985,1.4841090126415901,-0.1893815886772999,1.4846147056101744,0.46934895242332353,0.18782226057452656,-0.034506479598122176,0.09966571662177112,-0.028693934389176046,-1.9819727668277962,1.4693354229270736,-0.15764367001934135,1.5,0.038239530818953045,10859.27932817905,10830.926554738322,10949.10219021274,10788.838293452523,0.0,0.0,0.0,0.0,0.0,0.0,nan,0,-0.005995566503590899,-0.004165796431082447,-0.011094377943071887
5.647739129999536,1.4807562704749875,-0.1769854022268136,1.4900806127133697,0.5060947047645125,0.15889402408201247,-0.08971724505812664,0.10288366728528504,-0.024726572876201162,-1.9946693927054253,1.4693354229270736,-0.15764367001934135,1.5,0.024554686062754353,10874.231080206806,10845.703760123415,10969.41108727439,10810.130609794745,0.0,0.0,0.0,0.0,0.0,0.0,nan,0,-0.009124872952373853,0.013252020619907212,-0.005691222710449972
5.658226290999664,1.4922264574860495,-0.20492948482834294,1.5447938875431428,0.4589773135934827,0.20824600646867564,0.009086507954046107,0.10481756785422831,-0.025729934104662625,-2.008523404175985,1.465216364579763,-0.16731115941839705,1.5,0.06442961963788506,10915.690495550047,10882.334984241841,11010.945059036509,10879.879308925887,0.0,0.0,0.0,0.0,0.0,0.0,nan,0,0.0026504245762779544,-0.009739174065633072,0.04895055787595237
5.668798085999697,1.486142082996573,-0.19196045678736676,1.49883736954809,0.4589135667578135,0.15517380253807256,-0.017547065879194093,0.10580058430199236,-0.02397673454658291,-2.0243237994884153,1.465216364579763,-0.16731115941839705,1.5,0.032354679130092316,10836.123576887283,10807.139625768701,10916.061249710148,10783.164933100012,0.0,0.0,0.0,0.0,0.0,0.0,nan,0,-0.003047036281936144,0.00811331410563046,0.0029179803267211923
5.679327711999576,1.4731275462057405,-0.19922418527359922,1.5005109417719593,0.43226187374858005,0.19060555078803504,0.03340070846248778,0.10709493112806408,-0.02413829417556067,-2.0415343371495682,1.4608411315791527,-0.17686140739632839,1.5,0.02552079309619739,10824.724983858143,10808.030531917095,10919.827025727576,10794.41330805342,0.0,0.0,0.0,0.0,0.0,0.0,nan,0,-0.015593042227051601,0.005663188312142298,0.004518443002293759
5.689651945999685,1.4933009868385314,-0.20285730681843914,1.500879613789666,0.4530482578179415,0.14416404557286788,-0.06958221090400424,0.1085601409862905,-0.027047885344331734,-2.0549904045927234,1.4608411315791527,-0.17686140739632839,1.5,0.04159570543509608,10782.502003998443,10773.204794779605,10886.52260597344,10752.11510646123,0.0,0.0,0.0,0.0,0.0,0.0,nan,0,0.005130652142373293,0.006773148621578351,0.004820540408757346
5.700266689999808,1.4793185721433821,-0.21219748618169876,1.5078091614498805,0.469703266764748,0.1400793701321461,-0.04297691028909557,0.10940352208829526,-0.024949032451346054,-2.062069873052667,1.456210506950544,-0.18628773656719783,1.5,0.0355848395330496,10816.386948883646,10817.907058874613,10933.335976711402,10807.792041903656,0.0,0.0,0.0,0.0,0.0,0.0,nan,0,-0.008219337378595926,0.00210458427417598,0.011689189082065843
5.710674455000117,1.4891761874951814,-0.21801135129719662,1.4548967521630363,0.4374104846057392,0.1810026590443995,0.012596460758071186,0.10835633739652464,-0.021665960585667,-2.072366674483833,1.456210506950544,-0.18628773656719783,1.5,0.06424505265583537,10822.099269620547,10816.690149870607,10939.263301992452,10828.615622299478,0.0,0.0,0.0,0.0,0.0,0.0,nan,0,0.0023536045883290058,0.0008896897304760953,-0.041282996939950856
5.721195013999932,1.4940976593839577,-0.22465374651934578,1.4988307990949028,0.4295671201062248,0.1359457464540914,-0.010501792753345066,0.11119659731558797,-0.022271492073027355,-2.0842627558946933,1.4513146297744666,-0.1956032362031509,1.5,0.05172704131259024,10838.919610249995,10849.389261082617,10943.311210397495,10845.874420174547,0.0,0.0,0.0,0.0,0.0,0.0,nan,0,0.008073805293959957,-0.0012273645482079876,0.0025901458608967864
5.731769514000007,1.4930535909109666,-0.2393213852679704,1.4957731973417732,0.44310780284272555,0.14999802029342235,-0.019852527614352997,0.1110498171620785,-0.022528534240386672,-2.0993268468578705,1.4513146297744666,-0.1956032362031509,1.5,0.06059111564511441,10822.06986081461,10838.122965781866,10933.023917633498,10837.995827700312,0.0,0.0,0.0,0.0,0.0,0.0,nan,0,0.007912171942810131,-0.011444108041280598,-0.0005298425785738026
5.742252951999944,1.499689745729939,-0.2381599352604078,1.4843329677376471,0.43816860046761347,0.2020971392226779,0.049961713358175626,0.11285657352376116,-0.020311531103066365,-2.1182988580798607,1.4461736413018194,-0.2047644602403672,1.5,0.06499759291608546,10823.754062212533,10847.809847118342,10920.787800421773,10845.167522310703,0.0,0.0,0.0,0.0,0.0,0.0,nan,0,0.015514629487187293,-0.005906896352417423,-0.012033002330227527
5.75310358599927,1.4720313060638253,-0.21674525413728285,1.48282726466034,0.4549396053487178,0.1503515994657285,0.031183504347546298,0.11333059541980912,-0.016069913664060832,-2.1262138472580228,1.4461736413018194,-0.2047644602403672,1.5,0.033272527532345074,10800.78099394074,10819.032673466429,10869.427718143786,10796.757074800395,0.0,0.0,0.0,0.0,0.0,0.0,nan,0,-0.011093730565192361,0.019807952650802374,-0.013598671571549037
5.763596131999293,1.4841990474418927,-0.2510300062568179,1.4745613281198044,0.42056999159953373,0.10778824638996154,-0.06304415724631277,0.11311567588103161,-0.017307170622626312,-2.144168680643857,1.4407802147832658,-0.21378139307075245,1.5,0.062608148357472,10785.012500900339,10804.98600545223,10850.695108524947,10800.09420048056,0.0,0.0,0.0,0.0,0.0,0.0,nan,0,0.002207674384818059,-0.01025258647193708,-0.021917201035042133
5.774359731999539,1.481007774201531,-0.2576146260652919,1.4958572392690965,0.4365881589966021,0.13765521296555183,0.0018313125811516354,0.11351599299810394,-0.016787200661209145,-2.1483823303683307,1.4407802147832658,-0.21378139307075245,1.5,0.0596386730065078,10844.896327752853,10862.460723954458,10923.816278026841,10875.752821428014,0.0,0.0,0.0,0.0,0.0,0.0,nan,0,0.00023426637582302234,-0.012690017874541742,-0.000671716699401248
5.784435876999851,1.483300945438404,-0.255725028081676,1.511328360086374,0.42216217797972655,0.15501998844814835,-0.07412939327522515,0.11510330067617418,-0.013242239315559975,-2.170518992231677,1.4351330419555106,-0.22265133025703224,1.5,0.05951762895125896,10828.057184894647,10852.846909222773,10892.857099332472,10867.044598788136,0.0,0.0,0.0,0.0,0.0,0.0,nan,0,0.003830004416282451,-0.006731225173686017,0.014747009976314729
5.796832047999487,1.4888445706429332,-0.2526002179621302,1.4989490928594298,0.4311027209691049,0.0719786910768585,0.003022736486510094,0.11801551502355206,-0.0161841747199353,-2.18010569798073,1.4351330419555106,-0.22265133025703224,1.5,0.061505841954488265,10862.682644998813,10882.177319275492,10914.408024183842,10889.468462324814,0.0,0.0,0.0,0.0,0.0,0.0,nan,0,0.010761102648517484,0.00038407228933828863,0.0023123392981914126
5.808238244999302,1.4906494282474816,-0.25494964318914626,1.4719840580962582,0.3933380479775585,0.07976498090095063,-0.02384869419954601,0.11964562521944626,-0.009545206439421264,-2.192282011548171,1.429227792399867,-0.23137523139361704,1.5,0.07150708526052496,10822.512531549426,10854.562319109722,10898.176819684402,10884.987017146615,0.0,0.0,0.0,0.0,0.0,0.0,nan,0,0.014038444133025019,0.0019457989511762475,-0.024711300777258582
5.826986336000118,1.4782550423857934,-0.25038817845721395,1.5123270127808879,0.418731861674421,0.08940696820229166,0.008844420978101022,0.11728825653516933,-0.01201099714789646,-2.2216277578448005,1.4230820329559053,-0.23992295667124283,1.5,0.05749380036734623,10815.485359546648,10880.403682526463,10918.639317324702,10923.494802742785,0.0,0.0,0.0,0.0,0.0,0.0,nan,0,0.0048435187891815445,0.014089891904856988,0.015513329919867536
5.838086523999664,1.4658186432684912,-0.27046624334673564,1.5108643616342639,0.3963432885628374,0.07390835622941816,0.03374730537891863,0.11713772644258928,-0.011305715880675192,-2.232723492398843,1.4230820329559053,-0.23992295667124283,1.5,0.05364088529910021,10778.162798187486,10843.082043221644,10883.404668872481,10882.752482580267,0.0,0.0,0.0,0.0,0.0,0.0,nan,0,-0.005865776362722341,-0.0023178966844613624,0.01398959172687575
5.848062344999562,1.4525668593108458,-0.2650540088646203,1.5275135331693488,0.3765555375553985,0.04098342994130477,-0.014771414489758121,0.12096177248143856,-0.0105815503730788,-2.2440221585378333,1.4166887138363073,-0.24830122554479994,1.5,0.0482171295196412,10732.12726441284,10806.257251216455,10839.08583531362,10842.803489964272,0.0,0.0,0.0,0.0,0.0,0.0,nan,0,-0.017306242186842846,0.006683854307367565,0.030583793857466235
5.858991181999954,1.4628464025091574,-0.2905007096296074,1.4799280797215217,0.43165526845241897,0.06950093589643225,0.03207611009042289,0.12048350896853481,-0.007904571028784077,-2.2534804616087456,1.4166887138363073,-0.24830122554479994,1.5,0.06568265116687402,10732.12726441284,10806.257251216455,10839.08583531362,10842.803489964272,0.0,0.0,0.0,0.0,0.0,0.0,nan,0,-0.005131663522461416,-0.015254151584127962,-0.017045775433823795
5.869105148999552,1.4774840196077788,-0.2918873343521545,1.49400387157986,0.3598908208258009,0.05398677099496635,0.0015648156204403525,0.11807600232311453,-0.008864899176216492,-2.269777199485919,1.4100240352294289,-0.25653435187598445,1.5,0.07639788228948764,10723.326773116882,10792.952995565738,10823.827413881218,10855.328198863968,0.0,0.0,0.0,0.0,0.0,0.0,nan,0,0.011484544032846822,-0.013213261272597532,-0.0030027307723672347
5.8793983010000375,1.4755222098245189,-0.27248022304459785,1.5276301545862119,0.432773613379395,0.04447604377161385,-0.03716561414524561,0.1207930841762452,-0.004973628819734131,-2.281392094446132,1.4100240352294289,-0.25653435187598445,1.5,0.07285401241574052,10730.569301523687,10817.091796014967,10842.129879258084,10855.695593173154,0.0,0.0,0.0,0.0,0.0,0.0,nan,0,0.011584868168088125,0.009539694853780534,0.030600540659587505
5.889839342999949,1.4663259579986385,-0.27297695919317516,1.5064064474155714,0.3847547996390918,0.061654314955843226,-0.008875883822239194,0.11910536129691382,-0.009678004679524206,-2.2904347751136167,1.4031399305259562,-0.2645543004251876,1.5,0.0640660426200105,10730.569301523687,10817.091796014967,10842.129879258084,10855.695593173154,0.0,0.0,0.0,0.0,0.0,0.0,nan,0,0.00453424904047961,0.012306684523053724,0.009361930400362484
5.9005027639996115,1.4529646473041635,-0.30149084585875024,1.4795764535117406,0.4120608975753475,0.07716293187573864,-0.0472957780078202,0.11625947328151465,-0.005713640048905727,-2.3104507630560125,1.4031399305259562,-0.2645543004251876,1.5,0.06529879050757605,10734.31020671436,10833.395489073406,10840.245541366314,10867.89362502525,0.0,0.0,0.0,0.0,0.0,0.0,nan,0,-0.006598087529426477,-0.013025922474326546,-0.017475518468107243
5.911628993999329,1.474528752556193,-0.2965371245603975,1.480595213730971,0.40025873637094445,0.02967230352181094,-0.06888337804059359,0.11904278665335923,-0.002163529516112182,-2.321595792860796,1.3960021700033378,-0.27239877015440916,1.5,0.08441344709823292,10802.315478695009,10894.597230788488,10874.8374795263,10923.45422554714,0.0,0.0,0.0,0.0,0.0,0.0,nan,0,0.01727855002508183,-0.004974038431801997,-0.016462049941617263
5.921641448999253,1.4697083279801182,-0.27747705343403084,1.4827119422544708,0.42944666783827923,0.025132736808774814,-0.03622025489996332,0.11702041533175865,-0.0008669662636992848,-2.333008321369475,1.3960021700033378,-0.27239877015440916,1.5,0.07587663425178362,10861.156992159724,10946.181608808743,10929.065939983771,10980.587589198327,0.0,0.0,0.0,0.0,0.0,0.0,nan,0,0.014854814942677708,0.017100052277128075,-0.014358425886716875
5.932299359999888,1.4477862680724447,-0.31044519863669817,1.496292236704189,0.37928247899480155,0.03400450166952779,0.03317498662419255,0.12220287249758739,-0.0006770438191522802,-2.3430865955413624,1.3886240257345193,-0.2800486036305541,1.5,0.06661735070592886,10875.26364474127,10962.261245067795,10937.023320800838,11005.09149066164,0.0,0.0,0.0,0.0,0.0,0.0,nan,0,-0.00458613860560364,-0.012938906339624412,-0.0008053545579174148
5.942612869999721,1.4500681664327013,-0.3031311893131401,1.5004054244550198,0.409600051584726,0.040694653481241794,-0.014518819112571038,0.11974711411158744,0.002898945698221496,-2.3609999931739125,1.3886240257345193,-0.2800486036305541,1.5,0.06563804199487248,10825.90879972276,10914.05423141898,10885.396912161135,10954.067669044702,0.0,0.0,0.0,0.0,0.0,0.0,nan,0,0.0002606891759313612,-0.0027803917968196035,0.0032698615955359944
5.953040282999609,1.4519653958440186,-0.31527875304337344,1.4719550670884263,0.3839743217624289,0.005193821491062622,-0.0034726263787925003,0.1179140390548432,0.0032710913787120225,-2.3713206031348877,1.3809953452488923,-0.2875099878500449,1.5,0.08120573048653446,10824.832889267444,10914.370971333003,10868.500809489587,10952.826673546693,0.0,0.0,0.0,0.0,0.0,0.0,nan,0,0.004805936600992933,-0.012167829204195513,-0.02522442286332205
5.96365655199952,1.465595661207785,-0.3013182609455458,1.4822633411422925,0.3907761444948791,0.0028556583769347443,0.011560094232777344,0.11975850584280416,0.004831286119466078,-2.3833186381833635,1.3809953452488923,-0.2875099878500449,1.5,0.08753554097427563,10839.123958573542,10928.40209446046,10888.163299831473,10969.80220901659,0.0,0.0,0.0,0.0,0.0,0.0,nan,0,0.02116706388641587,0.004468242730269023,-0.01496716792722208
5.974042074999488,1.4497749861105107,-0.3160103885062994,1.4773949416790473,0.3882410105706987,-0.013798252730586436,-0.037061410808412756,0.11823005388171622,0.009862199628397784,-2.4002994306852385,1.373136928586338,-0.29475900976094194,1.5,0.08268011623933964,10824.799101818813,10929.106793173261,10878.795524378367,10964.192981774395,0.0,0.0,0.0,0.0,0.0,0.0,nan,0,0.008159799510887966,-0.007632960280598122,-0.019894432076680957
5.984621861000051,1.413027427938677,-0.3113024054631491,1.4943776561294853,0.3991023748987007,0.013322011702878611,0.04141627016071122,0.11938407771359622,0.004235906179696968,-2.4107890672293903,1.373136928586338,-0.29475900976094194,1.5,0.043549358554829255,10824.799101818813,10929.106793173261,10878.795524378367,10964.192981774395,0.0,0.0,0.0,0.0,0.0,0.0,nan,0,-0.02569194958651666,-0.00041894926414454137,-0.0029810931359575132
5.995159905000037,1.4318684201665695,-0.3134967480025631,1.53171806995446,0.39963175053728894,-0.01181241591799187,-0.010514202103655102,0.11584191490333709,0.00893893099168515,-2.424288038668982,1.3650213635495905,-0.30181677065628837,1.5,0.07490652048252606,10811.795183119484,10910.554317685317,10857.396763313986,10958.991287822995,0.0,0.0,0.0,0.0,0.0,0.0,nan,0,-0.0038732766866067525,-0.00019201097867166395,0.03428104613296745
6.005684149999979,1.4444468164752338,-0.32913542284639913,1.4943382913127232,0.3403644072472961,0.008005279627789186,0.030212772931641728,0.11877611185532745,0.013180512544695098,-2.4376099055399267,1.3650213635495905,-0.30181677065628837,1.5,0.08418293339619028,10783.637119726325,10879.089063823316,10826.105847530222,10926.48116610979,0.0,0.0,0.0,0.0,0.0,0.0,nan,0,0.011763664917898708,-0.013493506696093172,-0.003178759690440458
6.016159654000148,1.4272796678431279,-0.32448212791348113,1.5154933851051622,0.3999350970935246,-0.04643662294981665,-0.022346537012071344,0.11685087287185991,0.004476829563739557,-2.4546183640052246,1.356704034705702,-0.30863287945931783,1.5,0.07397407418364345,10766.363623476866,10886.108193589982,10811.565717104753,10898.730284609173,0.0,0.0,0.0,0.0,0.0,0.0,nan,0,-0.0022648185041538316,-0.0065867370067292375,0.01789842972693334
6.026657063999664,1.4198227228885982,-0.32025636042061423,1.4746047232348674,0.38746530694670644,-0.056367356193334106,-0.03586940410144724,0.1171339115801927,0.009102579406836883,-2.4649509117294,1.356704034705702,-0.30863287945931783,1.5,0.06902169361559445,10766.363623476866,10886.108193589982,10811.565717104753,10898.730284609173,0.0,0.0,0.0,0.0,0.0,0.0,nan,0,-0.00650346476991559,-0.00019104211333087484,-0.02306531650489485
6.0371450579996235,1.4359424505993348,-0.3425157287066205,1.484727690484032,0.38699045653363107,-0.05266200444103092,0.034451574598714146,0.11476547147750966,0.015461807767506032,-2.4747614243934324,1.3480910704282991,-0.315279177378688,1.5,0.09323592743222146,10807.788975876862,10926.529674204921,10881.502618917564,10972.881269027632,0.0,0.0,0.0,0.0,0.0,0.0,nan,0,0.012914201972762163,-0.020364349351070343,-0.013019943016945312
6.048110968999936,1.4233595685646194,-0.32798178575934284,1.480705540540715,0.3724949205352884,-0.05466870660793938,0.0030751896396742414,0.11749196580608523,0.01971482628391173,-2.49501006692855,1.3480910704282991,-0.315279177378688,1.5,0.0787335966230143,10797.447220603666,10907.980315473482,10861.607358987685,10952.472999165804,0.0,0.0,0.0,0.0,0.0,0.0,nan,0,0.003708697596243704,-0.0038282916332623707,-0.01712513576933805
6.058108510999773,1.4056219971317805,-0.32077927463172384,1.4832146444896133,0.410931077867031,-0.08226797414737302,-0.016501702322886183,0.11375218706847712,0.01515085249320549,-2.5036627791860746,1.3392713044532905,-0.3216815769758909,1.5,0.0684468898347163,10797.447220603666,10907.980315473482,10861.607358987685,10952.472999165804,0.0,0.0,0.0,0.0,0.0,0.0,nan,0,-0.010572523801862133,0.005292605726094024,-0.014704391767646152
6.068980252999609,1.4141968541645014,-0.32346553414426793,1.5103869265069623,0.39615551071405347,-0.07445168874707492,-0.005838182080549387,0.11640990565646876,0.014434017802923395,-2.513597876567468,1.3392713044532905,-0.3216815769758909,1.5,0.07566312671947133,10828.825955204698,10929.670889535606,10896.729962551437,10996.999440289304,0.0,0.0,0.0,0.0,0.0,0.0,nan,0,0.0015374417510023441,0.0044409907858367625,0.012371136062324872
6.079425107000134,1.430213730998075,-0.3332828783883116,1.4841657132911767,0.4183621948557057,-0.03283213483939118,0.045099988274421285,0.11586602211047606,0.01563919701470877,-2.53406053872264,1.3302076867129267,-0.32786502268745493,1.5,0.1013966798743211,10803.981775841181,10916.238903973997,10878.36940138943,10981.126096879307,0.0,0.0,0.0,0.0,0.0,0.0,nan,0,0.021167708942019692,-0.0036251664010139018,-0.013955228838376854
6.089707276999434,1.4006082217340035,-0.3296050576620338,1.489238836535124,0.39220986623693166,-0.055028854679234074,0.038264797867497286,0.11108025028441858,0.01699480928896797,-2.542710797149073,1.3302076867129267,-0.32786502268745493,1.5,0.07123949531042735,10803.981775841181,10916.238903973997,10878.36940138943,10981.126096879307,0.0,0.0,0.0,0.0,0.0,0.0,nan,0,-0.004746925009361469,0.0017210274846894413,-0.008991845227387607
6.100388933999966,1.416432976944906,-0.33174874143952493,1.5149972447249767,0.40085859583552563,-0.04283759255133779,0.012785008596695863,0.11522225482639958,0.022751024455560553,-2.558320695931158,1.3209372545752966,-0.33380204293874305,1.5,0.0966879847099992,10793.406359835559,10895.067742414343,10849.036422801964,10945.288619219977,0.0,0.0,0.0,0.0,0.0,0.0,nan,0,0.014845402937601504,0.001163568777228341,0.016655859845128962
6.110994673999812,1.4043429058492327,-0.3374673696657653,1.4864271370749802,0.37712265456749233,-0.06648923560441106,0.046991482072327714,0.10996601767698505,0.01963716005038045,-2.563089349339825,1.3209372545752966,-0.33380204293874305,1.5,0.08458226700926522,10770.202117131788,10874.723077884875,10809.599363809408,10896.674332155948,0.0,0.0,0.0,0.0,0.0,0.0,nan,0,0.006598872687332946,-0.0030503433252859202,-0.012023007119931872
6.121308058000068,1.4173261684294756,-0.34392292091564425,1.4916298950081686,0.405061537446241,-0.11578807405154934,0.05587617683768843,0.10800211177395794,0.02014056345809935,-2.5848763398031003,1.3114155012770408,-0.33951838398820794,1.5,0.10633215891626231,10770.202117131788,10874.723077884875,10809.599363809408,10896.674332155948,0.0,0.0,0.0,0.0,0.0,0.0,nan,0,0.023500979792926868,-0.008082080225236932,-0.0069248972952220544
6.132310420000067,1.392004054404019,-0.33753121659690416,1.4809560182887853,0.38635310489667035,-0.06922225348339395,0.012553955244751233,0.11500677158096663,0.021351999022012732,-2.596605525140712,1.3114155012770408,-0.33951838398820794,1.5,0.08283198035033297,10732.589079919395,10855.606310209992,10795.927745598989,10865.561053158764,0.0,0.0,0.0,0.0,0.0,0.0,nan,0,0.0021723558632391615,-0.0003468233859620917,-0.017697067135734157
6.14290264400006,1.379296461708054,-0.34014116325208593,1.4905549228123556,0.38168326318407925,-0.08309849842191122,0.045315242265800956,0.10533778624182076,0.023937233052767612,-2.607692596885795,1.3016563611853116,-0.34500102474473404,1.5,0.0783633392983597,10761.074252583632,10883.20060986523,10822.6293273775,10893.237693435825,0.0,0.0,0.0,0.0,0.0,0.0,nan,0,-0.006467470958102295,-0.00169309236607601,-0.008191344781847798
6.152934104999986,1.3801203224076728,-0.3231250635442342,1.493095774625679,0.4103368413610418,-0.08958777732771789,0.0007158058102429525,0.10837799431946042,0.03064650317494423,-2.6233653147191065,1.3016563611853116,-0.34500102474473404,1.5,0.08174851201807527,10752.192295620825,10873.247765652055,10813.932561659389,10874.985030174628,0.0,0.0,0.0,0.0,0.0,0.0,nan,0,-0.0015019128534987658,0.01650722043769981,-0.005739946412324448
6.163674501999594,1.3741570129785423,-0.3350172585755814,1.4867187028646291,0.40345374983098653,-0.048396436081730054,-0.01939094638051096,0.10530273539474093,0.026320847997093978,-2.638474866846308,1.291690137500717,-0.350230798868041,1.5,0.0849036525298143,10780.629480759411,10891.354839326212,10832.49727740093,10903.293825291128,0.0,0.0,0.0,0.0,0.0,0.0,nan,0,-0.003249930019661118,0.005720228012130235,-0.012204020297543083
6.173939771999358,1.379202687929907,-0.342393280808475,1.49174652906652,0.3902682182242025,-0.10842423073830193,0.06526414651184131,0.1046534787259155,0.03035753354769148,-2.6483109843919976,1.291690137500717,-0.350230798868041,1.5,0.08824960597308835,10780.629480759411,10891.354839326212,10832.49727740093,10903.293825291128,0.0,0.0,0.0,0.0,0.0,0.0,nan,0,0.006084621847477489,-0.0006294360258680687,-0.007266042170332998
6.184671230999811,1.374742609189131,-0.3524187340661673,1.4904738112397862,0.4757991205486203,-0.14701614806334568,-0.009346783133680536,0.10478826958112428,0.032146596626077426,-2.660147903953208,1.2814864237766341,-0.35522143397758976,1.5,0.09378336481902702,10787.863795261614,10894.500915023651,10828.057358604197,10890.491000484122,0.0,0.0,0.0,0.0,0.0,0.0,nan,0,0.00598657743384301,-0.009706732993411626,-0.00863110574044601
6.195450948999678,1.3593378189109666,-0.34074288392111934,1.4771458727511637,0.45264452379572373,-0.09752454156179463,0.007076528209798148,0.10076693311504753,0.032506696033519925,-2.6702586848916345,1.2814864237766341,-0.35522143397758976,1.5,0.08241831876716298,10830.178732513583,10897.351456241762,10851.741142589655,10938.692744500819,0.0,0.0,0.0,0.0,0.0,0.0,nan,0,-0.004983422462647713,0.0028397313977881478,-0.022053616619063465
6.205517699999291,1.3702315011697213,-0.36437615225378295,1.5058633596779043,0.4599980128237245,-0.14420780479170636,0.05519903662074067,0.10566259457598143,0.03510902697621244,-2.687778871669948,1.2710490227444389,-0.3599673618953425,1.5,0.09945340841679966,10861.872660328814,10917.66897244362,10861.550536397672,10960.876837388045,0.0,0.0,0.0,0.0,0.0,0.0,nan,0,0.010417787959687397,-0.020000163234053292,0.006562478488546297
6.216432084999724,1.3503059405037316,-0.3189658246014851,1.498579654017752,0.4373084747917068,-0.13093946458021832,0.03810747871196507,0.09924946597171595,0.03424361969658277,-2.713489809256015,1.2710490227444389,-0.3599673618953425,1.5,0.08924574194812974,10826.188253726934,10859.458388567706,10820.631239210788,10924.25541210332,0.0,0.0,0.0,0.0,0.0,0.0,nan,0,-0.004928033693495815,0.02612714100982344,-0.0008272872256775976
6.22670351799934,1.354785868173581,-0.3386855653897908,1.480082544250759,0.43691502106069,-0.1403797730142673,0.010323472342300572,0.09697298243573324,0.03877659510523624,-2.717671238587455,1.2604051299006176,-0.36445406747795484,1.5,0.09984209783623486,10804.957067207517,10840.885028912999,10820.841597555967,10905.607926682873,0.0,0.0,0.0,0.0,0.0,0.0,nan,0,0.0042030998473103764,0.0070490551296112924,-0.019430104988992003
6.2373845929996605,1.335369211343475,-0.3562198599193086,1.4686225150588617,0.46090103121605647,-0.13358677908585903,0.10372021083116421,0.09380986886080775,0.03960851576169245,-2.7297744567751763,1.2604051299006176,-0.36445406747795484,1.5,0.08168208029868965,10835.663852740037,10866.045120038083,10856.810580715979,10928.809518841643,0.0,0.0,0.0,0.0,0.0,0.0,nan,0,-0.010491139139593875,-0.009918314514034743,-0.03099701083806461
6.248002659999656,1.362004284047006,-0.3411162708889842,1.5050261778645926,0.4802995823881741,-0.11553075201273058,0.020980202851925825,0.09720091563814957,0.039679544869325484,-2.7442630453687777,1.2495284139919436,-0.36869049728970166,1.5,0.11591558035988005,10813.034631803519,10832.818231942745,10815.249833738526,10893.918905837549,0.0,0.0,0.0,0.0,0.0,0.0,nan,0,0.02093715247414618,0.0056782396024243065,0.005299155609598483
6.258246042999417,1.3252296566440296,-0.35704295051624646,1.5085396479515254,0.4301958370001671,-0.11561866394817306,0.03555765039592641,0.09673805633998037,0.042132483123586514,-2.7654143065356416,1.2495284139919436,-0.36869049728970166,1.5,0.07706665343743573,10822.999309559329,10830.310412954266,10815.617577548543,10887.432293294867,0.0,0.0,0.0,0.0,0.0,0.0,nan,0,-0.010974031116416816,-0.00982847902024958,0.008707268472070151
6.269122779999634,1.346678477180608,-0.3374104390623317,1.4936967998672352,0.4364830385975562,-0.12643761587280655,0.07097718057855047,0.09526071039661808,0.04339078076585699,-2.771296567661476,1.238436743438395,-0.3726670728687496,1.5,0.11401330397279816,10813.71400704217,10823.61877557277,10806.72365908625,10860.981129685015,0.0,0.0,0.0,0.0,0.0,0.0,nan,0,0.015408005755951804,0.01015183385925561,-0.006237696370372081
6.2795834149992515,1.3181298544272364,-0.35502956453975487,1.4909454708454377,0.5285185865579416,-0.1445712672201005,0.05847693515871903,0.09162662539564449,0.044363437203800746,-2.785730004243783,1.238436743438395,-0.3726670728687496,1.5,0.08212221463980365,10791.076478421957,10806.496818961086,10798.389961233235,10830.371155595354,0.0,0.0,0.0,0.0,0.0,0.0,nan,0,-0.008138207403568742,-0.007190664713713657,-0.00908502129559996
6.289776034999704,1.3404207812257303,-0.34009432875912343,1.5118629862710822,0.4661610643570041,-0.15545568199338625,0.036266628487445954,0.0919288562924922,0.0431437418284508,-2.79568472077255,1.227135416729605,-0.37638031036918823,1.5,0.11954487322212452,10805.644423464353,10790.879703116607,10785.31680703389,10839.887797776819,0.0,0.0,0.0,0.0,0.0,0.0,nan,0,0.01922383877583833,0.007950933717261466,0.011744346122337213
6.300680917000136,1.3155448276864212,-0.35715939171263633,1.504443369831439,0.47946598534661683,-0.1413085504946658,0.02435359514717097,0.08994614490834948,0.04747408351806657,-2.8073912264283436,1.227135416729605,-0.37638031036918823,1.5,0.09058372478095587,10794.20977039187,10785.484612250651,10793.50484863007,10826.3350651715,0.0,0.0,0.0,0.0,0.0,0.0,nan,0,-0.0005126739034051475,-0.00897719744412695,0.004244968642828972
6.311324332999902,1.3097150774385313,-0.34781820196311125,1.4919219318344625,0.5078383919041535,-0.16202859185187954,0.00640060335005254,0.08670052563471797,0.04814723520535492,-2.832118582341945,1.2156251914130192,-0.3798285761439542,1.5,0.0997137196817896,10815.249870183357,10801.327943058106,10802.558001565692,10834.30059476208,0.0,0.0,0.0,0.0,0.0,0.0,nan,0,-0.0011349432837117757,0.00043223815296250523,-0.008348708248666403
6.321625005999522,1.2979315376002298,-0.34161006743202793,1.5013243023249605,0.4958366375189762,-0.1449349517281227,0.03865108845799166,0.08977640715621511,0.05137039118350621,-2.8407979093029967,1.2156251914130192,-0.3798285761439542,1.5,0.09075650283864209,10859.405610439426,10817.567864194727,10841.32810908321,10868.200920705192,0.0,0.0,0.0,0.0,0.0,0.0,nan,0,-0.007642983418715277,0.006640445260085948,0.0009845748825221268
6.331962472999294,1.3133514635071757,-0.35148196226970146,1.4808738108943986,0.5342772401685812,-0.15307825860336632,0.027730877950033428,0.08582576929478399,0.05278777309119236,-2.857195207900068,1.203872597377023,-0.3830190801136235,1.5,0.11552498881518465,10859.405610439426,10817.567864194727,10841.32810908321,10868.200920705192,0.0,0.0,0.0,0.0,0.0,0.0,nan,0,0.013120299866609786,-0.0032988859211955934,-0.019534238484987254
6.3426028300000326,1.312550693254934,-0.35374789203755735,1.4888930349862886,0.4998736236562744,-0.13430253679261397,0.011166526265032846,0.0829646293306143,0.052563936876489185,-2.872898910921931,1.203872597377023,-0.3830190801136235,1.5,0.1130977260905305,10893.36056997784,10820.097571053186,10860.784035620181,10882.293684793865,0.0,0.0,0.0,0.0,0.0,0.0,nan,0,0.017730538931803208,-0.005699040237462483,-0.011584344549900427
6.353001454999685,1.2812421078173548,-0.3491369293546146,1.4856211918459397,0.5275982976933293,-0.17964936417322364,0.024928861502166673,0.08387568387176124,0.053753452498402465,-2.8839836988665404,1.1919507097148765,-0.38593078560055094,1.5,0.09763960137399769,10893.36056997784,10820.097571053186,10860.784035620181,10882.293684793865,0.0,0.0,0.0,0.0,0.0,0.0,nan,0,-0.008099426335946625,-0.0012885163623185258,-0.014930641373176012
6.363392790000034,1.2933531608252133,-0.35319708648374215,1.5108210164733398,0.5478805848302849,-0.13733220723790293,0.019910134361787672,0.07833880647357978,0.05249410088754296,-2.891751470790791,1.1919507097148765,-0.38593078560055094,1.5,0.10710297169812943,10919.062042539794,10852.38008730453,10885.346802953985,10884.228607405008,0.0,0.0,0.0,0.0,0.0,0.0,nan,0,0.009557714679353513,-0.005614647369203585,0.010186905341372343
6.374096857999575,1.2698149205630616,-0.33998880078891075,1.5071799576283555,0.5561651936441764,-0.12385650683341819,0.09314752407374843,0.07955326588140081,0.05554588899477118,-2.902789199301686,1.1797900437413187,-0.38857959918740603,1.5,0.10255289331519696,10925.71644263374,10836.499342136201,10884.558193276307,10874.082838281121,0.0,0.0,0.0,0.0,0.0,0.0,nan,0,-0.008367335664546172,0.0072630252219598734,0.006456210699206766
6.384609239999918,1.2718994106068626,-0.3465822449449481,1.4990543850421578,0.5439206335616493,-0.19575680410416724,0.0670861209499814,0.07705914261123459,0.05393934734017578,-2.9211601125074194,1.1797900437413187,-0.38857959918740603,1.5,0.1012363937296581,10881.043812684999,10772.453070048967,10822.012305389428,10812.659454281658,0.0,0.0,0.0,0.0,0.0,0.0,nan,0,-0.0006033483052618749,0.0002756225517701605,-0.0017597765370238605
6.395200386999932,1.2695118947410646,-0.35278514323590104,1.4683225419477675,0.5732493471066145,-0.16843590043457246,0.09271884139588181,0.07708875496731085,0.05600793696105948,-2.9380040927311564,1.1674376818035777,-0.39095325773964246,1.5,0.11348749384945066,10856.650521922793,10748.953595977928,10824.418261618623,10799.83687966619,0.0,0.0,0.0,0.0,0.0,0.0,nan,0,0.002754166677613412,-0.0063833122649267215,-0.0325764770790864
6.406255810999937,1.2522038041902932,-0.3380121355553451,1.498081207073091,0.5397401782336511,-0.16173922307630625,0.07137546145028537,0.07380528732018732,0.058339569211680056,-2.944478626997772,1.1674376818035777,-0.39095325773964246,1.5,0.09995868991192661,10856.650521922793,10748.953595977928,10824.418261618623,10799.83687966619,0.0,0.0,0.0,0.0,0.0,0.0,nan,0,-0.00874376569170332,0.007872509420637164,-0.0028959995331339083
6.416259247999733,1.2565730442416452,-0.3393692748359135,1.4843748912567012,0.5323676140418194,-0.16191714244470487,0.10602943487318076,0.07198997434980976,0.060364275468918614,-2.9636764949740475,1.154880518254251,-0.3930535763792808,1.5,0.11604963635072686,10852.716515604405,10730.059322173964,10825.278148917036,10777.753818019144,0.0,0.0,0.0,0.0,0.0,0.0,nan,0,0.0015003631967274167,0.005937958542799215,-0.016672871973851144
6.426959839000119,1.24292046693362,-0.3344000791023216,1.4926524657462237,0.530212056604862,-0.15699532549278994,0.02341936828132962,0.06908352591265174,0.057987626557926934,-2.973506046401267,1.154880518254251,-0.3930535763792808,1.5,0.10604363048243212,10833.857804921301,10707.92570996217,10818.49612412432,10747.179335352377,0.0,0.0,0.0,0.0,0.0,0.0,nan,0,-0.006213116449012235,0.010270558619014325,-0.008455450367973238
6.437185635999413,1.2504666305758703,-0.357705910436417,1.469820719672311,0.5731731351735552,-0.1673477307989874,0.054073465967627146,0.06947576490789724,0.05627234377051189,-3.0003874529351715,1.1420986021926347,-0.39488194469414944,1.5,0.11847563487864955,10867.51203802409,10750.700012332736,10861.4242713462,10769.591598730245,0.0,0.0,0.0,0.0,0.0,0.0,nan,0,0.007336147487133626,-0.013730276405545583,-0.0313386587895772
6.447550287999547,1.2459654395664306,-0.3379497601343495,1.4976845769153877,0.5859758866745741,-0.17514665406479996,0.08085873270827312,0.06545588085371157,0.05769785970306334,-3.0019637085816457,1.1420986021926347,-0.39488194469414944,1.5,0.11846921426618155,10900.93015278472,10765.71709002011,10897.187177475831,10785.852345569145,0.0,0.0,0.0,0.0,0.0,0.0,nan,0,0.00890212465433926,0.005273023568520663,-0.0035230751593047227
6.458206931999484,1.2375520142387626,-0.3247327791194009,1.5111561859593634,0.5731296974728389,-0.1813229869950467,0.06577173876628171,0.0646551155316094,0.061085110909402725,-3.0208738331424816,1.1291442716878188,-0.3964300885111707,1.5,0.13045000308229493,10875.532737132147,10738.006226621279,10876.795844582006,10756.60604961814,0.0,0.0,0.0,0.0,0.0,0.0,nan,0,0.006619626951086532,0.017680219001717123,0.009903615014664968
6.468721299999743,1.2388472929304133,-0.3241336797775474,1.495089310579961,0.6104313111227297,-0.15498671256906085,0.06228757604597557,0.06088396559731815,0.0630801398974658,-3.0320776325261476,1.1291442716878188,-0.3964300885111707,1.5,0.13147485864648165,10875.532737132147,10738.006226621279,10876.795844582006,10756.60604961814,0.0,0.0,0.0,0.0,0.0,0.0,nan,0,0.014109038618323133,0.017413742405893162,-0.006200792809073263
6.479279950000091,1.2066289329006732,-0.3521943140213803,1.508303383311226,0.6072213904480459,-0.16930472781155115,-0.0005536384794269864,0.06300990214771612,0.05914134749772148,-3.034373605268675,1.115968625835598,-0.397703188307025,1.5,0.1017806223713211,10870.454665709689,10710.078484412768,10873.86665750452,10732.301050411981,0.0,0.0,0.0,0.0,0.0,0.0,nan,0,-0.01185232289868976,-0.011567269283895454,0.006984320925088605
6.489753973000006,1.2106616547185993,-0.3232809530424237,1.4951639369869776,0.622972910665696,-0.16757071747737654,0.040373229711100696,0.06093297772514718,0.062421850684568125,-3.059332196592705,1.115968625835598,-0.397703188307025,1.5,0.12053558116291842,10915.27748099015,10737.575881370702,10902.254320264987,10764.632362423297,0.0,0.0,0.0,0.0,0.0,0.0,nan,0,-0.0014997312218110181,0.016371642710666323,-0.006179141635526797
6.500700659999893,1.1974879170111357,-0.343053633126531,1.4795904570081424,0.6057624344793937,-0.12620341447799158,0.12922569070480872,0.060556242081505264,0.061298814949989525,-3.0661009325966404,1.1026306427388008,-0.398695177692013,1.5,0.11185004876684658,10929.914981053613,10736.244677930945,10914.999111780751,10774.233113542276,0.0,0.0,0.0,0.0,0.0,0.0,nan,0,-0.008290696623606264,-0.004428822616570571,-0.02177548398638507
6.510794520999298,1.2008317485549278,-0.33983339937905227,1.4568347215611812,0.6619283161529934,-0.16237861489508085,0.030462627245333208,0.05930366562222722,0.06544545903311602,-3.0803786690787267,1.1026306427388008,-0.398695177692013,1.5,0.12235770262788956,10899.106555368971,10695.296525124362,10871.104441633823,10718.612623531539,0.0,0.0,0.0,0.0,0.0,0.0,nan,0,0.0014983822317593543,-0.0022885849267031966,-0.04454974198739814
6.521230113999991,1.1962403702421855,-0.33688493367421724,1.5158380845884651,0.6597008703426699,-0.15566338962788673,0.09543313106262336,0.05607750852924369,0.06698787302643347,-3.0925220404678497,1.0890633705773256,-0.39941041711666114,1.5,0.12508872954948455,10899.106555368971,10695.296525124362,10871.104441633823,10718.612623531539,0.0,0.0,0.0,0.0,0.0,0.0,nan,0,0.0034146786308553168,-0.00047149107515170874,0.014437121057968128
6.5319086999998035,1.1762542850369302,-0.3188124989434449,1.501831726215827,0.6954672772708373,-0.13473238523865377,0.0607665862802749,0.05178602157715297,0.06628200899794799,-3.1107211217874906,1.0890633705773256,-0.39941041711666114,1.5,0.11875030610102989,10931.8796000152,10682.762677866624,10873.129182000815,10728.629681803179,0.0,0.0,0.0,0.0,0.0,0.0,nan,0,-0.010001477455369612,0.01641913282757157,0.0004159323079218069
6.542426479999449,1.1881630774560539,-0.3362484608562951,1.482852748764406,0.6366502211702714,-0.13087094230527851,0.056339808050726345,0.04858363595567907,0.06519892058594323,-3.117043356337227,1.0753228793876932,-0.3998449638138547,1.5,0.13065777326081415,10945.852681830112,10670.496283705008,10865.369120960206,10725.200393530162,0.0,0.0,0.0,0.0,0.0,0.0,nan,0,0.008538971213389868,-0.0022478693176822273,-0.018571277124025176
6.552895807999448,1.1675373767901522,-0.3363830098242897,1.4899314615599282,0.654286137886198,-0.10714686875814178,0.10194927346694303,0.047171384918583546,0.06932207704313535,-3.135094790036413,1.0753228793876932,-0.3998449638138547,1.5,0.11239354341634127,10965.500334833105,10699.126232982833,10892.270156786615,10724.48440884719,0.0,0.0,0.0,0.0,0.0,0.0,nan,0,-0.005393443410897092,-0.0036618207550634385,-0.011495812748712364
6.563339966999592,1.1735521607714956,-0.3287627124618533,1.48438773129774,0.6626362291133445,-0.12719105984764234,0.018441242006991362,0.046440893512457566,0.06455797995766413,3.129769092102146,1.0613840307227473,-0.39999962714334947,1.5,0.1337913687275948,10954.064310269505,10681.904846853688,10868.094998776493,10683.68177557508,0.0,0.0,0.0,0.0,0.0,0.0,nan,0,0.007376010182925219,0.002631677867438731,-0.017037285677982128
6.574126731999968,1.1643185602133959,-0.322047364115993,1.5215382014197645,0.6669942457431097,-0.15831795162688012,0.05597755875320477,0.04576144442510756,0.0681883529698287,3.1307976825818282,1.0613840307227473,-0.39999962714334947,1.5,0.13090441853866394,11001.11929454979,10723.616390594278,10924.90401076153,10716.265459113247,0.0,0.0,0.0,0.0,0.0,0.0,nan,0,0.004958397352708088,0.007973650219996242,0.020118711692051372
6.5847414979998575,1.1406092398938192,-0.31236952901968124,1.5009767805490364,0.7212587478002993,-0.07991298724374421,0.02878168290663971,0.04377006253107213,0.06179749921087126,3.109143669803059,1.0472734679193492,-0.3998741496413029,1.5,0.12794365580381542,10967.007889220484,10694.317886883953,10910.225656445322,10689.038614119585,0.0,0.0,0.0,0.0,0.0,0.0,nan,0,-0.01187373347201981,0.016232370995318712,-0.0004353522506135299
6.595217376999244,1.1458352748573157,-0.3111922054010404,1.51661900808606,0.703866963124758,-0.08991408430339315,0.03241281987008266,0.040900677061093425,0.07022943437624107,3.0990122669589026,1.0472734679193492,-0.3998741496413029,1.5,0.13362300868815424,11000.150669221155,10700.454605415776,10919.520943658423,10700.25663970626,0.0,0.0,0.0,0.0,0.0,0.0,nan,0,0.00029043262883177157,0.015945774019868242,0.015216873458720359
6.605659414999536,1.1410924919296586,-0.32296924554461953,1.5166393971468546,0.7633802589476009,-0.1296091366794761,0.05811613732971346,0.041369594206922135,0.06494765464321749,3.0894566254885785,1.0329725668885639,-0.39946864437549606,1.5,0.13348762395738492,11007.40822401114,10699.28326876222,10918.171873269544,10689.95937837665,0.0,0.0,0.0,0.0,0.0,0.0,nan,0,0.002546599986094078,0.0026608269763898074,0.015248672375553829
6.616446823999468,1.1381509730567378,-0.31445079929224273,1.4984676009909341,0.6806679540702052,-0.07526230620846461,0.0502917564897921,0.04027972423504594,0.06840334128364618,3.0756987894841057,1.0329725668885639,-0.39946864437549606,1.5,0.13525117135685155,10995.10973340246,10657.976209713148,10898.856651844968,10678.843215163359,0.0,0.0,0.0,0.0,0.0,0.0,nan,0,0.006664512276894241,0.00962832814837461,-0.0029082662085559985
6.626708677999886,1.133182906288546,-0.3241644859205222,1.5221081421877602,0.7252786519840515,-0.1305167554934132,0.0626356368830745,0.03506991568862888,0.07120839166853932,3.0611642654953917,1.0185011516363645,-0.3987839736450144,1.5,0.13859560869437026,11002.880830225122,10679.548004604165,10916.0982879237,10666.467848690467,0.0,0.0,0.0,0.0,0.0,0.0,nan,0,0.008816083409271203,-0.001678462799781344,0.020751534856755294
6.63701538299938,1.1363946062822556,-0.31796500990888943,1.5071165630897625,0.7396454078098154,-0.09599542638000369,0.08217971611463509,0.03766586070837366,0.06945866281598621,3.0579393414604112,1.0185011516363645,-0.3987839736450144,1.5,0.14311260258249253,10980.43048938617,10646.674078997146,10904.616492200515,10642.257822716683,0.0,0.0,0.0,0.0,0.0,0.0,nan,0,0.019207322601266785,0.0028866235831098708,0.005784958378372673
6.647930661999453,1.1164366817649314,-0.33078951915429117,1.5242639626210885,0.7443536697693545,-0.08101225541678636,0.05268575701235276,0.03343184105756477,0.06626575563280161,3.0391397446097437,1.0038425713230703,-0.3978197471557023,1.5,0.1332637424590528,10964.508960987203,10632.07002632434,10892.258025439425,10621.352893474883,0.0,0.0,0.0,0.0,0.0,0.0,nan,0,0.006488397054870143,-0.011612619674450542,0.022966511176909732
6.658128508000118,1.1017449579793432,-0.3175731942635083,1.4847922480407407,0.7343507127923514,-0.1412335483801651,0.03790016091891067,0.030142850279883174,0.07251681205398913,3.0310440914432033,1.0038425713230703,-0.3978197471557023,1.5,0.1274976952094759,10964.508960987203,10632.07002632434,10892.258025439425,10621.352893474883,0.0,0.0,0.0,0.0,0.0,0.0,nan,0,-0.000905229481577674,-0.000110506056327897,-0.016459723944418414
6.668794023999908,1.0963084959981348,-0.3027531876869318,1.499893603390335,0.785500040391884,-0.0803872044374519,0.008735953661894988,0.031804520250733485,0.06723224508372773,3.0185144563957538,0.989008123954829,-0.3965769631345113,1.5,0.14253519565394446,11001.914056408836,10659.963479173299,10938.28681301987,10650.670563195565,0.0,0.0,0.0,0.0,0.0,0.0,nan,0,0.0010155043081940818,0.012956428828573896,-0.0013049876076647315
6.679520460999811,1.0889323444894343,-0.3189609825866658,1.504810523380226,0.7325664120217931,-0.08973963897574128,0.035578306505109326,0.02965394989183458,0.06939934064569403,3.0007779625118043,0.989008123954829,-0.3965769631345113,1.5,0.12661844818605103,11045.61524362399,10684.929052375823,10971.008786583392,10689.116888241226,0.0,0.0,0.0,0.0,0.0,0.0,nan,0,0.0010558872278245701,-0.005042845182540112,0.0036660418460559008
6.690090774000055,1.0820653778973812,-0.3095015252840952,1.4958584574324238,0.7412969060577166,-0.08436227200319918,0.008074120747632134,0.028017203334041316,0.0700041543185013,2.9943953194456205,0.97398317758367,-0.39505459049326325,1.5,0.1379066400365711,11047.336969503905,10691.731087252969,10985.735610893416,10678.453061586108,0.0,0.0,0.0,0.0,0.0,0.0,nan,0,0.0016647850002162734,0.0025873240210387283,-0.0052345676934257845
6.700370452999778,1.0712481560613742,-0.2997212173752467,1.480464091963351,0.8035839686011832,-0.06355301047137574,0.08208049704025287,0.02859742139420075,0.06939246238991513,2.9755178463930663,0.97398317758367,-0.39505459049326325,1.5,0.13758844345054433,11077.94890930284,10719.901687453785,11021.5516512568,10702.522526994291,0.0,0.0,0.0,0.0,0.0,0.0,nan,0,-0.0016172719402738345,0.01050113500733546,-0.02058325663718885
6.710786826999538,1.0595654041211395,-0.3188357243973459,1.4945643882399864,0.7860251906434513,-0.02157074676200249,-0.007347873215645916,0.025571058259326977,0.06997255519290506,2.967412187145987,0.958812042605033,-0.39325810012422074,1.5,0.12537733344122842,11072.604341795415,10691.322912655565,11005.845812029991,10689.419099785375,0.0,0.0,0.0,0.0,0.0,0.0,nan,0,-0.005705713970195925,-0.010516413890729825,-0.006444210083143442
6.721879646999696,1.0394498945855764,-0.3076487978569551,1.4979497963860435,0.7761978356837052,-0.0643979378851508,0.038452148059196375,0.026318962129123567,0.06912699150607028,2.9555783826495325,0.958812042605033,-0.39325810012422074,1.5,0.11762490867831842,11128.097864363928,10733.452915768297,11035.337795502548,10713.617784416498,0.0,0.0,0.0,0.0,0.0,0.0,nan,0,-0.01816785552321276,-0.001268462867514919,-0.0030292460704133273
6.732230711999364,1.0406195443688717,-0.2914817892921995,1.5083001160750138,0.7871857416152361,-0.035066107575733085,0.06702610582990674,0.021926713656885866,0.06945978873061319,2.9449879565371258,0.9434868213209457,-0.3911884596689048,1.5,0.13944560922156266,11118.605846301074,10720.635058740714,11035.512675785463,10702.95649003254,0.0,0.0,0.0,0.0,0.0,0.0,nan,0,-0.00928585567709761,0.012924220490681426,0.007338868266715037
6.742590698999265,1.0634301433241504,-0.3097412022906203,1.4904440299403892,0.804213315879577,-0.03820197707073969,0.052348424384964225,0.020740449217261887,0.06993524228477804,2.9378524094195764,0.9434868213209457,-0.3911884596689048,1.5,0.14529753195216066,11088.2508201002,10680.75559127326,11003.299535546956,10662.254944331518,0.0,0.0,0.0,0.0,0.0,0.0,nan,0,0.02129557097591217,-0.007344062915121352,-0.010507122776858724
6.752971850999529,1.0508027846903325,-0.30421428085936814,1.494665532276081,0.8150354050748848,-0.005916488964616495,0.06542404499163716,0.01657437153808262,0.06941081370132152,2.920492020802664,0.9279622342588769,-0.3888401349905385,1.5,0.1492641703947422,11090.472397039035,10691.974351582094,11010.632454035636,10656.43258733739,0.0,0.0,0.0,0.0,0.0,0.0,nan,0,0.016497089861474024,-0.0038598244663317627,-0.006280503553815597
6.763804510999762,1.0351266607438943,-0.31182849708725774,1.5087082553253366,0.8150162459558873,0.022168630153569346,0.009998070223804882,0.020791730418597026,0.06667424500547146,2.9165123290211086,0.9279622342588769,-0.3888401349905385,1.5,0.13225294093977633,11089.717120631876,10680.206006894632,11000.123617867612,10634.04101181435,0.0,0.0,0.0,0.0,0.0,0.0,nan,0,0.008707585812980367,-0.013549900095190748,0.007763060947511002
6.774228540999502,1.0325368629112346,-0.32566583777824576,1.5164021773798002,0.8075964772972191,-0.016484333452937372,0.09724251121919245,0.02028891974480776,0.06732810453401968,2.908938428453047,0.9122782009210425,-0.38621964659094754,1.5,0.13563900975823637,11112.48626903306,10709.255512926047,11011.75368012617,10636.334154771244,0.0,0.0,0.0,0.0,0.0,0.0,nan,0,0.014061918339350887,-0.029495712446373612,0.015452936543751461
6.784897986000033,1.012531471431409,-0.28502616310976175,1.490263815584676,0.8432255592323594,-0.015154108483528939,0.029789451288009118,0.01690240414748919,0.07022522982402953,2.8926654612758917,0.9122782009210425,-0.38621964659094754,1.5,0.14277826387111925,11052.88755849128,10653.400067280112,10963.333198774993,10574.48504899275,0.0,0.0,0.0,0.0,0.0,0.0,nan,0,0.002057651294710805,0.009003557848522636,-0.010690500097521927
6.795414606000122,0.9986846632095209,-0.28251691455110034,1.4979559673541059,0.8390649258382281,-0.04414157821722148,0.06069841757797632,0.017878460003181978,0.06631296421416234,2.8898820407642933,0.8964396447814622,-0.3833293954761815,1.5,0.1436014560270243,11087.20394268497,10673.332595722335,10999.565999022592,10616.730580371273,0.0,0.0,0.0,0.0,0.0,0.0,nan,0,-0.003731427681402111,0.009341037967217192,-0.0030027189000501053
6.805807654999626,1.0113325610008932,-0.2744353962054861,1.4879668559973795,0.8313094394075345,-0.011816176705967352,0.07526598443767495,0.01570128479804509,0.06758578667293715,2.8738716591738194,0.8964396447814622,-0.3833293954761815,1.5,0.15875478521656974,11071.380107282223,10648.142562984258,11002.760936793764,10624.001606414346,0.0,0.0,0.0,0.0,0.0,0.0,nan,0,0.0170306518623754,0.015219827276720443,-0.012997686484082838
6.816465427999901,0.9765580848140393,-0.28003555766183896,1.501339927352327,0.8629439056309054,-0.005005394898436821,0.02260971002751294,0.012544217895166408,0.0684166277912868,2.860351959678762,0.880471411722114,-0.38017616824657724,1.5,0.13878971878157342,11059.0934548424,10641.00870385898,11010.158266462537,10616.863771031989,0.0,0.0,0.0,0.0,0.0,0.0,nan,0,-0.009573552895441595,0.007386463998060644,0.00036912572441161196
6.82691681399956,0.9850628034271834,-0.2826760692825144,1.482892852036818,0.8567948537439238,0.047906312666398665,0.049408404142315586,0.008717123909242522,0.0679973001360555,2.863613685509382,0.880471411722114,-0.38017616824657724,1.5,0.1440079269632041,11088.2198295108,10650.559638564222,11028.169633254252,10643.376745661226,0.0,0.0,0.0,0.0,0.0,0.0,nan,0,0.007157320970720749,0.0024826656542759062,-0.018086196679758304
6.837370571000065,0.9477453029141305,-0.2921473543497748,1.4884563312871586,0.8884906440655144,0.014571049243939316,0.07439125453570916,0.01384150508845578,0.06918868646909618,2.847541646843597,0.8643218600889269,-0.37675142470963524,1.5,0.11937577569012095,11112.038850391167,10679.278847993834,11031.304306335842,10644.842103673347,0.0,0.0,0.0,0.0,0.0,0.0,nan,0,-0.021878256597025914,-0.009281663408905738,-0.01253614411602677
6.849012899999252,0.9607053859102322,-0.2670869679250842,1.496410220861015,0.862659605763167,0.022071127451202655,0.08715880025304211,0.013369419463312602,0.07048556526624106,2.8270584108683976,0.8643218600889269,-0.37675142470963524,1.5,0.14604438929949892,11112.038850391167,10679.278847993834,11031.304306335842,10644.842103673347,0.0,0.0,0.0,0.0,0.0,0.0,nan,0,-0.0005808008401593234,0.013456332926696735,-0.004600941649345547
6.858915034999882,0.9607504297194807,-0.2767677671663795,1.4901064814699256,0.8628839738268969,0.08218235358258014,0.04803478188498733,0.0111819934085032,0.06603010285617884,2.8311626546748743,0.8480034303784807,-0.37305863504058906,1.5,0.1485991211456947,11085.091398827577,10619.910644854677,11001.061856544684,10613.291939187284,0.0,0.0,0.0,0.0,0.0,0.0,nan,0,0.0078565221737954,0.001424295365407724,-0.010925269043699837
6.869158460000108,0.9544357239674616,-0.28078769752978344,1.5013897223598154,0.8688190100826949,0.028974787524747858,0.056947383841449185,0.009316411004326517,0.06502035144765206,2.8188489725595494,0.8480034303784807,-0.37305863504058906,1.5,0.14086763416758083,11104.519887886589,10645.894856919907,11009.783645664802,10613.452129141375,0.0,0.0,0.0,0.0,0.0,0.0,nan,0,0.009988592062961432,-0.004975317721756578,0.0003362781179938601
6.879930109999805,0.9475783656825202,-0.26485650206969097,1.5054478020707212,0.8667161103095035,0.06457143387466369,0.0937630601246656,0.007327842410843401,0.06597621570579329,2.803687256788911,0.8315557163211588,-0.36910873940033595,1.5,0.15607518284684563,11087.664187566417,10641.773816092335,11015.72484082242,10601.460204970566,0.0,0.0,0.0,0.0,0.0,0.0,nan,0,0.011632158145990612,0.008548096088011936,0.004370983732270073
6.890560754000035,0.9160456684329432,-0.2638775499159424,1.4796297158061391,0.9039319849718179,0.06673617347168703,0.04933345465938917,0.007178187207975008,0.06536716036219548,2.7931910546158703,0.8315557163211588,-0.36910873940033595,1.5,0.13648114787871116,11054.394336220783,10605.886579385235,10988.916226508763,10558.807027299163,0.0,0.0,0.0,0.0,0.0,0.0,nan,0,-0.011346088822848044,0.007091622830563693,-0.021468344388962946
6.9008977359999335,0.9132080281721289,-0.266587632180701,1.5120092586891507,0.8881651752972219,0.0822405485999268,0.12007516351999456,0.004989936022947839,0.06593516317015045,2.784549559382634,0.8149570246788734,-0.3648988978876282,1.5,0.13950837590120774,11090.274965640494,10630.341462035132,11017.243671586815,10592.356305019377,0.0,0.0,0.0,0.0,0.0,0.0,nan,0,-0.005576165538179745,0.0019187962607548625,0.010892171154439856
6.911532286999318,0.9001862443794606,-0.28632729104168286,1.4958751188528325,0.9076434700666433,0.08533240754827853,0.04259074179410758,0.003218860697690463,0.06522395034872155,2.7776099511819385,0.8149570246788734,-0.3648988978876282,1.5,0.11599367197223742,11039.835215177774,10569.969195845191,10958.99645664237,10527.80409304808,0.0,0.0,0.0,0.0,0.0,0.0,nan,0,-0.009937853896836435,-0.020310542597703152,-0.005255976555815556
6.9214690230001,0.8964334359444414,-0.2711372959694235,1.4714515642090094,0.9078295128818382,0.08041051714215919,0.09116548426774507,0.005848551882821797,0.06044106129551898,2.763064893968825,0.7982409979884273,-0.36044024688007864,1.5,0.1357637105386004,11039.835215177774,10569.969195845191,10958.99645664237,10527.80409304808,0.0,0.0,0.0,0.0,0.0,0.0,nan,0,-0.004978601904551683,-0.007636814166552486,-0.02968621328016141
6.932855739999468,0.8870207625553429,-0.2590942189227382,1.5095676126150745,0.9313624860508348,0.07385927422965555,0.047700083407245304,0.006988437479194866,0.06333942495138989,2.76763838996437,0.7982409979884273,-0.36044024688007864,1.5,0.13507184455110963,11078.738320876613,10603.860392497243,10996.067558850553,10556.819631759085,0.0,0.0,0.0,0.0,0.0,0.0,nan,0,-0.0056275218553438755,0.001863580816822863,0.008427389654971806
6.943540116999429,0.8950466950496109,-0.27272705160265565,1.5166221974603686,0.9015965263648861,0.12235103987424223,0.0336406097784374,0.005814155915995042,0.06252378940223506,2.751398140588486,0.7813623675315653,-0.35572310469872354,1.5,0.14173485316310544,11075.615524263158,10599.881624748015,10998.28909548842,10567.950469551773,0.0,0.0,0.0,0.0,0.0,0.0,nan,0,0.011213427439617396,-0.014338132608943954,0.015483069815227957
6.953925896999863,0.8659393822038722,-0.2617555939460392,1.4985886621294293,0.943536836852015,0.08604395837085055,0.0853289539164636,0.0026259516785351166,0.062823387508995,2.7473135304190794,0.7813623675315653,-0.35572310469872354,1.5,0.1264324181629078,11075.615524263158,10599.881624748015,10998.28909548842,10567.950469551773,0.0,0.0,0.0,0.0,0.0,0.0,nan,0,-0.00902806306805548,-0.005961551192731729,-0.0025463602040070032
6.9641753989999415,0.8628517960505883,-0.255296673534846,1.519493354461663,0.900629594943845,0.10898625717494609,0.06705364447337349,0.003289346748456122,0.06280409505196898,2.7394101426718924,0.7643468039686185,-0.35075668559270534,1.5,0.13854904631690398,11066.979497321829,10588.497897943826,10987.5196427649,10550.038208867067,0.0,0.0,0.0,0.0,0.0,0.0,nan,0,-0.003199590031361388,-0.0021232716954053266,0.01836658373605271
6.9743496029996095,0.8690681601763899,-0.25129339284026175,1.4988080852884176,0.9186284074942647,0.12837935300610454,0.043568568985223675,0.0013770708890262833,0.06292871025283459,2.7250780185902106,0.7643468039686185,-0.35075668559270534,1.5,0.14443313232022947,11043.709986394344,10572.983353907719,10974.719681517387,10525.81534958775,0.0,0.0,0.0,0.0,0.0,0.0,nan,0,0.011982374081397795,-0.000766130336691484,-0.0023031558476356295
6.9847725299996455,0.850117245659075,-0.24456623133454242,1.5141636197226571,0.8908491615102444,0.1515571668499961,0.05971142908783932,0.003908981964058439,0.06052906330690779,2.717251425775877,0.7472363361728119,-0.3455565657189323,1.5,0.1448590256057232,11063.772455919172,10601.465919991704,11002.292703795516,10544.147282564822,0.0,0.0,0.0,0.0,0.0,0.0,nan,0,0.002046096103882511,0.0032895385824424084,0.0130745678952926
6.9955216270000165,0.8504465067550588,-0.2564716207215762,1.494874143587298,0.9354808871339024,0.1098002216622288,0.008677069106541917,0.004686215709719659,0.061523814183859715,2.7151825327095573,0.7472363361728119,-0.3455565657189323,1.5,0.13643584991035934,11050.614377688717,10596.646904900768,10997.515190291217,10520.963379312569,0.0,0.0,0.0,0.0,0.0,0.0,nan,0,0.011438534172425685,-0.01131258121238013,-0.006187063298249029
7.005780576999314,0.8508522327277366,-0.2370713370148835,1.4784094005832893,0.9132673163781744,0.13130993768645394,0.03496303937228147,0.0025287050822752257,0.0604041885749857,2.707222290547846,0.7299914711919094,-0.3401140898745564,1.5,0.16028501670178835,11050.614377688717,10596.646904900768,10997.515190291217,10520.963379312569,0.0,0.0,0.0,0.0,0.0,0.0,nan,0,0.020955605478658934,0.005365759547057536,-0.022621822765083177
7.016116519999741,0.832064125942133,-0.2496532812955365,1.5056854397542383,0.9626528055360826,0.13393600780179815,0.07222135518587552,0.0001908656593414529,0.0617675341002152,2.6951475055970295,0.7299914711919094,-0.3401140898745564,1.5,0.13650754177600402,11089.068413761463,10640.188844321296,11050.08327683096,10576.568817127902,0.0,0.0,0.0,0.0,0.0,0.0,nan,0,0.011326816911248927,-0.009963430121341488,0.004679355340538205
7.026917767999294,0.8144167593454233,-0.2264347896143191,1.5011278233247565,0.9356089259284657,0.1583401007426416,0.023858556704596363,-0.0009695214765801451,0.0539040453215894,2.6861835377381738,0.7126215349149123,-0.33443501778237356,1.5,0.14841694305793324,11088.933373736721,10636.403907568227,11055.471886905998,10582.3465494692,0.0,0.0,0.0,0.0,0.0,0.0,nan,0,0.002886167547791141,0.010482595608116957,0.00014205940308675835
7.03755260699927,0.8121948071812202,-0.2480541539793676,1.52341007235855,0.9760336251394962,0.14971441335396973,0.011995622312264538,0.001958345187301451,0.05696347384400418,2.6827573982049238,0.7126215349149123,-0.33443501778237356,1.5,0.13388249201821084,11099.94548337718,10648.04045197502,11070.813983876835,10593.106084778987,0.0,0.0,0.0,0.0,0.0,0.0,nan,0,0.009917690203537832,-0.013934356212795235,0.0224410779204558
7.0477778819995365,0.7993932642505499,-0.2241116750560605,1.512099561754577,0.963306952667922,0.17977401874525611,0.07500355379533374,-8.925881368974399e-05,0.061001829306704676,2.677764093934193,0.6951249107983891,-0.32852179226903644,1.5,0.14805323874439535,11100.253477930555,10644.515652035694,11068.016513736002,10595.856208913627,0.0,0.0,0.0,0.0,0.0,0.0,nan,0,0.006415854746207095,0.007185436037741327,0.011142774759524077
7.0581761180001195,0.7729931642806682,-0.23607354005222364,1.4991003613232623,0.9594202700368348,0.13525461479924006,0.13207081957024613,0.0013490261281355897,0.05749254169569005,2.671511128828634,0.6951249107983891,-0.32852179226903644,1.5,0.12087577750762386,11077.155208705019,10608.553185475734,11027.878255757447,10565.575292969459,0.0,0.0,0.0,0.0,0.0,0.0,nan,0,-0.010639044861584623,-0.007624096409098752,-0.0018456804038702312
7.069237816999703,0.7605216209243191,-0.21470274011315277,1.5095909270136108,0.997292407639794,0.207894215886947,0.013675628068460455,9.284435864815067e-05,0.05446858434878283,2.6619673545174436,0.6775088698593936,-0.32237995634177374,1.5,0.1362992502367232,11018.891005485175,10549.978417091663,10977.906413540846,10517.655769594456,0.0,0.0,0.0,0.0,0.0,0.0,nan,0,-0.013720878666449776,0.010874287443914332,0.008662000964171357
7.079321672999868,0.7592550121417948,-0.23844759902844148,1.507248949275078,0.9490432387342258,0.21269093123299754,0.027823093947144387,0.000490479660439012,0.05521250088320033,2.6552052272649935,0.6775088698593936,-0.32237995634177374,1.5,0.1173866246546859,11066.601047843915,10579.903233686397,10995.860923649336,10555.086377079228,0.0,0.0,0.0,0.0,0.0,0.0,nan,0,-0.005553939645027817,-0.015767685354632105,0.00634499678712519
7.089829587999702,0.7507611503144623,-0.21369275834515913,1.5015372883929632,0.9787388259963723,0.18760690431191007,0.013536348702480182,0.00017980307400265361,0.05744121618660287,2.6492194291268,0.6597729571204934,-0.3160125691368901,1.5,0.13693267775356532,11083.446020363319,10612.595455710678,11011.545061995814,10558.060899652952,0.0,0.0,0.0,0.0,0.0,0.0,nan,0,-0.004570804034638942,0.006065223983964418,0.0006616536669654671
7.100497325000106,0.7370784773918516,-0.21841701867605404,1.5214788377199249,0.9805926078165828,0.191943334034547,0.06469168763174403,0.004146403131938121,0.05253361370915538,2.648978765218175,0.6597729571204934,-0.3160125691368901,1.5,0.1263422945967732,11110.912313497409,10632.7145565981,11040.794158080955,10596.129820166572,0.0,0.0,0.0,0.0,0.0,0.0,nan,0,-0.008733459776325225,-0.0016059112430210631,0.020630648766479354
7.111250631000075,0.7354979692929541,-0.21551058613122132,1.5026400846283499,0.9952810438328648,0.20664199506786074,0.030027321485593155,0.001580459420324137,0.05496890248088953,2.631841432168772,0.6419060605395319,-0.3094187106804907,1.5,0.13260901661393482,11066.518870762895,10595.30309546562,11008.456427139123,10561.332390119094,0.0,0.0,0.0,0.0,0.0,0.0,nan,0,-0.0007516359911984294,-0.0016712988123360473,0.0018194640435329479
7.121275521999451,0.7233299662907275,-0.21352502250680933,1.4993996760914057,0.995300076683285,0.19132133792067385,0.046037271089530485,-0.0007536761044568526,0.05464794851511105,2.6288228091027537,0.6419060605395319,-0.3094187106804907,1.5,0.12580068460913102,11085.465077710769,10605.562622031248,11026.731901774701,10582.815379719617,0.0,0.0,0.0,0.0,0.0,0.0,nan,0,-0.0033157450316464443,-0.0026824980958078115,-0.0013916772311513004
7.132146427999942,0.691567006439366,-0.20913096417108354,1.5135042206322562,1.0047606923968306,0.21014647791056906,0.024692302888609092,0.0037017102419688447,0.05281327398451488,2.6253554374295818,0.623944905078108,-0.30261541369007744,1.5,0.11616563549202588,11086.457286148623,10607.183562864448,11034.295616185304,10591.130822675654,0.0,0.0,0.0,0.0,0.0,0.0,nan,0,-0.025433851686187392,-0.0013102466931838308,0.012741870205032368
7.142294694999691,0.7042438378925333,-0.20311633138450702,1.5111391882592238,0.9952544436365405,0.21492584644740054,0.026871174352022697,-0.0027117562554548184,0.04967365219043305,2.616317109204153,0.623944905078108,-0.30261541369007744,1.5,0.12834355264624983,11091.260841933145,10604.685351801729,11033.509673126591,10600.409418370304,0.0,0.0,0.0,0.0,0.0,0.0,nan,0,-0.003071890723447046,0.001657463756603944,0.01040489247477172
7.153120496999691,0.6871455736554151,-0.19682933901776561,1.4786490982322156,0.9677898334736311,0.2296796883843908,0.06097579392268494,-0.00013378387557631363,0.05415046426892995,2.615734340535713,0.6058727106466344,-0.295600111796969,1.5,0.12967962377853598,11087.465212929894,10613.744454740612,11039.906316998526,10596.918735548988,0.0,0.0,0.0,0.0,0.0,0.0,nan,0,-0.010445462551858964,0.0048723518538985044,-0.02205854551143238
7.163662098999339,0.6971184556223857,-0.20157939056301555,1.4956349035783014,0.984022111421239,0.21244949424462578,0.005027393107499868,-0.0007078918451662035,0.054055527201288256,2.610375855464916,0.6058727106466344,-0.295600111796969,1.5,0.13109056436030536,11095.6113453071,10631.72546692609,11048.39231294896,10601.779263465396,0.0,0.0,0.0,0.0,0.0,0.0,nan,0,0.009290972665201624,-0.0029750723107981325,-0.005048625831405751
7.1739967449993856,0.6770357442809406,-0.1951786459816299,1.5253759388635193,0.986233977579051,0.20692897056921822,0.0598970802223064,0.0008411659272351242,0.05149837644446001,2.603186140636407,0.5877202102387253,-0.2883887195622805,1.5,0.1315648916366425,11116.390400636794,10668.693574577484,11085.079733419236,10632.895905899557,0.0,0.0,0.0,0.0,0.0,0.0,nan,0,-0.0009899250972341678,0.00030286558248945883,0.024710137462972126
7.184486445999937,0.6705736752123762,-0.19276984015098714,1.5056258468841497,0.9820278681537262,0.24099458971915044,0.09593559225104284,0.0016354267048285796,0.05356596197165104,2.5967384854204156,0.5877202102387253,-0.2883887195622805,1.5,0.12664642478639243,11063.45925887766,10618.526522475837,11045.159585194213,10590.635901902619,0.0,0.0,0.0,0.0,0.0,0.0,nan,0,0.002387228826885579,-0.0004365927198815289,0.004973014528551145
7.195118439999533,0.6559865131839964,-0.196588717099828,1.4574791234995577,1.007512646537047,0.2856788624383174,0.06924363159914144,0.005059084701939355,0.05030781270393392,2.591111794075288,0.5694198667105497,-0.2809579203439497,1.5,0.1281404373180944,11024.453771184688,10583.178104126984,11008.220983515266,10548.172479863215,0.0,0.0,0.0,0.0,0.0,0.0,nan,0,-0.0023244095569388,-0.007429055504559218,-0.04315787571194907
7.20528424999975,0.6424943827637625,-0.2014668342920364,1.5273877141111576,1.006370966499723,0.23881415530373795,0.03204118363913702,0.002072399837558776,0.04571605582177467,2.5852609914282674,0.5694198667105497,-0.2809579203439497,1.5,0.11139481380368853,11024.453771184688,10583.178104126984,11008.220983515266,10548.172479863215,0.0,0.0,0.0,0.0,0.0,0.0,nan,0,-0.005905507262360943,-0.01550615542706435,0.02676953961074835
7.215966558999753,0.63572317682339,-0.1864891010995982,1.4787982711180656,1.0070585087400858,0.21243737359716675,0.03083320584086825,0.0035336716960272844,0.046879342417797405,2.59172320745761,0.5510061077649231,-0.27332481781025314,1.5,0.12315411805576464,11042.927384612625,10605.11892535394,11019.006666071265,10562.02020069877,0.0,0.0,0.0,0.0,0.0,0.0,nan,0,-0.002730908098323437,-0.0037529246304295327,-0.021799392583950583
7.2265273989996786,0.6306355193209375,-0.1670074793389778,1.5097159680113956,1.0145200964744157,0.255761493531948,0.059756994018874916,0.002390674637791068,0.04728432021050901,2.569168876815154,0.5510061077649231,-0.27332481781025314,1.5,0.13318640951227462,11063.541316337098,10637.519720317161,11056.80391167888,10608.072222128112,0.0,0.0,0.0,0.0,0.0,0.0,nan,0,0.0021612818401905987,0.012478530080488492,0.009138768565431166
7.237177743999382,0.6273885161881979,-0.16179515180634374,1.483444073920862,1.02716646243106,0.2769850040547911,0.040914045191270045,0.0019601520905724,0.04751109806862693,2.5762071175514896,0.5325483149660006,-0.2655226448307575,1.5,0.14152086512360837,11038.331151792036,10609.058274405932,11037.336286871972,10584.180430082655,0.0,0.0,0.0,0.0,0.0,0.0,nan,0,0.008927395020532636,0.014414902676033514,-0.01711341029431379
7.247458140999697,0.6100934467066482,-0.17621287488199425,1.4889212192637329,1.0074744125502522,0.27443434680702705,0.01761262710025838,0.0025436866515788966,0.04671398743247437,2.5650810616367887,0.5325483149660006,-0.2655226448307575,1.5,0.1187948729852332,11038.331151792036,10609.058274405932,11037.336286871972,10584.180430082655,0.0,0.0,0.0,0.0,0.0,0.0,nan,0,0.001677903514115009,-0.0033046669244222726,-0.011617178310292742
7.258360545999494,0.6165537088057588,-0.1826500422172654,1.4979101851954533,1.028916161622299,0.23949938291598583,0.08452769684249949,0.0037493612385940634,0.046556597413214995,2.5700348381188713,0.5140027307267456,-0.25753767980816245,1.5,0.12700090037013545,11085.193576243562,10661.952846811411,11074.602700838746,10632.828462941328,0.0,0.0,0.0,0.0,0.0,0.0,nan,0,0.018215561415613202,-0.0130698006876164,-0.002614001523664644
7.268781381999361,0.6001469815371661,-0.15296134181168877,1.4867304875640057,1.0480878811480336,0.29351407259447915,0.04879574137073326,0.004652728731751701,0.04770668480943781,2.5637100678957285,0.5140027307267456,-0.25753767980816245,1.5,0.13613641091467898,11041.697235613303,10623.357429726162,11040.301140635449,10601.527458736913,0.0,0.0,0.0,0.0,0.0,0.0,nan,0,0.011917195433986727,0.013264736681000727,-0.013783120098193269
7.279204322999249,0.5851769086928936,-0.16089286379966514,1.5142602297718697,1.025959688966686,0.26624086458195406,0.02683970483716701,0.00511490966652041,0.04691244256147343,2.560098339603328,0.4953138934247471,-0.24934966579544385,1.5,0.1268988632161457,11056.156760628224,10631.438453102654,11040.429128372303,10618.113719145373,0.0,0.0,0.0,0.0,0.0,0.0,nan,0,0.007085560086373954,0.0019528045136573968,0.013755838239930318
7.2898197489994345,0.5647419464796618,-0.14008260973896214,1.5052500605535668,1.0628651149951986,0.29059014264326755,0.041223203329006794,0.0021773237672936406,0.045135426716963516,2.5504980958907004,0.4953138934247471,-0.24934966579544385,1.5,0.12956506946728538,11047.866456010583,10626.760213021496,11036.947672459877,10617.5914099276,0.0,0.0,0.0,0.0,0.0,0.0,nan,0,-0.003181679047231767,0.019356272631002036,0.00475305416347771
7.300205034000101,0.5678765358818114,-0.18734880583504723,1.5021880862830688,1.0434095865530206,0.2636187105077944,0.004236222611933932,0.0034425124927805134,0.04123899112423869,2.5518706304195033,0.47665310968770364,-0.24103858362256167,1.5,0.1058730062246589,11050.143712121975,10616.168408367843,11023.81254786777,10617.465703518472,0.0,0.0,0.0,0.0,0.0,0.0,nan,0,0.010149078158200875,-0.03134317479400586,0.0016974917644787535
7.310500968999804,0.555778301039674,-0.15081117465686758,1.4849258639555594,1.0206672667259036,0.31343190816787436,0.05242741412972428,0.007399098041886656,0.04331287347825361,2.5414665567991546,0.47665310968770364,-0.24103858362256167,1.5,0.12095044775706636,11065.506031220963,10647.291189616983,11048.267550673512,10636.839276611163,0.0,0.0,0.0,0.0,0.0,0.0,nan,0,0.008274694053086451,0.0017345800225919417,-0.015560974380984582
7.3209874369995305,0.5455470690326731,-0.15916064338473165,1.4824092924844974,1.0586958904214732,0.30097057767004154,0.031037796657276386,0.007242076804563768,0.04451941984886213,2.541915205374447,0.4577669657461322,-0.2324956508384379,1.5,0.11572727786536288,11061.735801079793,10653.322995632829,11049.32005521911,10629.033457395499,0.0,0.0,0.0,0.0,0.0,0.0,nan,0,0.008294231136155239,-0.010101553306049477,-0.01807831941164828
7.3316730839997035,0.512781682985376,-0.14000271494566702,1.4935804272336466,1.03097117195016,0.279784546592701,0.031757794542992254,0.00645102678331395,0.03778684429395281,2.544472821281943,0.4577669657461322,-0.2324956508384379,1.5,0.10780896631301441,11082.517352973318,10669.471046421602,11058.577214823592,10653.481689003997,0.0,0.0,0.0,0.0,0.0,0.0,nan,0,-0.014194249215666366,0.005542765126732602,-0.006914076789374501
7.342123511999489,0.518870169449212,-0.12870593568706618,1.4959923238763033,1.0499145402350845,0.27708971780765357,0.04287153430500432,0.006973059032800529,0.03855310872562036,2.5360620170180006,0.4388661351613933,-0.22381981834143466,1.5,0.12435174966130515,11069.122132200468,10671.877959847234,11058.317596057534,10652.11776017831,0.0,0.0,0.0,0.0,0.0,0.0,nan,0,0.002196480315879268,0.01329883844106819,-0.004516438340524509
7.352579522999804,0.5261841695202315,-0.13395567967889682,1.497730998029488,1.0249094822813132,0.33986539675205407,0.062173400289652826,0.00702030217799789,0.03966002188868934,2.5334063326445375,0.4388661351613933,-0.22381981834143466,1.5,0.12532019355153132,11050.337131211427,10652.736632327635,11049.131443965874,10651.607401559717,0.0,0.0,0.0,0.0,0.0,0.0,nan,0,0.01983717539707086,0.00448121685919875,-0.002797994321177999
7.363267471999279,0.5029019711851122,-0.12047340226666074,1.4946388586756245,1.0590618806520111,0.3117675915144825,0.053737369172362257,0.009813983267613529,0.04076635168968478,2.533162874503667,0.4198767151191255,-0.21498224545138503,1.5,0.12591209799394731,11025.874670905341,10645.839910375993,11024.558473306071,10616.971100089915,0.0,0.0,0.0,0.0,0.0,0.0,nan,0,0.006905188189622435,0.014368422579255927,-0.005913170087240571
7.3735388059994875,0.4727959188662408,-0.13748641455787625,1.5222844489143461,1.0828862312523164,0.29930427051701836,-0.00523906553496372,0.00620350231860342,0.040265645898026343,2.5342107807065553,0.4198767151191255,-0.21498224545138503,1.5,0.09645020785109855,11020.670646290891,10632.726016586768,11011.059096893236,10619.466489665807,0.0,0.0,0.0,0.0,0.0,0.0,nan,0,-0.012828052339589668,-0.006266893353491093,0.021709225293331746
7.3842300699998304,0.46531922858954955,-0.13969693033823166,1.4909967668451627,1.04351862097526,0.30666525271623013,0.019291417727294265,0.009369667966454031,0.038597431016403526,2.522648704823538,0.40083687749341396,-0.20600541595846295,1.5,0.09292925844627235,11035.386872350728,10644.295329796352,11010.881235165682,10637.642948387205,0.0,0.0,0.0,0.0,0.0,0.0,nan,0,-0.009910157462041935,-0.012127075909918433,-0.009602227902279381
7.394488418999572,0.45824917598557197,-0.11170650495552677,1.5197499218094677,1.0565182438337135,0.29998380598046537,0.043358132942594683,0.009449773250524011,0.03795699319165139,2.5243637313478104,0.40083687749341396,-0.20600541595846295,1.5,0.11215398363844421,11050.324754246662,10664.440367699568,11030.751218761621,10653.831576324259,0.0,0.0,0.0,0.0,0.0,0.0,nan,0,-0.006564624957824894,0.012186121139841175,0.019123925359977978
7.404990904999977,0.45627731135872907,-0.12548378191322848,1.4960452473439139,1.0782743114596067,0.30293639356753577,0.03982561553088902,0.01239580261385081,0.03605292676436511,2.529528259654582,0.3816869743825888,-0.1968657606299756,1.5,0.10331865912942886,11013.810860181004,10630.344085083958,11001.161646924413,10627.838496085602,0.0,0.0,0.0,0.0,0.0,0.0,nan,0,0.0018992066848000921,-0.005296022592865213,-0.004609560350843367
7.415585749999991,0.44431307463219066,-0.12907862325725938,1.5153581078818132,1.0757922306463157,0.2988584680386217,0.05857729163881603,0.011151911882625492,0.038469420566438005,2.519005468388718,0.3816869743825888,-0.1968657606299756,1.5,0.09355744707595487,11009.411006061158,10631.828673399941,10997.990908276799,10636.76197071538,0.0,0.0,0.0,0.0,0.0,0.0,nan,0,0.0003898533298045681,-0.012623407391139124,0.014675346659764665
7.4261792269999205,0.42752769969956067,-0.09943363773920737,1.5173264500130643,1.0392920184255845,0.29260117773006133,0.00072736742518726,0.01205138761098887,0.033162518616985034,2.5191422343280125,0.3624912582490374,-0.18759855961504393,1.5,0.1109188804305873,10977.799007802449,10602.242209777618,10969.448579287859,10611.267399359354,0.0,0.0,0.0,0.0,0.0,0.0,nan,0,-0.005922372793538022,0.013261323704859954,0.016619237814306853
7.436451971999304,0.41691470809526726,-0.09087761452153428,1.4936023110897914,1.0940853133863815,0.2925789424603573,0.047419930372550066,0.010647871590042192,0.0360190370683018,2.5207383724327315,0.3624912582490374,-0.18759855961504393,1.5,0.11116556812403117,10977.799007802449,10602.242209777618,10969.448579287859,10611.267399359354,0.0,0.0,0.0,0.0,0.0,0.0,nan,0,-0.00604483830066288,0.01802930961265521,-0.007124647930026429
7.446994518999418,0.3948914296099957,-0.09880553529670126,1.5266004848343122,1.0658166247249583,0.28840465865855913,0.009548117734677758,0.009592917453581644,0.032084705133725036,2.50990329091423,0.3432342277652483,-0.1782013692418953,1.5,0.0983857242881419,10980.27289565963,10614.123333803655,10987.145473816488,10641.383026597408,0.0,0.0,0.0,0.0,0.0,0.0,nan,0,-0.0175610397409513,0.006285425597268204,0.02585711198132712
7.457896941999934,0.40937437502391744,-0.09957671392155246,1.5009962092351743,1.0541202829012963,0.295682440896225,0.05101656555138562,0.014091077305397569,0.03542556600081351,2.5106274836058704,0.3432342277652483,-0.1782013692418953,1.5,0.10274895588998167,10972.21614512949,10608.034198901287,10982.68986616045,10636.224763683358,0.0,0.0,0.0,0.0,0.0,0.0,nan,0,0.007444670782390084,0.0016702784936092896,0.0002401362566994969
7.468225450999853,0.39628013340916807,-0.10205490919190419,1.500332816429569,1.0448607411487851,0.3106086171184269,0.002327268404826534,0.014512999939687065,0.03738179789205603,2.5099154372354495,0.32393705504863446,-0.16868959870171696,1.5,0.09835554686708448,10954.749292352644,10605.76513087562,10981.840390325126,10627.062579663096,0.0,0.0,0.0,0.0,0.0,0.0,nan,0,0.004888006056749328,-0.004679930901906132,-0.0004310418306812114
7.478511833999619,0.3795454883812245,-0.09608379110756288,1.478989409950084,1.0732391317598657,0.31473857831707774,0.05814967340076648,0.015315693035107563,0.03406845558721,2.5180922350282113,0.32393705504863446,-0.16868959870171696,1.5,0.09383680540358383,10954.749292352644,10605.76513087562,10981.840390325126,10627.062579663096,0.0,0.0,0.0,0.0,0.0,0.0,nan,0,-0.0012950504289389597,-0.0026090061686879634,-0.02177957162013988
7.489051610999923,0.37289831196114154,-0.10152627496567575,1.5182402405778592,1.074374045747924,0.27626277625948226,0.04793495189636646,0.014572065578703785,0.028474509570749585,2.5112332367814982,0.3045479581023983,-0.15904259536744225,1.5,0.09117348496965692,10981.602388537607,10651.787584378832,11003.03367828022,10658.218397219034,0.0,0.0,0.0,0.0,0.0,0.0,nan,0,0.002622590374017242,-0.011980000409561542,0.017466072794592336
7.50008035799965,0.36391970698943843,-0.06350215715914333,1.5178470950200296,1.068841352107472,0.3192588643587503,0.010966649087632192,0.018438204704617187,0.03146983796724023,2.5116132317275808,0.3045479581023983,-0.15904259536744225,1.5,0.11389248745897815,10941.808037063385,10618.7391470901,10972.508614228076,10628.715839649998,0.0,0.0,0.0,0.0,0.0,0.0,nan,0,0.0042211498255482205,0.022087338618345692,0.017070747662808694
7.510530091999499,0.35823543977227756,-0.09087755443904395,1.4833554804237326,1.145137429955925,0.2869264338637729,0.0435303089638342,0.01214001045609718,0.03272693741099289,2.5116984780932174,0.2850971508614532,-0.14928014551663052,1.5,0.09506372589638888,10939.692897731122,10624.893883660468,10974.262108876766,10637.906227419557,0.0,0.0,0.0,0.0,0.0,0.0,nan,0,0.009125536635202991,-0.00927306692570061,-0.017417519543352356
7.520720007999444,0.34093738009790914,-0.09704406611742518,1.4965171292401918,1.0965419020849496,0.2888721901424509,-0.040908439874179775,0.01290316018120541,0.034203248570980824,2.5102669734294207,0.2850971508614532,-0.14928014551663052,1.5,0.07654325300710416,10939.692897731122,10624.893883660468,10974.262108876766,10637.906227419557,0.0,0.0,0.0,0.0,0.0,0.0,nan,0,0.002426849844598844,-0.019452901014096857,-0.004248742125816163
7.531160968999757,0.31655757453568784,-0.06373229321168666,1.5025784130980149,1.1418958177016907,0.30239017134462787,-0.0007722019429648869,0.017438081697399896,0.03149379054291042,2.504796631995841,0.26565078575194345,-0.13944084380457342,1.5,0.09126847205498989,11020.486208340997,10694.239395897914,11027.536685414181,10727.820799118917,0.0,0.0,0.0,0.0,0.0,0.0,nan,0,-0.01134355123753572,0.009817006010119311,0.0018166365893701464
7.541607017999922,0.3254747731698179,-0.06694345423416544,1.48670753540162,1.0960468457413983,0.29029916742219275,0.012205647034219745,0.016725207706435638,0.02847457575675947,2.5062527548094127,0.26565078575194345,-0.13944084380457342,1.5,0.094928765820465,11020.486208340997,10694.239395897914,11027.536685414181,10727.820799118917,0.0,0.0,0.0,0.0,0.0,0.0,nan,0,0.008192370580272557,0.0025352614569617016,-0.014058721081099845
7.552464956999756,0.3088936868691709,-0.058488725308025145,1.4950406675447139,1.1171723365894266,0.3191767907942853,0.016288778158077225,0.018437253925462797,0.029915617174084728,2.50102683742044,0.2461369768674198,-0.12949366812995308,1.5,0.09489310582856478,11034.144624259414,10686.34774445423,11020.205405727429,10748.929718289732,0.0,0.0,0.0,0.0,0.0,0.0,nan,0,0.0022385390663808846,0.006890671376281569,-0.005739777425526338
7.563122685000053,0.30612404776754093,-0.06910790539264264,1.4930985130644894,1.1115199580842792,0.3177834350327975,0.05101793047381307,0.016454645947155636,0.029545077156828067,2.49299437596724,0.2461369768674198,-0.12949366812995308,1.5,0.0853962501428718,11028.474022464783,10693.99296952041,11023.957700873623,10753.383815016969,0.0,0.0,0.0,0.0,0.0,0.0,nan,0,0.010103881643350687,-0.007856528493991953,-0.007706016177812192
7.573058680999566,0.30030265112575,-0.0718001575236295,1.4978798187220417,1.097567895093296,0.3055320196098932,0.04406465651979896,0.013273380964370045,0.030142979599087853,2.4964124664151366,0.22656344571685227,-0.11944754744519456,1.5,0.08781935634770205,11028.474022464783,10693.99296952041,11023.957700873623,10753.383815016969,0.0,0.0,0.0,0.0,0.0,0.0,nan,0,0.014924348980716873,-0.014705349342638112,-0.002955833504513672
7.583900074999292,0.27038499348862777,-0.04885497582562835,1.4972105646356875,1.0812262780171236,0.29569048410859045,0.06754211165444043,0.020490675449169382,0.024996796615897637,2.5041877383877806,0.22656344571685227,-0.11944754744519456,1.5,0.08313495153441339,10984.126977889042,10663.53743124049,10982.860987196998,10698.675124134008,0.0,0.0,0.0,0.0,0.0,0.0,nan,0,-0.004345417176190747,0.004054917353200259,-0.0036594140217478532
7.594274583999322,0.26825521872699915,-0.06144649046350542,1.4868758196564527,1.107857971892471,0.3055490397350362,0.07660670769790591,0.019987450085206387,0.027448069057755167,2.5001134103350027,0.2069563606495004,-0.1093211138067018,1.5,0.07887822051458951,10937.499380784504,10638.713251511348,10955.024938938794,10664.087913977584,0.0,0.0,0.0,0.0,0.0,0.0,nan,0,0.004177868875315627,-0.012749615801444264,-0.01402706134164955
7.605113945999619,0.25449183485646953,-0.044041149759400496,1.4829149899964063,1.0842166969253173,0.3014236174545143,0.048542588137233604,0.01774746029394563,0.027300237721626913,2.4950237220250244,0.2069563606495004,-0.1093211138067018,1.5,0.08254085401133959,10919.301272321183,10622.437045888739,10931.591843574579,10647.88181507325,0.0,0.0,0.0,0.0,0.0,0.0,nan,0,0.0010718665914511982,0.0004148576997708431,-0.018014726286625926
7.615473668999584,0.23093060976397486,-0.0540839044235239,1.4888233032229112,1.1167554381761393,0.31733345414189895,0.017749141788178945,0.019287174235873807,0.028290152203965403,2.505636417363285,0.1873095071317724,-0.09911647235310908,1.5,0.06368399579194783,10924.425420660491,10636.244475020338,10946.518326997775,10655.308224379804,0.0,0.0,0.0,0.0,0.0,0.0,nan,0,-0.011828455414926164,-0.01389647142545982,-0.012126558971656154
7.62576985799933,0.2388932082558574,-0.026674681855603427,1.5079018694110564,1.1215192963773404,0.2821614763700372,0.05189471385456972,0.022212542586957915,0.021682039303399417,2.503899521909636,0.1873095071317724,-0.09911647235310908,1.5,0.08928118935326082,10956.168038597853,10666.691562692788,10953.876847281257,10682.665178615061,0.0,0.0,0.0,0.0,0.0,0.0,nan,0,0.006797807555394303,0.009216503963891606,0.0069353681906219045
7.6365392699999575,0.2193011407244841,-0.045433635106487645,1.5081287057097583,1.1090181721968038,0.27005021681293395,0.003205323788450797,0.016048154500501118,0.02245109741747084,2.4980986297559933,0.16764724501867573,-0.08885167045422866,1.5,0.06796562801563798,10912.942012608999,10632.442092099798,10930.54609117858,10662.727079458562,0.0,0.0,0.0,0.0,0.0,0.0,nan,0,-0.002128623387321893,-0.013866207505742766,0.007149813003677341
7.646819060999405,0.20589904881285837,-0.03525926686268149,1.482658955359835,1.1233056266447816,0.2797742250664652,0.052105552011116024,0.02326889314008173,0.02267957259296175,2.497034591039615,0.16764724501867573,-0.08885167045422866,1.5,0.06808860437283258,10921.426244993187,10649.034256758205,10946.171262871623,10679.716782874177,0.0,0.0,0.0,0.0,0.0,0.0,nan,0,-0.004863896550140412,-0.008042922154419797,-0.018326829748497975
7.65738436599986,0.18019776728757605,-0.036648452114616425,1.4818678820654225,1.1109959927671598,0.29321176716530106,0.0021761935384849995,0.017406590223939894,0.0250844848518787,2.4937602381602333,0.1479213955686458,-0.07850687326850928,1.5,0.05588081328710822,10916.590603133027,10643.125932595529,10946.348579911913,10684.715465804296,0.0,0.0,0.0,0.0,0.0,0.0,nan,0,-0.019897942573666977,-0.013810388512616928,-0.019120423566610922
7.667810489999283,0.19326383076600553,-0.03199977107162823,1.5172787435536004,1.1020407169992834,0.25968672546657723,0.05350858613559835,0.020970188372366104,0.022197666654007416,2.4942640832174954,0.1479213955686458,-0.07850687326850928,1.5,0.06721162074499462,10961.533131456219,10682.87468634378,10974.451819440019,10721.514910660253,0.0,0.0,0.0,0.0,0.0,0.0,nan,0,0.003835025958567745,-0.013567113730366686,0.01628887400340706
7.678495755999393,0.14981106496591956,-0.015985821734365323,1.4736327057624534,1.1259871291579064,0.2853919568958333,0.02651011771972219,0.02307254617987438,0.02109896596432791,2.4980872166241683,0.12821013590881758,-0.06812850378777127,1.5,0.062295213566227484,10903.275018955415,10636.80936645533,10941.339894313795,10678.12349737392,0.0,0.0,0.0,0.0,0.0,0.0,nan,0,-0.02895192752379408,-0.001985474985485137,-0.027356761438929178
7.688782560999243,0.16707380691507673,-0.021409819428345803,1.5148344810887329,1.1046006876866108,0.29525258250598674,-0.013387546123452054,0.02035944621390511,0.022721307742534336,2.507163604485,0.12821013590881758,-0.06812850378777127,1.5,0.06255463389334436,10935.304184786239,10661.93358416706,10955.848712049814,10711.756044318503,0.0,0.0,0.0,0.0,0.0,0.0,nan,0,-0.0010252222471646422,-0.01186843820804619,0.01384881694905804
7.699331173999781,0.14697919356148717,-0.0035123379042346324,1.517798884451458,1.1348459117973788,0.2812265340641714,-0.022064243861716605,0.02407670629890799,0.017302599453808454,2.4992790036973607,0.10845134302488046,-0.057689339349874455,1.5,0.0688210944429709,10942.952793888897,10687.12401839502,10959.45780335074,10716.733924797334,0.0,0.0,0.0,0.0,0.0,0.0,nan,0,-0.010458451357632098,0.0015435509834961798,0.01681716318920623
7.709696868999345,0.1619339558799637,-0.012715183651191574,1.5046815039781911,1.113442204525799,0.31973974870665434,0.0036549294146854053,0.022214991449874412,0.01798068196793808,2.4972125216906216,0.10845134302488046,-0.057689339349874455,1.5,0.07003556980644839,10942.952793888897,10687.12401839502,10959.45780335074,10716.733924797334,0.0,0.0,0.0,0.0,0.0,0.0,nan,0,0.015154383155206758,-0.012171116573169478,0.0037024208503626532
7.721575312999448,0.15337681190628225,-0.002079677797300696,1.5125944053643996,1.1229743299545585,0.24808853532613317,0.04380118190287624,0.01818048854259019,0.017874025992176416,2.5029710592862133,0.08867850944014027,-0.04721248297543149,1.5,0.0798840377780838,10947.535375304295,10698.389906874017,10960.599911932468,10719.597188622307,0.0,0.0,0.0,0.0,0.0,0.0,nan,0,0.017251267157807837,-0.006073521452060382,0.011616225190644869
7.730914983999355,0.12647028941857877,0.02157256686757804,1.4906744363141304,1.1412290826620541,0.2906278820296646,-0.00017458753264232643,0.02388888115761459,0.014134414377503858,2.495086872948184,0.08867850944014027,-0.04721248297543149,1.5,0.07903523172549835,10901.760039268573,10659.869645906008,10929.269782791987,10693.266348008056,0.0,0.0,0.0,0.0,0.0,0.0,nan,0,0.0009939979311210378,0.013015085502170867,-0.010301161903957023
7.741440310000144,0.10282328035454227,0.026088467111426733,1.5072101332465042,1.1328961312309194,0.2643861577466683,0.004472916856359307,0.0224569249130377,0.017131173301632576,2.4976536506374645,0.06889542434873112,-0.03670544821454153,1.5,0.07173674955382542,10923.722494994736,10676.669493432875,10950.192935212712,10720.985345200219,0.0,0.0,0.0,0.0,0.0,0.0,nan,0,-0.012009252992407696,0.0129419241968811,0.006239809140140773
7.752050574999885,0.10908853386834869,0.008820264734328682,1.483544907734136,1.1507364125430155,0.24474919248588278,0.014624901717164181,0.02706998798754567,0.013338262073168315,2.5005221793510675,0.06889542434873112,-0.03670544821454153,1.5,0.06291936628604103,10923.25335946066,10668.593906179034,10946.68716362896,10731.01178742855,0.0,0.0,0.0,0.0,0.0,0.0,nan,0,0.004893551967011495,-0.008940527297751424,-0.017419306106057686
7.762418260999766,0.09747196158803373,0.010561567707240604,1.5236831705725924,1.1096146211589641,0.2407194952040672,-0.06038724584187671,0.021794392285382366,0.012802810107490258,2.497201928137514,0.049094311537353476,-0.026169604809172804,1.5,0.0651956181597131,10923.77095494957,10675.30997252269,10964.98846605823,10751.089543725222,0.0,0.0,0.0,0.0,0.0,0.0,nan,0,0.003907618341991728,-0.011838380914324483,0.022724863849103327
7.77298390299984,0.08831031595045467,0.04103188361566848,1.4958583028015238,1.1327471967302976,0.25572672765559823,0.047368459393850725,0.02448692772743432,0.013527360721959767,2.5074338927140554,0.049094311537353476,-0.026169604809172804,1.5,0.07791719132724378,10937.434481287339,10706.260020900228,10996.6585515529,10769.585327994031,0.0,0.0,0.0,0.0,0.0,0.0,nan,0,0.005368995305299343,0.013968117090147992,-0.005097536581232687
7.783723827999893,0.0754247714093078,0.029164299962711013,1.5047086584897567,1.1133368887459563,0.28754591891736536,-0.04669052630338818,0.022060218859432688,0.011093468516491733,2.5087815198598262,0.029296944268462397,-0.015622056405527392,1.5,0.06446522797797057,10901.81341536034,10674.193626688952,10959.995807056359,10742.631359653908,0.0,0.0,0.0,0.0,0.0,0.0,nan,0,0.0030981792072213993,-0.0025875554181518587,0.0037528863100158016
7.794011579999278,0.05141515013001209,0.044246160995583504,1.482071480524683,1.1284598880766459,0.25170360280316006,-0.043067316653985076,0.017677935362480877,0.01148238627749874,2.5079683688238235,0.029296944268462397,-0.015622056405527392,1.5,0.06629366708741784,10938.726144341794,10724.576193971849,10982.09943054331,10765.153264465094,0.0,0.0,0.0,0.0,0.0,0.0,nan,0,-0.010305672572599608,0.007782327515949525,-0.018886885208336812
7.804424485999334,0.04743365852002222,0.043047410607425125,1.490406976598435,1.155811263386324,0.2581930857691346,0.018996281197243392,0.02128913975756949,0.013623748937249106,2.5065653691804246,0.009482511308840553,-0.005057238309050693,1.5,0.062019133499309355,10984.210857913058,10771.54038763414,11018.608022969438,10808.881518076018,0.0,0.0,0.0,0.0,0.0,0.0,nan,0,-0.003691030896119253,0.0018479362063762578,-0.010563604575439811
7.81510522499957,0.04935094971037991,0.04445200328232754,1.4860951124026982,1.147041653090475,0.24719734196700927,0.007339447283223324,0.02282648955898725,0.00709792986497025,2.508807312949953,0.009482511308840553,-0.005057238309050693,1.5,0.06506921916409011,10972.088252898486,10746.324422050267,10989.98691911268,10798.20938624696,0.0,0.0,0.0,0.0,0.0,0.0,nan,0,0.00881210984786869,-0.0015063985211814929,-0.014899255812584444
7.8256249930000195,0.020644743876411267,0.046652491840082425,1.506650151913551,1.1491495695951457,0.26198110834829025,-0.023843666292549207,0.02275152016351534,0.008093322346225756,2.510682025815317,-0.010345307312152142,0.005517366006641352,1.5,0.051929821591029136,10960.475249288957,10741.201820491948,10985.836716878957,10792.668118286085,0.0,0.0,0.0,0.0,0.0,0.0,nan,0,-0.009319149650325317,-0.004087620736174011,0.005622725020601349
7.836103656999512,0.020075846375481543,0.056941671450528815,1.5206184856621647,1.12536602749508,0.2320998116757036,-0.02830029872294457,0.0269272343598513,0.00888573350134188,2.514117085008213,-0.010345307312152142,0.005517366006641352,1.5,0.0632062317582195,10960.475249288957,10741.201820491948,10985.836716878957,10792.668118286085,0.0,0.0,0.0,0.0,0.0,0.0,nan,0,0.000675374705899498,0.0013975440542283654,0.019549424732593135
7.8466313339995395,0.015939025204761505,0.06426471616083172,1.4768254920934305,1.1380335652226,0.22671176705113893,0.007866133232449682,0.023595295599059683,0.0073355430470895796,2.5182507658521573,-0.030154280802546108,0.016079033142125436,1.5,0.0705939850367876,10940.80924055454,10732.080439300233,10971.643316798723,10786.52105997589,0.0,0.0,0.0,0.0,0.0,0.0,nan,0,0.007089837854105632,0.0038947776982789784,-0.02429262328568349
7.8571415599999455,-0.016424870525125767,0.061209510137462134,1.4956122300786214,1.1417327777850712,0.23675457894734087,0.00922499424494247,0.0246267770058685,0.008614053113926467,2.519523627264262,-0.030154280802546108,0.016079033142125436,1.5,0.04737625127925704,10941.795216535687,10741.13839395822,10977.554175727104,10799.347080980737,0.0,0.0,0.0,0.0,0.0,0.0,nan,0,-0.014735524751721036,-0.0040075309144149834,-0.005562080512059309
7.86760160599988,-0.02257065194336634,0.06604049508384721,1.4876613314292844,1.1307357120189279,0.21170371862254922,-0.004549294821616675,0.021157397861197847,0.006487673924894296,2.508686541308178,-0.049952063940342906,0.026626324424551116,1.5,0.049552611574025594,10931.198959872152,10731.228757072973,10958.479728971206,10789.024861712123,0.0,0.0,0.0,0.0,0.0,0.0,nan,0,-0.010356126095315247,-0.004044409017587444,-0.013575759395646259
7.878004127999702,-0.010323457644033189,0.08794417415325616,1.5124219243395696,1.0918016986870056,0.2235752037291321,0.0406402461550816,0.025824398334413377,0.0025074040350566043,2.5168117521930844,-0.049952063940342906,0.026626324424551116,1.5,0.07405814834734907,10931.198959872152,10731.228757072973,10958.479728971206,10789.024861712123,0.0,0.0,0.0,0.0,0.0,0.0,nan,0,0.012402300249068233,0.012971195344247635,0.011115882783904185
7.888882160999856,-0.027367118368100955,0.08991010781979177,1.5000620105469058,1.119303120571701,0.23556827698396277,0.0017382433061987907,0.021976988832211768,0.006952344030110114,2.520953324460877,-0.06974123708203432,0.03715510199981933,1.5,0.06766579949395242,10863.280534890228,10689.969490986474,10932.153159344181,10735.575389691216,0.0,0.0,0.0,0.0,0.0,0.0,nan,0,0.005855376774709264,0.010029503364400574,-0.0013146386132987242
7.900566458999492,-0.0384413521059291,0.10497503634709693,1.5009587690565598,1.1520352898390847,0.186989754337053,-0.006484384566266115,0.025616725085952415,0.008723283409716795,2.518598571409875,-0.06974123708203432,0.03715510199981933,1.5,0.07470037170249073,10869.31259310743,10698.478663314278,10930.353694091402,10740.864090625812,0.0,0.0,0.0,0.0,0.0,0.0,nan,0,0.005262855724032671,0.020167927914279293,-0.0004858548576041066
7.920324588999392,-0.07164493305249495,0.07869948912036207,1.5118743599159805,1.1380684894976123,0.18544445522578235,-0.021138186094063885,0.021475266175822804,0.0008318739075548842,2.5214122344594143,-0.0895647099429008,0.0476826168514934,1.5,0.03773811326178725,10876.382611821131,10680.731627048193,10951.829483323429,10790.182696662785,0.0,0.0,0.0,0.0,0.0,0.0,nan,0,-0.007024604640150797,-0.016014966872935285,0.01029664313463341
7.930854876000012,-0.07452463036254679,0.10636647644896768,1.5033285926351363,1.1409602298438886,0.2174681847247112,-0.011287599736782209,0.01903704476450456,0.00015141180593294847,2.527379444968384,-0.10935033224638699,0.05816500114672337,1.5,0.059559140876490675,10876.382611821131,10680.731627048193,10951.829483323429,10790.182696662785,0.0,0.0,0.0,0.0,0.0,0.0,nan,0,0.0005290437865078934,0.006672414263519846,0.0016838468650770544
7.9416303219995825,-0.07154503951999631,0.09240798349928812,1.4948916799138499,1.159188837257819,0.1902252280321579,0.03155573548990553,0.020757397400972204,0.0028259867607037664,2.5239101194366227,-0.10935033224638699,0.05816500114672337,1.5,0.05126321227380034,10886.566568659815,10700.99194285555,10937.67123174865,10776.458678236553,0.0,0.0,0.0,0.0,0.0,0.0,nan,0,0.013924839419232116,-0.012282062986294556,-0.006820659603484991
7.952381547999721,-0.09440011580134976,0.11061780440057452,1.4880888664931564,1.1474226768178224,0.1980501697303254,0.01284315498427051,0.019008830075508812,0.0020695848038235244,2.530049922792247,-0.12908198533602683,0.06858834403401878,1.5,0.0557779769670978,10867.166955905748,10680.65770727516,10915.649180864668,10758.235255036883,0.0,0.0,0.0,0.0,0.0,0.0,nan,0,0.0014683745843818152,0.0009161571986058686,-0.013689809816260556
7.962507928999912,-0.10076209220094774,0.11506372834851739,1.5164473644030185,1.1090404859462513,0.17539802128035464,-0.020884315123092335,0.02316286594360685,-0.003876208599038427,2.5298097252938985,-0.12908198533602683,0.06858834403401878,1.5,0.05685502167942884,10877.126272875836,10689.067150541667,10911.594966031078,10763.994555633442,0.0,0.0,0.0,0.0,0.0,0.0,nan,0,0.0054869695532300256,0.0003356424718340689,0.0146048652189108
7.972949027000141,-0.13611811300386722,0.10328340237482662,1.497416175810467,1.1387456808129448,0.16199027079984962,0.043564794694693924,0.017573456185855207,-0.0009071742677924978,2.5376728749257,-0.14878336870210224,0.07895981944436399,1.5,0.0275449003613951,10859.881202029634,10692.373185892873,10919.055114392622,10752.782862169997,0.0,0.0,0.0,0.0,0.0,0.0,nan,0,-0.019506973825642593,-0.016485178265511213,-0.004487656753830782
7.985189295000055,-0.1261950040987866,0.1193125275756952,1.4986647580295596,1.1364034580935531,0.1778294674543358,-0.04218743941241336,0.017498196333602247,-0.003359957885675495,2.529107122414525,-0.14878336870210224,0.07895981944436399,1.5,0.04626400479967501,10837.480415003236,10668.151435117508,10880.203842869687,10729.243139785156,0.0,0.0,0.0,0.0,0.0,0.0,nan,0,0.0007593173680684462,-0.0055097494399681535,-0.0032949728865776517
7.994321383999704,-0.13970291262403917,0.1308310786730364,1.4693516736943608,1.1618840234169077,0.17827473280750872,-0.0006759022740879328,0.020379293024538676,-0.00781847511489683,2.5383015398125495,-0.1685074367624427,0.08930175361681222,1.5,0.05910757443680408,10875.927981181314,10708.08748862883,10919.192349945926,10761.870953125484,0.0,0.0,0.0,0.0,0.0,0.0,nan,0,-0.002424751189099683,0.0009427145602095011,-0.0326596981843974
8.00449534099971,-0.1377380929071564,0.14706421464792307,1.5192631638254652,1.1466351392602485,0.14045128281984653,0.020516686755485212,0.017262594150694185,-0.005141904557842124,2.5369334220067814,-0.1685074367624427,0.08930175361681222,1.5,0.06822260553674388,10875.927981181314,10708.08748862883,10919.192349945926,10761.870953125484,0.0,0.0,0.0,0.0,0.0,0.0,nan,0,0.00984406676354077,0.01209814572721521,0.01719911766668436
8.015298532000088,-0.158913102742012,0.14162125890752217,1.4823558216295167,1.1337102474807703,0.16932828957681978,-0.01940485004667181,0.017260122635789743,-0.007245328789586294,2.542826349063308,-0.1881846140018508,0.09957215592677068,1.5,0.05418731828841636,10848.311449980285,10676.754494959534,10897.195747992702,10752.443141795195,0.0,0.0,0.0,0.0,0.0,0.0,nan,0,-0.0010471658119172167,0.0015667717966031947,-0.01975964388357654
8.025278094999521,-0.17110735077715417,0.13863486621867105,1.4780787522469117,1.1467065216509154,0.17664505499955174,0.002681732411242862,0.018812949861792168,-0.0063464973114353875,2.5396012522371043,-0.1881846140018508,0.09957215592677068,1.5,0.04793818266942121,10878.73492057233,10714.05279561874,10922.430746343767,10779.136056798356,0.0,0.0,0.0,0.0,0.0,0.0,nan,0,-0.0029782486927064644,-0.006517841304240601,-0.024085874840677812
8.035788111999864,-0.18116279776129887,0.15471122269607435,1.4976988129611655,1.1267029687818864,0.15997819477701525,-0.0033274296152931565,0.015600855790322946,-0.00765662127452329,2.548920305736596,-0.20779641076335495,0.10975619191431901,1.5,0.052302959724279084,10894.638341898304,10727.625936939668,10927.614437702947,10785.692237376226,0.0,0.0,0.0,0.0,0.0,0.0,nan,0,-0.0027915974416406752,0.004451372023822092,-0.00451629002749665
8.046109679999972,-0.17348188736851666,0.16396092586083807,1.495608318976059,1.133842171490326,0.13772942672425315,0.005376566319653683,0.015681381354168827,-0.012236257125889672,2.5478790781656873,-0.20779641076335495,0.10975619191431901,1.5,0.06430339462457534,10894.638341898304,10727.625936939668,10927.614437702947,10785.692237376226,0.0,0.0,0.0,0.0,0.0,0.0,nan,0,0.01510994852993447,0.008585953640984745,-0.00665880287006404
8.057234618999246,-0.20821966731812827,0.15839256202923824,1.5065342221357039,1.1152748166655646,0.19765951819355287,-0.05430946951072717,0.01650577759542425,-0.007438820234255258,2.550395252920563,-0.22739858687724063,0.11987750928834252,1.5,0.04351937846531822,10862.228472435556,10714.176559259382,10914.24184638279,10765.288802609231,0.0,0.0,0.0,0.0,0.0,0.0,nan,0,-0.009429014883496567,-0.0021045258612033824,0.0042153642458664375
8.067202166999778,-0.20247063771267448,0.16162056223199206,1.5036227967022617,1.1206794064983652,0.13932479346533366,-0.009345745997084036,0.017168723241108998,-0.008954835859059799,2.553421649475931,-0.22739858687724063,0.11987750928834252,1.5,0.04875458721549635,10899.407226025347,10753.036423173135,10927.556947685232,10780.245029602012,0.0,0.0,0.0,0.0,0.0,0.0,nan,0,0.006496609278809046,-0.0040046632926813985,0.0012511380949871143
8.07825044799938,-0.22033378555192606,0.17868514987288822,1.4884800314639315,1.0904518194886825,0.1178637701134162,-0.06671601254727506,0.014246382353253248,-0.009348580654057042,2.557495795986737,-0.24696514714185616,0.1299172540378307,1.5,0.056747218076172105,10880.797145244174,10740.666363044058,10922.721660422607,10770.684778341632,0.0,0.0,0.0,0.0,0.0,0.0,nan,0,-0.0012125587274753324,0.007926752980930263,-0.013946686187559898
8.088564138999573,-0.2315659533192779,0.1655915359492184,1.4795950990905358,1.1030014458297117,0.10398712885661987,-0.041373040189974244,0.016159650602499846,-0.012729726823458217,2.5650649064243285,-0.24696514714185616,0.1299172540378307,1.5,0.0438879202218965,10915.314376148604,10789.06895681166,10976.52374299035,10819.61089581648,0.0,0.0,0.0,0.0,0.0,0.0,nan,0,-0.0023137889198699135,-0.010304077772325615,-0.022892340710797043
8.098846805999528,-0.2276475171165546,0.1700390095819681,1.5009545261961292,1.1376715814659877,0.15552133958942638,-0.011004602905704182,0.012688172480910012,-0.014753473137181979,2.566834044766955,-0.26649185064637276,0.1398679573144968,1.5,0.04919436718325929,10930.295159409578,10812.984414159875,11001.780483220631,10840.553247366866,0.0,0.0,0.0,0.0,0.0,0.0,nan,0,0.011712076623539014,-0.010996876376220266,-0.0016053602944690049
8.10939181699996,-0.249865744387244,0.16821869838340858,1.5138235889338925,1.1512230199910578,0.11464935040946467,0.028168047331540217,0.015122291107623673,-0.012632085224429001,2.562866625860205,-0.26649185064637276,0.1398679573144968,1.5,0.035655063308169234,10912.89005612283,10792.667895810377,10960.72296057158,10810.798494211575,0.0,0.0,0.0,0.0,0.0,0.0,nan,0,-0.00042255335589796994,-0.01795946932045364,0.011180259028303663
8.12018166999951,-0.2610476526031712,0.1861295426225919,1.4764606542932863,1.134511418031391,0.12335108924494276,0.008850688866250789,0.010946010583336961,-0.013861019396063557,2.5696109448684994,-0.2859607082194514,0.14971528942888312,1.5,0.05000758914500459,10859.120923868024,10722.974021140933,10901.103531226738,10761.528514499998,0.0,0.0,0.0,0.0,0.0,0.0,nan,0,-0.001544866481213103,-0.005191836079238843,-0.02626924005942821
8.130399978999776,-0.2687766753327457,0.18007954833965176,1.5152480039676153,1.0980990123679268,0.1475142646035824,0.05902371473560849,0.011108976448167506,-0.015120831031011597,2.560800945621596,-0.2859607082194514,0.14971528942888312,1.5,0.03807598758335741,10871.228983870826,10729.744319514042,10899.903470255236,10772.473700443752,0.0,0.0,0.0,0.0,0.0,0.0,nan,0,0.0007614791709408264,-0.016384902506904386,0.012432804772943173
8.141061182999692,-0.2770199482397295,0.21927355283732122,1.502648878700027,1.1077228637992103,0.13666152839405643,-0.024455826620556485,0.01280712536771126,-0.01763270367047183,2.575340780003556,-0.3053823249753689,0.15945951075617867,1.5,0.06625074039244006,10805.256117670722,10668.633344708729,10834.708125079387,10691.432568911769,0.0,0.0,0.0,0.0,0.0,0.0,nan,0,0.0025291608157889667,0.017667239894617714,-0.0002445495751319804
8.151620747999914,-0.27641442715124814,0.21248958381335376,1.5101432520222022,1.0831274269489521,0.08697118171844032,-0.07072310494648545,0.009473094555827037,-0.01867261390775065,2.5775240040664458,-0.3053823249753689,0.15945951075617867,1.5,0.06127163547991791,10823.662685973632,10690.602415351903,10852.688620607245,10714.799978588453,0.0,0.0,0.0,0.0,0.0,0.0,nan,0,0.013121004224335597,0.00574369165035632,0.007182665054368709
8.162027452000075,-0.31216611674069056,0.21249771726413205,1.501476325566496,1.1537329939901144,0.11059596038123498,-0.03381125453459849,0.013120000093313215,-0.018875683110518657,2.5815464521156413,-0.3247677328577859,0.16910092853304215,1.5,0.04521351057053387,10823.662685973632,10690.602415351903,10852.688620607245,10714.799978588453,0.0,0.0,0.0,0.0,0.0,0.0,nan,0,-0.012669402148876463,0.0006156065605664174,-0.0015458561413890237
8.172340963999886,-0.330596017506212,0.228150230813385,1.495069621726333,1.1471457116213424,0.0764027470765345,-0.013086097882340044,0.006264423577150213,-0.021004864736478602,2.5779088033236097,-0.3247677328577859,0.16910092853304215,1.5,0.05954072246504766,10847.740622113353,10732.332119001812,10905.994863158467,10754.803403802318,0.0,0.0,0.0,0.0,0.0,0.0,nan,0,-0.021163437409242314,0.011136357953455411,-0.008012999507608143
8.18315849999999,-0.30848217029304575,0.2296188659843387,1.489867973798143,1.0925598709211357,0.0949385667715189,-0.010209122404436104,0.007923904387978466,-0.01834214353515944,2.574683513886245,-0.3440876006838364,0.17861985269918476,1.5,0.06301828293700061,10873.490524429139,10713.203211625652,10900.114607567244,10788.139920525404,0.0,0.0,0.0,0.0,0.0,0.0,nan,0,0.010860562034947063,0.007478795897963381,-0.013274652233450368
8.1933743339996,-0.3378083049025281,0.2348932071699685,1.503972136696618,1.1411579925623159,0.11306240830541014,-0.025461651785377633,0.009016617823977374,-0.024373516651669952,2.5917353963751606,-0.3440876006838364,0.17861985269918476,1.5,0.05676176396871623,10873.490524429139,10713.203211625652,10900.114607567244,10788.139920525404,0.0,0.0,0.0,0.0,0.0,0.0,nan,0,-0.008581416844770262,0.007633634633630981,0.0007697905222410206
8.204043724999792,-0.35009138901870956,0.21726498609608252,1.4968975339226156,1.113870928461446,0.0757844407288274,0.023673161776469616,0.008208994092735601,-0.0208630856898098,2.5921921374589947,-0.36330349014001173,0.18799274999694218,1.5,0.032265286579304546,10873.352031095068,10715.52786498295,10897.231029767932,10783.404249013534,0.0,0.0,0.0,0.0,0.0,0.0,nan,0,-0.01100661756244753,-0.015106240412383315,-0.00636408249097653
8.214774581999336,-0.34438779259605523,0.24728218933618654,1.5057348307466543,1.0840203101932606,0.06810174440919559,-0.04457935337185916,0.006411734343967428,-0.02516647038154746,2.5806821185691713,-0.36330349014001173,0.18799274999694218,1.5,0.062497436062843005,10842.4703196057,10688.56105900467,10867.917656698806,10756.607650730806,0.0,0.0,0.0,0.0,0.0,0.0,nan,0,0.004528378782965414,0.00980831524176659,0.0024174954947699945
8.224864935999904,-0.35170017416146837,0.23172297606750009,1.4985970702837987,1.080595968350106,0.0784209427840411,-0.011414644498784559,0.008584528049226003,-0.024516859381466513,2.5978009688637407,-0.38253030924796194,0.19727051815701466,1.5,0.04625405168538009,10847.390889694918,10703.072845379513,10903.782667501924,10767.448754848096,0.0,0.0,0.0,0.0,0.0,0.0,nan,0,0.007020652412801753,-0.010843346423718231,-0.004771509068722146
8.235336648999692,-0.3652538973591736,0.24589625480372287,1.4937944386472297,1.0873946796079896,0.06749518547039635,-0.03394027682569391,0.0038297061844886383,-0.02522391445457568,2.5949129724748223,-0.38253030924796194,0.19727051815701466,1.5,0.05197543327274037,10836.403019412692,10709.642517167083,10901.586077701517,10756.020138971617,0.0,0.0,0.0,0.0,0.0,0.0,nan,0,0.0032445387238644874,-0.001751086896290971,-0.009621904853612362
8.246933990999423,-0.3797391218245479,0.24749844296564294,1.4761629893949886,1.1380131691937811,0.06971756600615364,0.004067161735724984,0.0008722542002859327,-0.023808694547082065,2.5969047660908418,-0.4016502232022938,0.20639117995183862,1.5,0.0523269195601592,10852.204770286475,10728.076880165596,10923.08939546873,10769.28607647617,0.0,0.0,0.0,0.0,0.0,0.0,nan,0,-0.0014904186879408088,-0.00521723090471693,-0.02729885617311245
8.256500969999252,-0.37684906080759417,0.25214074019238764,1.4829670572834603,1.073811116304653,0.0652682696333281,-0.011308451009459744,0.0011725824405471163,-0.0255180813198426,2.6037411535943327,-0.4016502232022938,0.20639117995183862,1.5,0.054756196507032964,10852.204770286475,10728.076880165596,10923.08939546873,10769.28607647617,0.0,0.0,0.0,0.0,0.0,0.0,nan,0,0.01112226921250109,-0.005629293177302375,-0.020539838571030034
8.266966563999631,-0.3822916962574413,0.2682871273854845,1.508630491861154,1.0923487416624984,0.04841597928834995,0.007342393834760819,0.002152885134887439,-0.02728864121323998,2.6022508620191727,-0.42069264179020466,0.21536438740591915,1.5,0.06595403258725266,10870.769172861968,10736.745502376716,10925.08256379819,10777.450082353853,0.0,0.0,0.0,0.0,0.0,0.0,nan,0,0.01537435362191486,0.005478004688470317,0.005078163888228682
8.27774199599935,-0.4302137739453311,0.2679284069909992,1.4900397685881892,1.1080297909236032,0.02198573818048044,-0.002068175206576619,-0.0017463122130456216,-0.029784803868489647,2.6093463881945707,-0.42069264179020466,0.21536438740591915,1.5,0.05433998824284822,10831.154742920262,10695.959269666559,10897.655121686112,10747.309268187742,0.0,0.0,0.0,0.0,0.0,0.0,nan,0,-0.02288108644722381,9.673059357989677e-05,-0.013555603817472894
8.288032364999708,-0.42440763714887586,0.25281920473465325,1.472746631364537,1.0931737321421346,0.056345646286807494,-0.03177286344438554,-0.0029692766306495307,-0.03196586561355674,2.616073081173669,-0.43965600253568826,0.22418483131588593,1.5,0.04236963641613633,10834.564257587228,10684.635699930814,10893.147805663031,10753.914104659163,0.0,0.0,0.0,0.0,0.0,0.0,nan,0,-0.007436549839122841,-0.020017216234967272,-0.030886248181149156
8.298653023000043,-0.4384916608079764,0.2830277489473949,1.4927860220274092,1.078967497078237,0.08357097919046186,-0.04873939831310554,0.0013928986553524668,-0.032354650886386664,2.6155675423624096,-0.43965600253568826,0.22418483131588593,1.5,0.05929490808860797,10874.30995979093,10733.761873323412,10916.60653644328,10779.448171356815,0.0,0.0,0.0,0.0,0.0,0.0,nan,0,-0.011910708295476746,0.005205787871172873,-0.010881921365697433
8.309135814999536,-0.4449422024203334,0.2837513950516754,1.5013186707757247,1.085246004079289,0.05629102670560093,-0.01664180095263383,-0.005377552509768787,-0.031565263985045236,2.6134806941393824,-0.45858386753710634,0.2328678205433813,1.5,0.052696983542837146,10896.24817370956,10756.297057862637,10930.730583175755,10790.75200059822,0.0,0.0,0.0,0.0,0.0,0.0,nan,0,-0.008780250016766022,0.0009645503047424064,-0.002386501882819303
8.319748836999679,-0.46329374449403526,0.2898054401431858,1.4908765025920157,1.0706870853429324,0.03659614401129985,-0.048694276839537615,-0.007021471734924929,-0.034761368923036454,2.6262775868525092,-0.45858386753710634,0.2328678205433813,1.5,0.057855973516958065,10885.702666272437,10739.11981808731,10911.104114400114,10771.732042305382,0.0,0.0,0.0,0.0,0.0,0.0,nan,0,-0.017579873114895506,0.002075754247053585,-0.012867982705018655
8.330595949999406,-0.4565753665738007,0.30077721715729094,1.5072322529180973,1.066306849026729,0.03190158684010125,-0.003930036671369805,-0.009733446189678092,-0.03533868836711175,2.628985211716013,-0.47741203537799837,0.2413791519594409,1.5,0.06336089013244048,10903.395039646944,10759.913791872079,10930.124597935637,10788.340564503576,0.0,0.0,0.0,0.0,0.0,0.0,nan,0,-0.0013388833365079456,0.008128139974720616,0.0034460988072930743
8.3408791009997,-0.4661380280359708,0.3147063783812154,1.5048006041846844,1.0637927145053763,0.012225557344652471,-0.006360876725337097,-0.006569933097651053,-0.030810735403023547,2.6296404871926655,-0.47741203537799837,0.2413791519594409,1.5,0.07434400565476873,10866.45128017293,10728.001571581697,10897.789537907023,10754.892355105683,0.0,0.0,0.0,0.0,0.0,0.0,nan,0,-0.0014084212033871335,0.017162732336851172,0.0009720326517039801
8.351106350999544,-0.4677204399140644,0.2769400017012813,1.4813956852812307,1.0667419011298418,0.051979038435880365,0.021161503439019888,-0.008422155785356522,-0.03515996384175445,2.639196577796942,-0.49615890549863395,0.24972286010827005,1.5,0.04353894403236929,10843.132911319277,10698.910607705455,10890.634527264963,10745.740848267696,0.0,0.0,0.0,0.0,0.0,0.0,nan,0,0.006472695550104268,-0.025472083015442737,-0.022471472431468298
8.361728498999582,-0.49124376331398467,0.3054308358008557,1.5234468125430864,1.071626254402596,0.04010813988757045,-0.017080530735076933,-0.010979996615771443,-0.03692249113887326,2.639118065969973,-0.49615890549863395,0.24972286010827005,1.5,0.06064066454856568,10836.13500234239,10702.24446708319,10867.46577754108,10720.935785719461,0.0,0.0,0.0,0.0,0.0,0.0,nan,0,-0.007616844914710652,-0.001822202894238345,0.019547643792781955
8.372274241999548,-0.4978201253641983,0.31735824777516797,1.508210373166778,1.0591910177062218,0.01934801083849247,-0.054913669444931056,-0.014438468978106486,-0.03904916938858573,2.6402654213085976,-0.5147819445932219,0.2578760333383869,1.5,0.0623958922798531,10818.556845164247,10677.482490051369,10843.08477765529,10698.299729897804,0.0,0.0,0.0,0.0,0.0,0.0,nan,0,-0.004789304923193738,0.005293083396724019,0.004289027163573156
8.382674034999582,-0.5178547003597785,0.32556477701302694,1.5011520006374905,1.060801011128847,0.06637879401739377,-0.014300525953918158,-0.014890093888813075,-0.03463110528057009,2.64361566883296,-0.5147819445932219,0.2578760333383869,1.5,0.06776824443440164,10842.216175053201,10702.077879017357,10868.133308576418,10721.869010827333,0.0,0.0,0.0,0.0,0.0,0.0,nan,0,-0.015450087839588122,0.0087177597520946,-0.0027819921307921103
8.393226629999845,-0.518569015081802,0.3148900115740491,1.5056559695540315,1.0561205911742313,0.030618511135920956,-0.018109173792129313,-0.016770854187356677,-0.04201658515100554,2.650690127311628,-0.5333640098681622,0.2658705430959208,1.5,0.05151495076385859,10854.450386699804,10702.258296938682,10856.287044952907,10716.5120040966,0.0,0.0,0.0,0.0,0.0,0.0,nan,0,-0.00682099585982765,-0.006707087513736498,0.0017169236770306906
8.40362597300009,-0.5165122081503682,0.32000554560527816,1.499798220511596,1.0249138867517562,-0.00797974678750557,-0.05381283941246645,-0.017071528279717436,-0.03896845194321783,2.6579142925399526,-0.5333640098681622,0.2658705430959208,1.5,0.056697640451661785,10847.153227551165,10700.101567561074,10847.353172656589,10704.732355964316,0.0,0.0,0.0,0.0,0.0,0.0,nan,0,0.004548623129223217,-0.006308444652026957,-0.004137424522438815
8.41405347699947,-0.5109791761798074,0.3276454689458532,1.5195337827743756,1.0098876193108015,0.005774249497736417,-0.059821041969760874,-0.019124562364875888,-0.04037662853177323,2.6547808603501637,-0.5518483171623951,0.27367726918882046,1.5,0.07045865411108927,10861.091291437719,10729.598537862636,10889.039542097165,10728.931030277094,0.0,0.0,0.0,0.0,0.0,0.0,nan,0,0.019363579393398278,-0.0033507131792825384,0.015608124669173717
8.425066836000042,-0.5199780009606358,0.33841939483794753,1.5015739814820013,1.038555744186813,0.043254571262045016,-0.10061804229856314,-0.01614491770681989,-0.04063944686620712,2.6517775714856695,-0.5518483171623951,0.27367726918882046,1.5,0.07217851000175302,10856.055021752642,10741.055688640497,10903.910541694482,10726.84712116067,0.0,0.0,0.0,0.0,0.0,0.0,nan,0,0.019615467567319245,0.0027772619222653505,-0.0023378698087597183
8.435194732999662,-0.5518645504926356,0.35580529801118677,1.5044413866739825,1.064558310761206,-0.023300185525660266,-0.06904926574406614,-0.022140750438802922,-0.039987995684271416,2.6625107828223142,-0.5702142758131536,0.2812837487282167,1.5,0.07687587165333754,10910.06968125097,10785.987433922357,10956.691486859128,10768.562583332756,0.0,0.0,0.0,0.0,0.0,0.0,nan,0,-0.00305196159615595,0.01555508334563438,0.0005422353061697027
8.445714448999752,-0.5636056424139492,0.3586373042129291,1.495039369440232,1.0282653627564862,0.027454982363449454,-0.10107616109674286,-0.02010345397290583,-0.04426364683998394,2.668033540301038,-0.5702142758131536,0.2812837487282167,1.5,0.0777936657902304,10925.48247800792,10780.079724263389,10963.874769698446,10796.901652481845,0.0,0.0,0.0,0.0,0.0,0.0,nan,0,-0.005605909421126043,0.013818523600623245,-0.008853398349031316
8.456154494999282,-0.5841667182182207,0.34147738282211204,1.5089185841706703,1.0063083271270978,0.004253570096812376,-0.02384054024278242,-0.022530173116193545,-0.03999664688420442,2.6687450782968125,-0.5884808198838647,0.2886941162659711,1.5,0.05370498901524393,10925.48247800792,10780.079724263389,10963.874769698446,10796.901652481845,0.0,0.0,0.0,0.0,0.0,0.0,nan,0,-0.017012176658606548,-0.00786881500673503,0.0050215034655811674
8.466821026999241,-0.5957953420103609,0.3428562642666344,1.4946962820018757,1.0105459731560145,0.019238444881441774,0.00032237240959490793,-0.022155333245461657,-0.04593077319293052,2.672408358867967,-0.5884808198838647,0.2886941162659711,1.5,0.054910563051096,10931.08370722339,10783.969194475507,10958.625501846493,10788.098839696751,0.0,0.0,0.0,0.0,0.0,0.0,nan,0,-0.01951855151333859,-0.010974751908648162,-0.009215351413936146
8.477198621999378,-0.5790442127134262,0.3461143102341746,1.4971073078007526,0.9952840879371243,0.010591247395916326,0.008074608408890196,-0.02744416645383491,-0.04296640342194965,2.679735051730381,-0.6066702825193123,0.2959132186535004,1.5,0.057373486881751555,10902.565790700819,10751.120131195563,10924.142264379476,10745.936175696801,0.0,0.0,0.0,0.0,0.0,0.0,nan,0,0.006322217110644401,-0.012157732476748173,-0.00682249486324471
8.487976849000006,-0.5905193149297724,0.3694157069590038,1.5128979984214093,0.9898002213170011,-0.034396296084656774,-0.056812349837080625,-0.027761749914956935,-0.045454392114489275,2.679010508437976,-0.6066702825193123,0.2959132186535004,1.5,0.07635330971515057,10870.816775104773,10729.090353590043,10894.031563778977,10708.768093577264,0.0,0.0,0.0,0.0,0.0,0.0,nan,0,0.0039040754060076788,0.006747631645793173,0.00895233403524709
8.49885445899963,-0.5985520673187438,0.35800498575599515,1.5038928369592208,1.030444841113058,-0.010107257375915113,-0.038135071902210986,-0.030368384980433365,-0.04881090031050633,2.6875675091605133,-0.6247288529547265,0.30291591885340974,1.5,0.06111614825903869,10869.52625114689,10726.777220997863,10917.53802053462,10721.466101558719,0.0,0.0,0.0,0.0,0.0,0.0,nan,0,0.0048954205750563196,-0.009012767524585241,-6.44568221437325e-05
8.508903414000088,-0.6208305595164697,0.362251681112603,1.511881192549405,0.9729299013932184,0.025673047135488902,-0.09241212245333473,-0.034837933092822966,-0.04529699704451331,2.698219857494097,-0.6247288529547265,0.30291591885340974,1.5,0.06063903125055916,10874.683300590395,10725.150665818144,10908.678419581476,10721.53909998445,0.0,0.0,0.0,0.0,0.0,0.0,nan,0,-0.008392088776506545,-0.00906793242331394,0.007915989986564398
8.519448258000011,-0.6467222853471268,0.3700583080392808,1.5143754859764504,0.9748133398026546,0.0018125334017201622,-0.049193224474373416,-0.030787705411717114,-0.047118536175250976,2.6955560400758163,-0.6426861346859298,0.3097102671967895,1.5,0.06216776610709123,10917.540813966942,10772.61827133869,10931.636742590154,10740.57484211649,0.0,0.0,0.0,0.0,0.0,0.0,nan,0,-0.025326267174851758,-0.005513766710732559,0.010403166752798176
8.529714557999796,-0.6253713381561741,0.3702369497637963,1.5077282344095007,1.0142913433975222,-0.039806211872286834,-0.04326249046464395,-0.03547151640832213,-0.048302118306338106,2.7023831641475824,-0.6426861346859298,0.3097102671967895,1.5,0.06342717941483945,10910.538600714557,10763.19000913647,10918.463349775735,10730.598714024252,0.0,0.0,0.0,0.0,0.0,0.0,nan,0,0.004948500962268398,-0.009536660477262593,0.0037477321998167223
8.5402884669993,-0.6406878644453231,0.3775864345663921,1.4902579257725286,0.973850194382565,0.009851677156081817,-0.036789977581576316,-0.028867385967745237,-0.05129195072082904,2.70490581949489,-0.6605330162578251,0.31628912731018544,1.5,0.06516208972690045,10904.941130523559,10743.534887395532,10916.291707155935,10732.709248417203,0.0,0.0,0.0,0.0,0.0,0.0,nan,0,-0.0014781252879131346,-0.006336438966767499,-0.013730289644950933
8.550855267999395,-0.6559053814807669,0.3893080647004637,1.521923322683257,0.9864620475893012,-0.023117005088983178,-0.05579271516380097,-0.041032436055874005,-0.050656854369124836,2.7177442017781166,-0.6605330162578251,0.31628912731018544,1.5,0.07637939708265196,10908.964263646645,10754.945161086926,10923.285726230348,10733.26280500453,0.0,0.0,0.0,0.0,0.0,0.0,nan,0,-0.007839906596611379,0.001289607962713657,0.01792795188045737
8.561247163999724,-0.6382130279206099,0.3990670342618447,1.486477313809291,0.9756015499023106,0.014455084162270815,-0.04693757531505431,-0.04080717461640601,-0.05070228084135767,2.7124532309174465,-0.6782629494295666,0.32264664216450656,1.5,0.08733232839559979,10908.964263646645,10754.945161086926,10923.285726230348,10733.26280500453,0.0,0.0,0.0,0.0,0.0,0.0,nan,0,0.018673785393255482,0.007008044718064932,-0.017524051314429023
8.572178989999884,-0.6708740862286248,0.3850358559716076,1.5115293731771182,0.953266973053909,0.01425428533376738,-0.006175403549520057,-0.03889856345878875,-0.04813433657426024,2.722151432886217,-0.6782629494295666,0.32264664216450656,1.5,0.06387437471105023,10923.71105343747,10765.174582209143,10928.34497237401,10738.402005307036,0.0,0.0,0.0,0.0,0.0,0.0,nan,0,-0.00520061481891998,-0.011007175413241754,0.0075223486694950825
8.58246249900003,-0.6898506813536328,0.40734075344524273,1.5113390904609814,0.9475509892174722,0.005198688456143907,-0.11034032132892876,-0.042540633282117594,-0.05309952513042486,2.723104059758391,-0.6958786882036646,0.3287804330092478,1.5,0.0796029885498814,10893.339191636816,10732.64089892916,10889.631919906116,10693.88582621339,0.0,0.0,0.0,0.0,0.0,0.0,nan,0,-0.015425439658489748,0.007371449211775294,0.007328570036559956
8.592857206999724,-0.6677566336958892,0.4089347733303856,1.511105794690756,0.9771192646747793,-0.04558165053361396,-0.06643163171380137,-0.04418100068191086,-0.05201565226525835,2.7270787217856975,-0.6958786882036646,0.3287804330092478,1.5,0.08566742028197351,10941.327810368944,10779.811247013902,10932.50329553307,10736.277952892937,0.0,0.0,0.0,0.0,0.0,0.0,nan,0,0.01538518633624164,0.0050983917112987776,0.007092944043412208
8.603669725000145,-0.6788882885546342,0.40277626809441414,1.5252645625643908,0.9372844328784982,-0.0016323922634533528,-0.05302201707330618,-0.041704215250343644,-0.0539769167568936,2.7265875370026693,-0.7133719661918003,0.3346843614346981,1.5,0.08039856900162767,10938.810787190125,10765.413202444664,10946.369270278137,10746.942623869823,0.0,0.0,0.0,0.0,0.0,0.0,nan,0,0.012934509488441326,-0.004866409554323103,0.02124654175982843
8.613802709000083,-0.7013087827532735,0.41072370846813344,1.5280367206480605,0.9264352819740396,0.00804954369205202,-0.04607718043487221,-0.04665043271184891,-0.05538490875356582,2.734003738820607,-0.7133719661918003,0.3346843614346981,1.5,0.0819363191548177,10938.810787190125,10765.413202444664,10946.369270278137,10746.942623869823,0.0,0.0,0.0,0.0,0.0,0.0,nan,0,-0.0008408331476521536,-0.0006632699167439804,0.024012701694288596
8.62428417999945,-0.7276510530702578,0.42022474785101266,1.5100491730609087,0.9278420051797474,-0.04536148830570508,-0.04791198780017136,-0.047956372432399294,-0.0574713767295655,2.7430263455774724,-0.7307781323593441,0.3403666594828808,1.5,0.08054861129715819,10897.503720935661,10724.059356789461,10910.012840482743,10684.70905141763,0.0,0.0,0.0,0.0,0.0,0.0,nan,0,-0.018573937630699366,0.0051565253109853715,0.006022519325447506
8.634958246999304,-0.7274691820458369,0.41969148812912876,1.4985629647910255,0.9416135554632616,0.01918576272273753,-0.04843046493961991,-0.049347238555944584,-0.05043292804043208,2.7455416488960456,-0.7307781323593441,0.3403666594828808,1.5,0.07940681747888964,10894.501268677555,10718.344139737643,10913.846234942202,10691.449281163077,0.0,0.0,0.0,0.0,0.0,0.0,nan,0,-0.009819115859308392,0.0010062513125881911,-0.005460907004694482
8.64537833399936,-0.7124578616116871,0.43885926963165617,1.5270577585410108,0.885588094578083,0.015530306340988287,-0.01692598106139953,-0.051622830243823435,-0.053421490174160965,2.7510298072653634,-0.7479726400641131,0.34578449234322717,1.5,0.1032295304313606,10926.80490733463,10732.165412605733,10919.353805778052,10704.976699695988,0.0,0.0,0.0,0.0,0.0,0.0,nan,0,0.013728593034244119,0.016622632919832903,0.02304060346492176
8.655840791999253,-0.7336019269021598,0.426121359088231,1.510114543611132,0.9185390181890072,-0.02011920088343233,-0.08426606731212363,-0.05294534574751951,-0.0568653007052981,2.752025838102932,-0.7479726400641131,0.34578449234322717,1.5,0.08223644902139887,10883.064300123595,10703.743720287335,10886.572821646689,10656.681726012841,0.0,0.0,0.0,0.0,0.0,0.0,nan,0,0.0010841255168433372,0.00040005853655400436,0.006110323574636478
8.666435774999627,-0.7342835322337474,0.4308759542321326,1.5228526831155529,0.9077476032428847,0.024062147445572335,-0.07229615772887193,-0.05022761418989423,-0.057441212790377345,2.7702539507084234,-0.7650777342359829,0.350974278603487,1.5,0.08862734211742816,10919.070378795237,10730.636983996725,10925.313634521495,10688.546728369733,0.0,0.0,0.0,0.0,0.0,0.0,nan,0,0.0088650240852447,0.0017379645405897204,0.018867882694587834
8.677002595999511,-0.7590824770500502,0.4287628934874325,1.4795329548972374,0.9108179776785305,0.006589662695948961,-0.07984823298682793,-0.054253427281389446,-0.05343966498781554,2.772338628434359,-0.7650777342359829,0.350974278603487,1.5,0.08065923164478314,10923.74410161742,10744.926638865396,10921.239228591705,10686.799475946873,0.0,0.0,0.0,0.0,0.0,0.0,nan,0,-0.007508932011376257,-0.0037223619982837963,-0.02442904353802544
8.687714359999518,-0.7818530484280606,0.4463874384496708,1.49888584696955,0.9218230628070481,-0.01676123990639422,-0.05537742827764007,-0.05517545652444569,-0.06368642381657529,2.769911605357845,-0.7820760516748904,0.3559268354541417,1.5,0.09046773878979228,10984.627850971154,10793.399169550472,10965.943042425384,10735.787703595515,0.0,0.0,0.0,0.0,0.0,0.0,nan,0,-0.021892522788229618,0.010625909211565754,-0.005054941083247888
8.698041109999394,-0.7536345377066159,0.4497151307030266,1.5034689871569853,0.9134439387484324,-0.02576790970431042,-0.0628914314088371,-0.05336010156402484,-0.06151516465307057,2.781440139744257,-0.7820760516748904,0.3559268354541417,1.5,0.09806731318025838,10984.47844861688,10779.302448823579,10963.00364559255,10737.383850250952,0.0,0.0,0.0,0.0,0.0,0.0,nan,0,0.014674493097346808,0.010749797619503898,-0.00045612533383065923
8.708393766999507,-0.7606317794945314,0.4372915633370131,1.5059588650741602,0.8915708008958785,-0.021468943931593265,-0.05038534101300411,-0.057933514816194256,-0.0573363193318659,2.7826148902497456,-0.7989113595724142,0.36062318403757665,1.5,0.08590037664826237,10977.847426164699,10768.706154469563,10973.300717101669,10739.991929093783,0.0,0.0,0.0,0.0,0.0,0.0,nan,0,0.01598695640787473,-0.004803967158235112,0.002044433659813105
8.718906815999617,-0.7875211889393532,0.4529874177637527,1.5253195338906427,0.8937334862206265,0.009488430975439832,-0.06487698386364296,-0.0553725027914749,-0.058664296616440834,2.7949902873229986,-0.7989113595724142,0.36062318403757665,1.5,0.09644670266687878,10964.241000330654,10760.676425921929,10968.651687030522,10729.806117942555,0.0,0.0,0.0,0.0,0.0,0.0,nan,0,-0.002631864813453233,0.00783637322478481,0.021411845058767698
8.729662095999629,-0.8100385269495788,0.4439352508541809,1.5155059979504588,0.870712404485008,0.008402441213030132,-0.016811522761669397,-0.05625668386420212,-0.059043827679358035,2.7930217514724087,-0.8156018992391045,0.36506655174508773,1.5,0.08057083084362585,10956.697403411821,10743.277893708928,10951.443935626437,10714.883592751645,0.0,0.0,0.0,0.0,0.0,0.0,nan,0,-0.016918012655754766,-0.004195655181774616,0.011603352585283
8.740196669999932,-0.8039149248426839,0.4613967808627227,1.5111437325153303,0.8808443257203653,0.02727080177344443,-0.08444830872309923,-0.059507747234832646,-0.05866993761631108,2.796988859434653,-0.8156018992391045,0.36506655174508773,1.5,0.09767436299649906,10927.263638967795,10709.55822886022,10913.995858732636,10676.363143977593,0.0,0.0,0.0,0.0,0.0,0.0,nan,0,-0.0026028193814492395,0.010362431608372746,0.007249043020098878
8.750459399999272,-0.7940248412718388,0.45451446782148514,1.5136892283795116,0.8635430169825863,-0.03804151770620712,-0.023929113222161492,-0.06132176957505544,-0.05582540495105212,2.8113868222783944,-0.832159145963299,0.36925759995695073,1.5,0.09439466979654214,10965.387690045101,10735.133679014965,10941.077491360782,10697.13767634731,0.0,0.0,0.0,0.0,0.0,0.0,nan,0,0.01543889649525032,0.0006541542137736278,0.009805887867960994
8.760926784999356,-0.8115992632407083,0.4422312332847795,1.5222839741070384,0.8713783663536899,0.013674126679096066,-0.05186033849543267,-0.06145222644033485,-0.06253907157499305,2.8053097525415738,-0.832159145963299,0.36925759995695073,1.5,0.0790217403037559,10930.11975274208,10707.125748891047,10925.101638019185,10678.981588664834,0.0,0.0,0.0,0.0,0.0,0.0,nan,0,0.005975758306552059,-0.014376490109244355,0.018415349886443
8.772634545999608,-0.8165969220916213,0.47250651805131455,1.5137936568297135,0.8680910879092016,-0.002391882174950122,-0.06755761955288633,-0.06312342904646533,-0.06435834305044517,2.819114434570293,-0.8485614171329235,0.37318866945575535,1.5,0.10524271452994625,10931.143607147727,10698.782442528216,10917.532920394724,10657.786003986972,0.0,0.0,0.0,0.0,0.0,0.0,nan,0,0.009048748497239911,0.013230751133408103,0.009946166131525436
8.782070948999717,-0.8416054726461255,0.4720035111971971,1.4930255641236407,0.855875299996046,0.02532671068376835,-0.0643458887370498,-0.06443082141113529,-0.059768394728445716,2.8218346123752274,-0.8485614171329235,0.37318866945575535,1.5,0.09930458633861296,10941.35952484992,10710.370644714469,10931.523592338706,10671.02828138273,0.0,0.0,0.0,0.0,0.0,0.0,nan,0,-0.007930207143509338,0.010140122614409663,-0.010794654948347082
8.792435211999873,-0.8527696169243024,0.4750983252003978,1.4992132227013448,0.8764464851069109,-0.0041975076210157836,0.01933689789340061,-0.06769393300904286,-0.06311650024420727,2.825474766851766,-0.8648258149663448,0.37686179468429126,1.5,0.0989766985587444,10981.642517550537,10736.28464638271,10958.065610047051,10696.759629336837,0.0,0.0,0.0,0.0,0.0,0.0,nan,0,-0.011106372733512893,0.010729056696177242,-0.0045773375614039935
8.803059260999362,-0.8469768785520283,0.4701652424358431,1.5186849298126774,0.8441115548718593,0.014746215067236945,-0.09410802904199249,-0.07014212312171746,-0.06002193233198981,2.8322039403694514,-0.8648258149663448,0.37686179468429126,1.5,0.09681551784478334,10942.923889674776,10679.626591162683,10910.061756455274,10658.352054733497,0.0,0.0,0.0,0.0,0.0,0.0,nan,0,0.0026323686871193575,0.003372676256415741,0.014928220559655037
8.813548550999258,-0.8830293813329843,0.469807931619127,1.5087336383171386,0.8005458195350126,0.004378020057698551,-0.02193702452013082,-0.07222443978939239,-0.06484745771300136,2.8366858283102396,-0.8809459717064805,0.380273262024679,1.5,0.08998374349466337,10980.124757175661,10711.735890069001,10942.717415307718,10681.76426228922,0.0,0.0,0.0,0.0,0.0,0.0,nan,0,-0.025516510420699468,0.0006755298384497066,0.005016051116478959
8.824281303000134,-0.8729978438981386,0.47293282924118063,1.5224273676691196,0.8159811159961086,0.05320592011970021,-0.08078159359553089,-0.07276737340427666,-0.06397387940282148,2.851215486950057,-0.8809459717064805,0.380273262024679,1.5,0.09566585050566892,10959.450062120162,10698.62837007828,10924.493517321374,10651.090063469379,0.0,0.0,0.0,0.0,0.0,0.0,nan,0,-0.007624218318134313,0.0015450561529133378,0.018753499724994738
8.83459960699929,-0.8924522324680562,0.476086131191045,1.4776332931648473,0.7736076141506378,0.012908858188855177,-0.07609796062647024,-0.0696118420827754,-0.06526083004622918,2.8549537414764834,-0.8969056759324898,0.38341785548125595,1.5,0.09543328589316229,10983.928539604018,10724.025245577828,10932.738941557684,10651.010526015274,0.0,0.0,0.0,0.0,0.0,0.0,nan,0,-0.019261181061410726,0.0025283270458767992,-0.025991741386189426
8.845392915000048,-0.8916031581924055,0.4769937804292887,1.4994265079644236,0.7776424888465661,0.011817736018676528,-0.03302687592275809,-0.07509619450802135,-0.06436302538683437,2.8662058044717913,-0.8969056759324898,0.38341785548125595,1.5,0.09372779372938762,11021.284915790646,10781.881367210108,10988.43780987782,10692.447034203138,0.0,0.0,0.0,0.0,0.0,0.0,nan,0,-0.010638737558248068,0.0013526665361265344,-0.0041502664930834765
8.855739210999673,-0.8885803444398794,0.46701269501496756,1.4870023897860225,0.8465919483771197,0.03903839468831405,-0.038101313708746025,-0.07443383540057452,-0.06329664635242338,2.8682204727413514,-0.912711361806985,0.38629528729457063,1.5,0.08524402489058594,11004.680631529522,10769.266658017605,10980.33315185519,10669.893254389044,0.0,0.0,0.0,0.0,0.0,0.0,nan,0,0.00011277160439204792,-0.01062392660726258,-0.016529359194383142
8.866585554999801,-0.9019223152379898,0.47808963337416094,1.5039013711355105,0.7877566359242417,0.004237577873475895,-0.07546222077456707,-0.07851483963828479,-0.06514048420014824,2.871351093653262,-0.912711361806985,0.38629528729457063,1.5,0.0925085195794665,11023.83174117242,10768.66667385312,10969.57064085065,10678.341554790724,0.0,0.0,0.0,0.0,0.0,0.0,nan,0,-0.005545647872377435,-0.0014539783467127365,0.0004124236702454098
8.877020102999268,-0.8919355973421799,0.47603458413553035,1.5155456715960232,0.8148483519094657,0.014846455954551863,-0.035467509886521295,-0.07451036147902558,-0.06673869023871237,2.8775442282333725,-0.9283629260170678,0.3889038551315124,1.5,0.0957098851557734,11036.853169223115,10774.186282712273,10993.81737694433,10690.43782129338,0.0,0.0,0.0,0.0,0.0,0.0,nan,0,0.012078893094928156,-0.005326602199549557,0.012095744543142661
8.88743740099926,-0.8971801886027133,0.49081731955402413,1.5176178307867525,0.7480365989152685,0.03452142216916543,-0.10382587011932312,-0.07583419459268091,-0.061381332805668175,2.8867532929741215,-0.9283629260170678,0.3889038551315124,1.5,0.1080236330849958,11004.064398875666,10736.502518913958,10968.488085738052,10663.12560704861,0.0,0.0,0.0,0.0,0.0,0.0,nan,0,0.014425946947966506,0.007728523592025194,0.01420494196442701
8.897636290999799,-0.9164389051990736,0.47514260341006426,1.5008200748673222,0.7563641625285636,0.035143414738666834,-0.038139887744170764,-0.07988952201813916,-0.06596182438534196,2.8940471992136207,-0.9438348169720191,0.39123823013296655,1.5,0.08826750455111766,11027.17508758658,10767.698095336958,11009.380418710365,10682.325975157142,0.0,0.0,0.0,0.0,0.0,0.0,nan,0,0.002712165369478492,-0.009583171184926687,-0.002557700485541492
8.9082234159996,-0.9449890289807925,0.4938132467025709,1.4741560754034446,0.7631138350647337,-0.0012751944560240314,-0.03835945059334592,-0.07868381308188725,-0.068719436445385,2.8949011335970853,-0.9438348169720191,0.39123823013296655,1.5,0.1057869305168093,11014.775822521244,10764.255942996688,10995.902235880001,10661.271258051816,0.0,0.0,0.0,0.0,0.0,0.0,nan,0,-0.01834032249806339,0.007541865797717595,-0.029189723474582818
8.919034406999344,-0.9260014902321152,0.48771431727315406,1.5033640419193113,0.7255835600480135,0.03940984956989124,-0.0991417606607124,-0.0794837092662163,-0.062480813611070926,2.9053069892332473,-0.9591422717110598,0.39329991102522416,1.5,0.1001184712339296,11031.25754337413,10764.374352826186,11022.486226578261,10680.911675907293,0.0,0.0,0.0,0.0,0.0,0.0,nan,0,0.008097005945073343,-1.0679646475053595e-05,4.67713614118459e-05
8.929267554000035,-0.9453609297442096,0.4716308515691512,1.492608933501446,0.7317597331880441,0.016367942833426075,-0.0361666271418816,-0.07728230263984599,-0.06798708155388705,2.911512396039699,-0.9591422717110598,0.39329991102522416,1.5,0.07987671435962763,11059.30425729632,10800.596612860652,11052.834326373944,10705.078713892783,0.0,0.0,0.0,0.0,0.0,0.0,nan,0,-0.003861202949636544,-0.01745484140865544,-0.010687350548821195
8.939863736999541,-0.9428274711532497,0.4966679425435481,1.5079737826415835,0.7356439224868518,0.016632830551746747,-0.027856368328469768,-0.08040532492796311,-0.06604498322744459,2.9214742641413243,-0.9742999274252873,0.39508935521860955,1.5,0.1066410151693086,11043.196229303077,10779.202481663066,11047.769798324438,10683.67765216901,0.0,0.0,0.0,0.0,0.0,0.0,nan,0,0.006024360852932897,0.006315077387532175,0.004689944981491001
8.951664227999572,-0.9684104962394258,0.4873136247757776,1.5036968327727775,0.7228022580295181,0.04312131774694905,-0.11436906874281909,-0.08341874406963147,-0.0642997401911448,2.9365886457417822,-0.9742999274252873,0.39508935521860955,1.5,0.0924860414743548,11043.196229303077,10779.202481663066,11047.769798324438,10683.67765216901,0.0,0.0,0.0,0.0,0.0,0.0,nan,0,-0.012255995472244874,-0.004212819591354777,0.00042117140879227577
8.9617149529995,-0.9563841157029944,0.4830048018827454,1.4938327039953925,0.7511653598966461,0.0678795394663772,-0.06362198383408099,-0.08625241665371403,-0.06818175541243116,2.9344858928611983,-0.9893002401213062,0.3966039640904146,1.5,0.09266397119672184,11010.414566163829,10744.560929706262,11020.177790573742,10659.736532834882,0.0,0.0,0.0,0.0,0.0,0.0,nan,0,0.007023050139582709,-0.00960104631555797,-0.009440606187564482
8.971605474999706,-0.96224913811126,0.49290618277194714,1.4943555826313604,0.7228200085952221,0.07549785504247353,-0.06896688783632479,-0.08119930756395462,-0.06972595736610568,2.9381250217384216,-0.9893002401213062,0.3966039640904146,1.5,0.10018851675903305,11083.758080667796,10796.767039342016,11047.476627024636,10699.723767350271,0.0,0.0,0.0,0.0,0.0,0.0,nan,0,0.0083600097400921,-0.0006840998966013978,-0.008925355571183236
8.982436094999684,-0.9755137133376358,0.5013603840774078,1.4909298270866442,0.7127056323423123,0.05806151236472626,-0.089135928166685,-0.0856812291661514,-0.06825339005313168,2.9460010003129997,-1.004081279209743,0.397837576814041,1.5,0.10777451220127858,11098.526252909931,10800.986541724234,11058.591703746652,10693.877842982167,0.0,0.0,0.0,0.0,0.0,0.0,nan,0,0.0022462149047637325,0.00688107401286725,-0.012369555412651279
8.992785823999839,-0.9877616568462239,0.49229414221366297,1.4940209743809167,0.7140053841649942,0.06714985224782904,-0.07462636466624105,-0.08665864364657071,-0.06921328495279416,2.9538543654102245,-1.004081279209743,0.397837576814041,1.5,0.09604229052107507,11122.890863982446,10822.174170361357,11082.661025917134,10715.670435852753,0.0,0.0,0.0,0.0,0.0,0.0,nan,0,-0.002902752663608066,-0.0029782249600345256,-0.009310311305497976
9.00302289999945,-1.009642063025814,0.5158330016542101,1.5134040053177034,0.7153973372290492,0.0567614298612103,-0.07834004114712408,-0.08750692165918744,-0.06614590546703011,2.9557958940584985,-1.0187223653160709,0.39879646420596554,1.5,0.1181510488574427,11134.937605202602,10820.302180873497,11086.03700880316,10715.278935221719,0.0,0.0,0.0,0.0,0.0,0.0,nan,0,-0.01773656809823454,0.019864024075602726,0.010025103408757507
9.013764178999736,-1.0008838728873997,0.5025249022676154,1.4963160292250777,0.6704853375367033,0.06369781050305773,-0.042873822768974,-0.0856573228580124,-0.06757184097607476,2.9647610613812945,-1.0187223653160709,0.39879646420596554,1.5,0.1053155843904774,11129.743038127745,10793.88408555125,11075.09933036733,10717.946305716161,0.0,0.0,0.0,0.0,0.0,0.0,nan,0,-0.001984604380282251,0.005955901073507519,-0.007125493450273357
9.024227776999396,-1.0008899025798015,0.5140355655584966,1.500069764209957,0.6800548170708962,0.06732126433696739,-0.060014221009377824,-0.08213593022834291,-0.06319941916371602,2.9786415003502955,-1.0331702487136623,0.39947611072708256,1.5,0.11902056252949592,11111.784912626157,10773.087483526611,11072.493163206993,10691.562656408338,0.0,0.0,0.0,0.0,0.0,0.0,nan,0,0.004949981617107246,0.016963044229062696,-0.003446867692401101
9.034339224999712,-1.0067679264299652,0.507433618539388,1.5011787239088932,0.6853307414640187,0.07774168155661458,-0.024342838410825334,-0.09049350398501496,-0.06828604865799737,2.9803515270000536,-1.0331702487136623,0.39947611072708256,1.5,0.11114538004374984,11103.276870233129,10769.153209438826,11073.994986156033,10695.835902554947,0.0,0.0,0.0,0.0,0.0,0.0,nan,0,0.005959034984158507,0.009954034643992138,-0.0024238310051136747
9.045348904999628,-1.0370618847259303,0.4774943294615402,1.5030995367703046,0.6643691627744729,0.05796231335672243,-0.025948045930305613,-0.0884830099302,-0.06883790858822236,2.9969896063944956,-1.0474489379558465,0.3998774073492188,1.5,0.07837017673312821,11083.846921443468,10735.13531120684,11047.897578550323,10660.290386940293,0.0,0.0,0.0,0.0,0.0,0.0,nan,0,-0.017501696086890117,-0.02029606501870701,-0.0005968541081751155
9.055487971999355,-1.01432020678379,0.4934972656784005,1.4946961846618572,0.6566347518464706,0.06383521580603532,-0.0715965609149504,-0.0906315703520551,-0.06465947180097999,3.007041953922621,-1.0474489379558465,0.3998774073492188,1.5,0.09945009381487564,11062.55299365871,10716.318727694388,11020.039746200877,10636.7084701171,0.0,0.0,0.0,0.0,0.0,0.0,nan,0,0.012019147208527592,-0.0045081058852427525,-0.009097266212295674
9.06630135999967,-1.0337002634510883,0.49627093612424916,1.5205674129153903,0.611573506470663,0.07829611184842537,-0.022962897277835133,-0.08755394131330764,-0.06730085771709735,3.009518343191917,-1.0615406556653468,0.3999994482516625,1.5,0.10230496219576796,11088.093941728974,10741.801410805954,11051.340801874863,10658.270457435923,0.0,0.0,0.0,0.0,0.0,0.0,nan,0,-0.0006362751465158745,-0.0018535400964930782,0.016673242450029324
9.076627753999674,-1.0250106956518572,0.49427786649114513,1.52860521006227,0.6643610567600118,0.04732546748151792,0.02416380523671336,-0.09206661896357271,-0.06704795234669315,3.016214630435668,-1.0615406556653468,0.3999994482516625,1.5,0.1050767156273575,11040.704186337302,10709.464426167298,11022.108260273986,10607.980071542803,0.0,0.0,0.0,0.0,0.0,0.0,nan,0,0.014723036857969607,-0.0038700348372724402,0.024608178625215693
9.087017144000129,-1.0345089174488638,0.4760955587554727,1.5030897953775866,0.6380605689202241,0.0998334799352184,-0.04184346711862629,-0.08947436004780485,-0.06489743910276338,3.0284735043399187,-1.075440355114755,0.39984245177898003,1.5,0.08659945582069521,10974.378878604412,10621.10502796912,10962.446867347537,10541.452303745862,0.0,0.0,0.0,0.0,0.0,0.0,nan,0,0.01183977561094629,-0.021981151759920825,-0.0010021921489067331
9.09727254399968,-1.037719116628082,0.49761883054638717,1.5394949201637675,0.6463865528018673,0.07026180024791676,-0.04322105976392793,-0.09117088797688627,-0.06429463230325462,3.040722933960404,-1.075440355114755,0.39984245177898003,1.5,0.111995360602921,10974.378878604412,10621.10502796912,10962.446867347537,10541.452303745862,0.0,0.0,0.0,0.0,0.0,0.0,nan,0,0.01518956563475804,-0.00029259186021607375,0.035319938992404154
9.10821966200001,-1.0437276447100825,0.49076385604804407,1.4991045880873182,0.6401136930784616,0.09261011528760041,-0.06290035130988822,-0.09503426238919192,-0.06292899467884215,3.0593266394108687,-1.0891335787723544,0.39940745790860177,1.5,0.10202201768036669,11002.639167340538,10653.079655432508,10974.433481394812,10554.627899847765,0.0,0.0,0.0,0.0,0.0,0.0,nan,0,0.015685656015882676,-0.0068883154663130775,-0.005141705049170886
9.11873906099936,-1.066848062157176,0.4981324131546036,1.5150569990700895,0.6445661000241625,0.10028120124137888,-0.05551226804087311,-0.09391128580609898,-0.06175425699903654,3.0585717073280905,-1.0891335787723544,0.39940745790860177,1.5,0.10232289216068478,11030.958730926219,10673.234595019947,10989.424686903118,10584.574637979873,0.0,0.0,0.0,0.0,0.0,0.0,nan,0,-0.0009860078957164564,0.0008334776218841267,0.010748767931938241
9.129082774999915,-1.07688748888112,0.5088846975574504,1.5469869045167577,0.6239264599662255,0.09359295056731382,-0.035644797490681515,-0.08830211591977051,-0.06394828524337205,3.066507346435323,-1.1026829886005807,0.3986918521439284,1.5,0.12253832128020994,11055.238271768432,10671.766913625686,10996.966039677021,10597.43454063945,0.0,0.0,0.0,0.0,0.0,0.0,nan,0,-0.004633145095466196,0.012033173928863161,0.04262164391045187
9.139608441999371,-1.0927669244469704,0.5120261308576598,1.5129754598229432,0.6198641582299005,0.07799258128681827,-0.03188549904634497,-0.09186653550576593,-0.05869795535660975,3.0690284817006157,-1.1026829886005807,0.3986918521439284,1.5,0.11450480172236045,11014.829801273678,10626.451168942956,10965.994552940496,10566.274747688167,0.0,0.0,0.0,0.0,0.0,0.0,nan,0,-0.014176964697784955,0.015715668493044344,0.0085605996451259
9.150344259000121,-1.0741133004953753,0.4938657191633957,1.4989040151526885,0.608837433349433,0.12703170017724333,-0.06070196274160304,-0.09099530043838319,-0.0592273353142843,3.083432452829173,-1.1160179572349045,0.39769897282120864,1.5,0.104905884207159,11024.1310916306,10611.992173162958,10981.846227144211,10580.909885264182,0.0,0.0,0.0,0.0,0.0,0.0,nan,0,0.010755401936558773,-0.0018106019213210423,-0.0055504391650607054
9.160514082999725,-1.0876978829122614,0.5049720481311213,1.4786436747029812,0.6224187962653774,0.11714300286544227,-0.0677264660956719,-0.08866346302688567,-0.05886327258269028,3.087734587223203,-1.1160179572349045,0.39769897282120864,1.5,0.11298509603606266,11065.680427777414,10657.827665420284,11010.951730526474,10610.429555520004,0.0,0.0,0.0,0.0,0.0,0.0,nan,0,0.0033921292021013016,0.010022979014217615,-0.02584435881622671
9.171145513999363,-1.0999316200169198,0.4796442148887173,1.5020249114158857,0.6334417370509801,0.135532311941643,-0.06836582101990013,-0.09486088410742159,-0.06162422431554833,3.105739578057492,-1.1291695530325732,0.3964273575719504,1.5,0.08822699323307552,11122.400894634911,10698.481209271044,11064.750283678346,10661.793696142991,0.0,0.0,0.0,0.0,0.0,0.0,nan,0,-0.0026785131759345937,-0.014484116166370076,-0.0024986277335157236
9.181428842999594,-1.088201096392935,0.498711637930493,1.4827278510071944,0.6209494258145197,0.12127573748781927,-0.03458406914991811,-0.08926865863696386,-0.05774054462977681,3.1087510979020796,-1.1291695530325732,0.3964273575719504,1.5,0.11152943817095348,11149.049781800657,10717.613198224795,11059.522188510362,10673.865474137641,0.0,0.0,0.0,0.0,0.0,0.0,nan,0,0.015156233032152633,0.005497650576555546,-0.021838773477584228
9.191924420999385,-1.0910325978614128,0.49408197053007774,1.489855750904494,0.6029520685580191,0.12686453190588476,-0.0027902152447526474,-0.0901128179919405,-0.0604085817402296,3.115979045973584,-1.1420911602671633,0.3948829208976904,1.5,0.11202827336267589,11156.709295986979,10713.96930895244,11074.052204765634,10679.815001800216,0.0,0.0,0.0,0.0,0.0,0.0,nan,0,0.018369639388617465,0.0018756396666158581,-0.014763282009160106
9.202408886999365,-1.1189510241191003,0.49058377046937723,1.5054142048856385,0.6179975129778336,0.1302855473363509,0.028868774967979405,-0.09074541111724621,-0.05869867770046504,3.132302100446842,-1.1420911602671633,0.3948829208976904,1.5,0.09860746485047264,11126.218323778441,10692.871188045525,11054.66209333961,10647.937530008818,0.0,0.0,0.0,0.0,0.0,0.0,nan,0,-0.0035634361248355617,-0.0005222662849568294,0.0007353133749423701
9.213491900999543,-1.1316616668884638,0.49089667400624176,1.5003678973148116,0.617130829330964,0.09285961340587758,-0.034577339487139244,-0.09643598230393573,-0.06003408744320934,-3.134654835307224,-1.1548591364292926,0.39305689182716397,1.5,0.10055287623127106,11081.00854590195,10627.353711291325,11001.752523700658,10595.497479929492,0.0,0.0,0.0,0.0,0.0,0.0,nan,0,-0.010348216044553604,0.000982348952220491,-0.004371010331152725
9.22363211999982,-1.114967248998798,0.49744559333995575,1.5269632680526035,0.5526873902950041,0.12213270343306602,-0.045032141798367564,-0.09290165557239541,-0.05623793684492742,-3.137006866588668,-1.1548591364292926,0.39305689182716397,1.5,0.11495817287331309,11088.000915359393,10631.236767605871,11007.141359383795,10618.758492446166,0.0,0.0,0.0,0.0,0.0,0.0,nan,0,0.012212442710680005,0.008813479644706967,0.022167906231290946
9.23388240299937,-1.1561977828026182,0.4783095216873325,1.4955267518022735,0.5835802994230624,0.11886077152786345,0.015690586639166317,-0.09020578057832254,-0.055325508234297674,-3.1261550301104046,-1.1674021141356434,0.3909596453332409,1.5,0.08817906718226136,11088.000915359393,10631.236767605871,11007.141359383795,10618.758492446166,0.0,0.0,0.0,0.0,0.0,0.0,nan,0,-0.02321183544806904,-0.008950465818549858,-0.009321694448149564
9.244598094999674,-1.1592134829637792,0.4839153898629158,1.4947607415272148,0.5956618377161669,0.10501167647906001,-0.019788648259831527,-0.09355678587277172,-0.05929431374453227,-3.1156716725844222,-1.1674021141356434,0.3909596453332409,1.5,0.09346268747944105,11058.208077156498,10599.328565531285,10998.52471762997,10584.23056837443,0.0,0.0,0.0,0.0,0.0,0.0,nan,0,-0.020481479563559724,-0.0018834074894736874,-0.010135057934992586
9.255243132999567,-1.1384492602393443,0.47507415860603014,1.5031913414043772,0.5547941692250153,0.11591874531624158,-0.004944324835115593,-0.09000497274712184,-0.057301969345652154,-3.1011018328153863,-1.17973453836705,0.3885909685872162,1.5,0.09588535344812353,11058.208077156498,10599.328565531285,10998.52471762997,10584.23056837443,0.0,0.0,0.0,0.0,0.0,0.0,nan,0,0.00596828206473754,-0.00917509567747371,-0.001745530666432904
9.265870602999712,-1.1503737145092807,0.48941886527622247,1.4899392708881039,0.5157137225244678,0.11988827563371804,-0.07721401514098143,-0.09139844732482436,-0.05542065137683745,-3.087064945311922,-1.17973453836705,0.3885909685872162,1.5,0.10549663975027272,11051.105662371663,10599.445268800482,11009.4938027251,10581.472912074709,0.0,0.0,0.0,0.0,0.0,0.0,nan,0,-0.00033149882102589956,0.006806820627146104,-0.01503237976733196
9.276267313999597,-1.1729559681517097,0.4888064160170094,1.5257509558487836,0.5643797563477821,0.15293031785161737,-0.06776956147491939,-0.09317549735882046,-0.05197271099863145,-3.078528157289073,-1.1918608786977372,0.3859515230069131,1.5,0.10770160809383332,11098.762284626988,10663.465800199485,11079.743814249527,10628.977881677127,0.0,0.0,0.0,0.0,0.0,0.0,nan,0,-0.017350560643019763,0.007918943696207936,0.020746312073203432
9.286721091999425,-1.158878561413572,0.4703205776307316,1.51584660972958,0.543707703332564,0.15301473977645114,0.00330338690524282,-0.09142234700346052,-0.05343162257403919,-3.0652057587449044,-1.1918608786977372,0.3859515230069131,1.5,0.09196241444999056,11110.121423944387,10664.881637028517,11070.401623345546,10639.824971888052,0.0,0.0,0.0,0.0,0.0,0.0,nan,0,0.002227901660663001,-0.008755215797795035,0.010805417203756829
9.297395259999576,-1.1697504227421471,0.4753485645579484,1.4962191472986035,0.5526121548342458,0.15206483010476432,0.01939807769423638,-0.0915329143072806,-0.050371728140088466,-3.0593297658002396,-1.2037906470718276,0.38304019341055257,1.5,0.09845743803009503,11076.78034321837,10627.64267112179,11031.702810892582,10590.053735503561,0.0,0.0,0.0,0.0,0.0,0.0,nan,0,-0.0032051533817076816,-0.0018295043103139785,-0.008858758297773273
9.307642793000014,-1.1868372274938344,0.4740961647140578,1.5067898700908209,0.5348024739007915,0.16707210447141285,0.028511723441538666,-0.09364802158457082,-0.0515295903035549,-3.0520504755619786,-1.2037906470718276,0.38304019341055257,1.5,0.0928693204522488,11060.344097925386,10605.692401864066,11007.01001969321,10573.938850972329,0.0,0.0,0.0,0.0,0.0,0.0,nan,0,-0.01491538435430928,-0.0010993808553401707,0.001680338703522688
9.318273361000138,-1.1699926977548565,0.46460603575535675,1.4877141976894934,0.5776012176921486,0.14075783342319648,-0.008834856037509909,-0.08911392111327576,-0.055242164961375385,-3.034873947399,-1.2155123420647458,0.37986077266437984,1.5,0.09697803139304582,11040.88163409621,10571.251709406557,10979.189963261128,10536.485946141938,0.0,0.0,0.0,0.0,0.0,0.0,nan,0,0.0072434718141425325,-0.008523384423716918,-0.01741743119193151
9.328735656999925,-1.1902218883317937,0.4667726264035647,1.5204183822057613,0.5688525525541339,0.15978802713289886,-0.02399621955421755,-0.08828209612131267,-0.04912468616457566,-3.0154990283806242,-1.2155123420647458,0.37986077266437984,1.5,0.09279109710689169,11055.642403146967,10588.700456388968,10995.298485561018,10563.467966441707,0.0,0.0,0.0,0.0,0.0,0.0,nan,0,-0.007733866710570636,-0.004207968659571515,0.015274929930137793
9.339466806999553,-1.1968720340626477,0.46920989775545274,1.5330457258382602,0.5584064632450416,0.1448589965544601,-0.011473279314092774,-0.08940955234808025,-0.0538397135751922,-3.0164406098748224,-1.227010350888916,0.3764195564516033,1.5,0.1030067258803174,11056.629392359484,10576.089261657004,10990.14017630435,10568.88798563253,0.0,0.0,0.0,0.0,0.0,0.0,nan,0,-0.009194982017507902,0.00046008127163355006,0.02789931577107141
9.349973319999663,-1.187695130926666,0.46402502174794047,1.5294038350299255,0.5325619315090868,0.16171558578517858,-0.047227680379557206,-0.0889496597418809,-0.050590834400669735,-3.0072633771296973,-1.227010350888916,0.3764195564516033,1.5,0.10042404883759132,11030.333195114275,10546.664496656158,10967.287546250485,10549.662156384467,0.0,0.0,0.0,0.0,0.0,0.0,nan,0,0.0051080323979184605,-0.002413167642483005,0.024265807016178975
9.360512307000135,-1.193584470534246,0.4712360822885397,1.5061735388627948,0.48751309523932834,0.1913550001767788,-0.042409456884097335,-0.09029017525902354,-0.04980051658166825,-2.9973341068450408,-1.2382988749606167,0.3727143946766553,1.5,0.10836979964542345,11042.589229996693,10557.128309390942,10990.42623830919,10554.66973495037,0.0,0.0,0.0,0.0,0.0,0.0,nan,0,0.004281692698126394,0.007189377889787962,0.0010560779366164397
9.371102719999726,-1.2081823002602496,0.4557481142238987,1.528631694250498,0.5087345428908967,0.17077322601545114,-0.05166604737899412,-0.09122412849217683,-0.04984052485395474,-2.9779120086289015,-1.2382988749606167,0.3727143946766553,1.5,0.09285138969981585,11065.89475492541,10602.245325501788,11021.24329144336,10570.524830071208,0.0,0.0,0.0,0.0,0.0,0.0,nan,0,-0.005316727267640431,-0.00582786950521802,0.023543125510279372
9.381370978999257,-1.2151383912392142,0.46568899910040995,1.5032655646729056,0.5575692878053741,0.15840163546379538,-0.047259125784987144,-0.08635889575380673,-0.04666964861017863,-2.965562117961319,-1.2493733076010127,0.3687484549920644,1.5,0.10285991689163648,11073.051276760321,10608.591729553878,11028.372607186491,10572.51629642256,0.0,0.0,0.0,0.0,0.0,0.0,nan,0,-0.0073374138385970955,0.006662255438724007,-0.0017888646151535958
9.3921687510001,-1.2094062760470947,0.4501255165236808,1.527657703976045,0.5590657094319051,0.14495057133345102,-0.007159656327179158,-0.08361133247445013,-0.047280128356410614,-2.955420415907679,-1.2493733076010127,0.3687484549920644,1.5,0.09478680469336914,11093.81610863011,10623.779876710738,11049.505385361072,10616.077206100961,0.0,0.0,0.0,0.0,0.0,0.0,nan,0,0.003265716283679554,-0.006274229618096427,0.02263974841628036
9.402353170999959,-1.234849414116411,0.449619856875467,1.507581782172537,0.5152240943709254,0.2045884906605816,0.012161842086154789,-0.08975606593244435,-0.04695124792936771,-2.9465127319671782,-1.2602466414638342,0.36451828009134796,1.5,0.08913350071096621,11059.619779183542,10572.786279427966,11022.615683880045,10591.590934966112,0.0,0.0,0.0,0.0,0.0,0.0,nan,0,-0.01737091483361408,-0.00407623219554315,0.002603602987856668
9.413045094999688,-1.2342359152438018,0.44781840017532915,1.5195880650375009,0.5004445724404251,0.15991567386161687,-0.040494733550320565,-0.09027104181519206,-0.04120554747789202,-2.9333494636765627,-1.2602466414638342,0.36451828009134796,1.5,0.08943802422019692,11059.619779183542,10572.786279427966,11022.615683880045,10591.590934966112,0.0,0.0,0.0,0.0,0.0,0.0,nan,0,-0.012015298855451162,-0.00309876078507626,0.014657427519643829
9.423688299999412,-1.2283978078644402,0.4460132647627923,1.5352283593534137,0.5245473252582159,0.18616735241421195,0.012430838548359682,-0.08629885069008204,-0.04692729970977383,-2.9152815009159405,-1.2708703665183223,0.36004555718910874,1.5,0.10215381680003482,11064.19145978842,10572.95068445227,11017.273466806808,10587.450471353817,0.0,0.0,0.0,0.0,0.0,0.0,nan,0,-0.0014996233800603775,-0.002050739002311397,0.030352941044309967
9.434018513999945,-1.2329219855155589,0.46399633131152324,1.4858193073595352,0.5213194786610071,0.18161525816889573,-0.04703624928708805,-0.0890330192604898,-0.04835583729919236,-2.9082186594174733,-1.2708703665183223,0.36004555718910874,1.5,0.11156583305449508,11016.792131978806,10536.622363005361,10968.207035857135,10544.029094971147,0.0,0.0,0.0,0.0,0.0,0.0,nan,0,-0.0014107495724493546,0.01885844227925426,-0.018990506102434024
9.444519220000075,-1.231655111947729,0.44135287277349156,1.497144252274779,0.49128640086366226,0.16029270005918878,0.019966297992904985,-0.08688022659063076,-0.04571750086318048,-2.8904542910441533,-1.2812778249995935,0.3553197708412164,1.5,0.09935926516328024,11072.063966384201,10593.494784930577,11030.656425166775,10597.855738394763,0.0,0.0,0.0,0.0,0.0,0.0,nan,0,0.004404426526555927,-0.0007869023187392354,-0.007591194269114032
9.454614407999543,-1.2567007266981944,0.44097631811360893,1.5102368612912807,0.530878460800245,0.17648857490642322,0.05640498065009593,-0.08551278543318513,-0.044921446092989724,-2.8862096945904465,-1.2812778249995935,0.3553197708412164,1.5,0.08969878026283953,11072.063966384201,10593.494784930577,11030.656425166775,10597.855738394763,0.0,0.0,0.0,0.0,0.0,0.0,nan,0,-0.016157965335465097,0.001905815820041623,0.005581136169753975
9.465389358999346,-1.2419598091406403,0.4380664027942256,1.5084119983288196,0.5001605683175152,0.1617715454352851,-0.023891184726902638,-0.08888960778003313,-0.039470587788947895,-2.863610015107751,-1.2914698309665553,0.35034236001865154,1.5,0.10108170783073162,11001.063434344951,10522.427519006142,10969.47261662635,10537.082206735748,0.0,0.0,0.0,0.0,0.0,0.0,nan,0,0.003001390804302728,0.0021347812098653773,0.0038473360275466106
9.476368334999279,-1.2555215192598954,0.437407405892334,1.5159844326907095,0.48783586956387076,0.1982068594248631,-0.049537146085860115,-0.08444014654017704,-0.03961819030897221,-2.854329202740127,-1.2914698309665553,0.35034236001865154,1.5,0.09554111898020369,11018.400182649626,10552.928031115449,10989.533105186532,10568.522824486385,0.0,0.0,0.0,0.0,0.0,0.0,nan,0,-0.006206616082812699,0.004683023138386921,0.01152400654628738
9.486241079999672,-1.2554392989582956,0.41969156362366794,1.4956031347144236,0.5350180372999197,0.17223099308868028,-0.020349481520495837,-0.08706653331074551,-0.041920529657942705,-2.840367153749096,-1.301444984716919,0.3451157366293364,1.5,0.0877348819931341,11046.439115418672,10584.055921832754,11021.382354058605,10595.177334357952,0.0,0.0,0.0,0.0,0.0,0.0,nan,0,-0.0018357997508329227,-0.009757990747632561,-0.008744846235135606
9.496803141999408,-1.274037800546337,0.41655480200972145,1.502635008656239,0.49058780885214587,0.20724353995066586,-0.017645936443021235,-0.08012386541865614,-0.042181294694424734,-2.8226323341355095,-1.301444984716919,0.3451157366293364,1.5,0.07656132886256334,11065.675429635123,10602.143740567972,11026.433265563228,10622.33757930704,0.0,0.0,0.0,0.0,0.0,0.0,nan,0,-0.016211118512499123,-0.009553171513035252,-0.0015965593528202149
9.507369476999884,-1.2644102197333131,0.41649545435342783,1.5071535222137882,0.5225022677574634,0.18849989536343265,-0.046637593973991434,-0.08342348277024833,-0.04073860335881591,-2.80895247547662,-1.3111734501540808,0.33965887418818536,1.5,0.0902321043251165,11068.921859255373,10615.376507619187,11030.330796302496,10620.105119975458,0.0,0.0,0.0,0.0,0.0,0.0,nan,0,-0.002425910132574316,-0.006205195403360786,0.0030403392677103014
9.517723842000123,-1.2580327329913668,0.44630006849373083,1.4801501481305073,0.46727157562859,0.1842516255273733,-0.0356416658566478,-0.08002502837949979,-0.03931922874974462,-2.798514831066059,-1.3111734501540808,0.33965887418818536,1.5,0.12079030078082213,11068.921859255373,10615.376507619187,11030.330796302496,10620.105119975458,0.0,0.0,0.0,0.0,0.0,0.0,nan,0,0.008043509045928987,0.02707147800268339,-0.023844938456622167
9.528436038000109,-1.2680718596860814,0.37951945725996755,1.4774716428356183,0.4766947765809574,0.1605738812681547,-0.03555937245982563,-0.08719440552445715,-0.03839840644763605,-2.7746507046362003,-1.3206804561706211,0.33396117266378994,1.5,0.07314881130917571,11099.77961882905,10676.503537055973,11090.354885539053,10674.705167563303,0.0,0.0,0.0,0.0,0.0,0.0,nan,0,0.0020303373450236695,-0.036173194273565246,-0.026410428667289487
9.538964861999375,-1.264298900972184,0.41681796001017457,1.4829476747027956,0.49777766470404294,0.1820477971370088,0.01796629588375927,-0.08352431030174681,-0.03593406775305384,-2.776353163627816,-1.3206804561706211,0.33396117266378994,1.5,0.10166075336136411,11119.630735059814,10712.150714863172,11101.874990395352,10703.849153497136,0.0,0.0,0.0,0.0,0.0,0.0,nan,0,0.00976299393444191,0.0047242776933823505,-0.02083162110112191
9.549309483999423,-1.2798989774967011,0.4157855371309434,1.4851287439610144,0.44287861581319504,0.179903575247361,-0.021413060150236272,-0.08133713574389263,-0.03529500220304596,-2.7538172673818506,-1.329959714431192,0.32802881445525667,1.5,0.10211990018296516,11099.769456907055,10681.429921033276,11082.835484927842,10682.485606578577,0.0,0.0,0.0,0.0,0.0,0.0,nan,0,-0.001943556075833186,0.007352659761460156,-0.018558021375893574
9.560257022999394,-1.2744224609554284,0.3965163806871239,1.522204620723546,0.5589019641500255,0.20223389088121946,-0.0032843986828573566,-0.08178529525619892,-0.03489285856110098,-2.7480755434916344,-1.329959714431192,0.32802881445525667,1.5,0.09092842478274961,11094.599508543373,10702.959027135485,11096.039816733066,10690.630866703212,0.0,0.0,0.0,0.0,0.0,0.0,nan,0,0.007360499065021342,-0.008195120107128029,0.01860116020119107
9.570529525999518,-1.287135424894017,0.4136726727772665,1.4764219193960908,0.49804025125424545,0.1628624482859442,0.0028780253405601922,-0.08221317571089859,-0.0372177644358249,-2.727309533527053,-1.3390122555297228,0.32186374664669487,1.5,0.10805558920768005,11071.620139929722,10642.687622549327,11041.551190318674,10663.844274765052,0.0,0.0,0.0,0.0,0.0,0.0,nan,0,-0.0015905702221561402,0.012741739142857256,-0.027104464507524684
9.581043791999946,-1.294918415767402,0.407649890079008,1.5058453300191632,0.4800965126760863,0.169924633949615,0.0022723585661090524,-0.07992784318243434,-0.0358859478696718,-2.724410074558197,-1.3390122555297228,0.32186374664669487,1.5,0.09663175975323819,11068.215900270483,10653.996989512247,11049.646227052655,10681.279657333045,0.0,0.0,0.0,0.0,0.0,0.0,nan,0,-0.005676956290034729,0.010557355541966018,0.0023925100284629686
9.591504209999584,-1.2866193451345151,0.3935736382782372,1.4914656911287008,0.4633936311682112,0.1774511480954475,0.008652006102973984,-0.07789532870903487,-0.03505001377075238,-2.7001426319528483,-1.3478223933950146,0.3154800940386249,1.5,0.09958538645901842,11041.947389518584,10629.473626384071,11040.028576552508,10661.459537177629,0.0,0.0,0.0,0.0,0.0,0.0,nan,0,0.006253699726292528,0.00037608233433961136,-0.011915982907773737
9.602177234999544,-1.2888180404452154,0.4043326781753122,1.493849674202694,0.5250751506663405,0.21244350200533046,0.027507963435680474,-0.08379737343843423,-0.029979880914452195,-2.673073940718719,-1.3478223933950146,0.3154800940386249,1.5,0.10683689382514161,11023.27703122961,10638.704418034025,11032.37985585512,10653.556490727631,0.0,0.0,0.0,0.0,0.0,0.0,nan,0,0.0076219368229435425,0.015085368530061538,-0.00946101162357249
9.612711845999911,-1.3068540485197233,0.3889239254533575,1.48582169793341,0.5020966924085586,0.16999622049119445,0.00023209732425620057,-0.07672917175338037,-0.034090810201882836,-2.673231718165179,-1.3564004469346322,0.3088740931837204,1.5,0.09520423043004654,11015.781870727793,10623.931896793287,10995.47832999212,10644.394182280268,0.0,0.0,0.0,0.0,0.0,0.0,nan,0,-0.006911412057912791,0.003680845051300119,-0.01741606665788553
9.623203627999828,-1.3176473596213525,0.38873285775440436,1.5185115525868567,0.49721492091694425,0.17803012781990513,-0.053000613559022795,-0.08054994663420889,-0.03433428267246983,-2.6528567004190764,-1.3564004469346322,0.3088740931837204,1.5,0.09067470228372726,11019.078681474923,10634.870248484403,11004.205144048967,10668.875052423204,0.0,0.0,0.0,0.0,0.0,0.0,nan,0,-0.014266046490710282,0.0075468172858682014,0.015348942323565318
9.633595022999543,-1.308376547320302,0.3780177724057341,1.5074485098472532,0.4572337536632877,0.18478972018489215,0.03092460252104423,-0.0771925700834044,-0.02754056772910375,-2.6436309967660856,-1.3647403999754284,0.30205372970680866,1.5,0.0948836127486596,11031.871884461816,10649.143085918498,11019.142929882919,10690.807371393488,0.0,0.0,0.0,0.0,0.0,0.0,nan,0,-0.001620412258996895,0.0009405771155368003,0.004360685225320182
9.644165878999956,-1.3147827989479381,0.35168539683489275,1.5070925525486485,0.5132917767916674,0.17008039340655878,0.0066754967479401624,-0.07758119967783922,-0.029026675631118087,-2.6253294922309323,-1.3647403999754284,0.30205372970680866,1.5,0.0707768930088781,10986.27772913246,10623.704900465664,10983.601346849759,10656.092650163178,0.0,0.0,0.0,0.0,0.0,0.0,nan,0,-0.004715267513652588,-0.021232389590325695,0.004081020080765052
9.654796277999594,-1.3022401785352895,0.3759546695342474,1.5117766124786847,0.4990257342177231,0.18656077466308285,-0.0016888486832347099,-0.07521088869690448,-0.03135389461509364,-2.613103595799753,-1.3728408847138687,0.2950239059773883,1.5,0.10804136617186683,10983.663323794673,10607.7891893095,10963.891097008518,10657.29807818993,0.0,0.0,0.0,0.0,0.0,0.0,nan,0,0.011075895533074753,0.0072455231484178095,0.00884674069493463
9.664897847999782,-1.3087693445952315,0.36483714779597426,1.5059911796942238,0.45419588167281305,0.23465426308477522,-0.03610057526742935,-0.07277188216406653,-0.03018642610559452,-2.5967802083930556,-1.3728408847138687,0.2950239059773883,1.5,0.09494706536024673,10969.999638225147,10614.120526145842,10952.41162333682,10651.957635969671,0.0,0.0,0.0,0.0,0.0,0.0,nan,0,0.007732844468095967,0.0003846919081005873,0.0031496383576243847
9.675741516000016,-1.3121769609199418,0.37535920094016556,1.487347006692865,0.48721713236829767,0.19754443429938173,0.011474293405716613,-0.07529425876029418,-0.022196904482403083,-2.5749315955264214,-1.380705329711074,0.28778516900328394,1.5,0.11191714184380243,10994.351730114975,10661.246472989811,10975.358240342926,10662.403820565198,0.0,0.0,0.0,0.0,0.0,0.0,nan,0,0.007449151290209288,0.015210482800096625,-0.01540154164158114
9.6859645859995,-1.3118750874494645,0.3649024262978026,1.511310478225003,0.47734901215326075,0.18982368784831738,-0.0009084008977622206,-0.07369525918572202,-0.023657549420749654,-2.562112261540171,-1.380705329711074,0.28778516900328394,1.5,0.1039836551583908,10994.351730114975,10661.246472989811,10975.358240342926,10662.403820565198,0.0,0.0,0.0,0.0,0.0,0.0,nan,0,0.010812964114425228,0.009103535729482803,0.008656727982124135
9.697348583999883,-1.3147871617969225,0.3454911697579815,1.4933093593177649,0.48025416508738344,0.16938458055185512,0.023331057046952007,-0.0743412191618156,-0.02457223555291331,-2.5481140353149336,-1.3883324624152804,0.2803418970799364,1.5,0.09847895026990132,10974.749677109428,10662.761584634438,10962.407632703427,10673.491527621698,0.0,0.0,0.0,0.0,0.0,0.0,nan,0,0.010901287092381695,-0.005912920565951163,-0.009247337949910284
9.707330239999465,-1.3273336188625073,0.34119847475200327,1.4962380362000114,0.49190986834664313,0.1645625715178166,-0.029519241159660863,-0.06976822581455917,-0.025586297155485105,-2.537440624497116,-1.3883324624152804,0.2803418970799364,1.5,0.08624693810428528,10957.381203155233,10657.734616719821,10948.104004709445,10674.244387691133,0.0,0.0,0.0,0.0,0.0,0.0,nan,0,0.0012942305955663258,-0.005767009605772089,-0.006217655383946363
9.717876992999663,-1.3333779087996966,0.3600166309373028,1.5010524938286554,0.480843896904336,0.2061743677437653,-0.02052985337281161,-0.07189898207194603,-0.019467534603183418,-2.512520499796899,-1.3957177552145659,0.2727020309094147,1.5,0.10729027715650155,10978.270958353465,10679.440507390453,10978.554685779696,10711.047254619178,0.0,0.0,0.0,0.0,0.0,0.0,nan,0,-0.0018713010851092449,0.01753257034996042,-0.00130011402250374
9.728361976000087,-1.3201708419490525,0.34234587476782574,1.4801175455621975,0.49310891893352055,0.20490398351737826,-0.040586529993379215,-0.07080334802005983,-0.022742398064513353,-2.501583433483675,-1.3957177552145659,0.2727020309094147,1.5,0.10465616601898343,10983.452191555602,10701.08433815142,10978.783153098026,10732.314883907657,0.0,0.0,0.0,0.0,0.0,0.0,nan,0,0.014154157710521975,0.004385157420846608,-0.02213348310074581
9.738881374999437,-1.3388422311565291,0.32149682498638804,1.495994463981935,0.48114266471932,0.2227152080259186,0.045000739118211654,-0.06756636297652574,-0.02275749355082915,-2.4876841700595387,-1.402850309545854,0.2648816252104226,1.5,0.0855474094497224,11024.95322391843,10747.08676711432,11011.058484164354,10772.544112448197,0.0,0.0,0.0,0.0,0.0,0.0,nan,0,-0.0017589835697133793,-0.011899461868044803,-0.0061613802289115505
9.74896975899992,-1.330616624465025,0.32927632550359526,1.5031071525961925,0.49576978131690336,0.21784626891990877,0.00854118735415988,-0.0673745098062153,-0.02029953606625921,-2.475841833047753,-1.402850309545854,0.2648816252104226,1.5,0.09681961104786535,11024.95322391843,10747.08676711432,11011.058484164354,10772.544112448197,0.0,0.0,0.0,0.0,0.0,0.0,nan,0,0.009165311322306247,0.0004844860755101599,0.0010409364339847293
9.759611542999664,-1.3366489161389523,0.329734741946839,1.5098461105671859,0.5038841337933144,0.18110467409053255,-0.009002203021870436,-0.06978395128052788,-0.019189433766568727,-2.4513411886366194,-1.4097428551515538,0.2568712338801607,1.5,0.10367622978032165,10970.099804914506,10699.746606189463,10932.160060214614,10715.727400697595,0.0,0.0,0.0,0.0,0.0,0.0,nan,0,0.005773010649341215,0.005586122814040695,0.00786917170176138
9.77027223999994,-1.3559518335878882,0.31662714130805075,1.4879963029463155,0.4829084678798012,0.2065992042584427,-0.040486484147938706,-0.06332010545240432,-0.016132533529651036,-2.43490463314277,-1.4097428551515538,0.2568712338801607,1.5,0.08129164296746588,10958.042738709277,10697.753618266755,10920.22929447952,10727.758490693237,0.0,0.0,0.0,0.0,0.0,0.0,nan,0,-0.010947952978894948,-0.0028405561971610593,-0.013890301609403188
9.78080555699944,-1.3514712956669812,0.3001126286316602,1.5219928106486103,0.4920867703341587,0.20035549456162416,0.006965392539453859,-0.06894347239395715,-0.015687202944520588,-2.424902682536676,-1.4163873326442682,0.24868417143230384,1.5,0.0856893329823972,10991.276973657348,10739.757161962558,10960.27403034073,10776.80782998433,0.0,0.0,0.0,0.0,0.0,0.0,nan,0,-0.003943107922945721,-0.014637308451948883,0.020193961726743925
9.791564463999748,-1.3399996538662318,0.32156949885089864,1.5103583851658888,0.5027098815012959,0.185353247201404,-0.04301634723668559,-0.06771911033057874,-0.017514439771034732,-2.4047369310505258,-1.4163873326442682,0.24868417143230384,1.5,0.10608790960923468,10955.84932553532,10708.680693807173,10910.953708140365,10750.426895554154,0.0,0.0,0.0,0.0,0.0,0.0,nan,0,0.009995795305862254,0.011573171182296838,0.008644440365800588
9.801744669000072,-1.3624928183228018,0.3083028334697568,1.5113542370443689,0.5111167288389372,0.2085280048372613,0.05858591822816958,-0.06460457466896555,-0.01830529301142924,-2.391026882588498,-1.4227838002584483,0.24032499291557932,1.5,0.09156914331822347,10965.821296754919,10731.176997620103,10930.260412803598,10777.278140442148,0.0,0.0,0.0,0.0,0.0,0.0,nan,0,-0.010086454368187336,0.0030949233388357644,0.00972351786518999
9.812206726999648,-1.3444075902782113,0.29293735080800787,1.5138442350778183,0.4951535287490439,0.13753048629230336,-0.049488414834472576,-0.06415577442829179,-0.01397028523727425,-2.366181542837391,-1.4227838002584483,0.24032499291557932,1.5,0.09540730233455447,10904.890092196556,10677.704651715172,10860.02915803837,10726.483149055806,0.0,0.0,0.0,0.0,0.0,0.0,nan,0,0.010354195385047005,-0.007448458563197924,0.01229884448093288
9.824269331999858,-1.367162349664582,0.2927309982036716,1.4710589690365132,0.5081033136865349,0.17067558212446787,0.06563297186521438,-0.0629872039707302,-0.009506268891078315,-2.3494314408587864,-1.4289387401967342,0.2317889216192408,1.5,0.09147591157694529,10918.306875182927,10708.054673285746,10897.906984522306,10772.67026275332,0.0,0.0,0.0,0.0,0.0,0.0,nan,0,-0.010099868323273586,-0.002800078488821356,-0.03039695851987556
9.833402489999571,-1.3734317668039424,0.2876625727768205,1.5022588833843757,0.46426082130525503,0.1894566944256455,-0.03221322179961695,-0.06105007066336823,-0.013685043894906565,-2.3308350362771817,-1.4289387401967342,0.2317889216192408,1.5,0.07879080874728478,10893.579651493583,10693.607763035705,10872.957348138774,10773.939416439607,0.0,0.0,0.0,0.0,0.0,0.0,nan,0,-0.014122728229606807,-0.002982055327934552,0.0008952047351351577
9.84379251700011,-1.3749145215975371,0.2985035746301879,1.4864009791161654,0.5160685349382452,0.17175586053260405,-0.0276233789327214,-0.06202938000212305,-0.010368978187359002,-2.321146187169847,-1.4348354019001146,0.2231039644571006,1.5,0.09726534058691368,10909.857655574364,10734.339341745,10901.40669365755,10796.094614887224,0.0,0.0,0.0,0.0,0.0,0.0,nan,0,-0.013412464467827068,0.012776200930400272,-0.014868896535952913
9.85446734299967,-1.3416281444388531,0.28018637104215793,1.495518296810413,0.49260336612590305,0.19565250284185298,0.01970831137688029,-0.062100404076547204,-0.011003807341353923,-2.3131791659432417,-1.4348354019001146,0.2231039644571006,1.5,0.10938957742157719,10935.268305258416,10765.226534656933,10925.5925039234,10843.143490353605,0.0,0.0,0.0,0.0,0.0,0.0,nan,0,0.022013775593598295,-0.0005936996698273633,-0.005661625963811812
9.864749201999985,-1.3571493420912601,0.2856972529058762,1.5015777898732428,0.5005947737845569,0.15435956239354454,0.043276309809527166,-0.060231134801767096,-0.0056713934142233625,-2.2989876624585626,-1.4404900923525459,0.21425069668509858,1.5,0.10978515596749336,10918.181176464037,10757.099432801499,10901.380495568976,10814.261376232544,0.0,0.0,0.0,0.0,0.0,0.0,nan,0,0.008579908184032758,0.009893643797872442,0.0004829913327146773
9.87511726699995,-1.3648551562099809,0.2581625060119605,1.4988761187579027,0.48344079409434426,0.19060593996887565,-0.029905042146875296,-0.05602116238667383,-0.01116880968518129,-2.2768485770271853,-1.4404900923525459,0.21425069668509858,1.5,0.08746515690659282,10918.181176464037,10757.099432801499,10901.380495568976,10814.261376232544,0.0,0.0,0.0,0.0,0.0,0.0,nan,0,0.0029098236993492232,-0.01263654259001784,-0.0021334666340753206
9.88591125899984,-1.3784197970558192,0.23566703871017405,1.5193604807599796,0.47944224781308586,0.18047288842108988,-0.032571426348934125,-0.0575309855194961,-0.010453440914005942,-2.2643635086155323,-1.445891069608404,0.20525127362521484,1.5,0.07650045490600789,10895.000983637055,10759.478872436614,10891.184642233771,10814.037411965524,0.0,0.0,0.0,0.0,0.0,0.0,nan,0,-0.00866998633621563,-0.030100249289214703,0.018436617272302946
9.896347029000026,-1.3879677751887014,0.25674649045676795,1.5064082852836436,0.5328820400716843,0.15276925047357393,0.011592872922179696,-0.05464649391803827,-0.007292097795074594,-2.242033779050967,-1.445891069608404,0.20525127362521484,1.5,0.07776844805727307,10894.401886702157,10769.717412827655,10883.665237985215,10820.437668682562,0.0,0.0,0.0,0.0,0.0,0.0,nan,0,-0.016283479194284745,-0.00396262547189985,0.005568067671729571
9.906692883999312,-1.365561453235391,0.253837298259277,1.5009154420488058,0.4943641264391472,0.200807689698145,-0.012956355428113579,-0.05326035721779229,-0.008072663588250801,-2.230964793950025,-1.4510398927026489,0.19610810449315375,1.5,0.10315067358378707,10872.095628397376,10740.924645860834,10864.272809712744,10825.786736583608,0.0,0.0,0.0,0.0,0.0,0.0,nan,0,0.008007738407212805,-0.0017881198141704857,0.0001580923286401692
9.917662295999435,-1.3781001614353279,0.2500454963246321,1.4853859374599454,0.5499917175158693,0.15132128097909825,0.0062776959198426515,-0.055945653122753285,-0.008722410606529504,-2.213017595269091,-1.4510398927026489,0.19610810449315375,1.5,0.09188589368807411,10877.986805854804,10768.897536826144,10865.657366793741,10830.946610166086,0.0,0.0,0.0,0.0,0.0,0.0,nan,0,-0.002694951117484301,-0.0004715407767624247,-0.01528891356792772
9.927770668999983,-1.3810131517242432,0.22510204928764274,1.4771487721822822,0.5191764700644715,0.13450068751710675,-0.03340064905928032,-0.05382007911707135,-0.008991962516831478,-2.190910319678701,-1.4559329467483701,0.18683280628063006,1.5,0.08717619663396782,10884.654205760082,10767.997840113963,10868.49294429943,10854.21332076614,0.0,0.0,0.0,0.0,0.0,0.0,nan,0,-0.0038201897722429656,-0.020282692971644478,-0.023445630282581842
9.938434768999286,-1.3870242273440447,0.2638696182139291,1.5111982892794946,0.5233689632144227,0.16655415324284317,-0.042476682082668235,-0.056175040757073,-0.004701722493186343,-2.1789822897370943,-1.4559329467483701,0.18683280628063006,1.5,0.1039638575928086,10912.836154754274,10813.859689459514,10902.247300562713,10906.655783366508,0.0,0.0,0.0,0.0,0.0,0.0,nan,0,-0.008091305704060803,0.023640400541353468,0.010677751505411948
9.948827064999932,-1.3898601766352092,0.2580720067187379,1.4875505067017054,0.5254061853971342,0.17115857144184932,-0.026248788577002705,-0.054161631929910435,-0.001499678341966481,-2.1620267519427836,-1.4605734621022561,0.1774243066127629,1.5,0.10797874863745936,10913.094163839938,10823.379583178414,10908.668484472548,10915.814912636044,0.0,0.0,0.0,0.0,0.0,0.0,nan,0,-0.00923459615474953,0.02302085611825086,-0.012906888062642619
9.959509626,-1.3681226765857173,0.22099227018618628,1.5091292704858903,0.5042029117339498,0.10255603802600688,-0.004156184753386126,-0.05511103842591226,-0.006218894592947484,-2.1425890113745316,-1.4605734621022561,0.1774243066127629,1.5,0.10260925285842774,10923.134385133106,10846.965698509668,10916.86124216672,10938.02348752224,0.0,0.0,0.0,0.0,0.0,0.0,nan,0,0.01414884285197826,-0.008859001111433285,0.008722181385430572
9.970340129999386,-1.3878302475761892,0.25251089257313786,1.4693936079004208,0.5333389150678359,0.16386084574685156,0.01259692723122947,-0.054481974244512094,-0.005095299929029649,-2.126359496444392,-1.4649557237065032,0.16789958466995952,1.5,0.1185080745382662,10881.892829923208,10825.098036291758,10893.928402761474,10914.71712925955,0.0,0.0,0.0,0.0,0.0,0.0,nan,0,-0.003958787090399429,0.027880516472424177,-0.03097485591679594
9.9802570439997,-1.3856455801811929,0.2031690337614018,1.5301344090346476,0.5360457081468077,0.1739318667039429,0.01116772654844491,-0.04415477537709176,-0.0014340739440240266,-2.114533475927266,-1.4649557237065032,0.16789958466995952,1.5,0.09188098559052688,10883.244053719976,10846.218696877144,10891.392314555558,10923.62816247301,0.0,0.0,0.0,0.0,0.0,0.0,nan,0,-0.00021944238825644113,-0.0162202225219778,0.02979455485021343
9.990859407999778,-1.3930339670394536,0.20632900939760482,1.5389161243314708,0.5057206512016907,0.13931627039947836,0.020268096866975595,-0.047097022988348385,-0.0026936891980654707,-2.0913374873563377,-1.4690843532635998,0.15825397899012467,1.5,0.09802721319360477,10837.336664076294,10794.435464527342,10832.011390340642,10878.767496362962,0.0,0.0,0.0,0.0,0.0,0.0,nan,0,-0.006097585419492457,-0.007799726135616719,0.0385989774848452
10.002026071999353,-1.3887175860751104,0.20105313584248802,1.53059305335011,0.5165250532313292,0.14908233496387135,0.009732018735145058,-0.046825229689676416,-0.003331867894650035,-2.0746382800238585,-1.4690843532635998,0.15825397899012467,1.5,0.096054776085756,10772.14047780976,10752.826482993481,10777.983330044144,10832.979688423131,0.0,0.0,0.0,0.0,0.0,0.0,nan,0,-0.00031435289072234696,-0.007796592261977181,0.030301934999758195
10.012432997999895,-1.3744127356395628,0.20352818642218087,1.4951150881426285,0.5015102373976777,0.15042292249066636,0.04737077087868288,-0.04791844881833238,-0.000957464104661196,-2.0643573401270983,-1.4729606223227385,0.14848805889499694,1.5,0.11298214005666117,10743.75901784751,10739.031880536606,10753.797927499234,10811.923992803393,0.0,0.0,0.0,0.0,0.0,0.0,nan,0,0.015414861428698856,-2.4878409965845005e-05,-0.005140195153726657
10.022577430999263,-1.3993713857358698,0.21310343269804202,1.484098806933365,0.514477566617109,0.10738386239473141,-0.022685678325545452,-0.04759458571629544,-0.003132779473475563,-2.0419957853190134,-1.4729606223227385,0.14848805889499694,1.5,0.09921376020536556,10743.75901784751,10739.031880536606,10753.797927499234,10811.923992803393,0.0,0.0,0.0,0.0,0.0,0.0,nan,0,-0.008161186730824443,0.014863959395688159,-0.016108218118716655
10.03317384499951,-1.4127148095607,0.1849328346857631,1.5087440319752354,0.5454179166831545,0.06810793254679692,0.007011191321358151,-0.042565328579777316,0.0027976499774972044,-2.025349538270566,-1.4765747355774532,0.1386320191632697,1.5,0.07936191633332132,10730.915776673832,10746.244111032862,10738.443527052807,10799.973668852403,0.0,0.0,0.0,0.0,0.0,0.0,nan,0,-0.02016333960732153,-0.007976691124744334,0.00859337875039401
10.04438403199947,-1.3855656757291053,0.20235669361459985,1.5062988018874712,0.49434931875243404,0.06901584415240203,-0.0017611836592148454,-0.0459658380436822,-0.0004220172719895328,-2.0110685839072078,-1.4765747355774532,0.1386320191632697,1.5,0.11127963880973822,10751.864040805212,10776.614598720591,10794.821638538535,10886.344817580599,0.0,0.0,0.0,0.0,0.0,0.0,nan,0,0.008286169211092265,0.014792913885830705,0.006208422719141904
10.05446881699936,-1.3944353309147028,0.16889795676796657,1.4879865319466925,0.585060251392373,0.08290769913654505,-0.0060124859707977665,-0.04235885248398729,-0.0023287967209225727,-1.9997021615580592,-1.4799425762238205,0.12864527990496075,1.5,0.09526851741083742,10738.354932441538,10787.941528898913,10811.167016618456,10888.405128659842,0.0,0.0,0.0,0.0,0.0,0.0,nan,0,0.0006765875724847881,-0.013304895170133862,-0.012039711121375252
10.06455323099999,-1.3974584996126445,0.18496549490439523,1.4906272929292064,0.5297939377776186,0.07510230237842319,0.008894111307974866,-0.04546653339807314,-0.0021648978573106984,-1.9783079401727588,-1.4799425762238205,0.12864527990496075,1.5,0.1003166843043359,10767.873614340791,10801.100686068612,10817.024016459898,10927.424333449697,0.0,0.0,0.0,0.0,0.0,0.0,nan,0,-0.0011263365353935129,0.008138204527375098,-0.009333405881889023
10.075150929999836,-1.3941550153825957,0.16682430909578588,1.4907086651789103,0.5774146871909903,0.1409044877912633,0.01367989532311272,-0.04217955217146799,0.002740686543710884,-1.9661239197175404,-1.4830370387824043,0.11861500295533643,1.5,0.10154053468908515,10763.272805367844,10812.34772145911,10821.865951761807,10928.602592816944,0.0,0.0,0.0,0.0,0.0,0.0,nan,0,0.0033580164972482063,-0.004613315501237947,-0.009187313975166811
10.085806815000069,-1.374625315968869,0.16554803349316824,1.4813022900601538,0.5564448151650654,0.07859907729202842,-0.010138445006323282,-0.039353151160278564,0.0025520455383496606,-1.9414034392414479,-1.4830370387824043,0.11861500295533643,1.5,0.11960524802807977,10781.124847661058,10818.200135247625,10796.373681320345,10932.94451962503,0.0,0.0,0.0,0.0,0.0,0.0,nan,0,0.02402970490567169,-0.0004863649329718833,-0.018530156980955947
10.096918610000102,-1.398524985751288,0.1534742247626018,1.5203727932643178,0.5279020499787033,0.0954594225695905,-0.07931277473061668,-0.04235855490458833,-0.0012580078002263884,-1.9286519528259225,-1.485875401827613,0.10849600656335645,1.5,0.10034035083891553,10800.776386883736,10849.561149359646,10816.746877223366,10961.284703975343,0.0,0.0,0.0,0.0,0.0,0.0,nan,0,0.0012335319351108875,-0.0071438862241944845,0.020600251294943916
10.106979918999969,-1.388413349199345,0.14823896883566864,1.497763538474133,0.5467430364047282,0.08443100131827797,-0.0011233396166520013,-0.040504938247546474,0.0018494821425322832,-1.9086849422779184,-1.485875401827613,0.10849600656335645,1.5,0.10527752140343359,10823.980554173217,10891.838604411345,10838.555741514356,10988.78860133955,0.0,0.0,0.0,0.0,0.0,0.0,nan,0,0.012410443092319312,-0.006950252370666293,-0.0019576399716592086
10.117138061999867,-1.4032243075546735,0.15303682183816453,1.4724168276647096,0.5587395370621167,0.10796665130090333,0.0069251846452184525,-0.0436018124371409,0.0007520470463059907,-1.9017775432424178,-1.4884662808110019,0.09825515302127501,1.5,0.10501455441544419,10823.980554173217,10891.838604411345,10838.555741514356,10988.78860133955,0.0,0.0,0.0,0.0,0.0,0.0,nan,0,-0.0013730780640597295,0.00328857978873201,-0.027262903877481426
10.12774658699982,-1.4021213786385283,0.13791652462110388,1.520158630754903,0.5563629006312558,0.049915353427480214,-0.026039229958207056,-0.0387984401604689,0.0004325320717196805,-1.87557306103279,-1.4884662808110019,0.09825515302127501,1.5,0.09713308870959614,10822.518648903275,10902.132305917861,10820.325578471204,10987.215415931603,0.0,0.0,0.0,0.0,0.0,0.0,nan,0,0.0007198750920529573,-0.006379182906313952,0.020510577904266247
10.138215627000136,-1.386739620355799,0.12905298317388372,1.5049597421459682,0.5616844092202555,0.058980184163269,-0.01761210858452994,-0.040901999254805824,0.003763615983611179,-1.863992758108927,-1.490784263742278,0.08799942427028107,1.5,0.11196107161967349,10793.716115719575,10882.355670131536,10812.567176141756,10981.093584363842,0.0,0.0,0.0,0.0,0.0,0.0,nan,0,0.01705467119792936,-0.009779174223534387,0.0053342410630523585
10.14872859099978,-1.4020500440894197,0.12127004779020956,1.4942053416892411,0.5613461260078483,0.08398385475731518,0.06900451372299876,-0.03726457788745203,0.0006794586100031623,-1.8450270153545365,-1.490784263742278,0.08799942427028107,1.5,0.09494353159507472,10791.82305604349,10883.923441580175,10801.789728125023,10984.39287207022,0.0,0.0,0.0,0.0,0.0,0.0,nan,0,0.0026607406946361767,-0.012088095554511208,-0.0054052091300813565
10.159262776000105,-1.4185405528928559,0.1405977304445797,1.4881330587886978,0.5293435983617589,0.07406465291611675,-0.015450289171049366,-0.042393286512871116,0.003864294798786227,-1.8293323805977213,-1.4928468477154766,0.07766291841464326,1.5,0.0980970963343063,10738.703185175951,10836.012496550165,10742.604800930727,10931.217752028942,0.0,0.0,0.0,0.0,0.0,0.0,nan,0,-0.012949266283517114,0.012723467643362962,-0.011464947569709283
10.169625816000007,-1.4000254885346206,0.11002233105665206,1.5138414814371877,0.5723527439653009,0.07353363151589176,-0.004144218619666639,-0.03747261545005553,0.007655764922541621,-1.8035955554035301,-1.4928468477154766,0.07766291841464326,1.5,0.09926994970832456,10757.152828344157,10876.200072088252,10772.49921055867,10956.945281685259,0.0,0.0,0.0,0.0,0.0,0.0,nan,0,0.006410724400498502,-0.01235874189407124,0.014255534154665073
10.18020258999968,-1.4051558595148586,0.12494870318061815,1.487000279279581,0.5537692317309206,0.02332582224794355,0.06720867922762191,-0.03578406622359631,0.004340009671139959,-1.8058597724682257,-1.4946480727159388,0.06727820771488187,1.5,0.1072554661063948,10749.569301689426,10865.42954592371,10749.933603918418,10954.896774581499,0.0,0.0,0.0,0.0,0.0,0.0,nan,0,0.0020899825204434563,0.008069613170482187,-0.012575583510169963
10.190658316999361,-1.4101988051249679,0.12112375233299078,1.4969225102221895,0.5433392396041354,0.03392945793956115,-0.024838631989791873,-0.036601723972935644,0.0023290004863491137,-1.7848091599433045,-1.4946480727159388,0.06727820771488187,1.5,0.10020225753547023,10699.44996816479,10827.339271540231,10727.242815665828,10928.598952744356,0.0,0.0,0.0,0.0,0.0,0.0,nan,0,-0.0021781668913922747,0.009754853646454884,-0.002641095880461908
10.201388943999518,-1.4249380948015327,0.10262879090867012,1.4898053196947485,0.5242276077205956,0.06896293783554475,-0.0076230898629664305,-0.04150186229253196,0.006090099740423709,-1.764812955402071,-1.496190058908303,0.0568379026028076,1.5,0.0853087296086324,10720.427786281161,10859.46551685743,10767.770021530827,10956.395748763827,0.0,0.0,0.0,0.0,0.0,0.0,nan,0,-0.016177189502557088,-0.0032222501960079697,-0.009743763909572767
10.21172259099967,-1.4066946138453824,0.08772649351524148,1.496772343694819,0.5360063864510132,0.03830631997179168,0.00361973072280703,-0.03617126811178785,0.0015086695371632722,-1.7523101894855393,-1.496190058908303,0.0568379026028076,1.5,0.09473097434730791,10737.85746549603,10889.868843935868,10776.51835748942,10971.873557997784,0.0,0.0,0.0,0.0,0.0,0.0,nan,0,0.0027721563649001357,-0.012599519023803726,-0.002764304927682648
10.222190754999247,-1.4048110005233936,0.09310430404536633,1.4998129423203614,0.5567789134362098,0.07059311249502875,0.020818181328229497,-0.0349524048223104,0.0046209984717979005,-1.735464017732137,-1.4974708087850395,0.04635900941600237,1.5,0.10378341692026975,10731.740482764679,10887.284357470067,10776.66182210736,10965.480783771902,0.0,0.0,0.0,0.0,0.0,0.0,nan,0,0.0053274483851977195,-0.001690035520269778,0.00028541458941311326
10.232887796999421,-1.425011634805176,0.07452298994603646,1.535225301434109,0.5669309373051152,-0.027948139581546627,-0.04140719936276324,-0.03575199778360708,0.0014820157481566399,-1.712697541335342,-1.4974708087850395,0.04635900941600237,1.5,0.08534848302262968,10718.734569494509,10879.88841304699,10748.503869669034,10947.963010014468,0.0,0.0,0.0,0.0,0.0,0.0,nan,0,-0.014235388694282536,-0.014733584539895248,0.03570545433365657
10.24349035099931,-1.4113330229714798,0.084367916071491,1.4899636586898206,0.5363720072327453,0.011275613652735994,0.001826188955252779,-0.030396354631444276,0.004971385278885402,-1.7023320489032,-1.4984906060665435,0.03584380780558919,1.5,0.10025847356143175,10702.629443686805,10860.921739028101,10756.10778192495,10964.387368558791,0.0,0.0,0.0,0.0,0.0,0.0,nan,0,4.742116078704228e-05,0.0006546525161253008,-0.009548269981785706
10.253976824999882,-1.4350060146157686,0.07788171783168941,1.501511013605624,0.5683383853761929,0.009995425817667325,0.0314247610081006,-0.03185617463426672,0.002429987477937887,-1.6812881448846728,-1.4984906060665435,0.03584380780558919,1.5,0.07615617107727173,10702.11137689409,10877.58369096179,10771.775815924422,10977.26830309253,0.0,0.0,0.0,0.0,0.0,0.0,nan,0,-0.02305479475612726,-0.0002832130171477043,0.002006406379340353
10.264672395999696,-1.400635852995432,0.05489813185319446,1.4911065658724776,0.5475289534886977,0.024564368787230006,-0.07437148238732005,-0.030816757161372558,0.007056137858416861,-1.6686676621603256,-1.4992484528013015,0.02530844313804665,1.5,0.10333967142057551,10674.014676845527,10849.46247217416,10748.748847612886,10959.495021175771,0.0,0.0,0.0,0.0,0.0,0.0,nan,0,0.011852940638513498,-0.017713983455485097,-0.008390013507699079
10.274855951999598,-1.4104842331825305,0.06454744309833266,1.5180457181537503,0.5565037240022161,0.00857690633537822,0.015554299224386973,-0.03717155886326127,0.001997339336606009,-1.6580367849865185,-1.4992484528013015,0.02530844313804665,1.5,0.09871389844443047,10746.635333023354,10924.544682364747,10805.387820825776,11024.30329623918,0.0,0.0,0.0,0.0,0.0,0.0,nan,0,0.0025089345502311566,-0.0025078730799355936,0.018553610194175674
10.285239674999502,-1.413303557825735,0.05974945472183757,1.5090565627060388,0.5462093030979431,-0.023204739528859153,0.023665897538013958,-0.036727486717921407,0.004597275253163998,-1.644100640276622,-1.4997449457653294,0.01474970418329087,1.5,0.09787294021078201,10709.32278037429,10885.118710156901,10763.036170549993,10978.341393257451,0.0,0.0,0.0,0.0,0.0,0.0,nan,0,0.0001608334518174992,-0.0017455962069844871,0.009563416760130616
10.2959439010001,-1.412529320966416,0.06867313164282568,1.5112580082872866,0.5633836532796419,-0.029314481411787607,-0.023001400573514283,-0.031110533386692743,0.003550345913030998,-1.6315492729842513,-1.4997449457653294,0.01474970418329087,1.5,0.10315543605959479,10709.32278037429,10885.118710156901,10763.036170549993,10978.341393257451,0.0,0.0,0.0,0.0,0.0,0.0,nan,0,0.0013734336120923007,0.012741240670250002,0.011764375707725705
10.306381607999356,-1.40262514396102,0.06216830958501798,1.4791075489120113,0.5643721774789545,-0.019011105857703714,0.05217087329235878,-0.03432270413080242,0.0034691970861579443,-1.609603932788693,-1.499979390013154,0.00419363621005945,1.5,0.11521895021990332,10684.202736616951,10864.105460047293,10761.647547589004,10968.082960054404,0.0,0.0,0.0,0.0,0.0,0.0,nan,0,0.011683215171399919,0.011801929584117875,-0.020384859542607048
10.316859912999462,-1.409087764704691,0.06388487831403777,1.4848502069771652,0.5727910753366315,-0.010505385268617662,-0.013931214791032239,-0.03463644386528389,0.0013537313706089406,-1.600814448840032,-1.499979390013154,0.00419363621005945,1.5,0.10979001850698675,10684.202736616951,10864.105460047293,10761.647547589004,10968.082960054404,0.0,0.0,0.0,0.0,0.0,0.0,nan,0,0.005593486138812942,0.01908581854770843,-0.014638905063697027
10.327625765999983,-1.4274834204031737,0.033965281506399006,1.4907187692687285,0.5871956694340522,-0.01851997906206948,0.00743903430994512,-0.03543707630702678,0.0018256150967533523,-1.5857040407039915,-1.4999523029461563,-0.006379518042976071,1.5,0.08346006848544382,10705.520139786893,10890.147623413068,10770.013640276115,10973.8103829346,0.0,0.0,0.0,0.0,0.0,0.0,nan,0,-0.012462038399429387,-0.005265187355502764,-0.008766535037677103
10.337667738999698,-1.410902622672268,0.04920547969650174,1.4756682379823434,0.5874194324372819,-0.03376931795930571,-0.046810526862313885,-0.031509271107769236,0.0014379986230964143,-1.5663156494608346,-1.4999523029461563,-0.006379518042976071,1.5,0.10775700521758831,10711.509549148694,10888.632305013374,10762.778424531994,10981.834495543731,0.0,0.0,0.0,0.0,0.0,0.0,nan,0,0.004426017604228338,0.015544332045989637,-0.02381548095273911
10.349419901999681,-1.4181695129103766,0.03528595555384128,1.5058279604793143,0.5954579337552471,-0.008705979220626325,-0.026497841567093547,-0.03412914590994174,0.0011404525002687263,-1.5546461132881026,-1.4996638165149148,-0.01693268626494463,1.5,0.0969642882546752,10764.806357142521,10939.450678408568,10817.761575125483,11031.790326145805,0.0,0.0,0.0,0.0,0.0,0.0,nan,0,-0.0025667003638008,0.007194313139131606,0.006338543284236886
10.358929063999312,-1.4149024579372738,0.008884056866546176,1.5045031257721453,0.5472980521107023,-0.028041307841757845,0.020390894694716465,-0.03145030860072049,0.003538441188267252,-1.5356917196638724,-1.4996638165149148,-0.01693268626494463,1.5,0.08872017964118745,10767.48904722847,10939.5791738125,10801.851184027948,11026.393931549554,0.0,0.0,0.0,0.0,0.0,0.0,nan,0,0.000941236927255451,-0.013638461943304807,0.004996613755892776
10.369398828999692,-1.4155515875116849,0.03144707559602865,1.4876313842125783,0.5780959050135502,-0.04148803960230285,0.015198357841191066,-0.03508367112874594,0.00113310738140278,-1.5195644789630962,-1.4991132467842692,-0.027487783985738833,1.5,0.10299927781691957,10729.587801268703,10904.467816576725,10774.202030974478,10989.899369684585,0.0,0.0,0.0,0.0,0.0,0.0,nan,0,0.0004997370291659475,0.014492698456690732,-0.011899956031573566
10.379826099999264,-1.412417434137693,0.014052341123342915,1.5014874290563545,0.5639571168830076,-0.08361867928258226,-0.004044471994937789,-0.035318405461752106,-0.0002076546440794253,-1.5129123344399236,-1.4991132467842692,-0.027487783985738833,1.5,0.09614550623781694,10722.090875896332,10902.817283304179,10764.098774975386,10984.446511231452,0.0,0.0,0.0,0.0,0.0,0.0,nan,0,0.0038082866327859843,0.0026645109572003,0.0019271059345045138
10.390420660000018,-1.4125228567924721,0.00508653415617195,1.487615913727351,0.5263294845646475,-0.06807267723750421,0.010511564481694265,-0.02978320573853257,0.0006556995794829728,-1.4981070770836526,-1.4983016689061472,-0.03801505086029829,1.5,0.09679419833530106,10712.007916469855,10887.820666054138,10774.743334652538,10981.012446818375,0.0,0.0,0.0,0.0,0.0,0.0,nan,0,0.003843943078989165,-0.0007369656735510717,-0.011976580896390976
10.401036589999421,-1.4293178349809665,0.000502109688850996,1.473456430471068,0.5571476283528934,-0.09031244518074188,0.01793926361517669,-0.033452979832072516,-0.0001056912153603628,-1.471609727534162,-1.4983016689061472,-0.03801505086029829,1.5,0.0833480778609987,10699.325801994652,10893.063258885997,10787.766492941631,10974.766527793807,0.0,0.0,0.0,0.0,0.0,0.0,nan,0,-0.012843394041540002,0.00024008782751283088,-0.02617101260967658
10.411412669999663,-1.423831010387723,0.007122133078879505,1.4910649208970181,0.553879684912296,-0.030580186317572422,-0.019433821700650434,-0.032598669150718976,0.0011353256576796854,-1.4608929986554116,-1.4972272545860839,-0.04852997050817369,1.5,0.09254188746003653,10700.99578751312,10896.342097223562,10801.675634630497,10986.856352441624,0.0,0.0,0.0,0.0,0.0,0.0,nan,0,-0.007282550019666489,0.012418090148116746,-0.008600959889207394
10.422014234000017,-1.421483300874802,-0.008296693059159074,1.4975685550496718,0.5271340182841934,-0.07613501142459483,0.00970915088184588,-0.03634826586180252,0.0028519900554082166,-1.4530163071568314,-1.4972272545860839,-0.04852997050817369,1.5,0.08580078707478546,10721.54793488798,10926.102657563517,10809.274981430903,10992.426736884658,0.0,0.0,0.0,0.0,0.0,0.0,nan,0,-0.004894705446240488,0.0025530869995990663,-0.00214141834078041
10.432388657000047,-1.3998624105081556,-0.03332732026195763,1.5017087936561355,0.5086336823393444,-0.10035816057294028,0.005525110749270534,-0.03594427589872104,0.0015281034386013614,-1.4362119558012036,-1.4958952676314885,-0.05898130721102753,1.5,0.0994150726470225,10706.55095067688,10908.75213078194,10804.328543222578,10971.390550104075,0.0,0.0,0.0,0.0,0.0,0.0,nan,0,0.01673222041693001,-0.016928534080836336,0.0019490876649268518
10.443221206999624,-1.4167500874783503,-0.026087441255299167,1.4944526582496316,0.5203133574156791,-0.05761870778722117,-0.05258438505765494,-0.035208414519280126,0.00041541026164606783,-1.419946240029797,-1.4958952676314885,-0.05898130721102753,1.5,0.0858879442033718,10690.394848842254,10898.082286796736,10794.140449386228,10958.221237313239,0.0,0.0,0.0,0.0,0.0,0.0,nan,0,-0.0001836742460294971,-0.004145124380988199,-0.005359949096753747
10.453312791999451,-1.4116082187175945,-0.009822479719160334,1.4613198374030136,0.5403672463243815,-0.08955444299426302,0.016708371757624643,-0.0370570235238797,0.0036164744177407133,-1.4066301504257204,-1.4942967585002194,-0.06943087272755247,1.5,0.10902619000476435,10735.256915061289,10942.709517742784,10833.565808050727,10983.89367645261,0.0,0.0,0.0,0.0,0.0,0.0,nan,0,0.0048953701541050165,0.017657216955436636,-0.03855138851314299
10.46421791099965,-1.419152452831809,-0.014460452513743956,1.5266425169326083,0.5876659112309907,-0.0745711408239555,0.013264233550954985,-0.03604756259580636,0.002660836836579045,-1.39497861808909,-1.4942967585002194,-0.06943087272755247,1.5,0.09684130049402741,10747.427889197774,10954.466595089027,10842.10451286295,10995.061846145594,0.0,0.0,0.0,0.0,0.0,0.0,nan,0,-0.0027467369701650313,0.018549787533616524,0.026702573231464077
10.474703105000117,-1.4197535230824399,-0.035234267190960074,1.5020979176556213,0.5539070193749878,-0.10064766383459073,0.041244269940902106,-0.03512432615511986,0.002346608477141564,-1.3712733828029642,-1.4924398846882496,-0.07981439809519957,1.5,0.08529417619872667,10709.24694018594,10889.949145280514,10787.446583608078,10948.494041325754,0.0,0.0,0.0,0.0,0.0,0.0,nan,0,-0.0034808970126236627,0.0032990286210318326,0.002083058748158839
10.484833265999441,-1.4287018410063865,-0.04960802424010154,1.4981015567429579,0.5397285252524009,-0.11659898979564765,-0.04349667105008287,-0.03192019192694239,-0.0005878649711950147,-1.3672036049972516,-1.4924398846882496,-0.07981439809519957,1.5,0.0705589634324743,10709.24694018594,10889.949145280514,10787.446583608078,10948.494041325754,0.0,0.0,0.0,0.0,0.0,0.0,nan,0,-0.012597571158234233,-0.005559792502322122,-0.001986778039025028
10.495429722999688,-1.4272051185026788,-0.05287506542111233,1.5350837031431,0.5186429884966705,-0.082815367367508,0.021518678118781383,-0.03630635706722795,0.0005806565617774871,-1.3495501527502072,-1.4903245128201372,-0.09013301423801937,1.5,0.08125933125050454,10706.153756649861,10881.445506648457,10805.854978162684,10960.796263949742,0.0,0.0,0.0,0.0,0.0,0.0,nan,0,-0.011304837852838867,-0.0033207035784081768,0.03492264176077908
10.505776692999461,-1.4146378354873266,-0.04108730849094171,1.5033380872589366,0.5277078850936656,-0.114440783694992,0.04212619590843012,-0.03797296843663905,-0.001931591820594371,-1.343427382942633,-1.4903245128201372,-0.09013301423801937,1.5,0.09025019226826164,10652.317296505953,10837.028358987955,10753.211355111787,10901.188878007513,0.0,0.0,0.0,0.0,0.0,0.0,nan,0,0.0010225200489324404,0.013963695142002928,0.003106693114614867
10.516873586999282,-1.4370207969397113,-0.05495125746995141,1.4689903249790142,0.5364693336269037,-0.10776547892543564,0.003299794626830007,-0.038528601210861595,-0.0006290677047534846,-1.3308497163470316,-1.4879489901787608,-0.10039077838470573,1.5,0.0749668651636409,10631.189628480464,10811.896407817656,10740.00191954323,10867.035285668171,0.0,0.0,0.0,0.0,0.0,0.0,nan,0,-0.02163643941656912,0.005586244054565648,-0.03130222292521623
10.52725227799965,-1.4132559825111488,-0.06339265670156471,1.504014348331308,0.5662832445508054,-0.13161539631283842,-0.0016390039365383226,-0.04078515569627051,0.0002273283866490216,-1.30484696661116,-1.4879489901787608,-0.10039077838470573,1.5,0.08345071236987453,10677.933214814762,10853.13494446535,10784.673293449327,10908.840401223031,0.0,0.0,0.0,0.0,0.0,0.0,nan,0,0.0018158148391098639,0.002620469359792682,0.003667771398587094
10.537378858000011,-1.4022355768641432,-0.07446894735846026,1.4951229665976176,0.5217338078222852,-0.12080106863394463,-0.04345752142315964,-0.03728860134837441,0.0005376729905101992,-1.291256211179646,-1.4853130467568774,-0.1105824634078232,1.5,0.09071845181678143,10689.761589586944,10845.262173494677,10781.362496889618,10915.25454397577,0.0,0.0,0.0,0.0,0.0,0.0,nan,0,0.012486512655369264,-0.0029918267411639804,-0.005274432428999498
10.547907071999362,-1.4049992678200784,-0.08005895524285543,1.5132436754920902,0.5178633422099165,-0.09531947724291695,0.010024881928308806,-0.03993090786416213,0.000993701345210722,-1.2773751749655198,-1.4853130467568774,-0.1105824634078232,1.5,0.08693320756963734,10729.938564723607,10891.035394993945,10816.662480561336,10949.126828249864,0.0,0.0,0.0,0.0,0.0,0.0,nan,0,0.009335358315749609,-0.0031302465329830637,0.012794875404509964
10.558566147999954,-1.4133876019170915,-0.08010339892948545,1.48971695200274,0.5486443133603259,-0.11933762134134546,-0.01000200321793009,-0.04266739595885111,-0.0017227618724594477,-1.2647039867087353,-1.4824175895576923,-0.12069838562633149,1.5,0.0807392916410131,10712.2384275902,10868.604409190664,10789.448738923475,10911.832078859788,0.0,0.0,0.0,0.0,0.0,0.0,nan,0,0.0005212895468462708,0.002263724985594323,-0.010784694130135941
10.569024888000058,-1.4015119071914628,-0.0915559817897245,1.5022121233391184,0.479076922382875,-0.13536730904277117,-0.008471506570601927,-0.0426058829382058,0.0018553899501078503,-1.2546530649553203,-1.4824175895576923,-0.12069838562633149,1.5,0.08602268671803143,10735.223629324106,10884.679383440132,10798.459119535637,10928.495599724434,0.0,0.0,0.0,0.0,0.0,0.0,nan,0,0.011932511354456166,-0.0037643816873277336,0.0016569654608888928
10.579562388999875,-1.401158224240558,-0.10612894604760671,1.4968302476600555,0.5508621189721227,-0.15723500234088583,-0.010988402171324286,-0.04261892486582523,0.0001797023113437956,-1.2378554033193643,-1.4792607501054493,-0.13073834494333095,1.5,0.08194921836345648,10732.614614495933,10884.447194675124,10813.688907447642,10916.474114155273,0.0,0.0,0.0,0.0,0.0,0.0,nan,0,0.01178242174082289,-0.012927614434668791,-0.003780467984615621
10.590326009999444,-1.4076295785921098,-0.10928003851720208,1.4858187244221324,0.5018104120179574,-0.14902320091866916,-0.015894350094188697,-0.04500234996050409,0.00015062600215220274,-1.2279046214873246,-1.4792607501054493,-0.13073834494333095,1.5,0.0761090810880445,10742.885842918458,10879.034822085825,10814.870785160163,10934.42679754132,0.0,0.0,0.0,0.0,0.0,0.0,nan,0,0.004767457814850884,-0.01068453144024925,-0.014850134935984638
10.600464533999912,-1.4185693559960049,-0.10124268661874986,1.5207613514010936,0.5371420802346196,-0.10897055507560238,0.00763024386026958,-0.044705091227121935,-0.00028698329539216227,-1.2164493178697522,-1.47584640393555,-0.1406840251880746,1.5,0.07257625728024805,10762.676103144231,10892.877580437917,10843.892645720118,10945.188989598175,0.0,0.0,0.0,0.0,0.0,0.0,nan,0,-0.006756383979448,0.0027305880750141814,0.020029541737279555
10.61108980500012,-1.4113537469611241,-0.1189152218235077,1.5241797903643886,0.5013080311600123,-0.084417680011947,0.041646249422864955,-0.04317852028690014,0.0038701503005623156,-1.198314286340142,-1.47584640393555,-0.1406840251880746,1.5,0.07223465834079879,10736.888306083783,10858.873156228801,10801.248269510594,10903.703572494529,0.0,0.0,0.0,0.0,0.0,0.0,nan,0,-0.00016575463990808892,-0.009581401213574203,0.0233820710252588
10.621538454000074,-1.4143722745221423,-0.11419973792508456,1.4999387017734132,0.5431023795079799,-0.14687227654452095,0.010805504944768176,-0.04496726704470699,0.00240853231684163,-1.1910306743615895,-1.472178241008926,-0.15052116835995194,1.5,0.06826990426079886,10694.646825330661,10810.328619160498,10750.529337384009,10839.466317043481,0.0,0.0,0.0,0.0,0.0,0.0,nan,0,-0.0038503826291342858,0.0004766728293314898,-0.0009198696951122631
10.632139913999708,-1.3938437025038504,-0.1305982063474466,1.5008562370168845,0.5060727455030647,-0.13720571239476853,0.005561466621848319,-0.044728360596350956,-0.00045401661974411,-1.1740138452120568,-1.472178241008926,-0.15052116835995194,1.5,0.08083289850044954,10703.540963335534,10806.78339750111,10758.966005562146,10853.326942456095,0.0,0.0,0.0,0.0,0.0,0.0,nan,0,0.015970589134214563,-0.010597969350781541,-5.428715681388141e-05
10.642498446999525,-1.415885750377393,-0.11946825071939203,1.5080995861410351,0.49723040957382625,-0.13034835968877817,-0.05513293564700923,-0.05189179427266496,-0.0033804964110788196,-1.1593828332752043,-1.468251124210862,-0.16025895528673248,1.5,0.06687015217176542,10714.401656071008,10809.289169138716,10772.665422178563,10853.178446224165,0.0,0.0,0.0,0.0,0.0,0.0,nan,0,-0.006821152601518055,0.005836141726891661,0.007144816155530087
10.65309131199956,-1.4160144229076894,-0.13958651256959426,1.5059986910185943,0.48973463744304563,-0.14010007939770164,-0.01971045006999702,-0.052140114187797744,0.001581678505876179,-1.1446900848607875,-1.468251124210862,-0.16025895528673248,1.5,0.056497850798652494,10754.632012117205,10859.10010625067,10813.314412085865,10880.435883568285,0.0,0.0,0.0,0.0,0.0,0.0,nan,0,-0.007742344629194653,-0.00899862280376848,0.005003122857552
10.663615712999672,-1.4289756685240735,-0.12616394631379282,1.4964598491530254,0.47718572770149625,-0.1356892511768773,-0.023228591927248708,-0.05107139423819664,-0.000565296683988887,-1.143492773300661,-1.4640722227280085,-0.16987502571991975,1.5,0.056169023917616856,10763.619194934565,10862.138670252434,10828.453964767648,10883.626466535683,0.0,0.0,0.0,0.0,0.0,0.0,nan,0,-0.021539663602879067,0.009685774632145011,-0.004577166144789091
10.674210579999453,-1.4195232639594448,-0.13280065887192893,1.5237057729399088,0.5188163484553366,-0.1610778057817429,0.0013128663386177738,-0.048834331017923435,0.0023154747997657975,-1.1253669352570272,-1.4640722227280085,-0.16987502571991975,1.5,0.06261854417998794,10776.796749767154,10882.138548458188,10856.390677567348,10887.414960815204,0.0,0.0,0.0,0.0,0.0,0.0,nan,0,-0.01296753017383856,0.008288236907654928,0.02262451587955039
10.68443934700008,-1.4134400806889331,-0.15826534409212528,1.4843946678894078,0.5017093715296896,-0.14834331283509955,0.024444058091792984,-0.04986798724001304,0.002703800426048696,-1.1067811251213924,-1.459634015122403,-0.17938173739193394,1.5,0.0531348100092378,10748.039771983375,10834.918027404392,10837.357012880035,10861.395514151278,0.0,0.0,0.0,0.0,0.0,0.0,nan,0,-0.007809295576228559,-0.011960854627772188,-0.016732129891025016
10.695412213000054,-1.4231752484034355,-0.16511217095520525,1.5269279398148943,0.5149513738953321,-0.1201718756012034,-0.00999021296371188,-0.050270922939601045,0.0002257757080876878,-1.0944545227525126,-1.459634015122403,-0.17938173739193394,1.5,0.047518166417012314,10748.407723937527,10830.119733150912,10834.222169880848,10865.051619568347,0.0,0.0,0.0,0.0,0.0,0.0,nan,0,-0.018514514950903616,-0.013616573487515549,0.025757071036797363
10.706218706000072,-1.3945604310350124,-0.16210186938117532,1.503127035307928,0.48980275207367485,-0.14333234668512118,-0.004368946864372707,-0.05084010127062781,0.004469442950823552,-1.082280825224502,-1.4549380055774814,-0.1887692929385433,1.5,0.06607859968731557,10741.918443416542,10807.075215415476,10818.649003850753,10844.16389013776,0.0,0.0,0.0,0.0,0.0,0.0,nan,0,0.00908466735999447,-0.005440587159621174,0.0019152555354009504
10.716181336999398,-1.3976278154228576,-0.15733345494264328,1.4856356058936953,0.5398510198438652,-0.1680096846552548,-0.009224235683199238,-0.05337790083325387,0.00395308168774037,-1.064781309404972,-1.4549380055774814,-0.1887692929385433,1.5,0.06692537354475395,10754.142960879928,10814.833579882934,10823.093086615834,10847.857207399835,0.0,0.0,0.0,0.0,0.0,0.0,nan,0,0.004955538041170993,0.00446711495512106,-0.015613104117672139
10.72685351400014,-1.406087028661835,-0.16737989201812384,1.498318154909876,0.5147713892230922,-0.1290585765606525,0.01749751483103272,-0.05430134657069069,-0.000867800274521165,-1.0577058874220322,-1.4499937025308385,-0.19801426559300347,1.5,0.05356388202391133,10789.589991356885,10825.722322975718,10846.50158983045,10876.25076231595,0.0,0.0,0.0,0.0,0.0,0.0,nan,0,-0.004612236194852182,-0.0004675162837181057,-0.002966372867169609
10.73757835699962,-1.4092791936997993,-0.16074677668388057,1.50400139559045,0.5135443485074892,-0.1587507269326296,-0.0005923101981909502,-0.056427076004492274,0.001380819374809421,-1.035586597786263,-1.4499937025308385,-0.19801426559300347,1.5,0.05534029386997907,10782.582434952197,10816.329197469431,10828.130711880169,10854.043457912361,0.0,0.0,0.0,0.0,0.0,0.0,nan,0,-0.00896038146193101,0.011248867571903104,0.0026814349257033854
10.748160921999443,-1.4116918316049334,-0.16037068203789823,1.4836510871594988,0.4904174004964843,-0.1602723320245219,-0.027322489389971432,-0.05669811548800646,0.003076655123093025,-1.0241411369344078,-1.4447922865050753,-0.2071286129781815,1.5,0.05957542422407862,10782.337482126053,10811.70697354565,10831.784604407692,10846.428059996482,0.0,0.0,0.0,0.0,0.0,0.0,nan,0,-0.012576907541592686,0.01667867205333004,-0.01770241809253026
10.758328396999786,-1.3944590392519687,-0.1794478384981463,1.5128263394514212,0.5135721035201776,-0.1855928258310227,0.028929854611673682,-0.05650669964042031,0.004058761258203218,-1.0087530209843172,-1.4447922865050753,-0.2071286129781815,1.5,0.058857251367864745,10813.584409196994,10854.84273898062,10872.456659477153,10877.385041138854,0.0,0.0,0.0,0.0,0.0,0.0,nan,0,0.0034033741486645397,0.00262449072451279,0.011437983572263999
10.768861234999349,-1.38117145880736,-0.18954979403183578,1.480256629162303,0.5309982821966929,-0.17033412041622098,-0.012293566499920527,-0.0604555238977133,0.0037142746730946764,-0.9969664714024139,-1.4393420529434426,-0.2160928518455074,1.5,0.0669190005325811,10771.86639662915,10800.709591772078,10840.355139114328,10843.537369604526,0.0,0.0,0.0,0.0,0.0,0.0,nan,0,0.015389309650860383,-0.002486307482779365,-0.02116717492250375
10.779145911999876,-1.394229506051689,-0.19931270786813174,1.4917654913075598,0.4774842414445529,-0.16887777136574192,-0.02487772371802613,-0.06030728665309245,0.004389221915183798,-0.9913149285816949,-1.4393420529434426,-0.2160928518455074,1.5,0.04883157024270269,10815.243867132423,10826.007985855453,10857.262967461891,10878.030775236455,0.0,0.0,0.0,0.0,0.0,0.0,nan,0,0.0009799763774953618,-0.007290986425387919,-0.009693614671893558
10.790245954999591,-1.39886777198924,-0.18901503886964924,1.524024983513655,0.49766517196307086,-0.16904683692830513,-0.014794701438526108,-0.06387887625142961,0.002752212859863758,-0.9731768365764017,-1.4336383497386405,-0.22491009786164456,1.5,0.05544951009609846,10838.344802818792,10841.961836816823,10891.668894119393,10887.34749696758,0.0,0.0,0.0,0.0,0.0,0.0,nan,0,-0.005059986498098246,0.007930699434447047,0.022526226602921806
10.80046428500009,-1.397071367860196,-0.18857410203346767,1.4813665559615279,0.4739586534046742,-0.14826347829309508,0.020914385073907374,-0.06213230619342478,0.0029852953602112335,-0.9589617636164585,-1.4336383497386405,-0.22491009786164456,1.5,0.054814724237732364,10816.222358896359,10823.001501203162,10867.363442609088,10859.168522690292,0.0,0.0,0.0,0.0,0.0,0.0,nan,0,-0.00471619398982126,0.013260268842491263,-0.020175719028459937
10.810813549999693,-1.4028169461282578,-0.19295513856670723,1.5101372255227088,0.4638371987299699,-0.19058219254560968,0.035617469622261526,-0.06129648733167773,0.005677490977444589,-0.9533459082612536,-1.4276792578224582,-0.23357766027698748,1.5,0.04869381022450412,10815.314056528901,10829.318280537846,10874.387873362768,10841.427232557817,0.0,0.0,0.0,0.0,0.0,0.0,nan,0,-0.011965700068503393,0.013731350436378187,0.00854979689413371
10.821304356999462,-1.3732760530410888,-0.20076413618541658,1.5026593270494724,0.5097497721585483,-0.155210489375748,0.015312540840154341,-0.062495976000867086,0.0030173893393863525,-0.9309998571847449,-1.4276792578224582,-0.23357766027698748,1.5,0.06358858446409837,10766.017996711926,10786.711716679878,10853.509807784489,10803.248607177398,0.0,0.0,0.0,0.0,0.0,0.0,nan,0,0.01601964166670622,0.010736870265462689,0.0010288524222461515
10.831908201999795,-1.3842177938368372,-0.2315774867326506,1.5067455443839368,0.5109590054416351,-0.16906062250858572,0.0272186792554463,-0.0681737186145161,-0.002006915966708848,-0.9188258553299307,-1.421484607559547,-0.2420632357242902,1.5,0.03929718445378105,10774.124731092681,10777.575189182659,10841.37430924922,10789.870142509015,0.0,0.0,0.0,0.0,0.0,0.0,nan,0,0.003470438861342906,-0.015300647077454987,0.0050780974072541785
10.842298491999827,-1.3959673662670413,-0.22952140435045865,1.5210222968381222,0.46056382649537186,-0.16091660349770215,-0.02770766126491219,-0.07004414517259107,0.004101654773501517,-0.9095318998939445,-1.421484607559547,-0.2420632357242902,1.5,0.03536048786060097,10774.124731092681,10777.575189182659,10841.37430924922,10789.870142509015,0.0,0.0,0.0,0.0,0.0,0.0,nan,0,-0.009938870081462658,-0.008508561387674501,0.01932634521021548
10.852855507999266,-1.3808690956528067,-0.2230459737910693,1.4796316006994177,0.4605204318720177,-0.1627452030197202,-0.04362377820534276,-0.06940070010373328,0.00011512847373040997,-0.8969673310648558,-1.415036056944495,-0.25038843769763447,1.5,0.048268657185149805,10780.177130461236,10769.63425715796,10839.934935803802,10778.307279977478,0.0,0.0,0.0,0.0,0.0,0.0,nan,0,0.003446921824039828,0.002661803584541128,-0.02208410484153922
10.863475092999579,-1.397139287212781,-0.23710022118765425,1.489215322938553,0.47212511367878424,-0.1646118245436167,-0.007713114893518887,-0.0688792511213084,0.002454678320677644,-0.8787896674618775,-1.415036056944495,-0.25038843769763447,1.5,0.02476247815073865,10839.067647172373,10836.828114491274,10897.961868005561,10826.27015721753,0.0,0.0,0.0,0.0,0.0,0.0,nan,0,-0.014589332539418631,-0.006740116280848807,-0.012518057543321026
10.874119192999387,-1.3711143261344032,-0.23636506084498793,1.5251457827929638,0.475262682924164,-0.1424618832701006,0.012751628414272607,-0.07279863810107776,0.0055171287125810224,-0.8677928365998289,-1.4083356684336772,-0.25854497432895496,1.5,0.050096779107911694,10849.150180255956,10842.760436860397,10915.212634040743,10831.001177259841,0.0,0.0,0.0,0.0,0.0,0.0,nan,0,0.00961519229691099,-0.0013967615520416587,0.02339095629590915
10.88450334999925,-1.3762811082431192,-0.24060160596600863,1.4833984250215293,0.4425090208396328,-0.17903667061928524,-0.043792700366634685,-0.07229537840968193,0.001789975637511923,-0.8515519936055924,-1.4083356684336772,-0.25854497432895496,1.5,0.0403121766837797,10817.961259473346,10803.90125427487,10865.450295686494,10786.689323109782,0.0,0.0,0.0,0.0,0.0,0.0,nan,0,0.0025733254416335782,-0.001070398338150036,-0.018378486942184802
10.894851887999721,-1.3620856477664625,-0.24389444200369417,1.521508979737277,0.4845882914630802,-0.16334206313000416,-0.0012428451598302873,-0.07200192178942737,-0.0013367556016638188,-0.8448336343449571,-1.4013924547224041,-0.26651739285566156,1.5,0.050194214683176266,10861.24526208239,10853.240041610881,10925.576610235028,10825.947290540687,0.0,0.0,0.0,0.0,0.0,0.0,nan,0,0.014838563635733992,0.0001530548460553227,0.019708458719302602
10.905569655999898,-1.3727037643432294,-0.25187869464488305,1.4878360795325525,0.46363197198524536,-0.12295648321394509,0.013341238986094328,-0.07611514353330082,0.004316724071521939,-0.8316770604373949,-1.4013924547224041,-0.26651739285566156,1.5,0.03442809030598115,10835.157928707978,10820.092060209981,10889.743491898978,10792.345865496154,0.0,0.0,0.0,0.0,0.0,0.0,nan,0,0.0022346039342748814,-0.003362865736988213,-0.013990620584636737
10.916122943999653,-1.3687363536328736,-0.25484914848261525,1.5255529125439966,0.4748791235827967,-0.12789196712253065,-0.0348293244919663,-0.07520700390350708,0.0038086962961701885,-0.8126162348239123,-1.3942025181822457,-0.27430609374319076,1.5,0.04098840805898502,10848.900725738646,10822.6506126102,10890.333139697199,10780.98916662046,0.0,0.0,0.0,0.0,0.0,0.0,nan,0,0.004160298706082255,-0.0019141055109216376,0.02370021321580018
10.926337291999516,-1.3881692187524861,-0.27296833573451035,1.4801716186653895,0.4646148904552439,-0.14838088093250074,-0.02659949472046927,-0.07607557934001032,0.003460869505349604,-0.8133785601845508,-1.3942025181822457,-0.27430609374319076,1.5,0.020769087723095995,10853.94382629149,10824.078944786717,10880.104369752415,10780.545490508137,0.0,0.0,0.0,0.0,0.0,0.0,nan,0,-0.017370543797587956,-0.015664476360725488,-0.021706834150660548
10.93705607099946,-1.3534991017908637,-0.2567742688729987,1.4796658386490973,0.44280512426389274,-0.16960187615983408,-0.027668872897345903,-0.07855369096762765,0.004021302919144729,-0.7874808451019535,-1.3867781264291132,-0.2818943188304907,1.5,0.04638953016128378,10891.935139764822,10848.854684307156,10931.0742510108,10814.262129812527,0.0,0.0,0.0,0.0,0.0,0.0,nan,0,0.01514476945003751,0.004846565918172008,-0.022241424088672357
10.947476696999729,-1.3649189017665666,-0.2590055436541201,1.4878675421641694,0.45318072869803927,-0.16822326579003305,-0.004216273549882743,-0.07958012700138598,0.006261213364207257,-0.7773056175614041,-1.3867781264291132,-0.2818943188304907,1.5,0.033895696851670334,10913.301767250276,10881.143600785883,10956.703142207833,10837.407780144791,0.0,0.0,0.0,0.0,0.0,0.0,nan,0,0.0015126620691119363,0.006878865815622137,-0.01407712693488583
10.957806089999394,-1.3796378303227355,-0.25515630141982665,1.5138277286417983,0.44027849054423146,-0.12907953948999418,0.029592955904517118,-0.08231256811990557,0.0024680737280303043,-0.7692731067042706,-1.3790990481993655,-0.28929843916824544,1.5,0.03683995026597721,10910.4510686332,10870.168054257525,10960.415290206647,10831.67880748111,0.0,0.0,0.0,0.0,0.0,0.0,nan,0,-0.015476515134042801,0.014936915932066419,0.011835292639470474
10.968853086999843,-1.3424444554156365,-0.2710127280749139,1.5061760901116032,0.4355179784310792,-0.13991154576676995,0.04245606311767508,-0.07870519798968262,0.003445487238581603,-0.7529818120893715,-1.3790990481993655,-0.28929843916824544,1.5,0.041425481184850795,10856.386663396028,10830.118817377119,10910.729343499634,10768.067868704451,0.0,0.0,0.0,0.0,0.0,0.0,nan,0,0.019388673268325496,0.003233555078928252,0.00413086748676883
10.979023172999405,-1.353503666809535,-0.2809513640758729,1.520160375843386,0.41215384496440594,-0.11549622195132321,-0.002773486730676728,-0.08155718022028492,0.007481690109321984,-0.739351073006941,-1.3711847182328536,-0.2964952185781991,1.5,0.0309947051344274,10819.032252205012,10790.382095874773,10878.483616211963,10721.723991810775,0.0,0.0,0.0,0.0,0.0,0.0,nan,0,0.005943533624285013,-0.0026085459565373115,0.01806560561652737
10.98948680400008,-1.3640899324234135,-0.26859475125099985,1.5127019733327571,0.4638911480935508,-0.11479923227756735,0.011796911839749612,-0.08117754195679376,0.008563241817726984,-0.7253401679183735,-1.3711847182328536,-0.2964952185781991,1.5,0.031466048199671005,10819.032252205012,10790.382095874773,10878.483616211963,10721.723991810775,0.0,0.0,0.0,0.0,0.0,0.0,nan,0,-0.007086439495568753,0.013787084744737887,0.010565023275609597
11.000098851000075,-1.35758564794323,-0.28723090024262066,1.5168473867407035,0.44527704888382197,-0.1427870040782126,-0.02619856049048903,-0.08699887046431154,0.00882880511910688,-0.7146249535095625,-1.3630311057833902,-0.30348500933504846,1.5,0.024035047606949703,10813.633308470813,10776.913814193533,10858.925525793164,10701.290374884216,0.0,0.0,0.0,0.0,0.0,0.0,nan,0,-0.00308383196611417,-0.0008686758592467148,0.014677035893684298
11.010419724999338,-1.3527494264821152,-0.2928196798270516,1.49745777465112,0.4431000041317731,-0.13469483400252744,-0.05418874609219529,-0.0881797445530449,0.007933603418604874,-0.6935084853415536,-1.3630311057833902,-0.30348500933504846,1.5,0.015030804785270269,10832.150436623022,10789.162783574946,10872.820073699018,10724.629980329622,0.0,0.0,0.0,0.0,0.0,0.0,nan,0,-0.0008075739161630402,-0.002536919482118982,-0.004738059626710589
11.020896703999824,-1.355529065723501,-0.30268552108971125,1.50513762902819,0.43418466991889937,-0.14312090568389757,-0.02142736504832672,-0.0843098808978297,0.009574363640352522,-0.6835879190575865,-1.3546432855487143,-0.31026007271396383,1.5,0.009195307001825033,10885.35961317171,10836.462845506061,10920.193712465782,10775.554855210947,0.0,0.0,0.0,0.0,0.0,0.0,nan,0,-0.006206086242544595,-0.008543598919366457,0.002918168832910073
11.03151040099965,-1.3537542015971151,-0.29869171258174054,1.5063846447919853,0.4502190654120344,-0.15347028090323347,-0.051877930812228454,-0.08720497171641042,0.012313300831153543,-0.6697711268569353,-1.3546432855487143,-0.31026007271396383,1.5,0.0132431535346242,10883.428828598615,10840.08704497377,10930.788587701954,10789.069342077857,0.0,0.0,0.0,0.0,0.0,0.0,nan,0,-0.007109539696306566,-0.0007534441020812799,0.00413858786769139
11.04215181499967,-1.35081396985974,-0.3091297834301856,1.5228359190743275,0.47261104003189974,-0.1473673739803269,-0.009006991794451885,-0.08488180031259482,0.00944209441526047,-0.6584985735498716,-1.3460205325037693,-0.3168178006852678,1.5,0.02456749582210791,10909.229230849129,10855.286792590325,10960.19719835576,10821.649634774387,0.0,0.0,0.0,0.0,0.0,0.0,nan,0,-0.006907474788994783,-0.007459303269968909,0.0205573918226849
11.052702345999933,-1.3471622174831013,-0.3091534833981435,1.4980192411356439,0.46382783279100465,-0.12434394174560934,0.02290362352136128,-0.08814639197075418,0.009622357517007653,-0.6451093116520007,-1.3460205325037693,-0.3168178006852678,1.5,0.007998037868656912,10879.72170724049,10818.665944145938,10930.561571348297,10806.585215241537,0.0,0.0,0.0,0.0,0.0,0.0,nan,0,-0.006053923303663611,-0.0038160247506209277,-0.004297157976373311
11.063477509999757,-1.3406127764864741,-0.2931570986913243,1.5058267367024385,0.43775935400901467,-0.09498431402692001,-0.023146862725278626,-0.08907605961204663,0.011747563533372581,-0.6276401278281741,-1.3371499127843107,-0.32316380209191115,1.5,0.030762713381463868,10866.306650416,10799.429079404865,10911.422242508195,10784.737794219463,0.0,0.0,0.0,0.0,0.0,0.0,nan,0,-0.002362656130260099,0.01578125393083174,0.003471300636158192
11.07391758599988,-1.3294671098785262,-0.30303920005716445,1.520764851539627,0.4267967719871217,-0.11982337779506558,0.029988264419121887,-0.0950910798125096,0.012937680096420599,-0.627104248082725,-1.3371499127843107,-0.32316380209191115,1.5,0.029919962015497494,10882.485348407587,10829.113720627645,10912.48543436521,10784.928782914492,0.0,0.0,0.0,0.0,0.0,0.0,nan,0,0.0058647096066970494,0.009432875076086533,0.018369790544292552
11.08402514699992,-1.3251822927516446,-0.3117568639003757,1.4905975389732309,0.4357909042338427,-0.1083018087603885,-0.004735149531691157,-0.09258940554562145,0.013247624190175956,-0.6017583792749227,-1.3280742737717421,-0.3292650784215052,1.5,0.02008251486488698,10844.352500856523,10786.304754099961,10875.969650566509,10733.209139378572,0.0,0.0,0.0,0.0,0.0,0.0,nan,0,0.007171116096003516,0.004180851448706668,-0.01183468638626528
11.094597149999572,-1.3071161044460753,-0.3285459026034343,1.519077160773012,0.446448681342714,-0.09407003019101359,-0.016574167546047833,-0.0904695998627687,0.012801451264276625,-0.5955512862232358,-1.3280742737717421,-0.3292650784215052,1.5,0.02834960561454021,10867.884758282016,10817.7561222757,10888.696315500585,10754.548807936155,0.0,0.0,0.0,0.0,0.0,0.0,nan,0,0.022198730252042997,-0.009211619931895565,0.01661188581536499
11.104935072999979,-1.3317612985078053,-0.32228112837884687,1.508478314478262,0.4399838348312369,-0.11267213464637402,-0.03793210689136198,-0.09274418639687552,0.011889271936840418,-0.5787702385466829,-1.3187361752180637,-0.3351569063993944,1.5,0.02018220287133423,10873.190510032367,10811.035980533128,10886.026392682092,10753.177029820976,0.0,0.0,0.0,0.0,0.0,0.0,nan,0,-0.0055454502140783735,0.00037944485840391007,0.005982393376869677
11.115502560000095,-1.3248782577358817,-0.3238717369010892,1.4916187825423703,0.45035077739265583,-0.09640481887264295,0.011074817597498055,-0.09685050253190375,0.015230740000861054,-0.567692525855712,-1.3187361752180637,-0.3351569063993944,1.5,0.015340307504520199,10889.263035974433,10840.118587124693,10909.168147238046,10777.613846146322,0.0,0.0,0.0,0.0,0.0,0.0,nan,0,-0.0018220551914189809,0.0020436404447470857,-0.010907359993323373
11.125964931999988,-1.3238768663387563,-0.33247760134283944,1.5189634905378278,0.42706218186613015,-0.1282553880499912,0.030992331677680632,-0.09765785386525178,0.01672807574185375,-0.5460467216601484,-1.3091847225163593,-0.34080434112094554,1.5,0.02539306320254759,10889.263035974433,10840.118587124693,10909.168147238046,10777.613846146322,0.0,0.0,0.0,0.0,0.0,0.0,nan,0,-0.004041193117880981,-0.003380095469653177,0.016405640682390255
11.136452640999778,-1.3112123316692381,-0.3376000430922383,1.5241770343721508,0.4502114008770892,-0.08079805695687979,0.01880165639912907,-0.09703943507666521,0.016271610458333537,-0.5414526232281457,-1.3091847225163593,-0.34080434112094554,1.5,0.0244725911126259,10895.43918301744,10839.589899255396,10906.199217673733,10774.380398472176,0.0,0.0,0.0,0.0,0.0,0.0,nan,0,0.005342090808282629,-0.005393832018383893,0.021589866541601443
11.14757580999958,-1.332088556233023,-0.33055736979779443,1.4706982069748031,0.42248279715501985,-0.08595330135743488,0.008054080979715838,-0.09848532415543369,0.013363316069602681,-0.5244368833491773,-1.2993927760087807,-0.3462207714323536,1.5,0.046614925396582324,10824.398618407718,10777.360945795532,10840.887330744372,10717.645140263485,0.0,0.0,0.0,0.0,0.0,0.0,nan,0,-0.018875805110881272,0.004683543765986453,-0.031910110156464055
11.157872083999791,-1.2905636809304553,-0.34435438505108684,1.4707604129548109,0.4648637558802843,-0.08808740531289198,-0.030772241200993585,-0.09725119850579375,0.017937988642348097,-0.512518521514547,-1.2993927760087807,-0.3462207714323536,1.5,0.03060048641115825,10858.423722874777,10833.161001222674,10877.509563945023,10747.107378254577,0.0,0.0,0.0,0.0,0.0,0.0,nan,0,0.01924682769669861,-0.006153873480912342,-0.03186241998280903
11.168192978999286,-1.3113365537680097,-0.3388444271007661,1.5266247759497478,0.4466821351887763,-0.1034719442280822,-0.026426976324054316,-0.09879558136329228,0.015490730238251272,-0.4983735767903862,-1.2893827182831132,-0.35139078525172274,1.5,0.03671866949828442,10858.423722874777,10833.161001222674,10877.509563945023,10747.107378254577,0.0,0.0,0.0,0.0,0.0,0.0,nan,0,-0.0049894480851793155,0.002238956257544167,0.023985446167738456
11.178562590999718,-1.3037724195221359,-0.3252433260266428,1.5046949379049765,0.4716793908803215,-0.10106091511128543,0.019948431671922173,-0.09741663772983641,0.02032919625129593,-0.47980676571813896,-1.2893827182831132,-0.35139078525172274,1.5,0.030212506807730015,10923.877953291045,10881.003169697471,10925.428854186941,10811.939148431422,0.0,0.0,0.0,0.0,0.0,0.0,nan,0,-0.0009501161130454072,0.018644999486820746,0.002033763173993286
11.189149126999837,-1.3093312272206914,-0.35950485855527814,1.5333385517582543,0.45025233356368083,-0.10388625519679405,-0.058761412554999726,-0.09927279512188467,0.019783620069707738,-0.46872810350113325,-1.2791483850523655,-0.3563153672379791,1.5,0.04508476294225132,10878.245695527829,10846.503173891204,10886.903029430698,10783.432623672265,0.0,0.0,0.0,0.0,0.0,0.0,nan,0,-0.010094912398903366,-0.012890172987951587,0.030653620096312117
11.199649369999861,-1.2825608060699853,-0.3758918241140682,1.4986424155922367,0.45707573501224735,-0.08734671353992343,-0.02506274682662124,-0.09974596416554722,0.02171263563304772,-0.45375373520203555,-1.2791483850523655,-0.3563153672379791,1.5,0.019917964666277335,10882.113644974033,10859.027807319053,10901.908939325103,10807.316640705589,0.0,0.0,0.0,0.0,0.0,0.0,nan,0,0.013028382101018421,-0.026630207088516544,-0.0040675551237885355
11.210256484999263,-1.304390132975938,-0.35802445509177405,1.486276511410982,0.45007511393996913,-0.10228691645957404,0.05224528747337499,-0.10004126742170852,0.022764977806506492,-0.43719015971297276,-1.268691077277908,-0.360991351941169,1.5,0.038360907102138485,10901.326681296288,10874.875789217915,10917.839458685286,10836.160215089285,0.0,0.0,0.0,0.0,0.0,0.0,nan,0,-0.012509380850342255,-0.006196452345293646,-0.016462785595512175
11.22074763799992,-1.286197341012368,-0.3384450418999086,1.5233451833769727,0.43085835019205926,-0.10811450403935224,-0.0077930843882852395,-0.09885359138869568,0.02144003562079357,-0.42888767089357555,-1.268691077277908,-0.360991351941169,1.5,0.036875506143259705,10860.634803468303,10852.614292044816,10889.113922854829,10813.05666482366,0.0,0.0,0.0,0.0,0.0,0.0,nan,0,0.0019137668312556588,0.015868024536922654,0.02057332347106433
11.231176026999492,-1.282325977917334,-0.37822105215399365,1.505060087252768,0.4168269095559239,-0.06652376477201438,0.02823418119056572,-0.10010601864016441,0.023994079210677203,-0.41260237920347215,-1.258010279029014,-0.36541641973855526,1.5,0.02794309050065088,10835.640035556695,10845.174478010049,10884.560216938875,10793.685695314776,0.0,0.0,0.0,0.0,0.0,0.0,nan,0,0.0019545711731849824,-0.021504773516955566,0.0022563161462001435
11.24190002799969,-1.27638739361603,-0.3850817035841871,1.4956947962474303,0.4696526837257077,-0.057512747502974707,-0.0007850664503193903,-0.10504598356172398,0.029086435175665185,-0.4018627889865223,-1.258010279029014,-0.36541641973855526,1.5,0.027257595429984707,10813.660984012227,10841.45666445572,10863.720194518637,10776.5461802236,0.0,0.0,0.0,0.0,0.0,0.0,nan,0,0.004001909269593096,-0.026044665065965866,-0.007137448978149941
11.252278117999595,-1.2717500640274948,-0.3579981172405752,1.4816643807427294,0.46577789966726507,-0.054409749428860794,0.05625538609173659,-0.0997011553892419,0.02926329441464765,-0.3849758479476194,-1.2471089902581538,-0.3695868574224901,1.5,0.03282798119071024,10846.497383660004,10857.497222620284,10868.640014382134,10805.354012136044,0.0,0.0,0.0,0.0,0.0,0.0,nan,0,0.004687320782496895,0.0032763721648440547,-0.02119339603943393
11.262695215999884,-1.2712865977127186,-0.3581124117799753,1.493331353912566,0.44052011577616473,-0.023451315190496556,-0.03803455887389203,-0.10421137450866777,0.029385036805231954,-0.37374065461015094,-1.2471089902581538,-0.3695868574224901,1.5,0.02758061720972718,10837.354086782201,10852.640856249158,10840.498837078056,10793.324539097963,0.0,0.0,0.0,0.0,0.0,0.0,nan,0,0.00113821854943974,0.005315384953386348,-0.009549455251147476
11.273400555999615,-1.270130936300238,-0.3792384836721525,1.4734677810718944,0.4553174311930345,-0.05339523956760908,0.062024980046247846,-0.1049601044481575,0.03268341922683508,-0.3591178018401771,-1.235988429908013,-0.3734998935778303,1.5,0.043618812458189424,10889.85287473717,10912.954535107026,10878.553166043654,10827.201227728076,0.0,0.0,0.0,0.0,0.0,0.0,nan,0,-0.0017794784423992294,-0.013742568876335237,-0.029436672800151387
11.283897859999342,-1.2664450275214636,-0.3691624731943343,1.4885933321362024,0.46284930227981824,-0.047553320229291846,0.04518406428549272,-0.10351872631497865,0.031057918187104246,-0.34921127927888435,-1.235988429908013,-0.3734998935778303,1.5,0.03281051090010336,10868.078572245733,10899.96377084165,10854.114266209897,10818.291730182176,0.0,0.0,0.0,0.0,0.0,0.0,nan,0,-0.00222779508277271,-0.0016845826723265178,-0.014337712784241674
11.294278288999521,-1.2713775007419912,-0.36706638645022494,1.5072357041756943,0.468338837092094,-0.038940545146780685,0.046237107089188496,-0.10241870517301524,0.025925700994902486,-0.3332323856960458,-1.2246488722061437,-0.3771531651323834,1.5,0.04834938721371994,10851.852469854957,10886.419229157918,10839.513536813765,10804.270359928087,0.0,0.0,0.0,0.0,0.0,0.0,nan,0,-0.011355089725879397,0.002306871085820339,0.004278037550927261
11.304675870999745,-1.2348183403300097,-0.38069565077526063,1.4937922918517417,0.47166994716437055,-0.05681809117003737,-0.0028119736175906823,-0.10575331856694464,0.03236217497405965,-0.31281506895584626,-1.2246488722061437,-0.3771531651323834,1.5,0.012429920631535448,10814.896757318467,10868.131881278745,10804.681876374234,10770.151377311999,0.0,0.0,0.0,0.0,0.0,0.0,nan,0,0.020949019843195638,-0.00951394658410809,-0.009187787553522675
11.315361833999305,-1.2619281478540634,-0.3635861853656184,1.5052995674079548,0.4608304945973264,-0.029720094062976245,0.00639388337784111,-0.1022692386352762,0.03209171489815215,-0.3125624488804387,-1.2131033530455464,-0.3805407566161017,1.5,0.05195578398112148,10814.896757318467,10868.131881278745,10804.681876374234,10770.151377311999,0.0,0.0,0.0,0.0,0.0,0.0,nan,0,-0.010475950110143462,0.009316416781704417,0.002301497689904064
11.326257716999862,-1.237576604750087,-0.37824224923047955,1.4860106460691016,0.4362181963238657,-0.005386634892054156,0.02249156503689462,-0.10353574130058668,0.038249690122702636,-0.2897473233558435,-1.2131033530455464,-0.3805407566161017,1.5,0.028282949078897286,10838.257848242414,10903.795160492204,10825.983318276622,10807.748982332374,0.0,0.0,0.0,0.0,0.0,0.0,nan,0,0.009500269843580655,-0.0037071327273867083,-0.017003509938208206
11.336948344999655,-1.2520129475916844,-0.3698715720865566,1.5088597303877307,0.48327848751116675,-0.020874433149999774,-0.021631493512458237,-0.10658879849988807,0.037536784070220264,-0.2797033057357262,-1.2013396188206,-0.38366454770822556,1.5,0.053259057894274056,10847.789514476211,10925.376068854854,10832.850726628296,10815.518633037222,0.0,0.0,0.0,0.0,0.0,0.0,nan,0,-0.009371519467628486,0.0062069864945176745,0.005830134575111723
11.346788969000045,-1.2381403333293715,-0.36878535914152866,1.523028114736232,0.4685888054644166,0.012392805903669372,0.022819256603391055,-0.10215115608678886,0.03545664640675593,-0.2719481330658174,-1.2013396188206,-0.38366454770822556,1.5,0.04589092403803266,10866.604033892383,10945.310509746521,10837.604300919338,10840.603822680307,0.0,0.0,0.0,0.0,0.0,0.0,nan,0,5.482368157228024e-06,0.008746801353239408,0.019981163391603385
11.357352714999251,-1.228312085420958,-0.38316933459565283,1.4971195903858432,0.4770280874942388,-0.05502100855853749,0.03334077573519621,-0.10089011288133148,0.038543135367004114,-0.24725353431391556,-1.1893818727879917,-0.3865168390151662,1.5,0.039179892815473016,10866.604033892383,10945.310509746521,10837.604300919338,10840.603822680307,0.0,0.0,0.0,0.0,0.0,0.0,nan,0,0.0052781728357469415,-0.0042737641424175354,-0.005945083731218714
11.368200396999782,-1.22444091437131,-0.3929516511655021,1.505001977413435,0.48139348112183605,-0.013021244931686809,0.0668883885259983,-0.10180116987907993,0.039600226004510644,-0.24006234077761435,-1.1893818727879917,-0.3865168390151662,1.5,0.035993929796501345,10812.898333257468,10912.802653447552,10796.53440288469,10815.88977304843,0.0,0.0,0.0,0.0,0.0,0.0,nan,0,0.0045341800147906675,-0.012783000213277163,0.0019225877622133236
11.37844042100005,-1.2299138411080792,-0.38013674269010955,1.5215243688353204,0.5264634089514264,-0.027307957435667645,0.02542167846473479,-0.10352605148039246,0.03939762139164393,-0.22429124410194126,-1.1772020698114087,-0.3891028686269844,1.5,0.057638708359116664,10812.898333257468,10912.802653447552,10796.53440288469,10815.88977304843,0.0,0.0,0.0,0.0,0.0,0.0,nan,0,-0.005613160549267748,0.0012145967820136327,0.018436950639400873
11.38910182499967,-1.2151508816514873,-0.389338413066561,1.4977255411831785,0.484856411745208,0.019591453232599358,0.059193566989239846,-0.10504758118531714,0.037474139269061665,-0.2104016308079677,-1.1772020698114087,-0.3891028686269844,1.5,0.038017640170927514,10772.650784442234,10877.27808883264,10764.870453906067,10790.835345482341,0.0,0.0,0.0,0.0,0.0,0.0,nan,0,0.004416503582206577,-0.006894779475768831,-0.005359301756128643
11.400120713999968,-1.1966123298414466,-0.3978444714298497,1.5164679855076137,0.4741572406944969,0.015772826637726348,0.008711828095615787,-0.10565117154592574,0.044710925689165064,-0.19844587035429437,-1.1648109087319884,-0.39141821757723755,1.5,0.036384360236759415,10754.383835750734,10869.747157305457,10724.344833481073,10776.786770636287,0.0,0.0,0.0,0.0,0.0,0.0,nan,0,0.018163113711934464,-0.0143991011327676,0.013398138997663844
11.420406510999783,-1.2161620439303504,-0.36572515168346237,1.5099461305512547,0.5073368389609244,0.01663602766497165,-0.01646299379383044,-0.10160278853016026,0.047503210782669135,-0.17493831492765424,-1.1522431030257412,-0.3934559583576554,1.5,0.07038149016688267,10777.716283489452,10901.910635004837,10739.654083893347,10805.350489500499,0.0,0.0,0.0,0.0,0.0,0.0,nan,0,-0.011146166627950205,0.019450527312748933,0.006939872092397437
11.430886439999995,-1.2137448758275167,-0.37992978744506467,1.5275599791992864,0.4911787623460433,-0.016563632665575773,0.04235087058825046,-0.10031348243662973,0.051118422771017996,-0.15243034949946038,-1.1522431030257412,-0.3934559583576554,1.5,0.06873847402134359,10807.665122844417,10941.047179705709,10760.08435058912,10841.580974748194,0.0,0.0,0.0,0.0,0.0,0.0,nan,0,-0.013696762688410136,0.005973415687748174,0.02459620488474079
11.441386683000019,-1.1965903049980287,-0.3962431532556684,1.4894869327806948,0.5253011358980644,-0.02454658879005694,0.048357230758120956,-0.10338276035598672,0.04951338419296061,-0.13956962738457798,-1.1394450618391643,-0.3952236247538534,1.5,0.058113189866065514,10754.768600806075,10912.17478868261,10733.291758156472,10817.232334424913,0.0,0.0,0.0,0.0,0.0,0.0,nan,0,-0.0015685052937908228,-0.009704510730450644,-0.013428119313921183
11.452129229999628,-1.1704911979830677,-0.3837501267158909,1.4932432991240496,0.5408358677004274,-0.015698042696248266,0.003783438151361983,-0.1044483171252288,0.04912507638067155,-0.12806470610800902,-1.1394450618391643,-0.3952236247538534,1.5,0.03378101143275586,10755.306317128241,10914.028358229045,10730.092072995283,10844.511457841521,0.0,0.0,0.0,0.0,0.0,0.0,nan,0,0.019445994236026554,0.0033319467812751302,-0.009614540893854384
11.46260141699986,-1.166522292680857,-0.3858256120100773,1.5077999043698742,0.5393600367673641,0.02833202029427177,0.021817265258429055,-0.10208137329434783,0.05038993058503306,-0.12077269101419226,-1.126464107771114,-0.3967132736165789,1.5,0.04223787236237205,10755.306317128241,10914.028358229045,10730.092072995283,10844.511457841521,0.0,0.0,0.0,0.0,0.0,0.0,nan,0,0.018271882629086633,0.0017074442306585502,0.005004197266706978
11.47323649200007,-1.191286254446155,-0.38822260193947283,1.5013554448616901,0.523719307206346,0.04068733122380029,0.018465031103398376,-0.09946951735562873,0.05022773153808814,-0.10870068075761792,-1.126464107771114,-0.3967132736165789,1.5,0.06538990316449507,10795.165484570982,10944.41977173304,10731.651087584292,10891.892754176613,0.0,0.0,0.0,0.0,0.0,0.0,nan,0,-0.011693557904408403,-0.0003313279472612618,-0.0013757689545754737
11.483445385999403,-1.1866669500644031,-0.39557389310735436,1.5045366083804705,0.5168623147471535,0.05218985564012953,-0.0035521208676315753,-0.0981546569288098,0.05093973615601805,-0.09585344005614398,-1.1132743308418962,-0.3979272361495593,1.5,0.07357034453780917,10797.105984816268,10966.160731320331,10741.887412910366,10892.169342151348,0.0,0.0,0.0,0.0,0.0,0.0,nan,0,-0.012334119751765238,-0.00741726980978763,0.0018716268343603737
11.494171661999644,-1.154311233581987,-0.3820154657663789,1.4923345893353264,0.5222403122242941,0.03714207405235682,0.04195378178320996,-0.09900413136095028,0.0527353483359156,-0.08065220300579252,-1.1132743308418962,-0.3979272361495593,1.5,0.04467628390863342,10808.28207033901,10998.77009979917,10757.962414658117,10907.016605438639,0.0,0.0,0.0,0.0,0.0,0.0,nan,0,0.014703303926149713,0.006313391843704774,-0.01026492704495241
11.50432513099986,-1.1494615104681645,-0.3881039073523858,1.5209646433099657,0.5557676114155863,0.016741011158363205,0.027997936626703242,-0.09857032706618815,0.05375875746104134,-0.06443306827347349,-1.099902344336449,-0.3988624180096992,1.5,0.05487597624050604,10798.013155916453,10998.384653696281,10746.680200213956,10899.851138691347,0.0,0.0,0.0,0.0,0.0,0.0,nan,0,0.014176361952312977,0.0003040106381311247,0.018428880948258453
11.515051057999699,-1.159659835613158,-0.38209218687210544,1.5170883919740297,0.5609797141517551,0.05398223747267101,-0.0015412599882886613,-0.09913218448670337,0.054812588214790556,-0.055590292817725505,-1.099902344336449,-0.3988624180096992,1.5,0.06437555092076762,10771.936363832088,10974.605602131403,10715.294401742356,10892.333190993142,0.0,0.0,0.0,0.0,0.0,0.0,nan,0,-0.00145672862359425,0.0063019466913602495,0.014617377775580476
11.525420523999856,-1.1498487000880195,-0.38884293796976777,1.510890540212662,0.5274584428195055,0.043180523670938664,0.034056237280914586,-0.09932274213210208,0.059186736278583084,-0.04235272801370905,-1.0863425883493092,-0.3995192459044163,1.5,0.06531166546191125,10785.146383478215,10989.778547528529,10717.432474132493,10903.639865444979,0.0,0.0,0.0,0.0,0.0,0.0,nan,0,0.002861693516326147,-0.0005552322634816975,0.008486187353603958
11.536094616999435,-1.137988050802747,-0.3788074211717245,1.4663854921800377,0.5481930356256604,0.04880862085547485,0.05402418031340451,-0.09396007728082832,0.056556696309699755,-0.034688500337939604,-1.0863425883493092,-0.3995192459044163,1.5,0.06500898869975978,10767.218145320092,10986.433634693212,10704.39427102657,10895.14884014419,0.0,0.0,0.0,0.0,0.0,0.0,nan,0,0.009171775020590633,0.009281376495812288,-0.03595020692480788
11.546617070000138,-1.1410790428821354,-0.37558979638478407,1.5157385150916878,0.5497367310511442,0.0033200001719322723,-0.002196985516198337,-0.09339938731103543,0.05907634823417881,-0.011739907386143904,-1.07258886694418,-0.39989765903446667,1.5,0.07436045483924358,10782.803616684172,11007.574476318403,10723.681968149838,10916.425120626895,0.0,0.0,0.0,0.0,0.0,0.0,nan,0,0.00047238440634655987,0.01220772553696986,0.013472546832205223
11.557008324999515,-1.1348728079146218,-0.40473622452626185,1.5092601590013055,0.5653196480350706,0.06258406387493355,0.014277153343606146,-0.09630104034325528,0.06356548115912657,-0.005364480539880667,-1.07258886694418,-0.39989765903446667,1.5,0.06315418880452278,10773.500014886778,11016.325943946085,10731.772286583955,10936.390176342882,0.0,0.0,0.0,0.0,0.0,0.0,nan,0,0.0010123134633421849,-0.01732232623969676,0.007062651231983352
11.567510915999264,-1.1401166841635129,-0.39892116782032394,1.5174519644256788,0.5775537690947046,0.043230082953211624,0.01683619984191409,-0.09058030617210783,0.06269286572938282,0.010899660986175988,-1.0586269418696699,-0.3999970658715793,1.5,0.08334450622595825,10776.065261263533,11022.350807703087,10730.338960224784,10947.363161873602,0.0,0.0,0.0,0.0,0.0,0.0,nan,0,-0.009955787179820819,-0.011983061169382303,0.015320592962332347
11.578349718999561,-1.1029663679747217,-0.4018268176000435,1.5003931170454008,0.5981228133535904,0.03595163573360833,0.09267368632465064,-0.09291397286766101,0.06465705214149507,0.02882139082911298,-1.0586269418696699,-0.3999970658715793,1.5,0.04437890534617266,10759.581751786258,11017.455704275299,10719.259958325398,10950.87496809095,0.0,0.0,0.0,0.0,0.0,0.0,nan,0,0.021412440439112723,-0.015456334413890216,-0.0016741867172738178
11.588563415999488,-1.1200472374140895,-0.3975515771459308,1.4676659012462596,0.5631584945935709,0.04550772801093514,-0.0053690764533783734,-0.0920083913963792,0.06372969702198429,0.028598789056356048,-1.0445025884419283,-0.39981712749888276,1.5,0.08220474833575886,10759.581751786258,11017.455704275299,10719.259958325398,10950.87496809095,0.0,0.0,0.0,0.0,0.0,0.0,nan,0,-0.0015080775031586224,-0.011839782753252537,-0.03433486073146663
11.599183903999801,-1.1139355698297075,-0.3568909898318401,1.5168010286869562,0.5685254899467527,0.05777355301634078,0.015940931732867536,-0.08980941303060627,0.06719954838164914,0.04024694727614157,-1.0445025884419283,-0.39981712749888276,1.5,0.08334186681581784,10780.673756896274,11044.84862422421,10733.683275285886,10993.091057394538,0.0,0.0,0.0,0.0,0.0,0.0,nan,0,-0.0012937819567251374,0.02807115635559687,0.01486645297085909
11.610091814000043,-1.110541242164798,-0.3786799978974025,1.4844793285329299,0.6138765012148932,0.0740780719699215,0.04180393431529708,-0.08784348777393378,0.06645804746539752,0.06267109896007844,-1.0301995199173823,-0.399358492835814,1.5,0.08439954815866918,10770.185382493353,11046.31122404002,10720.137331794922,10974.854588918422,0.0,0.0,0.0,0.0,0.0,0.0,nan,0,-0.003854858030788222,0.005441472484108201,-0.01739441024593158
11.620264363999922,-1.0913090238015528,-0.3797490534039822,1.4775113898292,0.5808748183649832,0.05669422653190678,0.021074197533016398,-0.08551446390359005,0.06377130904297951,0.06940914485626525,-1.0301995199173823,-0.399358492835814,1.5,0.06800469959653033,10778.93253515323,11058.334626742017,10707.949301017894,10986.220472301447,0.0,0.0,0.0,0.0,0.0,0.0,nan,0,0.009363934324336798,0.0034411738833752814,-0.02430648813339098
11.630549042999519,-1.0753103664913901,-0.3758527226414465,1.503212372331596,0.6097593577816557,0.06854020378656396,0.06993674426569992,-0.085994288323715,0.06782604035024689,0.0865242465114131,-1.0157015357332222,-0.3986205475522955,1.5,0.06388979489342399,10794.567589395434,11086.333078629343,10734.73528404608,11009.05829418807,0.0,0.0,0.0,0.0,0.0,0.0,nan,0,0.019290948741587766,0.006315907842808943,0.0014427011699231773
11.641177556999537,-1.0827579413044013,-0.376980703938045,1.4989551345776135,0.6261077610780802,0.06249076507488927,0.07976544587236613,-0.08410900594529969,0.07344881385467593,0.09559597048766375,-1.0157015357332222,-0.3986205475522955,1.5,0.07046939834798203,10756.525549265081,11049.393673010698,10679.723875613763,10977.87681149939,0.0,0.0,0.0,0.0,0.0,0.0,nan,0,0.005713576936900999,0.004076630253318836,-0.0027722482186667285
11.651605458999256,-1.0862096540116377,-0.38421136753579604,1.509346704042977,0.6280151608306348,0.07500086990991671,0.04709314119712044,-0.0830608220920825,0.07121441301036303,0.10766076202497213,-1.0010446271140545,-0.39760558874466945,1.5,0.08671705625034391,10727.078353828836,11020.031684313053,10646.163723617254,10959.645336775977,0.0,0.0,0.0,0.0,0.0,0.0,nan,0,-0.003925771812701706,-0.004353947123958313,0.0076617453354468346
11.663295507999464,-1.0650529742573156,-0.3826793739459063,1.4860703873943628,0.5933942076894084,0.08015185632106797,0.01940378988554009,-0.08252848170017493,0.07445472075035944,0.11635439325536227,-1.0010446271140545,-0.39760558874466945,1.5,0.06718552299099981,10715.006124315809,11018.880247470785,10631.3193240495,10957.866565666927,0.0,0.0,0.0,0.0,0.0,0.0,nan,0,0.010985549109393089,-0.0041096451069577156,-0.015568969314066594
11.672932467999999,-1.0670616393531953,-0.3673729053045532,1.5080461743172089,0.6194803879468198,0.06792256673285589,0.029401549765211102,-0.08313195014890525,0.07072283311703585,0.1289654113722283,-0.9862386945935386,-0.396316006669429,1.5,0.08622524246056315,10745.166080431612,11060.736028041314,10671.667996877797,10994.095619004167,0.0,0.0,0.0,0.0,0.0,0.0,nan,0,0.002673537182549479,0.009821692155224104,0.006452694241984025
11.683270105999327,-1.0752820983428526,-0.37428287971082935,1.4888166948440973,0.6650780495170121,0.07919009939553652,0.07448622607770798,-0.07829714518207681,0.07095103154585299,0.13621825581543712,-0.9862386945935386,-0.396316006669429,1.5,0.09240807729331431,10738.823207336956,11062.787675098069,10662.644887230159,10993.691471935106,0.0,0.0,0.0,0.0,0.0,0.0,nan,0,-0.011908539478804547,0.0014495176602900006,-0.012733581613528333
11.693824354999379,-1.0458376340633955,-0.3745599357436334,1.5340427350406474,0.6779424694004359,0.03664943548367658,0.02705608899205366,-0.07523841874853039,0.0746691967701167,0.15424143977737384,-0.9711753560929761,-0.39474146387794673,1.5,0.08450241202839105,10724.097247106458,11048.466323973955,10645.760945309075,10985.404328209013,0.0,0.0,0.0,0.0,0.0,0.0,nan,0,0.011116014874084312,-0.00037600177976077065,0.03253450992380147
11.704354443999364,-1.0406948409155288,-0.36800027778984173,1.466922836380872,0.6764245359959974,0.07764281111056179,0.03228420021558502,-0.07382752573045424,0.07604781026601262,0.15993598604379528,-0.9711753560929761,-0.39474146387794673,1.5,0.08149937764473025,10699.540501820164,11017.839083799847,10623.174352018794,10989.242012889543,0.0,0.0,0.0,0.0,0.0,0.0,nan,0,0.009780651687581798,0.004549884279962557,-0.03454163140153943
11.71475890399961,-1.0303095085334624,-0.3796836211757472,1.52773829320696,0.6976518669743264,0.018190345408438433,0.08471356659221949,-0.07679649165748324,0.07874509109338199,0.17470403761969044,-0.9559982069342348,-0.39289702003765925,1.5,0.08041253860493794,10750.447205814426,11060.198965696924,10665.687461910846,11042.46657565298,0.0,0.0,0.0,0.0,0.0,0.0,nan,0,0.013629253222577242,-0.008852061205368578,0.026316383712724045
11.725262000999464,-1.0242972667504149,-0.36756313417861003,1.5121947783250438,0.6760994774999908,0.04473899560908487,0.0319225963106627,-0.07010857489536626,0.07576324765441242,0.1894395816032944,-0.9559982069342348,-0.39289702003765925,1.5,0.07385986706520965,10684.238923967832,10989.376344841377,10602.352637186797,11005.951725496345,0.0,0.0,0.0,0.0,0.0,0.0,nan,0,0.013046129346759638,0.0014658721656165552,0.010815650879007599
11.735759746999975,-1.0153685869315332,-0.35370152343043587,1.4890984023380331,0.7402890092637296,0.05380841843537655,0.010627480993937951,-0.0699352552367366,0.07766425433049677,0.20014973101212785,-0.9406541225167863,-0.39077859913051816,1.5,0.08411780766779126,10680.70263514485,11001.933130062085,10614.459275627582,11018.811857417426,0.0,0.0,0.0,0.0,0.0,0.0,nan,0,0.01532092981832145,0.013442121128269868,-0.012233455901775603
11.74635222300003,-1.0238783030399707,-0.359534722956931,1.4954283294694115,0.6867195063709841,0.040679080396143485,0.09985002396247813,-0.06836742460075018,0.08267348253291527,0.20362956636327872,-0.9406541225167863,-0.39077859913051816,1.5,0.08901316865243197,10733.706282138926,11039.708203343913,10639.963081214664,11074.047869187554,0.0,0.0,0.0,0.0,0.0,0.0,nan,0,9.837063300421889e-05,0.0056411291966698696,-0.005856609965511517
11.757106344999556,-1.0056198828819582,-0.3717455049514783,1.5291831582968634,0.7317520298596422,0.06373982638932155,0.07112158232129824,-0.06890369389801733,0.08043287774995492,0.21923585807448676,-0.9251388843297166,-0.3883865469006472,1.5,0.08721107804229752,10688.689300485572,11009.561836665207,10614.45098323436,11038.976356506006,0.0,0.0,0.0,0.0,0.0,0.0,nan,0,0.011584812433605984,-0.008619119685900067,0.027944206947113637
11.767312900999968,-1.0148231347397072,-0.36727682433395975,1.4740365264645054,0.6893113641238207,0.08804728948655753,0.05070096290642286,-0.06697294984485992,0.08097901233714704,0.2279840060993987,-0.9251388843297166,-0.3883865469006472,1.5,0.09572349302273053,10654.395833799788,10974.775851622771,10566.03688151208,11009.349271607021,0.0,0.0,0.0,0.0,0.0,0.0,nan,0,-0.004449273166356793,-0.006280230764542261,-0.02715103621152104
11.777769689999332,-1.0195101082568105,-0.3487623806934798,1.5055944481022434,0.7311119121333636,0.05734248123379131,0.0254318492895998,-0.0633964150608121,0.08060011739965767,0.23877965821711633,-0.9094480710760712,-0.38572093124031887,1.5,0.11623632967565005,10689.895142302968,11031.05994693367,10609.947133791784,11036.34677506314,0.0,0.0,0.0,0.0,0.0,0.0,nan,0,-0.01602609452159731,0.010024870759286708,0.004462965656481632
11.788337639999554,-0.9963034430864559,-0.35949848417565194,1.470468996011065,0.740617991664556,0.05826035665150408,0.09414332106854027,-0.06344427513037697,0.08336233689848949,0.25608778498655355,-0.9094480710760712,-0.38572093124031887,1.5,0.09541253887050734,10703.59675324188,11052.501249943105,10624.381902415933,11054.071742433438,0.0,0.0,0.0,0.0,0.0,0.0,nan,0,0.00023127055789984308,-0.0029996975531917935,-0.030606879633443107
11.798997210999914,-0.9824549778545986,-0.354566403137713,1.5123964049440792,0.7354475792071831,0.03330376386429655,0.042792546519787825,-0.05966882014625989,0.0807601269167876,0.26564566622873076,-0.8936245570951106,-0.382790703609082,1.5,0.09402726011611413,10699.150082940509,11054.181194746065,10617.879208523487,11057.989106594736,0.0,0.0,0.0,0.0,0.0,0.0,nan,0,0.007070785524069589,-0.000434442573922722,0.011374260889644106
11.809338282999306,-0.9854284934012372,-0.3479682750933967,1.5184679551927172,0.7466871078422881,0.04583159718963669,0.03572048513536543,-0.06080847916479913,0.08533895769447297,0.2771493603251652,-0.8936245570951106,-0.382790703609082,1.5,0.09990810586748991,10699.150082940509,11054.181194746065,10617.879208523487,11057.989106594736,0.0,0.0,0.0,0.0,0.0,0.0,nan,0,-0.0029713980120686934,0.0037194470169371052,0.017498311365313768
11.819913256999826,-0.9562374040929512,-0.3493034901186081,1.5053871456053871,0.7312486759807112,0.0043870374421219535,0.07122383048990173,-0.05314336264528241,0.08523887250913433,0.2867706511210723,-0.8776130662388146,-0.37958703646517955,1.5,0.08442689749185384,10675.568226375008,11049.305415231536,10610.285585217152,11061.003631677153,0.0,0.0,0.0,0.0,0.0,0.0,nan,0,0.01909123874739449,-0.00013645142012191913,0.004469430066226465
11.830452337999304,-0.9586591656370903,-0.338795680625302,1.5245546586297247,0.7492620179066009,0.06415034024696678,0.07051984197222147,-0.054499752930059056,0.08530306782167776,0.29585850836063,-0.8776130662388146,-0.37958703646517955,1.5,0.09399646907917875,10643.18859058017,11028.091305020604,10602.544503207633,11060.888118487304,0.0,0.0,0.0,0.0,0.0,0.0,nan,0,0.009481229471753005,0.007775279275229974,0.02368983754468834
11.841211608999402,-0.964486104487838,-0.35006617353223746,1.5132249525675343,0.769475220025426,0.01938200744411456,0.1396429720294712,-0.0544030978890096,0.08638879247043581,0.3075144607333311,-0.8614830538955517,-0.3761255522699183,1.5,0.1070682913935051,10618.489531693482,11011.774077784718,10567.986809362616,11028.211236641266,0.0,0.0,0.0,0.0,0.0,0.0,nan,0,-0.0035936163132883614,-0.006165457155269061,0.012417792662033023
11.851382916999682,-0.9405944103138779,-0.34740561444283036,1.5050376156650056,0.773546615216766,0.05856720289637275,0.04291206844345403,-0.05299763566870878,0.08396849393440221,0.30601959354757197,-0.8614830538955517,-0.3761255522699183,1.5,0.0843138133091343,10554.603315992052,10954.854989407631,10508.008633226229,10980.255280173018,0.0,0.0,0.0,0.0,0.0,0.0,nan,0,0.012990895720678464,-0.006247784979534821,0.004300501466280249
11.861796064999908,-0.963536261233636,-0.3484297887505951,1.4716762517230786,0.8122333582878012,0.0741980713303445,0.0398558388003023,-0.05200930747104289,0.08183336752473597,0.32017322763437606,-0.8451809755276645,-0.37239685721311194,1.5,0.12403478843325984,10593.61238904732,10989.917121420722,10543.352699500536,11010.47335883685,0.0,0.0,0.0,0.0,0.0,0.0,nan,0,-0.01731742083795973,-0.010086427065762404,-0.028976843207566993
11.87235778000013,-0.9487351102451428,-0.3433720133174517,1.4687707542447994,0.8035518258873066,0.021104869662650346,0.04939673956492874,-0.0472526527565146,0.08165437700704732,0.33338952708412284,-0.8451809755276645,-0.37239685721311194,1.5,0.1119873482617202,10661.101062064425,11051.79720399512,10591.191719612825,11064.212245626071,0.0,0.0,0.0,0.0,0.0,0.0,nan,0,-0.009942685012690133,-0.00791438483065654,-0.03179283251649423
11.883288520999486,-0.9406272040686462,-0.317618970011237,1.4844302734160644,0.7937403741626977,0.026966227341394842,0.10003722030220791,-0.04592094829040146,0.08613035410336387,0.33504047755450217,-0.8287462157035764,-0.3684117574940405,1.5,0.12385345858601052,10689.152319428136,11087.341697904621,10635.2716060984,11106.07374712123,0.0,0.0,0.0,0.0,0.0,0.0,nan,0,-0.00932181960251921,0.014881996105242157,-0.01604689667835224
11.893534643999374,-0.9129047060419888,-0.32955859439305335,1.5145353638381482,0.820971054881371,0.01085837210887533,0.085503227745967,-0.04833091064186654,0.0874648456639959,0.3479639630694327,-0.8287462157035764,-0.3684117574940405,1.5,0.09382695018436818,10666.906591611054,11066.76840187681,10612.498230477131,11084.756363475553,0.0,0.0,0.0,0.0,0.0,0.0,nan,0,0.010852812059446215,-8.432264469560025e-05,0.014140263787887353
11.904065521999655,-0.9290716446593804,-0.3412140905661595,1.5005359040861403,0.8274026911091551,0.03785900388670578,0.027679334397878716,-0.04106147219226932,0.08140036357237289,0.3552311568715407,-0.8122044817247275,-0.3641796218239784,1.5,0.11910347010703809,10634.18243173331,11027.627225936723,10576.164901182992,11063.594475137377,0.0,0.0,0.0,0.0,0.0,0.0,nan,0,-0.012922618459611401,-0.014835194881787472,0.00022339680164207287
11.914740288999383,-0.9088760308953836,-0.33378733878519345,1.4985769039750148,0.8180266444058653,-0.008777838565603734,0.028537839449747183,-0.03783476401429976,0.08686060208369893,0.36933738026111923,-0.8122044817247275,-0.3641796218239784,1.5,0.10134645770652533,10657.06311872127,11056.391688337282,10609.85684881758,11092.355444441317,0.0,0.0,0.0,0.0,0.0,0.0,nan,0,-0.0003962366498220238,-0.01057148854476192,-0.0016524353514471013
11.926402314999905,-0.8952871635135493,-0.307674369142992,1.5001698392202605,0.8144679301409051,0.044659971345492856,0.06418882079002615,-0.03990898094766058,0.085013377406079,0.37544786369682503,-0.7954310643149451,-0.3596697305441243,1.5,0.11258235652071141,10667.638500115325,11075.496794193214,10644.57053780836,11125.997136332477,0.0,0.0,0.0,0.0,0.0,0.0,nan,0,0.005462224861570997,0.012311443498527141,1.9396471907295876e-05
11.935398222000003,-0.883565834093772,-0.31776863875520284,1.511224105934398,0.8439877611395196,0.020103195112918238,0.09827964441612655,-0.03822556134021877,0.08790639080647188,0.3767444888578418,-0.7954310643149451,-0.3596697305441243,1.5,0.0982314597829892,10663.033907009829,11076.220757312145,10623.67500388267,11106.423125622212,0.0,0.0,0.0,0.0,0.0,0.0,nan,0,0.009391788034374016,-0.0010789143460749329,0.011147144449610291
11.945929701999376,-0.8747300094615168,-0.2845264425940785,1.4998875529862026,0.8459989256904145,0.033954428230741726,0.05607084970445578,-0.0392214205426656,0.0886297479476311,0.39308264672094273,-0.7785595397023342,-0.35491939911284986,1.5,0.11918028455028296,10624.621850589134,11032.135779542996,10583.630148293847,11072.370799243588,0.0,0.0,0.0,0.0,0.0,0.0,nan,0,0.010374682153142523,0.02880247579059192,-0.00011674666566729996
11.956480400000146,-0.881307110881259,-0.3025512222594083,1.4992059935399658,0.8756019521558868,-0.010442589170859284,0.02565669767273182,-0.038174437686313394,0.08397598597490363,0.39524994130537416,-0.7785595397023342,-0.35491939911284986,1.5,0.11532614524200548,10649.454857449271,11047.71233326519,10578.255685831142,11080.88497046223,0.0,0.0,0.0,0.0,0.0,0.0,nan,0,-0.004116466492991244,0.007353349909561435,-0.0007241562482565023
11.966950795999765,-0.861162015729186,-0.30234933854495744,1.5068800706531298,0.8725582719880565,-0.003471634013387466,0.05588107456354119,-0.03255583751143007,0.08739654221397747,0.4120170907641522,-0.7615683352363519,-0.349926119371178,1.5,0.11058836575375827,10649.454857449271,11047.71233326519,10578.255685831142,11080.88497046223,0.0,0.0,0.0,0.0,0.0,0.0,nan,0,0.008053114751775281,0.004068132057435114,0.0070218063289637644
11.977497250999477,-0.8831798144293175,-0.30512114664376694,1.5160364777869335,0.8924851550601474,0.033576102825579116,0.06855550086517243,-0.029992106404842095,0.08689234473251142,0.4159568750071243,-0.7615683352363519,-0.349926119371178,1.5,0.1305909877151404,10667.327050355483,11058.385137281475,10604.677962843612,11119.009810506757,0.0,0.0,0.0,0.0,0.0,0.0,nan,0,-0.02200189318125989,-0.0022526176745951143,0.016245800169700564
11.987887620999572,-0.8671363120495044,-0.3202147447141303,1.4874131190470483,0.9157552281290787,-0.01592292867433398,0.026380120585390437,-0.03108754237785336,0.08670181402869825,0.41565340586132704,-0.744459467998946,-0.34469365871639823,1.5,0.12572690590744376,10650.644279471364,11046.049377879599,10582.346943256174,11092.709126789543,0.0,0.0,0.0,0.0,0.0,0.0,nan,0,-0.014057224559137271,-0.02095579251297769,-0.012311987073800434
11.998633053000049,-0.8446076722325979,-0.29330113994497226,1.51209840522024,0.8989491116449774,-0.04393734366050157,0.02708039886700642,-0.031581197228107545,0.08283135616733575,0.4314188380569969,-0.744459467998946,-0.34469365871639823,1.5,0.11321318477001586,10689.649827907107,11073.891496956732,10630.915653608867,11144.975066473662,0.0,0.0,0.0,0.0,0.0,0.0,nan,0,0.0003107321943505159,0.002288526269685287,0.012434529410317197
12.008931852999922,-0.8426585782111243,-0.29720990308196854,1.4918257766888636,0.9384381323520566,-0.008016455056194277,0.03820593845192554,-0.028569424559876943,0.08614939192919036,0.43721646827493965,-0.7271506868362918,-0.3391986391262729,1.5,0.12317444885689037,10683.557584576643,11074.36005171541,10641.59033522868,11153.3810696569,0.0,0.0,0.0,0.0,0.0,0.0,nan,0,-0.005963030081747367,-0.005348396873571248,-0.007785227456633459
12.019873851999364,-0.8322481738262947,-0.2764319312729628,1.4736865755969486,0.9112436780815033,-0.011708325981511253,0.04342033603562835,-0.02745896632721334,0.08332627648993922,0.43943423081689925,-0.7271506868362918,-0.3391986391262729,1.5,0.125209974403686,10707.468331236965,11086.38800099179,10648.244169763106,11175.860242489456,0.0,0.0,0.0,0.0,0.0,0.0,nan,0,-0.0038378190516004107,0.011643518927050234,-0.0258818096230935
12.030324366999594,-0.8303722263394058,-0.2787686946660711,1.5017098810162663,0.950544282559421,-0.023123000782734306,0.09930605825321999,-0.02268284768477403,0.08777744047751529,0.45191250733945504,-0.7097526142589023,-0.33347849421303166,1.5,0.13245820728822175,10732.32742433468,11111.116316902615,10674.936903189671,11191.930643114132,0.0,0.0,0.0,0.0,0.0,0.0,nan,0,-0.010309662409500597,0.0054636853166809,0.0021702017566789245
12.040726489000008,-0.8017294605900687,-0.2574402122839689,1.5006133535258894,0.9135715238582528,-0.01600774067995394,0.09040504354811388,-0.02364394762555592,0.08466440291043469,0.46321119431555874,-0.7097526142589023,-0.33347849421303166,1.5,0.11933958598176188,10690.812081928956,11062.543236937945,10623.148126551427,11152.65687370537,0.0,0.0,0.0,0.0,0.0,0.0,nan,0,0.009922873008821664,0.022893320666666328,0.0010906929388780906
12.050979456999812,-0.8023266564774325,-0.27288738324280476,1.4869781637039767,0.9061685322455559,-0.04552020620599414,0.127577526381186,-0.021552007800951047,0.08432218110863667,0.4655846282844332,-0.6922361149790222,-0.3275273732925741,1.5,0.12359216828170194,10660.705721275453,11043.709556039841,10593.250625299213,11118.868080786884,0.0,0.0,0.0,0.0,0.0,0.0,nan,0,0.0008534795252260752,0.0034930164536656205,-0.012532619970916814
12.061766308999722,-0.7969366733400428,-0.2855051437456096,1.5003564307903847,0.968401862873634,-2.5312718825970526e-05,0.10818211802427513,-0.016959036302743563,0.08368508049587639,0.4729746700620599,-0.6922361149790222,-0.3275273732925741,1.5,0.11281933229777423,10615.309235190613,11012.568867888429,10569.654940067598,11085.359737460074,0.0,0.0,0.0,0.0,0.0,0.0,nan,0,-0.002290274830965666,-0.013130732800979261,0.000857914442217167
12.072223751999445,-0.7880394356336301,-0.2734158086966167,1.5018716870802644,0.9479170046006069,-0.02704341253870595,0.08252644440969234,-0.0174159353974252,0.08587297967825895,0.47973150452853713,-0.6746246718365985,-0.32135686770973554,1.5,0.12314526787076413,10597.37599690777,10991.252115853746,10545.885184149538,11065.560169448368,0.0,0.0,0.0,0.0,0.0,0.0,nan,0,-0.0019879190957138304,-0.005098855008208336,0.002390604789946682
12.082673813999463,-0.7804004311272336,-0.26975710093095673,1.4799110011138437,0.9388066041702557,-0.04881023208303974,0.0961474403727328,-0.01418161881332581,0.08615665607657487,0.48912504185970945,-0.6746246718365985,-0.32135686770973554,1.5,0.11939269266325613,10598.050438953149,10992.539880315275,10549.538092778672,11068.421226891836,0.0,0.0,0.0,0.0,0.0,0.0,nan,0,-0.0030047460014034355,-0.005547863556017663,-0.019545956009488608
12.093196297999384,-0.7585086288390429,-0.25573633714406807,1.5011239599706576,0.9818429631401353,-0.047256890989710906,0.06337296765359109,-0.012865693972736174,0.08109633534794927,0.49075060931022185,-0.6568595148877616,-0.3149494578541923,1.5,0.11764352645737867,10602.264608802267,11005.285322346786,10571.941805167678,11082.578102159123,0.0,0.0,0.0,0.0,0.0,0.0,nan,0,0.010170285981427107,0.00431597902639691,0.0016963123421995796
12.103860260999681,-0.7709257509494164,-0.2603012510660189,1.4731357958327482,1.0051346211532817,-0.05945741187811909,0.09332630903690628,-0.014900733406692282,0.07895593416772242,0.49938607276260777,-0.6568595148877616,-0.3149494578541923,1.5,0.12930281582384778,10615.794928808346,11005.649525568564,10580.14167094615,11097.753331112159,0.0,0.0,0.0,0.0,0.0,0.0,nan,0,-0.011024555702820016,-0.0044540297187655176,-0.02625945634759108
12.114181734999875,-0.7345800701122791,-0.23541745121526864,1.507407677506545,0.983971572143213,-0.029905875600643596,0.08840163125460761,-0.011800339822681253,0.08435995374292164,0.5006459752820774,-0.6389726771107918,-0.3083193926212131,1.5,0.12045887407467158,10628.650076828171,11015.170566797184,10592.65896428785,11110.362062254337,0.0,0.0,0.0,0.0,0.0,0.0,nan,0,0.0164824746656852,0.016177545435000718,0.00804591835953472
12.124762151999676,-0.7557868481380872,-0.23858712543768712,1.523673295375507,0.9594332650074187,-0.06815135499687348,0.09248695910713513,-0.011103617194095673,0.08083485269756453,0.5136842614510426,-0.6389726771107918,-0.3083193926212131,1.5,0.1380889733225824,10621.758875687769,10993.75297181341,10566.656944466162,11091.4758226096,0.0,0.0,0.0,0.0,0.0,0.0,nan,0,-0.013623666981024352,0.008709695264577683,0.02434675900759964
12.135118188999513,-0.740618987174732,-0.23241760254042598,1.4956828933979225,0.984328023828004,-0.05373632655209282,0.05788552976044147,-0.006235241272682938,0.08077142231395867,0.5170359386124459,-0.6210073259517634,-0.3014865238868813,1.5,0.138188649338123,10574.71373499157,10972.892026006322,10545.7445296865,11051.188118354683,0.0,0.0,0.0,0.0,0.0,0.0,nan,0,-0.007415378465027822,0.010536462385098255,-0.003602136700118219
12.145734360999995,-0.7191747237296976,-0.231181852072993,1.5519601175307927,0.9852097947500119,-0.04638423327777082,0.03293659074962443,-0.0035776583890279,0.07952362480588156,0.5188008205537525,-0.6210073259517634,-0.3014865238868813,1.5,0.13145127872776086,10602.162078520425,11001.114724016754,10576.47326474027,11075.564792032803,0.0,0.0,0.0,0.0,0.0,0.0,nan,0,0.005009336610363069,0.007386038385972599,0.05272299908131228
12.156326604999776,-0.7120498153260905,-0.24495022934389035,1.5102636089351733,0.9921539752348925,-0.03880186726600095,0.07909172536922889,-0.005248126979059586,0.08032870442826735,0.5222034723146677,-0.6029470822864851,-0.2944488554734377,1.5,0.12024500826977506,10584.254353581397,10987.22619758733,10567.19327860658,11054.768983026985,0.0,0.0,0.0,0.0,0.0,0.0,nan,0,0.003054896931536377,-0.01081082271082609,0.011079805401662979
12.16698629199982,-0.7161642975916285,-0.23296477921396042,1.4957326704553557,1.008513426267841,-0.07630830537102767,0.10572898163194563,-0.0013743553809220245,0.0794975901825257,0.5306640837467695,-0.6029470822864851,-0.2944488554734377,1.5,0.12890554517310343,10581.20887383639,10983.397367246227,10565.4346919777,11047.371478070083,0.0,0.0,0.0,0.0,0.0,0.0,nan,0,-0.010198366344038923,-0.003294933601702993,-0.003390762163803407
12.177255782999964,-0.6790148544665874,-0.22946887324584847,1.5019231486740066,0.9823504169902109,-0.07723684079803833,0.060149090006640725,-0.004752829139791008,0.07477451158889299,0.5347387721076781,-0.5847159564262394,-0.2871797448399525,1.5,0.11057361969564639,10569.532690028453,10970.263509983237,10565.69773250381,11043.094800637065,0.0,0.0,0.0,0.0,0.0,0.0,nan,0,0.017753196843576347,-0.004308467988744763,0.002868102440498843
12.187935521999862,-0.6693974627026638,-0.2367550084212618,1.5087164223962206,1.0424474605379312,-0.05275263207740481,0.031320533674455885,-0.003741120751513641,0.07676441279048377,0.5407912630388317,-0.5847159564262394,-0.2871797448399525,1.5,0.0989423446635861,10581.335466816023,10985.801502898279,10588.829118580903,11057.409199466418,0.0,0.0,0.0,0.0,0.0,0.0,nan,0,0.018113832105222216,-0.016142810039661948,0.009736815454500336
12.198263186999611,-0.6703422531559374,-0.23258821522781253,1.5058586850685236,0.9938481775651238,-0.08664679156144675,0.049326568643694294,-0.0016464636979308786,0.07327900124720677,0.549390788903075,-0.5664247709170426,-0.27972685730714597,1.5,0.1142594367336312,10617.31417883081,11009.18889759689,10611.626048374024,11088.260149499802,0.0,0.0,0.0,0.0,0.0,0.0,nan,0,0.007853441078701673,-0.016562011326514692,0.006957448417591383
12.208780058999764,-0.6802740090063273,-0.22545873121976528,1.5074493657899266,1.061687217800368,-0.08734070056758211,0.046389147374421284,-0.0014828558412342643,0.07747658676879429,0.5467823210051188,-0.5664247709170426,-0.27972685730714597,1.5,0.1263414879333729,10615.363764606778,11019.544153942,10628.38232448216,11093.352019019767,0.0,0.0,0.0,0.0,0.0,0.0,nan,0,-0.01145265037317822,-0.014055292490157467,0.00862620620062371
12.219297962999917,-0.6506123060351052,-0.21582768020204832,1.5262715725993055,1.0684802834573346,-0.10116715106417651,0.07770028810161658,0.002576766811334966,0.0749757838693068,0.5640884234916728,-0.548029282006649,-0.27207654801710757,1.5,0.11990582753202368,10632.872703809393,11022.226201076088,10638.979415404545,11105.322010998994,0.0,0.0,0.0,0.0,0.0,0.0,nan,0,0.008776206727168057,-0.009082701756233602,0.027524474416419364
12.229921864999596,-0.6404746778470712,-0.2102069838416391,1.500061757903849,1.067706924241653,-0.11152163381912854,0.09223222098365605,0.002786294562690163,0.07280981774050875,0.5590072991948731,-0.548029282006649,-0.27207654801710757,1.5,0.11123847354846907,10603.507881187295,10981.100782146501,10594.753153845466,11082.158933428784,0.0,0.0,0.0,0.0,0.0,0.0,nan,0,0.009422977178496494,-0.008154942106098045,0.001390964813833051
12.240315203000137,-0.6334509634881723,-0.21482628308009538,1.5122337530385002,1.0380391866778436,-0.08667479148845124,0.038508811534301135,0.0048507471883398705,0.07033044087948137,0.5712158323924832,-0.5295697034458391,-0.2642498558686181,1.5,0.1156878146071239,10593.201342708326,10961.585079396937,10586.629070808807,11075.552046027218,0.0,0.0,0.0,0.0,0.0,0.0,nan,0,0.006898452404884292,-0.01750038328258438,0.013643478538926557
12.250697716999639,-0.6294616291051395,-0.19383535611089542,1.4773616210756066,1.0463350443227084,-0.09204145580710035,0.0597190433975082,0.006339807647497109,0.07074665049361407,0.5705145696842558,-0.5295697034458391,-0.2642498558686181,1.5,0.1242943875980647,10605.154579052434,10987.16238383528,10607.378057811346,11082.982837966289,0.0,0.0,0.0,0.0,0.0,0.0,nan,0,0.0012825324239646996,-0.0012677090541218516,-0.021144564204489846
12.26142498399986,-0.6024805692559086,-0.2025547595238123,1.5005244224870917,1.077431357577098,-0.1636533118611147,0.08957712919675408,0.008705361627705703,0.06800935953819501,0.5827231962902394,-0.5109653537843538,-0.2562164262870469,1.5,0.1060890388379427,10635.901219100839,11020.828208638495,10641.778268209122,11105.504554489884,0.0,0.0,0.0,0.0,0.0,0.0,nan,0,0.01860148613864676,-0.014776513214426579,0.00210155637272047
12.271982463999848,-0.6223448082366815,-0.16102211563588936,1.508565573943308,1.0648535412785587,-0.09437499093831404,0.09475825971186633,0.005503699281572215,0.06925061468842475,0.5832481490278618,-0.5109653537843538,-0.2562164262870469,1.5,0.14676753289275354,10605.555991196446,10982.32640098671,10624.273896706167,11100.81174497609,0.0,0.0,0.0,0.0,0.0,0.0,nan,0,-0.01098128320263303,0.021936670562697075,0.010224707564363111
12.282484360000126,-0.6046057236546004,-0.1911406768270381,1.4662297700690952,1.096855408518937,-0.12000620328823292,0.036501734329272825,0.009909686424929544,0.07046477090541985,0.5894724081002832,-0.49227881391883577,-0.2480069590964801,1.5,0.13035159047560815,10590.677455336767,10971.927212260416,10588.83208529093,11055.791826182805,0.0,0.0,0.0,0.0,0.0,0.0,nan,0,-0.0030163901940369886,-0.013030171474562063,-0.03202601329919608
12.292827674999899,-0.5849175775536944,-0.17132014000350426,1.4935585011365957,1.0727437538480742,-0.15255581542287425,0.032973225629598014,0.008719654496542308,0.06445194385249611,0.5857813558161108,-0.49227881391883577,-0.2480069590964801,1.5,0.12043380612602617,10590.677455336767,10971.927212260416,10588.83208529093,11055.791826182805,0.0,0.0,0.0,0.0,0.0,0.0,nan,0,0.006842194223234177,0.001914236762025151,-0.004612803015863198
12.303628339999705,-0.5813769868459903,-0.16665970202935101,1.5272884277001777,1.1184056303587322,-0.12917821057427994,0.04372196228150296,0.010596307720049717,0.06376813416116278,0.5892645775306588,-0.47352033561461393,-0.23963049317349208,1.5,0.13305056129681092,10670.247040814736,11040.784211399327,10682.33871160346,11136.669402384234,0.0,0.0,0.0,0.0,0.0,0.0,nan,0,0.0004979578491072223,0.001671567960559034,0.02919379699826541
12.31400442299946,-0.5581125467910173,-0.17237302845401345,1.5096887199834557,1.0931812514889425,-0.13794285874182455,0.0754192303851153,0.011334254777697568,0.0688452207817488,0.5864102373093767,-0.47352033561461393,-0.23963049317349208,1.5,0.10850474665710688,10652.704226141279,11008.804976681502,10651.503996716467,11112.33003650362,0.0,0.0,0.0,0.0,0.0,0.0,nan,0,0.01382293191265671,-0.008970732794102765,0.011663824572866632
12.324288551999416,-0.5794172590322867,-0.15906466256759894,1.472487987880242,1.1201323221008295,-0.14506571255578904,0.06994463923958882,0.014061224404346945,0.06253964172454064,0.5965143643164237,-0.4546955374762297,-0.23109424154453342,1.5,0.14663109795121487,10652.704226141279,11008.804976681502,10651.503996716467,11112.33003650362,0.0,0.0,0.0,0.0,0.0,0.0,nan,0,-0.017475029685861454,-0.000616013694818035,-0.025469896128668568
12.33497019799961,-0.5496912135047486,-0.14623215065839548,1.507735256937709,1.105364988620845,-0.211799376263124,0.0034009046898091843,0.012519410078825396,0.06174918757485945,0.5992423216318723,-0.4546955374762297,-0.23109424154453342,1.5,0.12761499572375823,10655.071951089381,11001.820314512717,10659.43262696576,11105.792198354939,0.0,0.0,0.0,0.0,0.0,0.0,nan,0,0.0022046089580654016,0.0072392440679401315,0.009841524600225915
12.345312206999552,-0.5574087085432284,-0.15628759025217645,1.4957772074590667,1.0972897418377703,-0.18137957008081906,0.07753708720636371,0.011993412790737413,0.06315255512666339,0.6033773068992493,-0.4357501908051512,-0.22237783650194629,1.5,0.13851551380414048,10672.016524220453,11018.13456924126,10701.553178648095,11138.94913241647,0.0,0.0,0.0,0.0,0.0,0.0,nan,0,-0.015612040931958449,-0.007816108020678614,-0.002059617146849435
12.355935876999865,-0.5250136987643034,-0.14562758689717192,1.5099520928987893,1.1054446680355172,-0.1270238979148707,0.07617358294516954,0.011339808062544178,0.061418771585477976,0.6077590096271933,-0.4357501908051512,-0.22237783650194629,1.5,0.11814236674722121,10648.725074307235,11000.504096746328,10687.327657758384,11113.596125168,0.0,0.0,0.0,0.0,0.0,0.0,nan,0,0.0066317385030540965,-0.002177636359706442,0.012164417205023703
12.366599986999972,-0.5040761628241158,-0.13959601161965274,1.4828885739951003,1.1128416948120752,-0.20236401068781978,0.016276752260551454,0.012904699989795966,0.05826362079616647,0.6136701143210587,-0.41676162512729675,-0.2135213286333858,1.5,0.11567878754858786,10628.701529588667,10984.004760470776,10651.57051043314,11072.42391565545,0.0,0.0,0.0,0.0,0.0,0.0,nan,0,0.0173669564343627,-0.0011880744149806444,-0.014853332372662287
12.377015946000029,-0.5267577418519228,-0.12293382285369064,1.504211255084592,1.1417692715394636,-0.17827125431164997,0.10356214149937736,0.011648404037453063,0.05523198077220417,0.6107240922908357,-0.41676162512729675,-0.2135213286333858,1.5,0.14255867762879737,10671.336604695658,11020.570552114426,10700.794923921294,11121.571850733919,0.0,0.0,0.0,0.0,0.0,0.0,nan,0,-0.015567363313991,0.01041259627131258,0.006509949355918421
12.387765833999765,-0.5053575887708932,-0.13672566157503224,1.50252012747376,1.158133245411631,-0.17366422995810998,0.043616289049323125,0.015737051245390817,0.05683265833845043,0.6105331268024987,-0.39769221408683186,-0.20451204094247327,1.5,0.1272524152072956,10627.918175492196,10974.559366730235,10647.065684758161,11063.390898030299,0.0,0.0,0.0,0.0,0.0,0.0,nan,0,-0.004469534909989359,-0.00845924625975325,0.004855094197185883
12.398065139999744,-0.4873656198924021,-0.13643745994180825,1.4865465497709034,1.132600393091809,-0.1723688586336422,0.05313160001112074,0.013818388869008418,0.05441817181638285,0.618485921591834,-0.39769221408683186,-0.20451204094247327,1.5,0.11338634666596047,10644.295736990156,10976.259066985058,10656.16382640773,11073.206753327768,0.0,0.0,0.0,0.0,0.0,0.0,nan,0,0.0031715365121062766,-0.013268472867484032,-0.011083088859365375
12.408672748999379,-0.5038270879443838,-0.09445195689907245,1.506997014900888,1.1405811039686629,-0.22104950149533031,0.07005885577645267,0.020085901076492326,0.055140967810608676,0.6221400274515757,-0.3785592524530532,-0.19536283515279845,1.5,0.161009298415168,10655.65338132523,10993.218824837506,10673.180760631401,11079.388831063134,0.0,0.0,0.0,0.0,0.0,0.0,nan,0,-0.023688666848298734,0.0236031142714504,0.009399818079628863
12.419340605999423,-0.45420537155530827,-0.11398300778551243,1.497623423300426,1.0898761814272357,-0.18344461038399706,0.07061832168451514,0.014929310236667347,0.05184212792232923,0.6283046435150088,-0.3785592524530532,-0.19536283515279845,1.5,0.11113352219007004,10633.64328250676,10968.267281016351,10656.476626723077,11062.344443244707,0.0,0.0,0.0,0.0,0.0,0.0,nan,0,0.015487390659181866,-0.0010573577833939418,5.644315200559191e-05
12.429885309999918,-0.45671725666659324,-0.11504384253421883,1.5267086726138477,1.1365679382937635,-0.2099213364246053,0.05074449121602507,0.01556954861458914,0.05062242484681002,0.6197771388953391,-0.3593472045074618,-0.18607101287934008,1.5,0.12344690833512413,10616.481164410712,10972.364201120565,10652.789428231903,11038.754384224016,0.0,0.0,0.0,0.0,0.0,0.0,nan,0,0.0024839639694673177,-0.0072621146171236994,0.02917232833693184
12.44051719899926,-0.43373255305177055,-0.10216774241055825,1.4783690500713673,1.1527631412689152,-0.16685803666699472,0.028665280005632857,0.018490732725163862,0.047796649949821704,0.618869790960539,-0.3593472045074618,-0.18607101287934008,1.5,0.11419648360711841,10595.36388357834,10942.749893528322,10640.151541528052,11018.905472945837,0.0,0.0,0.0,0.0,0.0,0.0,nan,0,0.014932308870588218,0.00045654981713713627,-0.01913345995675897
12.450567216999843,-0.43068443356096875,-0.09243421813792412,1.5005800494418704,1.1516877000917747,-0.21211676570614435,0.0659216311393592,0.01661400279825997,0.05012569469574174,0.6249727237121233,-0.34007497192674946,-0.17665049495003005,1.5,0.12370445535667389,10595.36388357834,10942.749893528322,10640.151541528052,11018.905472945837,0.0,0.0,0.0,0.0,0.0,0.0,nan,0,0.007400073764123771,0.0050200112265620656,0.003112172313730399
12.461324486999729,-0.42965930618277337,-0.10665266275274136,1.5224013722010825,1.17968508892484,-0.184177147833521,0.04158659507145266,0.01469055053839154,0.048337310003627836,0.6235432957968633,-0.34007497192674946,-0.17665049495003005,1.5,0.11587437565271382,10650.357644971704,10984.219301042709,10684.652642724943,11054.242432976276,0.0,0.0,0.0,0.0,0.0,0.0,nan,0,-0.002198314248914812,-0.01438025429174511,0.024966355774381332
12.471460757999921,-0.4236764960455578,-0.07353952047973214,1.5071265759885528,1.1237464792260137,-0.1516892730537135,-0.013840866743085857,0.02036375928292385,0.04491363181345013,0.6240108957813016,-0.3207564251665457,-0.16711310878507044,1.5,0.1392815332461502,10636.54786253672,10950.18615000716,10651.874158284672,11023.692655918307,0.0,0.0,0.0,0.0,0.0,0.0,nan,0,-0.006881073728116749,0.013540238991009576,0.00972511499739137
12.482303477999267,-0.40938472859783803,-0.07186678552538936,1.4940553664664264,1.1873741721480604,-0.19345367475400602,0.03213185923280275,0.01678332038084312,0.043946616097601664,0.6287057178603022,-0.3207564251665457,-0.16711310878507044,1.5,0.13023892249034227,10682.640199026078,11004.396995527079,10694.699385193739,11042.522028238134,0.0,0.0,0.0,0.0,0.0,0.0,nan,0,-0.0032960470676533515,0.010010347330612498,-0.0033144999196657032
12.492640148999271,-0.3968729904250651,-0.07383204049216363,1.4837905841082366,1.1865488103645652,-0.21587054553310658,0.03986594663461725,0.015686672117793902,0.04434694685769546,0.631083414647332,-0.3013761097790687,-0.15745626871863017,1.5,0.1279664445201944,10700.400678805236,11008.70625550319,10698.189496219546,11051.74048766707,0.0,0.0,0.0,0.0,0.0,0.0,nan,0,-0.0015313987206446167,0.002833314412727078,-0.013554038247391542
12.503070631999435,-0.3903601249093254,-0.0773407419274061,1.4715453138726025,1.1635919134271278,-0.21521972674713608,0.08937778810085364,0.0171920384089024,0.04346000144297145,0.6299107752499334,-0.3013761097790687,-0.15745626871863017,1.5,0.12307039345165761,10715.952713508941,11010.340607155083,10707.285951642882,11066.773970671888,0.0,0.0,0.0,0.0,0.0,0.0,nan,0,-0.005805010635198948,-0.005895455400243402,-0.025782199907513625
12.51390875099969,-0.38422348068201795,-0.06110903306259055,1.5009966119463447,1.1934959590242067,-0.21867043692318391,0.009216123626018143,0.017311156744998044,0.039087093967256,0.6321746628154512,-0.28195361496718835,-0.14769481429085526,1.5,0.13400453790678057,10694.85351238573,10992.338971134493,10700.365939177145,11048.476063338905,0.0,0.0,0.0,0.0,0.0,0.0,nan,0,-0.010493147290515203,0.005108782373280107,0.0036786474820329484
12.52414983899962,-0.36779946285571846,-0.04478955929254823,1.4881559372331294,1.18475771335997,-0.22525714096118793,0.033027418805022773,0.018537609433403376,0.03720588167168299,0.6411770215465662,-0.28195361496718835,-0.14769481429085526,1.5,0.13453357547018815,10712.58993743182,11001.49416186481,10716.010792797684,11061.883951790509,0.0,0.0,0.0,0.0,0.0,0.0,nan,0,-0.004931135341336046,0.016194263648085606,-0.009160005136114702
12.534894575999715,-0.3498063677038281,-0.0529422127026072,1.5035849019668377,1.152095861568685,-0.22672653301723744,0.09512589806486886,0.01878235218874577,0.044467142846253783,0.6298382282487424,-0.2624450993374022,-0.13781166263759256,1.5,0.12185100026249074,10716.407900135124,11008.430859719605,10719.99033812839,11063.852213225686,0.0,0.0,0.0,0.0,0.0,0.0,nan,0,0.002163753454863526,0.002801958915694458,0.006261792936942845
12.545465704999515,-0.32844476224444513,-0.047794162499239984,1.528625504682878,1.1634135082584578,-0.2619740779515154,0.08210504242282567,0.01645536641873301,0.037334658875900845,0.6402635213269359,-0.2624450993374022,-0.13781166263759256,1.5,0.1152324839329218,10664.185772371351,10950.427987008527,10678.268347486735,11013.69823854844,0.0,0.0,0.0,0.0,0.0,0.0,nan,0,0.012592244682147313,0.0027056049193699833,0.03129041541782285
12.555755448000127,-0.33186723674695995,-0.06440278173953759,1.48510941884771,1.167473220689343,-0.24643855161751732,0.06634007649971504,0.019680490943966056,0.03341111215188683,0.6471360557396443,-0.24292008415228955,-0.127847156423151,1.5,0.11026565213495651,10599.581991925566,10889.915198420713,10630.708555987841,10961.855710889182,0.0,0.0,0.0,0.0,0.0,0.0,nan,0,-0.001796739466099817,-0.019151243503365382,-0.01223282611436316
12.566454605999752,-0.3121158225515714,-0.050705150999324225,1.5023418768857792,1.193351358686736,-0.20894991700893406,0.04584227679710587,0.018453493786828423,0.03438773871740768,0.6383619062825117,-0.24292008415228955,-0.127847156423151,1.5,0.10365531149333214,10600.577318581867,10901.854273410543,10648.8916069082,10970.15569755277,0.0,0.0,0.0,0.0,0.0,0.0,nan,0,0.0069560602448882625,-0.010704799026899359,0.005001180813568373
12.576657370999783,-0.30390549615274665,-0.0454153675990312,1.5024120162163035,1.207012931779137,-0.22670352839150515,0.050345111445081095,0.01856640697931412,0.0342564015584621,0.6314157398110458,-0.22334163518609107,-0.11778776960324386,1.5,0.1083241343743013,10615.859981390398,10908.9973477808,10651.805276111587,10968.367686255408,0.0,0.0,0.0,0.0,0.0,0.0,nan,0,0.004136767936632368,-0.010668342750168043,0.0050801207779427315
12.58735824499945,-0.2922420570641598,-0.02541076997389995,1.493626846984097,1.212203302651493,-0.23221628848743575,0.049143118406740155,0.0168306393331787,0.027346639352294443,0.6458023494975275,-0.22334163518609107,-0.11778776960324386,1.5,0.1154183489522345,10627.369160441645,10900.552632921712,10651.544939185153,10968.886312091166,0.0,0.0,0.0,0.0,0.0,0.0,nan,0,0.004740736973431026,0.004081590728906018,-0.0036896224964340085
12.597645354999258,-0.28768133902019527,-0.04033389695245708,1.4726346629880058,1.1998033665743364,-0.2349035866407015,0.0101348879601116,0.019330476380422696,0.029862095190191278,0.6414428133576839,-0.20374592911144687,-0.10765740104352615,1.5,0.11102463199412026,10639.34148371985,10909.580731822507,10648.901619713852,10968.507611981931,0.0,0.0,0.0,0.0,0.0,0.0,nan,0,-0.001786689031801847,-0.016096746283599046,-0.024660291608213702
12.608334370999728,-0.28491794424355843,-0.026247093200259707,1.4893699427134444,1.2121575723489992,-0.26774535750400197,0.05952668295911017,0.018101895551564735,0.030123994855982984,0.637859003897779,-0.20374592911144687,-0.10765740104352615,1.5,0.11545359406124442,10690.596472726776,10958.811499316405,10707.486842101938,11018.084491890737,0.0,0.0,0.0,0.0,0.0,0.0,nan,0,-0.010139075223838279,-0.007264927200650292,-0.007902757621600642
12.618706405999546,-0.2529774489071932,-0.017216916213660352,1.5171054806692157,1.2569652425296545,-0.27348758404233275,0.015938812245447194,0.015845266740026,0.02430402159960342,0.645357819860452,-0.18409904970630586,-0.0974438492649435,1.5,0.10711298769158097,10676.357015313155,10938.78227023976,10703.370909367573,11007.159205582402,0.0,0.0,0.0,0.0,0.0,0.0,nan,0,0.010659132181047415,-0.0034887371607108114,0.01985237219588809
12.629443161999916,-0.2634300493894048,-0.015271034686228488,1.4886818511698583,1.206809070784771,-0.24332370192146097,0.07977558639481803,0.020417530704059106,0.02402988562632023,0.6456804087933486,-0.18409904970630586,-0.0974438492649435,1.5,0.11477752157739317,10678.143569377517,10916.051591092775,10686.358334787019,11008.424095191604,0.0,0.0,0.0,0.0,0.0,0.0,nan,0,-0.010960935582704334,-0.006795073072639511,-0.008552426299701876
12.639727355000105,-0.23404750581746453,0.0021243627742437185,1.5001178180772892,1.246723352944595,-0.2853399428504938,0.04051309954667237,0.016765399205783658,0.0262936147138735,0.646768503407717,-0.16441424863115017,-0.08715925753659168,1.5,0.11322706939280976,10650.294158873796,10900.572262728045,10666.99330360234,10974.033212149894,0.0,0.0,0.0,0.0,0.0,0.0,nan,0,0.007230344970814179,0.00535063376455072,0.002904659972664758
12.65020646099947,-0.23411696499445406,0.0014360357188126663,1.4943608023075479,1.2138307180284367,-0.20981303864926915,-0.029975689233224724,0.01489521836820338,0.022174055497807665,0.6394068420769882,-0.16441424863115017,-0.08715925753659168,1.5,0.11286892932091118,10659.526364568866,10888.352869039105,10662.372693204114,10983.970385095632,0.0,0.0,0.0,0.0,0.0,0.0,nan,0,-0.004052797627864924,-0.0005841129766443085,-0.002826934752228949
12.661046053999598,-0.2124867181382935,0.012058543715943209,1.514660532483233,1.197434726667122,-0.228224369382989,0.028218987630354284,0.018570719995070813,0.022242881989061426,0.6384373552701669,-0.1447131033096521,-0.07682030404313803,1.5,0.11272818484573816,10718.857043721046,10956.994732802603,10714.509293210582,11010.493342325997,0.0,0.0,0.0,0.0,0.0,0.0,nan,0,0.006342554709704518,0.004795988836610527,0.01749756292128901
12.67140295399986,-0.2035879509532692,0.012211319547809366,1.5011945252274035,1.171485978210725,-0.2917197782122905,0.014974399723552917,0.013488347362557513,0.01647047707364191,0.6449107360062912,-0.1447131033096521,-0.07682030404313803,1.5,0.10674410791616637,10698.787350304565,10939.275244621775,10695.474127083584,10977.82894881842,0.0,0.0,0.0,0.0,0.0,0.0,nan,0,0.003986527120903471,-0.0002888906032317423,0.004053271691474958
12.681745154000055,-0.21442385032377526,0.020815626379347113,1.5040569214980373,1.1921446268680247,-0.27012065246375605,0.0042768244904327415,0.013398433534969586,0.02081795335589816,0.6501294861545147,-0.12498008062978132,-0.06642426920920479,1.5,0.12500978334280444,10682.9815567175,10944.199475483707,10715.62285373676,10972.77336393542,0.0,0.0,0.0,0.0,0.0,0.0,nan,0,-0.018122627372708117,0.003083239222294868,0.0069361521235109524
12.6923079219996,-0.19113059340769148,0.019291724433104455,1.48691686876354,1.2114661772330855,-0.2596977229775993,0.010754845061656701,0.016885778563643712,0.013437225146399166,0.6456279114474924,-0.12498008062978132,-0.06642426920920479,1.5,0.10906094731763195,10692.466839937348,10960.222245265762,10724.145088360367,10974.774900947934,0.0,0.0,0.0,0.0,0.0,0.0,nan,0,-0.006119706245276718,-0.003666635901649142,-0.010185620025842113
12.702818241999921,-0.1806618414958245,0.014802143253257169,1.522277997576899,1.2358630380065836,-0.2896137481555686,0.034199870054972534,0.013875569253331449,0.013811896016458287,0.6466052549138088,-0.10522374707584095,-0.05598108252729403,1.5,0.10581814739285109,10704.43275790436,10975.866510524722,10740.924968373736,10981.741307856119,0.0,0.0,0.0,0.0,0.0,0.0,nan,0,-0.006957006683831118,-0.0133752694730489,0.02518956257285132
12.71337519699955,-0.17483286597616976,0.050787560500960685,1.4842037542284547,1.234890567486858,-0.27274023629590666,0.017130581267553565,0.01648082683294856,0.012303742210635418,0.6458028373247908,-0.10522374707584095,-0.05598108252729403,1.5,0.1284308917225527,10704.43275790436,10975.866510524722,10740.924968373736,10981.741307856119,0.0,0.0,0.0,0.0,0.0,0.0,nan,0,-0.012448335500648833,0.017398695754686166,-0.0128721426142131
12.724248974999682,-0.16647815036352473,0.04208074467964192,1.4882710440074693,1.1955361287975401,-0.26471074238968034,0.010112330178771247,0.01644396990705811,0.010611985485278683,0.6466392983520385,-0.08542715237639656,-0.04548719990766485,1.5,0.11989569467929115,10691.933236240046,10942.546543547558,10713.56314755893,10964.244459646663,0.0,0.0,0.0,0.0,0.0,0.0,nan,0,-0.01542673040772477,0.00348869491849977,-0.008792015412028453
12.734425042999646,-0.14275445028722472,0.04376182795894187,1.4960136060571618,1.2499952552507396,-0.25110995090883337,0.050561870876889195,0.017494289351115844,0.013505036354895437,0.6431055248429083,-0.08542715237639656,-0.04548719990766485,1.5,0.1061494201470676,10702.45152559488,10961.779100717502,10731.494156363455,10966.89648617283,0.0,0.0,0.0,0.0,0.0,0.0,nan,0,-0.0030475833211895675,-2.4461188657030897e-05,-0.001039092618322135
12.744860138999684,-0.1500705049031044,0.04307903917172792,1.4922514295207994,1.2124018778971155,-0.2861721759496272,-0.05692579107879553,0.01627108677873543,0.008965563260458316,0.6468167784537614,-0.06564496841260183,-0.03497710707217214,1.5,0.115240936835091,10691.645828554048,10928.369249725052,10698.397234733799,10946.732249870109,0.0,0.0,0.0,0.0,0.0,0.0,nan,0,-0.021718196985102134,-0.005891902748083919,-0.004792190054559997
12.755497952000042,-0.11358592578035652,0.056100213838249514,1.5069768132243166,1.1887880431428586,-0.21752530362835032,-0.035805052592579226,0.013800576587851335,0.007942391709971233,0.6385874718229329,-0.06564496841260183,-0.03497710707217214,1.5,0.10316050455636498,10743.833720505023,10986.853906360051,10764.332698725488,11000.784716561828,0.0,0.0,0.0,0.0,0.0,0.0,nan,0,0.003403190255392291,0.001954872208292019,0.009937643633282311
12.76600501899975,-0.10611199024715032,0.05841991791408464,1.4737119622822574,1.2110044759845824,-0.2776356569943486,-0.020670798968189512,0.013689827159304795,0.0017404419425502556,0.6455069734161423,-0.04586297500252099,-0.024448817327530174,1.5,0.10577443947165065,10761.291377779995,11010.487076417086,10775.819782595963,10994.336244912147,0.0,0.0,0.0,0.0,0.0,0.0,nan,0,-0.0004933530463774316,-0.0008888871797090789,-0.023333512373530985
12.776581086999613,-0.09266013321937815,0.07291064418557987,1.4769053796220208,1.2448485866204022,-0.23728332001199953,0.02637861858207252,0.014226839013596435,0.0031342457655652027,0.6301071229382542,-0.04586297500252099,-0.024448817327530174,1.5,0.11046356980334868,10781.549710428755,11031.49919320121,10805.555216595103,11019.508563637295,0.0,0.0,0.0,0.0,0.0,0.0,nan,0,0.0015821339462319395,0.008449968534405175,-0.02016045124308441
12.786976964000132,-0.09787610553046655,0.05937767081454728,1.4785530984263988,1.2161362800701467,-0.27849040593147467,0.013168335193093055,0.015052177881776348,0.0009785485249717665,0.6355971754628399,-0.026058088999424897,-0.013895550233405572,1.5,0.1048177561689949,10779.229846643098,11006.97930790727,10782.871117446375,10998.954629918908,0.0,0.0,0.0,0.0,0.0,0.0,nan,0,-0.015014674125517241,-0.010222659919496342,-0.01854757379409011
12.797412334,-0.07216093735979197,0.08524857380452078,1.4596093509978498,1.2359066063833712,-0.2710626515766231,-0.01836773423040819,0.017985368129588345,-0.0012657368222402088,0.6326583596595494,-0.026058088999424897,-0.013895550233405572,1.5,0.11656086172039748,10779.229846643098,11006.97930790727,10782.871117446375,10998.954629918908,0.0,0.0,0.0,0.0,0.0,0.0,nan,0,-0.0006833620363233261,0.010521392599680157,-0.037538509371901396
12.808227167000041,-0.04302900404030373,0.09173589155103135,1.4808510642584576,1.2300187546899717,-0.2870737296814983,-0.032961898082930235,0.011687496151782321,-0.005414854908031194,0.629989132082805,-0.006274364581764293,-0.003346298501909849,1.5,0.1037217823170455,10801.862745596136,11022.532379261007,10825.344004041319,11028.212094535525,0.0,0.0,0.0,0.0,0.0,0.0,nan,0,0.017063096283320936,0.011895295078360124,-0.016358987019762683
12.818364259999726,-0.05552384573434509,0.09385996664956363,1.4974764550997883,1.2216206287142244,-0.23820816140049894,0.013785788838182739,0.011070141104352761,-0.002990675146235738,0.6344471129401641,-0.006274364581764293,-0.003346298501909849,1.5,0.10899971402421367,10816.419522536255,11022.205397301494,10839.487982930701,11042.181534619931,0.0,0.0,0.0,0.0,0.0,0.0,nan,0,-0.006817441429191343,0.008920025549635849,0.00018525372862177036
12.828816489999554,-0.038458043955081234,0.09717480455631305,1.4806918102638664,1.1990379474074349,-0.23682923263464295,0.03739143388795865,0.014365465765467877,-0.005485256019626484,0.6382932643349232,0.013563849086209005,0.0072337570829122,1.5,0.10568100854504807,10786.291770492484,10992.871847827833,10793.21401304205,10992.206191189947,0.0,0.0,0.0,0.0,0.0,0.0,nan,0,-0.0011361154939326865,0.007150134158470434,-0.016696708403672877
12.839559963999818,-0.028944150152871627,0.09149686710746352,1.5324513509164759,1.217777805974119,-0.26869246932791024,0.036435770003597254,0.00911129165273962,-0.006101533886589328,0.6287251639229318,0.013563849086209005,0.0072337570829122,1.5,0.09980126194905344,10755.84083739475,10972.95108302563,10761.485019549347,10953.657398819978,0.0,0.0,0.0,0.0,0.0,0.0,nan,0,-0.0030040299989196294,-0.003597429576800107,0.0349556287443793
12.850191090999942,-0.010988404166457669,0.10349792013801185,1.5021410248409175,1.2329364315418785,-0.26267525729214913,0.006894051445706576,0.008818183012858255,-0.008766669321461078,0.6216015612684233,0.033380776574737855,0.017798671949476187,1.5,0.09652755734552976,10682.377524544465,10898.211541694278,10695.163440895361,10882.582494012304,0.0,0.0,0.0,0.0,0.0,0.0,nan,0,0.0035740032876128824,0.003349532395025917,0.00453760394110958
12.86049201700007,-0.01444898033590906,0.06291043866141047,1.4973835692838176,1.1818364040774458,-0.2752157369885717,-0.010104977132264676,0.013280408627481583,-0.009243636600061384,0.6260851523200981,0.033380776574737855,0.017798671949476187,1.5,0.06579971771745029,10686.433396416074,10885.999978271033,10692.918046630522,10879.117243161558,0.0,0.0,0.0,0.0,0.0,0.0,nan,0,-0.011258793140991296,-0.04227604941871564,-0.00032150818443432705
12.870914043000084,0.009337861794595892,0.10273856369606489,1.5067593512953268,1.2017798870766998,-0.2435975022728026,-0.016027313606582383,0.008249423394570412,-0.007680989340454474,0.6260726881495772,0.05318700593276726,0.028348565441186423,1.5,0.08661586524387195,10678.848118994,10902.184385293502,10731.319821265788,10888.081402284139,0.0,0.0,0.0,0.0,0.0,0.0,nan,0,0.00116270150289937,-0.00746948598679209,0.00895765105804136
12.881467962999523,0.002712304856556675,0.11564240936659721,1.4977244231399962,1.2124714779947583,-0.25273286647197674,-0.03096786612921417,0.009823974572082644,-0.010793701500316678,0.6230471329697249,0.05318700593276726,0.028348565441186423,1.5,0.10086173152416418,10694.041991554375,10910.564801859022,10731.680448499212,10888.648159904302,0.0,0.0,0.0,0.0,0.0,0.0,nan,0,-0.016819952181936607,0.0004298820753076138,-0.00017064663577559536
12.892249728999559,0.02380282836000784,0.12395646977231377,1.4915140068739703,1.2068530179439816,-0.2422907145367258,0.018957484183948863,0.010367838897430863,-0.014681498760052354,0.6203480977354382,0.0729656148158866,0.0388689267030454,1.5,0.09863509333399527,10720.165452619556,10935.29578398431,10750.568882780293,10903.56841248245,0.0,0.0,0.0,0.0,0.0,0.0,nan,0,-0.0070768979206075056,0.0037570879301374732,-0.006473694024993204
12.902485151999826,0.04803554587223625,0.11397069423810192,1.5106333771792422,1.2012482602204901,-0.23657170640986602,0.0362384156875554,0.011898645108568182,-0.015745970118655934,0.6212920384581747,0.0729656148158866,0.0388689267030454,1.5,0.07984267364424151,10709.112558687972,10919.53250254495,10731.420526110189,10881.63418657576,0.0,0.0,0.0,0.0,0.0,0.0,nan,0,0.005819334877916943,-0.011197430536178013,0.012553564122472105
12.913192734999939,0.060947325647790485,0.12474748846762981,1.489121478222248,1.2203037548228541,-0.24284672011742625,0.011693000612368588,0.009477847091767673,-0.015152742575183419,0.6195562022944243,0.09277256617795326,0.04938397778500839,1.5,0.08252785537793488,10665.267971746938,10876.0258742082,10689.170520158994,10838.226709006034,0.0,0.0,0.0,0.0,0.0,0.0,nan,0,0.007406918156488244,-0.005370886378706474,-0.009044363786853804
12.92392160199961,0.042708285908204816,0.11896076831212798,1.514652810199016,1.2251677171939839,-0.22607120476312176,-0.004085456907281584,0.00781337882348632,-0.017676197731003512,0.6130507754337329,0.09277256617795326,0.04938397778500839,1.5,0.08696014481192514,10680.258422952686,10876.093390814658,10691.674411068643,10848.651849795444,0.0,0.0,0.0,0.0,0.0,0.0,nan,0,-0.022142734668881156,-0.01608895669062496,0.01641012557475685
12.933996042999752,0.07376583657930842,0.15128441302284062,1.509051963724308,1.1816311932473538,-0.2654021734737372,0.011798857421772916,0.009871087991896548,-0.01951991205143534,0.6126875604026173,0.1125263757937465,0.05984496011722043,1.5,0.09972708255604049,10676.121007031217,10868.767180906128,10679.477702777627,10830.679767301304,0.0,0.0,0.0,0.0,0.0,0.0,nan,0,-0.0023809167606693715,0.011322678881226705,0.010742013799724281
12.944600113999513,0.08647997323079851,0.14512984350366984,1.487725244276498,1.1766983304138385,-0.2472923847506177,-0.027708029219237637,0.004707183013925883,-0.018568213594168242,0.6115415958655523,0.1125263757937465,0.05984496011722043,1.5,0.09001442133782264,10658.542125012056,10850.956247333512,10673.822696260306,10815.889006364316,0.0,0.0,0.0,0.0,0.0,0.0,nan,0,-0.000946369239533229,0.00027584323955881507,-0.010640164629549975
12.954898238999704,0.09848803866933538,0.1531887475602369,1.4977383258469124,1.2101472198313137,-0.2262988076170095,-0.013109716797171413,0.006858302052937634,-0.02357231275731413,0.616322935409456,0.13227438914369027,0.0702715133217878,1.5,0.08956506228493631,10694.145830833748,10894.076329770676,10714.924608971067,10846.898013660364,0.0,0.0,0.0,0.0,0.0,0.0,nan,0,-0.00020044941801736216,0.0034627012815756364,-0.0006730535123786741
12.965397123000002,0.1255958538290607,0.13217274799273307,1.4949836586341867,1.1753277669683044,-0.22411016330009048,0.0077681462478047004,0.006761559255607776,-0.025815968750519707,0.6077688648439517,0.13227438914369027,0.0702715133217878,1.5,0.062462223530983595,10694.145830833748,10894.076329770676,10714.924608971067,10846.898013660364,0.0,0.0,0.0,0.0,0.0,0.0,nan,0,0.015663967756559316,-0.022404630625168342,-0.0034678120212254804
12.977346011000009,0.12068833036904404,0.15362034573719516,1.4899413011724125,1.1901917172600314,-0.23542129334182915,-0.0543101402836412,0.004925447300630226,-0.026670103749504945,0.6070720625736106,0.1519859525604919,0.08064200231075459,1.5,0.08004097192194895,10689.487842893925,10890.49238859527,10707.132829992745,10833.944181819623,0.0,0.0,0.0,0.0,0.0,0.0,nan,0,-0.0004669753035606572,-0.005787244111876366,-0.008543647237143626
12.986820682999678,0.13746512946621575,0.1549707026184611,1.5010007254496442,1.198511267205773,-0.24577035360305588,-0.01182333981918037,0.00631034250941247,-0.027157436808231655,0.608818638009445,0.1519859525604919,0.08064200231075459,1.5,0.07574042146828654,10731.017058948833,10929.004760921629,10748.00635340317,10871.141703996069,0.0,0.0,0.0,0.0,0.0,0.0,nan,0,0.005107647878217686,-0.009245507468009229,0.0024861814093601886
12.997255874000075,0.1561047233381512,0.15277561599651626,1.4905444266443502,1.1961777964096285,-0.2417333923191406,-0.045829014269507334,0.007090187622349213,-0.029066669495067865,0.6064452703868537,0.17169483534626362,0.09096872996340392,1.5,0.06444028725121966,10717.807504605573,10912.701503768229,10736.427632260467,10864.174014093696,0.0,0.0,0.0,0.0,0.0,0.0,nan,0,0.012567548402432432,-0.01622716935534249,-0.007998097463574272
13.007589236999593,0.14876587670340086,0.19890716191049473,1.5246160553959285,1.1648288138442933,-0.24683355567013854,-0.0892751891572983,0.005263422695679141,-0.024488933423684797,0.5930064133095101,0.17169483534626362,0.09096872996340392,1.5,0.11305924296092862,10741.348169568668,10928.680845124063,10762.493101126183,10893.992213340749,0.0,0.0,0.0,0.0,0.0,0.0,nan,0,-0.005927303086231295,0.025140272089764826,0.02604598931602431
13.018089837999469,0.17021135254108985,0.1648512479319966,1.504155873746231,1.1937774118585158,-0.2548911073078026,-0.04389482286270872,0.004126092752234174,-0.030152172740783023,0.5959009409344026,0.1913634001870838,0.10122652853374725,1.5,0.06717726791645354,10766.819545769953,10947.601823066527,10783.372085071578,10905.58726364644,0.0,0.0,0.0,0.0,0.0,0.0,nan,0,0.004387099659815374,-0.013656803241208992,0.005554849675032392
13.028755158999957,0.18505477140006604,0.1794572697910064,1.5155260138130016,1.1967384178896847,-0.23247314037116584,-0.005220584452915078,0.005679579309618308,-0.030667701571476566,0.5987127821345557,0.1913634001870838,0.10122652853374725,1.5,0.0800056546736175,10761.467935115397,10935.149173464366,10784.38413884833,10907.927888565722,0.0,0.0,0.0,0.0,0.0,0.0,nan,0,0.008125560079959127,-0.0037685888542603185,0.016889322726824307
13.039098042999285,0.1787267842819087,0.18214717621146095,1.4797340224298339,1.1933737550143522,-0.21592037273437908,-0.00989442500537929,0.0031840303215917094,-0.03130382922482052,0.5970034705312575,0.2110036351873535,0.1114162965977496,1.5,0.08034526919599011,10726.740374861169,10892.260095189618,10736.23506791602,10870.939026235947,0.0,0.0,0.0,0.0,0.0,0.0,nan,0,-0.00928022022505276,-0.005772853878370204,-0.01893884972737414
13.049544954999874,0.2104321734759077,0.1990083104359844,1.4893249835247488,1.1636258915612905,-0.22920848779458125,-0.006123104722203357,0.0044499805909995515,-0.035767935003441054,0.5963987654576646,0.2110036351873535,0.1114162965977496,1.5,0.08824195959673635,10726.740374861169,10892.260095189618,10736.23506791602,10870.939026235947,0.0,0.0,0.0,0.0,0.0,0.0,nan,0,0.011375603462132067,0.006418043284404706,-0.009381672712034383
13.060180355999364,0.20001683750339683,0.19916883478842098,1.4886612914899258,1.1572047935098038,-0.20748102132010304,-0.04823777859550665,0.0048089331218647965,-0.031109683676018712,0.5907208556424567,0.23057972911035723,0.12151422300845423,1.5,0.08421932904477804,10727.044412524534,10900.71313874321,10729.491183505777,10859.20297443152,0.0,0.0,0.0,0.0,0.0,0.0,nan,0,-0.010059963606438266,0.0019326137197406001,-0.010076437687278172
13.070752664999418,0.2136511358741643,0.2083529191108056,1.495447284632588,1.1512965307461107,-0.24437258698237474,-0.0512044302244511,0.004532530055052367,-0.033428710334397205,0.5856521317982317,0.23057972911035723,0.12151422300845423,1.5,0.0885904262712946,10727.044412524534,10900.71313874321,10729.491183505777,10859.20297443152,0.0,0.0,0.0,0.0,0.0,0.0,nan,0,-0.0074154172869037305,0.006495418897068034,-0.0033204974997809167
13.081170415999622,0.2280096685929011,0.21484618460097984,1.5192381270431372,1.1915278744912396,-0.18915843252155595,-0.07506343673764104,0.0019558065708669544,-0.03404311559429113,0.5920029168462804,0.25017633653964183,0.1315585181024812,1.5,0.0883079956218806,10766.123522625614,10946.228811347584,10776.154130596808,10889.10719318409,0.0,0.0,0.0,0.0,0.0,0.0,nan,0,-0.004014978969637595,0.008392513519677902,0.020437748463667527
13.0918106729996,0.25114373769964965,0.2166797039121991,1.5292586244451647,1.1614504314990448,-0.19614740439281722,-0.04368795192521972,0.003208698955858767,-0.03846256797856835,0.581191710844922,0.25017633653964183,0.1315585181024812,1.5,0.09001455017429179,10785.994412450682,10952.17827859755,10760.970099033688,10891.373866583177,0.0,0.0,0.0,0.0,0.0,0.0,nan,0,0.008193759440569104,0.005655353357809728,0.03042167736960355
13.102294433999305,0.266023852962534,0.22385299831883876,1.4913541172373606,1.1608427313622787,-0.2262348641738481,-0.07449209389264687,0.004538795500326513,-0.039311195288106046,0.5802673831572154,0.26969092516656296,0.1414912644225557,1.5,0.0828954396676742,10756.671012618985,10921.530482712533,10728.125479249407,10855.698317749206,0.0,0.0,0.0,0.0,0.0,0.0,nan,0,0.012182273408654298,0.008283744458549847,-0.00752057639107262
13.112792433999857,0.2641559410817788,0.21300087785821392,1.492584493952074,1.1585169254988017,-0.22828862916579312,0.0015805347770903306,-0.00015139000875458584,-0.04041397697431438,0.5820944405596022,0.26969092516656296,0.1414912644225557,1.5,0.07210582911584133,10787.596558168783,10947.867239113662,10768.229922538696,10894.243506069393,0.0,0.0,0.0,0.0,0.0,0.0,nan,0,-0.0005424748331414597,-0.007087134149891566,-0.0063294998970124805
13.123344343000099,0.24738392028396988,0.21994128451021813,1.4979649515408762,1.1780286004685503,-0.1791982141130814,-0.044369745737604174,0.0035342148426610945,-0.041105964498565524,0.5715432330157786,0.28913819404692453,0.15131506430405078,1.5,0.0803562001309676,10748.83021064464,10917.47413971724,10738.790563550223,10864.383638135505,0.0,0.0,0.0,0.0,0.0,0.0,nan,0,-0.0281355692061806,-0.004638977222072849,-0.0009897738244846188
13.13363348599978,0.28439666359436955,0.20263868612018543,1.4733017168032154,1.1496287422694658,-0.2617975171598695,-0.019020829185787572,0.0026701596543969937,-0.03982172999232432,0.5750285678602113,0.28913819404692453,0.15131506430405078,1.5,0.058046486482937344,10748.83021064464,10917.47413971724,10738.790563550223,10864.383638135505,0.0,0.0,0.0,0.0,0.0,0.0,nan,0,-0.0019072295634675607,-0.026407007292656604,-0.025692717099205176
13.144317835999573,0.29762664072635225,0.23275481593853603,1.4724824074177507,1.1350873604796283,-0.21741125447321083,-0.06531713949535055,0.006886166797833087,-0.04433842870042035,0.574914865450701,0.3085346699274015,0.16103325281069053,1.5,0.07758985513632005,10752.085917550145,10920.984155355885,10766.846082027008,10883.12910121542,0.0,0.0,0.0,0.0,0.0,0.0,nan,0,0.0005760152432079946,-0.0007290868000394135,-0.026551902322808685
13.155407483999625,0.3040678889783194,0.2442903583324,1.5024573118298428,1.1348112962897716,-0.20390844906302336,-0.06198675097885444,0.0007170428623386267,-0.04111175261575323,0.5729166540333006,0.3085346699274015,0.16103325281069053,1.5,0.08341304534261554,10784.423134391202,10959.490142335851,10810.167298089427,10919.515980984246,0.0,0.0,0.0,0.0,0.0,0.0,nan,0,-0.003690704801071698,0.0063959541211606186,0.00337862745181039
13.165384741999333,0.30862591530019545,0.2357313045225763,1.5120427177157862,1.1255793354990609,-0.2145276460125194,-0.08189206046496693,0.0023222135122003044,-0.04607252004964252,0.5652011414974845,0.3279246388877556,0.17066262820850334,1.5,0.06893040272156228,10788.441992909986,10966.022493371489,10800.220756645747,10912.157292058873,0.0,0.0,0.0,0.0,0.0,0.0,nan,0,-0.009800842812647592,-0.006545447579757141,0.012912086468212847
13.176533103999645,0.321683384449181,0.24713786368968504,1.5395129015424702,1.1193036092447612,-0.16852421990632993,-0.08484176029626855,0.0070922057614066746,-0.04644157099729093,0.5614119422822257,0.3279246388877556,0.17066262820850334,1.5,0.08630576045186189,10785.996465659466,10964.573672507513,10808.563215841723,10909.02991535275,0.0,0.0,0.0,0.0,0.0,0.0,nan,0,-0.007370821674931416,0.0005072707700120027,0.04032291391584297
13.186931771999298,0.3619338186086441,0.25006403439654334,1.494857816432594,1.1169802834168836,-0.18294803503910845,-0.09668401287065854,0.006830347011380547,-0.04932955767883032,0.5623887208027079,0.3472512350650716,0.1801696286993116,1.5,0.0716048061174954,10766.351657938458,10951.271999966657,10782.09020261889,10876.860295278859,0.0,0.0,0.0,0.0,0.0,0.0,nan,0,0.02229369667698422,-0.0008916013126967215,-0.004396752061008646
13.196840818000055,0.35427499814301605,0.25283786186883106,1.5097769266922854,1.084098630781664,-0.18766735297025128,-0.02513796918114642,0.003524377703869284,-0.05059934022631397,0.5529733724852138,0.3472512350650716,0.1801696286993116,1.5,0.07365862919781405,10766.351657938458,10951.271999966657,10782.09020261889,10876.860295278859,0.0,0.0,0.0,0.0,0.0,0.0,nan,0,0.00409140095209598,-0.002413648405572011,0.010451548853359416
13.207389893999789,0.3627536624498144,0.2556225793127066,1.5235033346504896,1.1443242745169486,-0.2197940212022638,-0.07124798070725229,0.00770097012578403,-0.052167595725026675,0.5465345106403988,0.3664659911237521,0.18952585478346862,1.5,0.07024930688177795,10799.337121921697,10980.590216053866,10813.34923322277,10911.859298800604,0.0,0.0,0.0,0.0,0.0,0.0,nan,0,0.0020698227599489916,-0.0038953359827806344,0.02410220101436411
13.217846957999427,0.3750205365527231,0.2673258256951224,1.4881116517829955,1.130317297840533,-0.17725252467097058,-0.04613291697997165,0.0062809264195446465,-0.04506720930872806,0.548808450428491,0.3664659911237521,0.18952585478346862,1.5,0.07916658729968888,10740.1908585211,10911.17592017385,10772.697396074333,10863.393131814511,0.0,0.0,0.0,0.0,0.0,0.0,nan,0,0.0038803091249801636,0.003571168539053815,-0.01136531439009536
13.228320798999448,0.38299981344859135,0.2676751381962417,1.5032879735824187,1.124670591022475,-0.136564047607051,-0.05030934163139475,0.002025587137375044,-0.04877596659912142,0.5404372711052899,0.3856526775132453,0.19876730887840674,1.5,0.06903721749404515,10762.6794135821,10921.922783866452,10773.741800402991,10878.774157042146,0.0,0.0,0.0,0.0,0.0,0.0,nan,0,0.0014478411998780083,-0.00028627673249070895,0.0037349940892117406
13.238731020999694,0.3840521481828586,0.2706959347887872,1.4719904411596239,1.0613244099323653,-0.16551901544634975,-0.04663347098361909,0.0026888077214585232,-0.05401934107510427,0.5403749385680776,0.3856526775132453,0.19876730887840674,1.5,0.07720637477517886,10772.715679551911,10921.90945286182,10756.176131279637,10864.058934551194,0.0,0.0,0.0,0.0,0.0,0.0,nan,0,-0.007866140058130355,-0.001441930049139284,-0.02763924349956204
13.249653094999303,0.39537131419232996,0.28504865678902097,1.498390612080759,1.0791989993047886,-0.20330510272364682,-0.04833093259609593,0.005844363816107833,-0.05366978377494234,0.5399546880856911,0.40477324831108413,0.2078705350852564,1.5,0.07776534552336978,10781.3239911637,10956.003726494884,10785.509493783105,10868.909878036353,0.0,0.0,0.0,0.0,0.0,0.0,nan,0,-0.0068670592589663015,0.008764997169334543,-0.0013177621564979258
13.260204657000031,0.40644083005175863,0.2823265315237074,1.4889871508832027,1.1114324608402208,-0.1698902505438668,-0.016735579346136,0.004008105695640107,-0.05332834214228759,0.5360104490999019,0.40477324831108413,0.2078705350852564,1.5,0.07528452085371734,10764.87547575587,10942.695841341803,10784.662759024859,10864.968898687692,0.0,0.0,0.0,0.0,0.0,0.0,nan,0,-0.006070640582981068,0.0019280690028304903,-0.010802711649979146
13.27037852400008,0.42701830647484956,0.2790075672649942,1.4883956495097435,1.0840783713729556,-0.17915459767559194,-0.045603373495336254,0.0026002531221751713,-0.05408456524150521,0.5344517793380171,0.42381456420466807,0.216824575676374,1.5,0.06333758250631986,10750.55117215481,10920.523286006915,10756.188598430324,10850.030727600075,0.0,0.0,0.0,0.0,0.0,0.0,nan,0,0.004281304217952642,-0.005474474341957358,-0.0114758214968389
13.280853805999868,0.4588722294082878,0.2796266135141279,1.5134905592535364,1.067617829189797,-0.1727836405894601,-0.03738601822675531,0.0021307246598633884,-0.053213031179959874,0.5342139532620629,0.42381456420466807,0.216824575676374,1.5,0.07317876081949555,10754.158993481506,10924.863663542365,10765.449245083191,10858.537981007954,0.0,0.0,0.0,0.0,0.0,0.0,nan,0,0.02595787432943375,-0.008907509976204986,0.01353852720899229
13.291368961999979,0.45374003005364383,0.29298922892260054,1.4902783320361332,1.0779030527222013,-0.15842756115677595,-0.051762805728451454,0.0021880820445709607,-0.057697812129344016,0.5349188066522282,0.44276663684303064,0.22562026541074987,1.5,0.0689456556369977,10754.158993481506,10924.863663542365,10765.449245083191,10858.537981007954,0.0,0.0,0.0,0.0,0.0,0.0,nan,0,0.01069706291216349,0.00043477510225437,-0.009751511298787374
13.30189242599954,0.46515804563483987,0.3093264164803092,1.4985162856850558,1.030539407675997,-0.19200733665449427,-0.03620330118602917,0.0004620050263296339,-0.05302657128546069,0.5201955536552437,0.44276663684303064,0.22562026541074987,1.5,0.0866619658369816,10728.576231748368,10901.060248885675,10738.632104949013,10840.411751863643,0.0,0.0,0.0,0.0,0.0,0.0,nan,0,0.012035777881837018,0.012783657839469664,-0.00158765047953624
13.312418144999356,0.44756748215852366,0.3023759968217968,1.504694496394309,1.0588053430530378,-0.14025136658141993,-0.06315569020826907,0.004295640048553551,-0.055259783857763436,0.5137404967541831,0.46166397727885367,0.23426894767202444,1.5,0.069708820209233,10731.23403013442,10910.901246511901,10744.161093079947,10843.442820188235,0.0,0.0,0.0,0.0,0.0,0.0,nan,0,-0.015584166945154632,0.001877273111429656,0.004519813691921337
13.322892362999482,0.462508058054126,0.2898201584060677,1.5057198382586034,1.0538045625155517,-0.19326390730645682,-0.05297531961147625,0.006057454322361607,-0.054095440745218326,0.5152156548177521,0.46166397727885367,0.23426894767202444,1.5,0.05585128499934311,10743.23453049098,10921.605839749162,10750.655383417357,10840.877851962068,0.0,0.0,0.0,0.0,0.0,0.0,nan,0,-0.010622484299477708,-0.014601887083064036,0.0054777294254462205
13.333978968999872,0.4636431995591529,0.32192691186787586,1.4995318092349101,1.035562211144655,-0.15157231634105867,-0.07145707861714747,0.004072970770024715,-0.059733518795023435,0.5157192242491357,0.4804675532304796,0.24274814784591253,1.5,0.08094785204745186,10731.707313097852,10911.495683995354,10755.959618077333,10848.320681811732,0.0,0.0,0.0,0.0,0.0,0.0,nan,0,-0.019415191631520112,0.013614500181967804,-0.00077473714191445
13.344173740999395,0.4886118230985172,0.3115704529911966,1.4953095075141973,1.050998877027122,-0.16237959378545264,-0.06815561279476086,0.0015590836704173173,-0.05934473957496124,0.5080499977383504,0.4804675532304796,0.24274814784591253,1.5,0.0694610648993621,10746.419999330945,10936.614400836874,10766.73966672638,10851.593317548737,0.0,0.0,0.0,0.0,0.0,0.0,nan,0,-0.004322808186635607,-0.0005990366613335407,-0.005059532175950343
13.354577368999344,0.49864520829505593,0.31653572126547486,1.5224199481178753,1.0387365731982592,-0.1429150791891589,0.01395235903662773,0.00503278576925846,-0.060883465965779676,0.509297153289422,0.4992007683310461,0.25106397504278527,1.5,0.06920630227089204,10759.064090045089,10947.120023191012,10775.654216175104,10864.621824295202,0.0,0.0,0.0,0.0,0.0,0.0,nan,0,-0.004113461644141891,0.0005428081334624135,0.021988159085410075
13.365058506999958,0.4916935438515374,0.31431773116629724,1.5004599084394505,1.0363181605379568,-0.14645653800516079,-0.01836138149318156,0.004951278892390055,-0.055566440179692186,0.50969189757082,0.4992007683310461,0.25106397504278527,1.5,0.06369935320622291,10686.090726989589,10872.50636193658,10694.417390231949,10789.28418434379,0.0,0.0,0.0,0.0,0.0,0.0,nan,0,-0.0208368096404441,-0.0054648605849069165,-2.867300285469554e-05
13.375550303999262,0.5254394481532746,0.34494072717704516,1.4872139077727078,1.064678908893201,-0.1526756664464744,-0.057492237173029835,0.003524023941545075,-0.06294319985501136,0.497403328734783,0.5178449098248791,0.25920364729615586,1.5,0.0870172858308525,10678.191821552013,10870.292238466589,10680.48071596323,10785.114389579348,0.0,0.0,0.0,0.0,0.0,0.0,nan,0,0.003189834175305939,0.021402255098730227,-0.013318247204927358
13.386001227999259,0.5490215458183821,0.3371868338136049,1.4721056363128309,1.0240232043355333,-0.1797255379288599,-0.05582174158765833,0.010027567353216481,-0.05975065529787201,0.49073976537753355,0.5178449098248791,0.25920364729615586,1.5,0.08849551139350911,10719.143997756117,10890.804978466747,10703.13662790184,10822.695301239995,0.0,0.0,0.0,0.0,0.0,0.0,nan,0,0.017105596458927952,0.009926647372533848,-0.028459094042424304
13.396455733999574,0.5344123678593281,0.3457433541573323,1.4956757232729456,1.0223012321657619,-0.12181578685822325,-0.07706996855278803,0.005802509847987885,-0.06136406343803454,0.48740902096724154,0.5363848774468714,0.26715649010520676,1.5,0.07873046020970764,10749.918047362198,10913.658904543594,10751.12887735914,10874.669614051856,0.0,0.0,0.0,0.0,0.0,0.0,nan,0,-0.007116313680469055,0.014796129117735701,-0.0049167934170346594
13.407141210999725,0.5563187266298185,0.3446305016051914,1.4975431090146378,1.0024365967606073,-0.1494749925492208,-0.07595886634764984,0.010609095189624485,-0.06369178637496857,0.4856006140738304,0.5363848774468714,0.26715649010520676,1.5,0.08003509926564835,10776.26906704429,10938.648160603307,10763.988412159057,10884.406647023856,0.0,0.0,0.0,0.0,0.0,0.0,nan,0,0.005231522938778266,0.010031392763188263,-0.0030774446800474475
13.418142945999534,0.5509815716158724,0.33298544406848396,1.493403010620166,0.9966798214797642,-0.12267470538938754,-0.055541962802882615,0.006028548822873681,-0.06272688393041577,0.48255248808048606,0.5548588638373906,0.2749345560865938,1.5,0.05855304654187219,10778.485435276163,10949.689517371187,10779.438107461441,10896.912154579353,0.0,0.0,0.0,0.0,0.0,0.0,nan,0,-0.009609474642643723,-0.005229992604203149,-0.007248379703979291
13.429529860999537,0.5659305167228965,0.33290670086496765,1.494998509011089,1.0071838761643472,-0.12219382398525941,-0.08382919613990583,0.005425945511255232,-0.05803311620205927,0.4825538128534064,0.5548588638373906,0.2749345560865938,1.5,0.05923146106533275,10773.905116466996,10951.828674596256,10779.011016460077,10886.575557442353,0.0,0.0,0.0,0.0,0.0,0.0,nan,0,-0.0041093401266169005,-0.00888916931454159,-0.00568707140845115
13.43927261799945,0.5879416601546253,0.361336196896593,1.4849271761202367,1.0031104065005008,-0.0965205338243553,-0.03130849958862137,0.007440732918776973,-0.06419238375269179,0.47448338837307774,0.5732748523136858,0.28253631340701746,1.5,0.08155811982828007,10773.905116466996,10951.828674596256,10779.011016460077,10886.575557442353,0.0,0.0,0.0,0.0,0.0,0.0,nan,0,0.008508406380773104,0.015996162323200336,-0.015797446103570367
13.450791354000103,0.5951874592312116,0.33687166686838826,1.4857447055998168,0.9968392951458998,-0.13734187386660504,-0.1014922253610376,0.01071467101719927,-0.059005870864149705,0.47023129720440765,0.5732748523136858,0.28253631340701746,1.5,0.06029681912116092,10787.241325895684,10960.192068044986,10765.71506918391,10888.212859440799,0.0,0.0,0.0,0.0,0.0,0.0,nan,0,0.006416508339400995,-0.011975933957908247,-0.015023874092332745
13.4598541259993,0.6235017255328995,0.34833064075219644,1.4994571725772718,0.9927534747632296,-0.0809784020806372,-0.0962076628851009,0.007432912177342267,-0.06144571558096035,0.46956245194255547,0.5914891798004771,0.2898992797693751,1.5,0.06662823494725101,10820.036955367961,10991.588020669193,10808.285559377422,10940.982146382334,0.0,0.0,0.0,0.0,0.0,0.0,nan,0,0.025449158757001822,-0.0039875094873854655,-0.001362574054216914
13.469962423999277,0.6227308979959009,0.3419134235659694,1.5132380088636863,0.9676393493490654,-0.09553872093033824,-0.05488190805224752,0.007243471886015372,-0.06098705777402278,0.46490102847928416,0.5914891798004771,0.2898992797693751,1.5,0.062102825937070685,10820.036955367961,10991.588020669193,10808.285559377422,10940.982146382334,0.0,0.0,0.0,0.0,0.0,0.0,nan,0,0.015453275667927535,-0.013837749857527504,0.01235539465258495
13.480935849999696,0.6122887893427186,0.3570350422105138,1.4837910833969459,0.981446970742145,-0.11485140559294471,-0.047778538737475104,0.006487053646696961,-0.06289882209066465,0.4608589735495636,0.6096261233144942,0.2970708164186701,1.5,0.06217336361045488,10801.82548863688,10978.074908414492,10773.319005470788,10917.071449682917,0.0,0.0,0.0,0.0,0.0,0.0,nan,0,-0.004157216074782366,-0.0021113498330107006,-0.01716383915006392
13.491227150999293,0.6233024260549477,0.35865557171646384,1.498086586586637,0.9536173963330342,-0.09319760701575419,-0.05300201583290104,0.009364683651618178,-0.06303665024477068,0.45884491680275646,0.6096261233144942,0.2970708164186701,1.5,0.06311405938955365,10795.664855349652,10974.210065083238,10773.045651186087,10915.097746964944,0.0,0.0,0.0,0.0,0.0,0.0,nan,0,-0.0022552460004309216,-0.0038479788963878825,-0.00294682978808658
13.501682887999777,0.6316750568351684,0.3841923251428855,1.5079459022954063,0.946295094120852,-0.07492505707718641,-0.06482842837755254,0.008326276048295818,-0.06334835090684574,0.45396197987683234,0.6276733043216909,0.3040417200690265,1.5,0.08064286006940088,10795.664855349652,10974.210065083238,10773.045651186087,10915.097746964944,0.0,0.0,0.0,0.0,0.0,0.0,nan,0,-0.00293743854971229,0.018370013267069885,0.006829164162448276
13.513324419999662,0.6419597722081418,0.35946789920336936,1.5046054160091675,0.9282955373808611,-0.12545450773666325,-0.057887270074600414,0.014344073985442343,-0.06381132610731952,0.4496875838353332,0.6276733043216909,0.3040417200690265,1.5,0.05742276860897906,10777.058784644856,10972.753749507838,10746.02887844394,10882.469397696572,0.0,0.0,0.0,0.0,0.0,0.0,nan,0,-0.001650619850867785,-0.009634444545388032,0.0034023511225449443
13.523482457999307,0.641223972915073,0.3753895319094565,1.496861037837328,0.9474451519888203,-0.1064381696739449,-0.06104804936525653,0.009216422088051702,-0.061757758918086055,0.44878205913469754,0.6456170759382724,0.3108027592697758,1.5,0.0648120639822629,10750.464610131356,10961.464968489563,10751.940782986914,10884.070627304047,0.0,0.0,0.0,0.0,0.0,0.0,nan,0,-0.011327311842487364,0.0030462449579577444,-0.004429861517685207
13.534593241999573,0.6621146770973722,0.3739855127724196,1.5154826642884376,0.9150093022860762,-0.10942541029694608,-0.07408256536237674,0.007872907714076012,-0.06323809272549187,0.44312825778468706,0.6456170759382724,0.3108027592697758,1.5,0.06711143030549294,10755.471247681666,10966.407107159826,10753.988346840162,10891.195599486711,0.0,0.0,0.0,0.0,0.0,0.0,nan,0,0.0006796233808080698,-0.001559208522764699,0.014102656153960336
13.545272823999767,0.6566011744509603,0.3705413967707208,1.5146105884592074,0.9568000131105041,-0.09114231488739934,-0.027909313516777483,0.011985491772521254,-0.06467210210679851,0.4407144387231368,0.6634772418438306,0.3173573385574342,1.5,0.05558141457312754,10743.700931210326,10966.935463986636,10749.256094918594,10885.87230932902,0.0,0.0,0.0,0.0,0.0,0.0,nan,0,-0.013660422240632908,-0.008164817276206437,0.013140306770539345
13.555267015000027,0.6764291202489799,0.3835062915883539,1.4908919356756796,0.9305999453455897,-0.09885430120280497,-0.01251967796075179,0.015053434902193437,-0.06598786853726062,0.43201634860626104,0.6634772418438306,0.3173573385574342,1.5,0.06801758579253277,10711.807469978958,10927.365565550697,10706.182427562791,10853.628208114225,0.0,0.0,0.0,0.0,0.0,0.0,nan,0,-0.002601922281319724,0.0016788150313274408,-0.010665842228461342
13.565817904000141,0.6685701974404104,0.39922151070457024,1.5124179147757275,0.9431220695649922,-0.10283785341727049,-0.06175115623631755,0.010693848229014487,-0.06398435872515325,0.42704935540705263,0.6811906129993262,0.3236788630503214,1.5,0.0775897616368999,10692.868843977172,10910.58412319773,10691.819222087139,10845.892569425592,0.0,0.0,0.0,0.0,0.0,0.0,nan,0,-0.01917338008208158,0.014313271241125747,0.010779975864969815
13.575661666000087,0.6994675683878802,0.3898283309346529,1.5124655457600003,0.912650619408897,-0.06685506141857808,-0.0365909379178771,0.012497551883830938,-0.06466295220374728,0.4195616919507694,0.6811906129993262,0.3236788630503214,1.5,0.06975090702456893,10703.285793360603,10913.610940655442,10691.366129993612,10852.185032930767,0.0,0.0,0.0,0.0,0.0,0.0,nan,0,0.0030683618014747394,0.0018802534304289131,0.010755596155875402
13.585822157999246,0.6974756492800478,0.3770214408305627,1.4993545463744096,0.9274248661907103,-0.06946819044177638,-0.05068132867569375,0.016705029935679166,-0.06774317329450806,0.4156191857414776,0.6987588482682432,0.3297654959617705,1.5,0.047277769992549575,10692.322089590269,10905.501939236903,10671.176269489602,10835.949646223204,0.0,0.0,0.0,0.0,0.0,0.0,nan,0,-0.007522307580472676,-0.013925119766350524,-0.002418360955440235
13.596786094999516,0.7195851116708899,0.3910928466054778,1.5041810331431134,0.9307770682935798,-0.08460731209199521,-0.0332849456743413,0.019016642754248258,-0.06458816148281521,0.4104492029921515,0.6987588482682432,0.3297654959617705,1.5,0.06490191231725345,10700.671802753157,10911.10234764229,10685.286549223563,10849.270320527874,0.0,0.0,0.0,0.0,0.0,0.0,nan,0,0.006045275202979705,-0.0028103719018275353,0.002354465606604128
13.606772840999838,0.7037665969155074,0.3913738072954695,1.5010692158974468,0.8850909270428455,-0.06003601929695516,-0.08025587618703549,0.014757878026913142,-0.06945256750618832,0.40531217211404086,0.7162128246189969,0.3356250521867233,1.5,0.05713121303506011,10700.671802753157,10911.10234764229,10685.286549223563,10849.270320527874,0.0,0.0,0.0,0.0,0.0,0.0,nan,0,-0.018258244136908575,-0.005443738481516358,-0.0008019916272492544
13.617309296999338,0.7358690247458258,0.40833761853033534,1.505982520574871,0.8755196107690564,-0.07303461206252504,-0.06434055299006779,0.019496897830541978,-0.06603635264359993,0.4043727642052694,0.7162128246189969,0.3356250521867233,1.5,0.07555973835402613,10714.769373349352,10935.047765232408,10710.938323041886,10870.965432198487,0.0,0.0,0.0,0.0,0.0,0.0,nan,0,0.005416142779955502,0.00864866967642508,0.00407365670119475
13.628259430000071,0.7372002786756534,0.407273669127713,1.4946220622997215,0.8898958278343861,-0.08680012507627193,-0.1052807661391595,0.020748557672542304,-0.06664489610076486,0.39454692401572783,0.7336091789900115,0.3412722420521261,1.5,0.06631746818805971,10718.313417538955,10947.084247817444,10716.845634035099,10881.820649823687,0.0,0.0,0.0,0.0,0.0,0.0,nan,0,-0.0016235441443511744,0.004756894823665481,-0.007320616326281559
13.639128394999716,0.7475336228454524,0.4049522617970156,1.4959601922761039,0.8935476970353041,-0.052660217893188116,-0.08926545637249737,0.02064394623985434,-0.06457377306463019,0.3889941748344135,0.7336091789900115,0.3412722420521261,1.5,0.06530968609508772,10758.87922001378,10982.034363290079,10768.44674591336,10932.49085848961,0.0,0.0,0.0,0.0,0.0,0.0,nan,0,0.0003961722211959229,-0.00034801786613314345,-0.006017330648041996
13.64916163899943,0.7607451410266747,0.41216687606982527,1.4794175061389756,0.8633271193911733,-0.06045005759895066,-0.09310891820202821,0.02338829148997679,-0.06732836348393641,0.3882775384933533,0.7507801298595898,0.34665017087324546,1.5,0.06939293307617703,10783.980394979304,11004.152498091493,10779.813634251272,10956.771122539993,0.0,0.0,0.0,0.0,0.0,0.0,nan,0,0.0053516230403217735,0.004128205749059366,-0.022601687481300647
13.66040670699931,0.7672493289214446,0.4252906972198055,1.5103477731317234,0.8648696824853875,-0.051161435984714065,-0.05488754999767749,0.02318300806064517,-0.06719096970532297,0.3792250937999984,0.7507801298595898,0.34665017087324546,1.5,0.08101014325742563,10811.01320495077,11036.203709750414,10816.527060294331,10989.793552674395,0.0,0.0,0.0,0.0,0.0,0.0,nan,0,0.0036574865952593294,0.014559515405502321,0.008275248563468729
13.670478405999347,0.7754258122174148,0.4184223177888419,1.4933526618722823,0.8588085247679462,-0.027166586613362558,-0.022734866694788417,0.025379745386604376,-0.06464682831214008,0.37525065259342494,0.7678947371124965,0.35180934476185355,1.5,0.067366106996875,10780.18381348407,11010.206399985344,10776.15250597941,10958.95313108351,0.0,0.0,0.0,0.0,0.0,0.0,nan,0,0.0036932850692329433,0.005045048215202574,-0.008784603257278256
13.680926953999915,0.7836473073971328,0.40724263137724037,1.4832240420636067,0.8545733332700567,-0.030885088552039336,-0.020057191042332095,0.029808996509244467,-0.0660417692483778,0.3628177770718154,0.7678947371124965,0.35180934476185355,1.5,0.060020209098600036,10758.424477959657,10984.684765523049,10742.457942565943,10928.324118673298,0.0,0.0,0.0,0.0,0.0,0.0,nan,0,0.0038313391376032513,-0.008733989333144065,-0.0189839157087468
13.691225995999957,0.792442199002059,0.40002152838049415,1.4942950164111513,0.8307222304036775,-0.04112049726527059,-0.02144151764717699,0.023447761456185098,-0.06690845494897903,0.3662634778215037,0.7848200766214265,0.35670667267559336,1.5,0.04434884792269974,10741.172863161444,10969.554069230267,10732.171973873124,10919.164230420678,0.0,0.0,0.0,0.0,0.0,0.0,nan,0,0.0045997227070355695,-0.018507305790417983,-0.007985909904302257
13.70161958799963,0.7948522382933291,0.4219166983074259,1.4994361960561868,0.8824186430992828,-0.04419949942880276,-0.075287960261371,0.02359341490214611,-0.06517343549863308,0.36445110524536495,0.7848200766214265,0.35670667267559336,1.5,0.06597961492463036,10741.172863161444,10969.554069230267,10732.171973873124,10919.164230420678,0.0,0.0,0.0,0.0,0.0,0.0,nan,0,-0.0009600961693242427,0.000883229809214181,-0.0029169967643971617
13.712251461999585,0.7877007677618953,0.425215771165661,1.5295859906202127,0.8236262669021207,-0.07119058172677664,-0.054376926948901734,0.028083998394849815,-0.06823422111106184,0.3578158880238021,0.8016136295974652,0.3613571477105323,1.5,0.07174135735417114,10738.18590548009,10971.405251539609,10725.2093847186,10930.28406598417,0.0,0.0,0.0,0.0,0.0,0.0,nan,0,-0.016024898889325012,0.001725846577359691,0.027161034107060944
13.722990713999934,0.8109469599460444,0.4374876622263686,1.509766667786223,0.826309678968802,-0.03694103331996774,-0.015100332126899388,0.02952521105741352,-0.06757835026882053,0.3533680431799282,0.8016136295974652,0.3613571477105323,1.5,0.07731981696491602,10696.900997533357,10943.08327925328,10704.920397587959,10902.90529198767,0.0,0.0,0.0,0.0,0.0,0.0,nan,0,-0.0006357118511333137,0.01159000667967297,0.007271483477508278
13.733675294999557,0.8135479468360982,0.42740481885820036,1.4763774688372,0.8353989061836895,-0.06861590832681484,-0.044557930021860315,0.027081867421047,-0.06708677297603853,0.34494281668702254,0.8183205442815287,0.36576973530141105,1.5,0.06617919000687442,10667.64090674711,10922.189034365794,10667.169279119402,10875.172872254894,0.0,0.0,0.0,0.0,0.0,0.0,nan,0,-0.005835835470380468,-0.0008514971780071434,-0.026181131826981785
13.744235430999652,0.8186084609413828,0.4266218412418886,1.500591441852814,0.8134891360250387,-0.034392665067886324,-0.043857721613729146,0.029022724534469056,-0.06794413237718942,0.33909120062387416,0.8183205442815287,0.36576973530141105,1.5,0.06085566117346346,10693.962175994153,10946.767234714229,10703.202102094496,10912.629899281479,0.0,0.0,0.0,0.0,0.0,0.0,nan,0,-0.008520674641547044,-0.003943436355562602,-0.0020241696726146508
13.754924866999318,0.8462614806278641,0.4446204729846303,1.487040610268139,0.7726263539743338,-0.011181048432035878,-0.04967329672636825,0.030999721209273193,-0.06358798204680478,0.34848016595004017,0.8348515046130722,0.36991815134274797,1.5,0.07667183442156339,10689.885308958259,10954.56472550403,10699.016371492422,10909.317892019353,0.0,0.0,0.0,0.0,0.0,0.0,nan,0,0.011442719689046976,0.011796675659624056,-0.015628189465691555
13.765604090999659,0.8392884177460174,0.43574222609978813,1.502885387720766,0.7677961937733998,-0.04554747432636869,-0.04561546678704696,0.03345239313899653,-0.0684525208359401,0.32833634189504257,0.8348515046130722,0.36991815134274797,1.5,0.06603650867564745,10689.885308958259,10954.56472550403,10699.016371492422,10909.317892019353,0.0,0.0,0.0,0.0,0.0,0.0,nan,0,-0.003164319627558476,0.0007110631654509425,0.00016540679129195546
13.775406748999558,0.8415594270297821,0.43323434792906457,1.520793586318271,0.8130024400795189,-0.058867437126817176,-0.1100052287007956,0.03405900954837652,-0.06570717676077825,0.33088138373164944,0.8513183750807669,0.37382728204471233,1.5,0.06369309048888253,10689.949082393308,10984.619576567431,10714.777947101322,10920.6465131388,0.0,0.0,0.0,0.0,0.0,0.0,nan,0,-0.008471762686828033,-0.003952337817953566,0.01802325327557619
13.786121976999311,0.8493850034298065,0.4399089679728884,1.5081673270765785,0.7588648867825619,-0.052541418354745115,-0.04281615216869083,0.03547449052478454,-0.06227584024937274,0.3195044496032957,0.8513183750807669,0.37382728204471233,1.5,0.06661255416681346,10713.797271406214,10999.519465468751,10738.461271798975,10959.717184647103,0.0,0.0,0.0,0.0,0.0,0.0,nan,0,-0.008169220249390485,0.0006193353991740813,0.005345619675698465
13.796634120999443,0.8636447009892029,0.4388748845361755,1.5269625457159133,0.7847694689660266,-0.05887454222344277,-0.04915883485055284,0.030567250523781727,-0.06675948887499372,0.30938047794290213,0.867468096930907,0.3774368209702554,1.5,0.06720292317109275,10689.884531865213,10988.21370014037,10726.415437785032,10949.967029955576,0.0,0.0,0.0,0.0,0.0,0.0,nan,0,-0.0013773114465691627,-0.0024644365262733725,0.024087604760520076
13.807042530999752,0.8612903662815932,0.4285781336187864,1.4852522594178388,0.7658703124171923,-0.03992521419834519,-0.00035863019778131777,0.03518034117606078,-0.06584160838565567,0.304881793202656,0.867468096930907,0.3774368209702554,1.5,0.05358259108767505,10664.246942912072,10955.560668649085,10701.976012115018,10926.682450076432,0.0,0.0,0.0,0.0,0.0,0.0,nan,0,-0.011144613895321953,-0.014757183175983513,-0.017674016007311666
13.817340984000111,0.881035972546452,0.4251219463972636,1.509233468361676,0.7700821507590029,0.00087058744071738,-0.016321102516048274,0.03870653257539576,-0.0641275947011163,0.2889865054131717,0.883563728575842,0.38080516001189285,1.5,0.04533899032903985,10642.690264326377,10948.584663555692,10687.324225924838,10916.074246903625,0.0,0.0,0.0,0.0,0.0,0.0,nan,0,0.0012424224218365865,-0.020155239006740877,0.006261337933091804
13.827604039999642,0.886549624342519,0.4654283630052264,1.4906245264576288,0.7424770863276666,-0.032089731507822815,-0.05184717047553218,0.03734799127084049,-0.06282787710222218,0.2938119263017974,0.883563728575842,0.38080516001189285,1.5,0.08519331876693205,10642.690264326377,10948.584663555692,10687.324225924838,10916.074246903625,0.0,0.0,0.0,0.0,0.0,0.0,nan,0,-0.0005485010836712156,0.018263888557011665,-0.012384936454161721
13.838669043999289,0.8961756895101961,0.4425756567349327,1.5168764991067027,0.7281858475886374,-0.04074417314535253,-0.03199635707642015,0.039540784689765004,-0.06767194403650977,0.2883229894591913,0.899540969742632,0.38391421430025957,1.5,0.06113351095477695,10663.097844871587,10963.7235093975,10685.351422828378,10926.030893956964,0.0,0.0,0.0,0.0,0.0,0.0,nan,0,0.001826788610109431,-0.006420848560306169,0.01383707296705583
13.850047152000116,0.9274107184523895,0.4468361399643098,1.503908919328214,0.7146407011335294,-0.015396354662746801,-0.04318353295482668,0.04198586369246492,-0.06664533647333509,0.28321930772934045,0.899540969742632,0.38391421430025957,1.5,0.06892874054218447,10635.643584841926,10944.901235431778,10672.006532394442,10908.755244288262,0.0,0.0,0.0,0.0,0.0,0.0,nan,0,0.025864622581516783,-0.003936478255956055,0.0008460664006886276
13.85993075999977,0.9029749668372593,0.4534339954709431,1.5038127492077928,0.7350551651192798,-0.026033045770549348,-0.009158633300724525,0.04665355965551168,-0.06526928244077189,0.27115331420757455,0.9152948949729643,0.38674261864916115,1.5,0.06792685351299127,10639.203748527272,10958.230711455391,10674.124447442764,10921.799619101233,0.0,0.0,0.0,0.0,0.0,0.0,nan,0,-0.005715062429039741,0.0009417429791984677,0.0007339277058500127
13.869836823999321,0.9246666956560478,0.4504383212371063,1.514740415346049,0.71897311025524,0.011603862169309836,-0.02734828581396962,0.04311579875643894,-0.06329875289615469,0.2651202348973153,0.9152948949729643,0.38674261864916115,1.5,0.06604735438145456,10621.215158464522,10935.034724576048,10656.868219720089,10909.029081012199,0.0,0.0,0.0,0.0,0.0,0.0,nan,0,0.008885662872126554,-0.0037165349866281616,0.011654077166656451
13.880217610999352,0.9419235123137689,0.4525466520636925,1.5080446106884655,0.7498332055774539,-0.02071417953018308,-0.05416908235121758,0.043155012406213146,-0.06430852283426057,0.2644754744316184,0.930874987526484,0.3892996191226156,1.5,0.06470682218247072,10617.405525517384,10935.326574101884,10635.533718511273,10897.83586698477,0.0,0.0,0.0,0.0,0.0,0.0,nan,0,0.019103995412507846,-0.003213311348778225,0.004961605300582539
13.890724152000075,0.9214260550712627,0.46466681326712905,1.50564634562602,0.7320432778888413,-0.029414586990022418,-0.06827898333561885,0.045804132104771446,-0.06404395567605088,0.2530323235588513,0.930874987526484,0.3892996191226156,1.5,0.07616677423055665,10642.72964734531,10943.909938399698,10645.504718217166,10928.235621992642,0.0,0.0,0.0,0.0,0.0,0.0,nan,0,-0.008379674292858685,0.007359900091164717,0.002576572203812022
13.900914025999555,0.9389805733785979,0.4631329410828285,1.5077064113204222,0.6748399217060697,-0.033687756687115676,-0.0927340524501335,0.04676389361347005,-0.06577236234725986,0.24315991639539697,0.9463540335662592,0.39159472271118984,1.5,0.07232892490813628,10642.72964734531,10943.909938399698,10645.504718217166,10928.235621992642,0.0,0.0,0.0,0.0,0.0,0.0,nan,0,0.0022408065505094,0.00433808468995911,0.0046557503936977
13.911695918999612,0.9400431816309056,0.46700442166823825,1.5021605992110558,0.6957737913285335,-0.017873653887291913,-0.03785070260079873,0.04717032134989099,-0.06495388366035175,0.24774432706798466,0.9463540335662592,0.39159472271118984,1.5,0.07570414610768317,10664.930375374859,10970.509496051578,10667.457353277616,10960.93479834114,0.0,0.0,0.0,0.0,0.0,0.0,nan,0,-0.0035784749139372574,0.006781569481710881,-0.0008704536964594389
13.922078042000066,0.9513500960176388,0.46188574004147614,1.4865054732576515,0.6850423436323364,-0.020492283741809423,-0.04774706775196569,0.0488558837526662,-0.058997146817062404,0.2377991841670173,0.9616299981256039,0.3936110534840128,1.5,0.07035063229189321,10671.398453463511,11007.469830260261,10699.791575650306,10985.596972600115,0.0,0.0,0.0,0.0,0.0,0.0,nan,0,0.0008985071856328908,0.000295585658391162,-0.01650757156284932
13.932558095999411,0.9631597637019416,0.4626985350389849,1.4924835776331544,0.6933357064139697,-0.019870578882434375,-0.10089191608137571,0.05162384372844169,-0.059662273283534246,0.22417566974423575,0.9616299981256039,0.3936110534840128,1.5,0.06951199101970804,10690.50232533177,11024.937523114999,10716.644358718755,11006.883138219384,0.0,0.0,0.0,0.0,0.0,0.0,nan,0,0.005929952637180325,-0.000197548027496941,-0.010514065038498055
13.943304708999676,0.9874556400025968,0.45976474744699597,1.5194991203988064,0.6800571727855972,-0.02394228695754826,-0.027705242730718484,0.054378842715337744,-0.061722183673761026,0.2297865635599365,0.9767674910239761,0.395356282804271,1.5,0.06813884752877387,10735.490370604073,11066.200096821509,10756.040478166453,11060.370903133906,0.0,0.0,0.0,0.0,0.0,0.0,nan,0,0.02349930230666486,-0.004374910361687745,0.01650843840861982
13.95369148699956,0.9503473175679827,0.4731588380304751,1.5027863903604057,0.6662023279973114,-0.03523959449929728,-0.04845084838340673,0.05143818168255191,-0.060678003558189905,0.22038934003620592,0.9767674910239761,0.395356282804271,1.5,0.08221330267305818,10688.679337194628,11018.188852467934,10707.578938003953,11026.725710906212,0.0,0.0,0.0,0.0,0.0,0.0,nan,0,-0.02028416547006906,0.007838556213049463,-0.00020546209782446034
13.964176194999709,0.9843816674972338,0.46898964111228975,1.5216592769893913,0.6804928177033415,-0.019295943649582346,-0.014115124082733466,0.053241318965286374,-0.06207138598483774,0.20892575317754142,0.9917058512071671,0.39682249713918183,1.5,0.07570247430537072,10677.238780378044,11028.05625059943,10705.547301848961,11025.113394737346,0.0,0.0,0.0,0.0,0.0,0.0,nan,0,0.007125933389794392,0.0025520461749389267,0.018662115738953933
13.974635797999326,0.973085890985243,0.47233902852849863,1.5118198515748886,0.680895349375688,-0.02934190930377492,-0.06002468252222102,0.05544259210695903,-0.062014491977803975,0.20500457195660435,0.9917058512071671,0.39682249713918183,1.5,0.07867120389947076,10637.446285202243,10983.06166275549,10657.811552325154,10984.635815370004,0.0,0.0,0.0,0.0,0.0,0.0,nan,0,-0.010743689334493545,0.004847765773800972,0.008817457480523316
13.985400966999805,0.9916658198009687,0.5052623385362186,1.5090741155546645,0.6753035760186821,-0.0646743444004567,0.016563092569761115,0.05742091817286444,-0.06200212894113037,0.20010935789588655,1.0064863212694963,0.39801332551421664,1.5,0.10864776864285608,10642.901135095934,10998.013307735193,10662.219628719029,11003.614477732472,0.0,0.0,0.0,0.0,0.0,0.0,nan,0,0.0013123855406489415,0.03678147498264578,0.006069302057506665
13.995633060999353,0.9876181772877289,0.4723280951843287,1.46882088048484,0.6527847066008897,-0.032776102695049256,-0.042453129118236996,0.05909284304562092,-0.059741329107737974,0.18492410963911093,1.0064863212694963,0.39801332551421664,1.5,0.08276973687392725,10599.842334446106,10951.290019390824,10618.102471428692,10970.75396025183,0.0,0.0,0.0,0.0,0.0,0.0,nan,0,-0.009209534291589883,0.0029220938630959425,-0.03418055118926677
14.00614515199959,1.0155248001438528,0.4748764561255539,1.4987857871679795,0.6483487451657317,0.006990018420233175,-0.07898599412620727,0.056824989146330426,-0.05616950844763962,0.17348570979110747,1.0210848834151784,0.3989259817717546,1.5,0.07616339930276646,10641.179285408973,11002.634290587413,10670.346577610657,11022.795936978917,0.0,0.0,0.0,0.0,0.0,0.0,nan,0,0.012272171250011565,0.004610432942961817,-0.004207465820635026
14.016508360999978,1.007156456521166,0.4624511540837812,1.4921609462452416,0.6056288915890052,-0.053306032689235554,-0.08086682251107495,0.06062948330202163,-0.053294735324742326,0.1618294095943323,1.0210848834151784,0.3989259817717546,1.5,0.0655049567344679,10641.179285408973,11002.634290587413,10670.346577610657,11022.795936978917,0.0,0.0,0.0,0.0,0.0,0.0,nan,0,-0.0024716298329252595,-0.008608696594572529,-0.010826832628242133
14.027337959999386,1.0146367639598888,0.48807488146825706,1.4746848829889403,0.6407000779872567,-0.02824010759274552,-0.0172934529475581,0.06157444309218551,-0.05778456006868318,0.1563212998058243,1.035523289809685,0.39956102001775246,1.5,0.09440236109460919,10707.28330984474,11070.314884843068,10745.70484980237,11089.338891206824,0.0,0.0,0.0,0.0,0.0,0.0,nan,0,-0.0013172729447692433,0.01628839215961725,-0.028306345738773997
14.037744305999695,1.0189469692484112,0.4719450020947885,1.4950378948754532,0.6148287785541853,-0.04469816331731421,0.014323985172095838,0.06542195514577323,-0.05574751376621275,0.1520032198488433,1.035523289809685,0.39956102001775246,1.5,0.07442336831900208,10705.201344713754,11063.456016953933,10740.129425948999,11083.19167130808,0.0,0.0,0.0,0.0,0.0,0.0,nan,0,-0.0032836323380975863,-0.0005001999222848941,-0.00796816982445403
14.048231973999464,1.0489468532490904,0.47330359605723155,1.4950097654415202,0.6337657781533688,-0.02390926978378813,-0.030830356702826574,0.0640868135923495,-0.05235476671558172,0.14668580905505035,1.0497471717348743,0.39991617156589265,1.5,0.07356124675465542,10651.229667072572,11023.575049673374,10695.883896981315,11047.31413173185,0.0,0.0,0.0,0.0,0.0,0.0,nan,0,0.020488631372620913,0.00026784942342555906,-0.008017925904500789
14.05885252400003,1.0221558286385297,0.48367123369161213,1.5084275210869407,0.584769084826773,-0.02986530940273253,-0.022179747906908714,0.0664194665014289,-0.05583939253173814,0.13796514409421679,1.0497471717348743,0.39991617156589265,1.5,0.08858451194883991,10661.835124973766,11019.19179094171,10688.800504479574,11057.441243804913,0.0,0.0,0.0,0.0,0.0,0.0,nan,0,-0.012481454787172552,0.010113403345536898,0.005375001211372243
14.06982834199971,1.0389070750270253,0.46246575665320283,1.5033125668894953,0.6191485579481204,-0.039229679185872855,-0.04674182794315661,0.06326316155652487,-0.05862692394881863,0.12982886014773126,1.063813816061184,0.39999290655758324,1.5,0.06733628923106609,10631.377428758455,11018.211247190342,10671.398595368255,11034.393129701995,0.0,0.0,0.0,0.0,0.0,0.0,nan,0,-0.0018609889078406994,-0.01154527944885475,0.00023353272914561352
14.079921759999706,1.046785803314562,0.47753887051886684,1.51309612364901,0.6006713648901253,-0.058917619799088924,-0.030170163483121112,0.0644073240040025,-0.053614571178563615,0.11589789569252351,1.063813816061184,0.39999290655758324,1.5,0.08046637931095182,10634.305389563588,11020.94420585292,10681.356692617412,11046.165458299503,0.0,0.0,0.0,0.0,0.0,0.0,nan,0,-6.50009507161542e-05,0.003143949102182686,0.00998982403701687
14.090631944999586,1.0665370841140174,0.478020136560557,1.5354717569399645,0.6100659988376405,-0.0647320567769895,-0.005431149804558155,0.06554942226137846,-0.05076307522133645,0.1087068850911617,1.0776883968628246,0.39979042740028686,1.5,0.08661688468035594,10618.13611980506,11008.98908920169,10667.654717283958,11038.637341021511,0.0,0.0,0.0,0.0,0.0,0.0,nan,0,0.013651360858717876,0.003311099532880335,0.03233803378232403
14.100820007000038,1.0634285885114876,0.4843379279956733,1.480320644260938,0.5910625686822101,-0.062165356715166396,-0.03870665766258239,0.06577525014888685,-0.05163724984803399,0.10070190140638796,1.0776883968628246,0.39979042740028686,1.5,0.08797101246119818,10578.255903427413,10954.627307388995,10616.455154549407,11000.9776978302,0.0,0.0,0.0,0.0,0.0,0.0,nan,0,0.004555336914458863,0.009384631549553157,-0.022835261226747727
14.112156425999274,1.0659831319098494,0.48550809576469045,1.4919093632755396,0.6254175312644675,-0.02484172733996374,-0.05013193415688394,0.06678514518611726,-0.054348870852576565,0.09547488564940725,1.0913826340987076,0.39930862401441247,1.5,0.09022716910152935,10616.06418907042,11001.28753751379,10655.572399342616,11046.760845526065,0.0,0.0,0.0,0.0,0.0,0.0,nan,0,0.0011695681599290797,0.010380847211755362,-0.0112634853907565
14.121984348999831,1.0672701140151855,0.47538533971184205,1.509606454317564,0.5588987331472394,-0.05034579514143429,0.011025031231390457,0.06796475935930721,-0.05102907930275187,0.08257553052570718,1.0913826340987076,0.39930862401441247,1.5,0.08038261168089297,10653.063206246892,11027.820953099896,10670.128729596907,11071.694164375338,0.0,0.0,0.0,0.0,0.0,0.0,nan,0,-0.003436432494730024,0.0001553155597424638,0.006415830856545179
14.132216412999696,1.0838692275665076,0.48669728146163715,1.5025624007544798,0.5690647051312542,-0.045726979635535986,-0.016080727156522555,0.06734389765589714,-0.05080087287382167,0.07894391206267541,1.1048766692651217,0.39854851195927093,1.5,0.09065364895650102,10601.656315339864,11000.20223157488,10633.8258045979,11031.45107781208,0.0,0.0,0.0,0.0,0.0,0.0,nan,0,0.007316815256017906,0.011435967083544774,-0.0006453782096302874
14.142860175999886,1.084950587498286,0.4740854461144594,1.4917952165486834,0.5334839280201391,-0.06051483201591044,0.00817527447841103,0.06869759095624622,-0.05163436914796673,0.07339041460434141,1.1048766692651217,0.39854851195927093,1.5,0.07855059278978674,10601.863796395048,11003.991876279602,10628.231484922304,11027.006944579585,0.0,0.0,0.0,0.0,0.0,0.0,nan,0,0.0025991336217918715,-0.0011355318081845978,-0.011425570048319678
14.153536196999994,1.0800389100472625,0.478736653325151,1.5063858452933907,0.5522243403725086,-0.03968892461002096,-0.03025948485356823,0.07051983654540149,-0.04681123304482251,0.05933646326646462,1.1181855049766085,0.39750970849502665,1.5,0.0899653171575068,10576.879549463829,11007.534939896286,10624.45698757592,11020.06457160099,0.0,0.0,0.0,0.0,0.0,0.0,nan,0,-0.008064926309903742,0.003627956628331208,0.00315709610615289
14.164052741999512,1.0952891627008283,0.4637264594001218,1.5200311846149224,0.5616978005928462,-0.04383264478383132,-0.02076069099916295,0.07115427149846006,-0.04986424386184121,0.050273724814523996,1.1181855049766085,0.39750970849502665,1.5,0.07287076881105484,10576.879549463829,11007.534939896286,10624.45698757592,11020.06457160099,0.0,0.0,0.0,0.0,0.0,0.0,nan,0,0.0014794891766716223,-0.01119762869955604,0.01679935369574803
14.174513365999701,1.0949677728118106,0.4923276988173342,1.5244845163907068,0.5680006168808651,-0.06329827286235754,-0.037282140746709505,0.07237490660121694,-0.04708654820479049,0.03754094719104467,1.1312939462712372,0.39619386790460265,1.5,0.10564466795370603,10571.866261618068,11005.969898313127,10612.471610660978,11019.242872729079,0.0,0.0,0.0,0.0,0.0,0.0,nan,0,-0.004501338399568677,0.01766086265790906,0.021255025484812506
14.184991987999638,1.100888935607219,0.4889611156797461,1.4862477741367974,0.5787219760870096,-0.04294643060420924,-0.02517688481310132,0.07336914266614096,-0.04650266639103132,0.022587781482508208,1.1312939462712372,0.39619386790460265,1.5,0.09858676711124299,10577.695857268105,10998.81252994261,10609.739392246654,11021.523424367397,0.0,0.0,0.0,0.0,0.0,0.0,nan,0,-0.004193392640223559,0.01462442218847243,-0.01697267385639578
14.195458215000144,1.1343747415365255,0.478226908583989,1.4983795783416343,0.536560752867815,-0.06826499295494938,-0.019153031353399744,0.07676060034186157,-0.04700439639312701,0.026137905197851315,1.1442074946505612,0.3946012173234699,1.5,0.08421736779876304,10610.480014927733,11026.914989736959,10626.285970089059,11051.812950583953,0.0,0.0,0.0,0.0,0.0,0.0,nan,0,0.0237254085711307,0.004293764710077419,-0.004827597026321406
14.206107739999425,1.1299891562945275,0.4779666948003701,1.5175338834778873,0.565129089239153,-0.051456473249635704,-0.031319875601012466,0.07472159873526711,-0.04218374721410435,0.011600608592280117,1.1442074946505612,0.3946012173234699,1.5,0.08636782416139899,10613.526472100879,11023.744674060401,10631.56786575958,11066.259665829268,0.0,0.0,0.0,0.0,0.0,0.0,nan,0,0.01381904352708041,0.004511036483095365,0.01434143401449317
14.216963476999808,1.122223240300687,0.4764187574548254,1.5195691505824238,0.5593098447743821,-0.04679983456659722,0.01750251813229501,0.08008594809322352,-0.04636525634317068,0.00444438706495995,1.1569486133489424,0.39272875956299486,1.5,0.09269745916147151,10614.036282035753,11020.646199486371,10611.343001309864,11071.400783864985,0.0,0.0,0.0,0.0,0.0,0.0,nan,0,0.0005784740181946635,0.003514827977446011,0.01639288141980555
14.227411553999445,1.132986957925243,0.4840094998700406,1.4991250472678073,0.5382214050503973,-0.04850593105851229,-0.010410160908121167,0.07471351767442347,-0.04253104764186615,-0.00731786842742569,1.1569486133489424,0.39272875956299486,1.5,0.09437743387023194,10572.363138874549,10978.19285985372,10568.416424409907,11033.237277109156,0.0,0.0,0.0,0.0,0.0,0.0,nan,0,0.00591339460718876,0.011731509617471492,-0.0040293121856924685
14.237960886999645,1.1389450572530426,0.45932787088006366,1.5052519764926389,0.5798676059027079,-0.06738113182107021,0.0052357776473586715,0.07547950722271217,-0.04210639126433164,-0.02089866219553667,1.1694320073492093,0.39059104061936745,1.5,0.0753776440168645,10582.217268068216,10999.635596202077,10571.880805447472,11043.901640929002,0.0,0.0,0.0,0.0,0.0,0.0,nan,0,0.006488383390668151,-0.012249882495585673,0.0021277686384644223
14.248862256999928,1.1302288534989777,0.4699897525909257,1.4986147531326228,0.5511994633365442,-0.03670904200227746,-0.017977415776148385,0.07925522520605774,-0.04797829419327559,-0.02741570330294218,1.1694320073492093,0.39059104061936745,1.5,0.08856049708211312,10578.720001826134,10977.788723966729,10560.072911070823,11043.183576208123,0.0,0.0,0.0,0.0,0.0,0.0,nan,0,-0.007565277950668081,-0.0008131930977302027,-0.004471140389180173
14.259161508999568,1.1455292090426994,0.4805529972697935,1.5253051211342932,0.5357792644730551,-0.06423687317046567,-0.03536941130008884,0.08151241724091074,-0.04108737136050517,-0.04039611909856244,1.1817382368604767,0.3881764475635269,1.5,0.10239565316342371,10585.386708288828,11002.376273503693,10572.871051962848,11054.640160423492,0.0,0.0,0.0,0.0,0.0,0.0,nan,0,0.0024432813389836383,0.01059972208169685,0.02226523344552489
14.269394846999603,1.147250354921853,0.4756627415853016,1.4901923289279362,0.5032066165054343,-0.06695915272279201,-0.01684514377187567,0.08010219329888714,-0.040926115999434035,-0.043678787586815,1.1817382368604767,0.3881764475635269,1.5,0.09454869673419437,10585.969379683002,10999.632444253117,10578.889375570647,11055.608584179276,0.0,0.0,0.0,0.0,0.0,0.0,nan,0,-0.0010816375716844462,0.0066343425095842234,-0.012795156429047827
14.27981370299949,1.1570533922947046,0.4713660378230546,1.5113225826133678,0.5070955829872802,-0.053293171543659264,-0.042149267792288746,0.07740748250982134,-0.04136693451399021,-0.06265335652588118,1.1938305662552589,0.3854927518721794,1.5,0.0941009173258273,10594.068834547428,11030.471216092645,10602.492192465868,11077.246268981744,0.0,0.0,0.0,0.0,0.0,0.0,nan,0,0.003521193425555902,0.0033381101683623293,0.008391828048678551
14.290471767999406,1.1432981701269844,0.46284655601190716,1.4941764094633068,0.4916286360783826,-0.08371292616880918,-0.012845784246439732,0.08072593393377712,-0.04260556498227327,-0.06346270159115779,1.1938305662552589,0.3854927518721794,1.5,0.0925799561465184,10605.217821673647,11047.325037467981,10620.998032153962,11079.376070815026,0.0,0.0,0.0,0.0,0.0,0.0,nan,0,-0.015388192203973361,-0.00410486202648408,-0.008696233414901444
14.301133275999746,1.1767328950818081,0.47982105414315396,1.4796912273604803,0.5184440996166183,-0.06515439846358226,0.0013184243977108299,0.08100478077143815,-0.03632838237742839,-0.07586134073060778,1.205729723935906,0.3825364655778317,1.5,0.10352561761246136,10589.450723725944,11058.668550576924,10633.115686278774,11088.484201210496,0.0,0.0,0.0,0.0,0.0,0.0,nan,0,0.01293854172176423,0.014022493071029207,-0.023123357905052266
14.311735704999592,1.1638441598780285,0.46177347359532483,1.4920815967641268,0.5159864469871066,-0.07332902655793304,0.0191658584265175,0.07962326102951926,-0.03669340595699258,-0.09687224484166383,1.205729723935906,0.3825364655778317,1.5,0.08997558016382397,10611.485787631023,11064.840958155684,10633.124447725928,11099.628911978956,0.0,0.0,0.0,0.0,0.0,0.0,nan,0,-0.0050118845551894164,-0.0027956041901395223,-0.010676264430749427
14.322210104000078,1.1794489597572493,0.45626567460637774,1.4861035797429543,0.5188421284089088,-0.06789166340218963,0.004235836691840266,0.08381690258399657,-0.04083395927556016,-0.09846363754961296,1.2174281651099825,0.3793099942340489,1.5,0.08693507506612941,10592.76781024142,11047.32960120859,10611.583881945762,11084.86888504332,0.0,0.0,0.0,0.0,0.0,0.0,nan,0,0.005577559501391383,-0.006997203626532,-0.01659801651349202
14.332226169000023,1.1615060474506136,0.4473217607833884,1.4884194839435507,0.5125248745210802,-0.09060867802910502,-0.0678171906863998,0.0827231700094136,-0.03982478305932804,-0.10390356847758697,1.2174281651099825,0.3793099942340489,1.5,0.0888087382232393,10595.870353799302,11042.16869263059,10614.465433024163,11091.200913044318,0.0,0.0,0.0,0.0,0.0,0.0,nan,0,-0.01733435539422712,-0.014558173318712175,-0.014224886215169041
14.34282638500008,1.1669807031042916,0.4623466652401432,1.5233647428061947,0.4678169107667408,-0.10491767350407206,-0.022407392513388254,0.08478446824780153,-0.034591856400223074,-0.1265417363012639,1.2288692049012664,0.375832137481854,1.5,0.10890758180362636,10633.870046306296,11090.5693593511,10667.711643520166,11149.704172359354,0.0,0.0,0.0,0.0,0.0,0.0,nan,0,-0.016782042674613695,0.0019269210797323577,0.020773741951700675
14.353126027999679,1.1738851690492633,0.4604582850158948,1.4765671332836525,0.48365011998545215,-0.09507819500605046,0.038119043337336594,0.08443685706897339,-0.03778994330737536,-0.13258546282646058,1.2288692049012664,0.375832137481854,1.5,0.10360467309718081,10598.414367040452,11064.514058146833,10658.106598772214,11117.94794335989,0.0,0.0,0.0,0.0,0.0,0.0,nan,0,-0.014753077668537173,0.0015762184797855072,-0.025976213440030982
14.36366316099975,1.1757853884148814,0.4580262225761703,1.5160252015542577,0.4759198339568312,-0.06578419824102401,-0.08315482209361805,0.08562917821624365,-0.03271526662796291,-0.1519807079057979,1.2401237012668,0.3720839163614874,1.5,0.10854632920087284,10571.844042542763,11053.26806011644,10638.789537257533,11101.723494299984,0.0,0.0,0.0,0.0,0.0,0.0,nan,0,-0.01768159538744274,0.0007590695737482167,0.013527770159632357
14.374512253999455,1.1964834585765847,0.4609022960051114,1.5204379589021941,0.49044913321522515,-0.10929632492579057,-0.01568497575241933,0.08768278211374524,-0.030327888299335415,-0.16527057220189098,1.2401237012668,0.3720839163614874,1.5,0.10104892631130523,10618.086741098787,11089.92814045761,10675.805844562976,11126.75133918239,0.0,0.0,0.0,0.0,0.0,0.0,nan,0,-0.0017653203955898533,0.005327467127552221,0.01798289148877963
14.384784894999939,1.2106879997111204,0.4533868792479664,1.4965007277124946,0.5191585561930264,-0.0955578410566291,0.01448322331191312,0.08844241031357504,-0.03172546805410583,-0.17534704529790648,1.2511687576574948,0.36807339719867777,1.5,0.09449511569297828,10598.621196264667,11061.19399099411,10646.29222247132,11112.671764533068,0.0,0.0,0.0,0.0,0.0,0.0,nan,0,0.00770449971239473,-0.00041813794684969485,-0.005916489410231041
14.395354538999527,1.2169369628233209,0.45951705344798477,1.518704824332733,0.45560023157805274,-0.10006727943875263,-0.038805627262068,0.0831885118093435,-0.026091215066833158,-0.1835509781291772,1.2511687576574948,0.36807339719867777,1.5,0.09941643978300975,10597.381187391395,11029.805808695262,10622.879436945112,11103.61061798724,0.0,0.0,0.0,0.0,0.0,0.0,nan,0,0.00926573893688376,0.007559026028465421,0.016324483457304417
14.405787548999797,1.1966341773224305,0.4591738384946378,1.5116277263979132,0.5053422190825089,-0.10981020660271437,0.01686226875359375,0.08481108272572196,-0.030310128711755282,-0.19920756816280574,1.2619861076778238,0.363809421041333,1.5,0.11619144090064933,10607.42746015321,11048.71302089087,10623.99942738228,11104.597007963383,0.0,0.0,0.0,0.0,0.0,0.0,nan,0,-0.015677718512503436,0.009139866028637367,0.009283974899114256
14.416123313999378,1.2087569427492406,0.4525009709317078,1.4642774239548297,0.4740745998158859,-0.0755587422388168,-0.03517114443153518,0.08632004280158909,-0.028298000770054472,-0.20721350428022206,1.2619861076778238,0.363809421041333,1.5,0.10943325573267995,10607.42746015321,11048.71302089087,10623.99942738228,11104.597007963383,0.0,0.0,0.0,0.0,0.0,0.0,nan,0,-0.008148576306767463,0.004467866307206914,-0.03802793195316112
14.426852412999324,1.241203539541419,0.4324199813132356,1.5086720432108325,0.4471106731904735,-0.08232704780342714,-0.030932847917305304,0.08482574447937462,-0.025443026142057606,-0.22327112505683427,1.2725846715278426,0.3592910778451994,1.5,0.08004883697242106,10646.496829146428,11082.893858801022,10649.770432918152,11129.222827242405,0.0,0.0,0.0,0.0,0.0,0.0,nan,0,0.019751688468646833,-0.013535304442202023,0.006403755997226979
14.437048058999608,1.226761933859229,0.43227358963809887,1.5063413682134243,0.46505604276421697,-0.07117373973078295,0.018336203980785035,0.08683948344644106,-0.02539081332047576,-0.23871901631440343,1.2725846715278426,0.3592910778451994,1.5,0.08640823609972322,10651.617539160176,11082.067393648309,10652.313253046306,11122.400426747003,0.0,0.0,0.0,0.0,0.0,0.0,nan,0,0.000811387363355065,-0.011526644292439492,0.004103599509595046
14.447614415999851,1.234751209439382,0.43239354893875265,1.4806114519320046,0.5016870739529088,-0.11027953449811739,0.04394175959559286,0.08793569930774577,-0.026209746370719243,-0.25390024584233034,1.2829599099504816,0.35452266894168516,1.5,0.09361553585100899,10620.588436796612,11053.342043137607,10615.38868496896,11088.541951093592,0.0,0.0,0.0,0.0,0.0,0.0,nan,0,0.004349573754296232,-0.009174795171403183,-0.02159926238649268
14.458114753999325,1.239363036175478,0.4473531345104102,1.5041698086171686,0.5078722782318574,-0.10685944555379527,-0.05246101419380029,0.09137579420686688,-0.022175875611801246,-0.262003568770038,1.2829599099504816,0.35452266894168516,1.5,0.1026429249610691,10610.405936098321,11019.048483108703,10600.794616772411,11078.388815423536,0.0,0.0,0.0,0.0,0.0,0.0,nan,0,0.004557828050752555,0.008092999010531898,0.0019871512309221906
14.468642492999606,1.2150664096644876,0.4380768951899241,1.5221214028382009,0.49274934137423904,-0.1117546801145829,-0.03866097225115983,0.09383610801684557,-0.023356062039265726,-0.282978224044081,1.2931116889808696,0.34950680387883887,1.5,0.12010446770189696,10655.20081892281,11047.11922622907,10626.85676759623,11122.803205340535,0.0,0.0,0.0,0.0,0.0,0.0,nan,0,-0.02409464224470348,0.0012012511910301504,0.019965928222311025
14.479386525999871,1.234165328755508,0.4282850376046062,1.5234584049327173,0.4923963978815703,-0.13183015272159018,-0.0028373392776087324,0.08602541261045549,-0.027228959595803258,-0.2873836704985527,1.2931116889808696,0.34950680387883887,1.5,0.10114830821500197,10651.715946593893,11034.653014572275,10637.747710750724,11119.440158251022,0.0,0.0,0.0,0.0,0.0,0.0,nan,0,-0.009303563350873345,-0.006129810175583061,0.021326332361557787
14.489622064999821,1.2571394454663147,0.44073000789059413,1.4800856617242582,0.4757483448756924,-0.13249642316156912,0.0110499215411177,0.08746200352534392,-0.018854982413945457,-0.30758886458758744,1.303046464510713,0.3442424390117898,1.5,0.10869170260256956,10613.895203903421,11007.137928287595,10610.99854440317,11094.42279612722,0.0,0.0,0.0,0.0,0.0,0.0,nan,0,0.009410736202248193,0.008851794822114623,-0.022023847768344318
14.50029823299974,1.2424501532281231,0.43105530888843585,1.5012287291040534,0.505453011044238,-0.10366644046493054,0.03408861292985743,0.09345960995013051,-0.01924269140772103,-0.3118890744436591,1.303046464510713,0.3442424390117898,1.5,0.10587680148402268,10635.233375436841,11015.08505790141,10629.4935424576,11101.57080239777,0.0,0.0,0.0,0.0,0.0,0.0,nan,0,-0.009490238925740302,0.001789204303917158,-0.0008578137177772671
14.51079850699989,1.2637433333330197,0.42447402387015926,1.5162361659785077,0.4135288164680531,-0.08453667134775414,-0.008773744274112504,0.09203328422317975,-0.017681032348293737,-0.3373108295825175,1.3127390117917885,0.33874604585747903,1.5,0.10006735635290512,10614.425983955658,10990.218942114334,10590.710981562848,11079.814559945853,0.0,0.0,0.0,0.0,0.0,0.0,nan,0,0.007639510598852928,-0.0021049007310235957,0.01417429645795365
14.521069998999337,1.286947317297582,0.41067145131888966,1.5154439811763611,0.4958563176194412,-0.1313663549948738,0.005830174801510717,0.08903480794708786,-0.02036743653566776,-0.33455633867694734,1.3127390117917885,0.33874604585747903,1.5,0.07795506404491369,10614.425983955658,10990.218942114334,10590.710981562848,11079.814559945853,0.0,0.0,0.0,0.0,0.0,0.0,nan,0,0.026728387100941386,-0.013145753708936114,0.013411043541133871
14.531710497999484,1.2464551416658287,0.44216192353820405,1.5017918074843015,0.5102324757081241,-0.11751460286544467,-0.05364139226297644,0.09111070631600825,-0.018125022056083646,-0.3597744357565321,1.3222160848710351,0.33300539481734326,1.5,0.13288370423716905,10602.98334714841,10978.22523423857,10580.06754216448,11056.150382620546,0.0,0.0,0.0,0.0,0.0,0.0,nan,0,-0.017830436336075728,0.021180513417466074,-0.0002066142490639855
14.542441765999683,1.26405778714171,0.42808927165644034,1.5051810304088988,0.48926150382859224,-0.1380978150713293,0.016005288117345088,0.08421758329913656,-0.014590343382262968,-0.3704181735803033,1.3222160848710351,0.33300539481734326,1.5,0.11158034910154807,10659.335597324978,11018.386387101395,10630.414234722335,11094.754584097293,0.0,0.0,0.0,0.0,0.0,0.0,nan,0,-0.00424561163647863,0.010017601216166128,0.0032193456397953124
14.553265066999302,1.2630592426197087,0.42415135490690004,1.5106058933873387,0.4455328110037573,-0.11929105696613893,-0.0056168054130009805,0.08856847189392826,-0.012586033086798658,-0.3874132360208101,1.3314606151179762,0.32703313539669376,1.5,0.11926097976716002,10644.886600724387,11006.752488430913,10609.678034158533,11072.310374864976,0.0,0.0,0.0,0.0,0.0,0.0,nan,0,-0.009212817896235181,0.009063133544428503,0.008680775201263646
14.563579306000065,1.2720301231963222,0.4139184938082305,1.5227456726642543,0.49237023683535375,-0.10230904491557988,0.026360231078851184,0.09312861628583173,-0.00892868260275349,-0.4035082328346825,1.3314606151179762,0.32703313539669376,1.5,0.107695935398233,10644.886600724387,11006.752488430913,10609.678034158533,11072.310374864976,0.0,0.0,0.0,0.0,0.0,0.0,nan,0,-0.004161292163286534,0.001886857192146929,0.02085861656703436
14.574272955999731,1.2835296779031935,0.41237717429870785,1.529778693522252,0.4679282046590596,-0.11159682362015845,0.01859306867730379,0.08635421722116024,-0.01582388290703017,-0.41816348072031045,1.3404681958380542,0.3208356260682614,1.5,0.11184194412177312,10620.801901456629,10972.843477505956,10575.317298458524,11021.61792977806,0.0,0.0,0.0,0.0,0.0,0.0,nan,0,0.0034682861946899735,0.0034745368873392857,0.02793453420146408
14.584738519999519,1.2843501355837885,0.39366292895123955,1.5174575722359696,0.4989451836337276,-0.12339406756416159,0.009748543391952014,0.08883306585648644,-0.011406317496467885,-0.4308371755699823,1.3404681958380542,0.3208356260682614,1.5,0.09358322264318819,10595.00981011364,10944.85484324994,10556.993063942362,10980.027038317869,0.0,0.0,0.0,0.0,0.0,0.0,nan,0,0.0004681120120033633,-0.012039201859252946,0.01566673119480111
14.59491518699997,1.2851804222837773,0.4020011857696832,1.5111295561765714,0.4887848722819972,-0.16046604529822311,-0.027591485403943128,0.08852272884488178,-0.01672655635875853,-0.439961187787291,1.3492438007237926,0.3144128564332702,1.5,0.10908574111120123,10600.293266992468,10935.51275479414,10552.233444414936,10985.019310775715,0.0,0.0,0.0,0.0,0.0,0.0,nan,0,-0.0024727686940217986,-0.0004296204414157012,0.009404979611811859
14.605788374999975,1.280392460894447,0.4146369429987643,1.5052884874525534,0.49366833204875654,-0.14802726514323844,-0.02929971564476289,0.08696183335310885,-0.0126741025614264,-0.4561674464596638,1.3492438007237926,0.3144128564332702,1.5,0.12171007609774752,10624.388089892205,10951.877699486255,10598.59528618631,11018.610108112714,0.0,0.0,0.0,0.0,0.0,0.0,nan,0,-0.010982047139766138,0.015547967778515859,0.0036403641170705825
14.616496483999981,1.3031818926110044,0.3919868446270775,1.4968380299466955,0.4724149216689832,-0.1689357597817888,0.0294121663595118,0.08982708522383642,-0.012237818624279858,-0.47052435594781467,1.3577762614433344,0.3077767701414255,1.5,0.10040856441408542,10654.510401960108,10983.15393039249,10630.625890271112,11044.814014562122,0.0,0.0,0.0,0.0,0.0,0.0,nan,0,0.008136442817930689,-0.0036899340591189933,-0.004728876888177691
14.626771978999386,1.2977250018057653,0.3856737828176503,1.4897676436036718,0.5042748839416951,-0.11930102677783491,-0.05642090234056582,0.08752243552603355,-0.00997263648056089,-0.48093006085892837,1.3577762614433344,0.3077767701414255,1.5,0.09888781262299282,10640.985146176094,10959.770997623866,10631.743122104279,11033.879573268676,0.0,0.0,0.0,0.0,0.0,0.0,nan,0,-0.0009406817644561638,-0.006520894963991775,-0.01171478897462852
14.638263343999824,1.3186227472173284,0.36901673080085656,1.492762790102005,0.4780907936330597,-0.1759158117327213,-0.017589960389932623,0.0849387304420864,-0.008448221721876665,-0.5057765730278565,1.3660887535942132,0.3009121533493817,1.5,0.08332846115417014,10710.681202212367,11018.893576165137,10680.570569822388,11087.97300404514,0.0,0.0,0.0,0.0,0.0,0.0,nan,0,0.01638801827142844,-0.019626221417582357,-0.008636377073803603
14.64759819199935,1.3231078761524186,0.37832207559420783,1.4899315780396707,0.47289507413617954,-0.16838689133544446,0.031616251043044157,0.08525265636724466,-0.00998805085741019,-0.5112089021237107,1.3660887535942132,0.3009121533493817,1.5,0.08911242903427015,10726.600229200638,11015.688433956066,10705.160642989733,11100.24870013311,0.0,0.0,0.0,0.0,0.0,0.0,nan,0,0.017355858334896723,-0.006699715739671541,-0.011391749171115073
14.658103299999311,1.308608931441887,0.37877331042246465,1.5063321715428775,0.49791793104546433,-0.12703358817996327,0.018444352290506137,0.08508777898246246,-0.008772890852853054,-0.5294752027937178,1.374146698653712,0.2938511125943385,1.5,0.10745731716136972,10702.237099147978,10993.746366183856,10685.481496705726,11075.488154924535,0.0,0.0,0.0,0.0,0.0,0.0,nan,0,-0.0006084183075250049,-0.002558634754856237,0.005078308749353999
14.66861560199959,1.3062267658478652,0.3750024843639265,1.4955000600029964,0.4506825336018746,-0.1685515817080773,0.018708271511517535,0.08636969829180827,-0.009691712564174412,-0.5505913965959628,1.374146698653712,0.2938511125943385,1.5,0.10591936495472994,10692.220863754503,10971.880936492578,10661.976499421995,11038.06237073648,0.0,0.0,0.0,0.0,0.0,0.0,nan,0,-0.006403921706765292,-0.002571933709912877,-0.005686570660068613
14.67897176599945,1.318644895138482,0.37295347186410327,1.494418336553062,0.4616050151844291,-0.12323718284158139,-0.002758041825736156,0.08442760927591453,-0.006441747375092884,-0.5656970262944689,1.381973593097546,0.2865773121436179,1.5,0.10724980149204964,10674.99592342321,10967.060114598013,10672.146153358513,11024.262513632064,0.0,0.0,0.0,0.0,0.0,0.0,nan,0,0.0026529722858750215,-0.0007966615256284615,-0.006700695960034864
14.689909353000075,1.32725982284641,0.3911354202537555,1.4847781506514621,0.47008069189957247,-0.16292606032272938,0.005294983088277789,0.08451705817655071,-0.00615448889837365,-0.5804084933640878,1.381973593097546,0.2865773121436179,1.5,0.118986130806304,10697.47671378091,10981.852558746856,10689.606990177708,11016.84413513604,0.0,0.0,0.0,0.0,0.0,0.0,nan,0,0.007959027160105103,0.021275600998986677,-0.016273496821344713
14.700149334999878,1.3499015068917493,0.3722050550187739,1.4808233174021228,0.5397200280226916,-0.10168165972706344,0.00664300613854312,0.08467863392234341,-0.006278913172105207,-0.588496935665249,1.389548102271127,0.27911463558627997,1.5,0.10298263868610794,10713.961516953928,10996.531415987914,10706.49848089826,11022.487965013006,0.0,0.0,0.0,0.0,0.0,0.0,nan,0,0.027344533822296846,0.006300946257452755,-0.020163474293457773
14.71041299099943,1.327859109531903,0.36028384447969314,1.5145111403149425,0.5030036344750903,-0.16912134554562663,0.012384685922062566,0.0846334017876913,-0.005000823227027,-0.6071737618576124,1.389548102271127,0.27911463558627997,1.5,0.10297837389861286,10757.887433891327,11000.778933154204,10696.745754505955,11028.79290821823,0.0,0.0,0.0,0.0,0.0,0.0,nan,0,0.0020989668311814924,-0.0015998155649351031,0.01358442349862865
14.721149768000032,1.3306055136946333,0.3540541977338701,1.5108111822793264,0.5095397206947421,-0.18395281668951088,-0.012000265134474414,0.0836638089981123,-0.005705070228539221,-0.6279039874312621,1.3968895743682874,0.2714480993324852,1.5,0.10646232129145393,10729.135270636314,10964.454385673233,10676.969754752405,11006.508316458188,0.0,0.0,0.0,0.0,0.0,0.0,nan,0,0.0016953145589435614,-0.003745202793990765,0.009941284890334634
14.731552405000002,1.3447788314509455,0.36696058053477565,1.5208217675171254,0.49849193639878425,-0.15135155665541333,0.006013654402580077,0.08485477822486875,-0.0061404553816502986,-0.64231425341119,1.3968895743682874,0.2714480993324852,1.5,0.11077774864724599,10731.15982854742,10946.649418490131,10693.115146867993,11008.892433975632,0.0,0.0,0.0,0.0,0.0,0.0,nan,0,0.012771754174655925,0.013308261978829228,0.020007666715519123
14.742220559999623,1.328229900296159,0.3424759117136695,1.5140419736445354,0.4954197153382548,-0.15313603202605225,-0.013416695928834823,0.08443861141187295,-0.002572991601810478,-0.6575940520820825,1.4039897235399963,0.26358931142302683,1.5,0.11027158993678703,10714.484277623746,10929.720190031816,10673.95420193619,10977.472282990142,0.0,0.0,0.0,0.0,0.0,0.0,nan,0,-0.006820801238411889,-0.00696748620811577,0.01328454025370518
14.752487628999916,1.3244411771066416,0.3495023557361266,1.4960161982831328,0.4851117507259988,-0.1578977674925237,0.06436962710961944,0.07815043565487143,-0.00403944789771912,-0.6724188078751283,1.4039897235399963,0.26358931142302683,1.5,0.11715328889503508,10724.113644794821,10924.8613295106,10689.809693198775,10975.909499935473,0.0,0.0,0.0,0.0,0.0,0.0,nan,0,-0.01359979989799065,0.004328747523414889,-0.004682353948831652
14.76317133700013,1.341231644248631,0.3354490832516686,1.4887233521447718,0.523913384687855,-0.15376765999310607,0.020263063738688893,0.08075962592198227,-0.0002742468249632644,-0.6919824350444838,1.4108421078432192,0.25554953943486325,1.5,0.10656789634236906,10685.172728580077,10897.411626180265,10663.877832899572,10927.665859321723,0.0,0.0,0.0,0.0,0.0,0.0,nan,0,0.0002537424825772572,-0.005394949814086003,-0.011911247578805018
14.77368655600003,1.3465788464176904,0.3367885714134148,1.5127261215253962,0.520400912417897,-0.11265462007443625,0.03401267151257126,0.08064853307019192,0.0021030289967151426,-0.7143022210584625,1.4108421078432192,0.25554953943486325,1.5,0.10436235554517309,10714.193141863603,10897.150839788756,10679.882330237808,10938.583744082021,0.0,0.0,0.0,0.0,0.0,0.0,nan,0,0.0027174176788198334,0.00033287301449769213,0.012162238984822382
14.78423893999934,1.3443490083569312,0.3431027804853979,1.5075738408280719,0.516100933439592,-0.1460142595358649,0.02670003314964538,0.07930477065047334,0.0020635631095701746,-0.7227308957076515,1.4174407338936534,0.24734111323314228,1.5,0.1207065048858438,10710.626190411229,10876.626371132596,10650.351124332661,10905.598588969875,0.0,0.0,0.0,0.0,0.0,0.0,nan,0,-0.0023424719601092825,0.011093194532640516,0.007088230215188229
14.794642820999798,1.3513208453825714,0.31162729106358905,1.5113801248533578,0.5136341406900533,-0.1888750249205198,-0.027360604666697316,0.07834069847686241,0.001346043105323592,-0.7433520499281666,1.4174407338936534,0.24734111323314228,1.5,0.09291964032670252,10714.335134072935,10865.977133457365,10650.470357174814,10891.609476870855,0.0,0.0,0.0,0.0,0.0,0.0,nan,0,0.001852773667000207,-0.01587949344322198,0.01098265634477924
14.805165462999867,1.336724024518679,0.33797148618405837,1.5102475954560526,0.4872585979776561,-0.1409767647441924,-0.04082794293727955,0.08170367809467056,-0.00028302999787312676,-0.7519350403238518,1.423803628003479,0.23894547533097243,1.5,0.13226496656778153,10714.335134072935,10865.977133457365,10650.470357174814,10891.609476870855,0.0,0.0,0.0,0.0,0.0,0.0,nan,0,-0.015466945931676968,0.015023378814623733,0.009945705439780905
14.815946249999797,1.3562243701584686,0.31867327600874573,1.4966402748497023,0.5491281864765832,-0.1346428938608636,-0.05775866603466413,0.07941861567204869,0.0007184443612589068,-0.7774124759715005,1.423803628003479,0.23894547533097243,1.5,0.10456943169436599,10770.374159732986,10914.640874647603,10740.219941075598,10943.338161431948,0.0,0.0,0.0,0.0,0.0,0.0,nan,0,0.0013645876860666206,0.000339075168478975,-0.0035642036204777128
14.826453842999399,1.35355980974836,0.3005460663188158,1.485845044853821,0.4917554522205946,-0.17099933210242116,0.0689974728532288,0.08014647365828542,0.0043801019488424854,-0.7878246292625147,1.4299198938328723,0.2303798154619793,1.5,0.10466388085623725,10834.7828786438,10954.618811126826,10780.804060534412,10985.67075193243,0.0,0.0,0.0,0.0,0.0,0.0,nan,0,-0.003914233653303123,-0.01311958100193189,-0.014267368295948213
14.836619684999278,1.3569999549914862,0.31946411293628296,1.5164367154155913,0.5312319372219189,-0.13633783142762274,-0.005301589544105666,0.07782874319204074,0.0023431071047770057,-0.799090082692777,1.4299198938328723,0.2303798154619793,1.5,0.11629056346400106,10788.181828045268,10896.604343279405,10752.9873954072,10942.148821862673,0.0,0.0,0.0,0.0,0.0,0.0,nan,0,-0.003033739195923868,0.010520648477843675,0.01641106612277965
14.847168540999519,1.3500952240717634,0.3139128373294992,1.4971457524797305,0.47968618334685964,-0.1720848926223492,0.041454332604530714,0.07778569901637879,0.004336217879104125,-0.8161492963090575,1.435778426391071,0.2216649366615107,1.5,0.12593424103971654,10789.381784381403,10892.505477785377,10738.635557651158,10926.44283530509,0.0,0.0,0.0,0.0,0.0,0.0,nan,0,-0.012443711791630507,0.009743897312862126,-0.0027938775435876195
14.857672163999268,1.3560419459413438,0.2920238403026512,1.479122691880955,0.4816123837807393,-0.14762982529733495,0.038312881373093584,0.0760831729369523,0.007554155409110033,-0.8441121179153825,1.435778426391071,0.2216649366615107,1.5,0.10837040015793316,10761.803120709936,10869.482736933296,10739.001299153271,10895.58833490216,0.0,0.0,0.0,0.0,0.0,0.0,nan,0,-0.008947934401718038,-0.007319418552841961,-0.020729084834801625
14.86830009699952,1.3581502829789587,0.30834557105795773,1.521018628075987,0.5127007598562475,-0.1288093464992649,-0.024867907958131156,0.07436646876794085,0.001752369383947515,-0.850812432303133,1.4413811586154124,0.21280438753196154,1.5,0.1284417343971794,10769.012366944287,10871.042124950545,10754.296793752557,10891.078705888085,0.0,0.0,0.0,0.0,0.0,0.0,nan,0,-0.009236305482861473,0.013878029121974722,0.021257789337808752
14.878871048999827,1.3617349778210066,0.28547809587455497,1.5023183214684785,0.5291840119307505,-0.11890446117963821,0.013114124923935978,0.07328205992997566,0.009106505357593882,-0.8794140435063487,1.4413811586154124,0.21280438753196154,1.5,0.10784413110517749,10784.635666145854,10880.656134638566,10763.951705326526,10882.368544906465,0.0,0.0,0.0,0.0,0.0,0.0,nan,0,-0.00799404358258582,-0.004064696225649089,0.002650416294170954
14.88968721999936,1.3725172682584443,0.27413685312366204,1.5004889964708705,0.5394081221469995,-0.11812565003730274,0.031017251290944722,0.07424721397612291,0.003494384300585132,-0.8884709687872132,1.4467481324506886,0.20376957016825115,1.5,0.10228399105824328,10799.71487674781,10873.168465476587,10756.36570533339,10872.648429445879,0.0,0.0,0.0,0.0,0.0,0.0,nan,0,0.0005000624479902793,-0.01043319993820746,0.0009156308673969882
14.900665858000139,1.368758179019868,0.2930607988434296,1.5115318227289924,0.5415850332364126,-0.14951617005219597,0.08933052253903817,0.07394141721898166,0.005481978684753458,-0.8995929270863804,1.4467481324506886,0.20376957016825115,1.5,0.11911481557689407,10800.417329090715,10847.63799713908,10742.379140448485,10851.888082286741,0.0,0.0,0.0,0.0,0.0,0.0,nan,0,-0.005493117119374391,0.013510332223509225,0.012056163803792597
14.910380306999286,1.386991047913421,0.2734365107533108,1.4864310340657159,0.5395122445220093,-0.1353965752947451,-0.010545703179492775,0.07224887768028931,0.0033527878469008184,-0.9219827794172956,1.451872007854663,0.19457338490705178,1.5,0.10301965063843736,10743.343809328328,10782.714322873815,10681.57598239954,10791.199931847914,0.0,0.0,0.0,0.0,0.0,0.0,nan,0,0.01055929415201251,-0.0010489254086490374,-0.012936800457137076
14.921149277999575,1.3895828275225617,0.2569983278004687,1.5104853383184955,0.5339654527755564,-0.11848919775730471,-0.01926349027500708,0.07154217955484053,0.008497554669153713,-0.9401212599545717,1.451872007854663,0.19457338490705178,1.5,0.08880741974263587,10802.59983591342,10822.545365972323,10736.742657047384,10833.168491559649,0.0,0.0,0.0,0.0,0.0,0.0,nan,0,0.011024119099607432,-0.012377720368955014,0.011236042512923206
14.931284831000085,1.3943605929399756,0.2710382337884413,1.4878701926093185,0.5238569478001318,-0.13720264677821495,-0.018681365917907936,0.07073799966556638,0.011110886959784095,-0.9524896487345078,1.4567077144636005,0.18530594105861328,1.5,0.10669733739100333,10802.59983591342,10822.545365972323,10736.742657047384,10833.168491559649,0.0,0.0,0.0,0.0,0.0,0.0,nan,0,0.013728659597509907,0.006815168437189878,-0.011256060039832594
14.94201350899948,1.3683688396780318,0.26808218049955085,1.497664815845633,0.5262968649543754,-0.12633676985799625,0.01844339370046306,0.06875188252005227,0.003637133389853647,-0.9665457224127064,1.4567077144636005,0.18530594105861328,1.5,0.121083094193197,10878.461163310556,10870.814908684582,10797.888204743667,10875.475934829727,0.0,0.0,0.0,0.0,0.0,0.0,nan,0,-0.014282422097644076,0.009054869123447995,-0.001339151208547662
14.952732684999319,1.3753648060329078,0.2515484875740783,1.4935286659240505,0.5513646525264835,-0.13152944258438065,-0.06512390333133596,0.06739419747854641,0.007905684356075741,-0.9914745788504423,1.4613035152053955,0.17588350701530073,1.5,0.11468447663880303,10858.356661170055,10862.067558090394,10797.567914787569,10854.945479687918,0.0,0.0,0.0,0.0,0.0,0.0,nan,0,-0.009251900202095209,-0.0022412794641340494,-0.005355818732900364
14.963025884999297,1.3965369350280736,0.25950138491507113,1.4883895459325498,0.523934601616049,-0.12744932945650086,-0.019174521240853643,0.0655938966177956,0.006679176520218636,-1.0041905877778077,1.4613035152053955,0.17588350701530073,1.5,0.10640235925945787,10920.605590144058,10903.211089451574,10860.973575710088,10904.545222096025,0.0,0.0,0.0,0.0,0.0,0.0,nan,0,0.010008755966473437,0.01099005491054636,-0.010382344580537328
14.973425811999732,1.3862265191848753,0.25523580502220317,1.4903924245361522,0.5404742834077862,-0.11782536507399843,0.024904831690793206,0.06724521504625565,0.006592389797628951,-1.0209185286580813,1.4656481413437923,0.1663305877041415,1.5,0.11960032290516226,10934.331475263549,10920.71864999876,10876.879341306902,10905.255432297768,0.0,0.0,0.0,0.0,0.0,0.0,nan,0,-0.0021589891648940984,0.012042980621137733,-0.00827965626898508
14.98437265999928,1.375016444199628,0.2474963533243434,1.511739985401483,0.5432441624929504,-0.11553460568054369,-0.032027839217483,0.06947184182082974,0.007472084344950584,-1.0389740973175468,1.4656481413437923,0.1663305877041415,1.5,0.12222852896591738,10916.3645761955,10889.821470518662,10860.758841647797,10871.007961772799,0.0,0.0,0.0,0.0,0.0,0.0,nan,0,-0.015172474256983648,0.009660969881104875,0.013156193929099613
14.994654620999427,1.3935468488032166,0.23575757319708052,1.5238598794593736,0.5456493378020151,-0.10526152694471674,-0.006421085531154483,0.06726473326423725,0.008639801688051668,-1.0557302066759118,1.4697413505874328,0.1566507450337819,1.5,0.11239566811945391,10919.95855530711,10885.740487888706,10868.7077829748,10872.63043892029,0.0,0.0,0.0,0.0,0.0,0.0,nan,0,0.0016081688425251262,0.003317415129332618,0.02535476145340909
15.005054215999735,1.3936225960754904,0.2322460241816131,1.5141463628710712,0.5774923138840431,-0.14397869641570354,-0.020799112952828946,0.06589295328725396,0.007909484967870925,-1.0693370819371328,1.4697413505874328,0.1566507450337819,1.5,0.10820735002932053,10919.95855530711,10885.740487888706,10868.7077829748,10872.63043892029,0.0,0.0,0.0,0.0,0.0,0.0,nan,0,-1.2503825626231091e-05,0.00523771954439603,0.01571266168611518
15.015654842999538,1.3923374597846323,0.22624339033935287,1.5001531956147909,0.5664116315527283,-0.12064084934448072,0.005758752497676907,0.06106456293250573,0.00951227131435825,-1.0886260143831568,1.4735732973709055,0.1468723436231478,1.5,0.11357397516185541,10907.982402231026,10835.534766257097,10844.962127182076,10847.548446837489,0.0,0.0,0.0,0.0,0.0,0.0,nan,0,-0.002941038197105561,0.004702419486511622,0.0017860256423114507
15.026134613000067,1.3863168689667398,0.21356539719649506,1.4934484391201341,0.5619268935670071,-0.15865414718727977,-0.017672224972722556,0.06332009248873656,0.0073884582166712535,-1.1027802675281129,1.4735732973709055,0.1468723436231478,1.5,0.11002077368729621,10911.072981669087,10820.715329457003,10844.402108074677,10835.547315242507,0.0,0.0,0.0,0.0,0.0,0.0,nan,0,-0.010552239606176572,-0.002473832275547566,-0.004856537243446146
15.0368629099994,1.4039114645179072,0.22308505859320715,1.477767374083033,0.5634785734268044,-0.12096938075586694,-0.01992381287810523,0.06272753205634982,0.007507781854624743,-1.1184254822061013,1.477142148041122,0.13700841827579496,1.5,0.11517903747112226,10922.195505451557,10827.947390258994,10873.254758866959,10859.315338038285,0.0,0.0,0.0,0.0,0.0,0.0,nan,0,0.005504378163824208,0.012580965331047883,-0.020480943765428306
15.047018064999975,1.4085996958678537,0.22850827653439465,1.511761872932502,0.6000346290135855,-0.06256320407399252,-0.009969455862917725,0.05846956005500249,0.010688730735376618,-1.1414894281552075,1.477142148041122,0.13700841827579496,1.5,0.11492881912796687,10956.11085443045,10853.366540834393,10908.216507580528,10879.97268315755,0.0,0.0,0.0,0.0,0.0,0.0,nan,0,0.00870725649902604,0.02357180318294494,0.013560363712018741
15.05753449399981,1.397902775560964,0.20473392834716025,1.5001776549743628,0.5884625701295141,-0.11451333385094886,0.0014778488855757763,0.06288860823145391,0.012590283060677944,-1.1555405926346323,1.4804607313825051,0.12702822075404818,1.5,0.11337559095002624,10961.922022255378,10846.595101746798,10874.780659685306,10845.587729152263,0.0,0.0,0.0,0.0,0.0,0.0,nan,0,-0.003422598083411277,0.005396515135054292,0.0020121799894186054
15.068430038999395,1.3945268166524003,0.19143775624269377,1.5231729770953129,0.5487305826932316,-0.07064682288221208,-0.041093461750114,0.06144215335486116,0.0107016003209355,-1.171818681364079,1.4804607313825051,0.12702822075404818,1.5,0.10986452034284733,10960.600866421448,10822.910535620002,10871.091434017617,10838.08665335697,0.0,0.0,0.0,0.0,0.0,0.0,nan,0,-0.008179458628046588,-0.002270315907111131,0.02503507041057884
15.078705206999985,1.3948883940824228,0.18947541357621123,1.479486117708415,0.5732326438917716,-0.07360956499297572,0.041216773257061246,0.06140498125661961,0.011709108778658267,-1.1885877944294743,1.4835196728445474,0.11696290492673588,1.5,0.11633738372648184,10962.769698855249,10831.73139135033,10874.738830489396,10825.41980606702,0.0,0.0,0.0,0.0,0.0,0.0,nan,0,-0.009147056288506095,0.0014258561596761088,-0.018631991059641084
15.089015586999267,1.3914832897906644,0.20061143763343972,1.5030531813590986,0.5734576314420134,-0.05775887792289913,-0.09039519143537991,0.06223584822403571,0.009380300456418389,-1.2052856051358432,1.4835196728445474,0.11696290492673588,1.5,0.12440697225653048,10953.759594960482,10808.921363774753,10864.15051969907,10801.989225241685,0.0,0.0,0.0,0.0,0.0,0.0,nan,0,-0.01382995804529985,0.018248435034418614,0.0049485687767811815
15.099599047999618,1.397802101783796,0.16519598424250712,1.4663764209839227,0.5821292521843416,-0.06781666007402548,0.05765929604827372,0.059033917187158384,0.008709015392325046,-1.2224933298716039,1.4862980149718192,0.10689851785362556,1.5,0.1111785334684502,11012.862440880535,10870.693916395867,10924.113028624824,10849.493610338805,0.0,0.0,0.0,0.0,0.0,0.0,nan,0,-0.008737636193477671,-0.011453391524344991,-0.031725020246582414
15.10989492599947,1.4163919311491813,0.156940654020629,1.5058313300879471,0.5928024367633159,-0.08696183611814395,-0.004085740484703688,0.05804292386447161,0.009520595542502971,-1.2344756321958332,1.4862980149718192,0.10689851785362556,1.5,0.08616890598219985,10990.351962175966,10831.147072430116,10900.537452777022,10819.347879342842,0.0,0.0,0.0,0.0,0.0,0.0,nan,0,0.008676849041777235,-0.013969045681758246,0.007720457225949939
15.120081132999985,1.403072845036075,0.1438549309734051,1.5017258305454138,0.6159807138378497,-0.0789338852999259,-0.01339100436674315,0.05701127091280783,0.008968783020466931,-1.2501145009043921,1.4888073348340152,0.09681924344860834,1.5,0.09780458646155053,10982.199644102315,10812.709543806857,10883.698253998089,10809.8243589344,0.0,0.0,0.0,0.0,0.0,0.0,nan,0,-0.005766903620226582,-0.021290241464026166,0.0035966644406371095
15.130427718999272,1.4205093002270126,0.1710669649042304,1.4873854649107527,0.5980058610356648,-0.07610721054125363,0.023376770563548054,0.054827222202768706,0.01018580992373971,-1.2725668228168727,1.4888073348340152,0.09681924344860834,1.5,0.10166844234101755,10991.671962241324,10798.433895372667,10883.030336296417,10814.569305742585,0.0,0.0,0.0,0.0,0.0,0.0,nan,0,0.0105952270502645,0.011710047845433752,-0.010769727468529444
15.141044171999965,1.4117905264203767,0.1555323237121616,1.5124815263910378,0.5937378380913819,-0.06785556202881843,-0.015384726125566543,0.05649975777828759,0.011929016346418448,-1.2798900744294952,1.4910657249526196,0.08666562900347428,1.5,0.10574954961358576,10984.53982094448,10789.988701540282,10873.223325975814,10794.54104251785,0.0,0.0,0.0,0.0,0.0,0.0,nan,0,0.000852139826489795,0.001986262070594824,0.014293622568814612
15.151259045999723,1.4003022327611072,0.15168294141554536,1.5078919695250665,0.5740700123966577,-0.09882423510244787,0.017686817503029258,0.05471360812055033,0.009758880817786017,-1.286861815484132,1.4910657249526196,0.08666562900347428,1.5,0.11192651880172168,10983.76223349659,10782.972848847085,10872.41281269742,10785.989967848916,0.0,0.0,0.0,0.0,0.0,0.0,nan,0,-0.011610801100303325,0.003969188549525243,0.009666022756928294
15.162005598999713,1.3884347131622405,0.13056962749718773,1.4960828537480857,0.610120831900944,-0.03834628797295575,0.02677621702689964,0.05382119691330249,0.008440353914355218,-1.324791223211937,1.493070129511461,0.07645549094239217,1.5,0.1178654069878209,10983.76223349659,10782.972848847085,10872.41281269742,10785.989967848916,0.0,0.0,0.0,0.0,0.0,0.0,nan,0,-0.0244037004921831,-0.011291544558645339,-0.0021839867199675567
15.17212347899931,1.4107813879771878,0.11968253323441852,1.4985709682621595,0.5930781955737741,-0.021594581781761824,0.0180403497534493,0.05344879701451296,0.009148863616932644,-1.338521052482254,1.493070129511461,0.07645549094239217,1.5,0.09296266078549395,10944.805049951576,10738.21062673046,10852.461372433298,10744.00891879619,0.0,0.0,0.0,0.0,0.0,0.0,nan,0,-0.0029335751495589424,-0.016306988643982556,0.00026361089586268704
15.18242874599946,1.420752203741417,0.13407143175075487,1.4961748424999968,0.5827679040064402,-0.028747903011152487,0.07012260369981317,0.05541145618152493,0.005418609837436055,-1.3554766562058602,1.494822676434246,0.06618130959157409,1.5,0.10054916927368142,10949.457015936523,10737.358430577346,10842.489761039375,10728.866673923341,0.0,0.0,0.0,0.0,0.0,0.0,nan,0,0.006209157347904171,0.0039714591577099945,-0.0021710062305135835
15.192922561999694,1.4366845097333465,0.11767670136102376,1.4949743375680864,0.5994754294280026,-0.03989903167484099,0.040264603606004,0.05026101824760732,0.009442340355628319,-1.3607060065408196,1.494822676434246,0.06618130959157409,1.5,0.07782723870027922,10911.542477114284,10700.734199690885,10813.814254064218,10672.98440859598,0.0,0.0,0.0,0.0,0.0,0.0,nan,0,0.021361357916518164,-0.006517047576330301,-0.0034038164285894457
15.203209179999249,1.4225630752996843,0.10510208796151997,1.516288872819299,0.609169626912746,-0.038151826854474435,-0.0353656486115969,0.04901829100784217,0.008152912801350635,-1.3854125359932294,1.4963201934042911,0.055864846933884243,1.5,0.09016510274398688,10912.577912399916,10704.352917531005,10801.547014723768,10664.59912220281,0.0,0.0,0.0,0.0,0.0,0.0,nan,0,0.006507328944067359,-0.013169977305164116,0.0178883733982671
15.213618808999854,1.4047964735950582,0.1249954468188644,1.4811470791201469,0.6127612905158144,-0.02153118780280816,0.01649178335102868,0.04931587035812492,0.007559617045069294,-1.3948034650424832,1.4963201934042911,0.055864846933884243,1.5,0.11623710145163717,10948.871557968168,10726.317335678023,10833.466602893546,10690.559646173191,0.0,0.0,0.0,0.0,0.0,0.0,nan,0,-0.011944517708548874,0.012659428714349413,-0.01726823143230649
15.223807114999545,1.4319121969349173,0.12874608516339858,1.5018738506641196,0.6225427993740398,-0.04591022033089465,-0.02063402926577734,0.04874343039847521,0.00685268462174947,-1.4105137292508416,1.4975596543616165,0.045540855897155244,1.5,0.106000991316826,10962.55534121881,10748.158495234185,10851.551367339971,10704.731326308254,0.0,0.0,0.0,0.0,0.0,0.0,nan,0,0.014533238252139924,0.02235940280828655,0.0034471177098356343
15.233968726000057,1.40849584991024,0.10615758730681271,1.5054217598594024,0.6184737345595716,-0.021677181188061945,0.005299767163946981,0.0521903186468491,0.004000862936620265,-1.4358745713261702,1.4975596543616165,0.045540855897155244,1.5,0.10787096398065893,10962.55534121881,10748.158495234185,10851.551367339971,10704.731326308254,0.0,0.0,0.0,0.0,0.0,0.0,nan,0,-0.009473905051117226,0.005732428441196452,0.006983693064583019
15.244671548999577,1.4278148308148275,0.07829617059327985,1.5001173323268229,0.5970850997331143,-0.03670060531253416,0.07261702212238465,0.04493524946598096,0.010439751123079717,-1.4458452618424162,1.4985481825850517,0.03515521002533391,1.5,0.08285145320542221,10968.085844264167,10748.882981551189,10875.739962508938,10711.085054451049,0.0,0.0,0.0,0.0,0.0,0.0,nan,0,0.00930122860090643,-0.01615642222062713,0.001667265855584521
15.255233730999862,1.4070285133026974,0.08043494849658743,1.5009183382316436,0.6112219555824878,-0.02527477828972924,-0.0006307495236497346,0.05122277913263323,0.007695266760603318,-1.4669457981665186,1.4985481825850517,0.03515521002533391,1.5,0.10211242787576999,10968.085844264167,10748.882981551189,10875.739962508938,10711.085054451049,0.0,0.0,0.0,0.0,0.0,0.0,nan,0,-0.011982490776398347,-0.008035262129429316,0.0024608733927449222
15.26561845499964,1.4138908200121847,0.0954195412222214,1.4882033056549295,0.6129341908060066,-0.037876108454971136,-0.03753834475926364,0.044052502654118295,0.006243935443062538,-1.4763670216901397,1.4992812469262842,0.02475078805502074,1.5,0.11146640606142245,10941.409957029276,10705.211114728352,10850.443537846917,10681.5727536679,0.0,0.0,0.0,0.0,0.0,0.0,nan,0,-0.005571512907949661,0.01294034193595077,-0.010254396135982446
15.275765097999283,1.4200620549489325,0.09293498340345614,1.4805142830210403,0.5963010891619343,0.022321863732691627,-0.015613775877305782,0.046462059041064825,0.00520425748761185,-1.4778492721936665,1.4992812469262842,0.02475078805502074,1.5,0.10632242491140909,10941.409957029276,10705.211114728352,10850.443537846917,10681.5727536679,0.0,0.0,0.0,0.0,0.0,0.0,nan,0,0.00019449476973543156,0.016454331498734237,-0.017942473742244447
15.286594866999621,1.4140140376038186,0.04988025318330791,1.513005952224051,0.5810064322100708,-0.011481596166337926,0.04893882677122433,0.045701539175838975,0.00794984309984622,-1.50335753096841,1.4997593185591138,0.01432826301197946,1.5,0.09373020860159785,11008.880644730574,10804.993652120205,10924.824569963273,10739.489207152386,0.0,0.0,0.0,0.0,0.0,0.0,nan,0,-0.006212591398436329,-0.020595416921543874,0.014544595682353112
15.297219410999787,1.433203100598999,0.06566649628095875,1.4919961576152823,0.5778668161470686,-0.019874255642682748,0.02343443924172528,0.04425294692233081,0.0025106478245492778,-1.5205289490490839,1.4997593185591138,0.01432826301197946,1.5,0.0844358089749477,10954.751184589772,10743.974560137238,10871.957884350784,10681.33144961462,0.0,0.0,0.0,0.0,0.0,0.0,nan,0,0.012663162460542887,0.0012010475771899592,-0.006472305481906027
15.307610611999735,1.4145824487823964,0.06322579282494419,1.5305181284839011,0.5464974171161623,0.008945955593728017,0.04683485175396534,0.044624784063595054,0.0047500493570223025,-1.5379030101256155,1.4999821652175085,0.00390109754009864,1.5,0.10836921704984877,10940.993665593347,10748.312932026112,10875.025260516584,10671.560740364012,0.0,0.0,0.0,0.0,0.0,0.0,nan,0,-0.0062255354329898704,0.004774603819958548,0.0320453255767823
15.317385444999672,1.4144729656782222,0.050099694074434736,1.4911688776504999,0.6043393873808884,0.0029224957628890547,0.004593063304047459,0.046636067858046165,0.003857545547441322,-1.5485277109088864,1.4999821652175085,0.00390109754009864,1.5,0.09759160952430125,10880.130621588822,10699.269156740627,10832.902330445302,10599.334418074995,0.0,0.0,0.0,0.0,0.0,0.0,nan,0,-0.006558306117640189,-0.002334375442120784,-0.00729990008420045
15.327576265999596,1.4329011108712422,0.0660057280004188,1.4945630578568447,0.5829483715589191,0.021804165964005917,-0.0009670623025123861,0.04560972347009718,0.004428883760284043,-1.5686184832083006,1.4999502726372187,-0.006513869775120368,1.5,0.09891532992875317,10908.762971032027,10720.326992095625,10854.115628521406,10636.082387598348,0.0,0.0,0.0,0.0,0.0,0.0,nan,0,0.011690962124464965,0.019590502461880162,-0.0038910327296370895
15.338214235999658,1.4161007384123805,0.051258850634512985,1.5011172478177874,0.6119471474536264,-0.0174106802159385,0.015427629142140019,0.04191588215673276,0.004940036601193906,-1.5874389566479865,1.4999502726372187,-0.006513869775120368,1.5,0.10183162502846711,10931.151048475022,10743.615920846834,10877.385793955607,10647.907729925026,0.0,0.0,0.0,0.0,0.0,0.0,nan,0,-0.005243921502760873,0.01086310961506004,0.0026842623444145453
15.348685568999827,1.4286220962109288,0.038312952035740554,1.5104613031834713,0.6178670969135339,0.02771903921265073,-0.0008890799359401094,0.03927268582638493,0.003446450953740369,-1.6035934885493346,1.4996632539294126,-0.016946840378914804,1.5,0.09060866190375945,10925.781788808534,10731.495949668744,10876.426822143956,10654.511803679661,0.0,0.0,0.0,0.0,0.0,0.0,nan,0,0.007187125043897957,0.003936253308138037,0.012054354501612963
15.358970902999317,1.3998678716820843,0.03694415010222615,1.493992976860234,0.639715519543233,0.04788826920686551,0.050611672856620354,0.04523201039424755,0.000888498185970984,-1.6082275279040974,1.4996632539294126,-0.016946840378914804,1.5,0.11357570822993128,10939.81141323812,10727.816160525017,10870.968916328435,10648.37490670061,0.0,0.0,0.0,0.0,0.0,0.0,nan,0,-0.02161345168601958,0.008584978220212376,-0.004382735302080665
15.369262640999295,1.419980405413773,0.008450784408741162,1.501163376339938,0.5985569827457103,0.05072212154907063,-0.028396625329215212,0.043657937314101745,0.0012255487544348819,-1.6233367485111596,1.4991206121875444,-0.027373556802186182,1.5,0.08687870392622447,10921.578509581188,10702.928166256384,10835.819699616353,10636.202397374378,0.0,0.0,0.0,0.0,0.0,0.0,nan,0,-0.00150363010241783,-0.013893437594174385,0.0028262391846616275
15.37976867999987,1.431676459649247,0.012402933619692448,1.4963238334474884,0.6188494448956903,0.023132517388732676,0.023760936376253664,0.04454227745712632,0.0023482051297061255,-1.6388813465019119,1.4991206121875444,-0.027373556802186182,1.5,0.07838620479658862,10957.439098258825,10739.131385727866,10865.68372919603,10666.519418106396,0.0,0.0,0.0,0.0,0.0,0.0,nan,0,0.010233189623654049,-0.003929971951903415,-0.0019685535510447494
15.389915032999852,1.4175070907985858,0.022754365893632396,1.4834580548517269,0.6129491243506945,0.04626842293672229,-0.011814656964973769,0.04624367809675957,0.00021504049204312603,-1.6507537965085373,1.4983247554700145,-0.037756511712924996,1.5,0.10230687748606025,10949.293847341076,10729.72635645848,10853.335802259895,10666.78352881034,0.0,0.0,0.0,0.0,0.0,0.0,nan,0,-0.003852042773769826,0.012428084462327862,-0.0147855793485141
15.400881257999572,1.427061014336383,-0.0008977839997390312,1.5043921873651305,0.584666913474982,0.05084526742902018,0.021537782040412866,0.04391903880436935,0.0040194281095635356,-1.669673792791641,1.4983247554700145,-0.037756511712924996,1.5,0.08035158939838358,10976.46834554999,10758.766533203077,10886.147978874731,10698.5092201141,0.0,0.0,0.0,0.0,0.0,0.0,nan,0,0.005829293453774698,-0.005223202623596057,0.006199101767618842
15.410926978999669,1.4511828816016186,-0.00012415869359973762,1.5047550515251296,0.62320027206769,0.0730993380003323,0.06634092701956175,0.04517766358642222,0.0016880877705767387,-1.6899451532672398,1.497274341182542,-0.048118030724528096,1.5,0.06671165500740978,10955.002000210925,10747.346002382115,10863.063192869853,10675.964805741114,0.0,0.0,0.0,0.0,0.0,0.0,nan,0,0.03012170099057454,0.0015444525779460712,0.006613540539853746
15.421164243000021,1.4087850392378334,-0.00870307534688262,1.4965617268199483,0.6077073368327264,0.047462410584018566,-0.025951404719105373,0.043545508627214354,8.430415369888019e-05,-1.6980015400854311,1.497274341182542,-0.048118030724528096,1.5,0.09693150668665096,10922.429535387657,10701.04245006092,10807.323061636373,10621.969012580303,0.0,0.0,0.0,0.0,0.0,0.0,nan,0,-0.012062915102936556,-0.0010483114774077987,-0.0015210511221002143
15.43142095499934,1.431450420823287,-0.019306137669876912,1.5260764747412912,0.6240398784690677,0.03699443822226811,-0.0014714730345604075,0.045801537558895024,-0.0019299206797976207,-1.7092437864355923,1.4959683210530188,-0.05845766237407911,1.5,0.0798460009746924,10922.429535387657,10701.04245006092,10807.323061636373,10621.969012580303,0.0,0.0,0.0,0.0,0.0,0.0,nan,0,0.010858201042730053,-0.005674174138332811,0.02806007629721985
15.442023904999587,1.4208410740788757,-0.009637616816484828,1.5345600710644607,0.5743206297931339,0.057130668157835296,-0.030503504514003424,0.04258700305528466,-0.0003941431432628948,-1.7296351522433147,1.4959683210530188,-0.05845766237407911,1.5,0.09603071695108834,10928.728397329267,10711.440813944893,10833.502936888355,10659.969931860425,0.0,0.0,0.0,0.0,0.0,0.0,nan,0,0.0005470268403069412,0.00996149766721924,0.036616090738775586
15.452314161999311,1.420074790029999,-0.02753612562975358,1.486710180017864,0.5666419755587998,0.05823886704011538,0.03778612564645807,0.04408553555454355,-0.0010856170088935982,-1.7393919478897073,1.4944086797086884,-0.0687526705662554,1.5,0.08602877452587489,10917.329992904435,10725.854678385029,10839.385805961607,10651.019184470004,0.0,0.0,0.0,0.0,0.0,0.0,nan,0,0.00012115381456156982,-0.00198099423221329,-0.011153784090206731
15.462264083999798,1.4202459893807573,-0.04397432752379444,1.4975294422645813,0.5753620430778438,0.06493801433918478,0.02510937922775398,0.045131527238363285,-0.003295560349359341,-1.7454220385401593,1.4944086797086884,-0.0687526705662554,1.5,0.07823154463597479,10905.30386818989,10724.877788179798,10844.706118405327,10644.385564308368,0.0,0.0,0.0,0.0,0.0,0.0,nan,0,0.0006748636530991003,-0.012475413469291409,-0.00024656564822667093
15.472939943999336,1.4087326412640726,-0.01890291002830182,1.513182032789647,0.5797149467195047,0.08448743711563089,-0.007188898836759517,0.042473638690085205,-0.0017798819373328425,-1.7662007748806663,1.4925951427703854,-0.07900086035196914,1.5,0.1040117723167413,10893.75415547434,10728.9969401572,10835.48579571901,10643.678253120115,0.0,0.0,0.0,0.0,0.0,0.0,nan,0,-0.010414022761712438,0.01852645671116103,0.015502646475330506
15.483171064999624,1.4291666806109802,-0.04892058425506217,1.4853288766101957,0.5927137969219518,0.07294150652281906,0.0013303404640341507,0.04598677213690894,-0.007615654852284004,-1.7861307615469237,1.4925951427703854,-0.07900086035196914,1.5,0.07171634878807004,10897.249466446892,10738.89985430307,10842.610190806565,10642.385589214562,0.0,0.0,0.0,0.0,0.0,0.0,nan,0,0.010486322891170463,-0.005575195295998592,-0.012245292118371998
15.493306346999816,1.4275512691705048,-0.035646442403032566,1.4992527833907254,0.6038099143129216,0.09970846261850608,-0.013250109249758259,0.04393483079268966,-0.0020880852928068204,-1.8004165603570155,1.490526866301924,-0.08920063887418475,1.5,0.08267125332538972,10914.61954091511,10761.498907814046,10863.63046512301,10669.211021450936,0.0,0.0,0.0,0.0,0.0,0.0,nan,0,0.009379068478975183,0.01359941146488091,0.0017899554533338247
15.50368970799991,1.402429160315347,-0.04258911070693914,1.4736238596827949,0.6172733317264746,0.07372857592404958,-0.05339540764600254,0.04241469725622802,-0.005555280716125731,-1.8094712017215129,1.490526866301924,-0.08920063887418475,1.5,0.1030996660334853,10914.61954091511,10761.498907814046,10863.63046512301,10669.211021450936,0.0,0.0,0.0,0.0,0.0,0.0,nan,0,-0.015192982963181167,0.01254051371446318,-0.023724769699102977
15.514207016999535,1.429049218188611,-0.043269447072603814,1.5055951665641873,0.6006338434437523,0.11819563099717678,0.012669664980471337,0.0458812059099794,-0.005826045108285412,-1.8213679103702303,1.4882068199657819,-0.09933254207159543,1.5,0.08169454301098264,10989.147868513672,10834.58327733585,10930.862951385023,10755.967699056797,0.0,0.0,0.0,0.0,0.0,0.0,nan,0,0.012019252921070978,0.017726054992446144,0.008356598833665352
15.524398834999374,1.4320856014827532,-0.06368919182584824,1.5088183340796153,0.5898348915982127,0.08857906179617447,-0.004704466626728307,0.04414889299203081,-0.004872631385533531,-1.842689797389987,1.4882068199657819,-0.09933254207159543,1.5,0.0670656588478824,10959.254846201646,10809.227446170024,10893.671606021995,10718.443954381653,0.0,0.0,0.0,0.0,0.0,0.0,nan,0,0.01568995761333203,0.0031531631138284333,0.011683496002285132
15.53483524100011,1.427875088823693,-0.06671804389643372,1.469447981541014,0.5723301904556859,0.08394920853443122,-0.013015788803352624,0.046421599938156775,-0.005357769134564894,-1.8534460609638004,1.485629162430514,-0.10941499809952868,1.5,0.07805119312554744,10942.999650352443,10801.099842535763,10877.014866118978,10706.957723517104,0.0,0.0,0.0,0.0,0.0,0.0,nan,0,0.012155671802069223,0.005951107822728285,-0.02758536780593457
15.54550443700009,1.400218657855721,-0.08817752237916544,1.503194126312501,0.5581544488888648,0.10576656149880326,-0.0492483524914251,0.04824376961199262,-0.007476987493258126,-1.8637590011135072,1.485629162430514,-0.10941499809952868,1.5,0.08806921771875785,10968.27345604443,10832.468531511708,10917.303546658306,10740.936744653141,0.0,0.0,0.0,0.0,0.0,0.0,nan,0,-0.014782593893352791,-0.009702766241916974,0.0062580952384123645
15.555675382999652,1.415335626299953,-0.06756935731491794,1.4791967358003653,0.5746997573722776,0.09109023168910813,0.008264025268278685,0.05155900942433169,-0.0051056276820999015,-1.8860667611127346,1.482806728007674,-0.11939436789458681,1.5,0.08758400018608549,10973.490163428647,10854.929856179531,10933.370838412802,10762.14502481963,0.0,0.0,0.0,0.0,0.0,0.0,nan,0,0.0010946265749607331,0.016688623902411895,-0.01765050672444679
15.566147702999842,1.435421146324622,-0.1025531931785474,1.4676923991328403,0.5812530447126321,0.10649505922974489,0.00839773114414943,0.04778664013271332,-0.00533792205573299,-1.8888453252566426,1.482806728007674,-0.11939436789458681,1.5,0.05977290013918557,10962.67041971627,10840.699843633278,10936.633125436278,10761.659208905288,0.0,0.0,0.0,0.0,0.0,0.0,nan,0,0.021982492148902688,-0.01253548688958904,-0.02907544192684286
15.576419268999416,1.4088327568520285,-0.1136448482834184,1.5083634116439162,0.5819609573948262,0.1275938418940108,-0.008619563156155067,0.044354707699096614,-0.008389625232092102,-1.8974300078711288,1.479727905874062,-0.1293084613883723,1.5,0.07308500246072117,10962.67041971627,10840.699843633278,10936.633125436278,10761.659208905288,0.0,0.0,0.0,0.0,0.0,0.0,nan,0,-0.0037614744553056134,-0.017892020844155504,0.011665378368635126
15.586717352999585,1.3934344502652272,-0.10310755959731906,1.4945440844298927,0.5514228167868156,0.1204261040643747,-0.03981203953145987,0.04562361860067082,-0.008792732250776713,-1.9267194418395568,1.479727905874062,-0.1293084613883723,1.5,0.09034829688647432,10956.521618965351,10840.684481990109,10892.52617655159,10753.160949233245,0.0,0.0,0.0,0.0,0.0,0.0,nan,0,-0.018273365099849448,-0.0016452762352171107,-0.002092251692636049
15.597166378999646,1.426010937651174,-0.11217983294958292,1.5059373209726177,0.5427985348959895,0.06040782810324552,-0.01751238118950729,0.04474177946013284,-0.00502161042784405,-1.93710780728675,1.4763983572635349,-0.13913220445851932,1.5,0.05745062371706451,10962.897823794357,10865.77788499869,10916.231265239676,10770.819837199604,0.0,0.0,0.0,0.0,0.0,0.0,nan,0,0.015231508416079897,-0.0050348511726253375,0.009354826159655882
15.607491394000135,1.4005560709093499,-0.11366812489298443,1.4819581748306294,0.5781130819481276,0.12393038453655925,-0.0599921936558452,0.04869240995269876,-0.009752831113569043,-1.943406350360871,1.4763983572635349,-0.13913220445851932,1.5,0.08201206742298489,10941.88550396733,10850.519545078409,10916.343796000496,10763.999416666342,0.0,0.0,0.0,0.0,0.0,0.0,nan,0,-0.009252980662335819,-0.0008683148963598425,-0.014578867973043863
15.617928632999792,1.4056018856875203,-0.11745701328321669,1.5015974654280548,0.5206306707462686,0.12420261713532832,-0.038220738887747074,0.0518286009787139,-0.007534454084677506,-1.9629744736845003,1.4728174714985,-0.14886254675564906,1.5,0.07420777859763142,10978.696695117267,10896.434591266621,10948.651217361747,10815.31384346052,0.0,0.0,0.0,0.0,0.0,0.0,nan,0,-0.0031946632714952017,0.0009685768228919478,0.00509451667528138
15.628425379999499,1.4097584774192204,-0.14551189378806087,1.5003196360028501,0.5466368670559043,0.09560231975905198,-0.017909394968443463,0.05300203810087982,-0.007613152546399729,-1.9707135506079134,1.4728174714985,-0.14886254675564906,1.5,0.0631487591071602,10978.696695117267,10896.434591266621,10948.651217361747,10815.31384346052,0.0,0.0,0.0,0.0,0.0,0.0,nan,0,0.0020167088678550993,-0.021490759580217067,0.0038361043790160476
15.63909516900003,1.4176972196988895,-0.1555904365713253,1.4527092904830627,0.5578314115673237,0.09224036178167716,0.011976423435265515,0.050894221603376,-0.009852140165391089,-1.9841156526858823,1.468983292611269,-0.158498825578121,1.5,0.06982213981255578,10948.07796941454,10885.544295971087,10932.451865447201,10804.748293227072,0.0,0.0,0.0,0.0,0.0,0.0,nan,0,0.011052453156651376,-0.026005042462050126,-0.04376785794730598
15.649234296999566,1.4049184081222772,-0.1404161625918801,1.4936699738714798,0.6014844487988618,0.13157790822385262,0.005231743660114252,0.05141641017852626,-0.011162516930852073,-2.0016667237238397,1.468983292611269,-0.158498825578121,1.5,0.0668682387688622,10960.274888085609,10893.610781408901,10942.844864167459,10824.511673661587,0.0,0.0,0.0,0.0,0.0,0.0,nan,0,-0.000587120991543344,-0.005298877233552934,-0.0028137374266292703
15.659925165999994,1.4150659859852113,-0.12616443980301204,1.4899326169413485,0.5713818274562505,0.14314924596077283,0.011725244638853778,0.051206706249531816,-0.010598071628316394,-2.0123705617239067,1.4649041852560716,-0.16801562998791797,1.5,0.0658537806667527,10940.962867900957,10869.062328673203,10900.201445701925,10808.354976291103,0.0,0.0,0.0,0.0,0.0,0.0,nan,0,0.010741887977072206,0.014451330182861627,-0.006569223612749031
15.670233883000037,1.40159314725857,-0.16062701088143921,1.4905969220263977,0.5574894410029096,0.1350033223208812,-0.014216627514500866,0.055154383121344346,-0.011616083983548622,-2.0203143105723376,1.4649041852560716,-0.16801562998791797,1.5,0.06443056029555652,10923.502409277942,10856.283114198297,10877.760327872678,10783.205262078558,0.0,0.0,0.0,0.0,0.0,0.0,nan,0,-0.0015074875498928275,-0.014547112402826218,-0.0059304879319728165
15.680853309999293,1.407153753444743,-0.13983739260693068,1.4786745438572089,0.5340007320830604,0.13230347737805337,-0.02229261992717195,0.0554145594832535,-0.007767736855953021,-2.0386032275889288,1.4605713061882641,-0.1774288309854151,1.5,0.06871190770287469,10921.878351375557,10867.343627166734,10872.2885272019,10794.267508598201,0.0,0.0,0.0,0.0,0.0,0.0,nan,0,0.005318571462514354,0.011671240419200368,-0.017884493701009863
15.69075864899969,1.4037503233316588,-0.1542993850735623,1.516397569272595,0.5773141630766201,0.1214904172428849,0.00103161707918948,0.05457556805995475,-0.0122673112356161,-2.0479904540710336,1.4605713061882641,-0.1774288309854151,1.5,0.06350177666041723,10934.217595024431,10890.350686760376,10900.31991219722,10812.40913505719,0.0,0.0,0.0,0.0,0.0,0.0,nan,0,0.0032226998322251177,0.0026014235140862374,0.019798632646256475
15.701352762999704,1.413811619923039,-0.17792803665059256,1.5287484791548134,0.559290590698827,0.13722354029821804,-0.0033413050049607047,0.056751781893106285,-0.012860866707440128,-2.0650218816652295,1.4559967674496113,-0.18670766511249723,1.5,0.05179906950402186,10889.710389596861,10856.25346702643,10853.698978594459,10784.733938269996,0.0,0.0,0.0,0.0,0.0,0.0,nan,0,0.014633602528553169,-0.01567264017586223,0.032103262446187664
15.711416664999888,1.4144578170338336,-0.16408728715613055,1.4854216720824112,0.5473789003863152,0.08945378808772486,0.0013760151807190209,0.05321558684800231,-0.007513390424350043,-2.078270527170678,1.4559967674496113,-0.18670766511249723,1.5,0.04949437892736981,10857.389128777766,10820.65283137043,10813.933333940808,10748.345197559756,0.0,0.0,0.0,0.0,0.0,0.0,nan,0,0.016671185913170516,0.003484257583813849,-0.011269432112312572
15.721769174999281,1.4002781992151547,-0.17384944642622863,1.510611023329558,0.5449034856289334,0.123811291999946,-0.007992320896094618,0.055067308564762274,-0.009003072503735984,-2.0982745606839353,1.451169518850424,-0.19587012327569867,1.5,0.05645733290927178,10859.30916362331,10837.11884858325,10830.374939004936,10769.932598806348,0.0,0.0,0.0,0.0,0.0,0.0,nan,0,0.003924681654244422,-0.0010012224521308566,0.013876264911016678
15.731935983999392,1.3989554753291158,-0.17917261011857988,1.4985166100701965,0.5087276102326019,0.12339365765383314,-0.041326995612194814,0.05528801414975552,-0.011747303358391758,-2.10250029953422,1.451169518850424,-0.19587012327569867,1.5,0.05483898004304103,10859.30916362331,10837.11884858325,10830.374939004936,10769.932598806348,0.0,0.0,0.0,0.0,0.0,0.0,nan,0,0.004076842654824331,-0.0010882915075638433,0.0017400291368427911
15.742376921999494,1.3878361395736254,-0.18996489888687543,1.4836685788323294,0.4964802692964937,0.14556641625521294,0.015714047873683537,0.05945255654517665,-0.012526086842700918,-2.1193672772664187,1.4460937736351438,-0.20490222461374305,1.5,0.062320068546754426,10849.358894907778,10827.13345594983,10826.187641880704,10761.1234522146,0.0,0.0,0.0,0.0,0.0,0.0,nan,0,-0.005525729706525873,-0.0066862503724648414,-0.013149892968433718
15.75273193799967,1.4027910642379708,-0.18897015584359342,1.5217867365313367,0.507695255262076,0.14121557071245583,0.004409624851751431,0.06220573843960237,-0.01280252972628363,-2.127761483690429,1.4460937736351438,-0.20490222461374305,1.5,0.05102565379413249,10849.913402600645,10868.844078705983,10855.516548360096,10775.163971162614,0.0,0.0,0.0,0.0,0.0,0.0,nan,0,0.010987938019008991,-0.0005401166047802886,0.024924544562785922
15.76343849099976,1.3880372911515035,-0.19672781368611145,1.512920080069443,0.4608874825343191,0.17091360760692942,0.05079002226186251,0.0649399319927499,-0.011901639846650337,-2.141205751601974,1.4407762241864464,-0.2137878587141923,1.5,0.056915451882816014,10808.864888047063,10848.848471508874,10818.254428797827,10744.238119661104,0.0,0.0,0.0,0.0,0.0,0.0,nan,0,-0.0021652443214841277,-0.003190263590245046,0.016016022428690935
15.773815045999982,1.382398616302571,-0.19029065554168348,1.4773482819045423,0.5114492634379254,0.17324109410958344,-0.0462522285431861,0.06049925534532253,-0.012476911975723986,-2.1459884315787066,1.4407762241864464,-0.2137878587141923,1.5,0.0668817164242198,10755.149531814719,10813.27962908401,10772.657747121204,10686.295781783576,0.0,0.0,0.0,0.0,0.0,0.0,nan,0,-0.00616176666061663,0.00830976430512681,-0.019588412498101615
15.784482453999772,1.3980526954551897,-0.21384836898799425,1.5035116941351618,0.5091212046365179,0.1403049993604687,0.013737324929467252,0.0623936735999572,-0.013184401474208556,-2.1704167206406173,1.4352159551872883,-0.22252498594935224,1.5,0.03832392922846603,10817.820814701949,10889.923760027954,10826.583611786122,10761.375726680932,0.0,0.0,0.0,0.0,0.0,0.0,nan,0,0.011176166664841558,-0.010230875155598784,0.006549497956216177
15.794275260999711,1.4022306263202096,-0.20930740509980514,1.5145177359481288,0.5001449854768246,0.14554860935956726,-0.037849552099288135,0.06142863793816324,-0.015648443236460183,-2.184025024380392,1.4352159551872883,-0.22252498594935224,1.5,0.038386208734951174,10801.256573936149,10867.287175899797,10808.189889077978,10747.503166118771,0.0,0.0,0.0,0.0,0.0,0.0,nan,0,0.017079897563913038,-0.0007198636204935049,0.017533101124370676
15.805175446999783,1.3665956814954836,-0.22642514627890775,1.487838660920899,0.5023293733249614,0.142951342616373,0.016837999977609402,0.06370701518202755,-0.010569705246291455,-2.197007967069252,1.4294063274583775,-0.2311191144434999,1.5,0.06414911341244767,10805.524539666432,10888.674899112355,10818.542019655139,10761.30352864994,0.0,0.0,0.0,0.0,0.0,0.0,nan,0,-0.016787235713660698,-0.012915605143840797,-0.009164922032704359
15.815309279999383,1.3754383804825934,-0.19191068509663514,1.5072783852151148,0.5130129176137481,0.1264136279883471,0.026623934594411442,0.06453364060750819,-0.013488187383848408,-2.2063473680514094,1.4294063274583775,-0.2311191144434999,1.5,0.0671030187396121,10805.387127615282,10872.445542732647,10813.789810818691,10769.357192569709,0.0,0.0,0.0,0.0,0.0,0.0,nan,0,-0.006134580269162582,0.026471744014514326,0.01025862865015581
15.82559967599991,1.3772869966022332,-0.22717082222203933,1.523691378676634,0.5041691252629048,0.1769007122998255,0.02044823771871306,0.06817816778892381,-0.011897328192023543,-2.2130613116871953,1.4233576966848394,-0.23955033141991616,1.5,0.053263900323590935,10805.387127615282,10872.445542732647,10813.789810818691,10769.357192569709,0.0,0.0,0.0,0.0,0.0,0.0,nan,0,-0.002433880812099609,-0.003965488852333804,0.026661273924084794
15.835805122999773,1.3882423848232617,-0.22827130696802675,1.48491051543102,0.4883996956166109,0.19421434421605221,-0.04252417369198301,0.06474569463312554,-0.013404054843985321,-2.234124793985925,1.4233576966848394,-0.23955033141991616,1.5,0.039849643213956905,10739.776810209789,10815.26787553683,10742.845502512044,10723.398214592395,0.0,0.0,0.0,0.0,0.0,0.0,nan,0,0.0104156000550919,-0.00029378968672685857,-0.012118646840999281
15.846329914999842,1.38036831956375,-0.22443865561771933,1.5023286371552642,0.4755380290630296,0.13022790347326274,-0.027536284060535977,0.06820044206374669,-0.012857434096684803,-2.247071312482503,1.4170663677761257,-0.24781988888739856,1.5,0.043575811671268824,10797.49085049532,10890.372526305842,10790.394303531724,10775.236602027053,0.0,0.0,0.0,0.0,0.0,0.0,nan,0,0.004477888036844346,0.008259188755067648,0.005308994033836445
15.856925566999962,1.388832063023817,-0.2518407408991532,1.4943880836124221,0.5114607633520218,0.1536018381680445,0.007691489225992561,0.06468816335378112,-0.00988022695281832,-2.2641395059596974,1.4170663677761257,-0.24781988888739856,1.5,0.02906607681280438,10797.49085049532,10890.372526305842,10790.394303531724,10775.236602027053,0.0,0.0,0.0,0.0,0.0,0.0,nan,0,0.014920673566110487,-0.01447575493248393,-0.0026198664428451757
15.867395557999771,1.3687206230472284,-0.24120826001672904,1.513098555876462,0.5141506186474781,0.15872985485021363,-0.04250128996377549,0.06899800078602057,-0.011066904123648141,-2.2778875996378156,1.4105289793699565,-0.2559273157794014,1.5,0.04621862640756053,10802.933654163999,10899.613192929492,10800.10008097774,10794.240044200962,0.0,0.0,0.0,0.0,0.0,0.0,nan,0,-0.0031688395358022703,0.0007696375675475542,0.016103626856392106
15.877358756999456,1.3654289571292635,-0.25715923609780955,1.4735672342521762,0.48124057071567883,0.12088865683075045,-0.01276075358538261,0.06966657070701238,-0.009497821666646571,-2.2831704444994787,1.4105289793699565,-0.2559273157794014,1.5,0.05228977661896479,10820.139361679889,10900.606305284466,10812.322122470567,10815.843935461424,0.0,0.0,0.0,0.0,0.0,0.0,nan,0,-0.004395487614309301,-0.010623697257315379,-0.023414124048435125
15.887787417999789,1.3547740787351443,-0.24874583599725925,1.4894106723327674,0.48223746407382795,0.11968102542466341,0.005119048858030946,0.06930346377982352,-0.0079965551079243,-2.2975814435941575,1.403756296926255,-0.26385506227251077,1.5,0.05234195523671556,10833.627695880768,10926.718898485926,10840.150808939687,10856.63177076658,0.0,0.0,0.0,0.0,0.0,0.0,nan,0,-0.012941913397302995,0.002290873330768828,-0.007560181353953865
15.898154710999734,1.374280334491495,-0.2748041220823667,1.4921693056023002,0.45358801272826,0.14522173846368247,-0.051617541922028096,0.07135567149084932,-0.01222796961231707,-2.3131601416450573,1.403756296926255,-0.26385506227251077,1.5,0.032404228843244426,10820.107756274267,10909.021208727972,10837.801197249526,10858.264806188407,0.0,0.0,0.0,0.0,0.0,0.0,nan,0,0.008716482514820934,-0.01932380429856706,-0.004795637399827912
15.908881970999573,1.3801740759143,-0.25120985662202155,1.4794177163974285,0.47943513642186564,0.130996799197036,0.00974204179943243,0.0729883357637465,-0.01315466072547496,-2.3195090795686824,1.3967516431106788,-0.2715963100617159,1.5,0.03337744172784916,10843.863975011773,10952.827303359822,10867.876443052026,10883.714679541981,0.0,0.0,0.0,0.0,0.0,0.0,nan,0,0.016806329803194187,0.008655378103220535,-0.017548057602981615
15.9190952809995,1.3499527186853584,-0.25114523389188564,1.4997653313970327,0.4849360997094452,0.11470677057707068,-0.03282256000882554,0.07405243429448988,-0.01437683499450126,-2.335878501507878,1.3967516431106788,-0.2715963100617159,1.5,0.051072898030406204,10825.607729001136,10945.079010550848,10863.477368024087,10874.848664715919,0.0,0.0,0.0,0.0,0.0,0.0,nan,0,-0.011174702537840364,0.013045126747547764,0.002790303408479966
15.929334296999514,1.3539960849766735,-0.2694058413695079,1.5351221560459196,0.44965274164866664,0.1129850486665106,-0.02583099569851778,0.08008696821363609,-0.012454502571267281,-2.3482477425647486,1.3894888181579221,-0.2791747563851366,1.5,0.05087957993706134,10815.133829406574,10944.337113115731,10870.587616322902,10891.203306741652,0.0,0.0,0.0,0.0,0.0,0.0,nan,0,-0.004846645587632814,-0.0009511034675496188,0.03813008752104685
15.94043295999927,1.3582456993189245,-0.27728025755449115,1.4756208164894005,0.4784250719126698,0.14432953574434126,-0.019466217198639064,0.0758042855134881,-0.00835472605242865,-2.3610384175998673,1.3894888181579221,-0.2791747563851366,1.5,0.03967450301201687,10770.039482525837,10904.959480837142,10845.524001688007,10861.260040347752,0.0,0.0,0.0,0.0,0.0,0.0,nan,0,0.001732054136518002,-0.00462268268464866,-0.021392978193328638
15.949946357999579,1.3506451602455938,-0.26807323643191105,1.507339899320841,0.42695447307995404,0.12910318568937929,-0.0004799034363269991,0.08020979801818308,-0.00677234811641233,-2.380184317193019,1.3820066252286112,-0.2865456980238706,1.5,0.03713014200333102,10802.956862820938,10938.129640051053,10860.510268775184,10892.140615503384,0.0,0.0,0.0,0.0,0.0,0.0,nan,0,-0.003494861534468763,0.008724706697823548,0.010300149579893558
15.960240916999282,1.3662513471954207,-0.28446172295153427,1.4818929059727053,0.4599032473113411,0.15345511401103462,0.025802717393643353,0.07663557814812019,-0.00674187881268036,-2.3887073309585505,1.3820066252286112,-0.2865456980238706,1.5,0.024092293210040094,10802.956862820938,10938.129640051053,10860.510268775184,10892.140615503384,0.0,0.0,0.0,0.0,0.0,0.0,nan,0,0.014529651546290268,-0.003586823771684511,-0.015177218604224718
15.97077594899929,1.35267302831903,-0.27895595775465326,1.5004105140564776,0.46315426598916504,0.09774782153446071,-0.004448261019383663,0.08009489547043994,-0.007203733635059711,-2.396561022250626,1.3742924354392339,-0.29371951816638303,1.5,0.0261826278675476,10771.494214071165,10918.44665764855,10822.710474530484,10848.987390168204,0.0,0.0,0.0,0.0,0.0,0.0,nan,0,0.0034143708340026446,0.005931763548710001,0.003308607188298174
15.981475797999337,1.3395367372123992,-0.28231670006460474,1.5232533562813737,0.4864038713334867,0.14958956475551421,0.0036282277996074856,0.07993623601358493,-0.008660535885227728,-2.4191419353534975,1.3742924354392339,-0.29371951816638303,1.5,0.0433439891824177,10763.095238150849,10904.92706690882,10823.827775810101,10855.837920725879,0.0,0.0,0.0,0.0,0.0,0.0,nan,0,-0.007214081071133416,0.006518900809012629,0.026119524944005157
15.99150100999941,1.329598756030433,-0.30241354339911697,1.5239725414191212,0.4643106702932826,0.1139353620138559,-0.0555754626486103,0.0762763433465997,-0.008221305885381546,-2.4286472131324235,1.3663413670436597,-0.3006970373564275,1.5,0.04390499515038535,10740.63541912758,10875.885343834727,10780.643880778478,10826.930117514969,0.0,0.0,0.0,0.0,0.0,0.0,nan,0,-0.014599429252059926,-0.009695662969445407,0.026809922196014746
16.002057433999653,1.3495369169977278,-0.30784484828715536,1.4824046023966242,0.42964358886138393,0.10295619564628433,0.0234617022342117,0.08237488052462798,-0.004910257691554856,-2.437730307906644,1.3663413670436597,-0.3006970373564275,1.5,0.025358997599836952,10762.731850755983,10889.81913631506,10800.542585490079,10850.224768264025,0.0,0.0,0.0,0.0,0.0,0.0,nan,0,0.00793626012573001,-0.011311085302111334,-0.014782790915906618
16.012370755999655,1.3323982772564162,-0.3171639040304894,1.4859898334352322,0.4413290673060454,0.11217366620069269,0.04773248142181672,0.08501033612971629,-0.00861006086516016,-2.449860522234847,1.3581484098660388,-0.30747810127308717,1.5,0.03087343310422386,10762.731850755983,10889.81913631506,10800.542585490079,10850.224768264025,0.0,0.0,0.0,0.0,0.0,0.0,nan,0,-0.006559740963645533,-0.016881606729352405,-0.011219956344221904
16.022871068999848,1.3528748482704487,-0.3083058513051256,1.5305010405702741,0.49273946720448425,0.11900586674676095,-0.05993110532984454,0.0856244737499435,-0.0066885868295669375,-2.4655879628688293,1.3581484098660388,-0.30747810127308717,1.5,0.030964642705633334,10728.09737415998,10870.877069289283,10783.911094238385,10829.601919116343,0.0,0.0,0.0,0.0,0.0,0.0,nan,0,0.016604606707498304,-0.004343049713463887,0.03327342860469251
16.033016827999745,1.3231586806845412,-0.3054008124708786,1.513807086451277,0.47286333155023574,0.10318065003285548,-0.043561769577544,0.08542720911453765,-0.006400883064684152,-2.4759611155814727,1.3497359369355821,-0.3140408567712934,1.5,0.03117108518514648,10753.53912035699,10890.012891393588,10790.420789327969,10854.374789275787,0.0,0.0,0.0,0.0,0.0,0.0,nan,0,-0.010378529320459906,0.0021736644238978253,0.016566455340536912
16.04335596599958,1.31722708977594,-0.30520067004708684,1.4956271302734305,0.4481755423511148,0.11129448856256208,0.016809066981143934,0.08628750907502777,-0.004295353988922536,-2.4934985175523234,1.3497359369355821,-0.3140408567712934,1.5,0.03397198897052338,10770.576526076133,10896.362801615107,10810.075607251092,10879.33131750773,0.0,0.0,0.0,0.0,0.0,0.0,nan,0,-0.013531560090630723,0.005915631628681028,-0.0016248957497324579
16.05367737100005,1.3334628022817232,-0.30480074951876673,1.5006726167721844,0.4277425513626294,0.14033621823141607,0.00712526438949047,0.08308345911420824,-0.002600329010500782,-2.503550669820972,1.3410835562930543,-0.3203979498091732,1.5,0.01737241957593985,10751.923901729626,10886.692755456072,10800.523974466656,10867.713947679424,0.0,0.0,0.0,0.0,0.0,0.0,nan,0,0.005528364349409287,0.009786717274713752,0.003410575099281443
16.064371231999758,1.3251933296973863,-0.3189232610366936,1.5045676079671302,0.42514571259762424,0.10345266246287355,-0.005399878359579256,0.0881062510408118,-0.006214724307615465,-2.5158546546001803,1.3410835562930543,-0.3203979498091732,1.5,0.01659930874400323,10747.47262093829,10893.047178408528,10796.219698963083,10844.922829824685,0.0,0.0,0.0,0.0,0.0,0.0,nan,0,0.00012877178188919203,-0.0009359454850703108,0.007298655667732579
16.074516087999655,1.317879039138076,-0.3206352567999473,1.4833069512900827,0.4665078137586514,0.08173884748405869,-0.021797328863458296,0.08797058119152629,-0.00039083722905454426,-2.533738408689328,1.3322123458473254,-0.32653055748270254,1.5,0.022778413610108617,10735.163460434784,10899.767560928898,10802.725794238506,10845.25803549877,0.0,0.0,0.0,0.0,0.0,0.0,nan,0,-0.004269905085366288,0.0006798686919296526,-0.013965233300172297
16.084899189999305,1.3134007050952996,-0.3262513112271048,1.501708323610248,0.4022158226045891,0.11265538636627392,-0.03335050386971799,0.09108770340019012,-0.0018950755431392196,-2.550926252032319,1.3322123458473254,-0.32653055748270254,1.5,0.018891113673149967,10773.88589911756,10915.360432124977,10838.47144067397,10888.633626627441,0.0,0.0,0.0,0.0,0.0,0.0,nan,0,-0.005786647035780579,-0.001681387856272698,0.004433476953970228
16.095397766999668,1.3112388308595015,-0.3264683718811791,1.5199236341405455,0.43515329333924696,0.07226546994521632,-0.057122497368131714,0.08980593413883584,0.0005035279763799533,-2.5606046048209734,1.3231189544231343,-0.33243871674136594,1.5,0.023952735772830917,10782.063410107796,10936.883447251807,10859.880661545381,10894.407517275831,0.0,0.0,0.0,0.0,0.0,0.0,nan,0,-0.00494065499043006,0.0012823016927229758,0.02264252315839399
16.10566834600013,1.3129600034211937,-0.3296455949398313,1.4815179919149324,0.4275051756021947,0.09159895204928614,-0.02047029080009148,0.08725023362504078,0.0017683536982683698,-2.566507743243267,1.3231189544231343,-0.33243871674136594,1.5,0.021274173020696795,10793.681194894032,10936.088281233655,10877.36775267614,10910.420682491078,0.0,0.0,0.0,0.0,0.0,0.0,nan,0,-0.00016514204410889022,0.0012109062517273173,-0.015775205828334027
16.116391177999503,1.3131758245948724,-0.3632639953511696,1.5108047041797075,0.4523003753336142,0.0854152461643809,0.04482980317849127,0.08988079287857091,0.0009647115481607743,-2.5859866176381945,1.313794935554398,-0.3381247945166823,1.5,0.02736977072223805,10812.258772267865,10962.449425832552,10891.542598734331,10927.539008329672,0.0,0.0,0.0,0.0,0.0,0.0,nan,0,0.003151716762927803,-0.02937747836483673,0.013490892805718024
16.126466149999942,1.3177638661141984,-0.3412164475756574,1.513170094617089,0.4343200348476832,0.0887728262128924,-0.009127703727778722,0.08873282809747007,0.0006146024326036303,-2.6009372378582785,1.313794935554398,-0.3381247945166823,1.5,0.014098302048426334,10766.28423860266,10898.990890239362,10825.264979569221,10866.500440808046,0.0,0.0,0.0,0.0,0.0,0.0,nan,0,0.010887388281149546,-0.004376084881899334,0.01583114135641983
16.13659597500009,1.2971952351317895,-0.3486027525299034,1.4933712035502196,0.4308246904611769,0.11723232484411539,-0.02191729376857783,0.09158442640196238,0.003619786594580543,-2.6126826758833683,1.3042203858910064,-0.34359612578686727,1.5,0.010879338072991056,10756.954082196979,10898.447740169584,10821.399486351344,10852.429389507502,0.0,0.0,0.0,0.0,0.0,0.0,nan,0,-0.006487216595263634,-0.008884906309987284,-0.003991564595123842
16.14725411099971,1.2850136060176975,-0.3215468984514979,1.4999203517470938,0.40406692403446887,0.08865884634337196,0.02357957246189404,0.0923499698718853,0.0031582831724671153,-2.6223078667832596,1.3042203858910064,-0.34359612578686727,1.5,0.02924166826692234,10790.109468888651,10918.402558352942,10841.633217317596,10869.260337553698,0.0,0.0,0.0,0.0,0.0,0.0,nan,0,-0.015428259480419815,0.020971337873653628,0.0025336306065693037
16.157513619999918,1.2891968209036562,-0.3299091176686296,1.4747530422214132,0.40107813660516844,0.08132487891406143,-0.04553564253840406,0.09146586283199272,0.008429311223776555,-2.6428427246537085,1.294476621034137,-0.3488048669865538,1.5,0.03197396610959295,10753.773015558258,10899.048758798419,10829.675456223425,10847.464541186853,0.0,0.0,0.0,0.0,0.0,0.0,nan,0,-0.00795781086531644,0.01533182800889804,-0.022657562613623616
16.167951989999892,1.2863635466911498,-0.35904510981657406,1.4940034143981753,0.4215879146792775,0.08839395041849052,0.013169856278790961,0.09349137330996013,0.005420843290071785,-2.6577290016420902,1.294476621034137,-0.3488048669865538,1.5,0.014375103039374337,10810.76327974107,10947.60448535243,10897.533657268636,10903.67047125943,0.0,0.0,0.0,0.0,0.0,0.0,nan,0,-0.0074569292908015505,-0.011159992798163931,-0.003434426911524957
16.178386023999337,1.2954804612355568,-0.3762131861969799,1.5050324377633868,0.4239724697600684,0.08560827779653624,-0.032303735871503564,0.09059263509160888,0.007102248504784415,-2.6702402186906955,1.2844851386657736,-0.3537916808674673,1.5,0.02547442736348173,10798.649749543329,10930.820558432903,10878.73705407628,10882.201221294123,0.0,0.0,0.0,0.0,0.0,0.0,nan,0,0.005041341155758161,-0.025763263383252355,0.007560712672223913
16.188437931999943,1.3009259951943164,-0.358965517149151,1.4983517210213255,0.47958337357409037,0.0747883636236748,-0.022251933470865085,0.09248206648047896,0.008411286687067313,-2.6797956793028286,1.2844851386657736,-0.3537916808674673,1.5,0.01731436307963229,10798.649749543329,10930.820558432903,10878.73705407628,10882.201221294123,0.0,0.0,0.0,0.0,0.0,0.0,nan,0,0.0139155281996588,-0.0060306562903829075,0.0008400475195105006
16.200122534999537,1.271852008479433,-0.3388527942412623,1.488608012949858,0.4047325281472735,0.07617624648699012,0.023472114736835532,0.09348995095048565,0.010381103592928619,-2.690872620438859,1.2742739514339498,-0.35853849068077953,1.5,0.02287290582620316,10836.993115516714,10940.199478163719,10886.049677056237,10898.339699556105,0.0,0.0,0.0,0.0,0.0,0.0,nan,0,-0.01168229405343113,0.016486482499066757,-0.008951217411238499
16.219610885999828,1.28478396783369,-0.3490211781309079,1.517262706013776,0.41575913170455314,0.048683738536083376,0.0005729560023846475,0.09554541894704162,0.012809784882562918,-2.719542845817808,1.263852569333837,-0.3630387083786438,1.5,0.030538755972107062,10790.09896365655,10911.505336965132,10869.95075877744,10864.895226277666,0.0,0.0,0.0,0.0,0.0,0.0,nan,0,0.008344800740166969,0.01088381967760732,0.019591961861324503
16.230294021999725,1.2832878131451873,-0.36424782860472865,1.4893480680352074,0.3945667854938683,0.028130217754178122,-0.004426170046966871,0.09289062307711751,0.016499011783457553,-2.7396236062261825,1.263852569333837,-0.3630387083786438,1.5,0.02219581781125285,10769.157230704013,10883.733592799776,10865.662251972892,10843.687829332503,0.0,0.0,0.0,0.0,0.0,0.0,nan,0,0.010467645284824911,-0.0021820510401937,-0.008380878064814468
16.24078828399979,1.277722390490265,-0.3736891046155801,1.4853369648369277,0.4061633607364577,0.04364527263685858,0.012476696186027208,0.09565659326150708,0.015024096239641207,-2.74716267860632,1.2532020582077903,-0.3672978429842445,1.5,0.02927626206804159,10783.96191963082,10900.262739174259,10896.951389532473,10856.3265405904,0.0,0.0,0.0,0.0,0.0,0.0,nan,0,0.00856903106736051,-0.0095444938325428,-0.012450964711016699
16.251269813999897,1.250141107509218,-0.36411091969696596,1.5110892917771608,0.4331313817119887,-0.0009497479649738239,0.001388707179177634,0.09503271027806498,0.0159338243181419,-2.761293303519296,1.2532020582077903,-0.3672978429842445,1.5,0.011937264818085202,10791.950397172515,10898.150687909161,10908.235528394382,10857.528831093381,0.0,0.0,0.0,0.0,0.0,0.0,nan,0,-0.015297339859364989,0.0020299716167831994,0.013239582377462478
16.2610505319999,1.2580365697144462,-0.3798587534332269,1.481797031086331,0.40781927647391675,0.06027287517810076,0.03697030020695183,0.09594099399731121,0.01685199213397193,-2.7737932842667377,1.242353410885404,-0.3713013560552539,1.5,0.02550565815683849,10791.950397172515,10898.150687909161,10908.235528394382,10857.528831093381,0.0,0.0,0.0,0.0,0.0,0.0,nan,0,-0.0036386928603098223,-0.011804477381197775,-0.01611643848985511
16.271440949999487,1.257325601979304,-0.38134632978732225,1.4858313078474223,0.3901293835972763,0.043694183852084734,-0.003165290500429503,0.09453421309362157,0.019003625076852618,-2.786116764295446,1.242353410885404,-0.3713013560552539,1.5,0.022930761887576222,10779.010770194163,10868.864765762404,10899.940714413578,10858.71672791835,0.0,0.0,0.0,0.0,0.0,0.0,nan,0,-0.0005380676033659437,-0.01146179735038777,-0.012146152580935876
16.282096695999826,1.246240440129298,-0.3911201477196338,1.4985189667476193,0.42563445019250173,-0.0030822285712693853,0.0024014834473633003,0.09393157961255312,0.023394463512631546,-2.7975990553295076,1.2312915010686591,-0.3750533757366199,1.5,0.02199557683916269,10782.648195400612,10862.392438499235,10893.104460671757,10841.658625842863,0.0,0.0,0.0,0.0,0.0,0.0,nan,0,-0.007762920417228258,-0.019488949855105797,0.00047591340562447293
16.292577047000123,1.2452257377969689,-0.36526010556233995,1.5025417455767487,0.42099264339650727,0.02133155656351915,0.0016286103201690987,0.09777339905664974,0.020705008892369675,-2.814744169679587,1.2312915010686591,-0.3750533757366199,1.5,0.017220091883725204,10816.082679222116,10874.714123991609,10918.09744941315,10862.845152575814,0.0,0.0,0.0,0.0,0.0,0.0,nan,0,-0.004868242744484608,0.008033681061289044,0.004429536441321158
16.3029647759995,1.2424320972726743,-0.3665664581771005,1.4966076981728347,0.42301166173515525,0.026029477011120405,0.008730593304153522,0.09630123843976306,0.024316033691785414,-2.8342902216625703,1.219997637037162,-0.3785572516598052,1.5,0.025663044365200546,10812.437579050576,10863.722277966308,10920.510326141302,10859.11345632677,0.0,0.0,0.0,0.0,0.0,0.0,nan,0,-0.0037031771665934077,0.008305568284894482,-0.0015769628092603405
16.313614671999858,1.2477844405938998,-0.3601664667651643,1.4922732257786542,0.4557397621350801,0.022786915718559397,0.032004112308044994,0.09691735241148251,0.02362982536017205,-2.844903391891589,1.219997637037162,-0.3785572516598052,1.5,0.03420570801502797,10818.826682749548,10850.131481985189,10926.452356961645,10854.164225479235,0.0,0.0,0.0,0.0,0.0,0.0,nan,0,0.0056574508487869934,0.016199228559048318,-0.00598664788092651
16.3241688600001,1.2345311916130197,-0.37120687283866205,1.5009223220752241,0.3853025256292697,0.02850658137656184,0.035774632080638566,0.09513345661616346,0.02636061199251621,-2.8643277267424088,1.2085282652687293,-0.3817940799636194,1.5,0.028090778045183958,10809.878047763756,10828.754132710981,10916.232063261332,10842.906364689006,0.0,0.0,0.0,0.0,0.0,0.0,nan,0,-0.0035377179404845194,0.0065678011704934924,0.002585871267474227
16.334206587999688,1.2261535208349124,-0.38303965124605316,1.4791916783951458,0.41642025528817583,0.027086932922301077,0.01221465608880408,0.09615766033585779,0.02645843243080396,-2.868073396710069,1.2085282652687293,-0.3817940799636194,1.5,0.027298119525050363,10792.117509882446,10810.743828584888,10909.871952023897,10805.932969087247,0.0,0.0,0.0,0.0,0.0,0.0,nan,0,-0.007807374559078095,-0.003940638331010993,-0.019219693410225336
16.344732909999948,1.2297032750890884,-0.3659673536300224,1.4950259260261485,0.4414509713041874,-0.01342509806070194,0.013062157616032442,0.09946040106335624,0.029905156987940273,-2.8772499092266113,1.1968362141894973,-0.3847761432135848,1.5,0.0381936600717122,10821.645938639207,10834.80227836415,10931.290377494432,10826.715386198222,0.0,0.0,0.0,0.0,0.0,0.0,nan,0,-9.933472671308508e-05,0.014371136543653906,-0.0034592182362818136
16.354705003999698,1.240294579404873,-0.37643505689387813,1.5009833688471277,0.4300443324974298,0.015085492055533445,-0.006516611782956103,0.09587807379567877,0.03192228142803252,-2.9007616941282834,1.1968362141894973,-0.3847761432135848,1.5,0.04426251509432419,10826.010628846881,10820.28718707187,10939.208133388951,10840.68248570171,0.0,0.0,0.0,0.0,0.0,0.0,nan,0,0.014700977878470356,0.005057699185203879,0.0024232838611419893
16.3651747670001,1.2178939945025427,-0.3767223553762997,1.4908775217428807,0.43896040655514207,-0.0004539650042903465,0.025815279813900274,0.09541100874588712,0.034357593007933625,-2.9096799229566965,1.1849612631835758,-0.38749188619708597,1.5,0.03582969712094623,10844.654380480146,10833.460108290457,10952.276877384384,10842.559069244431,0.0,0.0,0.0,0.0,0.0,0.0,nan,0,-0.0034394626007656637,0.00583921908778956,-0.007759996039262029
16.375459244000012,1.2283016749797437,-0.3819240325944935,1.4907129148988092,0.42955262645743114,-0.0013780130975945826,0.008933864546244698,0.09949347466534787,0.03381422198266814,-2.922206056706396,1.1849612631835758,-0.38749188619708597,1.5,0.044672611722151194,10850.391448167135,10816.899356860189,10949.517009602232,10838.5043459739,0.0,0.0,0.0,0.0,0.0,0.0,nan,0,0.01127988370345756,0.0016207709815511118,-0.008005093991350964
16.38595839199934,1.216197863319845,-0.3796198169927693,1.475511777454316,0.43789231571117926,0.030690284729644468,0.04698437111209393,0.09423684731580147,0.03784397764174705,-2.941045829712106,1.172860833825185,-0.3899495266564955,1.5,0.05083772290932053,10860.753026406297,10824.696171066224,10963.744327529148,10844.337500952164,0.0,0.0,0.0,0.0,0.0,0.0,nan,0,0.003539652845016006,0.004822518092882644,-0.023290269664327123
16.396885948999625,1.2002538637535396,-0.40835127601353666,1.5141071822762386,0.46780951277784477,0.0019135913502418556,0.03021924168692957,0.09518799002191057,0.04008760472219739,-2.9539079409543754,1.172860833825185,-0.3899495266564955,1.5,0.035888926702119704,10871.678304826804,10816.53408385343,10956.945645628955,10827.298352312935,0.0,0.0,0.0,0.0,0.0,0.0,nan,0,-0.007988456356156526,-0.0230971729261622,0.01521724657009993
16.406798512999558,1.2068000223486195,-0.3784859564013169,1.5182322473142917,0.4510672677393383,0.018497839254714488,0.017287236657927287,0.09353795146152895,0.038905057023360015,-2.960199664174655,1.160548147658982,-0.3921437381047857,1.5,0.051557596486793575,10862.754912162958,10785.749488055602,10924.282659056811,10799.306863018453,0.0,0.0,0.0,0.0,0.0,0.0,nan,0,0.0030261332243448624,0.007494381085147994,0.019253424144982878
16.41690751599981,1.2034414896155579,-0.38545396660462655,1.4978897373417424,0.44092935177417397,0.0455950977181849,-0.00026890605343026994,0.09281330006337317,0.04276603473240327,-2.9755148277033356,1.160548147658982,-0.3921437381047857,1.5,0.043463145714673294,10854.193521305344,10769.678279016596,10911.94754254286,10777.175307263815,0.0,0.0,0.0,0.0,0.0,0.0,nan,0,0.0041887693089086575,0.0011673808666202712,-0.0011753816708715004
16.4273618849993,1.1963260242645808,-0.37971770253010306,1.505500740318587,0.4543840708730548,-0.03291635033746722,0.04202185170199119,0.09682781549468046,0.04003203614052638,-2.984229524658315,1.1480928487537985,-0.3940625207652383,1.5,0.05062085710559954,10888.025957995635,10801.95966771734,10930.192377566578,10783.23231118746,0.0,0.0,0.0,0.0,0.0,0.0,nan,0,0.0016476633314246314,0.007459366383115451,0.006351092683725579
16.437869151000086,1.1974873313350873,-0.3753775871061067,1.499455234716368,0.4529851263837177,0.008085229196866411,0.06754223617951713,0.09326215034100906,0.04482492928558641,-3.0019306858247,1.1480928487537985,-0.3940625207652383,1.5,0.05281324099630365,10858.174727045616,10762.814695588768,10926.07915795574,10771.07412874824,0.0,0.0,0.0,0.0,0.0,0.0,nan,0,0.007436933106926169,0.012269931492835617,0.00022289696338106957
16.448136996999892,1.1746601874363196,-0.39632190129406586,1.4984247627648088,0.4969795930520628,0.009461206461397698,0.09377001936656358,0.09048795333974935,0.04464401567891809,-3.0164534504081315,1.1354207786546355,-0.39571749026036906,1.5,0.039275665323211174,10834.520598992725,10737.461338895493,10905.919614915501,10737.634845577555,0.0,0.0,0.0,0.0,0.0,0.0,nan,0,-0.010708460992812974,-0.008288818480635118,-0.0008841515846582659
16.45920004799973,1.1732216211507542,-0.39582599338933977,1.4984685453914193,0.4636956596950548,-0.03320757523164975,-0.027131581983767455,0.09436134422471926,0.05026712667150661,-3.031913937944295,1.1354207786546355,-0.39571749026036906,1.5,0.03783200787116001,10816.41228939169,10689.166922391443,10864.499379568439,10701.517106590212,0.0,0.0,0.0,0.0,0.0,0.0,nan,0,-0.007411374745328381,-0.007491720302020277,-0.0009052264494435747
16.468675692000033,1.1649282380489732,-0.3751410143873816,1.479544375536687,0.5061265195765015,-0.032974485207449666,0.012486470464139882,0.09066381529351461,0.04981406040563939,-3.041896989330138,1.122520698984773,-0.3971072904786216,1.5,0.05195526178340687,10879.180407218742,10739.723919174028,10932.912610704077,10768.379422790305,0.0,0.0,0.0,0.0,0.0,0.0,nan,0,-0.010914594257271926,0.013409871867515077,-0.019885240038305163
16.479235193000022,1.1631368890738338,-0.3888067258478893,1.503112418720694,0.4575027355363827,-0.023732732712027624,0.011949839241305741,0.09483316368235568,0.05174331452600749,-3.048263331094114,1.122520698984773,-0.3971072904786216,1.5,0.041572363666655045,10919.568452844935,10751.630214023444,10970.660825778876,10811.716342983298,0.0,0.0,0.0,0.0,0.0,0.0,nan,0,-0.007860312907933764,-0.00012450092752264164,0.0036274887030545155
16.48936405999939,1.1774295321539943,-0.38266239216277265,1.4885700877804096,0.5027576253379669,-0.027346273013171513,0.0278543665071247,0.09059186383689055,0.0553460760817888,-3.064316095750948,1.109470025615845,-0.3982230415520433,1.5,0.0706489294446286,10920.628038233843,10756.45322713583,10981.21009580428,10811.833725838453,0.0,0.0,0.0,0.0,0.0,0.0,nan,0,0.011334079426110977,0.00606566714631801,-0.010972885549391576
16.499770819999867,1.1558065419904677,-0.3789549746341576,1.4753197405863754,0.4985666150062939,-0.003056583858667028,0.045517734766281306,0.08944685214047957,0.054743976031665496,-3.0692156848766734,1.109470025615845,-0.3982230415520433,1.5,0.05592357604098303,10934.15350538302,10754.452059725021,10991.564046963893,10818.062779219583,0.0,0.0,0.0,0.0,0.0,0.0,nan,0,-0.005330525312454704,0.009733399185183955,-0.024285004421433998
16.510230001999844,1.1584270057510322,-0.39230603724444024,1.499829918866329,0.4922463228525865,-0.03305792386966803,0.04527262208019624,0.09125284758157567,0.05286581771561572,-3.0934468691757635,1.096208157085191,-0.399069947657527,1.5,0.06258565762993269,10944.59341687174,10762.204622758873,10992.43319490779,10817.951761416247,0.0,0.0,0.0,0.0,0.0,0.0,nan,0,0.0023054780535101127,-0.0037428679037325163,0.00015863997795073637
16.52074945000004,1.148332900073768,-0.39064517641668883,1.5064242023379895,0.5216894310220683,-0.03823047634729487,0.00676410691497456,0.08573931541870942,0.0625281074127732,-3.103049657833559,1.096208157085191,-0.399069947657527,1.5,0.05319056286377413,10926.088528387476,10735.406591037767,10985.769314578942,10789.700445805294,0.0,0.0,0.0,0.0,0.0,0.0,nan,0,-0.0027155722486902345,-0.0022924919437538605,0.0066831272022673804
16.53086670799985,1.1576079993267732,-0.39949550809806317,1.4954088699045198,0.4896683702788177,-0.04034698216066156,0.0565155367388354,0.08675172518432882,0.061420269711837255,-3.121573929223836,1.0827587314029676,-0.39964530130063375,1.5,0.07499009149405529,10950.528062596386,10739.150736037462,10993.948425923056,10800.234448374316,0.0,0.0,0.0,0.0,0.0,0.0,nan,0,0.011690510678246557,-0.011438406940654011,-0.004404615169568915
16.54127816699929,1.134980898787545,-0.38171857284859234,1.4852879402493424,0.5167220766324174,-0.07293328099314883,0.060384667744366224,0.08592338189001897,0.05810260034616209,-3.1204485325800837,1.0827587314029676,-0.39964530130063375,1.5,0.05713989028203466,10934.11872827289,10718.732810681966,10991.059938495106,10772.020592659639,0.0,0.0,0.0,0.0,0.0,0.0,nan,0,-0.005747264295896004,0.005958040830128741,-0.014599972715147569
16.55151038999975,1.1505595130134423,-0.3837660852452392,1.497257832792316,0.5086763338677394,-0.026789314908342913,0.007044013705891541,0.08988145579768855,0.06134117749557538,-3.1348914305235667,1.0691327343950472,-0.3999485414892278,1.5,0.08306450293147263,10922.971319821641,10703.667833749907,10993.002245817983,10771.266187502546,0.0,0.0,0.0,0.0,0.0,0.0,nan,0,0.015079338558626754,0.0034454757294236638,-0.0027044539563789716
16.562060710999503,1.1244904772066482,-0.3796242951976101,1.5071784542333746,0.4930073485859442,-0.01725026908653709,0.059257761551403304,0.0832839048846622,0.06209643017483093,3.1260453865529523,1.0691327343950472,-0.3999485414892278,1.5,0.0594061013844399,10949.325624669762,10724.666533196925,11020.120808340245,10785.776410902718,0.0,0.0,0.0,0.0,0.0,0.0,nan,0,-0.005682495584184322,0.007037695774305297,0.007140305154835547
16.57228425499943,1.134288978737953,-0.38329190515003014,1.4890621819733603,0.5611044379261857,-0.02792657577673205,0.1023359962452563,0.08430037079761532,0.06347801901687378,3.1266523099561865,1.0553295036169605,-0.39997989397348227,1.5,0.08144153452347389,10923.818922518309,10700.843939996925,10997.094571064716,10738.25884375979,0.0,0.0,0.0,0.0,0.0,0.0,nan,0,0.009482821326984636,0.0027362810139256455,-0.011052414388332155
16.582659695000075,1.127996865823464,-0.38766505743265095,1.4725586436688392,0.5407675680324766,-0.006170177205230623,0.01677537813904072,0.07801782731022879,0.06476776161542228,3.1117961262212224,1.0553295036169605,-0.39997989397348227,1.5,0.07864622537904987,10903.48918504513,10659.31280471678,10957.43030211272,10707.62845251056,0.0,0.0,0.0,0.0,0.0,0.0,nan,0,0.008617240724504649,-0.0023541954970692225,-0.027627275976205956
16.593388369999957,1.1140458581937036,-0.37795473635566057,1.488204708565521,0.5552335270751606,-0.05685335866567806,0.05953383928393583,0.08249867794819862,0.07004683044818338,3.0865988766702164,1.0413562335377433,-0.3997397262859528,1.5,0.07679515752253925,10969.214672751274,10719.793527800157,11002.198078816868,10747.057950218248,0.0,0.0,0.0,0.0,0.0,0.0,nan,0,0.00015309290391551933,0.006555343661166224,-0.012049488457040347
16.60334510099983,1.0956953589364469,-0.37875927137810717,1.5043435263018319,0.5304451188520665,-0.06609100151860511,0.024175957202687698,0.07866804995211352,0.0706620566791245,3.079273180497683,1.0413562335377433,-0.3997397262859528,1.5,0.058410497840464246,10969.214672751274,10719.793527800157,11002.198078816868,10747.057950218248,0.0,0.0,0.0,0.0,0.0,0.0,nan,0,-0.012649472840716713,0.004866471237921111,0.004020044432487602
16.61377107199951,1.1100919028383767,-0.38780042287426175,1.5212654692693997,0.5429198608237439,-0.04629697218276088,0.023781953885760234,0.08118919600367369,0.07102400997296646,3.0667249420420335,1.0271911724243512,-0.3992276234936596,1.5,0.0863442655908467,10973.503912231548,10693.14632640142,11023.223111751135,10754.53640515527,0.0,0.0,0.0,0.0,0.0,0.0,nan,0,0.0073565796777153025,-0.005142330260904049,0.02087151206832427
16.624146139000004,1.0851982342069448,-0.38695946898663336,1.49335849792469,0.5395007340327881,-0.06172935941093616,0.0656780151730953,0.07886383157080533,0.07158468726495851,3.0594283710585564,1.0271911724243512,-0.3992276234936596,1.5,0.0596610122397722,10967.302548963573,10677.087526615845,11020.981149521202,10737.839771649587,0.0,0.0,0.0,0.0,0.0,0.0,nan,0,-0.011865538868975012,-0.005352033223613106,-0.007106741011464912
16.63469775900012,1.0885364611086867,-0.3644995086532751,1.5050845420830012,0.5526406176639711,-0.06984186976677093,0.08707257177341511,0.07801046218715163,0.07668702173253097,3.049342542410805,1.0128454541097054,-0.3984436606855651,1.5,0.08310948541475198,10956.352506106978,10664.620797031106,11016.690311381028,10725.7162781016,0.0,0.0,0.0,0.0,0.0,0.0,nan,0,-0.002793345710213835,0.015974709496045514,0.004549048199949723
16.645074239999303,1.0999280080242964,-0.3923316025755494,1.5037380386853787,0.5610978708479097,-0.046167778601250375,0.08786194749860875,0.07563333301205781,0.07818543693847442,3.0376043199074587,1.0128454541097054,-0.3984436606855651,1.5,0.08737677828714698,10925.779418533362,10620.12114183239,10990.45052438373,10700.042300323736,0.0,0.0,0.0,0.0,0.0,0.0,nan,0,0.01439482809393855,-0.013072528588222943,0.003137164375109691
16.655384121999305,1.075478233024683,-0.37726576722078703,1.5164750451505793,0.557859981574682,-0.06449529364904771,0.017360780335735147,0.07379602414684533,0.07891626619793086,3.021157642752278,0.9983344778653149,-0.39738910551299644,1.5,0.08140967274731463,10913.427347774108,10607.005938161476,10972.21505234798,10667.862588969207,0.0,0.0,0.0,0.0,0.0,0.0,nan,0,-0.004195456789213514,0.0006969473828888906,0.015818185616891745
16.665661236999767,1.0788483688168977,-0.3926357609249071,1.5271928343032597,0.5726605082589684,-0.045833975431318036,0.06767973749113927,0.07228369915971462,0.07682503216339302,3.011888416053574,0.9983344778653149,-0.39738910551299644,1.5,0.08511481162747775,10942.554900976524,10622.120703889263,10997.817171930623,10688.750746347469,0.0,0.0,0.0,0.0,0.0,0.0,nan,0,0.005097580643780741,-0.01605031104445176,0.026488891631522016
16.676186011000027,1.0653353431949528,-0.37065324070117284,1.5006056477563343,0.6014241165431718,-0.08772534499352341,0.03963931839984952,0.07129653386983693,0.08403655919632295,3.0004616254272527,0.983664205707037,-0.39606538942368025,1.5,0.08553548275698003,10918.636864458796,10600.697030755477,10971.593873261443,10646.731273891648,0.0,0.0,0.0,0.0,0.0,0.0,nan,0,-0.002428657272520285,0.004474467308505203,-0.0001357743106782383
16.68684932299948,1.0556374315811492,-0.36049421492005573,1.4909157039883527,0.6576057258363924,-0.07000906715523358,0.014410201878179853,0.07130086762167387,0.08462993882625121,2.990232834705083,0.983664205707037,-0.39606538942368025,1.5,0.08079590418035126,10952.810438980694,10606.272974505388,10998.621343073952,10687.09465134937,0.0,0.0,0.0,0.0,0.0,0.0,nan,0,-0.006075356339541038,0.013095654635030818,-0.009853660158974042
16.697301498999877,1.053582568038827,-0.38113316394336955,1.4934034124412152,0.6417123193322443,-0.021774574115204615,0.06683569876518003,0.06710674528214969,0.08061525619349492,2.9809934901205444,0.9688044115834955,-0.39447015324050017,1.5,0.08607395693760787,10952.810438980694,10606.272974505388,10998.621343073952,10687.09465134937,0.0,0.0,0.0,0.0,0.0,0.0,nan,0,-0.002013571563936889,-0.009161382393622408,-0.007391068384946298
16.707370815000104,1.0329908938561618,-0.3538952459893218,1.5208434418556032,0.6594573370561352,-0.033664947514300825,0.06953615172729019,0.06691161368862454,0.08542990572254222,2.9614829708298576,0.9688044115834955,-0.39447015324050017,1.5,0.07874437550307288,11026.463454854014,10628.61700605954,11015.608372800954,10732.207017694234,0.0,0.0,0.0,0.0,0.0,0.0,nan,0,-0.016422384221044473,0.01637834866816018,0.020023302858487968
16.71947558299962,1.0541515495856382,-0.37204903389131216,1.5051981135686163,0.6363394482680711,-0.04835284623376224,0.030128639850533837,0.06623751673634393,0.08687469898699555,2.9554750852216114,0.9537903313375832,-0.3926076898475421,1.5,0.10257705809601184,11009.119461910368,10586.211368345043,10980.609187055543,10702.508172040227,0.0,0.0,0.0,0.0,0.0,0.0,nan,0,0.010987621347118948,-0.0035529829852463113,0.004355322610073431
16.738496742999814,1.023514047699979,-0.3580678325184295,1.46898848964869,0.7023182796274429,-0.0391869403204243,0.06506641224732615,0.06380382754628983,0.08914327957144517,2.928394843915142,0.9386257483273525,-0.390479963934811,1.5,0.09601189201134847,11047.566219269978,10629.813746767375,11029.126585706777,10727.071984042597,0.0,0.0,0.0,0.0,0.0,0.0,nan,0,-0.0069496036919416415,0.006636817355445079,-0.031892179216064465
16.748967640000046,1.0154948299758677,-0.3735547191930871,1.5182668335382108,0.6687981283338839,-0.05730295827550297,0.08737945873376451,0.06301927877710503,0.08771294788537275,2.928354989109801,0.9386257483273525,-0.390479963934811,1.5,0.0808022080797676,11085.260408261507,10631.468655072664,11043.943500075053,10756.290773238044,0.0,0.0,0.0,0.0,0.0,0.0,nan,0,-0.008516448416326705,-0.010863502900977096,0.01736399880970274
16.759136921999925,1.0254453331986235,-0.3788947725063439,1.4966853176746315,0.6491407487317967,-0.029136300989561104,0.05993318280943306,0.06135484848359125,0.08913647462959746,2.91377582415195,0.9232847084158591,-0.3880842931418897,1.5,0.10262664207911129,11038.406415135616,10586.911690782821,11002.243704102963,10706.133157446786,0.0,0.0,0.0,0.0,0.0,0.0,nan,0,0.007955079241986462,-0.018294684042436338,-0.004240492117669525
16.76971646399943,1.0269927929102989,-0.36345065951201366,1.4845864634296622,0.7065286370613983,-0.044181297782440565,0.06546877705534818,0.05832851539652089,0.09235620516026195,2.9044279626955136,0.9232847084158591,-0.3880842931418897,1.5,0.10770218105926159,11046.57685438119,10604.189652507594,11013.803718916039,10697.202614367452,0.0,0.0,0.0,0.0,0.0,0.0,nan,0,0.01609238456388762,-0.005018590188372474,-0.01635983215723713
16.780402102999687,1.000593259537135,-0.37968427524703086,1.4836493598604463,0.6831813949281605,-0.04962524666034268,0.09225277965967481,0.060824448489989004,0.09101561692739765,2.8996528271274893,0.9078072587731023,-0.3854282289792677,1.5,0.09439056295644353,11067.04168086653,10618.19276420725,11028.405687278206,10710.785687034433,0.0,0.0,0.0,0.0,0.0,0.0,nan,0,-0.0036479383203942284,-0.02349672756136717,-0.0173170288958433
16.7907578989998,0.9783596725985217,-0.3612969147821824,1.503072904468972,0.6813913280579517,-0.05583710413074777,0.10095938400237739,0.056154219516751626,0.09059507881739638,2.8807119981109124,0.9078072587731023,-0.3854282289792677,1.5,0.07462845411334147,11060.40667539797,10609.27407844345,11021.739019247823,10700.338478837804,0.0,0.0,0.0,0.0,0.0,0.0,nan,0,-0.01915253584445875,-0.0074298699223196984,0.0020862102915955028
16.80106147100014,0.9824733344334158,-0.35353959637847066,1.4933699697550773,0.7365082789906132,-0.04083674167281448,0.027346323353918615,0.0513405879717124,0.09315510253436975,2.8712865362793414,0.8921457396354668,-0.3825047431123005,1.5,0.09508949157684742,11027.510215383398,10575.033090503246,11001.057860376897,10665.030987116801,0.0,0.0,0.0,0.0,0.0,0.0,nan,0,-0.008240024476516394,-0.0020681738497382862,-0.00763366310469582
16.811118397999962,0.9835999293954645,-0.35246541082017496,1.4949706722641047,0.7361350878102049,-0.030775609638509283,0.09233064203103288,0.05129616338568012,0.0960010136629918,2.8591714592083877,0.8921457396354668,-0.3825047431123005,1.5,0.09639255389649887,11079.66623355817,10607.693034898926,11034.697772034491,10707.729438431657,0.0,0.0,0.0,0.0,0.0,0.0,nan,0,-0.0002443018177999967,-0.003464223402445843,-0.006047687557505954
16.8214837659998,0.9782538487565597,-0.34451705574333263,1.5016076393205267,0.7305019021447725,-0.01591605453848688,0.05771566815399659,0.048695117267428305,0.09393665961277597,2.8448815644531895,0.8763450793234122,-0.3793233272245288,1.5,0.10770078145485322,11072.705532507412,10589.017229651548,11017.080827968352,10688.669816952079,0.0,0.0,0.0,0.0,0.0,0.0,nan,0,0.00134948979051841,0.0019397372953734449,0.0005747129266999718
16.831953558999885,0.9656671792668072,-0.34988338202233077,1.5071724347781261,0.7177096417166463,-0.051373468770562314,0.09855854201704846,0.048593069826024585,0.09829942424706917,2.8336127230498636,0.8763450793234122,-0.3793233272245288,1.5,0.0943217458089742,11083.333869260152,10594.0489878137,11023.679327822832,10686.286936086079,0.0,0.0,0.0,0.0,0.0,0.0,nan,0,-0.004226338996024648,-0.006044448769823685,0.006125951259841722
16.842248317999292,0.9729393425608187,-0.33919717725112575,1.5021425850116132,0.7429461896693051,-0.05888803859019176,0.12025294694057204,0.05019407576261844,0.09737074853782048,2.8369886738306436,0.8603984235086181,-0.37588456757686367,1.5,0.11838924672688401,11050.745173929388,10562.243410681152,11009.781635779696,10655.637534106396,0.0,0.0,0.0,0.0,0.0,0.0,nan,0,0.01012773601601269,0.0019512313159473216,0.0010856489396207092
16.852956201999405,0.9689875912875549,-0.3387228718308893,1.502094060088226,0.7626981107742976,-0.05160623870276171,0.06549081068855331,0.04470163807876608,0.09600474392465078,2.8209509652388234,0.8603984235086181,-0.37588456757686367,1.5,0.11479104528355666,11013.39696552301,10523.817269411134,10987.801056570206,10632.284472489227,0.0,0.0,0.0,0.0,0.0,0.0,nan,0,0.013328812492092057,-0.00033660925293982347,0.0010349347344755788
16.8629934089995,0.9456870564875154,-0.3409682352358256,1.4806432392170772,0.7480326908567154,0.0024385643380858135,0.08220985043244619,0.04277851319521608,0.09610416007916572,2.810527139507822,0.8442292475349205,-0.37217219537536494,1.5,0.10789837030214364,11029.336334734617,10541.130336065573,11009.213555479895,10647.967192556702,0.0,0.0,0.0,0.0,0.0,0.0,nan,0,-0.0027478282055581893,-0.005414995558748137,-0.020408884667347138
16.873601649999728,0.9358080242307821,-0.3275881556834335,1.4783136513823485,0.7743610277044047,-0.014816543835291074,0.08938723931361407,0.04406322520442323,0.09775546891425334,2.802104423972965,0.8442292475349205,-0.37217219537536494,1.5,0.10413792130020902,11059.77485866901,10569.602979936832,11022.217246923447,10653.660888562197,0.0,0.0,0.0,0.0,0.0,0.0,nan,0,-0.005331433063260005,0.005061634931235959,-0.02272565582484276
16.883989721000034,0.9245106258227791,-0.336008800734678,1.4755036968461739,0.8069283132097983,-0.017289304365000646,0.0728918296268926,0.04098651469669775,0.1007263922892046,2.7993081542293496,0.828086054197365,-0.3682470545918601,1.5,0.10458045655431455,11077.183947522837,10579.49284216951,11033.264526041343,10665.86213937052,0.0,0.0,0.0,0.0,0.0,0.0,nan,0,-0.009261452533573133,-0.006332374413627051,-0.025519883022508516
16.894454264999695,0.9279199473511734,-0.3203635483955491,1.4817536147426216,0.7953255257094975,-0.036927841136468964,0.08963281645361147,0.03879822665249457,0.09823533778488544,2.7841154016897964,0.828086054197365,-0.3682470545918601,1.5,0.11221660733981786,11114.620912984807,10598.599846454816,11045.9190983655,10697.553402522255,0.0,0.0,0.0,0.0,0.0,0.0,nan,0,0.0015876498122693317,0.006270087085042952,-0.019254835900561318
16.904333055999814,0.9124997141073442,-0.31178957545053365,1.5161083237988393,0.7998914461264068,-0.032031200902453705,0.11205602309798107,0.038545158673688,0.09854034673370968,2.7784993739587156,0.8116774049111186,-0.36404121268801914,1.5,0.11469459325210299,11111.471629386646,10594.21693180607,11052.409992032239,10698.58217016947,0.0,0.0,0.0,0.0,0.0,0.0,nan,0,-0.006320070961190805,0.011732444903372274,0.015112176683800937
16.914715566999803,0.9142728067262603,-0.3125136300719474,1.5156134358152062,0.7991426424038096,-0.020844090298986928,0.09239803517750958,0.03569428438340213,0.0956691864125389,2.770729756690915,0.8116774049111186,-0.36404121268801914,1.5,0.11586495424338651,11111.471629386646,10594.21693180607,11052.409992032239,10698.58217016947,0.0,0.0,0.0,0.0,0.0,0.0,nan,0,0.003038043164040438,0.00782905529172534,0.014631310513019802
16.925401663999764,0.9084963415801537,-0.32706236271153494,1.510569694944323,0.8459375274409116,-0.04835637430079365,0.061621652015351136,0.035723232531335254,0.09771690992275187,2.765018451270161,0.795172784694121,-0.359598607909351,1.5,0.11837463515504637,11035.71725358744,10525.199069088503,10993.718494599887,10624.23720719901,0.0,0.0,0.0,0.0,0.0,0.0,nan,0,0.004918738698148628,-0.009965499334612271,0.009609422499733622
16.935917994999727,0.899046978493145,-0.3093567606330673,1.5051988275041046,0.8221156041302575,-0.0093189179792037,0.1499850051381641,0.03216762935594153,0.10016978982207918,2.7597295830344977,0.795172784694121,-0.359598607909351,1.5,0.1155037625471484,11050.840702416981,10532.986434208558,11005.40645634547,10644.2265967774,0.0,0.0,0.0,0.0,0.0,0.0,nan,0,0.003198726275709607,0.00442865122743491,0.004268696084464008
16.945960837999337,0.8760769480526656,-0.2901646497872656,1.4777843078520565,0.8039667969848192,-0.00413729868200563,0.03434773240575956,0.03329343129503774,0.09464866635850974,2.743770279577978,0.7785288000414858,-0.3549105528336851,1.5,0.11916883031782927,11050.840702416981,10532.986434208558,11005.40645634547,10644.2265967774,0.0,0.0,0.0,0.0,0.0,0.0,nan,0,-0.011969938185300344,0.020244742728922682,-0.02310428869322778
16.956286840999383,0.8810105078090733,-0.307850812306952,1.510027261487565,0.8744040795027905,-0.018042738738478947,0.07844991972671173,0.029044263943838064,0.09423795584327511,2.735458390044174,0.7785288000414858,-0.3549105528336851,1.5,0.11321512963533031,11073.305802868656,10567.100513737554,11028.361928874392,10652.993374393154,0.0,0.0,0.0,0.0,0.0,0.0,nan,0,0.0008372469762000234,-0.0008812981210915005,0.00918912275885364
16.966545424999822,0.879049584570419,-0.2980718074651761,1.5377684506161922,0.8825878069135111,-0.03823460263393941,0.04060966795265767,0.026752395781454618,0.09751798451695881,2.730069807659527,0.7617656269035511,-0.3499852746320044,1.5,0.13370486401486215,11069.116328133729,10554.763555293239,11018.29150031271,10644.90733068903,0.0,0.0,0.0,0.0,0.0,0.0,nan,0,0.006822646313758618,0.005394522847096517,0.036984549409665
16.977912147000097,0.8806316836686593,-0.31212028654095786,1.5002296210772605,0.90258539875035,-0.03004200606274765,0.01963158733696113,0.027029854971469335,0.09679978824971881,2.725005969011707,0.7617656269035511,-0.3499852746320044,1.5,0.12475155109200103,11066.061918259533,10540.258739279943,11016.313892090484,10649.314306726561,0.0,0.0,0.0,0.0,0.0,0.0,nan,0,0.016423702475106827,-0.012219454002366514,-0.000495221649836397
16.987608626999645,0.8470784712432592,-0.2992919636575872,1.524413890812927,0.8592378767692429,-0.0007850465498717707,0.1278316290005423,0.025571210245471973,0.0984161828108739,2.7156118058325434,0.7448406964526888,-0.34481243429109404,1.5,0.11454568479628059,11115.43745517972,10590.72776863658,11058.953173990234,10699.822871365428,0.0,0.0,0.0,0.0,0.0,0.0,nan,0,-0.00903758177984626,-0.003018270558855507,0.023748656794656986
16.998211534999427,0.8410136075643005,-0.28760387162463324,1.4923159169401448,0.8717490373876514,0.007047007309932574,-0.03927774195177432,0.022127308637231776,0.09608644511281134,2.7089049266425254,0.7448406964526888,-0.34481243429109404,1.5,0.11216547421784967,11054.730909751768,10528.286773594826,10993.52575211972,10625.827609134327,0.0,0.0,0.0,0.0,0.0,0.0,nan,0,-0.006937716811846073,0.004982141168191401,-0.008287220095030357
17.008284365999316,0.8504125622308,-0.28844618075251155,1.4906384926735579,0.9270381699012724,-0.003984509713753637,0.07073282863946818,0.024210464885530397,0.10120692779740768,2.7048703374177143,0.7278054273231651,-0.33941009865857813,1.5,0.1331069805758447,11054.730909751768,10528.286773594826,10993.52575211972,10625.827609134327,0.0,0.0,0.0,0.0,0.0,0.0,nan,0,0.010699018992431975,0.0003923861238427362,-0.009903763353088069
17.01863435099949,0.8266377762287995,-0.27537058591236047,1.5205611664759004,0.9226452319879559,0.04842708154906561,0.07160005089237527,0.02240514394529307,0.09660786320957628,2.692050162337858,0.7278054273231651,-0.33941009865857813,1.5,0.11954770574890898,11160.932299298327,10631.769040359042,11080.146082374093,10727.79934672573,0.0,0.0,0.0,0.0,0.0,0.0,nan,0,-0.004764309316814153,0.009661258627290614,0.020069872465040106
17.02920607499982,0.8198600240873581,-0.27823896504339163,1.491923182115016,0.923146642119715,0.003173549393519881,0.11028504237798578,0.019878693483424255,0.09546154811324166,2.6851039225545734,0.7106370555974384,-0.3337739273799969,1.5,0.12279667696898545,11139.27623359506,10604.39269105062,11042.34102464428,10690.253176009623,0.0,0.0,0.0,0.0,0.0,0.0,nan,0,-0.0031572327861307814,0.002928109252210598,-0.008524239770799413
17.03940910899928,0.8145796101036379,-0.2540011829637946,1.5002125895737728,0.913991127484147,0.024361777699597797,0.023525170970571108,0.0185864129768321,0.09600974945966263,2.681692031081089,0.7106370555974384,-0.3337739273799969,1.5,0.13102591569339964,11116.343504036266,10576.26784422336,11022.392508935056,10668.123628323774,0.0,0.0,0.0,0.0,0.0,0.0,nan,0,2.0061407275173693e-05,0.02324443578859603,-0.00019322245076036637
17.04977125499954,0.8066877951867951,-0.27114786978247635,1.4940005871554967,0.9188383792530886,0.04738868790286066,0.06034616727083221,0.016450854863341947,0.09826100290040315,2.6716183895126346,0.693359975295052,-0.32791484481899213,1.5,0.12689238421075777,11149.683568231056,10619.406504341441,11059.682965379827,10701.512073736778,0.0,0.0,0.0,0.0,0.0,0.0,nan,0,0.0006588090677442926,0.002120609259611994,-0.006367396255883007
17.060063332000027,0.8089735402315813,-0.28774168916587806,1.507291791181591,0.9381003954411494,0.07131021914707236,0.09925970800370998,0.012172854432750933,0.09295338445188818,2.6631968384524916,0.693359975295052,-0.32791484481899213,1.5,0.12261137406904116,11164.113408073836,10633.932224036167,11062.492400281473,10701.786063831349,0.0,0.0,0.0,0.0,0.0,0.0,nan,0,0.011548111419106721,-0.018505156317464577,0.006953834380539536
17.07065724899985,0.7903928107047985,-0.2829084655634966,1.5142496246806463,0.9520988600442959,0.04123809196371464,0.028316118433869053,0.010713533515389317,0.09283262690175827,2.6538299624084813,0.6759714175758019,-0.3218351930183278,1.5,0.12169879670507174,11135.225833119228,10616.186290061694,11023.623340344053,10647.850088084695,0.0,0.0,0.0,0.0,0.0,0.0,nan,0,0.001643532773360823,-0.01775741560033678,0.0139364158249482
17.080848671999775,0.764841407495226,-0.26903510639020595,1.5207367640100993,0.9616303335620964,0.02806049725821269,0.04621201288405958,0.010253648720794423,0.09530866363577065,2.6457752766738,0.6759714175758019,-0.3218351930183278,1.5,0.10543119859807275,11154.080817193279,10635.193293881865,11042.807180146605,10661.426511699028,0.0,0.0,0.0,0.0,0.0,0.0,nan,0,-0.015159461125860307,-0.008021872246604334,0.02044430903613903
17.0913117099999,0.751144865656789,-0.2619554968995326,1.5198801753032458,0.9509896652132597,0.07091444757308119,0.15512679476734006,0.010044350167092701,0.09389053596340614,2.65156014259921,0.658430165630574,-0.3155231794073065,1.5,0.10890699509348549,11148.61388775982,10625.587497538705,11040.31107332509,10661.456435817498,0.0,0.0,0.0,0.0,0.0,0.0,nan,0,-0.020035507515970274,-0.005131348042450912,0.01960328242387699
17.101669957999547,0.7541660804921388,-0.2371545833169105,1.4928512044563491,0.961093259792327,0.03420944965144401,0.025273262901046194,0.009695638401007633,0.08835971153386492,2.636392544232425,0.658430165630574,-0.3155231794073065,1.5,0.12392783192360524,11074.601003080661,10549.374644019,10949.984362356041,10577.226564095823,0.0,0.0,0.0,0.0,0.0,0.0,nan,0,-0.008122621175995381,0.0154307598734921,-0.007407368157922756
17.111834323999574,0.7619981681529407,-0.24065484725972716,1.5068671921620826,0.9886872691196554,0.06572679240914436,0.05844573150460568,0.006873764173025077,0.09335861672740046,2.6319299337671684,0.6408329079800001,-0.30901707504404635,1.5,0.1392895286394584,11074.601003080661,10549.374644019,10949.984362356041,10577.226564095823,0.0,0.0,0.0,0.0,0.0,0.0,nan,0,0.008671856821308555,0.007643181537013044,0.006631380422814637
17.122483125000144,0.7464420571157175,-0.24634230350799916,1.5077653395101338,1.0036436919705245,0.03853511399043541,0.12359086336836456,0.005999685686560878,0.09297652046970548,2.6263706902757726,0.6408329079800001,-0.30901707504404635,1.5,0.12305169590856338,11125.898515503417,10607.34230369532,11023.650917422254,10650.631027015539,0.0,0.0,0.0,0.0,0.0,0.0,nan,0,0.0021489336964820582,-0.0023792670196683685,0.007551044553175235
17.13289609000003,0.7363856292937774,-0.24010267710336886,1.5058017888208106,1.0082684661420802,0.07466730507036301,0.09384865375086883,0.006978240703855082,0.08562093073683154,2.6220111710051652,0.6230824633904688,-0.30228444952164646,1.5,0.12937480812860136,11082.807423730676,10561.688893648467,10985.259406801955,10616.975685907926,0.0,0.0,0.0,0.0,0.0,0.0,nan,0,0.001195874451673351,-0.0005210305038252649,0.005610774708247668
17.142988287999287,0.7372475840531724,-0.23605096651018603,1.5166236422152601,1.0483202921663923,0.07452087893414128,0.14816336095231972,0.002400060359296016,0.08879463946180664,2.6220084127315246,0.6230824633904688,-0.30228444952164646,1.5,0.13302967536704005,11071.4988191149,10553.395702671889,10973.35780338987,10603.976266391363,0.0,0.0,0.0,0.0,0.0,0.0,nan,0,0.011230625183561216,-0.0008957529292193955,0.01646211595808844
17.153882861000056,0.7175508567415315,-0.23506239575316024,1.4866583432976976,1.0129843529470834,0.04292815944693584,0.14697507816084274,1.5629556215218058e-05,0.08915787402046405,2.6156067791808084,0.6052517772120186,-0.29535612786996523,1.5,0.12815778243755233,11024.532476427996,10498.56927503071,10911.81323147691,10556.313572763143,0.0,0.0,0.0,0.0,0.0,0.0,nan,0,0.0007752395311478866,-0.004377239553216172,-0.013461669292572864
17.163942105999922,0.7052629899326462,-0.2376621416096319,1.4728556939781123,0.9967312120534271,0.09227100327087934,0.11372694435397139,0.00011431517844281852,0.08689820911942879,2.6087182731946474,0.6052517772120186,-0.29535612786996523,1.5,0.11860713330094463,11011.132166187208,10488.95178483102,10903.429241215368,10550.394196393352,0.0,0.0,0.0,0.0,0.0,0.0,nan,0,-0.0022036118359306522,-0.01148927086578963,-0.02720545235460814
17.174169160999554,0.7005529489236514,-0.21197312105069335,1.4843839417496418,1.0127818788735456,0.0869235774023629,0.07748779888366224,-0.0009870391818561062,0.0859149333880449,2.5982027891606934,0.5872902680042328,-0.2882159676929484,1.5,0.13742368001347885,11036.176467427562,10535.692215689005,10931.837874944145,10565.039443772324,0.0,0.0,0.0,0.0,0.0,0.0,nan,0,0.002462680191044564,0.009646304626300506,-0.015602952728560604
17.184620936999636,0.6871923043061927,-0.22141451604690385,1.5143504413751219,1.0823638566129647,0.07354311722251694,0.0847439177856715,0.00215367291330091,0.08492473311302479,2.6020239640539478,0.5872902680042328,-0.2882159676929484,1.5,0.12103216914092614,11066.556411370844,10573.14518467454,10967.340931518944,10598.273375528704,0.0,0.0,0.0,0.0,0.0,0.0,nan,0,-0.0014544216280645283,-0.004388780003824061,0.014447427356980125
17.195035570000073,0.6715490740124257,-0.22529851376483875,1.4818751827329364,1.0318855545047778,0.10377356282009387,0.07112361934858175,-0.004065918836187686,0.08433930800868705,2.596196243873624,0.5692570257123297,-0.28089109475823293,1.5,0.1178249006275868,11060.428296199296,10557.342506735602,10952.825839133593,10603.314596916172,0.0,0.0,0.0,0.0,0.0,0.0,nan,0,-0.0075872951163658,-0.012905633223433383,-0.017936619359505857
17.205351158999292,0.6553228765143838,-0.20460194782463328,1.5152629594076892,1.0414859352722399,0.1404778671047755,0.04592704502589037,-0.0031324390977761365,0.08293493669353397,2.5883405523959993,0.5692570257123297,-0.28089109475823293,1.5,0.11601863015920572,11096.084451242214,10603.13660097168,10979.334683786883,10628.651118349197,0.0,0.0,0.0,0.0,0.0,0.0,nan,0,-0.014236733251181688,0.0031199941131082876,0.015547160752298339
17.21587420600008,0.6650675162064992,-0.2026059827522253,1.5355436408599028,1.0825180383016197,0.10592833584741446,0.04629745961759786,-0.00516884821528693,0.08231306983849948,2.584320379282949,0.551118962162638,-0.2733720638524621,1.5,0.13876405013024734,11110.40606537452,10623.751302069777,10982.20760287409,10629.201816906698,0.0,0.0,0.0,0.0,0.0,0.0,nan,0,0.005150718163227874,0.0004079764831780297,0.03592476158444757
17.226079526999456,0.656447780801714,-0.1986499892166168,1.474223245820699,1.0837878246370514,0.10972481274736012,0.08411565395656166,-0.009193535555968189,0.08304906594367914,2.57866061925025,0.551118962162638,-0.2733720638524621,1.5,0.13168898788360514,11099.636149785412,10606.97713006331,10967.681972422164,10624.3804107946,0.0,0.0,0.0,0.0,0.0,0.0,nan,0,0.00623916524723922,-0.00037985163800419164,-0.02529761578994938
17.236833668000145,0.6279980245282886,-0.20329783719372674,1.4851867644706915,1.0587703471108132,0.08745326687019972,0.10467382377128959,-0.003258210471248475,0.07434894867164234,2.580716161370004,0.5328795065914401,-0.2656639339354303,1.5,0.11470176295133765,11099.636149785412,10606.97713006331,10967.681972422164,10624.3804107946,0.0,0.0,0.0,0.0,0.0,0.0,nan,0,-0.012437652101612962,-0.00980621374137125,-0.014236297811312415
17.2571955479998,0.6185204063229176,-0.17911367619699775,1.4904617492689964,1.0630316477441655,0.10960637030505727,0.053844050605907835,-0.007416166304025386,0.07535153065521764,2.5697197696666496,0.5145428211035478,-0.25777222639414027,1.5,0.13072675309275908,11070.490985136801,10618.620011594434,10983.151998332696,10622.489111185223,0.0,0.0,0.0,0.0,0.0,0.0,nan,0,-0.002178142234454228,0.004721616963411002,-0.008766442725004486
17.26754028399955,0.5950642757089808,-0.18405089877091527,1.5477551860945915,1.13253202610729,0.11565259564244434,0.06439848258323885,-0.008242650279235446,0.07361019205179892,2.567921123136811,0.5145428211035478,-0.25777222639414027,1.5,0.11915996222404049,11089.358419736394,10645.112965795399,11009.802949811989,10646.727166844616,0.0,0.0,0.0,0.0,0.0,0.0,nan,0,-0.01567172391449112,-0.005091006832262102,0.04862470520079354
17.277742143999603,0.603195446767891,-0.18883334017057732,1.4846351796778265,1.1038395200494482,0.17762244739669764,0.07749608909825233,-0.012737499837761786,0.07278205647572292,2.5534939864964863,0.4961440689532644,-0.24971631003560146,1.5,0.12410806265157816,11053.07684524851,10593.597141969256,10956.146183191733,10612.349986503983,0.0,0.0,0.0,0.0,0.0,0.0,nan,0,0.002483452219247728,-0.014778702882385586,-0.014395942708135934
17.288250616999903,0.5926197232040387,-0.15762736240161823,1.4966598889474834,1.0961377507689352,0.12458406952805867,0.1062143574239243,-0.009526464232648022,0.0736855820500276,2.5591098813695563,0.4961440689532644,-0.24971631003560146,1.5,0.1334132020502191,11081.843492592681,10623.103563822247,10965.588822201986,10618.704782751356,0.0,0.0,0.0,0.0,0.0,0.0,nan,0,0.0019922013896370716,0.011493422740291137,-0.0022682587917020047
17.298755939999864,0.5932993525507928,-0.15327200759226436,1.5151186687993783,1.123611525644975,0.14935232425147316,0.038144351691994365,-0.010515390437305486,0.07195157399466709,2.5564759856929826,0.47763624334212385,-0.24147972447760785,1.5,0.1462433940258728,11054.314734100348,10603.368162440685,10952.970381532052,10606.675195866786,0.0,0.0,0.0,0.0,0.0,0.0,nan,0,0.012815887927471348,0.01088751437960378,0.016297108254747616
17.309128793000127,0.5767968676182157,-0.16629195825741827,1.5135921603477245,1.1202685512049924,0.1584753325877396,0.0976418832889997,-0.015794438559076595,0.07076951079684277,2.5470453040323937,0.47763624334212385,-0.24147972447760785,1.5,0.1251829717610362,11067.998991744436,10619.831265418392,10968.053099647404,10629.355452352513,0.0,0.0,0.0,0.0,0.0,0.0,nan,0,0.006516136963206853,-0.007119929630681865,0.01488067341728505
17.319636839999475,0.563763373572561,-0.15395186604150748,1.4717972359000104,1.1447760581963027,0.15953107007204026,0.033863098663378874,-0.011813274446419787,0.06817004761971163,2.54426207922308,0.4590733087271723,-0.23309069028238347,1.5,0.13423248147315023,11041.644742313516,10598.119374377178,10937.767179737022,10595.45868693199,0.0,0.0,0.0,0.0,0.0,0.0,nan,0,0.00374304071941034,0.00020765070782474693,-0.026799610622635806
17.330090262999875,0.5441505679103044,-0.16757438482300874,1.4817363469305909,1.1610666639672478,0.19642578425214352,0.08764048150805602,-0.010128014353383907,0.06626161013046432,2.5437970119753026,0.4590733087271723,-0.23309069028238347,1.5,0.10892239133713355,11101.591222742612,10658.32433160701,10994.813877538174,10662.239849857348,0.0,0.0,0.0,0.0,0.0,0.0,nan,0,-0.005552462548042092,-0.018451309108079378,-0.01674469794630662
17.340785443999266,0.5475598976078292,-0.14966717075964311,1.4765356082371848,1.1255589165245619,0.17236673377436829,0.05151296526643284,-0.013623024122869823,0.0619750602546962,2.540437308344241,0.44037198925734294,-0.22451552081808807,1.5,0.1328235705130028,11106.404381044269,10660.130411229344,10979.304810669064,10655.6480076057,0.0,0.0,0.0,0.0,0.0,0.0,nan,0,0.008230380711471752,-0.005603416757241186,-0.021833488965001813
17.35137956899962,0.5199934664758744,-0.12125967500082155,1.525695070808793,1.1547128806068008,0.16984480697772653,0.0450106297628831,-0.014695724603230641,0.06577200402971953,2.5351958733435715,0.44037198925734294,-0.22451552081808807,1.5,0.13289689986515535,11120.37762304169,10693.547006495333,11008.786936352555,10676.099428030418,0.0,0.0,0.0,0.0,0.0,0.0,nan,0,-0.00890724896804218,0.017723007807564833,0.027432019039850708
17.361190420999264,0.5293200744512002,-0.1365046372954599,1.490738258066657,1.1308047278212792,0.14838571602105854,0.09537465698431324,-0.01733954365566697,0.06487659679980899,2.532138902756581,0.42164806113596953,-0.2158115899462591,1.5,0.13404713743214053,11120.37762304169,10693.547006495333,11008.786936352555,10676.099428030418,0.0,0.0,0.0,0.0,0.0,0.0,nan,0,0.010902374562008488,-0.002623605782594185,-0.007424841322683617
17.37157691199991,0.492249776615911,-0.13827089121699096,1.5051226494133314,1.13836940757985,0.15964171099239866,0.0964884830744101,-0.01600663414434681,0.062036315266698956,2.539510445055131,0.42164806113596953,-0.2158115899462591,1.5,0.10499239841600742,11067.695145509495,10647.238339239617,10978.703612997155,10648.286198029324,0.0,0.0,0.0,0.0,0.0,0.0,nan,0,-0.015632018501327616,-0.009510845365231918,0.007056874212712838
17.382401082999422,0.4890264012928513,-0.15336903767278137,1.4767286800036448,1.1849126088667075,0.16742501176820868,0.06491305646243795,-0.01619598511001975,0.05659231214540972,2.5326021927405193,0.40285445172901835,-0.20696196731251154,1.5,0.10411225352173298,11033.158266663922,10626.813476991687,10946.778883812136,10616.926092013775,0.0,0.0,0.0,0.0,0.0,0.0,nan,0,-0.008267993006760233,-0.029748060667393522,-0.021238127661372896
17.392209304000062,0.4907076054888108,-0.13205201656083929,1.520435754910834,1.129972592304702,0.1835513858089981,0.05261939544843122,-0.020132492438869793,0.05635222525125919,2.5317236933575065,0.40285445172901835,-0.20696196731251154,1.5,0.1172488696147446,11059.849274478885,10653.942529464373,10962.41866931347,10644.989754861903,0.0,0.0,0.0,0.0,0.0,0.0,nan,0,0.004050929531220493,-0.013587033859415593,0.022569744102780565
17.402388296000026,0.4816137942957453,-0.12391321830271028,1.4784362217271076,1.1533083745114665,0.1619382581955885,0.12063055814853588,-0.014870934406151646,0.05902234023372626,2.5258322592518163,0.384006478300715,-0.19797851057692525,1.5,0.12441001643284616,11036.635451448758,10655.678008217234,10953.194742195938,10617.932042228547,0.0,0.0,0.0,0.0,0.0,0.0,nan,0,0.005644008722012317,-0.010620025710547529,-0.019327996725029495
17.413013304999367,0.44587693797097705,-0.1355889689420544,1.498578050714498,1.177311828322372,0.21922549819598758,0.038978461168418375,-0.019095117487638643,0.052533353457396834,2.5241275709922144,0.384006478300715,-0.19797851057692525,1.5,0.0878773612768917,11009.778526916398,10633.707977680497,10941.187891992498,10607.83849182248,0.0,0.0,0.0,0.0,0.0,0.0,nan,0,-0.019358158768941758,-0.02748217589626696,0.0009194632424804894
17.423696834999646,0.47408744207100867,-0.10487686138880967,1.5179488380380435,1.1888735017338574,0.17911970273482292,0.060228413393718476,-0.01683719657881632,0.05101985973389152,2.524136530120766,0.36504740554972664,-0.1888384963365823,1.5,0.13878561342798276,11040.585029777367,10669.156796344585,10949.305503620624,10621.097607856298,0.0,0.0,0.0,0.0,0.0,0.0,nan,0,0.019633628116988378,-0.0019699662252257166,0.020399112347899706
17.43414275199939,0.43751301564931555,-0.10348682691595298,1.5031242618706957,1.1897964107682382,0.22784005102737026,0.04881486112533181,-0.019091510691716666,0.051857387444261424,2.5153210825257157,0.36504740554972664,-0.1888384963365823,1.5,0.11200862972213667,11013.617062602567,10643.741044520608,10936.41239626585,10613.353212897564,0.0,0.0,0.0,0.0,0.0,0.0,nan,0,-0.006114164851979964,-0.005792227532102581,0.005686371564929793
17.444445284999347,0.43819183733005207,-0.1122804571660348,1.5155341931555242,1.1974093016448775,0.20792575926540513,0.06202149597752475,-0.018337236313049923,0.04491956798560163,2.5173597873368565,0.346040379345543,-0.1795767687014073,1.5,0.11516073945546627,11028.543628953617,10656.456558339101,10939.323619451132,10621.167633752568,0.0,0.0,0.0,0.0,0.0,0.0,nan,0,0.005435328741543233,-0.019809452725886953,0.018211712726968088
17.454349564999575,0.4266411446929882,-0.08978573812196958,1.4983464130539093,1.1726001033304088,0.2019596924570074,0.06993634540651616,-0.020023973211742267,0.04370407748424463,2.5118324024203864,0.346040379345543,-0.1795767687014073,1.5,0.12067164910160019,11006.73399004293,10639.212903071631,10920.177420359136,10602.863005583367,0.0,0.0,0.0,0.0,0.0,0.0,nan,0,0.004797999745538184,-0.002548542417141475,0.0011438083984209868
17.464630714999657,0.4169258803067333,-0.08952096973016148,1.4945778558534242,1.199344461933938,0.20105406907521317,0.05330119732614566,-0.017638250246745715,0.046578137552251306,2.513228224126821,0.32700029049086504,-0.17020560899723933,1.5,0.12093809310774051,10991.17897997525,10639.057978398141,10925.640273530398,10597.923800815159,0.0,0.0,0.0,0.0,0.0,0.0,nan,0,0.006037370080883342,-0.00752671497829234,-0.0024984671591432583
17.475071539000055,0.3882551613762124,-0.07543215928728515,1.5003930432747308,1.1869607885105857,0.2183691743286521,0.03286860341491333,-0.017472997881171713,0.04007555672019166,2.5140474507779595,0.32700029049086504,-0.17020560899723933,1.5,0.11284644637790595,11001.85868770605,10647.487640771418,10938.8024906593,10622.742964441848,0.0,0.0,0.0,0.0,0.0,0.0,nan,0,-0.011638738196091403,0.0013110506608922795,0.003448323248033125
17.485578585999974,0.4125697561178196,-0.06875092419163936,1.505643208506466,1.2130355245115172,0.22947245354113666,0.06961299581277947,-0.021868406151628956,0.039773002292312704,2.5131217987224024,0.307898095555697,-0.16071563778160974,1.5,0.13944716158016604,11012.049638561663,10668.073745466658,10950.436593502352,10637.052757485044,0.0,0.0,0.0,0.0,0.0,0.0,nan,0,0.02370919875961297,0.0027341385002372653,0.008832774572671731
17.496889854000074,0.37190115256151507,-0.0657734816492717,1.5046972474585427,1.2114524843206564,0.23292065834449172,0.10493963002447777,-0.020665733999531907,0.03444238167394437,2.5096706698684783,0.307898095555697,-0.16071563778160974,1.5,0.1145969827300616,10990.815796609711,10651.143659539557,10927.702989133355,10619.54545475743,0.0,0.0,0.0,0.0,0.0,0.0,nan,0,-0.005888738236711155,0.00044735400545609094,0.008024336150637579
17.506507873999908,0.3768587727295327,-0.053427140591202134,1.5253074490551222,1.194546235803024,0.2305149657978076,0.041669841414963486,-0.017091040444722934,0.039830860506633106,2.503910460219553,0.28873059096030995,-0.15110996687798883,1.5,0.1339737957624599,10949.03448211254,10612.216693422371,10880.351033576255,10576.352714451965,0.0,0.0,0.0,0.0,0.0,0.0,nan,0,0.01017523352475369,0.007524437201147746,0.02878095496246047
17.51677700899927,0.37356590721388194,-0.03717552659209718,1.4938678642395473,1.1825727359574714,0.25122009349993446,0.06325041456008197,-0.018615597141177793,0.03300429172478257,2.504517269718092,0.28873059096030995,-0.15110996687798883,1.5,0.14218189285590346,10942.013162668873,10606.642836234483,10881.83307918148,10580.564137721456,0.0,0.0,0.0,0.0,0.0,0.0,nan,0,0.018022837768682964,0.018502774508638076,-0.0024995230056439333
17.526895813999545,0.33769685738729427,-0.048033096994138456,1.5187103754341817,1.1875029470877743,0.22680502853087092,0.0649416462702059,-0.017386965195854,0.03569681016804423,2.497716624236328,0.2695208701986121,-0.14140502393880452,1.5,0.11711686522187761,10940.745358135047,10623.565821977614,10897.654273448166,10583.489747759142,0.0,0.0,0.0,0.0,0.0,0.0,nan,0,-0.006673017904465617,0.0023688724491693486,0.022514062511739263
17.537116914999388,0.31655927786808735,-0.042883427529292396,1.4952753846725135,1.1939530448726439,0.23293009034780698,-0.013576316528704627,-0.018085050605388633,0.030814792781608154,2.5119529961853333,0.2695208701986121,-0.14140502393880452,1.5,0.10927689026116759,10940.745358135047,10623.565821977614,10897.654273448166,10583.489747759142,0.0,0.0,0.0,0.0,0.0,0.0,nan,0,-0.016606145143000017,0.0022401137718977907,-0.0007370682125393824
17.547513696999886,0.3053190452164628,-0.03897189343394037,1.5083467341505021,1.2238675990835448,0.24863326792457363,0.013478486593826215,-0.019319342784668136,0.030993446979548173,2.5047501408580586,0.25025083263457937,-0.13159657144531822,1.5,0.1080810204645297,10975.64719563692,10673.073298042647,10939.61044272609,10632.88813991548,0.0,0.0,0.0,0.0,0.0,0.0,nan,0,-0.016611955894331676,0.0008720482509203611,0.012526612897995726
17.558018967999487,0.32280952853170397,-0.03974121280347389,1.5012155150307311,1.2207649592817806,0.25501222045646676,0.04567868400248293,-0.019914706418933052,0.029094494095608096,2.5016219332552954,0.25025083263457937,-0.13159657144531822,1.5,0.11706258470708386,10994.591440046675,10685.953643592315,10940.941937974583,10652.44331213729,0.0,0.0,0.0,0.0,0.0,0.0,nan,0,0.012141693769767647,-0.00517713272705448,0.005589606054486218
17.56822971499969,0.29578575945336777,-0.03574753884467989,1.4905737000837396,1.2183776203475927,0.24564899902402137,-0.03986360413554999,-0.02023892482628645,0.023442665117427777,2.506713003601913,0.23093988116776698,-0.12169941683654523,1.5,0.10808130454001168,10994.591440046675,10685.953643592315,10940.941937974583,10652.44331213729,0.0,0.0,0.0,0.0,0.0,0.0,nan,0,-0.003591625698240619,-0.006462662745662779,-0.0048566296019023625
17.578742304000116,0.2728852622986338,-0.036690689326732695,1.5055714465996188,1.2241089816508626,0.24065671847907633,0.03829874617748817,-0.01691167742554123,0.022958139284992136,2.504634447942371,0.23093988116776698,-0.12169941683654523,1.5,0.09495756825163353,11038.858741105969,10750.04991389497,10990.359705518473,10705.14249994905,0.0,0.0,0.0,0.0,0.0,0.0,nan,0,-0.015175723472424407,-0.012683457901229059,0.010332992043958766
17.589408443999673,0.2668680669900628,-0.0037868117291392726,1.511268783562862,1.2364651539308988,0.2652456329441022,0.011602781188244319,-0.0165208200088873,0.0265882869286189,2.5065934856115413,0.21159771315325515,-0.11172362820639153,1.5,0.12178733040623144,11009.587880933483,10724.451446205203,10963.045567185805,10681.187744367393,0.0,0.0,0.0,0.0,0.0,0.0,nan,0,-0.009851998032128606,0.014945224703340568,0.016215768045115375
17.59984040099971,0.2733978477583354,-0.025644812876650123,1.4890646488687824,1.2125832142673767,0.2721495803041154,-0.038182500324114035,-0.019928765841214675,0.021502597261924786,2.499968738788499,0.21159771315325515,-0.11172362820639153,1.5,0.10652887397387051,11010.146634222827,10716.921909993998,10949.398135825228,10690.242546193289,0.0,0.0,0.0,0.0,0.0,0.0,nan,0,0.008041618250760052,-0.012184646642107244,-0.005806814272666605
17.60981917999925,0.24940110518091632,-0.007637823272697978,1.4727428011011203,1.2484531235450405,0.2885277369164433,0.0471325791297216,-0.017405939539672774,0.019450396142671144,2.5083397006468178,0.19222205598164083,-0.10167317059738108,1.5,0.11338009131068841,11053.418909856287,10779.080059643236,11003.529045200446,10731.736404833444,0.0,0.0,0.0,0.0,0.0,0.0,nan,0,-0.004569794258776544,0.0005546635923053414,-0.021955541262495215
17.620205430999704,0.2510226455742584,-0.01752435972229233,1.5050047861133893,1.1925022665995508,0.2636103284078394,-0.012917268610079705,-0.019528045267839036,0.017869037928318378,2.5030752774576572,0.19222205598164083,-0.10167317059738108,1.5,0.10277927608312717,11049.312880584754,10772.284704430233,10979.017221687214,10726.041494638554,0.0,0.0,0.0,0.0,0.0,0.0,nan,0,0.008457095589164548,-0.014594510024202714,0.010467692172699605
17.6306078359994,0.24226541185777456,0.012780844099636573,1.4833002194673923,1.268884645260235,0.2426580484289922,-0.019302277941222436,-0.020136974810863486,0.014084755191830145,2.5024259358585956,0.17282721287772262,-0.0915606509546738,1.5,0.12644245227612136,11038.5095233188,10788.215013746338,10993.730058263789,10720.942542858462,0.0,0.0,0.0,0.0,0.0,0.0,nan,0,0.011123628036709271,0.010453922973721384,-0.011086976216156064
17.640948682999806,0.22747950508938375,0.024969888521188283,1.5221775591527609,1.2321552170179788,0.28753225890491585,0.06957895961236524,-0.016811711162136336,0.014190522110463049,2.500606432505804,0.17282721287772262,-0.0915606509546738,1.5,0.1306065993910662,11058.92209041909,10799.63581894614,11018.67954882025,10762.57792003532,0.0,0.0,0.0,0.0,0.0,0.0,nan,0,0.007778359742316554,0.01739287430601936,0.027926228494640437
17.651332585999626,0.22149060930754289,-0.00832610967028481,1.512047762885464,1.221261722752649,0.26645458607034134,0.06493719467264122,-0.014127247505508827,0.013444729048814653,2.5047853273883516,0.1533766614531385,-0.08137213653562912,1.5,0.10060010200625787,10976.40661207176,10716.650060786576,10937.593982042723,10681.559648001508,0.0,0.0,0.0,0.0,0.0,0.0,nan,0,0.013245240566912925,-0.02114578874761868,0.017923863063420198
17.661681530999886,0.19758873988265518,0.012356587077148562,1.5118822919525576,1.2386262230059462,0.2859018845189194,-0.05443998595297357,-0.015304048084800563,0.009082594549874128,2.5041151832859687,0.1533766614531385,-0.08137213653562912,1.5,0.10431188988405886,10922.289473152501,10677.204511009506,10893.53949598065,10631.529253699871,0.0,0.0,0.0,0.0,0.0,0.0,nan,0,0.0008124386006963247,-0.00569763510743128,0.017888929189147085
17.67250514099942,0.17378390944286087,0.02957174760322416,1.5089783579288596,1.2383741344311403,0.2812914542794629,0.0073517426203568844,-0.01507564032147977,0.009721943210762373,2.5030471854325187,0.1339243079009109,-0.07114104302891233,1.5,0.10868516431921285,10967.431802137251,10729.563677548571,10938.553141032413,10679.109501823203,0.0,0.0,0.0,0.0,0.0,0.0,nan,0,-0.011511640120228234,0.006291839103005709,0.015118204675719005
17.682569103999413,0.17541447758723475,0.022294649136007684,1.4929203380276297,1.2613158499095611,0.26381878140805315,-0.06849404029406365,-0.015715533192728975,0.007982043064096426,2.5052685342148684,0.1339243079009109,-0.07114104302891233,1.5,0.10247821409734202,10962.840147935196,10720.17316944801,10926.824939572747,10680.194510240883,0.0,0.0,0.0,0.0,0.0,0.0,nan,0,0.001609805821008281,-0.0062013542147079034,-0.0008074951639334138
17.692945521999718,0.16400976539653223,0.039245216726328504,1.5025715989286064,1.248365286013905,0.2705897088447783,0.029437334585927087,-0.012697869896184863,0.008046374737907992,2.503953665397154,0.11440748307501394,-0.060839585400531984,1.5,0.111731674780816,11019.600536549557,10780.777423256735,10988.437445049894,10750.114626708095,0.0,0.0,0.0,0.0,0.0,0.0,nan,0,0.0017045414808261883,0.00554344573105444,0.008969829653697525
17.70319520799967,0.1399027225067262,0.0470477824506634,1.5081733619220026,1.2603436324151487,0.27383284709445443,-0.022030347097752537,-0.013043997785972603,0.0020150057848892645,2.500065573151824,0.11440748307501394,-0.060839585400531984,1.5,0.11115977339239011,10983.601829179755,10742.148661154515,10954.402970615238,10726.062633240806,0.0,0.0,0.0,0.0,0.0,0.0,nan,0,-0.010896099403580023,0.008151268463221041,0.014689114289605287
17.713906149999275,0.14770181198907167,0.03542448466562883,1.4999126729323597,1.1967178939619418,0.2663022977895133,0.006918697316488968,-0.014010134031140877,0.0016488446847586853,2.5080240525591724,0.09491957417577251,-0.05052231426789471,1.5,0.10086042088706519,10983.332589426245,10739.86420153166,10959.472521674299,10734.035869978992,0.0,0.0,0.0,0.0,0.0,0.0,nan,0,0.008414654496865459,-0.008655102926805658,0.006540042840013749
17.72429433399975,0.1129117394966137,0.043477562512463895,1.5179725985980903,1.2166249021359614,0.2482568240763514,-0.031062149721572212,-0.008984290861099664,0.0026843569740278334,2.513907866564347,0.09491957417577251,-0.05052231426789471,1.5,0.09737920285165184,10956.628003651518,10744.46340862177,10958.321609614934,10713.452137127484,0.0,0.0,0.0,0.0,0.0,0.0,nan,0,-0.014860161984656256,-0.00577277928639356,0.024706486594734844
17.734865538000122,0.12779098800863797,0.058926994840339454,1.4941768846493408,1.2213149610533327,0.2726797285431638,-0.01928184430240425,-0.014028673051999525,-0.005017767180612278,2.506716985380404,0.07539134795510205,-0.04015790000785093,1.5,0.11223835056345115,10948.187693712467,10749.779068874583,10962.632858663277,10719.840616223295,0.0,0.0,0.0,0.0,0.0,0.0,nan,0,0.011536264142172167,0.004518857424688119,0.0010129675826291429
17.745225594999283,0.09868805996898324,0.052986374531314294,1.5054818372806922,1.2464496727713335,0.3100324977658786,0.053282103586563434,-0.013002064420159627,-0.007347020672966865,2.502206817147602,0.07539134795510205,-0.04015790000785093,1.5,0.09616986643464306,10952.397379877728,10766.621182975525,10975.759776354354,10727.05615125485,0.0,0.0,0.0,0.0,0.0,0.0,nan,0,-0.006049213773484677,-0.0065659540719018306,0.012414649669104882
17.75573268700009,0.09246241280463166,0.0626658108032449,1.5024321956813906,1.2067140541426604,0.2280469789854399,0.011101273730136498,-0.011879261300565946,-0.004041822301976218,2.512347347500312,0.05584926730260523,-0.02976562260458276,1.5,0.09944851874819863,10906.421373175333,10714.106736348895,10910.810307917804,10664.292102301315,0.0,0.0,0.0,0.0,0.0,0.0,nan,0,-0.0007588027309592127,-0.0020165396182973416,0.009460717190058032
17.776151019999816,0.0805516134374717,0.051586200802006474,1.4782675098755411,1.233081037485682,0.2530715532899347,-0.021471079651288853,-0.01238647636547722,-0.009350061673013438,2.5089623849583185,0.03631467800527326,-0.019362151562755607,1.5,0.08638794063245539,10867.160978173903,10702.239375991876,10921.928383044216,10667.367488097434,0.0,0.0,0.0,0.0,0.0,0.0,nan,0,0.010351784915659745,-0.023311530928866536,-0.014498511866180008
17.786300490999565,0.07063197437009287,0.08774670069686681,1.4776401944008986,1.1899234346751701,0.2786220202953972,-0.01927433517286015,-0.009266636996554792,-0.014211264838837888,2.506578390849329,0.03631467800527326,-0.019362151562755607,1.5,0.11467320510299732,10904.499654406769,10744.616076820104,10958.103501273452,10705.862553191468,0.0,0.0,0.0,0.0,0.0,0.0,nan,0,0.011934270143934736,0.007764778532651048,-0.015018542415484282
17.79686108899932,0.05733790590622681,0.06826857009204886,1.4857686690418332,1.2270000164624568,0.27316475426027664,-0.06327705981791085,-0.00874727998393472,-0.010329745744818836,2.5135132891868146,0.016747318487464163,-0.008931346474898745,1.5,0.08837394234606012,10918.536849674929,10773.962512202275,10989.152871016136,10722.532082839343,0.0,0.0,0.0,0.0,0.0,0.0,nan,0,0.01013449962671361,-0.016781049364412465,-0.006786339554012644
17.807145664000018,0.01890083443293677,0.09388006855970363,1.4392988202485208,1.2296908195074536,0.2654330060840019,0.07703502836429747,-0.01068243393865913,-0.012276782840822396,2.504922866296039,0.016747318487464163,-0.008931346474898745,1.5,0.11941297214107874,10963.125363540232,10819.507204555923,11022.538957749462,10767.46189948983,0.0,0.0,0.0,0.0,0.0,0.0,nan,0,-0.016817675919866205,0.0037798658991287926,-0.053161975883542434
17.81736333399931,0.04017773971581688,0.09253552691297147,1.5045743574590853,1.1848101827730348,0.25728961271239714,-0.010483078462125317,-0.009576211475387642,-0.020049240860464966,2.5086504715841227,-0.0027960095593730925,0.0014912025077192768,1.5,0.10078063742276677,10946.767772113872,10784.026598952923,10990.847409172951,10748.720318178333,0.0,0.0,0.0,0.0,0.0,0.0,nan,0,0.015933185327407604,-0.0025976100728680035,0.012197031749060727
17.827961461000086,-0.004742927890520179,0.11460104620117598,1.4938544607746933,1.2052037687952395,0.2839376050665666,-0.046525139772255544,-0.008060730198874216,-0.017821553026895993,2.51287781393713,-0.0027960095593730925,0.0014912025077192768,1.5,0.113293401766017,10911.255403241303,10765.789388905336,10976.18527744272,10720.213576656186,0.0,0.0,0.0,0.0,0.0,0.0,nan,0,-0.017525947565028704,0.014453052141263759,0.0015544129480042912
17.83852731299976,-0.0043625012623074765,0.0830015995512412,1.5054440295222449,1.2305164265869497,0.22583852364406676,-0.07693030741772783,-0.008077521376378674,-0.01598689516652096,2.5109985988083983,-0.022354800383705527,0.011921236098746422,1.5,0.07352399848792018,10934.904079023527,10787.191012507452,10987.66157395887,10742.553723699819,0.0,0.0,0.0,0.0,0.0,0.0,nan,0,-0.0056978875385507,-0.022142696767162448,0.013215335128466288
17.848865281000144,-0.02283726387482754,0.0891244163789924,1.468090445854698,1.2303207233065034,0.2581732400451272,-0.03504104686713415,-0.00974708274606109,-0.01633219270536199,2.5146360222542876,-0.022354800383705527,0.011921236098746422,1.5,0.0835391133670713,10959.425541210267,10802.168293937995,11011.568045983393,10781.446731822842,0.0,0.0,0.0,0.0,0.0,0.0,nan,0,-0.012740413176824877,-0.02099709441530781,-0.024076935042609993
17.85898608199932,-0.02291389772632582,0.12220691826421289,1.5015606241483253,1.2501797855790242,0.2851899598420804,-0.003552006577408555,-0.0034920206054369855,-0.021628554098722413,2.5163037413511935,-0.041912101160240384,0.022344393129881658,1.5,0.10166558516850072,10988.828686235107,10827.17369728229,11025.608421455086,10808.346456854975,0.0,0.0,0.0,0.0,0.0,0.0,nan,0,-0.0014016945577226825,0.0071278102157031065,0.009440049693189678
17.869690298000023,-0.03285137611094636,0.120995601413377,1.5002128222043571,1.2021349266379797,0.2980827082079649,-0.05764739553581961,-0.0069961784661477806,-0.022000538859549817,2.516588659263319,-0.041912101160240384,0.022344393129881658,1.5,0.09906665901050236,10955.329468561458,10778.675091493855,10973.954508090414,10777.725514591779,0.0,0.0,0.0,0.0,0.0,0.0,nan,0,5.78949166351872e-05,0.0009789251910908708,0.008126401634353408
17.879789386000084,-0.03953319128321302,0.13354946077514335,1.4826485225729518,1.208155563096896,0.25277267744307286,0.025051532398270702,-0.004921363833862416,-0.02751676175419562,2.523965740223509,-0.061475996081456125,0.03275965020523261,1.5,0.10459993482805645,10965.033524796285,10800.611202374872,10980.989627253415,10779.843207469497,0.0,0.0,0.0,0.0,0.0,0.0,nan,0,0.0047534877738596715,0.008615635434079463,-0.009413739280544675
17.890176550999968,-0.03396250834722818,0.13276032701024634,1.4797699740346741,1.2256962670892797,0.2758890499157005,-0.03834136949927641,-0.006253574339154717,-0.023877495395031305,2.5220161154615592,-0.061475996081456125,0.03275965020523261,1.5,0.10567109973554777,10915.724805582471,10764.18603769404,10946.784927257311,10744.005086526233,0.0,0.0,0.0,0.0,0.0,0.0,nan,0,0.02168056575610755,0.0029301467936720116,-0.01227528609241113
17.900559705999513,-0.05508266444261596,0.15300001446149766,1.4959570289689421,1.2286391918504513,0.2857921097586449,-0.020399072502899893,-0.005831543646795983,-0.028158388273407685,2.520477239491967,-0.08098791548914874,0.04313055156482797,1.5,0.11295453299334443,10934.788723116155,10787.591753939563,10969.275159616534,10767.636502002018,0.0,0.0,0.0,0.0,0.0,0.0,nan,0,0.011894428617530275,0.018294665142004868,0.003922947445279101
17.910687034000148,-0.07206003607694496,0.13576461298903322,1.488084131311255,1.1917034120170737,0.24750157549383534,-0.10228290084254696,-0.005584920686571235,-0.026174012743016527,2.5266245415250776,-0.08098791548914874,0.04313055156482797,1.5,0.0938230477726539,10923.21948662951,10770.389052244629,10949.850344797438,10756.387411796062,0.0,0.0,0.0,0.0,0.0,0.0,nan,0,0.006227324384476027,-0.0037943052970375313,-0.003945079896019665
17.921231337999416,-0.08315580337172036,0.15176474727079522,1.4876496360451128,1.1970174174269073,0.27891526017250046,-0.07379871464669877,-0.0056536181350524285,-0.028539185321429943,2.526046634562482,-0.10050586471776364,0.053482666230948876,1.5,0.10056303283042216,10968.490932304629,10831.420404281009,11010.674778538383,10809.594481284923,0.0,0.0,0.0,0.0,0.0,0.0,nan,0,0.006416639067178653,0.007374333900051183,-0.004384902815254499
17.931697660999816,-0.10276002973471442,0.15892438744311563,1.504539256394124,1.2088358435899205,0.2676154622800352,-0.03432516642767722,-0.004345477026627672,-0.0281551676329749,2.5327000090546328,-0.10050586471776364,0.053482666230948876,1.5,0.10556345333835729,10968.490932304629,10831.420404281009,11010.674778538383,10809.594481284923,0.0,0.0,0.0,0.0,0.0,0.0,nan,0,-0.0019291728767119737,0.009725072588373601,0.012482648804102547
17.941756082999746,-0.11768236883660471,0.1643515824745854,1.4874131389894163,1.1740059128015061,0.2401499663875707,-0.0653948914020173,-0.0021301177457435437,-0.03180862889817327,2.531546307775506,-0.12003167533805448,0.06381160212564528,1.5,0.10135203974120487,10959.179926669223,10823.542954502253,10991.345730449802,10801.168048090296,0.0,0.0,0.0,0.0,0.0,0.0,nan,0,-0.005621072367114607,0.010366311459229394,-0.0046810197187650004
17.952183518999846,-0.13417680156803177,0.15954451817197554,1.5027532051294747,1.1604731942110083,0.2823133954829643,-0.05050399372189432,-0.004732169465141112,-0.03247437363077719,2.5385012409088112,-0.12003167533805448,0.06381160212564528,1.5,0.09681144534238023,10962.82175826843,10838.161698554517,11011.551426749835,10816.724259414459,0.0,0.0,0.0,0.0,0.0,0.0,nan,0,-0.010914328205912732,0.0007965727499231468,0.010607391608256744
17.962561921999622,-0.14744580583613692,0.16146166198520778,1.512173114137518,1.1932684775631834,0.23717232956683454,0.013162573121772977,-0.0028261655363473566,-0.03376740981845605,2.53658902910786,-0.1395184637072347,0.07408727756297301,1.5,0.08857375748040824,10947.387672264427,10836.886283477681,10991.952462405588,10792.539893383702,0.0,0.0,0.0,0.0,0.0,0.0,nan,0,-0.013012709656969934,-0.002025329648987495,0.019961846710498055
17.973077285999352,-0.1433672041207409,0.17645209280682095,1.534770002279321,1.1915649121031073,0.2776370276071636,-0.08031290377565187,-0.0033301665559193885,-0.034166284805702954,2.5297337646527915,-0.1395184637072347,0.07408727756297301,1.5,0.10817726776537509,10881.251979266273,10763.512502674605,10922.683420264972,10737.145582880963,0.0,0.0,0.0,0.0,0.0,0.0,nan,0,0.0022048845253785643,0.008249855494372793,0.04248711364138025
17.98329480099983,-0.13644642014531638,0.15236307873186916,1.4945101606859879,1.1983284579002724,0.2186554381160507,0.004249122631482569,0.0003999342893879368,-0.03729122495478172,2.54074404210023,-0.1589664768621003,0.0843046714867652,1.5,0.07189741363193294,10881.251979266273,10763.512502674605,10922.683420264972,10737.145582880963,0.0,0.0,0.0,0.0,0.0,0.0,nan,0,0.020231945985849153,-0.02053041619331275,0.0021555340481715923
17.99391585899957,-0.146261265893815,0.17615424332095803,1.4854773093215776,1.1762464911255122,0.2455129163356723,-0.061561320462774,-0.0030451755631421534,-0.039377875594599036,2.5425302471565945,-0.1589664768621003,0.0843046714867652,1.5,0.09385454052103352,10844.28602694492,10726.75482089471,10899.87297328928,10713.873637686498,0.0,0.0,0.0,0.0,0.0,0.0,nan,0,0.021489520261753298,-0.001406278275171341,-0.006946326275127923
18.004342358999565,-0.1661115664264068,0.1968187980255853,1.5005381495384065,1.1767990060910338,0.25792051119710824,-0.06823237817358749,0.0002670664268468255,-0.037433474429173975,2.5472559392552885,-0.1783965964183701,0.09446956215502862,1.5,0.10308529308352367,10870.886600883317,10766.485680845773,10940.315397177405,10744.613060111617,0.0,0.0,0.0,0.0,0.0,0.0,nan,0,0.012676552500859611,0.014615797222008536,0.008047397225027009
18.014933323999685,-0.19520889825520327,0.1942185912274728,1.5206687305854611,1.1598167727557465,0.22133617422754204,-0.053279283731006946,-0.003653334385975752,-0.040864090211878666,2.5480165903740035,-0.1783965964183701,0.09446956215502862,1.5,0.10324591380758112,10886.683522543128,10784.275083647857,10952.932665408569,10765.48034445004,0.0,0.0,0.0,0.0,0.0,0.0,nan,0,-0.005419854372194943,0.007398052298970503,0.02810823004411156
18.024820920999446,-0.18127246788370874,0.19893002021917358,1.471218310145546,1.1503135332386327,0.2673040194893145,-0.10403481821431394,-0.0005931587290241762,-0.04287832343492543,2.5495137099126866,-0.19779957382023255,0.1045718875207931,1.5,0.10002493742982416,10865.065004851498,10763.574114020546,10935.203856560407,10749.039847900938,0.0,0.0,0.0,0.0,0.0,0.0,nan,0,0.01947994970796757,0.007517157798635127,-0.021414173475843512
18.035338237999895,-0.2097321065239866,0.19755732906247533,1.4762683560760452,1.1475394741217324,0.23893283425101453,-0.05098554159715901,-0.0014152732651502712,-0.04034769552357825,2.5531083191741857,-0.19779957382023255,0.1045718875207931,1.5,0.09670505984053339,10926.9745274961,10841.075494316894,11000.44075164167,10806.358809245505,0.0,0.0,0.0,0.0,0.0,0.0,nan,0,0.0019448501888616743,0.0015777401663997215,-0.016442833942485136
18.04550255199956,-0.19313750159035864,0.1777772486792655,1.466666610687496,1.14049653361637,0.26517676567871207,-0.04481882370060529,-0.0010841629239037723,-0.04398975777415359,2.551393807646888,-0.21715923323281777,0.11459810323383217,1.5,0.07536420140475518,10926.9745274961,10841.075494316894,11000.44075164167,10806.358809245505,0.0,0.0,0.0,0.0,0.0,0.0,nan,0,0.02942383229760684,-0.022743049597206938,-0.026136408726892046
18.055918199999724,-0.23791404918094736,0.20426504405069704,1.516230486802022,1.1299036856541294,0.20993290786706875,-0.05076408123486559,-0.0019202096971484277,-0.04370801579217171,2.5493020192269107,-0.21715923323281777,0.11459810323383217,1.5,0.09345775175086599,10938.281187515178,10871.107097644584,11015.63889224976,10808.49151898616,0.0,0.0,0.0,0.0,0.0,0.0,nan,0,-0.004509627726076465,-0.0007696594645972554,0.02332123127725083
18.06677610299994,-0.2427388804824139,0.20049018564928664,1.4964047218651164,1.1540436178443798,0.2339646034017453,-0.005390040423123091,0.0005048555756163258,-0.04582279687131103,2.5571103799618333,-0.23648680188169596,0.12454893314104687,1.5,0.07628294923649033,10898.42554066764,10825.381634883435,10987.172114150886,10778.65578442895,0.0,0.0,0.0,0.0,0.0,0.0,nan,0,0.001466396587472718,-0.009032450861309438,0.003377686980548411
18.076713841999663,-0.2758884320436113,0.2059616612176726,1.4754007155073856,1.1562462585785442,0.22933037572709403,-0.05043289101955738,0.0004401468492474706,-0.0467769942689331,2.5570337720693512,-0.23648680188169596,0.12454893314104687,1.5,0.09373177449426388,10862.428205368275,10781.653956696202,10938.939620984582,10741.393806202128,0.0,0.0,0.0,0.0,0.0,0.0,nan,0,-0.0209252711472504,-0.008022392501829151,-0.017748541645278282
18.087010023999937,-0.2662392213030146,0.21275598366399562,1.5069893825667986,1.1431484110937409,0.23978205458395807,-0.10603472609325103,0.001346926838689635,-0.04728645898657039,2.5607656912469086,-0.2557783012921002,0.13441721465936915,1.5,0.07934258027881398,10862.428205368275,10781.653956696202,10938.939620984582,10741.393806202128,0.0,0.0,0.0,0.0,0.0,0.0,nan,0,-0.0005620555201568123,-0.0056628095362175335,0.01371507546865014
18.097424746999422,-0.28587392974883374,0.221378859490248,1.4986367305589658,1.1627180618363973,0.23957497129781047,-0.08060776820766044,0.0004264043627155632,-0.048397097891450296,2.563101947500127,-0.2557783012921002,0.13441721465936915,1.5,0.09203223906581065,10891.164530660135,10796.71728126119,10953.819522382046,10768.509910509732,0.0,0.0,0.0,0.0,0.0,0.0,nan,0,-0.009527741371993914,-0.0014477032991840888,0.005230431506844324
18.107798825999453,-0.29298072675458026,0.20453152971634647,1.481001638240793,1.117982872042485,0.21197005986469464,-0.030137209283415612,0.005714461417493914,-0.050886447630429044,2.569484127978985,-0.27501667341614766,0.14418922270816772,1.5,0.06576350794284816,10931.705955137944,10822.966394807236,10972.702046321117,10806.893019073388,0.0,0.0,0.0,0.0,0.0,0.0,nan,0,-0.0060115264634728605,-0.02267558536901207,-0.01254630096274223
18.118480744999943,-0.27250412403930807,0.24078227145758158,1.4897415979718545,1.138490752208806,0.22866807692073543,-0.12912573573034716,0.00244292507542988,-0.04997584332281371,2.568003475332108,-0.27501667341614766,0.14418922270816772,1.5,0.09716874385958048,10905.05605292635,10811.918823425125,10962.296893410437,10789.33598991311,0.0,0.0,0.0,0.0,0.0,0.0,nan,0,0.025041220831500344,0.009221965865650134,-0.003956614782838042
18.128681928999868,-0.31414910821423414,0.24712887554900467,1.4870186498092721,1.1038161004118126,0.21146027642158516,-0.03311835418912907,0.0020668292545087032,-0.05042604613983853,2.5738502592479944,-0.29424236131057113,0.15388037286872314,1.5,0.09622929531683833,10949.836829518179,10857.108438108315,11018.099717903917,10842.452152016487,0.0,0.0,0.0,0.0,0.0,0.0,nan,0,-0.006075504412025534,0.011242986572156416,-0.00684170975796361
18.139350646999446,-0.33325440106893534,0.2530666040140085,1.478131107564787,1.1324984537658982,0.2236222886919449,-0.034883978120268805,0.0013620474334831716,-0.04979094803712561,2.577771631589805,-0.29424236131057113,0.15388037286872314,1.5,0.10880301535921273,10917.644206229053,10829.08012792901,10991.481679262608,10818.183761492903,0.0,0.0,0.0,0.0,0.0,0.0,nan,0,-0.014701350258463863,0.012882937304382502,-0.01590492907239094
18.14924189299927,-0.32825697859648545,0.2524234811142202,1.4894373536170167,1.109480564310743,0.17141059547680726,-0.08839431171163273,0.00465274097641787,-0.049025987131314466,2.570420003986844,-0.3133845264498349,0.16345001863091232,1.5,0.09082420579193057,10915.098897044321,10814.319445993211,10973.207232801164,10814.513617098848,0.0,0.0,0.0,0.0,0.0,0.0,nan,0,0.0007260304777676474,0.00796990663079361,-0.004784481400981422
18.159630938999726,-0.35422927531173803,0.24846772627402178,1.5119397293922634,1.0807405788156266,0.17322097073334453,-0.06687463659473167,0.0012173787708918095,-0.051329196965614755,2.581227181340571,-0.3133845264498349,0.16345001863091232,1.5,0.09507292601178133,10926.028961867993,10821.353234268825,11005.464131010069,10844.092152580977,0.0,0.0,0.0,0.0,0.0,0.0,nan,0,-0.014866642361603954,-0.00022770873252747625,0.01752098336403951
18.17027935599981,-0.3682949328967369,0.26633583818213746,1.5246103622743739,1.1004907123382726,0.21058833721659542,-0.032355796304084465,0.004529389895275612,-0.05830939938862471,2.5813993261377703,-0.3324857486549485,0.1729146945738942,1.5,0.1030314402520429,10895.876299741896,10800.637250772883,10989.952713811768,10820.558194543364,0.0,0.0,0.0,0.0,0.0,0.0,nan,0,-0.01860376462844704,0.013426735345202556,0.029984026491936433
18.180426550999982,-0.347506506930181,0.25390124006271025,1.5024174107554829,1.1071742899674781,0.205143333031639,-0.02160023279315583,0.0006502321140944475,-0.05485722708309239,2.5879539987300775,-0.3324857486549485,0.1729146945738942,1.5,0.08240320141921528,10842.58120422055,10744.366628775266,10927.100678437004,10761.86684542646,0.0,0.0,0.0,0.0,0.0,0.0,nan,0,0.012461716574273696,-0.0031933684538892892,0.007580278548020347
18.19122193899966,-0.3952130322393192,0.2578568140449976,1.5034938861955043,1.0775798680169741,0.18330097053639116,-0.10411954339526935,-0.00037533746628711824,-0.05621461374960193,2.5844630097917114,-0.35152277705328305,0.18225802599473553,1.5,0.08738548159526581,10818.40151074941,10723.820554080085,10898.36237795563,10731.867569647211,0.0,0.0,0.0,0.0,0.0,0.0,nan,0,-0.02501958201110155,-0.0033951618432413455,0.008450251007825704
18.201259446999757,-0.3617275084969623,0.2558954933120424,1.4999425477342039,1.0677944857084052,0.18194183472449665,-0.013026075205683517,0.0011924010271061132,-0.05460853314114397,2.5908060064467753,-0.35152277705328305,0.18225802599473553,1.5,0.0743412162767593,10859.9019574642,10765.600368988791,10934.36979928926,10768.387205078583,0.0,0.0,0.0,0.0,0.0,0.0,nan,0,0.018638599870299033,-0.00948549208315591,0.004695313029086989
18.21185285499996,-0.38729816420330004,0.25100114873439366,1.5220218540067636,1.0627194852380586,0.1446889071679831,-0.01410061663570382,0.002171302849746352,-0.058272260753025,2.593445008276721,-0.37051459616587373,0.1914845120704698,1.5,0.06564206158971285,10819.304598951949,10737.102379489164,10911.171453171146,10729.374486579623,0.0,0.0,0.0,0.0,0.0,0.0,nan,0,0.003187378204503377,-0.018480295235090427,0.026573675006207997
18.222003354999288,-0.41677036708517795,0.2920269704198373,1.4950398192500496,1.0883983854689925,0.1586443263010051,-0.052218971976587474,0.005642767847794468,-0.059637455239809394,2.597153910825185,-0.37051459616587373,0.1914845120704698,1.5,0.11078350810181822,10764.004492397593,10690.806618427641,10873.476923779588,10684.539746722294,0.0,0.0,0.0,0.0,0.0,0.0,nan,0,-0.016218869054317242,0.018473611472348828,-0.000599448320129703
18.23236756999995,-0.4239937214232649,0.26761813380487537,1.4834430484142305,1.0287082497800635,0.17573809603278323,-0.09904834808304915,0.0017499159484183856,-0.05498038007694986,2.604516796161586,-0.3894243220357923,0.20057156869723228,1.5,0.07722964400123525,10764.004492397593,10690.806618427641,10873.476923779588,10684.539746722294,0.0,0.0,0.0,0.0,0.0,0.0,nan,0,-0.013430205699087483,-0.009978467384044565,-0.012375207721891046
18.242910490999748,-0.41867868682178555,0.2850965987502765,1.504002895406826,1.0569064399334818,0.16096657468415276,-0.07236724429600497,0.006560096576266547,-0.05593013876191834,2.6022269461645293,-0.3894243220357923,0.20057156869723228,1.5,0.08953391388819086,10844.17734835332,10769.881589165429,10949.678127706253,10768.758405323593,0.0,0.0,0.0,0.0,0.0,0.0,nan,0,0.0018420015572698234,0.003485830220748387,0.008010410466412266
18.25296409099974,-0.418845168011618,0.2713878628910088,1.4748349109464756,1.0591117971925381,0.16332953371972825,-0.021096108103992935,0.0034968039368335753,-0.06088370453053849,2.5994363850028472,-0.4082664454481224,0.20952169207140714,1.5,0.06762110742976159,10846.759069614527,10767.533592991555,10958.882062734358,10776.871945344743,0.0,0.0,0.0,0.0,0.0,0.0,nan,0,0.011577057733275942,-0.01420762991133756,-0.021332725581429512
18.263624687999254,-0.43389393613409716,0.28357647386567797,1.507005533594888,1.0437287639460575,0.16255461393477577,-0.05606125812345422,-0.0006145486889522415,-0.0632089461645175,2.606308142912334,-0.4082664454481224,0.20952169207140714,1.5,0.07867627651589705,10838.553959213546,10760.448418401194,10952.39697959727,10762.929615760795,0.0,0.0,0.0,0.0,0.0,0.0,nan,0,0.00637375589934297,-0.0059740946670542305,0.01066231397581463
18.27421660699929,-0.4304595396216428,0.2909209301492144,1.4801630579352365,1.0469658784156697,0.11956249359781368,-0.05377530694559923,0.00045452924173759653,-0.061176917268728405,2.6160475249863455,-0.42705553177362293,0.21833711029739228,1.5,0.0753226555837746,10828.848762917401,10750.771236519873,10940.38379636422,10743.565005588094,0.0,0.0,0.0,0.0,0.0,0.0,nan,0,0.01959723192517926,-0.0025548939309240626,-0.016354176064400816
18.284142761999647,-0.4675237909356466,0.29214959783021904,1.5303107353050613,1.0130850323293812,0.14857870114183425,-0.009695773732525309,0.0025176480314643176,-0.0600671666726748,2.619507190966258,-0.42705553177362293,0.21833711029739228,1.5,0.08946901133980363,10828.848762917401,10750.771236519873,10940.38379636422,10743.565005588094,0.0,0.0,0.0,0.0,0.0,0.0,nan,0,-0.007734724494214584,-0.005221416370818077,0.033620704252354194
18.294676556000013,-0.4655262893325613,0.3027807789205299,1.4794448582007702,1.0412854191469318,0.16204351725589272,-0.05360633256073699,0.0019262783145055716,-0.05912422849025179,2.6175372624913753,-0.4457819989491776,0.22700859494624318,1.5,0.08095538722878778,10772.484602863457,10700.491128429707,10893.606297931574,10696.61185827461,0.0,0.0,0.0,0.0,0.0,0.0,nan,0,0.003938210521306995,0.0015447417305024524,-0.01741189622622019
18.304999472999953,-0.4833792965123991,0.30592819509606295,1.511271207815435,1.0103235633222618,0.13847151313228556,-0.07183522490100931,0.0009508827379075282,-0.05833580811593379,2.6237444350386747,-0.4457819989491776,0.22700859494624318,1.5,0.08814136484922147,10813.602019651828,10730.72501277443,10917.619724138922,10731.498200458282,0.0,0.0,0.0,0.0,0.0,0.0,nan,0,-0.004296374421620952,0.0008574753608537322,0.014256458447443388
18.315289729999677,-0.47858445521732246,0.31656406141203963,1.5187635657038643,1.0159484236442715,0.1572255572728365,-0.03872735616411844,0.0073997344412109044,-0.06275765191286777,2.621120365160948,-0.464410139804469,0.2355153080172566,1.5,0.08439124979637784,10822.91931596939,10737.297698526374,10924.523188606076,10739.003519162017,0.0,0.0,0.0,0.0,0.0,0.0,nan,0,0.010059438067757331,0.007689360565772241,0.021596043189144654
18.325988591999703,-0.5108784255142506,0.3167442627161403,1.4815848116425987,0.9983513214744117,0.13551849831938056,-0.01755986665322727,0.00021870369844082844,-0.06165583784884984,2.6265088854441228,-0.464410139804469,0.2355153080172566,1.5,0.09537590796693765,10792.969293744563,10705.578345519603,10897.924083092055,10710.699404828536,0.0,0.0,0.0,0.0,0.0,0.0,nan,0,-0.012731113590773169,0.004096486568324842,-0.01572816009280631
18.33596245299941,-0.5104752831983059,0.29988429488411816,1.4955019983337512,0.9969876317452264,0.1538220786002753,-0.040296376675493295,0.0035303027309597874,-0.058236963975944474,2.6317788282875596,-0.48295286431463313,0.24385909122913674,1.5,0.062582257907334,10797.732441532544,10706.545763378926,10899.365755437117,10710.646245713602,0.0,0.0,0.0,0.0,0.0,0.0,nan,0,-0.002882155979543999,-0.01650544551789468,-0.0019467315383454586
18.346616545999495,-0.5120490274824366,0.30313865615856794,1.4988087825930194,1.0261029709203295,0.1357535949552925,-0.060484038295944044,0.0007602902516371096,-0.06475728886400331,2.64135933072602,-0.48295286431463313,0.24385909122913674,1.5,0.06604598797974627,10811.475794462242,10718.867017962788,10896.701662979438,10711.056889374891,0.0,0.0,0.0,0.0,0.0,0.0,nan,0,0.004932129730711998,-0.016961630573331887,0.0012332882448560234
18.35692894299973,-0.5197572679274532,0.3104509268270067,1.4809442587001826,0.9866192609864464,0.13541826100022525,-0.0724375272202549,-0.0015245417282134478,-0.058874968008448554,2.6405499302500948,-0.5014327710947379,0.25204572785913854,1.5,0.0641098723063307,10826.707030091302,10730.803614709774,10902.244033657547,10720.988965733726,0.0,0.0,0.0,0.0,0.0,0.0,nan,0,0.006553939886854709,-0.013328149083269403,-0.016750507081661592
18.367626848999862,-0.5308744421303697,0.3067765790694352,1.4838899492154953,0.9929788969650287,0.1389984683819553,-0.03878927656704972,0.0015079381716314503,-0.0626060967547641,2.6388206941239285,-0.5014327710947379,0.25204572785913854,1.5,0.06420133802229754,10867.173745662087,10772.961656100337,10935.449207959786,10756.11343758112,0.0,0.0,0.0,0.0,0.0,0.0,nan,0,0.004708508143860923,-0.0206490927726784,-0.013921055293510953
18.377921165999396,-0.5547725605077594,0.3263334123954328,1.5117204489868248,0.9455575836485777,0.082906903259934,-0.04923935580169457,0.002069764804895988,-0.06551166685083931,2.65143787890967,-0.5198334148810596,0.26006348864786805,1.5,0.07582753863264019,10866.795047802569,10770.520423808819,10935.640260637905,10749.731861988746,0.0,0.0,0.0,0.0,0.0,0.0,nan,0,-0.009976402063519796,-0.004706266420552274,0.013793192182361969
18.38826608799991,-0.5528475608368411,0.33200106987930555,1.4907221784197016,0.9894501189592326,0.08669210267863325,-0.0719606178294094,-0.00448983627388003,-0.06196084714470123,2.6490849596565,-0.5198334148810596,0.26006348864786805,1.5,0.07969333347209892,10866.795047802569,10770.520423808819,10935.640260637905,10749.731861988746,0.0,0.0,0.0,0.0,0.0,0.0,nan,0,0.0011033587783849663,-0.0026197955433414633,-0.007319144140458755
18.398706256999503,-0.5527843433086864,0.34017749929935687,1.4896901294604892,0.9698244943745113,0.10296028157718673,-0.08586991754347606,-0.00040639821292877735,-0.06782966465712613,2.664320458362569,-0.538125571330617,0.2678957089636506,1.5,0.0744703312775061,10857.769211999297,10758.228499048171,10951.754608926112,10762.764410123315,0.0,0.0,0.0,0.0,0.0,0.0,nan,0,0.0102628682761422,0.00200858142334176,-0.008463408268031047
18.409776505999616,-0.5498041629661079,0.3555033855390066,1.5017535461246947,0.9704921232312753,0.11480063585682443,-0.07163110168848863,-0.002959001286529072,-0.06311694748204635,2.656040639331725,-0.538125571330617,0.2678957089636506,1.5,0.08840005328919306,10875.197383245955,10785.61198340964,10973.7318902693,10787.667664925899,0.0,0.0,0.0,0.0,0.0,0.0,nan,0,0.02228067155564839,0.013819994729281415,0.003485484895728197
18.41949727700012,-0.5912591055223695,0.3428270794267383,1.5060641300336084,0.9596846053714769,0.1136931524046213,-0.026749260855740663,-0.0038607095289653957,-0.05964016097363007,2.6610864225929567,-0.5563746003694382,0.27556603720168993,1.5,0.07601151343072403,10877.682145590488,10778.288260503838,10974.968644279019,10786.564593384108,0.0,0.0,0.0,0.0,0.0,0.0,nan,0,-0.010195358425751366,-0.0023368201329744265,0.00767736603050051
18.429755424999712,-0.5908537747808145,0.3579176180503831,1.5101429744260166,0.9859362539109061,0.0677341557179767,-0.036842116816926354,-0.004437525267399832,-0.06589429856051843,2.6682179971751836,-0.5563746003694382,0.27556603720168993,1.5,0.08985252509849558,10855.986952659356,10741.467468465939,10930.757247381014,10756.84369311638,0.0,0.0,0.0,0.0,0.0,0.0,nan,0,-0.0008695535628884254,0.009307403807793713,0.011636567286203992
18.440034537999964,-0.6015248106876225,0.34770290147654276,1.5041955832747038,0.9353371449896999,0.16570114801098434,-0.009032125999661737,-0.006552538007714702,-0.06393635311668683,2.667742327211961,-0.5744311202159027,0.28300838984461396,1.5,0.07026415030217122,10832.500977972504,10702.18539729496,10908.275545783548,10742.434318049818,0.0,0.0,0.0,0.0,0.0,0.0,nan,0,-0.0026781462368188347,-0.004319257614972205,0.005573819691478965
18.450710032999268,-0.6124846954399386,0.34293366551176685,1.5081032509679435,0.9507165786235336,0.05331377500699541,-0.04717925039754266,-0.00532488484365315,-0.06422579028037646,2.681907616247244,-0.5744311202159027,0.28300838984461396,1.5,0.07144771464060344,10818.841072274085,10692.683295740166,10863.100341594338,10692.208514020414,0.0,0.0,0.0,0.0,0.0,0.0,nan,0,-0.004833206502128373,-0.012465869151252196,0.009375364033628042
18.460968117999982,-0.6056150222918909,0.3704728415112388,1.48921134873807,0.9397708696691938,0.06472153477651887,-0.06714108683545154,-0.007304697025322381,-0.06419425758169087,2.6737450792550637,-0.5925044986542287,0.29030503056416945,1.5,0.0819460721337533,10813.390416362528,10685.996922799117,10872.979652973896,10700.204360877427,0.0,0.0,0.0,0.0,0.0,0.0,nan,0,0.010783962063672714,0.01173079659358478,-0.009611000872916664
18.47140369399949,-0.6171782083053393,0.3614292725395497,1.4983776170863532,0.9133382799398017,0.07036127845757933,-0.0384643081507026,-0.008757338933981519,-0.061309455278625996,2.6851149519236435,-0.5925044986542287,0.29030503056416945,1.5,0.07529994602148293,10813.390416362528,10685.996922799117,10872.979652973896,10700.204360877427,0.0,0.0,0.0,0.0,0.0,0.0,nan,0,0.007910936188908702,-0.0006199162941737946,-0.0005307995406367283
18.481630624999525,-0.6441504771365548,0.3686397521708549,1.4922012762757317,0.9365535641820634,0.10162283823447738,-0.06388922764410335,-0.005233316733188759,-0.06098232604982026,2.6870334311692803,-0.6103955624017795,0.29737142864756294,1.5,0.07924259144109323,10835.670275112609,10710.454429686804,10917.387984093019,10732.81267714823,0.0,0.0,0.0,0.0,0.0,0.0,nan,0,-0.010428462385173365,0.003319283010061791,-0.006787468641119787
18.491664016999493,-0.6446453280071344,0.38522305742316254,1.4951841388626252,0.8922943193380213,0.05439138533464527,-0.03800047325452873,-0.013675358201654688,-0.06131825402546365,2.686762362217264,-0.6103955624017795,0.29737142864756294,1.5,0.09441476389337626,10868.75585390281,10731.401442569284,10928.762967627372,10756.278459293404,0.0,0.0,0.0,0.0,0.0,0.0,nan,0,-0.002347623108975294,0.016667662233295633,-0.0038810679415619553
18.502262913999402,-0.634621219018685,0.37544677013423916,1.5089723846389953,0.918015733819466,0.12737048841647813,-0.06475921941237452,-0.01181199044230521,-0.06717858776630264,2.6907842102316817,-0.6281821657671022,0.30423582002981425,1.5,0.07206222663546895,10861.393573374424,10723.718151692598,10934.531995774527,10750.596745315082,0.0,0.0,0.0,0.0,0.0,0.0,nan,0,0.01619514110559872,0.003693302203136073,0.00983301198276787
18.51280912999937,-0.6571697926037344,0.3705712192897442,1.4968343954080092,0.8859895358243233,0.08215834011487666,-0.0795178511512145,-0.00957798755535103,-0.06736929492948072,2.697834535093948,-0.6281821657671022,0.30423582002981425,1.5,0.07246163645010363,10871.527512302455,10735.176333866777,10923.808940997054,10734.204324450138,0.0,0.0,0.0,0.0,0.0,0.0,nan,0,0.0021084594717558636,-0.004343023186676953,-0.002376390005347062
18.522944847999497,-0.6613277546222196,0.38397830620457557,1.5109268691160054,0.860843401625798,0.05731971646632428,-0.03577670365793262,-0.010510123296361034,-0.06252909826500004,2.6983209755386075,-0.645887299212041,0.310903247285842,1.5,0.07548356356140326,10891.439576040042,10761.030802232965,10950.036478406819,10745.639856192383,0.0,0.0,0.0,0.0,0.0,0.0,nan,0,0.006355791304345604,0.005941130350817281,0.011645580742136952
18.534321143999477,-0.6765408350788414,0.37993768155013735,1.4946051231262212,0.8675252556720956,0.07298960821092615,-0.04334524494290714,-0.015684480005211967,-0.06783622443808811,2.703344340498605,-0.645887299212041,0.310903247285842,1.5,0.07572646216357772,10857.69162209467,10734.17003848885,10935.508992343774,10719.807466327524,0.0,0.0,0.0,0.0,0.0,0.0,nan,0,-0.000508282429409812,-0.0011841271949598609,-0.004745187591979061
18.543809508999402,-0.681689171259049,0.3768180959514828,1.5044702750528363,0.8855160589215962,0.07111395694855249,-0.008137806316635042,-0.013197318270817677,-0.06363250153401259,2.7086927741468667,-0.6634984165940261,0.31736500327120276,1.5,0.06233423733054759,10860.823716829436,10738.550408789371,10937.895380818998,10709.591431151544,0.0,0.0,0.0,0.0,0.0,0.0,nan,0,0.0026365197989884903,-0.007349642451469296,0.0050546176787444885
18.55429621699932,-0.6916505840372229,0.40318583027694077,1.4973925462649849,0.8794871745389996,0.05497574699461927,-0.044062004784677575,-0.015434635313727222,-0.06254398458640752,2.707787399903849,-0.6634984165940261,0.31736500327120276,1.5,0.09035794206752855,10835.063310972359,10704.128211105823,10899.49749785498,10680.24950842785,0.0,0.0,0.0,0.0,0.0,0.0,nan,0,0.0009128627630009545,0.016011237582003568,-0.00208176709790453
18.564602938999997,-0.697780292035805,0.39460900333595633,1.5033478086611685,0.8489424293331969,0.08433760582543781,-0.04817896262450162,-0.014269777123090162,-0.06516041845816033,2.7157682677056987,-0.6809739056940637,0.32360263062872974,1.5,0.07304496840807886,10849.35524341186,10700.246085886496,10914.3565582399,10698.083771175574,0.0,0.0,0.0,0.0,0.0,0.0,nan,0,0.0029659695493754468,0.004467053273935984,0.0038232810085101487
18.574698479999824,-0.7021657978891321,0.3908618498034412,1.4748614896286174,0.8399630650607907,0.07258791406211818,-0.032566680578762344,-0.014921505663983,-0.06153557534776513,2.7170067568439733,-0.6809739056940637,0.32360263062872974,1.5,0.07486550315393188,10854.771505295583,10712.174506865775,10915.47395878935,10693.783736105317,0.0,0.0,0.0,0.0,0.0,0.0,nan,0,0.006708640720258119,-0.002207416012704466,-0.02470607845480699
18.58528660799948,-0.708067149059891,0.37894590340672973,1.4925233424348807,0.8443776194294159,0.056590921200647126,-0.05477870676273675,-0.017856266384350374,-0.06318339118662326,2.730093459606815,-0.6983325052515643,0.3296199996310528,1.5,0.05083019261923357,10877.75816418454,10731.658851041391,10940.960869778331,10708.045684989715,0.0,0.0,0.0,0.0,0.0,0.0,nan,0,0.008881101460567975,-0.017010044276703606,-0.007082336073805928
18.595637548000013,-0.7082108205436326,0.4057926953342802,1.5041760895203935,0.854721134744189,0.07912326864896924,-0.07799000715732139,-0.017939091550837227,-0.064188739807488,2.731430909912186,-0.6983325052515643,0.3296199996310528,1.5,0.07692399110413035,10891.629114801515,10749.648133627394,10949.554521875467,10718.759388543916,0.0,0.0,0.0,0.0,0.0,0.0,nan,0,0.016757132412802966,0.0069913279369864245,0.004534243532445137
18.605955497999275,-0.7291257201246717,0.407874571173391,1.4819157971063344,0.8529629610046894,0.06615720100229916,-0.04335606792783725,-0.014387768698691928,-0.06645054027888157,2.7351859732451236,-0.7155850582738216,0.33541762171542205,1.5,0.07589728218067493,10912.264677673797,10760.461497002321,10962.76730444204,10731.58701098713,0.0,0.0,0.0,0.0,0.0,0.0,nan,0,0.0038081301113638277,0.0062696578517702495,-0.01776273822920027
18.616237468999316,-0.7656067851498083,0.39247476338134973,1.5019068990602429,0.8447194395025686,0.09444357146761684,-0.042417242756329826,-0.017350805099245088,-0.061952519331374946,2.737853731756021,-0.7155850582738216,0.33541762171542205,1.5,0.07590340465860215,10912.264677673797,10760.461497002321,10962.76730444204,10731.58701098713,0.0,0.0,0.0,0.0,0.0,0.0,nan,0,-0.024760483563504798,-0.011891236767752167,0.0021893853810797115
18.62696667399996,-0.7343862813886826,0.4073020853289144,1.5146828204794651,0.8377538030008487,0.10487539160458609,-0.07577127094698319,-0.019845000824454596,-0.0609041825138325,2.742050951439673,-0.732721034316828,0.3409887148925354,1.5,0.06793983635301855,10926.769744405074,10747.584206550428,10941.78777909122,10726.348624970267,0.0,0.0,0.0,0.0,0.0,0.0,nan,0,0.014319520274474917,0.00021794477512243615,0.014924662114666809
18.63700000300014,-0.7565184120324443,0.3994178900821048,1.4898513649620189,0.8421851912399536,0.03910195795337712,-0.05187113081104574,-0.01726277585140528,-0.057618576319693415,2.7508682111227847,-0.732721034316828,0.3409887148925354,1.5,0.06390053593364647,10937.715988160851,10754.171383035,10938.836432644748,10726.418217654325,0.0,0.0,0.0,0.0,0.0,0.0,nan,0,-5.557050399396246e-06,-0.010340959081054313,-0.009948438695368989
18.647352597999998,-0.7738409172809354,0.41738195695574476,1.494038166245753,0.8352627538387446,0.03480764020793692,0.006051465399313255,-0.02059606327608782,-0.06242055910919144,2.7554047806004363,-0.7497140714640549,0.34632209039245615,1.5,0.0752804940657086,10947.907919727591,10749.461777110884,10955.196790481774,10747.452001232652,0.0,0.0,0.0,0.0,0.0,0.0,nan,0,-0.009573048835642584,0.004992398630907169,-0.0058056140074622675
18.657822036999278,-0.7713197019674564,0.39901141224884246,1.4968674369406725,0.8175576354866508,0.07273411364492088,-0.015933248736308685,-0.024327682991054166,-0.06446293003321185,2.7576977689011617,-0.7497140714640549,0.34632209039245615,1.5,0.057033155782018966,10906.817841152095,10701.18489308418,10918.524047805346,10718.14618974468,0.0,0.0,0.0,0.0,0.0,0.0,nan,0,0.0006517426361654088,-0.015964466470223815,-0.0030199177507215236
18.66796602999966,-0.7744976966242076,0.4072427136887789,1.5059208721901636,0.8157375747437305,0.034469396955013276,-0.08053715897313524,-0.021791704279181395,-0.05987586333483675,2.7667137287452443,-0.7665841750428986,0.35142154433531947,1.5,0.056689359665617105,10897.037174240255,10691.19302911267,10903.923562202717,10688.85363378018,0.0,0.0,0.0,0.0,0.0,0.0,nan,0,0.005126586518347187,-0.010274797118694112,0.005995209844015914
18.679121293999742,-0.7946010881946415,0.428779106124398,1.5010498378089558,0.8069131832741294,0.053680939022807406,-0.012948117286046244,-0.023575997094165135,-0.06330273113967709,2.7758783280579435,-0.7665841750428986,0.35142154433531947,1.5,0.08228147998139389,10920.31886758516,10715.485824563062,10935.834367394827,10721.353067188244,0.0,0.0,0.0,0.0,0.0,0.0,nan,0,-0.007374303829406625,0.008765228971586325,0.0010898758559660937
18.688835816999926,-0.7915442056300324,0.4274387238932648,1.4999774897894287,0.7837530140647073,0.013292646155618981,-0.06040750218039123,-0.027416743209500903,-0.05922521416848831,2.77942666052,-0.7833414780428717,0.35628715042757997,1.5,0.07162284309646955,10897.501741030128,10689.454877658949,10915.381277382448,10695.526228118983,0.0,0.0,0.0,0.0,0.0,0.0,nan,0,0.003235191287679906,0.004974280948342735,-1.294894101744326e-05
18.699256091999814,-0.8007453919329182,0.41902800511099314,1.5068140219811055,0.8239214162812423,0.05560142341616181,-0.033678043222695214,-0.025524492331230542,-0.06080079856089301,2.776545389462219,-0.7833414780428717,0.35628715042757997,1.5,0.06546557844131762,10908.757656991213,10707.671543652108,10942.502730821163,10719.105521341504,0.0,0.0,0.0,0.0,0.0,0.0,nan,0,0.0015371942496505975,-0.00584067526829013,0.006797104327322945
18.709904996999285,-0.8164904617483605,0.4104594499065473,1.506690977135467,0.7767145653058163,0.03999870399569633,-0.04569018842384887,-0.02669639052576372,-0.05688540182891797,2.7778502566877297,-0.799946889206112,0.36090510178156376,1.5,0.05266965336491252,10910.80753220804,10686.73219454129,10927.54537621613,10704.910618312597,0.0,0.0,0.0,0.0,0.0,0.0,nan,0,-0.006753680202243539,-0.016766565815134638,0.006650972993652582
18.71985856899937,-0.8059915552340502,0.42824185300516115,1.4888940301878155,0.7551546358925025,0.04776123612532307,-0.05594654571598849,-0.02671718520243963,-0.057731840744863906,2.78508552480082,-0.799946889206112,0.36090510178156376,1.5,0.06851363819129085,10917.666919069097,10690.223894808614,10931.134147157669,10702.421570140095,0.0,0.0,0.0,0.0,0.0,0.0,nan,0,0.011150920829570699,-0.0012940735816462934,-0.01116489816936217
18.73057475799942,-0.8183779055146607,0.43370111097624275,1.5226013330660952,0.7553145481598114,-0.002774351051166135,0.0006375450800914437,-0.031695246227963256,-0.05962710361641939,2.7951949702151935,-0.8164138355100874,0.36527717219143785,1.5,0.07208684502857761,10940.308360973542,10717.595524344115,10968.154353856884,10718.175709101959,0.0,0.0,0.0,0.0,0.0,0.0,nan,0,0.006122097042308483,0.0019033956124069329,0.0225249741583029
18.74088561699955,-0.8385175329506528,0.43647855260585083,1.4892239199008244,0.7818055509825862,0.016467804868897706,-0.03875404662006702,-0.03339037498227778,-0.057867105493233734,2.804839765900199,-0.8164138355100874,0.36527717219143785,1.5,0.07532817478052856,10875.923228352194,10659.107020757356,10925.027984743969,10668.940735109269,0.0,0.0,0.0,0.0,0.0,0.0,nan,0,-0.0067075905402157465,0.0024676117980621526,-0.010865533552881779
18.751352491000034,-0.8474472908791026,0.4428037734836629,1.5029110110760662,0.7641852943079136,0.0012887263987829134,-0.034186785748289386,-0.03429264852720319,-0.058170886952242803,2.805931873992233,-0.8327605515181081,0.36940566531826907,1.5,0.07490965612523941,10906.537808545336,10673.278494491262,10942.915483870147,10695.002707355427,0.0,0.0,0.0,0.0,0.0,0.0,nan,0,-0.008374421696902501,0.006628635434467733,0.0028153768794267897
18.761495152999487,-0.8571954309189449,0.45428813889260883,1.5030963498456682,0.7536173083343953,0.014422357955387932,-0.04474071945517708,-0.03411397863342719,-0.05880813589774244,2.810629508837099,-0.8327605515181081,0.36940566531826907,1.5,0.08838373738306551,10907.289053754861,10668.82462580575,10942.507440469068,10699.964448220091,0.0,0.0,0.0,0.0,0.0,0.0,nan,0,-0.010906272164566966,0.015998532861882964,0.002999516582670392
18.771958917999655,-0.8583256827425572,0.4457251797847601,1.503452719596397,0.7160034745822246,0.012555179603903677,-0.014708257562441027,-0.03553119606609904,-0.05607288098341591,2.827802450043794,-0.84893895298607,0.37327650172899357,1.5,0.07313578412898007,10918.366190589586,10669.748341843648,10954.531825569979,10706.777517378016,0.0,0.0,0.0,0.0,0.0,0.0,nan,0,-0.004866441218224216,0.005371497502877187,0.0033589314083641852
18.782210245999522,-0.8653100531703627,0.4515976445701278,1.5138976078312798,0.7161651787963157,0.036818599406887476,-0.034673881047999365,-0.038621547517800225,-0.05709135160800079,2.8168217844800547,-0.84893895298607,0.37327650172899357,1.5,0.08121180850478302,10899.341942457275,10667.256710062584,10938.269931022398,10686.643504257765,0.0,0.0,0.0,0.0,0.0,0.0,nan,0,-0.0047264438052003754,0.009230887924104314,0.01381181631243078
18.794146100000034,-0.8557438879103844,0.45060248277923975,1.4955935814369303,0.7561777103208477,0.052838858979965875,-0.059719041325850264,-0.03240342853468755,-0.05661310445470373,2.8313299903601865,-0.8650033168076342,0.3769006158810265,1.5,0.07441181849906726,10902.279544734602,10662.342486883108,10937.461579066308,10667.005090799683,0.0,0.0,0.0,0.0,0.0,0.0,nan,0,0.011918912062721887,0.006274226520185278,-0.004477471108926823
18.80319624599997,-0.8724984075268656,0.4618549188308282,1.4904721425247676,0.6743934745930873,0.023475924220476174,-0.09858297862640145,-0.03914563448337749,-0.059029557016962275,2.8431212444227785,-0.8650033168076342,0.3769006158810265,1.5,0.08581485910169946,10938.749470073784,10694.29603749721,10958.556447173618,10695.795973935084,0.0,0.0,0.0,0.0,0.0,0.0,nan,0,0.0021987714331934693,0.01561753740889027,-0.009579716262694937
18.813381672000105,-0.8839669040285111,0.45643006261030694,1.4913163751253569,0.7069291616516468,0.05069636537737532,-0.06831534053893343,-0.04037148972182445,-0.056932909084962235,2.8360788814253732,-0.8809100267403219,0.38026591494461576,1.5,0.07671849339865701,10985.3859323309,10760.439710470546,11020.87594985799,10734.217168579897,0.0,0.0,0.0,0.0,0.0,0.0,nan,0,-0.0022800114972997276,0.00833702575578349,-0.008719418566616843
18.824046304999683,-0.88652426926811,0.4427466932453086,1.5123497110538329,0.6870075978195991,0.04290623864143006,-0.044081422892059755,-0.03895027937717253,-0.049875900512833714,2.8471409354138992,-0.8809100267403219,0.38026591494461576,1.5,0.06393655245111604,11012.398321051387,10781.241628135427,11032.945107016507,10745.693140481008,0.0,0.0,0.0,0.0,0.0,0.0,nan,0,0.0021078790231339184,-0.007147487785738149,0.012320540483369058
18.834173540999473,-0.900791512642563,0.4546815743772835,1.4967488026675655,0.686060957931554,0.024728905341704632,-0.033559332668922144,-0.040055046143642754,-0.05597953546846945,2.85727864113793,-0.8966850416496119,0.38337600116548803,1.5,0.07149767939711822,10997.778170951382,10758.861579704238,11014.698475760219,10719.29541206817,0.0,0.0,0.0,0.0,0.0,0.0,nan,0,-0.005258073177009437,0.0030414421966838967,-0.003282788704250139
18.844448079999893,-0.900157707380383,0.448143682167682,1.4923059188651284,0.6910354281430635,0.06195996589266145,-0.06883755199081498,-0.04448744500176075,-0.052001570292258624,2.8521972142364325,-0.8966850416496119,0.38337600116548803,1.5,0.0653154713233367,10986.25107993438,10750.1960028367,11005.0502139265,10708.337608331365,0.0,0.0,0.0,0.0,0.0,0.0,nan,0,0.0022336515868432993,-0.005186662286912613,-0.0077343715486752895
18.855143179999686,-0.9141111105997146,0.4754078334055037,1.5053079103405769,0.717245899597894,0.04731155123301728,-0.019640127639274113,-0.047599135195669745,-0.05722794686872895,2.8637626787889583,-0.9122559243197162,0.3862157515817209,1.5,0.08936913946311367,11027.741683235778,10772.506827377003,11023.93216718167,10722.463497693414,0.0,0.0,0.0,0.0,0.0,0.0,nan,0,-0.004904775390320304,0.020443785631557743,0.005251257625893624
18.865098435999244,-0.9219660902638651,0.44310314889299907,1.489179116189931,0.7045240718234373,0.018206057848993207,-0.04558068356597368,-0.049129361521936296,-0.05292981817514077,2.8743745212651155,-0.9122559243197162,0.3862157515817209,1.5,0.05871588219506831,11006.909726260152,10733.609113029983,10983.839021892069,10697.698527232977,0.0,0.0,0.0,0.0,0.0,0.0,nan,0,-0.005987203751555703,-0.013437459785947237,-0.010900703725878369
18.875663787999656,-0.9202249890047816,0.45595368616853005,1.5026957005706272,0.7008064198422128,-0.0007673709168937171,-0.0037154665081614788,-0.04627860913164675,-0.05095152358337422,2.8844198159564898,-0.9277058922873778,0.38879928476558046,1.5,0.06762354873325206,11027.540237524458,10737.311112722728,10993.507098166232,10713.389582122027,0.0,0.0,0.0,0.0,0.0,0.0,nan,0,0.0024845634173150666,-0.002105759256640305,0.002587466715875175
18.886047076999603,-0.9396849500183785,0.46555860920063713,1.5002729372796755,0.6622588125852367,0.019968940079335418,-0.06933915548132873,-0.04762470846506895,-0.05238665263825116,2.885645587087272,-0.9277058922873778,0.38879928476558046,1.5,0.07768890658651062,11027.540237524458,10737.311112722728,10993.507098166232,10713.389582122027,0.0,0.0,0.0,0.0,0.0,0.0,nan,0,-0.010286076331298522,0.006038593391768099,0.0001330405599218043
18.896306857000127,-0.9230245123635794,0.4550870048270591,1.5072765046972862,0.6586803787207388,0.0236575964974004,-0.06731185462865255,-0.048173215858368895,-0.0500558988429862,2.8967648456320445,-0.9429983797746875,0.391118387843588,1.5,0.06740835896789198,11014.260087081226,10719.7108173046,10999.81752387153,10711.89192072842,0.0,0.0,0.0,0.0,0.0,0.0,nan,0,0.01302280024291358,-0.005834684668757417,0.00710209009759466
18.90664985500007,-0.944507387357527,0.47828440070331374,1.4740628016098085,0.7017455790915197,0.01864946019314312,-0.05715827455610609,-0.05322781679326865,-0.05194391321995888,2.8990480173313897,-0.9429983797746875,0.391118387843588,1.5,0.09095564392647162,11021.5332058404,10736.599597544713,11013.339215121401,10718.416792143269,0.0,0.0,0.0,0.0,0.0,0.0,nan,0,-0.0018522098609841109,0.016020780197472495,-0.02615225162784318
18.91696157699971,-0.956801370872598,0.483280442798874,1.5209981115415114,0.6315968124924128,0.02939552400864745,-0.09235965006371524,-0.0500261098985988,-0.05281000521365654,2.9068432059608407,-0.9581197502052906,0.3931700617827066,1.5,0.09253399148017712,11064.139203761646,10755.139776774397,11043.20813615058,10755.131485096967,0.0,0.0,0.0,0.0,0.0,0.0,nan,0,-0.007578628442611257,0.019735525253380848,0.020732335776093347
18.927448448999712,-0.9717269062783093,0.4697624534465987,1.485865813434152,0.6633541994828986,0.05862684345459432,-0.0038799525346065386,-0.050992299326233795,-0.04626697838074011,2.909944307329493,-0.9581197502052906,0.3931700617827066,1.5,0.07906531721980721,11062.089341928113,10764.886592334948,11053.54023245921,10753.512634342846,0.0,0.0,0.0,0.0,0.0,0.0,nan,0,-0.015976604838040753,0.0049977175095128334,-0.014463916699847257
18.937982409999677,-0.9694241447625008,0.46745393568615484,1.4910800442371972,0.6478023494764057,0.05161216179639358,-0.006831614234001138,-0.052244991859959976,-0.04466530843411337,2.923223580428633,-0.9730925631394571,0.3949562332025718,1.5,0.07313644624670299,11056.301498833218,10733.618691679869,11025.092111666521,10727.148541251574,0.0,0.0,0.0,0.0,0.0,0.0,nan,0,-0.007185824774035066,0.0015313991442132413,-0.009325025044510937
18.948637177999444,-0.9659963884490675,0.4497533574450393,1.4817504220498605,0.6430160246584925,0.05451805604890475,-0.04207785896446816,-0.05137849056746065,-0.0432307008334535,2.9254179406201812,-0.9730925631394571,0.3949562332025718,1.5,0.05819044265031127,11041.533430698724,10718.096943205752,11000.891292371496,10707.009584553112,0.0,0.0,0.0,0.0,0.0,0.0,nan,0,0.002690929427231703,-0.017264549820068642,-0.018737573470262392
18.958579939999254,-0.9735281615564566,0.461862401203694,1.497765246879026,0.650448736310164,0.023123627601966595,0.06342912924939394,-0.05825148715100513,-0.048327099100213405,2.9293274100264517,-0.9878832460373557,0.3964720521662562,1.5,0.06698477677206512,11069.733054685712,10737.012232165165,11023.06117858941,10718.883593326607,0.0,0.0,0.0,0.0,0.0,0.0,nan,0,0.0015694853191451363,-0.006187788616968171,-0.002813530529845343
18.969408278999254,-0.9691145942656112,0.47709588767156896,1.4850098556041362,0.6913831327781635,0.06151967976830375,-0.04656310932394516,-0.05615666369834075,-0.045720476268630135,2.937913991168552,-0.9878832460373557,0.3964720521662562,1.5,0.08412591497229367,10995.123967953452,10655.738006827281,10950.547112460512,10640.210561832486,0.0,0.0,0.0,0.0,0.0,0.0,nan,0,0.01235524770812746,0.00807678072967638,-0.015662049353997176
18.97979579799994,-0.9731609262980916,0.4919257031879389,1.501325095461054,0.6383781101381836,0.024906597628675364,-0.03167553720680949,-0.054579971963914536,-0.04721239134510403,2.9451077911898262,-1.0025382747629499,0.3977210991821155,1.5,0.09868785080596602,11045.858470613388,10678.672054314391,10982.777733153007,10679.168035664909,0.0,0.0,0.0,0.0,0.0,0.0,nan,0,0.014643409539728092,0.02200145106419016,0.0005609879907146897
18.989666648999446,-0.9941199766901785,0.4752082417764661,1.492269183035739,0.6270993257714489,0.05909092759477895,-0.00043072950156690035,-0.058501545069549694,-0.04457844318056011,2.956671180366203,-1.0025382747629499,0.3977210991821155,1.5,0.07832554207162662,11035.41753881198,10674.229128171799,10995.040509905495,10681.728816472885,0.0,0.0,0.0,0.0,0.0,0.0,nan,0,-1.8667115603610007e-05,0.004443422766549576,-0.008589318472710161
19.000117907999993,-1.006002343480694,0.47253140468473825,1.5260419120736122,0.6440403391079171,0.045598384768687605,-0.04011533164599331,-0.05970726012825404,-0.04607981624983836,2.9648337447808877,-1.0169821332881261,0.3986965302612744,1.5,0.07905900106751804,11028.448939702563,10664.454282738152,10985.904174910971,10661.181458085826,0.0,0.0,0.0,0.0,0.0,0.0,nan,0,-0.005641277016293245,0.0009911215165025467,0.02508794959349303
19.010755202999462,-1.0125105036098085,0.4713833628299089,1.5248656799838762,0.6247754148021851,0.038391654766647826,-0.033223428391188074,-0.05853937376279543,-0.04520355630429335,2.975113303466913,-1.0169821332881261,0.3986965302612744,1.5,0.07695240829175692,11020.583013129897,10650.432857576829,10967.218414594538,10650.025550143271,0.0,0.0,0.0,0.0,0.0,0.0,nan,0,-0.005926579013497024,-0.000866839809658071,0.023817444568710044
19.020857346999946,-1.0063241248091426,0.45315365581594064,1.4999016568612669,0.6175939208478943,0.04833207678809312,-0.02143614257318331,-0.06087515872861278,-0.0436700693848967,2.9705711939233703,-1.0312748803021698,0.3994024064709037,1.5,0.059259992213955795,11020.583013129897,10650.432857576829,10967.218414594538,10650.025550143271,0.0,0.0,0.0,0.0,0.0,0.0,nan,0,0.00644605408394705,-0.019740495581597073,-0.0012373409984178796
19.031345476999377,-1.023255143777928,0.45585977903925806,1.5060216674549614,0.6674153605912719,0.03345535968953131,0.018991937337887472,-0.06081856234783924,-0.04240811737557689,2.9903374301570453,-1.0312748803021698,0.3994024064709037,1.5,0.057341185636315295,11018.721710335916,10645.587284614372,10968.211032070765,10632.50720642625,0.0,0.0,0.0,0.0,0.0,0.0,nan,0,-0.004335108399615928,-0.01761181114960858,0.004795895826968266
19.041805353999735,-1.0417336737403886,0.4963124266331529,1.4977494379314003,0.5941348733948884,0.004928092569852549,-0.07296250976753275,-0.0668198202900064,-0.04664610469425885,2.9982435065153408,-1.0453760371018141,0.39983623267959634,1.5,0.09657115428659604,11001.393707318664,10601.369055401638,10934.42580043939,10611.117501245995,0.0,0.0,0.0,0.0,0.0,0.0,nan,0,-0.016699939688629817,0.022330317394440802,-0.003556927851329439
19.05275228299979,-1.0197431634721406,0.475966341107491,1.4998596228762686,0.5641328160862173,0.006527038914098948,-0.05032601056309341,-0.06409891252228422,-0.044019100257549945,2.999950901383403,-1.0453760371018141,0.39983623267959634,1.5,0.08032967898289321,11039.491974658744,10653.82355447837,10995.1768984936,10666.101316711274,0.0,0.0,0.0,0.0,0.0,0.0,nan,0,0.011368172196945858,0.0015413386394479422,-0.001523453042865608
19.062847963999957,-1.0385052716853351,0.46008138144110494,1.515803847934829,0.5936119620131767,0.0659596356751633,-0.03070923984377778,-0.06660716885565521,-0.04273530742858775,3.019022081356909,-1.059320826006219,0.39999872598364883,1.5,0.0655207936311233,11046.478842256285,10675.726024723625,11038.508799760662,10672.725473032915,0.0,0.0,0.0,0.0,0.0,0.0,nan,0,-0.0013525334942721123,-0.014717911342685741,0.014341650937936379
19.072879608999756,-1.061288984041163,0.4685709263735794,1.484147917979856,0.6088898527590044,0.07342596558299637,-0.014276648751803728,-0.06729077165844044,-0.043717918885093736,3.013541464312979,-1.059320826006219,0.39999872598364883,1.5,0.07040815873704326,11042.00821974943,10675.94763449308,11009.841307543256,10649.941491190306,0.0,0.0,0.0,0.0,0.0,0.0,nan,0,-0.018130962360164204,-0.006533490005859122,-0.017396173459265585
19.083113568000044,-1.0578019851285152,0.4742433292443555,1.5131729709947543,0.6074179371362286,0.0342643591849285,-0.04682087118329402,-0.06665099364851233,-0.03839448021243725,3.029239919227728,-1.073068580193588,0.39988921124641885,1.5,0.07703980109632055,11068.598090210087,10677.858449071853,11012.999273219693,10653.408192132903,0.0,0.0,0.0,0.0,0.0,0.0,nan,0,-0.00867470580673979,-0.0010965429481049616,0.011544623317101488
19.09378197499973,-1.0510467677852562,0.47765425059285416,1.5327744266244698,0.6099734570494173,0.07678397741539918,-0.0364105887756099,-0.06643282344049607,-0.042709346013059105,3.031249337442,-1.073068580193588,0.39988921124641885,1.5,0.08721539202952162,11073.021541289801,10671.921143351463,11014.224395428708,10668.67902552763,0.0,0.0,0.0,0.0,0.0,0.0,nan,0,0.004013768980800192,0.0021491800011863016,0.03105837455553706
19.103887121999833,-1.0703910676575055,0.494405789160929,1.4899673369405806,0.5929537456153889,0.05865621795743868,-0.0025999154682246096,-0.06707845861264146,-0.03950039537006036,3.0437717207221073,-1.0866360827437953,0.3995080538093516,1.5,0.09679945773647515,11058.486592280457,10641.529310530079,10994.761614121431,10636.437926885625,0.0,0.0,0.0,0.0,0.0,0.0,nan,0,-0.009433168323320196,0.018806129986075615,-0.01183788556701404
19.114308673999403,-1.0546291545468023,0.4693705339913421,1.5187788993423796,0.5827494991568513,0.02319010770524506,0.015927687811229767,-0.06954272152769574,-0.04009473213141126,3.0506676437166176,-1.0866360827437953,0.3995080538093516,1.5,0.07910661571763582,11056.867579293574,10638.833084996782,10998.019177095914,10641.572562099342,0.0,0.0,0.0,0.0,0.0,0.0,nan,0,0.012190293002783292,-0.0062527729807488885,0.01688506742684215
19.124711847999606,-1.085320566786215,0.4892594513395381,1.5015521213743777,0.5805672600034737,0.08055537076822922,-0.04383044202070177,-0.07074637332044788,-0.037485974262460156,3.060434911221132,-1.1000385066095018,0.39885435401191977,1.5,0.09160845188201158,11013.416953219301,10590.494675815748,10973.02575312144,10595.568982536974,0.0,0.0,0.0,0.0,0.0,0.0,nan,0,-0.012675272859184128,0.013683622644700133,-0.0004259907516006578
19.13493818799998,-1.0774101273410155,0.4835184481560723,1.5013283752677047,0.6072296009293866,0.0676802208461389,-0.005573877276751647,-0.07032214840943664,-0.04120829442805533,3.068333491315012,-1.1000385066095018,0.39885435401191977,1.5,0.0876459751866578,11013.416953219301,10590.494675815748,10973.02575312144,10595.568982536974,0.0,0.0,0.0,0.0,0.0,0.0,nan,0,0.001025291515732718,0.00806163002144994,-0.0007291399665210196
19.14545937299954,-1.093710390062887,0.46791782447427943,1.4980681668394977,0.5575125463317697,0.06640228949829857,0.031111611554341875,-0.07554000046798515,-0.03831183927845918,3.0730123376138714,-1.113240676741633,0.3979299580999646,1.5,0.07268745088901496,11052.415490848927,10612.365410268525,10994.290588728954,10617.958826860407,0.0,0.0,0.0,0.0,0.0,0.0,nan,0,-0.009520702463510888,-0.007347857240411537,-0.0040660652626480775
19.155673186999593,-1.090596764719869,0.4930868974205542,1.4807128146605766,0.6123214286813818,0.0682595472714687,-0.0543759390710051,-0.0748453295912837,-0.04172746853195888,3.0874943904750487,-1.113240676741633,0.3979299580999646,1.5,0.09969746922981056,11052.415490848927,10612.365410268525,10994.290588728954,10617.958826860407,0.0,0.0,0.0,0.0,0.0,0.0,nan,0,-0.0006886524276663586,0.0180846794435921,-0.021492537654957067
19.165975677999995,-1.1099009790104661,0.47816755444856196,1.4983967931428575,0.5774192645132352,0.05655748209796177,-0.008318677458042986,-0.07614185637235196,-0.03594497990479013,3.093104937579298,-1.1262528940946397,0.3967350588292552,1.5,0.08307350204448605,11095.188877633052,10642.791745562288,11021.56525376811,10643.747186924687,0.0,0.0,0.0,0.0,0.0,0.0,nan,0,-0.014310503778367734,0.003501759960260864,-0.0038772184844892976
19.176399910999862,-1.1046051371383252,0.4716500712669811,1.4939718985421504,0.5551327398734952,0.06981879786530001,0.059188334553426925,-0.07613519642152276,-0.03771199757858051,3.102692301479126,-1.1262528940946397,0.3967350588292552,1.5,0.07821267465679985,11090.440373122981,10632.69843755846,11014.532431149537,10644.109601255883,0.0,0.0,0.0,0.0,0.0,0.0,nan,0,-0.0033686483805253076,-0.0026056336754770593,-0.00837270730712647
19.186846888999753,-1.0835039857863342,0.47010761181533095,1.481560239661783,0.5567211252167971,0.07280334348503009,-0.032135080903065806,-0.07190332098748083,-0.037108357891257486,3.116982076380998,-1.1390634363152667,0.39527171194224675,1.5,0.09501204773196956,11044.72833033888,10585.22254206883,10976.875687394713,10582.964689980954,0.0,0.0,0.0,0.0,0.0,0.0,nan,0,0.02334217038858366,-0.0036643595723452327,-0.020851882873916372
19.19714159399973,-1.113867296529453,0.4659464964169137,1.4942327078466826,0.5761566948687223,0.05393602574938246,0.01044558592473015,-0.07805238748214899,-0.03725102560294802,3.1215614317794365,-1.1390634363152667,0.39527171194224675,1.5,0.07525312139325925,11044.72833033888,10585.22254206883,10976.875687394713,10582.964689980954,0.0,0.0,0.0,0.0,0.0,0.0,nan,0,-0.00144800299033232,-0.0072677906461453,-0.008243500710008567
19.207522783999593,-1.1068306126778493,0.4860308447151626,1.5105241783005012,0.5544153103790912,0.06662532646695975,-0.022452079435684932,-0.07532687326121912,-0.03333390051881948,-3.13585064710371,-1.1516965530832162,0.3935376919002423,1.5,0.10333776780540052,11069.671242122546,10615.41581884385,11014.670893510556,10606.356329225251,0.0,0.0,0.0,0.0,0.0,0.0,nan,0,0.011124988880322206,0.013448684172688685,0.007984913513841452
19.2183672759993,-1.1141828944337062,0.48029817330422814,1.4892793688179995,0.49150573871890396,0.07348286583131798,0.008268769281362597,-0.07574638805347493,-0.03291646607952053,-3.1324588318666184,-1.1516965530832162,0.3935376919002423,1.5,0.0951293206727758,11060.752950415395,10622.270032496719,11016.243421965706,10612.055671547821,0.0,0.0,0.0,0.0,0.0,0.0,nan,0,0.009271983790034799,0.008422797023746598,-0.013321001772599761
19.228572305999478,-1.1144300109424323,0.4750298878939884,1.5282904225752343,0.558840471080291,0.049583334998892906,-0.017563302726060527,-0.07682510866334887,-0.03538414641389755,-3.1212284887013357,-1.1641311248255817,0.3915363139377289,1.5,0.10120141116951127,11051.765069481706,10630.441094278884,11033.006768956224,10596.320164985864,0.0,0.0,0.0,0.0,0.0,0.0,nan,0,0.01448685936064309,0.003936224076015071,0.025630812587493557
19.238707534999776,-1.1342780975284656,0.48403212239307447,1.504438183431022,0.5485904537843928,0.1136790731442022,0.016905135086416362,-0.07401115656551366,-0.03481219436985441,-3.1188418643318174,-1.1641311248255817,0.3915363139377289,1.5,0.09729529943824484,11026.006702864735,10606.522131268499,11012.776262404486,10585.13034525606,0.0,0.0,0.0,0.0,0.0,0.0,nan,0,6.329065459032002e-05,0.013795193763747438,0.001723132688806528
19.24913223800013,-1.1323884566496898,0.4721401828527065,1.5049219468917365,0.5343265693661102,0.07287002298195049,0.014627516112990298,-0.07662692610871784,-0.03382497874428834,-3.1046775534843727,-1.176356893959361,0.38927074325703775,1.5,0.09394036970099567,11023.759041996545,10586.49891958896,10996.785795008538,10564.781481893631,0.0,0.0,0.0,0.0,0.0,0.0,nan,0,0.007339827713161107,0.0028349935140971616,0.002158406836179738
19.259483905999332,-1.1432547220508502,0.4713530278394575,1.5175723728998403,0.5468705121680226,0.0802571068294538,-0.0001252591989389304,-0.07865037548190897,-0.03219065819259452,-3.0966252033690345,-1.176356893959361,0.38927074325703775,1.5,0.0902332727803939,11010.609916826572,10578.045776167404,10987.94397133811,10555.939283529928,0.0,0.0,0.0,0.0,0.0,0.0,nan,0,0.001822652545307335,0.0030546179083322245,0.014769499891613469
19.26994945899969,-1.1408729345518434,0.47027562360311226,1.5041784396167586,0.5197707598138879,0.10806621313771675,0.01353872391403298,-0.07844828767579497,-0.03101003878502664,-3.0868468936906184,-1.18840145329436,0.38673672536871695,1.5,0.09620377835462242,11010.983994195887,10559.73899154274,10981.891690884437,10551.01223879755,0.0,0.0,0.0,0.0,0.0,0.0,nan,0,0.009515512112460156,0.0030591012795423422,0.0013469319989616313
19.280419617000007,-1.1548699955779165,0.4772464158036385,1.5033576036885912,0.5137780977135666,0.06172319239538138,-0.03320836161680012,-0.08256409354494385,-0.02929930717365492,-3.0740053657214412,-1.18840145329436,0.38673672536871695,1.5,0.0965796884533421,11012.113325918994,10565.51733337734,10976.82386551986,10542.826544272444,0.0,0.0,0.0,0.0,0.0,0.0,nan,0,0.0007912592227046211,0.011186998070939147,0.0005089456526188307
19.290737293999882,-1.160273512043677,0.46170729819906525,1.499702179996832,0.5418183828129371,0.10584476856324049,-0.02956690009340659,-0.08286173337692539,-0.03107941921546079,-3.0569201502089336,-1.2002217833312614,0.3839447448707327,1.5,0.08742406862965425,11043.813256187343,10590.823908477316,11017.96008872395,10579.03326187915,0.0,0.0,0.0,0.0,0.0,0.0,nan,0,0.0006218937923150314,-0.0031194125064193945,-0.003155141954388485
19.301003880999815,-1.1560888604510702,0.4758952423334279,1.493322851810272,0.52412150855466,0.12797640862678242,-0.04484693400985146,-0.08075030663533259,-0.029473903748897832,-3.0522888213946153,-1.2002217833312614,0.3839447448707327,1.5,0.10221151194231308,11077.003303505666,10621.893144972248,11023.512608116109,10604.455475429742,0.0,0.0,0.0,0.0,0.0,0.0,nan,0,0.010001558820411205,0.012377373835832761,-0.009539763306910531
19.311736433999613,-1.1895102521710437,0.45844327417879344,1.52386738617776,0.5114902007026125,0.12586110035158493,-0.013902650250117212,-0.08331915899296145,-0.028293249297795278,-3.038619888172573,-1.2118593158021786,0.3808864684481666,1.5,0.08416763560469694,11120.169994543374,10658.658939070194,11057.365884056122,10631.589907174852,0.0,0.0,0.0,0.0,0.0,0.0,nan,0,-0.01826445917166386,-0.0036890858984903185,0.020997487593863884
19.321940871999686,-1.165298216782067,0.4594619918893018,1.4906712894090859,0.5405180648164795,0.08741691599580603,-0.06897354051698787,-0.08065825275325375,-0.03072237544289852,-3.0325655069076998,-1.2118593158021786,0.3808864684481666,1.5,0.09180998675143175,11102.719847186774,10638.438753249324,11022.208849640003,10606.527129649145,0.0,0.0,0.0,0.0,0.0,0.0,nan,0,0.011062970623979762,-0.001208056239916433,-0.01220861326931999
19.332152563999443,-1.1970952564200126,0.4550239845811726,1.5020473850719414,0.5325354031537495,0.13799467630093432,-0.0009433104786956909,-0.08191236154603179,-0.03237754913133148,-3.0238059737378693,-1.2232704872227527,0.37757488247273474,1.5,0.08177834622082276,11152.836161930087,10678.555209176317,11078.152291833723,10659.828632526398,0.0,0.0,0.0,0.0,0.0,0.0,nan,0,-0.015659076639449987,-0.004106701560084025,-0.0008478093591637315
19.34245441099938,-1.1823916497510771,0.4499896366121868,1.4925615422507066,0.4932256670401021,0.09071512258084219,0.047924206738018935,-0.08247324349255128,-0.02872411335832968,-3.007957809829842,-1.2232704872227527,0.37757488247273474,1.5,0.08348836220576482,11152.836161930087,10678.555209176317,11078.152291833723,10659.828632526398,0.0,0.0,0.0,0.0,0.0,0.0,nan,0,0.004078696351704103,-0.007524452845323826,-0.010356490784790173
19.353010293999432,-1.2058789878572438,0.45016725521091727,1.522113201980587,0.5339828971573116,0.10311504945502009,0.02723245994608499,-0.08063975642577954,-0.029924956516657653,-2.988943965975788,-1.2344875390086618,0.3740025883048865,1.5,0.08431191722244348,11092.530762979419,10617.68964589922,11019.423715206383,10590.621627230288,0.0,0.0,0.0,0.0,0.0,0.0,nan,0,-0.014415429296236626,-0.005653488004151386,0.019170512404494522
19.363260258000082,-1.179959620090729,0.4534136406857996,1.5147010473291564,0.5202258726849116,0.09282060969839961,0.0024673017660282546,-0.08407636542949383,-0.025790363246708168,-2.9887801091827266,-1.2344875390086618,0.3740025883048865,1.5,0.09744501000225145,11047.483217402316,10570.57433478923,10971.60330145124,10559.315522167486,0.0,0.0,0.0,0.0,0.0,0.0,nan,0,0.01645613390997891,-0.0006376754251058436,0.01173943392719301
19.373555963999934,-1.197279518241775,0.45169735586904985,1.4968279246454896,0.5343304204008551,0.08749127203299673,-0.05186457053194475,-0.08250824755548397,-0.024085047660592312,-2.9778556001546375,-1.2454928791716005,0.3701765022888919,1.5,0.09476412719295137,11041.081461758982,10556.997373193764,10977.91134445222,10556.256716475824,0.0,0.0,0.0,0.0,0.0,0.0,nan,0,0.004047208881164943,-0.0005088842223781587,-0.00614278164819293
19.383750047999456,-1.2248292364320825,0.4542788982524545,1.5229737108959718,0.5079293083007701,0.1133599574378708,-0.003281436650165166,-0.08682127907887954,-0.026551463420184246,-2.961487585484347,-1.2454928791716005,0.3701765022888919,1.5,0.08959905429417209,11041.081461758982,10556.997373193764,10977.91134445222,10556.256716475824,0.0,0.0,0.0,0.0,0.0,0.0,nan,0,-0.018633319703965645,0.00399359897160062,0.019999214373872087
19.39468187700004,-1.1973631809458232,0.46704473418140136,1.5143324739945863,0.49265747249205755,0.14135834745363657,-0.013002930955205888,-0.08394412334978683,-0.025969888495687377,-2.947410379678139,-1.2562799690740807,0.36610122392333805,1.5,0.11775483003841163,11071.97897937952,10576.682156333207,11011.740602924945,10598.400415107028,0.0,0.0,0.0,0.0,0.0,0.0,nan,0,0.013659644499577794,0.01875627559137799,0.011356910906637374
19.405110538999907,-1.2266800760369136,0.44954928737303346,1.5297499884192811,0.524408545349965,0.09464939970230457,0.0251609668986705,-0.08585200140378041,-0.023907990343107154,-2.933450539942268,-1.2562799690740807,0.36610122392333805,1.5,0.09340660989599976,11071.97897937952,10576.682156333207,11011.740602924945,10598.400415107028,0.0,0.0,0.0,0.0,0.0,0.0,nan,0,-0.010872960084922667,0.0033332396815611287,0.026777823873775475
19.41531118199964,-1.2212949663987636,0.43857477644317644,1.480347527549431,0.47888782379137096,0.16100728397684544,-0.016520156775798274,-0.08524273562255706,-0.026801106547152377,-2.9270083193567578,-1.266883962081335,0.36176442463476827,1.5,0.09145712845753097,11025.310598917451,10537.362494282212,10973.4629885264,10560.35594720847,0.0,0.0,0.0,0.0,0.0,0.0,nan,0,-0.0007464373878065533,-0.005493807999046529,-0.02261295646680872
19.425784334999662,-1.2412249065963334,0.412820243456744,1.4916995710772447,0.4937466203739343,0.12674886942653724,0.018151874124186375,-0.0828292978184728,-0.022254390697748226,-2.91026254002784,-1.266883962081335,0.36176442463476827,1.5,0.057740634602215055,11025.310598917451,10537.362494282212,10973.4629885264,10560.35594720847,0.0,0.0,0.0,0.0,0.0,0.0,nan,0,-0.01597829949071161,-0.029026013010019613,-0.011241686883859847
19.43679535499996,-1.220505958878115,0.43682243088776174,1.5047574311645395,0.5017524868554375,0.11935697561215791,-0.0024545133998481513,-0.08732041324203266,-0.020138225175388415,-2.89609531243597,-1.277221725820846,0.3572032987191307,1.5,0.09786990128979105,11077.326970200975,10600.623744272056,11006.273287075155,10588.06787549596,0.0,0.0,0.0,0.0,0.0,0.0,nan,0,0.009394798053453224,-0.0027266122050355612,0.0018391582504202475
19.446673550000014,-1.2118335439911425,0.4371168055061573,1.493025753790414,0.4772721256155094,0.07266922174949891,-0.009617368702640539,-0.08371008599031614,-0.022542050763702404,-2.881331966123767,-1.277221725820846,0.3572032987191307,1.5,0.10349117353758454,11072.525334911217,10606.55429589343,11005.207516251627,10597.576934127968,0.0,0.0,0.0,0.0,0.0,0.0,nan,0,0.022676993718580674,-6.0442830053686336e-05,-0.009865860674763027
19.457066178999412,-1.2431170529795397,0.44452937404845444,1.4899503251658288,0.4957580139887646,0.0866760693607273,-0.03199154234174474,-0.08222169635018578,-0.02346819931148516,-2.8663597281120454,-1.28740463431672,0.3523704187118062,1.5,0.1027407361941322,11068.655741489943,10620.730924643522,11041.044176551502,10615.185333980717,0.0,0.0,0.0,0.0,0.0,0.0,nan,0,-0.0040416167652341795,0.009798286625533614,-0.012912658187772097
19.467225008999776,-1.2463839332311004,0.44224986546738076,1.4889908403270047,0.4844617321332591,0.08644803579289734,-0.014455839460361008,-0.08340822202966663,-0.024853908142659253,-2.8658090760506343,-1.28740463431672,0.3523704187118062,1.5,0.09940932784879608,11068.655741489943,10620.730924643522,11041.044176551502,10615.185333980717,0.0,0.0,0.0,0.0,0.0,0.0,nan,0,-0.002789103978357632,0.010039253619511745,-0.013845752696050928
19.47735552999984,-1.264012826401593,0.4370593601712965,1.5015742314306082,0.5198854076057935,0.08530965027695908,0.020518315902461517,-0.08289410831713633,-0.02081528023456069,-2.848691728531821,-1.2973064829216663,0.34732817342080335,1.5,0.09572163624137231,11083.835232130334,10649.250898652184,11074.150269140382,10658.836003356442,0.0,0.0,0.0,0.0,0.0,0.0,nan,0,-0.01594470340083065,0.007443419349101366,-0.0012418031362579907
19.48808874199949,-1.2517843327636604,0.4330603310325434,1.4610637433940639,0.5003287313999778,0.12345118023514168,0.0016065927128452564,-0.09017446799689856,-0.018605256440955315,-2.825727044929946,-1.2973064829216663,0.34732817342080335,1.5,0.10458633315235587,11058.347499175376,10612.02507022756,11065.732469471966,10660.455444127716,0.0,0.0,0.0,0.0,0.0,0.0,nan,0,0.0007106311876596827,0.006112722320143205,-0.04173585207882491
19.49861428799977,-1.253697708264835,0.423709220741529,1.491213014969714,0.49305187784021587,0.13317127284563118,0.02707871672982394,-0.08685878078944358,-0.02170398518364186,-2.8234725872974793,-1.3070177598297934,0.34203473264015644,1.5,0.09793345195301519,11100.1017763949,10651.991532329825,11085.677526731612,10689.399903518377,0.0,0.0,0.0,0.0,0.0,0.0,nan,0,0.0031771834327145587,-0.0004967511545897474,-0.01157493597090542
19.508959334999417,-1.261262554847946,0.44095287957847334,1.522201369919932,0.5438784229292024,0.1186274892753969,0.03544007540193217,-0.08706809435339191,-0.016967425890425523,-2.8066809206114596,-1.3070177598297934,0.34203473264015644,1.5,0.11122607339541837,11078.953762073967,10638.556749700236,11052.86742608388,10660.849401480624,0.0,0.0,0.0,0.0,0.0,0.0,nan,0,-5.510735145364265e-05,0.01956147930266211,0.019419701282116675
19.519386218999898,-1.2646432742591829,0.4087357361228755,1.497372409857857,0.5154897662570981,0.14787462337745022,0.04637687774240939,-0.08683500420875849,-0.014184810339779285,-2.7900128678080094,-1.316529887542432,0.3364945520948135,1.5,0.08898265863490964,11036.427391118963,10572.575248298608,10998.345725883637,10624.234551474568,0.0,0.0,0.0,0.0,0.0,0.0,nan,0,0.0008492347869100136,-0.009769092865382911,-0.005401556136105157
19.52936526799931,-1.2647797136511278,0.41162005439987837,1.5071254766021496,0.5086347750472213,0.1309430131683068,-0.027352244187697234,-0.08434539172047736,-0.01641856197773971,-2.77726443439906,-1.316529887542432,0.3364945520948135,1.5,0.09150242625841301,11025.404471280937,10561.188259977986,10958.590956804434,10606.398711461941,0.0,0.0,0.0,0.0,0.0,0.0,nan,0,0.004950212030881307,-0.0039271072622164005,0.004366827917091198
19.539727206999487,-1.2851929714226533,0.4085390067341935,1.4859437616419837,0.4826732190753227,0.13932112143764347,0.04435969228521919,-0.08722151875720346,-0.017059450386971212,-2.7587153754933187,-1.3257505768685682,0.3307667763208292,1.5,0.0888313965878805,11051.58724358104,10590.340508746807,10987.04880333426,10632.624051140474,0.0,0.0,0.0,0.0,0.0,0.0,nan,0,-0.011273764428600952,-0.003979790479133161,-0.016792814998562333
19.55020354899989,-1.2806410530757921,0.41324003072273474,1.5143605167453098,0.49309112020764007,0.14789357734409414,-0.0357507110447897,-0.09154254843223125,-0.013861951490109865,-2.7493334129991935,-1.3257505768685682,0.3307667763208292,1.5,0.09509432827274607,11033.974316050748,10595.054905001387,10970.065543203105,10619.691763838837,0.0,0.0,0.0,0.0,0.0,0.0,nan,0,-0.0025812266805484985,0.0038199052136899114,0.011651394906848633
19.56046427399997,-1.2995464912971137,0.39742411437566433,1.5019904104094104,0.5166070742951325,0.13021656078890304,0.012305411569949229,-0.08448673039635803,-0.01655661337301589,-2.734696795787121,-1.3347861844544697,0.3247898929775431,1.5,0.08075597702668068,11061.081029240951,10624.176137492866,10989.101123344462,10640.437122803361,0.0,0.0,0.0,0.0,0.0,0.0,nan,0,-0.017395241480772095,-0.008827457910377923,-0.0006872071773800226
19.570817395999256,-1.2927480253644443,0.3977320309001619,1.5027819891034095,0.5114306263104759,0.13845720525408,-0.03809593618006114,-0.08602026714869661,-0.011078624609725966,-2.7207663177565844,-1.3347861844544697,0.3247898929775431,1.5,0.08423480140519188,11049.103077856382,10615.442759951506,10975.950639161,10645.494998186461,0.0,0.0,0.0,0.0,0.0,0.0,nan,0,-0.006555088680330945,-0.005281562185200039,0.0001385196666252586
19.581337159999748,-1.2957754584872057,0.4077323614427336,1.5041417820728709,0.49126904034203084,0.13997643992228553,0.00549141240197305,-0.08716994156276997,-0.015200746664497439,-2.7033670772260407,-1.3435974258571952,0.3185903642940141,1.5,0.10124421256317725,11079.497173593174,10643.785511999968,11006.377914951858,10683.079485329949,0.0,0.0,0.0,0.0,0.0,0.0,nan,0,-0.0055911642296870845,0.008025748856241521,0.0015327364126622722
19.591772879999553,-1.2889109508352792,0.381100985542595,1.5258278070728328,0.5007362818183664,0.14698268129563008,-0.04962719008158557,-0.08821061092616837,-0.01987708383583145,-2.694236908303855,-1.3435974258571952,0.3185903642940141,1.5,0.08697852572559307,11057.123930437827,10646.121166180887,10995.998003777087,10672.17160928271,0.0,0.0,0.0,0.0,0.0,0.0,nan,0,0.005213802255728428,-0.015230149110076419,0.02325168270563216
19.602086253999914,-1.307503785381337,0.3905888201266011,1.4873590478058476,0.5027502712168972,0.13926977884335134,-0.021478612525534888,-0.08308982441894221,-0.013570627540991084,-2.676066605979418,-1.3521792323589512,0.31217481545142123,1.5,0.09112872963134955,11066.315256460093,10664.44764351716,11003.402222691042,10671.825991562564,0.0,0.0,0.0,0.0,0.0,0.0,nan,0,-0.009489952598771279,-0.0022990112410996577,-0.015185584066133462
19.61239425399981,-1.3165705403244505,0.383656367984237,1.4909179314872998,0.4898385228548305,0.1226270378166836,-0.008588782428239098,-0.08414093991233121,-0.013461313888530509,-2.6635623948129816,-1.3521792323589512,0.31217481545142123,1.5,0.08037459343212255,11079.336906912227,10693.057656935523,11024.997072800645,10706.705568031655,0.0,0.0,0.0,0.0,0.0,0.0,nan,0,-0.014719641541285577,-0.005720820530954962,-0.011599710625830317
19.622729206999793,-1.303626796454439,0.3781840610474195,1.5095112320425441,0.4855217215396751,0.18413865441155164,0.0038618912852331315,-0.08588601005238969,-0.009185182154986492,-2.645745087889151,-1.3605277779624103,0.30554967551328505,1.5,0.09275742123118175,11075.959083627022,10695.234067333618,11038.060614686903,10716.64539323521,0.0,0.0,0.0,0.0,0.0,0.0,nan,0,0.0020085484291620936,-0.007615697271072697,0.007013420752530974
19.633150458999808,-1.3099884938137731,0.38270282616652457,1.5244575887354037,0.5103182821362182,0.15826027403869714,0.027585597874257607,-0.0869043003756889,-0.012962940485684107,-2.6336376717325076,-1.3605277779624103,0.30554967551328505,1.5,0.09542013175807457,11056.14386828183,10691.924896831495,11003.704601907095,10692.191721612036,0.0,0.0,0.0,0.0,0.0,0.0,nan,0,-0.0006217082991868406,0.000546418602809573,0.02197390060847848
19.643522853999457,-1.3203897616261953,0.3871669143209883,1.5007505298968837,0.49447336379277285,0.12107077091636365,0.025032618754428138,-0.08397692362115683,-0.011277077513091819,-2.6179946421580613,-1.3686490890749017,0.29871349212741793,1.5,0.10076474521717205,11010.583980012369,10645.846245732591,10953.69702134771,10647.25428971021,0.0,0.0,0.0,0.0,0.0,0.0,nan,0,-0.007344664673273771,0.008718564512074756,-0.001718578979215346
19.65381656199952,-1.3327616131699263,0.3617125143447514,1.5080491944848222,0.4818790073633846,0.15192048720827644,0.02537527070630343,-0.08425488051350835,-0.011550966530208075,-2.606773587139998,-1.3686490890749017,0.29871349212741793,1.5,0.07294914159210346,10982.772122020167,10634.76535157121,10950.568829795991,10652.167003091465,0.0,0.0,0.0,0.0,0.0,0.0,nan,0,-0.016091501997858915,-0.01296422298293165,0.00560001629489304
19.664280991999476,-1.3251344321353946,0.3555076944333466,1.5098003389047547,0.48649794955337833,0.14129859607020367,0.044676194802105065,-0.08226842707259546,-0.009164286630731242,-2.587268830494329,-1.376531817350291,0.29167945645186705,1.5,0.08253351933243176,10967.30576950149,10622.022729844522,10938.290472165112,10638.196934270552,0.0,0.0,0.0,0.0,0.0,0.0,nan,0,-0.0048929011871836625,-0.015334858674011853,0.007378499021058138
19.674622806000116,-1.326716875742578,0.37231257232627607,1.4950800621721467,0.5046411668627389,0.13659317635284707,0.008485870456204268,-0.08244270598682153,-0.009279033130224589,-2.569235893070567,-1.376531817350291,0.29167945645186705,1.5,0.0949075000788961,10933.000318427796,10603.661829645576,10907.72946366221,10620.379175991484,0.0,0.0,0.0,0.0,0.0,0.0,nan,0,-0.002957719593273511,0.0053656785666769125,-0.007303513501081493
19.68496444399989,-1.3148622830876688,0.36720862435275226,1.501641866093045,0.5338565465093843,0.1207151728334176,0.03632197588518519,-0.08547969351322601,-0.008410942592990777,-2.549410369300162,-1.3841916293549201,0.28443675753543507,1.5,0.10798349834366182,10946.51463034783,10625.289489409908,10930.28985901666,10649.977731729332,0.0,0.0,0.0,0.0,0.0,0.0,nan,0,0.01236033961989702,0.004217973661352681,-0.0006924116098443456
19.695286060999933,-1.3228374904537086,0.3632709226871983,1.496857111565867,0.5247845713997134,0.12309527780244145,0.04074416969487252,-0.08362207653652046,-0.010245990966748197,-2.537493832328462,-1.3841916293549201,0.28443675753543507,1.5,0.09994515347526385,10928.874121795245,10617.327714849787,10909.286470127347,10653.716018018958,0.0,0.0,0.0,0.0,0.0,0.0,nan,0,0.007794039564348099,0.0042962567377072824,-0.0054177369392278685
19.70585788900007,-1.3299699588043925,0.34749023701162307,1.5419883003480894,0.5225620583124201,0.11526339978878697,0.0016315080734612877,-0.0836231198546598,-0.010859820064338102,-2.5299407900181428,-1.3916015993999384,0.277014851522276,1.5,0.10260729237482091,10917.26076254359,10611.175491501332,10901.22015698075,10652.626379008909,0.0,0.0,0.0,0.0,0.0,0.0,nan,0,0.00401566595855174,-0.007409713846953103,0.03978453969158702
19.7160494689997,-1.3344955581447713,0.33692445925834774,1.4854158689799464,0.48908262050042794,0.15687585400215143,-0.020691235200121894,-0.08481567832254037,-0.010867261673017962,-2.510884424370557,-1.3916015993999384,0.277014851522276,1.5,0.08404140601237542,10890.739516076226,10592.75553156123,10876.31449528813,10640.719942285714,0.0,0.0,0.0,0.0,0.0,0.0,nan,0,0.00278916103521043,-0.01384312553726369,-0.0167026849162224
19.726326523999887,-1.3327732544324549,0.33865395493875966,1.5047250269097683,0.5055652696910282,0.1845449832041668,-0.011773659655911269,-0.07920623734894795,-0.012549841532151398,-2.494011815158646,-1.3987910673166712,0.26938797071477466,1.5,0.09580424869404686,10945.924293924563,10661.696619842078,10924.783129020956,10686.133662879944,0.0,0.0,0.0,0.0,0.0,0.0,nan,0,0.00775505966606671,-0.007924346759651202,0.002702418376953286
19.73663594899972,-1.340048015649991,0.33735592904479905,1.499581557073455,0.5180170070658126,0.1658037104750254,-0.04044096197567759,-0.08205096580808326,-0.003384455719851116,-2.471890421178788,-1.3987910673166712,0.26938797071477466,1.5,0.08983632101298991,10956.892358969382,10697.662537614333,10925.125536077807,10694.347439729783,0.0,0.0,0.0,0.0,0.0,0.0,nan,0,0.0036677604374617534,-0.004976765262929728,-0.002340404982065669
19.747629822999443,-1.3464416625258186,0.3404360137625787,1.5174364693564861,0.47520723149654825,0.1618763064281833,0.0043913801693480255,-0.08258511965317239,-0.009013390735323422,-2.4612593563436285,-1.4057385647095506,0.2615816778118866,1.5,0.10019061518141988,10994.453684516278,10737.138618588177,10953.290832569579,10742.21810415273,0.0,0.0,0.0,0.0,0.0,0.0,nan,0,0.0004048969664369739,0.0024045564409625464,0.015615020841431404
19.75799431899941,-1.3517735009748009,0.32440583669331857,1.4902920397902055,0.5024094190935531,0.13166672411216318,-0.030987965777771243,-0.07615206954342517,-0.006403104823467715,-2.445732800190451,-1.4057385647095506,0.2615816778118866,1.5,0.08338673476333007,10958.567625668353,10731.917058188108,10930.19171578602,10715.9386909993,0.0,0.0,0.0,0.0,0.0,0.0,nan,0,-0.0018531515558837253,-0.009269687204607524,-0.01143024319462782
19.767822383999373,-1.3460472123322471,0.3381757969484586,1.4760751472793858,0.5356152109365366,0.12002971066362667,0.03920246584798685,-0.0817845999992147,-0.00804505016336601,-2.421023736656691,-1.41243355239902,0.25361350327666654,1.5,0.11013776026503667,10982.079069284679,10759.554649074129,10968.130715919104,10762.327939957358,0.0,0.0,0.0,0.0,0.0,0.0,nan,0,0.006889646786813808,0.008909947520283845,-0.025550583477582878
19.778218593999554,-1.3518873631423438,0.33222753429953716,1.4970102009255384,0.5671616183217075,0.1618830701652717,-0.018267138780195903,-0.08021041054260161,-0.00906898543274817,-2.419719842019438,-1.41243355239902,0.25361350327666654,1.5,0.09927207968847916,10958.504093710735,10750.868052498341,10946.897850366946,10766.51057329304,0.0,0.0,0.0,0.0,0.0,0.0,nan,0,0.0040084413484013925,0.007424161025839038,-0.004523399997143018
19.789016258999254,-1.3575259550911456,0.3215897831004497,1.5018919197704368,0.5321709258390948,0.1129165418556557,0.04562185553107363,-0.07913234091964505,-0.008114430535881035,-2.398946291529189,-1.418893940606592,0.24546705439193334,1.5,0.09779713100429982,10978.21624422798,10756.573219828602,10949.542729189687,10787.896963452404,0.0,0.0,0.0,0.0,0.0,0.0,nan,0,0.0012710699851705698,0.0013006412016101643,0.00044589427191144004
19.799083350999354,-1.3586916803113485,0.3180002219124397,1.4957756759640009,0.5108870061595713,0.1389449726023404,-0.025659864977078083,-0.07958756895295699,-0.005996923546066013,-2.384185290488094,-1.418893940606592,0.24546705439193334,1.5,0.0943568622240863,10923.12725227774,10715.122533646612,10908.273140869227,10759.857728489551,0.0,0.0,0.0,0.0,0.0,0.0,nan,0,0.0029488720612784736,0.00227585310069095,-0.005584528452608151
19.80972287899931,-1.362751132952715,0.3089359262212587,1.5138258336706538,0.5238293593613861,0.14274548348265848,-0.03543319838792835,-0.07700057655261282,-0.006492007062013096,-2.3686099854851563,-1.4251167139939198,0.23714935567191006,1.5,0.09609334569330108,10944.454137920759,10747.779828090048,10935.39919902374,10788.346639147401,0.0,0.0,0.0,0.0,0.0,0.0,nan,0,0.0016751997814841157,-0.0021742528093120495,0.012550671610338515
19.820135565999408,-1.3735164423005257,0.3114747813904437,1.518302736890247,0.5144926922180585,0.13574172585655464,-0.004377701971995662,-0.07870856524543901,-0.003492635715361919,-2.3488097931620997,-1.4251167139939198,0.23714935567191006,1.5,0.09231385120742695,10946.892453210214,10764.98931739695,10936.758277321067,10803.124656877126,0.0,0.0,0.0,0.0,0.0,0.0,nan,0,-0.006362354982346163,0.005027299854747647,0.017108575455482056
19.831237679999504,-1.3825069289134233,0.31460386191608336,1.5044313994222116,0.541586197643435,0.18692694742719695,0.018584443733693168,-0.0789511185622218,-0.005251592175353817,-2.3313368879602776,-1.4310997446063904,0.22866678607184412,1.5,0.09882347920645365,10921.089764524279,10749.102752322806,10917.77901172839,10791.975904206844,0.0,0.0,0.0,0.0,0.0,0.0,nan,0,-0.012683134373030702,0.012866455043994807,0.0033150764335780902
19.840508392999254,-1.3854638059882431,0.28227001863955253,1.4896773295433108,0.5207497189315329,0.14608609624681412,-0.02177377937663217,-0.07224740881143288,-0.0034016678464011485,-2.3221264536307435,-1.4310997446063904,0.22866678607184412,1.5,0.07115126815893409,10921.089764524279,10749.102752322806,10917.77901172839,10791.975904206844,0.0,0.0,0.0,0.0,0.0,0.0,nan,0,-0.013028228855699542,-0.014711177031843825,-0.01136127299434131
19.851189467999575,-1.3765899780057642,0.2861649480129543,1.487933698030415,0.5360148124461341,0.11677778740099842,0.007993552302156074,-0.07239483540050126,-0.0040123050860814795,-2.300126513474909,-1.4368364419424267,0.22003307925805504,1.5,0.09026990708485302,10932.368507607245,10773.821223992414,10912.143185014032,10816.51275055042,0.0,0.0,0.0,0.0,0.0,0.0,nan,0,-0.0016006594037702992,-0.006014924448308423,-0.013028761841153091
19.861454040999888,-1.3807047677668587,0.2894107073174949,1.5189726390044866,0.5190306694555775,0.11572188532144267,0.04691814982091592,-0.07301600535519302,-0.0019032547572931037,-2.2804488045754794,-1.4368364419424267,0.22003307925805504,1.5,0.09123585452934976,10920.084189659723,10778.7834049864,10910.323505792534,10830.100552170326,0.0,0.0,0.0,0.0,0.0,0.0,nan,0,-0.0032199187285890662,0.0020762954282208534,0.018082001006809012
19.871960880999723,-1.3873411519437633,0.2892429642528076,1.4845047899634192,0.5272556500991962,0.13999210259582517,-0.0018043428725223708,-0.07488762813817378,-0.003751270064724721,-2.2687070734750017,-1.4423323475139547,0.2112442089518505,1.5,0.09668474002041572,10850.12467024877,10726.86698908867,10861.2112113894,10781.8678033043,0.0,0.0,0.0,0.0,0.0,0.0,nan,0,-0.007418686157719456,0.0067968058055076774,-0.01631331583956519
19.881941145999917,-1.3942293436590076,0.2797562996133647,1.485407420355518,0.5341040279145062,0.12915860311622096,-0.010155239723120182,-0.074826916422761,-0.0030790206529618023,-2.255927686878558,-1.4423323475139547,0.2112442089518505,1.5,0.08497499001095049,10850.12467024877,10726.86698908867,10861.2112113894,10781.8678033043,0.0,0.0,0.0,0.0,0.0,0.0,nan,0,-0.011927027722304695,0.0022399799397797016,-0.015335282423814212
19.89234124399991,-1.4053688263229254,0.2876691109224411,1.4978415502094695,0.5362456548341544,0.13611802060108225,0.014342861436741421,-0.07372848189310187,-0.0022283561016731126,-2.2367187215051914,-1.4475755799349195,0.2023242826871676,1.5,0.09523554306281953,10894.009473112352,10788.299515445386,10901.562644090287,10843.138058743742,0.0,0.0,0.0,0.0,0.0,0.0,nan,0,-0.020744661738613557,0.01512332023823909,-0.002827598085776817
19.90272239099977,-1.3914245961805658,0.2568722664513993,1.4849914560548394,0.53742108993376,0.13409863435224312,-0.004126900306603294,-0.07179461430398916,0.0007997875983707887,-2.2109175095224147,-1.4475755799349195,0.2023242826871676,1.5,0.0797099234768068,10877.878046034344,10783.472544620397,10882.462295853684,10840.696690109822,0.0,0.0,0.0,0.0,0.0,0.0,nan,0,-0.004536599413336173,-0.010663357896960046,-0.015607171746041981
19.913337117999617,-1.395627182329226,0.28285814905346834,1.4965085684273638,0.5281846658963048,0.13391489648001176,0.017979152699850037,-0.07162568230065314,-0.0036860623151969744,-2.2070630999846204,-1.4525820587235019,0.19325043496884722,1.5,0.10623365974579274,10892.626045778034,10808.203765552315,10888.892491556568,10863.81160541826,0.0,0.0,0.0,0.0,0.0,0.0,nan,0,-0.006533345322605744,0.020371255507210473,-0.004023322133033913
19.923584403999484,-1.4070295532101487,0.2601798282292083,1.4907766218234275,0.5650590493597802,0.09320215194397019,0.01148906864403973,-0.07087473193578434,-0.0035535335577911403,-2.185345089277597,-1.4525820587235019,0.19325043496884722,1.5,0.0814840177318977,10864.720544076072,10805.060201726275,10875.045820395419,10848.530116976704,0.0,0.0,0.0,0.0,0.0,0.0,nan,0,-0.015787792735606487,0.002779132022251274,-0.00969243526537844
19.934141637999346,-1.3716726116676978,0.24941917945402875,1.4990642075141696,0.5439909728331662,0.1376939109993235,-0.04542917968421708,-0.07128113516721853,0.0004552653109788536,-2.165562480370075,-1.457333108419069,0.18406106273965203,1.5,0.10775100849513337,10856.799341104339,10794.80156586782,10874.406826836415,10861.625406889018,0.0,0.0,0.0,0.0,0.0,0.0,nan,0,0.021659334609279268,-0.0028590099293199223,-0.0013445215300298408
19.944450541999686,-1.400746001488479,0.25387315320662446,1.537794061776287,0.5388126044696417,0.11463296117573107,0.025708006836089953,-0.06648064093422595,0.0014806171020167375,-2.1549653877855097,-1.457333108419069,0.18406106273965203,1.5,0.09748958791426182,10890.489348907933,10843.79330610607,10886.233191063553,10892.99358771191,0.0,0.0,0.0,0.0,0.0,0.0,nan,0,-0.005381661363038637,0.006752796083973556,0.03744026118706656
19.9545912399999,-1.3916549931812614,0.2485128259633737,1.5178720177750622,0.5375285001105778,0.13034782534679856,-0.06073337804876623,-0.07105468387189984,-0.0010073073164610156,-2.1317536623958304,-1.4618438869266808,0.17473166303452678,1.5,0.10339027917406436,10818.322793023159,10780.364638898696,10828.337245089464,10835.505848468914,0.0,0.0,0.0,0.0,0.0,0.0,nan,0,0.005684255195107291,0.006584416881157074,0.017570894508704082
19.96515558400006,-1.4045171472138964,0.2261847158190105,1.5026535155485514,0.5710435811996432,0.0872768338342832,-0.0021548402075335614,-0.06811540403071935,-0.0014811581218052122,-2.119451074388611,-1.4618438869266808,0.17473166303452678,1.5,0.07707666878963179,10847.034046370765,10830.840216219354,10849.45501456269,10868.032887782085,0.0,0.0,0.0,0.0,0.0,0.0,nan,0,-0.005260204851879502,-0.010518802828881957,0.0024050919042055696
19.97536050999952,-1.3895367793836892,0.225951513731181,1.504856423739356,0.538052425860453,0.09566628268211907,-0.03398028451875929,-0.06421394664981821,-0.001746818555339457,-2.1103273769386415,-1.4661016454161055,0.16529277621693203,1.5,0.09780207563707731,10839.945045291088,10818.722954016224,10843.318693861409,10879.17318704503,0.0,0.0,0.0,0.0,0.0,0.0,nan,0,0.011580651988883028,-0.005495162313037899,0.004658129321528648
19.98565218099975,-1.400478360871226,0.22875659145254668,1.4966498331365838,0.5541560751271637,0.12729087099607317,0.03260304854222591,-0.06912292621568573,-0.0031145208628133793,-2.0927730393738577,-1.4661016454161055,0.16529277621693203,1.5,0.09135258582399956,10845.761095423373,10843.977403408995,10861.285424779808,10897.949579998553,0.0,0.0,0.0,0.0,0.0,0.0,nan,0,0.0024424524551280857,0.0025976732673208547,-0.0035022407176148462
19.99621052600014,-1.4031467959429231,0.2086986965205858,1.4842429865320548,0.5397351264886722,0.1209809512133363,0.019987984229204787,-0.06304130506508507,0.0018591982253210817,-2.0739463652415,-1.4701109927808886,0.15573982360700378,1.5,0.0868166421365151,10824.502924379707,10824.914166494193,10826.100443468798,10867.4155607316,0.0,0.0,0.0,0.0,0.0,0.0,nan,0,0.001520535847648219,-0.012142658824774166,-0.015865786789660996
20.006591456000024,-1.3991127571509383,0.20805638055180742,1.4894666880957608,0.5599950599074772,0.09009122751129817,-0.02534315568279418,-0.06377602389748918,0.004951777021953103,-2.059383455236307,-1.4701109927808886,0.15573982360700378,1.5,0.08881847923037649,10823.466382808032,10834.482118931814,10819.668527119506,10875.444894460446,0.0,0.0,0.0,0.0,0.0,0.0,nan,0,0.007244547676778845,-0.0074387447278579655,-0.010599683012403771
20.01691819899952,-1.4029294358893705,0.22074092528738934,1.5195338968832122,0.5528390135755622,0.11267311280394887,0.029024450005693918,-0.062065686384898296,0.0008823087225149906,-2.039456746886348,-1.4738685398568967,0.14608611501318092,1.5,0.1048201807680063,10847.016010203715,10856.764125917007,10851.272581960418,10916.19739323311,0.0,0.0,0.0,0.0,0.0,0.0,nan,0,0.00506134560520044,0.010619723439529521,0.019505972999450227
20.02730345300006,-1.4089478743202817,0.21977580537404698,1.4779790076146206,0.5354482759374185,0.11296614283833895,-0.036641796464971135,-0.06410024701989327,0.004077348897035979,-2.023196605528694,-1.4738685398568967,0.14608611501318092,1.5,0.1006468448826603,10789.962984886484,10821.822489371873,10801.694978190213,10871.027429805155,0.0,0.0,0.0,0.0,0.0,0.0,nan,0,0.000620226338807095,0.015055100764188895,-0.022012626628550302
20.0377107839995,-1.4118644084287582,0.18634485300167725,1.5110714830290075,0.542813242098371,0.10247344955407267,0.056126998745635946,-0.06575098553579828,0.0027196637285371726,-2.0098708881697163,-1.4773808893267988,0.13631853395180965,1.5,0.08317222855860044,10836.68636824285,10880.922155693948,10855.532344687022,10923.022536687593,0.0,0.0,0.0,0.0,0.0,0.0,nan,0,-0.0007749494880129326,-0.012949815409392496,0.011112996289547539
20.04793354799949,-1.4206824879414788,0.191564276986371,1.5111447925033765,0.5182307570809705,0.11301606127595665,0.00862384064654408,-0.06110191974327692,0.001849750913061334,-1.9903735003581986,-1.4773808893267988,0.13631853395180965,1.5,0.07994377551151158,10776.835595580678,10828.231526193613,10783.837930247635,10869.718798167616,0.0,0.0,0.0,0.0,0.0,0.0,nan,0,-0.008127311343168575,-0.0022798933052464443,0.01121727846818743
20.05844025299939,-1.4017921926328556,0.18411492686782374,1.5319977625388803,0.5648813631977546,0.0711601640747318,-0.037029038212008945,-0.0656092963306982,0.00021758903218165572,-1.9738639041416663,-1.4806358146967602,0.12647648631498723,1.5,0.10277335927667863,10758.519716754174,10828.82176084329,10778.046087411,10857.490190531931,0.0,0.0,0.0,0.0,0.0,0.0,nan,0,0.012173675595185562,-0.004255486083716481,0.03210500154191287
20.068609889999607,-1.4163203098884019,0.17525999404764883,1.4964424911003336,0.5752032285354021,0.05289376758998854,0.02496522962867543,-0.05897896413632683,0.0027041509641092545,-1.9583751748857279,-1.4806358146967602,0.12647648631498723,1.5,0.08080204610669105,10758.519716754174,10828.82176084329,10778.046087411,10857.490190531931,0.0,0.0,0.0,0.0,0.0,0.0,nan,0,-0.0009984578488035911,-0.007614437596071916,-0.0034114152741411274
20.079412637000132,-1.4257355380120522,0.1885454232808975,1.5054789601308942,0.5567574679382188,0.07933824978517123,-0.07476911438214534,-0.05808266811461887,0.00031555581276912546,-1.944606892151265,-1.4836414220492846,0.11654201069419105,1.5,0.09256134092795335,10745.133140648746,10816.4431849668,10768.721559591277,10885.266902350158,0.0,0.0,0.0,0.0,0.0,0.0,nan,0,-0.009112083161324946,0.011188178507285429,0.005668166035683209
20.089987303999806,-1.4174669843388468,0.1816239295218009,1.4959920002943032,0.5411921118581308,0.059727551408272794,-0.0039525299603973,-0.0579728517619507,-0.0006829638799616966,-1.9214622970065427,-1.4836414220492846,0.11654201069419105,1.5,0.09290197213308812,10745.133140648746,10816.4431849668,10768.721559591277,10885.266902350158,0.0,0.0,0.0,0.0,0.0,0.0,nan,0,0.00040375803511527586,0.00980418446319406,-0.003776244536327855
20.11026446699998,-1.4163919036566504,0.16950690014364736,1.4924529995470779,0.5537553654048497,0.07401038557715467,-0.012782768437559034,-0.05763225447001974,0.0015571194258409047,-1.8974787143590175,-1.4863981700218767,0.10651607559000423,1.5,0.09447580920099746,10765.017865959291,10889.836048261528,10836.413859085103,10942.074711082369,0.0,0.0,0.0,0.0,0.0,0.0,nan,0,0.0038110249098559645,0.008819442057867721,-0.007246202777479782
20.120835443000033,-1.4110299239881503,0.14981392333926818,1.501506289504042,0.5480745690659309,0.04915706881486037,0.03840513650281811,-0.056374253080480136,0.0023376272606162062,-1.8753729505051047,-1.4888970347969226,0.09643775690362835,1.5,0.0944170058683325,10776.164672540783,10901.521983421682,10842.264193177416,10952.460969130036,0.0,0.0,0.0,0.0,0.0,0.0,nan,0,0.010258537613486274,-0.005280677699701586,0.0018328107414864458
20.131165178999254,-1.445397758644152,0.13827548028688194,1.5135443622091225,0.5710033854491645,0.07862069505963054,-0.006535004425455456,-0.05636077269792185,0.0030064064201749253,-1.8589754604783155,-1.4888970347969226,0.09643775690362835,1.5,0.06185492600723524,10732.769985086688,10869.54808562231,10794.980619477466,10922.401979714994,0.0,0.0,0.0,0.0,0.0,0.0,nan,0,-0.02307689005375524,-0.011209757034061935,0.013893167155013986
20.14145825200012,-1.411100407245631,0.14739771291544465,1.4737305150488575,0.5595547245087675,0.04929848767228373,0.001634948278359808,-0.0595616987538907,-0.0015143076244955,-1.8387103290458613,-1.4911464030102008,0.08627927039260543,1.5,0.10408127254197766,10733.721637345849,10859.6215400777,10778.662122889325,10925.548626174357,0.0,0.0,0.0,0.0,0.0,0.0,nan,0,0.012200282274531515,0.003537364515700664,-0.025898031903625274
20.151704788999268,-1.4402554986370588,0.1390445145145171,1.5075521013957751,0.5754522239032496,0.04844422003279636,0.031271381167092355,-0.05334214964639957,0.0065690160801823395,-1.8316124465962706,-1.4911464030102008,0.08627927039260543,1.5,0.07369592506138511,10754.891075663529,10897.48291564228,10791.754083030517,10950.567648764416,0.0,0.0,0.0,0.0,0.0,0.0,nan,0,-0.016027336533256165,0.000823724555380767,0.007944718418702479
20.1622155999994,-1.4387831691655515,0.11365678905286723,1.5083745558342614,0.5783240656693653,0.07895541635259751,0.009462346266920139,-0.05561451218947274,0.0065481835929370276,-1.8143696336994268,-1.4931406789257655,0.07606980921527562,1.5,0.06661571215610056,10754.891075663529,10897.48291564228,10791.754083030517,10950.567648764416,0.0,0.0,0.0,0.0,0.0,0.0,nan,0,-0.013679506332853641,-0.018910661171478813,0.008787642129223672
20.172536218999994,-1.4352829831286733,0.11497092239261289,1.5087127475073963,0.5526802233496843,0.03670315179888506,0.09164101303876157,-0.05402241574592317,0.008816696882028201,-1.7927868831444584,-1.4931406789257655,0.07606980921527562,1.5,0.07026180711106501,10724.796024164178,10846.867331926112,10734.87173546169,10932.23830979781,0.0,0.0,0.0,0.0,0.0,0.0,nan,0,-0.00935528026340049,-0.011930326977501043,0.009149016464683912
20.18338021299951,-1.4314976890513897,0.10846035322076328,1.5038259053346976,0.5515185985650654,0.06086664391773877,0.02266770713777605,-0.05233621787905227,0.0003878900589218367,-1.7900633482362047,-1.4948827589507607,0.06579947860399345,1.5,0.07650003177022849,10652.73289512894,10778.956240848353,10673.739805701201,10877.036605332887,0.0,0.0,0.0,0.0,0.0,0.0,nan,0,-0.00479673386031676,-0.012762793713105111,0.004294740051134394
20.19316307200006,-1.4341129394483971,0.10746515926476947,1.4819700173437993,0.5673568772651671,0.027536013386014302,0.06507463301518268,-0.053235401013325065,0.004583833913423968,-1.7647185699046317,-1.4948827589507607,0.06579947860399345,1.5,0.07585565359192757,10652.73289512894,10778.956240848353,10673.739805701201,10877.036605332887,0.0,0.0,0.0,0.0,0.0,0.0,nan,0,-0.006688939148434825,-0.00806891321388195,-0.017514142213551187
20.203723175999585,-1.4318877489002404,0.09442609085450585,1.5091544057127686,0.5699629702958448,0.020803305548555473,-0.049755001152594375,-0.049772258476296315,0.005668230809734873,-1.744338082164696,-1.496369626948598,0.055490632325782614,1.5,0.07587941533406249,10646.53222549392,10786.562486266886,10675.051399335596,10874.409500004553,0.0,0.0,0.0,0.0,0.0,0.0,nan,0,-0.0037905990586495353,-0.01540878747331978,0.009731690334570553
20.214113117000124,-1.4225226313433557,0.10837478320307181,1.5035611450950999,0.5735680640514887,0.027900979990085895,-0.002405577254249079,-0.047991385929371314,0.004420977517441785,-1.731703841364914,-1.496369626948598,0.055490632325782614,1.5,0.09089991159688177,10646.53222549392,10786.562486266886,10675.051399335596,10874.409500004553,0.0,0.0,0.0,0.0,0.0,0.0,nan,0,0.006197850440170738,0.004248421604907585,0.004209826078992451
20.22459601799983,-1.4457168603147752,0.08928419249151802,1.4973636973711681,0.5855043474487005,0.009370598320158963,0.04061432942614364,-0.05298661058137644,0.002253323645524877,-1.7138906932950482,-1.4976015180935356,0.045150120510524076,1.5,0.06816732438634673,10697.33293412136,10850.291204947845,10733.8365397136,10943.101155038501,0.0,0.0,0.0,0.0,0.0,0.0,nan,0,-0.016422836138096253,-0.009125123595198292,-0.001911602916724764
20.234978486999353,-1.43194316472973,0.08170356502528753,1.4912805966880913,0.5915525726493313,0.050798848987913425,-0.012716690248512443,-0.0540858935871656,0.0019625478200654923,-1.711497804058417,-1.4976015180935356,0.045150120510524076,1.5,0.07565184509617706,10697.33293412136,10850.291204947845,10733.8365397136,10943.101155038501,0.0,0.0,0.0,0.0,0.0,0.0,nan,0,-0.0021250482157679773,-0.010981049422862238,-0.007913060667096294
20.245529691999764,-1.4317415205452209,0.08070888521442629,1.5133542502367465,0.59552065274684,0.037638960524577936,0.029461265081012787,-0.05218435064538851,0.0011933601624923844,-1.6903562415790527,-1.4985797899890665,0.034771340177805386,1.5,0.08219457588932086,10720.221047683775,10861.400252894142,10729.90446691414,10956.09657336592,0.0,0.0,0.0,0.0,0.0,0.0,nan,0,-0.0014485435925482015,-0.006244224611282448,0.014246678523152312
20.255644784999276,-1.444339029351314,0.06602224308912436,1.5230482353412973,0.570061675801913,0.016274193823094918,0.030282410614316337,-0.04720890869612337,0.005536872145238191,-1.6724667673480607,-1.4985797899890665,0.034771340177805386,1.5,0.0667075722814319,10692.422969472378,10839.035205874461,10691.009773144207,10925.76147468932,0.0,0.0,0.0,0.0,0.0,0.0,nan,0,-0.013620145100233794,-0.015193431906669094,0.02403139803911869
20.26622421399952,-1.4276877947842652,0.08238219573228017,1.4946673491449922,0.589303463430545,0.0300712950506673,0.04879730500480291,-0.05350717942478124,0.0038931355573574955,-1.6522582325271995,-1.4993032487041698,0.024369467104216475,1.5,0.09231840059364517,10653.43110348919,10806.466426946794,10669.526814943385,10901.243721017581,0.0,0.0,0.0,0.0,0.0,0.0,nan,0,0.0034085744217793312,0.006908959705206455,-0.004248785939924726
20.276114970999515,-1.4337442358456771,0.07186901536954245,1.4908638168476067,0.6120963981471151,-0.02988285846732741,0.02070374314987526,-0.05044779201413757,0.0054668327876840625,-1.6382000960370242,-1.4993032487041698,0.024369467104216475,1.5,0.08147184234435914,10653.43110348919,10806.466426946794,10669.526814943385,10901.243721017581,0.0,0.0,0.0,0.0,0.0,0.0,nan,0,-0.002318377099675528,0.002142309437263429,-0.007938343434338302
20.286791369999264,-1.4380925197230003,0.06732177421344085,1.5105355544946522,0.5749485692975465,0.029296804511795838,-0.02521971381283757,-0.05198264774573182,0.0005077616805632606,-1.6327871386822608,-1.499771777160663,0.01395263730845604,1.5,0.08224106930575653,10659.15492602966,10814.130702246775,10673.435305299887,10921.062350056833,0.0,0.0,0.0,0.0,0.0,0.0,nan,0,-0.006384952143056344,0.0033447991361211654,0.011859678801396933
20.29741537999962,-1.4223578614246173,0.06547838581664729,1.4994653652686551,0.6043494251341297,-0.00712803655158234,-0.0274069875586194,-0.047600652943382955,0.002320351667206249,-1.6152339365828892,-1.499771777160663,0.01395263730845604,1.5,0.09299517698898639,10683.773090223487,10852.947627618834,10698.759748095224,10932.902166646316,0.0,0.0,0.0,0.0,0.0,0.0,nan,0,0.009583702933552596,0.0072534544171188806,0.000924166924295422
20.30775070799973,-1.43822513580493,0.04256641988550608,1.5015029578919856,0.6591520685231868,-0.024363187077819592,0.0018354248310791122,-0.04780085420461904,0.0026701159693682925,-1.6017233142881284,-1.4999854982950702,0.0035177392052872123,1.5,0.07308488708484329,10713.545725777529,10877.559293734786,10735.129975374022,10962.300077131673,0.0,0.0,0.0,0.0,0.0,0.0,nan,0,-0.006097272344894433,-0.009905056082158387,0.003099811009223963
20.31770030899952,-1.4098791627900744,0.04148869123979442,1.4894102129622535,0.5564581747127162,0.015493130995943627,0.011953101402779023,-0.046834156494934324,0.0011982618948509244,-1.5747734831265843,-1.4999854982950702,0.0035177392052872123,1.5,0.09835186061305876,10718.446967789816,10858.891046235183,10726.165192157288,10981.77186944155,0.0,0.0,0.0,0.0,0.0,0.0,nan,0,0.022387437660440712,-0.005228844170267158,-0.008854055316214193
20.32817382399935,-1.4374436182142885,0.030186866294354662,1.4841249039828055,0.5894606628779815,-0.020834147514804835,-0.0012458511889534962,-0.04915166673851043,-0.0002986234410610953,-1.5723889821634305,-1.4999441202664736,-0.006905041524558441,1.5,0.0743918077208579,10715.983634791532,10883.96774964306,10730.640298447946,10965.60073910387,0.0,0.0,0.0,0.0,0.0,0.0,nan,0,-0.0050855974643915225,-0.010777196070409476,-0.013999861334226926
20.33852372399997,-1.4426978463595048,0.024542618010177455,1.4991869786963676,0.6096797614461761,-0.020319378930076404,-0.08429451510086981,-0.04927626113386635,-0.0011755835123741318,-1.5540977372812514,-1.4999441202664736,-0.006905041524558441,1.5,0.06532038097014224,10726.205399798739,10899.048213801745,10751.374707941464,10982.968078013559,0.0,0.0,0.0,0.0,0.0,0.0,nan,0,-0.010295553033433436,-0.010669405040014564,0.0012005961775494178
20.34982707099971,-1.443277611061766,0.027971783641561807,1.5041584939917652,0.5803093028774066,-0.017957759524577677,-0.04083931994222701,-0.04631292279166364,0.00029461818066661797,-1.5372561338071118,-1.4996475051320683,-0.01733836609951264,1.5,0.07244216796407493,10780.737938741699,10948.688774402655,10810.813936710209,11039.226489357832,0.0,0.0,0.0,0.0,0.0,0.0,nan,0,-0.01087825409127019,-0.0014906110619448514,0.006302782477047408
20.369451821999974,-1.4400459847597287,0.001829954294487679,1.5035221273460142,0.5883867138748622,-0.0020258487147674087,-0.08908432674435729,-0.044644707469299987,-0.0010094706538063393,-1.5132659215327393,-1.4990962099803844,-0.027750188955817878,1.5,0.06613863737907143,10776.529819363393,10958.512181329095,10820.862987234086,11043.599377056198,0.0,0.0,0.0,0.0,0.0,0.0,nan,0,-0.0077939126487145405,-0.016144413259439265,0.0058879760695205174
20.380263903000014,-1.4470213771721603,-0.014240725340724673,1.517694420200886,0.5789650140554891,-0.027042300421974308,-0.012946705495176453,-0.046602030680311886,0.0003430021175252743,-1.4941693032930259,-1.4990962099803844,-0.027750188955817878,1.5,0.05663379137421,10816.652540222776,10998.140416047343,10869.969014608978,11075.086688566282,0.0,0.0,0.0,0.0,0.0,0.0,nan,0,-0.014913380316333935,-0.02647872274115015,0.020146561956748688
20.390445399999408,-1.4421455045621807,0.0054836655149584366,1.4955230074973018,0.5383239509332041,-0.02765559897087838,0.0036778625924071395,-0.04391874107018028,0.00040094101459851774,-1.4784950998311328,-1.49829007383428,-0.03814423187128963,1.5,0.07124359305203348,10776.232168476496,10953.703482924504,10834.111582935091,11036.646506614066,0.0,0.0,0.0,0.0,0.0,0.0,nan,0,-0.010228254773772205,-0.0010244092303598584,-0.0019555170760408025
20.40056243899926,-1.4483985621480933,-0.003772217540908242,1.4972462797828099,0.5822615804305733,-0.0214952549023828,0.028187705034780138,-0.051191278092121456,-0.0008579497790596342,-1.4708577786425363,-1.49829007383428,-0.03814423187128963,1.5,0.06064801136472164,10776.232168476496,10953.703482924504,10834.111582935091,11036.646506614066,0.0,0.0,0.0,0.0,0.0,0.0,nan,0,-0.016481312359684752,-0.010280292286226537,-0.00023224479053274294
20.411264190999646,-1.4277905017738872,-0.0029669639315685692,1.485856148736151,0.5727771617945784,-0.03240654635877327,0.010457657785847417,-0.04523116688688264,-0.0005167290341983161,-1.4596633032461956,-1.4972301354824742,-0.04850486915644084,1.5,0.08423545613591736,10716.672007006291,10910.649040229897,10790.078233324306,10971.818714441082,0.0,0.0,0.0,0.0,0.0,0.0,nan,0,0.003607105932664556,0.0019615054825216837,-0.011513636794973525
20.421321927999998,-1.4366259020297898,-0.010888800840893751,1.481699121858077,0.5652592471341187,-0.020394000036540183,-0.01900381954549007,-0.049191900514657286,-0.004301935377986521,-1.442670404070011,-1.4972301354824742,-0.04850486915644084,1.5,0.07363941776435287,10716.672007006291,10910.649040229897,10790.078233324306,10971.818714441082,0.0,0.0,0.0,0.0,0.0,0.0,nan,0,-0.0055564056564030295,-0.0002556686104513983,-0.015623405256621536
20.432085829999778,-1.4086535933254711,-0.007630246979410811,1.4835582796862146,0.5502149483669184,-0.03654141835263508,0.0058590462147260144,-0.04796557207094673,-0.0021195240503600428,-1.4272036887938377,-1.495914500984136,-0.05884390743755377,1.5,0.10250675680077252,10746.213493909601,10940.045625305193,10812.620982700193,10976.70511047894,0.0,0.0,0.0,0.0,0.0,0.0,nan,0,0.02204248218146776,0.00869714567016668,-0.013722778506475741
20.442760066999654,-1.424469733239793,-0.025990340169016544,1.5115618212796051,0.5452887590492689,-0.029962691660146645,0.018718441453065972,-0.04887954829408687,-0.0021993847306970124,-1.4081774812689305,-1.495914500984136,-0.05884390743755377,1.5,0.07948199438623141,10742.61470220864,10948.640514317352,10808.268128758102,10963.990450541876,0.0,0.0,0.0,0.0,0.0,0.0,nan,0,0.005807728833210346,-0.003980084149305188,0.014314762860116792
20.453436069999952,-1.42502034601319,-0.019522082775623874,1.5053860715567773,0.5555952472130236,-0.046636488832832834,0.007105146041117111,-0.04770891740577921,-0.002468435785487572,-1.3947434314597555,-1.4943452291059445,-0.06913800638604951,1.5,0.08542065943525831,10706.592420897663,10914.973133447627,10773.50928569718,10920.443545685843,0.0,0.0,0.0,0.0,0.0,0.0,nan,0,0.0047936780272672674,0.008158707630604233,0.008169312278277996
20.46396712099977,-1.4313509119229328,-0.01936865974350494,1.5157784514255634,0.5894542973693251,-0.0238909722054072,-0.007820150852492332,-0.04619707799142343,0.0005183236024772323,-1.3805179791636049,-1.4943452291059445,-0.06913800638604951,1.5,0.08181828274883617,10690.738622627028,10904.270001629891,10761.331596874237,10907.519341390725,0.0,0.0,0.0,0.0,0.0,0.0,nan,0,-0.0020447491263402284,0.013969435012062971,0.018592729750834813
20.473768784999265,-1.425069542328787,-0.04234478273841118,1.488013777331852,0.5727112430659026,-0.05788952916046275,-0.059108659968672345,-0.05001598316511996,0.00242693601609366,-1.3700062141183054,-1.4925164873446088,-0.07941410227686774,1.5,0.07789027138777942,10693.367889434738,10889.027320315843,10752.326601076495,10901.790085672077,0.0,0.0,0.0,0.0,0.0,0.0,nan,0,0.003684618492611591,-0.003363517065329842,-0.009138398863691943
20.48409470399929,-1.4321328921246186,-0.03704943407427817,1.5019076533176234,0.5692910275296974,-0.07951563963440567,-0.05500255708513563,-0.04878731588016734,-0.00279690456432978,-1.3589769836439798,-1.4925164873446088,-0.07941410227686774,1.5,0.0737874164393047,10755.000373768597,10935.813730763648,10805.156686729424,10968.033781796847,0.0,0.0,0.0,0.0,0.0,0.0,nan,0,-0.003974883930900397,0.007559903307099505,0.004786759163400545
20.494510910999452,-1.423150068442871,-0.031316317183408146,1.4940350839775542,0.5525571983487048,-0.027501948061203763,-0.04826163011614139,-0.049176840170440154,-0.00706841138105171,-1.3400056390822528,-1.4904418857357322,-0.08959345990569983,1.5,0.08921879993367425,10775.953585617412,10947.27882555102,10841.627668482986,10992.569331575625,0.0,0.0,0.0,0.0,0.0,0.0,nan,0,0.004367523466086931,0.01890499883597363,-0.003063944735239188
20.504846521999752,-1.4376846445511189,-0.05954197371271257,1.5010668407979282,0.5414101461408394,-0.041920592340887075,0.02998099667790337,-0.04844416813936749,-0.0009494453567166666,-1.3274742813697897,-1.4904418857357322,-0.08959345990569983,1.5,0.06072525396494353,10796.239993265941,10981.037874529684,10855.367644347243,10995.115609180108,0.0,0.0,0.0,0.0,0.0,0.0,nan,0,-0.01085168954018001,-0.003725723845424439,0.003976565163759993
20.514965568999287,-1.416325202549804,-0.0743073667267075,1.5133062061812235,0.5330905220008825,-0.051921603406238914,0.03218076887637456,-0.05020891442977307,-0.004891494683917209,-1.3193208313100486,-1.4881129882819715,-0.09971907220906477,1.5,0.077306507350849,10750.572733107567,10929.674498456941,10815.903184961671,10947.979471442302,0.0,0.0,0.0,0.0,0.0,0.0,nan,0,0.009779228941562135,-0.012914076106403403,0.016214405793635533
20.52546375899965,-1.436379163635185,-0.04317101501859681,1.496677937869646,0.5589536534427287,-0.05231967106435942,0.04252585134789715,-0.04472833961957019,-0.005831792706128818,-1.3101038096336806,-1.4881129882819715,-0.09971907220906477,1.5,0.07671445418823507,10705.231348722078,10882.006598378804,10767.257228167131,10897.236884017031,0.0,0.0,0.0,0.0,0.0,0.0,nan,0,-0.011046554199603875,0.02378068423338825,-0.0004171011367848365
20.536073104000025,-1.4228308394590703,-0.05434410266663576,1.5058847691146606,0.5480898158029708,-0.10707337555572921,0.002223525227166701,-0.04639439958888734,-0.003074137727615069,-1.283159583746419,-1.485528056770735,-0.10978988521555176,1.5,0.08390355396895083,10676.725263677168,10848.99433646062,10757.001783377182,10865.185805303588,0.0,0.0,0.0,0.0,0.0,0.0,nan,0,0.0016871483026996703,0.018146628974516764,0.00879141024974972
20.546699223999894,-1.4262480658059185,-0.08529982997268082,1.4894287781278055,0.5683003081168327,-0.04623480948292419,0.005846888744823973,-0.04852107355517591,-0.00677398359225572,-1.2812066741547237,-1.485528056770735,-0.10978988521555176,1.5,0.06500485263777436,10668.294372724027,10844.210540728323,10765.12941959145,10875.388514020487,0.0,0.0,0.0,0.0,0.0,0.0,nan,0,-0.0025872048241710743,-0.007290241163207367,-0.007655850711325796
20.55689094799982,-1.419453549709627,-0.07768175462167402,1.4861016831712182,0.5602830956404231,-0.06825645988032747,-0.02959023538695061,-0.04342748711889145,-0.006204268786449693,-1.2608838079261018,-1.4826918455566214,-0.11978100214785625,1.5,0.0772307705165237,10697.828905525144,10848.241243418024,10776.697032089492,10884.265179889382,0.0,0.0,0.0,0.0,0.0,0.0,nan,0,0.00330780862592861,0.005825669221248692,-0.010968539246883013
20.56727639899964,-1.4405149930343615,-0.09202403725683655,1.5132332355265627,0.506992724214052,-0.08503708702479368,0.009687231196753696,-0.044377244159510686,-0.005769021307874387,-1.2431062155998578,-1.4826918455566214,-0.11978100214785625,1.5,0.05219630744743581,10735.26616228591,10884.799564359591,10812.6007123091,10923.168838074973,0.0,0.0,0.0,0.0,0.0,0.0,nan,0,-0.01869554000423923,-0.0030407046251294673,0.016178430915623654
20.577264179999474,-1.399611530464516,-0.07034536779587737,1.4757235302047327,0.5820048576103095,-0.07488042450468141,-0.03746184233765845,-0.04982340003135372,-0.006188183387611799,-1.231419948082827,-1.479606409678914,-0.12968208015568206,1.5,0.10251523359928934,10735.26616228591,10884.799564359591,10812.6007123091,10923.168838074973,0.0,0.0,0.0,0.0,0.0,0.0,nan,0,0.02122374606461097,0.024091122419696992,-0.021315647314005037
20.587611658999776,-1.42040660950162,-0.1029993157589978,1.513164697859258,0.5317645776155062,-0.06239927373177351,-0.0007581997914951864,-0.04614690527385701,-0.0037611596932931373,-1.2180440982763685,-1.479606409678914,-0.12968208015568206,1.5,0.0662562866949701,10762.686651179141,10907.313367143193,10838.11665288409,10938.049579379922,0.0,0.0,0.0,0.0,0.0,0.0,nan,0,-0.0005977304119799687,-0.003133271954996547,0.016139043420746013
20.597998649000147,-1.4351384947345545,-0.11135477535591187,1.514159535303098,0.5564940910237581,-0.08127903936477282,-0.033508794202021144,-0.049369199403044274,-0.006730813062690202,-1.2096250921404605,-1.476266224036149,-0.13950554161584988,1.5,0.051811660835439234,10762.686651179141,10907.313367143193,10838.11665288409,10938.049579379922,0.0,0.0,0.0,0.0,0.0,0.0,nan,0,-0.016398181402674572,-0.0060836186798668285,0.01714339106984486
20.60874318599963,-1.4216455659489768,-0.12356668236888818,1.5056212720249007,0.5658092164854083,-0.11668015865429404,-0.00840143503757314,-0.05057328646121446,-0.0014227807000402972,-1.1882498544543856,-1.476266224036149,-0.13950554161584988,1.5,0.057175713577953334,10743.173894808351,10880.630248454767,10818.946972456059,10907.668715941405,0.0,0.0,0.0,0.0,0.0,0.0,nan,0,-0.004015785782864656,-0.012915605787212764,0.008612357985274821
20.618828270999984,-1.4095462134870045,-0.11768743796412004,1.4932752868403916,0.5405927710237132,-0.08932270490052185,-0.025533099870748283,-0.048443121019759956,-0.007162553447388539,-1.1714110663023283,-1.4726746041352101,-0.14923516981250165,1.5,0.07089199431310181,10750.875166694595,10849.555314396019,10819.371885723373,10924.932232019817,0.0,0.0,0.0,0.0,0.0,0.0,nan,0,0.006931189657808812,-0.0016824169685952378,-0.0037284972287718876
20.628996566999376,-1.42173568847296,-0.13260475586911286,1.5326373872862147,0.5569906353961275,-0.09600691790305937,-0.04173854912492916,-0.047590839567176316,-0.007495567351490846,-1.1676274161060185,-1.4726746041352101,-0.14923516981250165,1.5,0.06274187473804607,10768.89429458099,10874.98372118203,10832.670285080898,10937.721003204593,0.0,0.0,0.0,0.0,0.0,0.0,nan,0,-0.006452452579349899,-0.011272587794290495,0.03563546884179569
20.639548488999935,-1.4132663727236616,-0.11890896358404693,1.506060786229018,0.5621210083441166,-0.09386983010926714,-6.290085209911117e-06,-0.05164671100891649,-0.007538767995093816,-1.1586597185955863,-1.4688360277481118,-0.15885478298790723,1.5,0.06870508115922783,10759.906723268203,10850.750253358043,10830.745836626616,10923.26803041355,0.0,0.0,0.0,0.0,0.0,0.0,nan,0,0.0007809836555130456,0.007722741769698227,0.009057150637110878
20.6499000849999,-1.4078867085435098,-0.1358457339326123,1.5103965722484536,0.503150872220474,-0.05803211533065694,0.030270791092067137,-0.05073709286726623,-0.0037128177511125304,-1.1450364534258215,-1.4688360277481118,-0.15885478298790723,1.5,0.0659721499153298,10753.914273608334,10836.147370577828,10815.165973688407,10903.871236941286,0.0,0.0,0.0,0.0,0.0,0.0,nan,0,0.004883239505864889,-0.00394285473280398,0.01339005145043859
20.66049513500002,-1.4219038427173019,-0.13403465282718538,1.5149410338482538,0.5451245521238307,-0.12025038112890662,-0.013954670185696206,-0.05199603088530937,-0.0071266835876794945,-1.117725709596405,-1.4647457061503812,-0.16837183181536364,1.5,0.056900805053526994,10727.440075417746,10809.91022688517,10787.91844289555,10850.27634006725,0.0,0.0,0.0,0.0,0.0,0.0,nan,0,-0.01045257532610977,0.00311032792679497,0.01793484016045177
20.670479131999855,-1.410296755552092,-0.14114238686372174,1.4802966044880579,0.554257409667336,-0.07975627475317831,-0.016287405911349445,-0.049503685555960346,-0.007291281556258494,-1.1157619727799657,-1.4647457061503812,-0.16837183181536364,1.5,0.06398714471149232,10721.969350794752,10808.128706909743,10790.63933013923,10859.117438032585,0.0,0.0,0.0,0.0,0.0,0.0,nan,0,-0.00020525906192614407,0.0012148683196946952,-0.01670323676806551
20.681239156999254,-1.4078507267852944,-0.13723508573249116,1.4734813041582453,0.5369334594044574,-0.1039214458840958,-0.07267184387403443,-0.05516713937996976,-0.007115655093772196,-1.1035355157306916,-1.460405662884293,-0.17777599930630983,1.5,0.07147606739963491,10768.095795613106,10839.07192564809,10829.214448401752,10884.758868698349,0.0,0.0,0.0,0.0,0.0,0.0,nan,0,0.0008398179347195445,0.010303681899471312,-0.023509558603531877
20.691362849000143,-1.3922242225299173,-0.15131692504959993,1.4930654169874331,0.5450509269318109,-0.11282745253546206,-0.0009387060888050962,-0.048909280830337916,-0.006323603540664637,-1.0840233425309582,-1.460405662884293,-0.17777599930630983,1.5,0.07346345935822488,10840.141785052412,10912.970827985462,10900.257132442433,10947.867961386124,0.0,0.0,0.0,0.0,0.0,0.0,nan,0,0.015023824684040621,0.0013714593526716612,-0.003923503184070309
20.701661596999656,-1.3885546002039155,-0.18141735134005837,1.4847746060033329,0.5281369656078402,-0.13635341495731812,0.024825794267305676,-0.051363340156686414,-0.0073148954981367845,-1.0760860177732348,-1.4558134124474595,-0.18706688925718964,1.5,0.06919160155281245,10825.629459823576,10884.972663316652,10889.127903941095,10932.171695899226,0.0,0.0,0.0,0.0,0.0,0.0,nan,0,0.01720925851930777,-0.023612239932474965,-0.012223836973415114
20.71216141199966,-1.4041989054189283,-0.15620945110617604,1.4944764842032998,0.5397272872584848,-0.12951921588804866,-0.000808380946872439,-0.05326636412552487,-0.007999358980581623,-1.0645839843085552,-1.4558134124474595,-0.18706688925718964,1.5,0.060388310555920706,10800.802805439136,10852.798222894988,10870.241230505817,10915.460611662273,0.0,0.0,0.0,0.0,0.0,0.0,nan,0,3.9272869474027416e-05,0.006678744244747986,-0.002539208599029008
20.72238290599944,-1.3994802974065617,-0.17186626876469058,1.4668619298344567,0.4758662215091065,-0.09735049155928285,-0.036359047390710705,-0.05561010384827679,-0.005897584301104259,-1.0501919095846726,-1.4509788147445886,-0.19622009878588575,1.5,0.0659040060922915,10795.834762528304,10836.770137974067,10874.739815563446,10900.988291321515,0.0,0.0,0.0,0.0,0.0,0.0,nan,0,0.0031908588823363893,-0.003929421671565236,-0.030175958918227108
20.732705823999822,-1.4042200914108471,-0.1671101305242065,1.4937440513251001,0.5287828554324395,-0.10915748577780382,0.056303273730371424,-0.053652166555058514,-0.009841877216427125,-1.0395451070317892,-1.4509788147445886,-0.19622009878588575,1.5,0.05543379252604254,10840.17399268216,10898.691590845123,10923.597018213859,10929.011820218344,0.0,0.0,0.0,0.0,0.0,0.0,nan,0,-0.003157432736748733,0.005839924507215821,-0.003324607839241711
20.743440049000128,-1.3841118029780768,-0.17427929863851058,1.5021727245663978,0.5257547616472961,-0.12424835447457291,0.03996483489514601,-0.05343883136759444,-0.005079415344248581,-1.0235947297316903,-1.4459007506794457,-0.2052346225945191,1.5,0.06914352371195269,10786.928634460308,10834.34753336634,10874.032734560333,10862.07003828726,0.0,0.0,0.0,0.0,0.0,0.0,nan,0,0.015300960054734247,0.003647676070921896,0.005066309786823986
20.753543365999576,-1.4136615137241468,-0.18165905444256972,1.4841959017415813,0.49838053070750815,-0.12204989765834726,-0.016190813499545535,-0.05594728899139713,-0.007495837548279494,-1.007479959788213,-1.4459007506794457,-0.2052346225945191,1.5,0.04295282685585279,10752.00692398748,10793.22902393923,10834.982417047078,10828.48928477942,0.0,0.0,0.0,0.0,0.0,0.0,nan,0,-0.015939676316900186,0.0012079529909189146,-0.012946616296643843
20.763978015999783,-1.4095934291817438,-0.18509582888766413,1.5248576137321714,0.4579286698539125,-0.12503997881359682,0.011185638140618513,-0.05273956885924963,-0.0056972273460915044,-0.9946305698483896,-1.4405760943226085,-0.21411173957383708,1.5,0.049190950109108025,10778.869381699109,10820.190538657393,10878.004550508751,10850.508843036107,0.0,0.0,0.0,0.0,0.0,0.0,nan,0,-0.013603539681728893,0.00267344243616649,0.027681099727989267
20.774249905000033,-1.404027525848841,-0.1922597100372544,1.4693205173925774,0.5156832961287724,-0.14355060961531405,-0.051787323783541686,-0.056030601639767946,-0.0067917750308768765,-0.9878055191599886,-1.4405760943226085,-0.21411173957383708,1.5,0.052483708952478704,10778.869381699109,10820.190538657393,10878.004550508751,10850.508843036107,0.0,0.0,0.0,0.0,0.0,0.0,nan,0,-0.009810596661740778,0.00037318773921984905,-0.027887074564383108
20.78492069099957,-1.3852487230858637,-0.21035581310882256,1.4838504719487566,0.5200421585196465,-0.09983736565589657,0.009456276514228628,-0.05940407233093467,-0.006410788631555342,-0.9792318786279304,-1.4349988233608293,-0.2228556189992462,1.5,0.053778479719543026,10806.953561012671,10849.752155475626,10931.804955913472,10876.401445468702,0.0,0.0,0.0,0.0,0.0,0.0,nan,0,0.007154039056589845,-0.012898958879040745,-0.013388756705217553
20.7952153440001,-1.390127111807505,-0.20737035649554972,1.4815445947694736,0.5255242560762523,-0.11949756894774369,-0.041533614161102156,-0.056833611802149804,-0.009334260023360661,-0.9614521199684313,-1.4349988233608293,-0.2228556189992462,1.5,0.050930009176870086,10820.217381062826,10842.514772898503,10912.045083828058,10867.584437107538,0.0,0.0,0.0,0.0,0.0,0.0,nan,0,0.00041997066250987203,-0.005130328671475171,-0.015732331194509674
20.805484937000074,-1.4073929425849223,-0.197186353240503,1.489299689710918,0.5044978275135305,-0.14706065693095155,-0.030515909068887005,-0.05644414533927575,-0.008121196869370458,-0.9505311941788553,-1.4291834560673609,-0.2314387630129186,1.5,0.041982742803781184,10820.217381062826,10842.514772898503,10912.045083828058,10867.584437107538,0.0,0.0,0.0,0.0,0.0,0.0,nan,0,-0.018743251212696155,0.009795053937174836,-0.008023550257272971
20.815903109999454,-1.3804193557880085,-0.19517228654232988,1.4743067997138644,0.5134732116567263,-0.1095027167387164,-0.016270397102746206,-0.06063054494744024,-0.010279864218782311,-0.9350373942371313,-1.4291834560673609,-0.2314387630129186,1.5,0.06597981003754091,10863.155522777288,10867.290226211624,10946.610648857933,10896.003855140425,0.0,0.0,0.0,0.0,0.0,0.0,nan,0,0.006290975660632858,0.01650764103772115,-0.023075007271303072
20.826618801999757,-1.3897587585737852,-0.21524174556130746,1.4928126194831253,0.4795576020207023,-0.12009701837320882,-0.0256324461921254,-0.06073267052513649,-0.009744075334925023,-0.9226218398439258,-1.4231265877672088,-0.23986279631246438,1.5,0.04208641828270599,10888.221637664663,10889.157587422595,10968.504931710948,10899.547236357663,0.0,0.0,0.0,0.0,0.0,0.0,nan,0,-0.005029938401040379,0.0010928494493204766,-0.004641607971018091
20.836874132000048,-1.3954285715716703,-0.23244275205811657,1.4839665624890066,0.49090282823372733,-0.12257613185536592,-0.00179876766062507,-0.06317833930971195,-0.007243971001839803,-0.9058086551464845,-1.4231265877672088,-0.23986279631246438,1.5,0.03285282752403088,10881.765111211802,10892.90271966723,10967.71412969169,10889.24031432427,0.0,0.0,0.0,0.0,0.0,0.0,nan,0,-0.012723557046939282,-0.011498293696716788,-0.013574371217804693
20.847290590999364,-1.3736226207991984,-0.22854007010007096,1.5006406630009124,0.46788946489513544,-0.1170356467220886,0.02154261312104458,-0.06234492164966579,-0.006892874404473901,-0.8945012965991352,-1.416812281321084,-0.24814391442351227,1.5,0.047434881019500615,10876.73341991196,10877.619374165786,10963.07358271513,10876.549603591355,0.0,0.0,0.0,0.0,0.0,0.0,nan,0,0.007016216125449226,-0.003031430589443107,0.0029999864891818717
20.857361903999845,-1.3826209447479316,-0.2293969571276154,1.5182941335592335,0.4998495537655898,-0.11939842616241211,0.00021395474299807336,-0.06391938424002959,-0.009032409949536925,-0.8881596647906057,-1.416812281321084,-0.24814391442351227,1.5,0.04307169868017556,10876.73341991196,10877.619374165786,10963.07358271513,10876.549603591355,0.0,0.0,0.0,0.0,0.0,0.0,nan,0,-0.004090596048547557,0.000629457905884645,0.020545277264575335
20.86939528899984,-1.3757777985208046,-0.23823264191121601,1.496949757490875,0.4808251106433578,-0.1489559874136937,0.010699540974731902,-0.06405333218840054,-0.006392994241563241,-0.8697951415448988,-1.4102806006175417,-0.25622624485499007,1.5,0.03903225690104623,10817.259915676688,10805.201744464903,10898.572513115127,10795.897681864362,0.0,0.0,0.0,0.0,0.0,0.0,nan,0,0.0006018811358927678,-0.0037354914918703575,-0.0009094081913090246
20.877993184999468,-1.3818943935520431,-0.24605109512541187,1.5125191646107825,0.47276227042305297,-0.12659864582299032,-0.04606576735012026,-0.06667851345535108,-0.008588264152289802,-0.8585170131082818,-1.4102806006175417,-0.25622624485499007,1.5,0.03265026655536772,10817.259915676688,10805.201744464903,10898.572513115127,10795.897681864362,0.0,0.0,0.0,0.0,0.0,0.0,nan,0,-0.007707565161285457,-0.007131001553898453,0.014551006943323896
20.888559274999352,-1.3651766824774494,-0.26029837588521787,1.4640868423129392,0.4733732565419047,-0.14910069785460137,0.04998960857134736,-0.06484366816286191,-0.00612641741187905,-0.846442290765799,-1.4034978930531492,-0.26414864621418704,1.5,0.052660180940146455,10828.525060917187,10809.559746236746,10917.322730970342,10804.798235054524,0.0,0.0,0.0,0.0,0.0,0.0,nan,0,0.006774905763063055,-0.01700408888282337,-0.033990024398628194
20.899130497999977,-1.3619147256993458,-0.23245701813180583,1.5178632208496106,0.47118604004741693,-0.14246491390091678,-0.04130823793144134,-0.06870976429635728,-0.006543476476744213,-0.8319904269086706,-1.4034978930531492,-0.26414864621418704,1.5,0.055250463860571856,10828.525060917187,10809.559746236746,10917.322730970342,10804.798235054524,0.0,0.0,0.0,0.0,0.0,0.0,nan,0,0.007759024669992343,0.015161761506561122,0.019677053892819707
20.909236364999742,-1.3658066726583147,-0.2471998843465293,1.5185756262277672,0.4806670285406197,-0.10464726224710302,0.02122071678090453,-0.0701726748949398,-0.003961773232474608,-0.8208051084105894,-1.3964764913639511,-0.27189147661583973,1.5,0.04353580593010988,10833.656530690641,10803.389185461798,10922.484001208504,10799.24610901631,0.0,0.0,0.0,0.0,0.0,0.0,nan,0,0.001546463295150069,0.004692775930695642,0.02027959536633306
20.919693238000036,-1.3437301895876546,-0.26284353998818255,1.496139716302382,0.4794920727923439,-0.12285154851759633,0.0034210811589437395,-0.06268824411272858,-0.005012886766573238,-0.8040140567779688,-1.3964764913639511,-0.27189147661583973,1.5,0.053655748047346644,10806.563939084504,10771.11953181962,10872.749789602012,10756.986682579167,0.0,0.0,0.0,0.0,0.0,0.0,nan,0,0.02125949977510122,-0.0067283753545964164,-0.0022637715889133325
20.929947124000137,-1.3463482022359132,-0.2643530550252964,1.489611676533083,0.44453827626115827,-0.09319857482021793,0.06229492345723662,-0.07471115881534804,-0.0033884269173253853,-0.7952277646212892,-1.3892147491108093,-0.27945233243119205,1.5,0.046620234701373574,10817.53491016109,10771.44877977749,10881.980537026493,10761.779451089997,0.0,0.0,0.0,0.0,0.0,0.0,nan,0,0.016235138378616343,-0.004067534500046044,-0.008894122366338575
20.940406251999775,-1.349812369494648,-0.25324237238073133,1.5279041309565116,0.44057707318825984,-0.11555306919180083,-0.020575858116224817,-0.06894122665000295,-0.0046010778227375156,-0.7817757030224735,-1.3892147491108093,-0.27945233243119205,1.5,0.05493769243152628,10796.71369900781,10752.425398569128,10841.829600179279,10720.035203826073,0.0,0.0,0.0,0.0,0.0,0.0,nan,0,0.01032163476149539,0.011160571935671382,0.029303534489943495
20.950882574999923,-1.3609982888165242,-0.27180734141818164,1.5010852827704109,0.4718676668442563,-0.11935348381447952,0.008161605881570078,-0.07008436605360249,-0.00216396274837522,-0.7669211077450852,-1.381724032414818,-0.2868159038975858,1.5,0.02561232582355891,10794.185816037869,10755.652389560071,10853.156288328599,10709.581504123242,0.0,0.0,0.0,0.0,0.0,0.0,nan,0,-0.003356676973359507,-0.003340666965674921,0.002400047262448801
20.961146865000046,-1.3534103869931517,-0.29232864185909063,1.5220444737356158,0.47082254536079526,-0.1066815300467863,0.040532105371267856,-0.07228994496757356,-0.002420317039362875,-0.7542942480920387,-1.381724032414818,-0.2868159038975858,1.5,0.03630442974591816,10800.390891684869,10756.26581464376,10858.476900400488,10723.146536279151,0.0,0.0,0.0,0.0,0.0,0.0,nan,0,0.0016955653887380517,-0.019852851667169436,0.023284172185588092
20.97158041199964,-1.357907961505567,-0.3005324076010357,1.4975267374106682,0.453617335973198,-0.07470217286462022,-0.00890333345003423,-0.0721768705904271,-0.0034026101771300298,-0.7384578894548691,-1.3740005695826674,-0.2939829188339796,1.5,0.017549497590208702,10767.765443665377,10707.29951127842,10823.32149201935,10690.214994218013,0.0,0.0,0.0,0.0,0.0,0.0,nan,0,-0.005380979392392904,-0.02410282909622047,-0.0012960505510490883
20.98189621899928,-1.352093115528517,-0.2751464760929267,1.4900771008846379,0.43612348438204773,-0.10360624240288033,-0.05038479736308517,-0.07564391007260382,-0.001972499038522354,-0.7231598365902057,-1.3740005695826674,-0.2939829188339796,1.5,0.030548519524280223,10802.563978058095,10747.68734617558,10845.96471473883,10717.32135754624,0.0,0.0,0.0,0.0,0.0,0.0,nan,0,-0.002188577927305868,0.005180709855758969,-0.008795240827216944
20.992173159999766,-1.35472979028863,-0.2775882468157723,1.492468585327035,0.46635850361682823,-0.09011065357258057,-0.0066914425885542545,-0.07355251216835101,-0.0049326503990872825,-0.7187353944604037,-1.366038884159953,-0.3009545737365025,1.5,0.027029669715573402,10860.98445348571,10812.682110745407,10906.985674096266,10764.017848695335,0.0,0.0,0.0,0.0,0.0,0.0,nan,0,-0.007491721105285842,0.006579038874327814,-0.006448448676471985
21.00249413199981,-1.354464219062693,-0.29164231421205616,1.4959594033234338,0.46801581147375626,-0.11072943664022414,-0.04124498502552085,-0.0761582956011721,-0.0010166065031964886,-0.7026975760582715,-1.366038884159953,-0.3009545737365025,1.5,0.01539537174176205,10871.645725910614,10824.595025171657,10912.523095037996,10767.575055261483,0.0,0.0,0.0,0.0,0.0,0.0,nan,0,-0.009937078062098648,-0.0036936289892635643,-0.0030031560506109667
21.012859271999332,-1.3411784352289386,-0.2954911388277983,1.4976483301448267,0.43552009645949175,-0.12185917729199067,-0.041274704812755116,-0.07311933763080478,0.00016563614959198166,-0.6861522359639501,-1.357844501029407,-0.3077220635005694,1.5,0.020805855395159056,10900.929973293574,10844.082276467272,10945.825962152587,10798.93846904464,0.0,0.0,0.0,0.0,0.0,0.0,nan,0,0.000592996908451493,-0.0038208034898828402,-0.001363894096837237
21.023117045999243,-1.3470645496859368,-0.3001840336217777,1.5038975691311829,0.41538068799972444,-0.09253640241237918,-0.05928395940792277,-0.07370234088901567,0.0009094249643338208,-0.6813903089610432,-1.357844501029407,-0.3077220635005694,1.5,0.013719340018874412,10900.929973293574,10844.082276467272,10945.825962152587,10798.93846904464,0.0,0.0,0.0,0.0,0.0,0.0,nan,0,-0.008093964524165331,-0.004852889186897524,0.004827374228809411
21.03373345699947,-1.332810320013396,-0.3121385574083691,1.4953089098677312,0.4711762049072451,-0.094963123016637,-0.017272449559558197,-0.07657706504662398,-0.0014796758590927299,-0.6581028757124827,-1.3494162582681868,-0.3142826442322254,1.5,0.017388519783444068,10928.113078762974,10885.128022891444,11002.653103218305,10834.025432561844,0.0,0.0,0.0,0.0,0.0,0.0,nan,0,0.0033139496357461606,-0.013208498229747123,-0.0038311532707040463
21.044349888999932,-1.3369834620248602,-0.29902555985483037,1.486727097331001,0.4422902319300155,-0.08812600152177398,-0.0243376648698833,-0.07579512173669742,0.0011147247426092294,-0.6489626414105687,-1.3494162582681868,-0.3142826442322254,1.5,0.023738639206739506,10927.830084159896,10876.024854650774,10982.361502745493,10834.452295048286,0.0,0.0,0.0,0.0,0.0,0.0,nan,0,-0.003751194634175503,0.0034406242597601056,-0.012495840590456941
21.054314021999744,-1.326845029609302,-0.2851063131439008,1.5001591294078649,0.44677372892678274,-0.07928870785632779,-0.020506347163187374,-0.08160211331113901,0.002148670334145456,-0.6419752454446782,-1.3407595901051566,-0.3206286046916025,1.5,0.03815066857554615,10938.484468013734,10886.869090111175,10994.1157009056,10836.675323879215,0.0,0.0,0.0,0.0,0.0,0.0,nan,0,0.00344937224411912,0.0208323794097261,0.0008401760897061017
21.06471023099948,-1.3342079370266222,-0.2972593112773382,1.4855311530295825,0.4629637984461833,-0.11413082925122792,0.03167148778974416,-0.08051639045758714,-0.0031259095291844355,-0.6249915830572235,-1.3407595901051566,-0.3206286046916025,1.5,0.028255894347849003,10937.009257467906,10885.862827770941,10976.581709976657,10819.766370313986,0.0,0.0,0.0,0.0,0.0,0.0,nan,0,-0.006897427208903073,0.012087477168299277,-0.013896788143084482
21.075080370999785,-1.3281972875426769,-0.2882539859721328,1.496243554697264,0.47397860987679075,-0.12230888292564338,0.02102912384982357,-0.07706802621727063,0.00020897609780053767,-0.6118606436360889,-1.3318750641145582,-0.3267563734869158,1.5,0.03885962900187856,10903.374140160662,10850.91153644029,10952.143977064434,10788.32047770911,0.0,0.0,0.0,0.0,0.0,0.0,nan,0,-0.003916683606851157,0.024435938951970437,-0.0033025262574368774
21.085603179999453,-1.3149687421267564,-0.3191231181129871,1.485806770995254,0.43730303465418774,-0.06762849283600253,0.05735087773007769,-0.07897935734861959,0.004925712192039843,-0.6023549717376835,-1.3318750641145582,-0.3267563734869158,1.5,0.02335675620329169,10873.357740432933,10822.895021040844,10928.277528687728,10773.240483616406,0.0,0.0,0.0,0.0,0.0,0.0,nan,0,0.00623601680495578,-0.003155459307307318,-0.013861534370935402
21.0959721549998,-1.3202816934770933,-0.32632458639176454,1.4843223840228676,0.4113121083757153,-0.10486611838048088,0.036332371932827456,-0.0802853181150386,0.003874772615617252,-0.5868405261155767,-1.3227698051474173,-0.3326582746305686,1.5,0.017090756247656283,10848.943067770339,10793.526148167697,10898.974946626755,10737.508356275699,0.0,0.0,0.0,0.0,0.0,0.0,nan,0,-0.0021986486268406047,-0.007145023846894638,-0.015467261582678304
21.10685669799932,-1.3120021442547702,-0.3201254931996106,1.4923186812332732,0.46558530555456523,-0.10999232388375899,-0.0008981682869219389,-0.08374485940251432,0.004504176530937681,-0.5682031855511847,-1.3227698051474173,-0.3326582746305686,1.5,0.018221300433593518,10831.233103814448,10791.24674746493,10898.59466027073,10733.960958704256,0.0,0.0,0.0,0.0,0.0,0.0,nan,0,0.0029133004636272553,0.002199617215986216,-0.007588225355814826
21.11664321599983,-1.3103998446546843,-0.3046925500543515,1.4516158279727622,0.41852286833682506,-0.09818369918057034,0.06604101647236572,-0.08627755381095373,0.006980856460983205,-0.5530508117280006,-1.3134303257349804,-0.3383398225421319,1.5,0.059011446891313525,10849.888124488654,10797.807194879197,10907.361709436402,10757.754605908844,0.0,0.0,0.0,0.0,0.0,0.0,nan,0,0.0013018987013475591,0.020710977030037936,-0.048405042059588066
21.127841845000148,-1.3171343284768549,-0.33711055761930564,1.5049911285003699,0.41386022702971315,-0.07120777806775935,0.05117573790337475,-0.083132892112774,0.01014164049130732,-0.5459160504894432,-1.3134303257349804,-0.3383398225421319,1.5,0.0063357787421522834,10848.75550214483,10814.386911776452,10901.026609904304,10754.293412403462,0.0,0.0,0.0,0.0,0.0,0.0,nan,0,-0.008692636024033362,-0.008696548920594627,0.004858270485859739
21.137382206999973,-1.3091055637948577,-0.32268115344586384,1.4944906947572296,0.40281903752388004,-0.06213810701694043,0.0066171084833359095,-0.08660883738219569,0.006482415741980314,-0.5269881897027089,-1.3038836272017846,-0.34378206766566033,1.5,0.022424755226117893,10810.59297284401,10778.79016617222,10871.714912669637,10716.685167152584,0.0,0.0,0.0,0.0,0.0,0.0,nan,0,-0.003970300589432041,0.008674918990478342,-0.005748931217691711
21.14782683499925,-1.2995550155134352,-0.32942525305634335,1.5132002258075585,0.4355436305562513,-0.08875205558900312,0.035685893322743904,-0.0852068208646742,0.0056509015431601035,-0.521046442461409,-1.3038836272017846,-0.34378206766566033,1.5,0.019977511512832297,10822.214874353927,10811.601589976359,10876.670971647723,10721.654125737956,0.0,0.0,0.0,0.0,0.0,0.0,nan,0,0.00222733540550224,0.004803899835392644,0.012860873324444189
21.158293133999905,-1.2946908811454003,-0.3220943320117428,1.4927205946573885,0.43447541696158104,-0.07071135400142611,0.03094973777737211,-0.08841409563423394,0.010482137458156352,-0.4984355037890755,-1.2941051160614419,-0.34899657991266636,1.5,0.027875864201821105,10793.190215634242,10779.733894713061,10851.519142385081,10694.749628036072,0.0,0.0,0.0,0.0,0.0,0.0,nan,0,0.0036919479353374474,0.01493835390199838,-0.007709910275727205
21.168947467999715,-1.303509571987748,-0.3215088043140577,1.505957526490368,0.4315234948433233,-0.10050101789961706,0.005381810814255459,-0.08883189616221072,0.009903454732882089,-0.4987974217402233,-1.2941051160614419,-0.34899657991266636,1.5,0.02965659657669332,10801.785223999514,10790.638849385425,10839.16494567897,10701.26664688356,0.0,0.0,0.0,0.0,0.0,0.0,nan,0,-0.008572978338086568,0.018257370031069975,0.0054466177965546425
21.17888548799965,-1.2928724434409116,-0.351141469784071,1.4829775652566362,0.4381258628315226,-0.047205046651893165,0.049932109923194856,-0.08467240683750744,0.01143124105050468,-0.47993547067915443,-1.2841037854371895,-0.3539751865887161,1.5,0.01935671973003813,10805.793823510377,10792.8752000303,10855.261660940601,10712.785049313956,0.0,0.0,0.0,0.0,0.0,0.0,nan,0,-0.001429070309248992,-0.008712553617780283,-0.017604031233657835
21.189600201999383,-1.288685251937569,-0.34463361914296886,1.5038969672098568,0.44971785898107924,-0.07433301147535676,0.006235946373714093,-0.08757446046006934,0.012023548945509657,-0.4548895696492612,-1.2841037854371895,-0.3539751865887161,1.5,0.011110403731289133,10806.703396951822,10792.044998009957,10842.609692356054,10716.917901025425,0.0,0.0,0.0,0.0,0.0,0.0,nan,0,-0.0007823352301707942,0.0003866488295067305,0.0032539220256271317
21.199601558999348,-1.294584767325712,-0.33813590800329024,1.50926474110576,0.4151846467254998,-0.06751962880959642,0.003144795561698721,-0.0866466536032768,0.012693488461772547,-0.4569243417050615,-1.2738890493738668,-0.35871076833620147,1.5,0.030618181641271447,10814.795440671252,10801.191676666791,10845.499549706241,10734.191676204387,0.0,0.0,0.0,0.0,0.0,0.0,nan,0,-0.010269808613916132,0.009403682666277668,0.008568848650551075
21.209936627999923,-1.2799521219288905,-0.35449206699639274,1.5000494709790935,0.4517170767483153,-0.0879319760399274,-0.015723096118276558,-0.09062407259406931,0.016695855493959973,-0.4367560786059774,-1.2738890493738668,-0.35871076833620147,1.5,0.007386524025531765,10812.122169217411,10812.457738851768,10852.551794177034,10734.995117155375,0.0,0.0,0.0,0.0,0.0,0.0,nan,0,0.0007270823271763316,-0.004505843890784622,-0.000691806097760983
21.220886250999683,-1.278266042183955,-0.345456492989212,1.509939780215223,0.3529770497481333,-0.058460169532958454,-0.03255172756036292,-0.08887661852073189,0.012128554802807428,-0.42139362369132627,-1.2634520231801483,-0.3632049908405077,1.5,0.02516472860472634,10840.777239641397,10827.188367966906,10875.819703138199,10774.550553879373,0.0,0.0,0.0,0.0,0.0,0.0,nan,0,-0.0012707741667095096,0.0069029015708237385,0.009157785956978692
21.23075445199993,-1.287542029697057,-0.3458051740064725,1.4874477266409412,0.4510014836171458,-0.05270287262830891,0.03215911617145196,-0.08974707440205669,0.01551693024214362,-0.41219686351095364,-1.2634520231801483,-0.3632049908405077,1.5,0.032258977143164655,10844.14164922008,10874.300879244003,10899.620638333265,10777.094967757332,0.0,0.0,0.0,0.0,0.0,0.0,nan,0,-0.014279336660381059,0.008853075571753966,-0.013374369221048843
21.241036153000096,-1.2534142319942987,-0.34486538263106015,1.5064492443738828,0.44893933089506954,-0.08560558588349544,0.002643702469585457,-0.09121264636855514,0.020729095708364897,-0.399570893149506,-1.2527953999376018,-0.36745389891226227,1.5,0.023499293050953433,10840.746149340142,10865.686612056423,10884.797316053062,10771.688208934598,0.0,0.0,0.0,0.0,0.0,0.0,nan,0,0.016066943780310483,0.012016800486134183,0.005586812280039766
21.251859406999756,-1.2572453026067636,-0.3503806658410927,1.505207253204352,0.41911821252615367,-0.04003063691127017,0.03540507868219518,-0.08771844235403467,0.02141508911683065,-0.3794641333961082,-1.2527953999376018,-0.36745389891226227,1.5,0.018395988888932426,10840.53600571134,10854.144087736664,10870.26513341572,10787.98028921912,0.0,0.0,0.0,0.0,0.0,0.0,nan,0,0.008405191156058311,0.008650081976056823,0.004305246753343539
21.261841711999296,-1.2625123819061184,-0.37775526876458726,1.5005319938308195,0.41104050671714815,-0.029648564796594785,0.010429368805975083,-0.09242337119973103,0.02235753754035693,-0.3657222003822703,-1.241945529897045,-0.3714455179635997,1.5,0.021519557945499687,10817.04427530452,10840.189100031557,10842.86071737493,10764.345776618255,0.0,0.0,0.0,0.0,0.0,0.0,nan,0,-0.0007418943886541296,-0.01665165167283067,-0.00040646725918103144
21.27229040399925,-1.2587182680870381,-0.38104626374290607,1.4905126307012142,0.4332780599226335,-0.03460880856161144,0.021865367730621102,-0.08870434079409281,0.023557649490397813,-0.3580218150511851,-1.241945529897045,-0.3714455179635997,1.5,0.02152926478355605,10820.595223611412,10858.37722587472,10840.14183518657,10774.053086301756,0.0,0.0,0.0,0.0,0.0,0.0,nan,0,-0.0008773309887022407,-0.017945865749385448,-0.010457871373225958
21.28270841199992,-1.2419894693262998,-0.3511412885092593,1.5290818017470937,0.42351852577305776,-0.059453202152342746,0.006223214809515077,-0.09065291818896082,0.02409672808204639,-0.3474078659601126,-1.2308741889150894,-0.37518861886558513,1.5,0.03933922659055937,10827.36362228903,10862.786284637852,10846.84072426899,10787.332838888553,0.0,0.0,0.0,0.0,0.0,0.0,nan,0,0.011872011244632219,0.013879226451047555,0.028082373067113586
21.293084549000014,-1.23563442437035,-0.37361919714575753,1.4893440061033623,0.4578831132005741,-0.0512734265630543,0.002026745827590143,-0.0895766871650416,0.02295768696546336,-0.3344826328844904,-1.2308741889150894,-0.37518861886558513,1.5,0.011775955674567079,10801.098326911973,10845.228702622517,10821.548093450405,10770.399617992249,0.0,0.0,0.0,0.0,0.0,0.0,nan,0,0.014197470078741503,-0.006755578871236512,-0.01167983159168684
21.303283685999304,-1.2363755689998968,-0.3660844828906381,1.486719919843677,0.42644090731643536,-0.03888403256095832,0.035689216668196744,-0.0904337681792264,0.026878221201216395,-0.3183195960903758,-1.2195841261785634,-0.37867948519178923,1.5,0.02483842112426788,10801.098326911973,10845.228702622517,10821.548093450405,10770.399617992249,0.0,0.0,0.0,0.0,0.0,0.0,nan,0,0.00937627906517191,0.002544740749485519,-0.014324312007440776
21.313922237999577,-1.2570578229657265,-0.377899441836005,1.5224477748802068,0.45493268525768976,-0.01748503664255874,-9.570769759771353e-05,-0.09404408159674517,0.029156341983704766,-0.3077368705525481,-1.2195841261785634,-0.37867948519178923,1.5,0.043689690037874936,10823.562262399311,10868.9884494353,10833.834601273431,10807.326345732445,0.0,0.0,0.0,0.0,0.0,0.0,nan,0,-0.015436896132837719,-0.0075827011432327285,0.021385166978618697
21.32427963400005,-1.245636325205847,-0.3594565730684188,1.4814918002647852,0.45004003413523386,-0.02307607982448963,-0.014743497153744754,-0.09039792282150431,0.030134046042441704,-0.28131095039829457,-1.208077164308742,-0.38191498251410616,1.5,0.047514462846204746,10817.477182961858,10865.44744506585,10822.852599088308,10801.466829363959,0.0,0.0,0.0,0.0,0.0,0.0,nan,0,-0.00819745780859149,0.01246923862041549,-0.019586329691101634
21.33445653599938,-1.238439191269774,-0.3929632144713927,1.492760928682415,0.43458177897345,-0.03361475854439507,0.03824385636122064,-0.09271923014193456,0.03096351047418808,-0.27228699381052807,-1.208077164308742,-0.38191498251410616,1.5,0.033110727326736984,10858.01435696294,10919.008805852092,10850.77161229305,10847.500959584768,0.0,0.0,0.0,0.0,0.0,0.0,nan,0,-0.005234013712960062,-0.019507456545281243,-0.008333202271829432
21.34484726699975,-1.252019288499278,-0.3795763880892768,1.5378966485115606,0.4479544238259131,0.010699344041657703,0.05268742877750242,-0.09148138641493224,0.028922952688823687,-0.26952638688820735,-1.1964112465801504,-0.38487868506231215,1.5,0.06750203439659046,10858.01435696294,10919.008805852092,10850.77161229305,10847.500959584768,0.0,0.0,0.0,0.0,0.0,0.0,nan,0,-0.023099858638015558,-0.00467037894305361,0.03678389989646136
21.355084875000102,-1.236473946769044,-0.3814940853002559,1.5388577566879258,0.4781975873933621,0.03206745859957002,0.057967555838777274,-0.0907178109268847,0.03154050453969801,-0.25296539416285435,-1.1964112465801504,-0.38487868506231215,1.5,0.055914226425772234,10832.536516431832,10907.71609529863,10836.94693763321,10836.432379592838,0.0,0.0,0.0,0.0,0.0,0.0,nan,0,-0.011892222283697906,-0.005217304661388089,0.03773120154674392
21.365611943999284,-1.2403734413811651,-0.3621098032822477,1.4846569955747084,0.45276026467040303,0.004745205638737921,-0.003508922832100069,-0.09269975693499145,0.03475402796776275,-0.2399356731193189,-1.1845134618135083,-0.38758831817134914,1.5,0.06328427785040866,10723.100634568773,10814.653760605901,10708.820652325161,10714.47932096197,0.0,0.0,0.0,0.0,0.0,0.0,nan,0,-0.020181127420720868,0.015458730304034385,-0.01646838581994814
21.37640561599983,-1.217216679370396,-0.3879966175150895,1.5014356643070919,0.4963515571500888,-0.034147553783204165,0.025907996575717473,-0.09149881145926363,0.0349487787510153,-0.2173994041970871,-1.1845134618135083,-0.38758831817134914,1.5,0.03273726132299232,10782.366128019132,10882.120274555798,10757.265426558031,10774.343165040884,0.0,0.0,0.0,0.0,0.0,0.0,nan,0,-0.0014658686617383676,-0.009215787962913058,0.00032518877622478293
21.387186263999865,-1.2021544639075006,-0.37646819642661405,1.4941694880823542,0.48837999405830784,0.013574458195405897,-0.018705736857963673,-0.08936756207270563,0.04110356547458009,-0.20474453132473816,-1.1723963126947838,-0.39003783337768166,1.5,0.03322164173854905,10782.678150268377,10878.838772929324,10758.106772929259,10802.722545061646,0.0,0.0,0.0,0.0,0.0,0.0,nan,0,0.009102112128351658,0.00344470297868138,-0.0069179839960991085
21.40732795399981,-1.2148056227395612,-0.3811454286965985,1.5012822126996213,0.44923379535306807,0.0020301589045245245,0.03272595218910967,-0.08889264883891296,0.042735266757601253,-0.18356896525974284,-1.1601148206276626,-0.39221549687189644,1.5,0.05581464247359885,10870.563392416316,10956.531926273916,10809.634369972198,10895.600089140564,0.0,0.0,0.0,0.0,0.0,0.0,nan,0,-0.012698199012254552,0.000788079945919673,0.00024399784208495312
21.417579301999467,-1.1788081857186357,-0.3986496185053221,1.49903564127663,0.48493038177602127,0.006218922485003525,-0.03199719087096008,-0.0900421836150644,0.045456765694929235,-0.1724190370838524,-1.1601148206276626,-0.39221549687189644,1.5,0.01979317577766304,10835.74979087373,10949.506177684276,10794.12445003242,10878.057820160535,0.0,0.0,0.0,0.0,0.0,0.0,nan,0,0.018643236342979153,-0.015828736323531656,-0.00198430016952722
21.427912271999958,-1.184164382383545,-0.3957197142993119,1.5051755233403246,0.4799372071485726,-0.02531946428653566,0.07192360558337225,-0.08830637936321084,0.04667791028470956,-0.1579834199945153,-1.1476093088471964,-0.39413109024132664,1.5,0.03695379776818228,10870.586122597128,10979.012718198888,10823.077763504982,10927.171359943839,0.0,0.0,0.0,0.0,0.0,0.0,nan,0,0.008576232676779982,-0.012093883764961288,0.004167569522927073
21.438502518999485,-1.1740621794258805,-0.3826002361317496,1.506226206758483,0.45645255002048707,0.009821026477399832,0.057231414942827484,-0.09291854315600845,0.046140373907094,-0.13662013195830647,-1.1476093088471964,-0.39413109024132664,1.5,0.029520850410317535,10801.026868446059,10923.241682546992,10772.169835396571,10890.163533672841,0.0,0.0,0.0,0.0,0.0,0.0,nan,0,0.01391264618191923,0.0017480833281109942,0.0052259331464785674
21.448739722000028,-1.1935731251225201,-0.3924705588454157,1.5009378430837534,0.48192361216533713,-0.028687780699843186,0.007118436868763371,-0.08906752149031401,0.046992590453295104,-0.12655547950036294,-1.1349250850018109,-0.3957763113326709,1.5,0.05874861835955853,10766.456402646341,10910.53120636493,10738.32657817577,10854.716508468016,0.0,0.0,0.0,0.0,0.0,0.0,nan,0,-0.010418922377034567,-0.007481776800979167,-5.1656314905335066e-05
21.45912081699953,-1.179127255617778,-0.38815653167721875,1.5296948909987151,0.4566913164652263,0.012322975516475498,0.07633901099187958,-0.09032338370735697,0.04969387411985503,-0.12116128126819903,-1.1349250850018109,-0.3957763113326709,1.5,0.05379293151136393,10770.840343004802,10932.711318756994,10761.003545902535,10885.279792621654,0.0,0.0,0.0,0.0,0.0,0.0,nan,0,-0.0008487470025737576,-0.0026094281027959076,0.028719932627801814
21.469341334999626,-1.1881868619512825,-0.39062121498510144,1.507063618010341,0.46772431768895134,-0.01591710750406286,0.017638139117174188,-0.08871316372774866,0.051448600380931055,-0.09620919988137162,-1.1220449504273706,-0.39715301770237543,1.5,0.06683795034387569,10770.840343004802,10932.711318756994,10761.003545902535,10885.279792621654,0.0,0.0,0.0,0.0,0.0,0.0,nan,0,-0.01483916507635441,-0.004597761708003523,0.006110867950464005
21.480036621999716,-1.1812220979419685,-0.38397874872086846,1.4776592618622828,0.5045002858128134,-0.007796471071365342,0.05782745495192477,-0.08747279471766227,0.05051016994395686,-0.08509869790455178,-1.1220449504273706,-0.39715301770237543,1.5,0.06461118116626277,10708.396238104062,10915.175609168251,10722.581383500374,10845.224736887203,0.0,0.0,0.0,0.0,0.0,0.0,nan,0,-0.012860419022718839,0.00243921195422947,-0.023260321817289098
21.49092503099928,-1.1637695798016985,-0.3741299780897139,1.49899617472222,0.514183168622338,0.02655386409673548,0.015547090069945984,-0.08739458764337228,0.054690908635809714,-0.08588615329449736,-1.1089673106743545,-0.39826034406989425,1.5,0.05988798651675973,10719.872034870446,10933.820135001122,10730.181184991427,10863.492057965748,0.0,0.0,0.0,0.0,0.0,0.0,nan,0,-0.00044960177724351347,0.012600257277256222,-0.0018823033830772662
21.501211015999615,-1.144684050596843,-0.3786137017537655,1.4962627351567757,0.5464623339558061,0.013942524651504747,-0.006934630974019255,-0.0862699913432738,0.05306828913015756,-0.06064857947039698,-1.1089673106743545,-0.39826034406989425,1.5,0.04093462120866617,10752.241822457863,10956.076090832637,10735.230841534787,10888.87687484201,0.0,0.0,0.0,0.0,0.0,0.0,nan,0,0.013538039822722947,0.008346179940765197,-0.004569877491362728
21.511526780999702,-1.1436250080082615,-0.3866741911024915,1.489319811690238,0.502882580207709,-0.010853445611943445,0.009944575554070802,-0.08700224867771075,0.05798325827918834,-0.0448819436492331,-1.095703031453882,-0.39909664483026086,1.5,0.05064483799785564,10793.536688034814,10986.332974481124,10750.630983099545,10933.242038615705,0.0,0.0,0.0,0.0,0.0,0.0,nan,0,0.009442386854452645,0.00043217820715152344,-0.011467077347895538
21.52188129699971,-1.146961762643586,-0.3981367759057945,1.5040538768307792,0.5456279536125735,-0.01960916177638359,0.06386227410215503,-0.0885142082100927,0.05781311075115656,-0.040871465520459574,-1.095703031453882,-0.39909664483026086,1.5,0.051427743377379584,10804.767817659167,11009.09297277579,10763.20320937151,10963.99547773564,0.0,0.0,0.0,0.0,0.0,0.0,nan,0,0.0008935173443618272,-0.010967571918247654,0.0033079246183240762
21.531958918999408,-1.1611593912610356,-0.39816705219713966,1.494252526682916,0.5294718636127637,-0.0303344611678732,0.02534993594644966,-0.08584756698460201,0.06336195279449512,-0.02816347561750754,-1.0822238468015672,-0.3996624398834612,1.5,0.07915863700807198,10762.686245665454,10966.697823454177,10727.14513427928,10941.318245401011,0.0,0.0,0.0,0.0,0.0,0.0,nan,0,-0.018573866734616917,-0.011018605134100912,-0.00645554914825297
21.542126882999582,-1.1205648329989433,-0.3854541573876254,1.488724642473691,0.5323632338543246,-0.03292298625445377,0.0804622444299681,-0.08395353355432418,0.05999327518741941,-0.011431148115799152,-1.0822238468015672,-0.3996624398834612,1.5,0.04241509402812805,10762.93829720606,10976.544565592338,10743.02278054409,10966.251986727731,0.0,0.0,0.0,0.0,0.0,0.0,nan,0,0.01669309245916817,0.0015900311157365787,-0.011946683691865578
21.55258448299992,-1.1350299226381104,-0.39313877684457754,1.5201170102829102,0.5300424386566356,0.007199570125958665,0.028266482921054492,-0.08664106419436474,0.06237082658690513,0.0003009180322992898,-1.0686245533585488,-0.39995455132570473,1.5,0.06971959519141839,10727.353948596287,10951.260122877868,10714.457395118068,10948.47441978323,0.0,0.0,0.0,0.0,0.0,0.0,nan,0,-0.003157665031238155,-0.006282296077731675,0.019482750568459162
21.56334823999987,-1.1187736350608388,-0.38425501079151053,1.4785786236620853,0.5339628613000746,0.005485650135427206,-0.02144026637723776,-0.08286932562285984,0.06616306529769841,0.011208619479355171,-1.0686245533585488,-0.39995455132570473,1.5,0.056747522701685774,10714.766442792537,10954.375871825721,10695.382500510148,10936.71706878753,0.0,0.0,0.0,0.0,0.0,0.0,nan,0,0.007654782040132702,0.0023305210401278753,-0.022014965368224226
21.573522793999473,-1.1342454257151442,-0.39450091213578525,1.5110240814597022,0.5619280630896727,0.04137129330284563,0.04343124954471076,-0.08416335084971789,0.06721465819432193,0.02880548988094467,-1.0548117419127463,-0.39997581026097445,1.5,0.08038168326136672,10782.226753807052,11025.793452741334,10757.692961967341,11005.846156769929,0.0,0.0,0.0,0.0,0.0,0.0,nan,0,-0.013319667623985287,-0.008270110741181225,0.010469294977307309
21.58405424600005,-1.1094505207591137,-0.3975045850402915,1.4795142227804203,0.5528560392492883,0.005408773576729877,0.0700570487894467,-0.08031675473029504,0.06620574776559998,0.035618391871174736,-1.0548117419127463,-0.39997581026097445,1.5,0.05840522387769634,10762.425571373935,11014.085915704058,10714.474635859198,10979.74826702316,0.0,0.0,0.0,0.0,0.0,0.0,nan,0,0.00591324209513866,-0.011712661733835228,-0.021007092415006534
21.593889122999826,-1.0973001951949217,-0.3544372608977053,1.5053565802833004,0.5892147775590626,0.018412075795310862,0.04057124151418312,-0.08393563978572341,0.06648598695591101,0.055521718249098836,-1.0407752285550242,-0.3997239704210382,1.5,0.0726267916503524,10748.00069895578,11008.829938455341,10706.969658901133,10975.90598360452,0.0,0.0,0.0,0.0,0.0,0.0,nan,0,0.012442125561817674,0.03083182707888682,0.004866345945895079
21.604153454999505,-1.1015593672129753,-0.3874274382797133,1.4916548781700312,0.5519769640487622,0.006897185744152078,0.027629650433685427,-0.08125314773635837,0.06661165459063803,0.06340107342147798,-1.0407752285550242,-0.3997239704210382,1.5,0.0625744138881754,10748.00069895578,11008.829938455341,10706.969658901133,10975.90598360452,0.0,0.0,0.0,0.0,0.0,0.0,nan,0,0.0025018855596588008,-0.0027650399164019235,-0.008804910662736143
21.6146460330001,-1.0841383791123917,-0.37222904461492845,1.4803107044903552,0.5631469609241256,0.019457376233211893,0.015284702972766236,-0.08179638214876074,0.07128958122104366,0.0732103783472015,-1.0266506557315784,-0.3992028628258401,1.5,0.06648378423382907,10752.59432488507,11031.25981244292,10690.22179378521,10983.669263350865,0.0,0.0,0.0,0.0,0.0,0.0,nan,0,0.014181864901229524,0.011742738487125592,-0.020119772151793835
21.62489558499965,-1.075357057990889,-0.39467938439928973,1.5233906585333084,0.5746514122748808,0.052314201769890774,0.048166891289158915,-0.08063482323089707,0.07073396220562903,0.08818019141244782,-1.0266506557315784,-0.3992028628258401,1.5,0.054220829805002806,10787.330505434245,11066.54915607637,10711.524315636068,11017.40972993712,0.0,0.0,0.0,0.0,0.0,0.0,nan,0,0.017161683426323737,-0.011482517147534788,0.022984052676082944
21.635486612000022,-1.0818301852939436,-0.38397798976145164,1.4995541833603303,0.5839964371204207,0.037473490769171565,0.038076107203212486,-0.07661887813923335,0.07016019724707927,0.09575094680216951,-1.0123053448070494,-0.3984090618250681,1.5,0.07100815472964765,10787.330505434245,11066.54915607637,10711.524315636068,11017.40972993712,0.0,0.0,0.0,0.0,0.0,0.0,nan,0,0.00482634910586599,-0.0016402365602639635,-0.0008330318098874745
21.64703981599996,-1.082137910336967,-0.39346648192715633,1.4882602541746783,0.6469035927839678,0.06522655677536335,0.10712655024379074,-0.07900171313949698,0.07499815096328806,0.11168439045316074,-1.0123053448070494,-0.3984090618250681,1.5,0.07098477256835191,10744.466738957119,11042.677699430566,10664.785019466557,10979.084790315514,0.0,0.0,0.0,0.0,0.0,0.0,nan,0,-0.0014043430465258133,-0.012071708840770523,-0.012108752500147979
21.666898114000105,-1.0659449296478198,-0.3853708506063499,1.4871264250328462,0.6061765544474864,0.04353639752370966,0.08234945509680319,-0.07570491518669029,0.0737129973748955,0.13199844137457922,-0.9977409231861228,-0.3973405111680521,1.5,0.07043286309546491,10708.39874175519,10987.920647784966,10573.846531568779,10933.959321659255,0.0,0.0,0.0,0.0,0.0,0.0,nan,0,0.0027602864137121763,-0.006112059902256939,-0.013195519167604086
21.67710668899963,-1.061097105954972,-0.3790200222086212,1.509812112654973,0.6464948740752702,0.060007544718357814,0.08496302001621331,-0.07361922938950824,0.07376967540950663,0.13555767702266955,-0.9831017433929548,-0.3960096110380235,1.5,0.08042512209830066,10695.889560758567,10995.293258847414,10579.595766618098,10934.053924178193,0.0,0.0,0.0,0.0,0.0,0.0,nan,0,0.0015026773265982563,-0.0009533500003156004,0.009526122040856011
21.687566108999818,-1.059875624682489,-0.38657823932651014,1.4848875925802791,0.5823217104381879,0.03715928226245748,0.03775776385207467,-0.07498186657491236,0.07612113458637575,0.14491765963920827,-0.9831017433929548,-0.3960096110380235,1.5,0.07881347904159454,10674.285974184113,10971.691133944096,10552.180391043514,10915.730484661135,0.0,0.0,0.0,0.0,0.0,0.0,nan,0,-0.003442255277436468,-0.009785944513866274,-0.015351381198003278
21.697798352000063,-1.0405294079979812,-0.3628088974251304,1.4835954140342509,0.607059018998711,0.046596920493498936,0.027756701938197997,-0.07050910928560905,0.08257524673075738,0.16555390840657863,-0.9682468339435812,-0.39440543495206903,1.5,0.08057432678172813,10697.254596244877,11018.7487348301,10611.252706326879,10952.308751164586,0.0,0.0,0.0,0.0,0.0,0.0,nan,0,0.009676201011584062,0.012626841127049204,-0.016587405554933543
21.707996406999882,-1.0496058661647374,-0.36058351203757766,1.5269005099580757,0.6803964464259445,0.02194793199962285,0.04035431715829816,-0.06903148164473986,0.07962986159423123,0.1726310641098603,-0.9682468339435812,-0.39440543495206903,1.5,0.09212411209667884,10733.179546870528,11061.276992018791,10643.617832531245,10998.29822608889,0.0,0.0,0.0,0.0,0.0,0.0,nan,0,-0.0056900866738780476,0.01341315641918922,0.02677571274695878
21.718520472999444,-1.0443868776305987,-0.37566424790768155,1.4845169976691925,0.6264102550598689,0.015178694236219927,0.0665508066825301,-0.07307142362424382,0.0797285718542345,0.18284218204208796,-0.9532288541982157,-0.392533272382122,1.5,0.09398974722805646,10710.918989591264,11032.823861671095,10618.5905273877,10992.92137764758,0.0,0.0,0.0,0.0,0.0,0.0,nan,0,-0.006823343297751139,-0.0031889714124563873,-0.015549410009274567
21.72866607600008,-1.0332092734900085,-0.37009438252265725,1.4728556018743526,0.7047944905004774,0.03153192667859673,-0.0074946663496510925,-0.06946486436583185,0.08453967691115424,0.20077325457847764,-0.9532288541982157,-0.392533272382122,1.5,0.08739101554404674,10704.847238252956,11041.31154978367,10629.683194822845,11002.493042464821,0.0,0.0,0.0,0.0,0.0,0.0,nan,0,-0.0020605694308684086,0.0007776339186162384,-0.02715085075947421
21.739249629999904,-1.0311422036480216,-0.36010057993462424,1.48485237705914,0.6838637513524484,0.01931644478453026,0.05363373292654793,-0.0672730581195602,0.08094200940052332,0.2113019355095219,-0.9380462476232927,-0.39039385850979275,1.5,0.09906558552670792,10781.691678212143,11101.719791233128,10686.11101249589,11088.509400035067,0.0,0.0,0.0,0.0,0.0,0.0,nan,0,-0.006471645934583714,0.009086091166167931,-0.015099668845784509
21.74956949099942,-1.0152658608922203,-0.37135082239995054,1.489508338702917,0.6727829739211424,0.021777983613036737,0.05892159138381363,-0.06866920775468942,0.08480528462133631,0.2143596105310709,-0.9380462476232927,-0.39039385850979275,1.5,0.08022207211519904,10772.343488986548,11097.741899972205,10675.11827227678,11089.020200089859,0.0,0.0,0.0,0.0,0.0,0.0,nan,0,0.002862609826334017,-0.0039316370276434864,-0.010400384403389529
21.759929484999702,-1.0203410564941573,-0.3630546442835435,1.4828237633133212,0.690133483296432,-0.002367407345992561,0.042518754556177096,-0.0637477622191211,0.0875955936333364,0.23149495133566197,-0.9227003853046075,-0.3879883263113558,1.5,0.1022272579918225,10756.189495704046,11086.71114905421,10668.80178668611,11085.076166325807,0.0,0.0,0.0,0.0,0.0,0.0,nan,0,-0.008818762386802348,0.002515467600459065,-0.017051333846353156
21.77037674499934,-0.9968769282083244,-0.36642580893427806,1.5229084118126188,0.6750320651842624,0.0371950862783534,0.06414962910826573,-0.0646286071265965,0.08671823841758784,0.2440892041474722,-0.9227003853046075,-0.3879883263113558,1.5,0.08057230916735766,10759.565621018262,11095.851324835545,10680.090948400008,11108.565724611908,0.0,0.0,0.0,0.0,0.0,0.0,nan,0,0.007974843553441358,-0.0027859241049443817,0.02305691960297196
21.780706646,-1.0039481797619125,-0.36694376070200296,1.5163159474580712,0.7098685305396584,0.03406100932055056,0.05524197103539901,-0.06118862736104975,0.08526958278833643,0.2556014820414022,-0.9072073389509518,-0.3853205595317082,1.5,0.09981336161804005,10710.484703520915,11062.027190112882,10634.151852022485,11061.603425176256,0.0,0.0,0.0,0.0,0.0,0.0,nan,0,-0.005831287337115798,-0.005314520865762229,0.016481138667704176
21.79095589499957,-0.9876189656087252,-0.3491810313742971,1.489134016249485,0.7029082187529493,0.019799094720206255,0.125228994391174,-0.061343843577080955,0.0865670096377744,0.2609646703858429,-0.9072073389509518,-0.3853205595317082,1.5,0.0888265996200231,10689.110000692126,11047.336531222856,10608.846342758548,11045.862396150169,0.0,0.0,0.0,0.0,0.0,0.0,nan,0,0.0036988611026494977,0.010358102825014426,-0.010685425134973947
21.801424846999907,-0.9758707905227244,-0.3568939556863136,1.479985962175474,0.7200971443887896,-0.020059898137442807,0.09196920069158421,-0.0608614732753777,0.08864760946427878,0.2754528994123077,-0.8915617123082904,-0.3823912466323637,1.5,0.09032549044979847,10649.716919122324,11013.660832206755,10569.304016414417,11009.226572688523,0.0,0.0,0.0,0.0,0.0,0.0,nan,0,0.00858393174076566,0.0004765461567780571,-0.019814281881913587
21.811925242999678,-0.9766922038331247,-0.35980573812606076,1.5012680532195837,0.7218542065464524,-0.0014739912488080792,0.07924698181283174,-0.06039473217704196,0.08891591969983262,0.28254080224599915,-0.8915617123082904,-0.3823912466323637,1.5,0.08808469640474369,10648.931003725922,11011.880014484821,10573.20304947327,11030.503193884653,0.0,0.0,0.0,0.0,0.0,0.0,nan,0,0.000835357637637979,-0.004681646462523559,0.0014934943455957583
21.822542756000075,-0.9702034419893415,-0.33878994596186185,1.4769064479710619,0.7398884723311162,0.0650184665027806,0.006774268624041981,-0.056490518592913944,0.09040559810355805,0.2845230575674795,-0.8757553198842352,-0.37920017861618904,1.5,0.10529362192303578,10637.218122827642,11007.944425059237,10568.974509986223,11029.43793867922,0.0,0.0,0.0,0.0,0.0,0.0,nan,0,0.0003327062629059352,0.014010504926085021,-0.022835973958353017
21.8326303369995,-0.9539327675206757,-0.3600688109872264,1.5183513011057757,0.7782173554358391,0.021583148035091638,0.08635688715087385,-0.05583879293537721,0.09276581962714175,0.30089431268589123,-0.8757553198842352,-0.37920017861618904,1.5,0.08254994123909334,10724.461599861286,11080.515952691072,10626.080731899085,11092.383777672641,0.0,0.0,0.0,0.0,0.0,0.0,nan,0,0.009547101373808764,-0.009669157308853038,0.018641307536217955
21.842753238000114,-0.93522894786736,-0.3450142949089021,1.5006338621394808,0.7500854799224782,-0.003518563517476817,0.10873085062349222,-0.05369483005811029,0.0917393834391913,0.3087974679589839,-0.8598076687735311,-0.3757528826568047,1.5,0.08144711104819252,10724.461599861286,11080.515952691072,10626.080731899085,11092.383777672641,0.0,0.0,0.0,0.0,0.0,0.0,nan,0,0.02112944708496045,0.0029078167220081275,0.0009543785258097071
21.85320700200009,-0.9408733306629221,-0.33754196539101045,1.4826491770168049,0.7749698489781216,0.0034992862358219547,0.04036508470373125,-0.05312121182729429,0.09231818949454496,0.3176186586393683,-0.8598076687735311,-0.3757528826568047,1.5,0.09128398980134801,10647.997018845832,10997.175067636274,10546.219617539828,11042.459616046815,0.0,0.0,0.0,0.0,0.0,0.0,nan,0,0.008298688975989066,0.007826982512112945,-0.016995255373898344
21.863460533999387,-0.9366666962715174,-0.33959787159620514,1.5061854810119184,0.7608708326396465,0.045915913755925235,0.06343536568849835,-0.050246033439087685,0.092436966989807,0.3267315875175733,-0.8437087447683418,-0.3720490057848511,1.5,0.09865352012546266,10691.723813910665,11039.307897839904,10590.456615554669,11088.586383337484,0.0,0.0,0.0,0.0,0.0,0.0,nan,0,0.005253803439189464,0.0031428097069950423,0.006579152291439572
21.874255256999277,-0.9362143503045011,-0.3347894593702357,1.5076015022970874,0.7719169646668544,0.07538345706163319,0.036744818485381234,-0.04907785003481794,0.088400939679852,0.3331563785453636,-0.8437087447683418,-0.3720490057848511,1.5,0.10001671706173428,10687.57384388331,11043.989955472374,10579.272855889398,11074.245336338572,0.0,0.0,0.0,0.0,0.0,0.0,nan,0,-0.0016108613724427068,0.005248255665524948,0.008033064593243155
21.884626082999603,-0.9266124843352666,-0.34138318592177674,1.510310828186593,0.7863593902598666,0.00288437458190385,0.06923833151970636,-0.04660023131698963,0.0897313528044077,0.3470688608966946,-0.8274698946913924,-0.36809301141110956,1.5,0.10319390019210277,10701.496826193707,11072.334715421497,10589.75186136263,11069.955072252407,0.0,0.0,0.0,0.0,0.0,0.0,nan,0,0.0006083601710002995,-0.004122501746291973,0.010779427037207912
21.89512815299986,-0.9141790195742034,-0.3333969626836542,1.491251282751666,0.7886686753184129,-0.0035522446923961955,0.03847210060233658,-0.04578786467492941,0.09108856030255703,0.358862294228778,-0.8274698946913924,-0.36809301141110956,1.5,0.09380206921348895,10673.569503005569,11052.700495884741,10578.682446800132,11062.500448464049,0.0,0.0,0.0,0.0,0.0,0.0,nan,0,0.005593493111044623,0.0010133763162970544,-0.008243476271477812
21.906169851999948,-0.9094497045367698,-0.33040277915754823,1.5146115426092488,0.8285456623100582,0.002131932345731981,0.05992463394159562,-0.04802585675253521,0.09356568932438643,0.36022539109858853,-0.8110824423662147,-0.36388471621450186,1.5,0.10493167087890293,10692.951293471215,11079.475531470922,10612.436954938266,11096.305264201546,0.0,0.0,0.0,0.0,0.0,0.0,nan,0,0.0028086167363295944,0.0010845493487121605,0.015151733813955515
21.92625294699974,-0.8969231287550248,-0.32692302646018767,1.4717703587176185,0.8394923625670848,0.03234245526025123,0.11148127071980432,-0.03823879974511906,0.09322076724258276,0.3822975368128606,-0.7945559032153324,-0.3594285334243568,1.5,0.11105210261234962,10671.98112638682,11045.8231262562,10582.937441429942,11083.943008317061,0.0,0.0,0.0,0.0,0.0,0.0,nan,0,0.00010885647887970418,-0.0014967007199663818,-0.02762587003227024
21.936538171999928,-0.9052622176173768,-0.3326732833350946,1.4866850106823581,0.8283970272273147,-0.013653340083949875,0.11127514895437911,-0.0352260714384909,0.09538563910149984,0.383401778426426,-0.7945559032153324,-0.3594285334243568,1.5,0.11466917805736718,10673.344654269604,11043.349679997678,10571.518121855275,11084.06689666231,0.0,0.0,0.0,0.0,0.0,0.0,nan,0,-0.015942268593593267,-0.01038310585929808,-0.012679436419395618
21.94675622900013,-0.8819048085681116,-0.3317905739376717,1.498336059088426,0.8361330383975062,0.0032778190980029508,0.05292812208545202,-0.038479601236710494,0.09456680497742506,0.3991299103733843,-0.7778997342576721,-0.3547293690114923,1.5,0.10651766285980925,10645.348279698608,11024.560614569256,10574.498654376956,11075.059493994499,0.0,0.0,0.0,0.0,0.0,0.0,nan,0,-0.0003627322079096107,-0.012705733879447345,-0.0009948080376933621
21.95710457199948,-0.8822577555727208,-0.313959194086876,1.4901902207649407,0.8487903407021097,-0.035523576071970486,0.09513373058468659,-0.037101087571116506,0.09271834969265752,0.40532660785976077,-0.7778997342576721,-0.3547293690114923,1.5,0.11246793118403384,10662.726340132647,11045.383086948092,10590.713705073871,11095.84603398778,0.0,0.0,0.0,0.0,0.0,0.0,nan,0,-0.008559457054647335,0.001851929754421111,-0.0091059506471447
21.967637469999318,-0.8818314886244469,-0.33276160280355327,1.5037856848104503,0.8634928637641484,-0.0421435988507005,0.01643268542530102,-0.03673666290425547,0.08924061777663737,0.41368667259342956,-0.7611212751323203,-0.34979197339137497,1.5,0.121964423391239,10662.726340132647,11045.383086948092,10590.713705073871,11095.84603398778,0.0,0.0,0.0,0.0,0.0,0.0,nan,0,-0.016042938825749586,-0.02029176025604329,0.004524473308913146
21.977760943999783,-0.8698230424116057,-0.3156819168732026,1.4866560132806872,0.8791765126775501,-0.017294615980152236,0.06416394264032355,-0.03393930743484929,0.09278522768005186,0.4200628311691132,-0.7611212751323203,-0.34979197339137497,1.5,0.11470672232645317,10645.856308506916,11033.547984712799,10587.840429460872,11091.803888884486,0.0,0.0,0.0,0.0,0.0,0.0,nan,0,-0.012010383116994205,-0.0066202094324709915,-0.012572515588044952
21.988262660000146,-0.8483456353823332,-0.29403004184034837,1.4696304538087244,0.883921560452448,0.02532323892644367,0.049124123181459076,-0.0264641303003529,0.09353207821329487,0.4251347759464426,-0.7442106196501095,-0.3446160744811305,1.5,0.11968858565355672,10681.973382840115,11075.564367081548,10640.968594151434,11139.383864110527,0.0,0.0,0.0,0.0,0.0,0.0,nan,0,0.0014247311586235156,0.011557296492709312,-0.029571684899911244
21.998661457999333,-0.8440322043416157,-0.282957646021552,1.5012657825432978,0.8812963927604147,0.018648092271873334,0.1146627276120635,-0.03026363607897963,0.09616986383991709,0.43273028249922446,-0.7442106196501095,-0.3446160744811305,1.5,0.11733589721766924,10729.270185234429,11108.548458133455,10662.964267075246,11170.101693569231,0.0,0.0,0.0,0.0,0.0,0.0,nan,0,-0.002370782580054298,0.019089716645560972,0.0020796553480559865
22.0090958589999,-0.8393521740559824,-0.3062426526595959,1.5040829957947839,0.892875870651104,-0.031756045640198516,0.12849028876284904,-0.02710559488041467,0.09477828133050534,0.44195046592024206,-0.7271623626438705,-0.339202412473988,1.5,0.11700243760865789,10688.64899860319,11067.544357561346,10602.759982660036,11113.16200777502,0.0,0.0,0.0,0.0,0.0,0.0,nan,0,-0.005866165758771413,-0.007799838740220555,0.004904251157181516
22.019433503000073,-0.8247618727310937,-0.28823997217533853,1.483915263536568,0.8914812795437678,-0.013657512589804126,0.0808972351229343,-0.025058000028118227,0.08944990061438574,0.4546448733808797,-0.7271623626438705,-0.339202412473988,1.5,0.11127242891910584,10634.406664946206,11013.177098460981,10556.884230378759,11074.514746183135,0.0,0.0,0.0,0.0,0.0,0.0,nan,0,0.00048295614620730287,0.00653523728488381,-0.01525591885862232
22.029631517999405,-0.8170818910270935,-0.2757020848825533,1.508778964234394,0.955485277071509,-0.07025106030025935,0.0738109412219326,-0.028669465178246745,0.09031593615255884,0.46151974439487964,-0.7100001638505823,-0.33356123365163626,1.5,0.12202969968174313,10645.423455385227,11034.39053763005,10573.144541464822,11085.519117381384,0.0,0.0,0.0,0.0,0.0,0.0,nan,0,-0.00014372245305560583,0.015343590105322769,0.009618238258136236
22.04010654099966,-0.807502341662898,-0.2698395554983888,1.475952066026547,0.9193399347933444,-0.03345356947582205,0.06577411538233573,-0.023031682021880592,0.08911441898144738,0.46113143822552444,-0.7100001638505823,-0.33356123365163626,1.5,0.11893456214743486,10642.545145807004,11013.277658867115,10558.11027569805,11094.188231231206,0.0,0.0,0.0,0.0,0.0,0.0,nan,0,0.001063748276750709,0.017415576490078744,-0.02319595609600933
22.05052149199946,-0.7986841639584695,-0.29028547138286964,1.4818908911789712,0.9419585652266242,-0.03560484373122761,0.09723663775106407,-0.020689577796050955,0.08964013634169005,0.46080696925950715,-0.6927094992496818,-0.32769067447408334,1.5,0.11383197530011845,10671.877125398334,11044.455724405305,10595.720006600353,11120.176971657782,0.0,0.0,0.0,0.0,0.0,0.0,nan,0,0.0014443929487336638,-0.006881054608429471,-0.01724451182629716
22.060772599999837,-0.8006146797890942,-0.27585461071446066,1.5293136495175201,0.9512840349294046,-0.06820866802329247,0.041401301030595,-0.02182356084692796,0.09012856343315233,0.4745651494466519,-0.6927094992496818,-0.32769067447408334,1.5,0.12324688856669302,10666.31012657454,11031.485111927574,10597.200279615548,11120.705291786802,0.0,0.0,0.0,0.0,0.0,0.0,nan,0,-0.008989123039966684,0.003639774600946666,0.030188420548169947
22.07103354499941,-0.7789568985169875,-0.2816660912749316,1.4738290029666208,0.9414917781332617,-0.035737445897888756,0.035749226134516074,-0.022539618350153032,0.0893785879006551,0.48519754741571597,-0.6752941868913358,-0.32159479243214845,1.5,0.11412791088689257,10651.927480901642,11022.508963884964,10595.720834180865,11116.346305631598,0.0,0.0,0.0,0.0,0.0,0.0,nan,0,0.004100441126272947,-0.0061399717897975825,-0.02528751797754869
22.082005206999384,-0.7921220560849853,-0.2788754200152135,1.5009662744589292,0.9435706429577986,-0.062141890783632164,0.06707647405707211,-0.020501650519329888,0.0905828390379736,0.4920277601377415,-0.6752941868913358,-0.32159479243214845,1.5,0.12439706381725914,10702.567124077668,11076.45079008582,10642.886994691466,11159.736264839734,0.0,0.0,0.0,0.0,0.0,0.0,nan,0,-0.017698226966691544,-0.0073750100794881535,0.0018529512981515506
22.091946210999595,-0.7755817006855181,-0.2695295013366901,1.509166870442034,0.9650823170084489,-0.07082158866928984,0.04516124043713169,-0.018564037590083658,0.08612745720660961,0.5013786940881084,-0.6577847718566475,-0.31528760003274364,1.5,0.126704189163156,10685.583297450705,11071.415449527713,10640.201716350733,11145.813225030519,0.0,0.0,0.0,0.0,0.0,0.0,nan,0,-0.009856679169851668,-0.0021113988715611987,0.01004783690032851
22.102223463999508,-0.775757750396425,-0.26029703039544316,1.5087696550109095,0.9490568690356309,-0.03565352076948853,0.09894779199059685,-0.015770158291109056,0.08896880413763675,0.4981496526524189,-0.6577847718566475,-0.31528760003274364,1.5,0.13045494725610052,10685.583297450705,11071.415449527713,10640.201716350733,11145.813225030519,0.0,0.0,0.0,0.0,0.0,0.0,nan,0,-0.01879650464065885,0.002983287596229789,0.009637003109966402
22.112655513999925,-0.7433980825943768,-0.26688820241708006,1.5114507284722658,0.9846546870339681,-0.0757438257793532,0.08201682716639666,-0.017523715774132437,0.08878829299343664,0.5078641633733362,-0.6401353233720825,-0.3087556640674666,1.5,0.11201428913220705,10644.179718921729,11041.559988024503,10605.223195590768,11097.12387086124,0.0,0.0,0.0,0.0,0.0,0.0,nan,0,0.00473494693170029,-0.007799872758520898,0.012300120904268796
22.123136139999588,-0.7416400033422824,-0.24934549079270377,1.4984424526871727,0.987695139951507,-0.051763182709746856,0.09857042223361356,-0.014592522821910212,0.08874684009161068,0.5133598427334131,-0.6401353233720825,-0.3087556640674666,1.5,0.11762310443965399,10628.348512210652,11014.692289999743,10585.382013776765,11089.377085209038,0.0,0.0,0.0,0.0,0.0,0.0,nan,0,-0.0023990071427436588,0.0054979872596677415,-0.0007257140467749057
22.133750699999837,-0.7192560107654908,-0.24977528142580402,1.4963066744252154,1.0003513914687707,-0.0684665344391685,0.0994063370593203,-0.012001448193641847,0.0856322525432426,0.5244020235072213,-0.6224198414861684,-0.3020299034389744,1.5,0.1100973653464708,10622.666900915046,11004.40698243996,10570.299215196763,11075.800776934084,0.0,0.0,0.0,0.0,0.0,0.0,nan,0,0.011029616865675718,0.0007716979546201763,-0.002876160436067199
22.144138386999657,-0.7123681200324692,-0.254890961459123,1.48597621570882,0.9929317461072976,-0.0848204376577121,0.07283390579159478,-0.011688595602945379,0.08576051089163858,0.5245050560596342,-0.6224198414861684,-0.3020299034389744,1.5,0.10251555584528751,10615.68806884154,10991.855341736846,10557.103940786645,11072.4446093602,0.0,0.0,0.0,0.0,0.0,0.0,nan,0,0.008899251152002852,-0.008690947172841246,-0.013216663688632613
22.154122207999535,-0.7187957237051847,-0.24398856193467627,1.4897637677417888,1.0190521585723042,-0.09535426321340966,0.01961993143248807,-0.009963922555577702,0.08425160724529462,0.5344274789133913,-0.6045702635647381,-0.2950881178129353,1.5,0.12555238271771718,10632.214186061557,11008.913258445644,10589.499246633959,11097.675281174717,0.0,0.0,0.0,0.0,0.0,0.0,nan,0,-0.006609246903926058,-0.002184955983874748,-0.009435977386531569
22.165180518999477,-0.6883215773235497,-0.24651709760642246,1.4849875736839646,1.0171675216438216,-0.08152566616022602,0.05472335759078649,-0.0059882349906783105,0.08128211845806421,0.527248661844547,-0.6045702635647381,-0.2950881178129353,1.5,0.09797346326492078,10681.859305992577,11053.725299687341,10640.481884414166,11148.891500141328,0.0,0.0,0.0,0.0,0.0,0.0,nan,0,0.014721284158628944,-0.009158576794317669,-0.014222547223994297
22.175032710999403,-0.6848216246409718,-0.2559682936919765,1.4923968806049561,1.0313528468918274,-0.0822869036057635,0.08921317620808818,-0.004821538220023465,0.0871756519744984,0.5430924819952448,-0.5866078778756886,-0.2879415990144783,1.5,0.10356659563515837,10692.247913491492,11059.822532022432,10666.426990127728,11162.841400802985,0.0,0.0,0.0,0.0,0.0,0.0,nan,0,0.009014917468104455,-0.02310269588089675,-0.006832803057066572
22.18516551799985,-0.6933225860541218,-0.22055903232971774,1.4909716237886668,1.0332655015320653,-0.07544925115329106,0.14398883140196925,-0.007504348817469203,0.08242182464665657,0.5448643252786721,-0.5866078778756886,-0.2879415990144783,1.5,0.12653043432964153,10692.247913491492,11059.822532022432,10666.426990127728,11162.841400802985,0.0,0.0,0.0,0.0,0.0,0.0,nan,0,-0.008754612589009558,0.0077669569358753965,-0.008286500933621488
22.195922735999375,-0.6789776060702599,-0.2192670623246264,1.5084011218619477,1.022617608063824,-0.10742147479109883,0.08661965728268985,-0.0038018020365933425,0.08352746421921772,0.553716781810093,-0.5685645411396001,-0.28060678084122087,1.5,0.12658666921764095,10632.231462808131,10993.503066728954,10588.535957376676,11089.801955218845,0.0,0.0,0.0,0.0,0.0,0.0,nan,0,-0.003739558860039849,0.004474078436823625,0.009112020502249019
22.206167765999453,-0.6735329692416512,-0.20697061430634284,1.5138801722419486,1.015502666653734,-0.12702158094021632,0.081147524186174,-0.0033072838134513326,0.07657073081935895,0.5557360094464826,-0.5685645411396001,-0.28060678084122087,1.5,0.12897021013254928,10615.786979926128,10981.575270444566,10579.95969376985,11075.156525640366,0.0,0.0,0.0,0.0,0.0,0.0,nan,0,-0.007685332130319522,0.0121418457272513,0.014563233847899815
22.21664481500011,-0.6400566118423419,-0.1970078654802162,1.507485855611828,1.0287208956759917,-0.1178593575260039,0.08804590181249113,-0.003598303390558687,0.07957306969447558,0.5568564552960196,-0.5504298248839788,-0.2730834713159787,1.5,0.11779854319132826,10590.687402196936,10971.25985924152,10577.284529322547,11055.075284340333,0.0,0.0,0.0,0.0,0.0,0.0,nan,0,0.01634081058856851,0.017433332506429172,0.008146621863865278
22.22708550399966,-0.6730824047543928,-0.22847698091882243,1.5075403707582367,1.0597772712905391,-0.12300607563705802,0.08382165475057034,-0.005984636306203559,0.07878647232744362,0.5627523199025519,-0.5504298248839788,-0.2730834713159787,1.5,0.13072968876881622,10586.996721675026,10956.48268030935,10569.451368653685,11047.704551865168,0.0,0.0,0.0,0.0,0.0,0.0,nan,0,-0.026194328785483778,-0.018748396571493298,0.008186350928124142
22.23728180299986,-0.6350114122441042,-0.22401627966988702,1.4929799201862493,1.0734557470101513,-0.10655254412104961,0.07326604924099712,-0.0007372545863030097,0.07751997257352315,0.5705699402313812,-0.5321931542478836,-0.26537107856530195,1.5,0.1110454640660708,10582.405767629503,10959.64090972575,10575.041318866557,11039.71482085806,0.0,0.0,0.0,0.0,0.0,0.0,nan,0,0.002308799437358844,-0.019040488323371213,-0.006380639473576144
22.247799621000013,-0.6411278028232128,-0.21533439920472847,1.5157877678310994,1.0518154222235379,-0.11640238168293986,0.08610607477831635,5.57764081432097e-05,0.07587986539507288,0.5742523281121515,-0.5321931542478836,-0.26537107856530195,1.5,0.12091187102494116,10604.991485793846,10973.429220296175,10592.490130878254,11061.754303309626,0.0,0.0,0.0,0.0,0.0,0.0,nan,0,-0.013433499889409228,-0.01515051670042647,0.016427132466984906
22.258186817999558,-0.6125581296349691,-0.20035172689399935,1.4945532013684588,1.0549134551830053,-0.1311112795284354,0.07991258837483714,0.006641350765136388,0.07594282262070709,0.5744063202578396,-0.5138589540738073,-0.25747522152965996,1.5,0.11416780855905025,10581.477993166252,10961.869849634157,10583.04560740886,11037.576481733833,0.0,0.0,0.0,0.0,0.0,0.0,nan,0,0.005452823767154058,-0.004997734289998307,-0.004801154972908561
22.268624409999575,-0.6134707356395298,-0.17887534935796218,1.4984093900433348,1.1118970897592457,-0.11109586942232437,0.13249650103794233,0.0004154442375638078,0.0762042340759044,0.569604353832228,-0.5138589540738073,-0.25747522152965996,1.5,0.1268975057758768,10590.597458038617,10964.448889177218,10602.369032261246,11053.24675696058,0.0,0.0,0.0,0.0,0.0,0.0,nan,0,-0.005199920358367249,0.011611923597279111,-0.0009320257415876831
22.278810343999794,-0.5994891795231435,-0.19530341907050552,1.5060020742921292,1.0940839580328616,-0.11231550789964624,0.12439877333532241,0.0002023126938405502,0.0745742187514782,0.5793651180427901,-0.4954230340131718,-0.2493978826637706,1.5,0.1174393397825189,10579.68097926657,10925.919667663651,10558.387502821013,11019.899928480776,0.0,0.0,0.0,0.0,0.0,0.0,nan,0,-0.0010145199805876581,-0.009718490516739425,0.0066821511940160505
22.289086047999263,-0.5979227953498562,-0.18594182854153948,1.4948677336639302,1.111386755362614,-0.15559552010409722,0.021049270663425733,0.0044917495968710775,0.07099203738725511,0.5876073291884869,-0.4954230340131718,-0.2493978826637706,1.5,0.12066155989620364,10560.621639479004,10901.043443124183,10527.886257878341,10991.62585942736,0.0,0.0,0.0,0.0,0.0,0.0,nan,0,-0.009299318401445267,-0.005293548839842954,-0.004417082694794683
22.299739277999834,-0.5654389326935684,-0.1703918011097798,1.4939104639874454,1.1069700483079243,-0.15137325605549443,0.0402046554891387,0.0046012947091034415,0.06815384162306228,0.5871992684321973,-0.4769461110981046,-0.2411700935096761,1.5,0.11347963957389008,10619.756125302541,10959.188169492145,10600.405628178389,11055.936914192402,0.0,0.0,0.0,0.0,0.0,0.0,nan,0,0.013278802536716983,0.005286513570048529,-0.0053294591283192805
22.310141038999973,-0.5695233774982652,-0.18478259538477282,1.4917782387133551,1.0841266481361371,-0.15429784682912256,0.08071619841722545,0.0064685240406515306,0.07098701477883797,0.5902170519795604,-0.4769461110981046,-0.2411700935096761,1.5,0.10870923400322004,10650.305109692563,10981.919998907959,10635.514548253399,11087.621123499212,0.0,0.0,0.0,0.0,0.0,0.0,nan,0,-0.000765720241320822,-0.014106726150481003,-0.007415399655347654
22.32023063499946,-0.5520763162496227,-0.18064106085585688,1.4969991401916865,1.120995228643479,-0.13512916254133572,0.03740964285035834,0.005430225797089341,0.0682352649748153,0.592044554815484,-0.4583674199371809,-0.23276923286706244,1.5,0.10727398904168224,10639.75138590558,10979.542638047455,10646.840344661608,11081.91701204035,0.0,0.0,0.0,0.0,0.0,0.0,nan,0,0.006667544643121581,-0.014999057560354273,-0.002149329452269866
22.33050756600005,-0.5540795932380593,-0.14818093726497863,1.5118165377015156,1.1155685011518066,-0.15602265492661155,0.05669473244328475,0.010283945989129626,0.06554426780454391,0.5977917134851857,-0.4583674199371809,-0.23276923286706244,1.5,0.1282795012232829,10668.912996457484,10997.004024228194,10667.918625449878,11102.123043023026,0.0,0.0,0.0,0.0,0.0,0.0,nan,0,-0.005402562806523958,0.012396860705969043,0.01271012965408791
22.341198735000035,-0.5220650236306807,-0.16888048267443223,1.496280559363541,1.1086297114511727,-0.17789652621958418,0.08334748978441894,0.010434213025189463,0.07060481745008229,0.6047404859537588,-0.43970813359957994,-0.22420891469083554,1.5,0.09928608645543813,10657.669336870482,10987.768550780092,10658.004501304082,11082.49327577778,0.0,0.0,0.0,0.0,0.0,0.0,nan,0,0.016492928761357994,-0.013396112342012934,-0.0027876961045119053
22.35129711599984,-0.526526042367479,-0.13924587766699295,1.490904492262551,1.1203597705636166,-0.11737999411516653,0.09506380523590312,0.007731783520475226,0.06386638659420052,0.6057774737612727,-0.43970813359957994,-0.22420891469083554,1.5,0.1218145935598362,10642.623493768026,10968.324604763326,10652.009145143997,11081.168537485892,0.0,0.0,0.0,0.0,0.0,0.0,nan,0,0.0018615633122873732,0.01111704522024326,-0.008127525641093092
22.361452188999465,-0.5344112427410868,-0.14943724124098756,1.5222823023887861,1.1355921912726255,-0.1640716492930038,0.0417496867458842,0.00876671484567162,0.06476713719701258,0.6025895487929074,-0.4209725846178543,-0.21549545041152193,1.5,0.1331484778559747,10642.623493768026,10968.324604763326,10652.009145143997,11081.168537485892,0.0,0.0,0.0,0.0,0.0,0.0,nan,0,-0.016244231596163616,-0.004222586065334738,0.023286856105343423
22.371981743000106,-0.5168932202767044,-0.14203422503178115,1.496219410107694,1.1690188823513288,-0.16900873634480654,0.059056706281838005,0.0053900025089159125,0.06075802286011148,0.6084328925710041,-0.4209725846178543,-0.21549545041152193,1.5,0.12087850445560921,10640.090917301519,10964.244428318034,10631.194819658607,11043.171091244334,0.0,0.0,0.0,0.0,0.0,0.0,nan,0,-0.008996054976793566,-0.0019934918295342052,-0.002737774061117415
22.382519185000092,-0.5108617342386782,-0.13740870783008713,1.4875462054178483,1.1310674701881327,-0.14922600209255887,0.0693732566444579,0.009027118203274715,0.05844096416540936,0.60620276169752,-0.4021577778583316,-0.20663180755703695,1.5,0.12947387639227445,10655.709418724931,10971.69028573932,10635.702799828287,11049.491784362122,0.0,0.0,0.0,0.0,0.0,0.0,nan,0,-0.013282763823095678,-0.002566445685750929,-0.01137178700692587
22.392705307999677,-0.4736868932755943,-0.14565245095340285,1.5342302112164012,1.1794712605084894,-0.18974901813868758,0.05974271559548998,0.0107909966590764,0.05683404790365535,0.6105187658011854,-0.4021577778583316,-0.20663180755703695,1.5,0.1000330127712282,10660.937495452,10982.711112182897,10646.932004207601,11043.023358575285,0.0,0.0,0.0,0.0,0.0,0.0,nan,0,0.013526430820790303,-0.016032113906186612,0.035351036519459145
22.403151026999694,-0.4775616783451615,-0.14000153609474358,1.503770376649836,1.1497631100876011,-0.1758379778919022,-0.006751564852790774,0.009658814126922778,0.05603946093185483,0.612704189571899,-0.383293110263887,-0.19763644724718069,1.5,0.11055569479554109,10626.164100692362,10933.186595221243,10617.39137605903,11020.950319434058,0.0,0.0,0.0,0.0,0.0,0.0,nan,0,-0.0007603228071100809,-0.015625375954177123,0.004932318783972933
22.413619178999397,-0.44988017351854903,-0.11814018806037922,1.4745708437848122,1.158931360704707,-0.17011835134068928,0.06822230637427762,0.009058257004477202,0.05447424241459234,0.6196602572293586,-0.383293110263887,-0.19763644724718069,1.5,0.10677141098342711,10671.56354418443,10983.201126606367,10677.004604283022,11065.36249581908,0.0,0.0,0.0,0.0,0.0,0.0,nan,0,0.016463807644726713,0.0009706351490981757,-0.024225627844426834
22.42452370999945,-0.4531207028822907,-0.10174111302411763,1.4956029690729267,1.1363351375135742,-0.18435488404666944,0.041733926745288336,0.008685903256932864,0.05238903605525695,0.6143814821429555,-0.36435289487606914,-0.18850177895220196,1.5,0.1242033444456618,10684.964746827774,10994.930412613174,10684.25031193142,11069.831947441213,0.0,0.0,0.0,0.0,0.0,0.0,nan,0,0.0027212666149438736,0.012084224141916358,-0.0031567184798420023
22.43438062199948,-0.4323464886980284,-0.09538116113786389,1.4974537407478126,1.1851850743286438,-0.21157112150474194,0.033824742799736185,0.01267321884043901,0.053399510260153916,0.6327997876972071,-0.36435289487606914,-0.18850177895220196,1.5,0.11533022890434641,10689.305160785661,11001.028946070115,10694.700369697313,11064.14465202925,0.0,0.0,0.0,0.0,0.0,0.0,nan,0,0.012949835871684245,0.013139650201526562,-0.0012751926145435633
22.444682280999587,-0.4348491158290617,-0.11127838359544022,1.5147431533946905,1.1737450501988291,-0.17144881730471498,0.06217625041834964,0.011436586711775405,0.05146295242161632,0.6210020030723634,-0.34533523861436755,-0.17923134308866212,1.5,0.11334769291835707,10700.11962180596,11002.77840296013,10696.086289501449,11082.882906411409,0.0,0.0,0.0,0.0,0.0,0.0,nan,0,-0.00014103972007689647,-0.008080027418171862,0.016037768029181887
22.4548429259994,-0.4137677474414332,-0.08042929327707174,1.5053891202749363,1.1784237286109822,-0.21349275197170464,0.03699400850823377,0.013132797989706778,0.04788510653482503,0.6288608197768238,-0.34533523861436755,-0.17923134308866212,1.5,0.12030750570382603,10700.11962180596,11002.77840296013,10696.086289501449,11082.882906411409,0.0,0.0,0.0,0.0,0.0,0.0,nan,0,0.010310690064320838,0.01742985465071399,0.006702291599633314
22.465802414999416,-0.4071888690249978,-0.08879126352608437,1.5000465183115677,1.1686094800622264,-0.19750938029189133,-0.02096416712156559,0.013649280990724549,0.04797508427315007,0.6283143607425545,-0.32628187493549954,-0.16985026477334714,1.5,0.11452731350972642,10672.819160474077,10968.32165914833,10672.623774729223,11047.019902171818,0.0,0.0,0.0,0.0,0.0,0.0,nan,0,0.006219789592394387,0.0037131014877883617,0.0013758144328290811
22.475702953999644,-0.4059434539070912,-0.08478065906086112,1.4901148482136297,1.181475391473026,-0.19519141979341204,0.07197157821706807,0.011518699430897892,0.044124225715724975,0.6249373865175105,-0.32628187493549954,-0.16985026477334714,1.5,0.11696376022582614,10672.819160474077,10968.32165914833,10672.623774729223,11047.019902171818,0.0,0.0,0.0,0.0,0.0,0.0,nan,0,-0.0032437678441257223,0.002354395317579458,-0.0085467312773293
22.48601287600013,-0.38111457730220344,-0.07923408844830154,1.4879065664026832,1.168528871613588,-0.22226210956533188,0.08205893455520757,0.011070289827509556,0.04155518142616835,0.6367153769730324,-0.30716978996530064,-0.1603521411924308,1.5,0.11042744763631833,10695.218785039164,10993.659505488456,10704.328423597339,11053.030332835875,0.0,0.0,0.0,0.0,0.0,0.0,nan,0,0.010838044494209942,0.002518224293966531,-0.0107546181404381
22.496671302999857,-0.3753209813906857,-0.08007895526907897,1.5011995369076607,1.1774926268670711,-0.19186322585213494,0.04202711385958929,0.010884094169909108,0.04391083262233656,0.6314903445006693,-0.30716978996530064,-0.1603521411924308,1.5,0.10530815808747833,10664.721283018593,10969.566285822359,10683.199339498167,11027.009797431398,0.0,0.0,0.0,0.0,0.0,0.0,nan,0,0.005847878931067529,-0.0037216231846046027,0.0025345390688815694
22.506983471999774,-0.37456382329591625,-0.07005733819536233,1.4744199871976238,1.2147181518898245,-0.17294044070514264,0.07239076839398773,0.01327815958204586,0.04125498916880061,0.639266982171141,-0.28800860768421316,-0.1507465934759767,1.5,0.12106567772204595,10667.523797787035,10972.790618503128,10684.900285153515,11017.571368767338,0.0,0.0,0.0,0.0,0.0,0.0,nan,0,-0.004214117396809047,0.0008939167435858819,-0.02425083943646844
22.51787799399972,-0.3654473088028929,-0.060801964867752266,1.525182707167021,1.1941840444847367,-0.19926364065299879,0.07091877247912204,0.012982063206938883,0.03959003745000813,0.6287516269743295,-0.28800860768421316,-0.1507465934759767,1.5,0.12132995255368545,10682.48791710396,10978.032712730519,10674.704578657018,11015.326396357415,0.0,0.0,0.0,0.0,0.0,0.0,nan,0,-0.0059509348361156955,0.004733214500982998,0.026503832331688626
22.528441683999517,-0.3485171251998712,-0.06608696826556722,1.4941392327772118,1.1858095240435709,-0.21632034741464243,0.02163471855231831,0.017407830101869488,0.04105970392847099,0.6363444553555981,-0.26878965547580524,-0.1410341359677112,1.5,0.10958054557089437,10635.961858518545,10931.76675526438,10633.584391756614,10963.036755889294,0.0,0.0,0.0,0.0,0.0,0.0,nan,0,9.313531907134687e-05,-0.00597671717538565,-0.004545742662553032
22.53829945799953,-0.3522850238404015,-0.06056509396658068,1.5129008863036317,1.1718082408124855,-0.21241176467468123,0.11522262549995173,0.012314338417576386,0.034867694746420444,0.6327422498500532,-0.26878965547580524,-0.1410341359677112,1.5,0.11667551639627982,10663.464421225612,10956.186905941437,10674.879244673168,10997.754796195552,0.0,0.0,0.0,0.0,0.0,0.0,nan,0,-0.014592380754883838,-0.00588751825048206,0.014212727664324687
22.548754428999928,-0.3144676626080382,-0.04166805981622756,1.4954890680931312,1.2173650049519515,-0.23314204777068492,0.045170745384068234,0.013250636990418807,0.0297620015163383,0.6362026676205202,-0.24950595931371491,-0.13121603733803475,1.5,0.110721324413205,10589.98589362996,10896.599320412652,10622.1511918511,10919.565339922276,0.0,0.0,0.0,0.0,0.0,0.0,nan,0,0.012277226770344651,0.007570212190045056,-0.0031959679699475885
22.559417544000098,-0.30403343532140054,-0.04343477019757421,1.49456063008251,1.2166111104287383,-0.19404904111157859,0.011894772309271015,0.013587207445028112,0.031080334919222855,0.6312934611640089,-0.24950595931371491,-0.13121603733803475,1.5,0.10348131834129734,10608.709767017715,10901.019584734035,10637.249950007672,10941.13943498886,0.0,0.0,0.0,0.0,0.0,0.0,nan,0,0.011734965931248842,0.0003586834881239148,-0.00411072386026845
22.56966468399969,-0.30476837308761634,-0.04632955256481813,1.4979568275347765,1.1933512687007828,-0.20034626115542026,0.04972307302978317,0.015685967155622135,0.029189759935200166,0.6349940454756087,-0.2301705539953633,-0.12130379470180004,1.5,0.10578348713791749,10653.199285370443,10935.092493178217,10673.217217267133,10970.791355719486,0.0,0.0,0.0,0.0,0.0,0.0,nan,0,-4.103551337286682e-06,-0.007985407705574557,-0.0006950157035277016
22.579909440999472,-0.295626838054351,-0.030702388093587094,1.4531247997634371,1.2039127805947833,-0.18018102479378706,0.08003503185617242,0.012649584934141717,0.02817785776448634,0.6389949071597657,-0.2301705539953633,-0.12130379470180004,1.5,0.12120406098565958,10646.433185815004,10930.486210595214,10675.489890970026,10959.548942610649,0.0,0.0,0.0,0.0,0.0,0.0,nan,0,-0.001893166651531386,0.002188992091428879,-0.04550438995078543
22.58987142299975,-0.288612253784255,-0.03735283981341668,1.472766369187576,1.2398268622227337,-0.24660517195983095,-0.0010473873964522151,0.013500512685767106,0.023619145282079732,0.6452454067154894,-0.21088180157058645,-0.11135326231679078,1.5,0.11072378416242235,10668.892053910879,10957.263970673677,10686.826061015827,10963.082296596604,0.0,0.0,0.0,0.0,0.0,0.0,nan,0,-0.005934404298162443,-0.009916640976308195,-0.025838137059764676
22.60038188099952,-0.26917777379522595,-0.025749350491472717,1.4764061487259792,1.212344162904153,-0.25733071902785715,0.03322530114368522,0.010070621177631855,0.02536077525236921,0.6470096964152683,-0.21088180157058645,-0.11135326231679078,1.5,0.10622203121459024,10668.892053910879,10957.263970673677,10686.826061015827,10963.082296596604,0.0,0.0,0.0,0.0,0.0,0.0,nan,0,0.00242013571823807,-0.0037697377727366546,-0.022177490328523453
22.610981514999366,-0.25544995811777965,-0.00024211144652850486,1.4871791925527085,1.2508596067202098,-0.20369815210278075,0.07667581386041286,0.010184115693363211,0.022488937977183373,0.6400254252407663,-0.1914719281837498,-0.10128298654510186,1.5,0.12027809384308369,10716.273575050587,10996.509943933514,10749.19944055373,11028.487822531803,0.0,0.0,0.0,0.0,0.0,0.0,nan,0,0.005045045789257352,0.016280526668661567,-0.011392154507374297
22.621203177999632,-0.24318698795610297,0.011838410477624182,1.4864524117773554,1.1618425092398241,-0.21919358314673734,-0.021282954940341794,0.014438523741092866,0.020562382785534475,0.6420454416605486,-0.1914719281837498,-0.10128298654510186,1.5,0.1251176846743961,10716.273575050587,10996.509943933514,10749.19944055373,11028.487822531803,0.0,0.0,0.0,0.0,0.0,0.0,nan,0,0.006183528500491919,0.022904715313383842,-0.012112248345040433
22.631823402999544,-0.23423078943745945,0.0031235106622889237,1.4612959616389927,1.207210188068847,-0.23609946643786867,0.025244812405349894,0.020314002655799412,0.022494933078368588,0.6407412253263667,-0.17207871986134168,-0.09116941342778873,1.5,0.11938189926241774,10731.224940070557,11007.867101078633,10749.815109931442,11013.75308737476,0.0,0.0,0.0,0.0,0.0,0.0,nan,0,0.00399495217950116,0.008735138057130169,-0.03726822077568159
22.64204072099983,-0.2267098245250858,-0.020786923190614495,1.4918584183016699,1.1779427155030402,-0.25598493364253794,0.03612302136795307,0.013982607287494493,0.01919460276257168,0.6347867473578237,-0.17207871986134168,-0.09116941342778873,1.5,0.0894680830314223,10753.081369745763,11019.988629420228,10779.858995826131,11040.827471579008,0.0,0.0,0.0,0.0,0.0,0.0,nan,0,0.00035202383169585794,-0.020627309955791297,-0.0067172652919551545
22.652349831999345,-0.2146292624405161,-0.017696219684096418,1.5014229974849886,1.2088008237028225,-0.2321248452101098,0.06764909544932839,0.015510213067771575,0.013830534396357374,0.6392957614266055,-0.15264490876333878,-0.08098798643284555,1.5,0.08859984627976371,10715.803866085209,10992.170238422279,10778.967169240079,11014.476439872104,0.0,0.0,0.0,0.0,0.0,0.0,nan,0,0.0012508998431515483,-0.02298495544850019,0.0028240167767326074
22.662703537999732,-0.2227251049676812,0.027768039131324394,1.487148884335591,1.2179796894089767,-0.2653323708167085,0.04226970935966109,0.016339565951230317,0.016249878515917353,0.6381082165872041,-0.15264490876333878,-0.08098798643284555,1.5,0.1300163765468548,10661.504778939347,10938.382555385793,10733.013879223065,10961.178552184701,0.0,0.0,0.0,0.0,0.0,0.0,nan,0,-0.01804294292390679,0.01703558849128536,-0.011478283174539694
22.673066692999782,-0.18239461397743642,0.0321054501861496,1.481322790916751,1.235627538836639,-0.24454880371499035,0.04065283111134917,0.016503163196065682,0.012827211817188289,0.6418077491569215,-0.13318013437699358,-0.07074888553917245,1.5,0.11554184315207658,10661.821236281443,10931.705392588075,10729.836817583251,10957.618072385749,0.0,0.0,0.0,0.0,0.0,0.0,nan,0,0.011074655419856111,0.015934854337182742,-0.017332652945134974
22.683250944000065,-0.19109786428776548,0.016441986150638688,1.4953755806063298,1.2371597267640277,-0.22861377601130708,0.07549723945526249,0.010105538303555405,0.011537914827444533,0.6326810044367945,-0.13318013437699358,-0.07074888553917245,1.5,0.104776413370447,10673.53300026981,10926.355255717042,10722.678639096475,10963.620848199735,0.0,0.0,0.0,0.0,0.0,0.0,nan,0,-0.008855059477433896,-0.0051602706763395345,-0.0033080869898198806
22.693618380999396,-0.17170227108774655,0.019117704898219248,1.4862808256926618,1.207619942323258,-0.24140970601206385,0.03725427828481612,0.013661973181496496,0.011053128074869316,0.6375766942340244,-0.11367809617512284,-0.06045396010367622,1.5,0.0994317378362651,10644.297071443907,10889.33727500256,10680.407950445702,10916.955027721355,0.0,0.0,0.0,0.0,0.0,0.0,nan,0,-0.0006981152879077246,-0.007908856627034683,-0.01242748330824206
22.704204751999896,-0.15667617729928784,0.027315871137413378,1.4927382819052235,1.2075512370160952,-0.23895396477470593,0.009960075155413962,0.014040115548444367,0.01030064033777606,0.6381936135034102,-0.11367809617512284,-0.06045396010367622,1.5,0.09800566721438933,10650.991999267557,10897.057463952235,10694.092172421646,10920.336954966648,0.0,0.0,0.0,0.0,0.0,0.0,nan,0,0.0030785183280418738,-0.005126786048212241,-0.005988478601706371
22.714528363999307,-0.15088306799132464,0.018135546698922703,1.4972905757383606,1.2462453359195242,-0.26753004760323384,0.0524572433566354,0.014039951818015093,0.006539097651508976,0.6383225776438325,-0.09417279499912307,-0.05012640948428731,1.5,0.08878677100017814,10669.690572819834,10917.436627704,10714.874691733781,10933.576635313462,0.0,0.0,0.0,0.0,0.0,0.0,nan,0,-0.0023873505249873694,-0.019714135489843982,-0.0014508652756493046
22.72480128299958,-0.13313160760240283,0.015575491281557528,1.4949750511458255,1.2166175425348962,-0.2541630237919041,-0.008427646076083838,0.01662130804787929,0.003018923785862809,0.6415591110047797,-0.09417279499912307,-0.05012640948428731,1.5,0.07654919303748056,10644.936858477848,10881.68945220586,10694.177266707307,10918.632074618861,0.0,0.0,0.0,0.0,0.0,0.0,nan,0,0.004096959462038113,-0.027671323125234414,-0.0037766331124815533
22.735598634999405,-0.12177985344289421,0.0372001501148469,1.4952001557489787,1.2212045518392178,-0.2239306346910402,-0.0220857460642299,0.015136216687128303,0.0022599397054498508,0.6367619797492328,-0.07465632678226575,-0.03976736124038944,1.5,0.0903751241990154,10662.133760256667,10908.703654218154,10729.305925500073,10940.969534157233,0.0,0.0,0.0,0.0,0.0,0.0,nan,0,0.004174731412797922,-0.011433094661422984,-0.003557659594620066
22.745571343999472,-0.11919057804634467,0.04778412240804446,1.5061649907067212,1.2404638561104873,-0.2541506475960774,0.035195295646854606,0.014921570020683872,0.0020996284314981446,0.6340613616236142,-0.07465632678226575,-0.03976736124038944,1.5,0.0984203684971158,10696.171211972693,10939.70322105292,10753.900183734477,10958.312894276716,0.0,0.0,0.0,0.0,0.0,0.0,nan,0,-0.004515509286181191,-0.006224028640378694,0.007400419423070348
22.75580378399991,-0.095359372006809,0.0581980597690528,1.5002620273705676,1.2610282119704408,-0.22447854679551033,-0.014471365926762582,0.017422320546183617,-0.0010119836450497254,0.6325677040892531,-0.0550877942421839,-0.029360337147061925,1.5,0.09637604217083756,10672.357282049488,10902.076376516841,10720.39349815083,10927.507269846734,0.0,0.0,0.0,0.0,0.0,0.0,nan,0,0.008032014948566854,-0.0011727246093859653,0.0014907194348610098
22.76633951199983,-0.1042040405110818,0.04071406364839628,1.5006851097326563,1.2182283884882077,-0.2583622797387839,0.05420394626721161,0.01100719112034321,-0.003371822822822836,0.6326535568685869,-0.0550877942421839,-0.029360337147061925,1.5,0.08557626230290338,10702.913696431662,10910.687608908387,10727.24386962041,10944.86325326645,0.0,0.0,0.0,0.0,0.0,0.0,nan,0,-0.01209912151299529,-0.024006361482771736,0.0019083208897137105
22.776978418,-0.07773546718644388,0.08636333281112654,1.4950049348588312,1.2131330562194627,-0.21322453336728922,0.05729639778225084,0.012653697628566878,-0.004568048697223293,0.6346892327562069,-0.03555633116521986,-0.01895804820622106,1.5,0.11356330168968647,10653.164067179485,10876.029162393583,10699.366987287895,10895.883609512222,0.0,0.0,0.0,0.0,0.0,0.0,nan,0,0.003081587183324505,0.01630694352891733,-0.003773653152493228
22.786977652999667,-0.0754518252829461,0.08417452364055372,1.507084854158342,1.2315831572379135,-0.23323148769426866,-0.0009562825749374199,0.010716291919357673,-0.004869677273099984,0.6319238514366936,-0.03555633116521986,-0.01895804820622106,1.5,0.11080691758673132,10639.544933976811,10862.132300490506,10662.00588770663,10855.783916345234,0.0,0.0,0.0,0.0,0.0,0.0,nan,0,-0.005922620023701836,0.0087964681178727,0.008314109285709304
22.797363790999952,-0.05591826308663407,0.08333581465634593,1.5313123449293915,1.2492477622892562,-0.23487258090809274,0.007933929815059117,0.015509747308922805,-0.005529029752414627,0.6356760091313466,-0.016009195039325127,-0.008537751051171967,1.5,0.10494736172575056,10656.966386999295,10876.11205928929,10668.19459842597,10860.333411676023,0.0,0.0,0.0,0.0,0.0,0.0,nan,0,0.0023244839518814647,0.0026510473244120147,0.03256036376695026
22.807879132999915,-0.04602900228467831,0.08457492430528794,1.5113045630324806,1.232232905801813,-0.2515242181289833,-0.02575486795439043,0.010468214285365067,-0.007123443810844171,0.616806609730335,-0.016009195039325127,-0.008537751051171967,1.5,0.09848325890445027,10643.737739382974,10848.50416599729,10638.67805041931,10844.796543038778,0.0,0.0,0.0,0.0,0.0,0.0,nan,0,0.0009300411388334928,-0.0014009537459029192,0.012583371086158035
22.8183203640001,-0.03204223934198328,0.10340689416007225,1.4932824344188576,1.2022800633840305,-0.253405098679653,0.04309862570838275,0.012686124765405971,-0.010665116302262148,0.6298999659064273,0.0035458724274268025,0.0018911266773754259,1.5,0.10778260729009083,10669.978119520103,10864.540879906397,10675.272888013658,10867.035400558554,0.0,0.0,0.0,0.0,0.0,0.0,nan,0,0.003637211458862609,0.012156170882740153,-0.005396455563156044
22.828551515000072,-0.03328086566577365,0.10510844865474793,1.4891830446121512,1.2116166442903564,-0.22541938814943657,-0.048021393158200844,0.0136336326304761,-0.011035488237663912,0.627474594154304,0.0035458724274268025,0.0018911266773754259,1.5,0.1101227983599603,10649.618801533159,10851.547571862355,10665.586494818055,10847.119611014004,0.0,0.0,0.0,0.0,0.0,0.0,nan,0,-0.008875542456780787,0.008599807686363453,-0.009442728115915067
22.838897904000078,-0.005075957537645169,0.09679319350235063,1.491266153655594,1.169052930830754,-0.22420335586995913,0.01567311796403837,0.009779798298818402,-0.018126737020565317,0.6292704916158739,0.023096712902204015,0.01231678651257548,1.5,0.08947761043737242,10707.180158550902,10916.235936311801,10723.850833456041,10891.896970020902,0.0,0.0,0.0,0.0,0.0,0.0,nan,0,0.008062064843363696,-0.004955731091216123,-0.007299615464377629
22.849217597999996,0.0048750500741162875,0.11294790761332238,1.5181213141614065,1.2547159376764057,-0.25161607281330733,-0.04126015674778903,0.010403648760600025,-0.013676430955852277,0.6272201344317425,0.023096712902204015,0.01231678651257548,1.5,0.10386064489088297,10684.718827366924,10917.278569223488,10722.1223854385,10866.219208209519,0.0,0.0,0.0,0.0,0.0,0.0,nan,0,0.006753959008076316,0.005977030146333856,0.0196187165093904
22.86018263799997,-0.00217645809036383,0.12332689846108429,1.471924265672564,1.1849484420300405,-0.23993699428137,-0.054684398939463495,0.01307859404440705,-0.010859833361313733,0.6143958207037743,0.04264673355189082,0.022735729993146447,1.5,0.11364835476489799,10703.41913592595,10914.976927126134,10723.539330028803,10886.92197564792,0.0,0.0,0.0,0.0,0.0,0.0,nan,0,-0.011547132629918876,0.011153024734003536,-0.026511828034799123
22.87005313499958,0.01842880322740649,0.12830758817522903,1.494756602704181,1.1809550313818447,-0.22741625829419426,-0.039655985124497195,0.004310749355097632,-0.01513136466570926,0.6237603394913366,0.04264673355189082,0.022735729993146447,1.5,0.10844085302330084,10764.058533359877,10974.464729473662,10796.566993473602,10940.984393454575,0.0,0.0,0.0,0.0,0.0,0.0,nan,0,-0.002180561647709217,0.010950406592556639,-0.003616309369432358
22.880363556999328,0.03638658445972945,0.11261497151790827,1.4986233424366604,1.2167331968538664,-0.21610676272641327,-0.03556969693379329,0.010286518184881932,-0.01358101474160131,0.6121378822144342,0.062197934322096554,0.033143701695900044,1.5,0.08356915516437062,10773.64388868217,10995.86495854816,10802.251842270949,10937.039440273005,0.0,0.0,0.0,0.0,0.0,0.0,nan,0,0.004550782792552811,-0.009905112886625086,0.0003041551131024445
22.890921903999697,0.033012036057530544,0.1271810465062518,1.5228984702371897,1.200010607719775,-0.24800772144106115,-0.06085655938039952,0.009626501537434993,-0.01650219710090755,0.6180800247103772,0.062197934322096554,0.033143701695900044,1.5,0.10108995407899864,10783.338660134685,10986.918356697446,10803.985814183525,10939.809801021695,0.0,0.0,0.0,0.0,0.0,0.0,nan,0,-0.010036632844860553,-0.0004809229397810255,0.024622740334995896
22.901112329999705,0.04959119406265558,0.12820306536373038,1.51258480503919,1.2321027219037493,-0.20330478631600873,0.03372357101340509,0.009783433404475884,-0.017159837161325617,0.6163429318567842,0.08172540765100136,0.043522142968185414,1.5,0.09144311684635513,10774.218349960638,10978.120374475691,10802.232582432547,10934.59963944061,0.0,0.0,0.0,0.0,0.0,0.0,nan,0,-0.004655488111981555,-0.00457919384889105,0.01434277287166319
22.911721910999404,0.070644535124359,0.1473528318501336,1.4735882365163027,1.2029363261153618,-0.2342618850776157,-0.03075718599408138,0.01237225013737842,-0.02078863227969658,0.6206390194833141,0.08172540765100136,0.043522142968185414,1.5,0.10770876909504808,10726.328732112488,10913.669078923784,10726.852574417406,10873.294578672685,0.0,0.0,0.0,0.0,0.0,0.0,nan,0,0.005215893195413351,0.009472325504576384,-0.024623392059341498
22.92218929199953,0.07676425513551227,0.13297595573337306,1.5183695708013194,1.209775645995027,-0.2391856717576023,-0.015734947265059335,0.010548379924016029,-0.02064966555573477,0.6153206361226616,0.10125343535031509,0.05387866044452676,1.5,0.08481475815581109,10759.217936654462,10948.896282763384,10762.412518569088,10911.327855166095,0.0,0.0,0.0,0.0,0.0,0.0,nan,0,0.00017092979404569053,-0.00998023164087869,0.020187147187068266
22.932367077999515,0.09062265652364052,0.1606844154782129,1.4770322499705264,1.1995157557069014,-0.23931984987833985,0.021694730648312274,0.007500565258851757,-0.024213338460231267,0.6130058376259652,0.10125343535031509,0.05387866044452676,1.5,0.10976338327599888,10730.031190210306,10913.886148713244,10739.056776223617,10889.33451185414,0.0,0.0,0.0,0.0,0.0,0.0,nan,0,0.0028831561181618254,0.012675682109426212,-0.021122630497548034
22.943234798999583,0.10698743130090366,0.15593606190266945,1.475767465607884,1.2287886656603184,-0.2701739294999315,-0.07357383190085741,0.012278665652911283,-0.024718825747813526,0.6126189036618784,0.12074962994944882,0.06419080136474042,1.5,0.09588434004507503,10719.824174209869,10904.613021593132,10729.910487194791,10877.56869104825,0.0,0.0,0.0,0.0,0.0,0.0,nan,0,0.008121432651120683,0.0028984002981741475,-0.02235816988785433
22.963399537999976,0.1318488809337761,0.15424716063379787,1.4904427237210431,1.2019250912500792,-0.21172673184448973,-0.05193304825948134,0.011243444386580084,-0.03150873360492925,0.6059928491821569,0.14023317405901,0.07446346637655865,1.5,0.08079031978160987,10820.77472636134,10982.80499299712,10840.27609710111,11004.768678648541,0.0,0.0,0.0,0.0,0.0,0.0,nan,0,0.010794118456087493,-0.008774791093370232,-0.007643192157230194
22.973750905000088,0.12576205246955943,0.16616889923540198,1.5096061600104964,1.1903643376070416,-0.19917209188643614,-0.0513364366756138,0.012081933532303224,-0.027915932326325128,0.5933839284371231,0.14023317405901,0.07446346637655865,1.5,0.09333583495116837,10819.18835435564,10984.537480382902,10841.503769972052,10992.529260841777,0.0,0.0,0.0,0.0,0.0,0.0,nan,0,-0.0063523317803751145,-0.001807049829936097,0.011517846396999598
22.984367324999766,0.14426027027317717,0.17346437275774107,1.5031338338874771,1.2034619920980858,-0.26363797266988515,-0.03329226389109558,0.005153990072373356,-0.03178538564334993,0.6008858890794924,0.15971140613363088,0.08469521061835636,1.5,0.09015831997736465,10804.800602685298,10973.431703556778,10828.562044340897,10960.971987552688,0.0,0.0,0.0,0.0,0.0,0.0,nan,0,0.001111055002482375,0.0005605355194524542,0.005029068656342783
22.994577929000116,0.1578712862016517,0.18036745298249154,1.4829829087755793,1.152357339873516,-0.17772532175140876,-0.035557721822595166,0.010289521181578592,-0.03637555594303432,0.59860174747779,0.15971140613363088,0.08469521061835636,1.5,0.0971912825004699,10779.177591993956,10945.396428700793,10811.087711624903,10940.946965997502,0.0,0.0,0.0,0.0,0.0,0.0,nan,0,0.003713177271155721,0.002562250139832911,-0.015148621592543599
