time,x,y,z,vx_body,vy_body,vz_body,roll,pitch,yaw,ref_x,ref_y,ref_z,position_error,rpm_0,rpm_1,rpm_2,rpm_3,disturbance_fx,disturbance_fy,disturbance_fz,disturbance_tx,disturbance_ty,disturbance_tz,obstacle_clearance,local_point_count,position_noise_x,position_noise_y,position_noise_z
0.11357242699978087,-0.004613533494779469,-0.009879025280523352,0.02574639275101387,-0.011520102203101545,0.028269707733039908,0.045904246462091486,0.005021438193439261,-0.0009665665699517,0.0032886469408788454,nan,nan,nan,nan,0.0,0.0,0.0,0.0,0.0,0.0,0.0,0.0,0.0,0.0,nan,0,-0.004613533494779469,-0.009879025280523352,0.02574639275101387
0.11385962399981508,-0.007726007629113333,-0.007805805841561417,0.0019852658357758183,0.007890755719752103,0.005088013273001555,-0.008280564842159438,-0.0015252099642714804,0.00112110640646387,0.004298139265052039,nan,nan,nan,nan,0.0,0.0,0.0,0.0,0.0,0.0,0.0,0.0,0.0,0.0,nan,0,-0.007726007629113333,-0.007805805841561417,0.0019852658357758183
0.11406607299977622,0.01344080894580967,0.006434277895071488,-0.0026965470504986865,-0.007564912949599135,0.01405281305162019,0.00643890733225422,0.00021350129798632884,0.0012237348662921445,-0.005254948472431806,nan,nan,nan,nan,0.0,0.0,0.0,0.0,0.0,0.0,0.0,0.0,0.0,0.0,nan,0,0.01344080894580967,0.006434277895071488,-0.0026965470504986865
0.11426140499952453,-0.002757025243278505,-0.012665544508069941,0.008351297287310846,-0.012103061122985075,0.006901212793278999,-0.05013415989693938,0.0005180156578146738,-0.00043108245817220737,-0.001445878911767117,nan,nan,nan,nan,0.0,0.0,0.0,0.0,0.0,0.0,0.0,0.0,0.0,0.0,nan,0,-0.002757025243278505,-0.012665544508069941,0.008351297287310846
0.11448963600014395,-0.00699590363975854,0.00743517007565977,0.009434707512017563,0.006552157350229541,-0.011014315838445317,-0.01930935512023716,0.002203054595554497,0.00046280492808556124,-0.0015504431618344689,nan,nan,nan,nan,0.0,0.0,0.0,0.0,0.0,0.0,0.0,0.0,0.0,0.0,nan,0,-0.00699590363975854,0.00743517007565977,0.009434707512017563
0.11469717699947068,0.017024423674987715,0.0059174052731636615,0.0077955459358072954,0.019071351075178124,0.020688305700168143,-0.019642553616914936,-0.0007279163877938124,0.0025256406846806204,-0.0053359097508263835,nan,nan,nan,nan,0.0,0.0,0.0,0.0,0.0,0.0,0.0,0.0,0.0,0.0,nan,0,0.017024423674987715,0.0059174052731636615,0.0077955459358072954
0.11488580599962006,-0.006813858577717854,0.0036736821095600227,0.011752720281984173,-0.0020001352424170054,-0.005365206625069732,-0.06275897005587254,-0.004183772008099059,2.367331838480911e-05,-0.008461966126733384,nan,nan,nan,nan,0.0,0.0,0.0,0.0,0.0,0.0,0.0,0.0,0.0,0.0,nan,0,-0.006813858577717854,0.0036736821095600227,0.011752720281984173
0.11507712399998127,-0.0068205989298185015,-0.0023714767547744686,-0.001449662218147344,0.014390756385241184,0.0126743728980325,-0.05265279865980059,-0.003324230423854643,-0.0006697001685526706,0.0009043984780049242,nan,nan,nan,nan,0.0,0.0,0.0,0.0,0.0,0.0,0.0,0.0,0.0,0.0,nan,0,-0.0068205989298185015,-0.0023714767547744686,-0.001449662218147344
0.11537339000005886,0.0006889946375519643,-0.00023805970980826156,0.015195772729483924,0.021297361369297267,0.03153509525058597,-0.05883086624576803,0.0017715067282928786,-0.00032410473231839155,-0.004613889286594927,nan,nan,nan,nan,0.0,0.0,0.0,0.0,0.0,0.0,0.0,0.0,0.0,0.0,nan,0,0.0006889946375519643,-0.00023805970980826156,0.015195772729483924
0.11559467499955645,0.023066349036664536,0.004397421851985537,0.009472917980048803,0.0065255930288524,0.02213542446993433,-0.02982145388322955,0.00048455488802597187,-0.002009802221324579,0.00269677037857074,nan,nan,nan,nan,0.0,0.0,0.0,0.0,0.0,0.0,0.0,0.0,0.0,0.0,nan,0,0.023066349036664536,0.004397421851985537,0.009472917980048803
0.11582011100017553,-0.01337381723929927,0.0016090731192857533,0.0013707601185828904,0.011820791815277917,-0.006505426463004473,0.017190927819882042,0.0012717886942515827,0.000365623616670847,-0.0023440769177258754,nan,nan,nan,nan,0.0,0.0,0.0,0.0,0.0,0.0,0.0,0.0,0.0,0.0,nan,0,-0.01337381723929927,0.0016090731192857533,0.0013707601185828904
0.11892463799995312,-0.0051046303392942366,-0.00931139324001815,0.016070466767043292,0.00836271347433415,-0.003482014513821691,0.03855038882279335,-0.0020397508415292034,-0.0029359984235303536,-0.004136024563961216,nan,nan,nan,nan,0.0,0.0,0.0,0.0,0.0,0.0,0.0,0.0,0.0,0.0,nan,0,-0.0051046303392942366,-0.00931139324001815,0.016070466767043292
0.12991007399978116,-0.003973340592549345,0.023439946313557957,0.00288695466551225,0.05209109983485257,-0.04305715940895324,-0.009614091690913037,0.0005758057706234972,-0.002975050531367075,0.008278727061883593,nan,nan,nan,nan,0.0,0.0,0.0,0.0,0.0,0.0,0.0,0.0,0.0,0.0,nan,0,-0.003973340592549345,0.023439946313557957,0.00288695466551225
0.14010690600025555,0.005837535841167808,0.007998443434803392,0.006336682664798181,-0.027221627149334397,-0.02693902580318757,-0.0004760412269148853,0.0005181254699714351,0.001867639787768961,-0.0017656704479275915,nan,nan,nan,nan,0.0,0.0,0.0,0.0,0.0,0.0,0.0,0.0,0.0,0.0,nan,0,0.005837535841167808,0.007998443434803392,0.006336682664798181
0.1503043719994821,0.010448194967351063,0.0029363795072105793,0.00575366547973786,-0.0037115370595631196,0.011672572732286156,0.028650605259863487,0.002511666297106489,0.0008001827239239012,-8.883806297964318e-05,nan,nan,nan,nan,0.0,0.0,0.0,0.0,0.0,0.0,0.0,0.0,0.0,0.0,nan,0,0.010448194967351063,0.0029363795072105793,0.00575366547973786
0.16078136600026482,0.0036687611293859867,-0.00030842052803581674,0.023438130838724727,0.0301875603948747,-0.005530159637980935,-0.033196759996554796,0.0003226565112014248,0.002871360589293474,0.0005236928762621563,nan,nan,nan,nan,0.0,0.0,0.0,0.0,0.0,0.0,0.0,0.0,0.0,0.0,nan,0,0.0036687611293859867,-0.00030842052803581674,0.023438130838724727
0.17127128399988578,0.00950524516316936,0.007325472089060124,-0.020328571610491883,-0.012127436924939535,-0.02738448755086549,0.008281230126631275,-0.0019240128261319338,-0.0010541104612331726,-0.002770416256362129,nan,nan,nan,nan,0.0,0.0,0.0,0.0,0.0,0.0,0.0,0.0,0.0,0.0,nan,0,0.00950524516316936,0.007325472089060124,-0.020328571610491883
0.18215753399999812,-0.013338470490787348,0.0024689522885814074,0.014356274135734735,0.04568176185069721,0.04132463611148886,-0.030353204423922836,0.001381362296621066,0.000938956499864542,0.0019086589431812644,nan,nan,nan,nan,0.0,0.0,0.0,0.0,0.0,0.0,0.0,0.0,0.0,0.0,nan,0,-0.013338470490787348,0.0024689522885814074,0.014356274135734735
0.19234129399956146,-0.008523028684533118,0.00935749953667742,0.0032790584142399523,-0.01098075542390977,-0.004028039312341923,0.01466806391818363,-0.0027535285096211702,-0.0040120964851745435,0.00046319590879286064,nan,nan,nan,nan,0.0,0.0,0.0,0.0,0.0,0.0,0.0,0.0,0.0,0.0,nan,0,-0.008523028684533118,0.00935749953667742,0.0032790584142399523
0.20308564100014337,-0.004762650219339264,-0.013931113623399626,-0.003123854472074291,0.021499346886994355,-0.005365567064399563,-0.017918307994620623,0.0032150377852348954,0.0017139655594067785,0.002435755421400127,nan,nan,nan,nan,0.0,0.0,0.0,0.0,0.0,0.0,0.0,0.0,0.0,0.0,nan,0,-0.004762650219339264,-0.013931113623399626,-0.003123854472074291
0.21339287899991177,0.005939026087961026,0.0005962152636486689,0.004139522844252341,0.007098019881507148,-0.02184432743355913,0.001697688741496251,-0.0020361096732478194,-0.0007106074121962475,-7.246312055845397e-05,nan,nan,nan,nan,0.0,0.0,0.0,0.0,0.0,0.0,0.0,0.0,0.0,0.0,nan,0,0.005939026087961026,0.0005962152636486689,0.004139522844252341
0.22413976499956334,0.002784971698987852,0.011095239595203888,0.013953048077349794,0.0030883177687044804,-0.007768114745188981,-0.037556674370647254,-0.0002705689908722989,0.001334651421559999,-0.0050477322251097695,nan,nan,nan,nan,0.0,0.0,0.0,0.0,0.0,0.0,0.0,0.0,0.0,0.0,nan,0,0.002784971698987852,0.011095239595203888,0.013953048077349794
0.23429060600028606,-0.029411998772482212,0.008112925777618045,-0.0031242300433940292,-0.012968788868216934,0.01661189248329139,-0.02014030195570776,-0.0030075569088662524,0.00029944266635571667,0.0032170778584134,nan,nan,nan,nan,0.0,0.0,0.0,0.0,0.0,0.0,0.0,0.0,0.0,0.0,nan,0,-0.029411998772482212,0.008112925777618045,-0.0031242300433940292
0.24494601999958832,0.0032841134968739708,0.005039823828645646,-0.012361717875231465,-0.011601053754342207,0.013145414441409623,0.04170527748191208,-0.0006746343467934771,0.0015606445597139732,-0.003741970051602294,nan,nan,nan,nan,0.0,0.0,0.0,0.0,0.0,0.0,0.0,0.0,0.0,0.0,nan,0,0.0032841134968739708,0.005039823828645646,-0.012361717875231465
0.2553053789997648,0.0017820904067174462,0.012666367435769495,0.026739118892718565,0.04380913404339975,0.01352515773443968,0.06679000069970663,0.001882288241373595,-0.0003165039461763746,-7.50913375631407e-05,nan,nan,nan,nan,0.0,0.0,0.0,0.0,0.0,0.0,0.0,0.0,0.0,0.0,nan,0,0.0017820904067174462,0.012666367435769495,0.026739118892718565
0.2659688189996814,0.006158660572617886,-0.0018997892736001927,0.013630146896908639,0.04369587034307774,-0.028806176092993775,-0.006352649152490558,-0.00022890651620779208,-0.0035051266684796916,-0.002250856348552156,nan,nan,nan,nan,0.0,0.0,0.0,0.0,0.0,0.0,0.0,0.0,0.0,0.0,nan,0,0.006158660572617886,-0.0018997892736001927,0.013630146896908639
0.27691909700024553,-0.006636701335336087,0.00702290902152114,0.005965351718812079,0.013898081625280811,0.021695295821212483,0.028229298339610756,0.0001453233129817795,0.0022683009295332013,-0.000408336318904989,nan,nan,nan,nan,0.0,0.0,0.0,0.0,0.0,0.0,0.0,0.0,0.0,0.0,nan,0,-0.006636701335336087,0.00702290902152114,0.005965351718812079
0.2870108600000094,-0.006998986198108157,-0.008533027880621333,0.0011590674325503085,0.015261660837097239,-0.008095414818440012,0.029261866009365495,-0.0005637377762351664,0.004778348154679954,0.003110887812044011,nan,nan,nan,nan,0.0,0.0,0.0,0.0,0.0,0.0,0.0,0.0,0.0,0.0,nan,0,-0.006998986198108157,-0.008533027880621333,0.0011590674325503085
0.2974437129996659,-0.004310507448533488,-0.00395599818748193,-0.01574007775854294,-0.018501611271615027,0.023283952279116848,-0.025067585930009732,0.0019874917169162435,-0.00160432238220005,-0.007485543330927062,nan,nan,nan,nan,0.0,0.0,0.0,0.0,0.0,0.0,0.0,0.0,0.0,0.0,nan,0,-0.004310507448533488,-0.00395599818748193,-0.01574007775854294
0.30771679999998014,-0.0018817094176157424,-0.00884322799453594,0.002164214396235004,0.05300518525357627,-0.015257418067176667,-0.001459269075296852,0.0003906793836694492,0.0004386570427431222,0.004012894990757102,nan,nan,nan,nan,0.0,0.0,0.0,0.0,0.0,0.0,0.0,0.0,0.0,0.0,nan,0,-0.0018817094176157424,-0.00884322799453594,0.002164214396235004
0.3183044790002896,0.009316800306567582,0.0020613976837899413,-0.01727680134757464,0.0018061221062445224,-0.02503866443785493,0.01631601554649204,-0.0029308427230868746,-0.0018167101787933,-0.0061460124225230905,nan,nan,nan,nan,0.0,0.0,0.0,0.0,0.0,0.0,0.0,0.0,0.0,0.0,nan,0,0.009316800306567582,0.0020613976837899413,-0.01727680134757464
0.32881731299949024,0.012425791477944327,-0.0020004377981196943,0.016437695571961966,-0.01422430253490252,-0.013228939530063688,0.023870534858774023,0.0028653270604708553,-0.00011570259876746326,-0.006569419010468257,nan,nan,nan,nan,0.0,0.0,0.0,0.0,0.0,0.0,0.0,0.0,0.0,0.0,nan,0,0.012425791477944327,-0.0020004377981196943,0.016437695571961966
0.3394455500001641,-0.013445278906177175,-0.014893634681572301,0.016669866189364984,0.020281016206498078,-0.009843118870027813,-0.01861820174395426,0.002413417595101805,-0.002357910240730841,-0.0003753665946852958,nan,nan,nan,nan,0.0,0.0,0.0,0.0,0.0,0.0,0.0,0.0,0.0,0.0,nan,0,-0.013445278906177175,-0.014893634681572301,0.016669866189364984
0.34990374599965435,-0.002939730324644867,-0.013207772887767852,0.00296260637777888,-0.009284817736986662,-0.0028770133453686272,-0.017523089981929838,-0.0006266579130405796,0.002654274371605373,0.004793925553166831,nan,nan,nan,nan,0.0,0.0,0.0,0.0,0.0,0.0,0.0,0.0,0.0,0.0,nan,0,-0.002939730324644867,-0.013207772887767852,0.00296260637777888
0.36031608400026016,0.00024040357854423228,0.02263355956046886,0.02491913346427654,0.009254283949431301,0.001690261146142276,-0.010198213265414124,-0.00168612635989656,0.0029803020001558335,-0.0002512638840969373,nan,nan,nan,nan,0.0,0.0,0.0,0.0,0.0,0.0,0.0,0.0,0.0,0.0,nan,0,0.00024040357854423228,0.02263355956046886,0.02491913346427654
0.37180798600002163,-0.005188374457233947,0.00282147680307173,-0.0025784143347338502,0.0018853271940149452,-0.045858718961929765,-0.010495952935795106,-0.0014442332416207918,-0.000329618345081347,-0.0072658075158104326,nan,nan,nan,nan,0.0,0.0,0.0,0.0,0.0,0.0,0.0,0.0,0.0,0.0,nan,0,-0.005188374457233947,0.00282147680307173,-0.0025784143347338502
0.38170044799971947,-0.00795084597913047,0.017741554302434678,-0.010780354997888316,-0.009711377855814772,0.011190923176840782,0.07276458883297202,0.0003798739730160546,-0.001523693134853247,-0.0004933090944289098,nan,nan,nan,nan,0.0,0.0,0.0,0.0,0.0,0.0,0.0,0.0,0.0,0.0,nan,0,-0.00795084597913047,0.017741554302434678,-0.010780354997888316
0.39219379800033494,-0.0005127314705507245,-0.0037608647620772516,-0.01619032178635969,0.0018160376148201659,0.014970172011743369,-0.03485636786254732,-0.0004912762910030724,-0.0026438923338349437,-0.004184926352489196,nan,nan,nan,nan,0.0,0.0,0.0,0.0,0.0,0.0,0.0,0.0,0.0,0.0,nan,0,-0.0005127314705507245,-0.0037608647620772516,-0.01619032178635969
0.4021873310002775,0.0068310714330234446,-0.000607591651352602,0.007482477187083455,0.0035237581741117533,-0.014639774796713285,0.039240366489433826,0.002244096262342406,-0.0011791394110262728,-0.0007108196474512121,nan,nan,nan,nan,0.0,0.0,0.0,0.0,0.0,0.0,0.0,0.0,0.0,0.0,nan,0,0.0068310714330234446,-0.000607591651352602,0.007482477187083455
0.41281793199959793,0.015294741025692985,0.014862899230541212,0.009522581539040216,-0.010248260475596963,0.04693634623057494,0.010017555714664722,0.0016287897517795566,-0.000762093283931269,0.0048955042675235694,nan,nan,nan,nan,0.0,0.0,0.0,0.0,0.0,0.0,0.0,0.0,0.0,0.0,nan,0,0.015294741025692985,0.014862899230541212,0.009522581539040216
0.42313943799945264,0.0018283338791755925,0.007898176944950349,-0.00907600704706833,-0.007982846078374541,0.06497325953999859,-0.024478665084156425,-0.00255212435838827,0.0024639267732124138,-0.002620306890997693,nan,nan,nan,nan,0.0,0.0,0.0,0.0,0.0,0.0,0.0,0.0,0.0,0.0,nan,0,0.0018283338791755925,0.007898176944950349,-0.00907600704706833
0.4336990829997376,0.0028882995648157107,-0.0026438114912848798,-0.004021935801801767,-0.0043086213225945295,-0.0062094344032454585,-0.05569883747504205,-0.003998343111564504,0.0031379096320265716,-0.0028410719323529025,nan,nan,nan,nan,0.0,0.0,0.0,0.0,0.0,0.0,0.0,0.0,0.0,0.0,nan,0,0.0028882995648157107,-0.0026438114912848798,-0.004021935801801767
0.4442831260003004,0.00262470281738623,0.0010399403326711483,-0.02193045905406306,-0.014813930545551083,0.021827326668593633,-0.08374069020686646,-0.0008906374288669317,-0.0017741121068917923,-0.00091388423080239,nan,nan,nan,nan,0.0,0.0,0.0,0.0,0.0,0.0,0.0,0.0,0.0,0.0,nan,0,0.00262470281738623,0.0010399403326711483,-0.02193045905406306
0.4553784250001627,0.01955294859045933,-0.010134973204237199,0.00900609468012217,0.0014591231463930415,0.003531472734337347,-0.004560339001712528,-0.0010663058494199587,0.0010110553154427098,-0.001219152383398375,nan,nan,nan,nan,0.0,0.0,0.0,0.0,0.0,0.0,0.0,0.0,0.0,0.0,nan,0,0.01955294859045933,-0.010134973204237199,0.00900609468012217
0.4651376510000773,0.00868614313077065,0.0013158760086808882,0.002919386511175028,-0.00898912921460149,0.02772197517187319,-0.026988833526897748,0.00084761437779556,-2.621899674463474e-05,-0.005512781882585205,nan,nan,nan,nan,0.0,0.0,0.0,0.0,0.0,0.0,0.0,0.0,0.0,0.0,nan,0,0.00868614313077065,0.0013158760086808882,0.002919386511175028
0.4758616090002761,0.020678789039197648,-0.016584625520580324,0.008628901479023222,0.00023737357159585854,0.050274256291448875,0.002289532101956054,-0.0012927857564791294,-0.004581289796521176,0.0032961684643918092,nan,nan,nan,nan,0.0,0.0,0.0,0.0,0.0,0.0,0.0,0.0,0.0,0.0,nan,0,0.020678789039197648,-0.016584625520580324,0.008628901479023222
0.48614830399947095,0.007577365836325258,0.00010862580355834729,0.003115010836725813,-0.026402705731560044,-0.008781911483523445,0.023795034387195893,0.004375157700076002,0.00013634040716986156,-0.00836597230161762,nan,nan,nan,nan,0.0,0.0,0.0,0.0,0.0,0.0,0.0,0.0,0.0,0.0,nan,0,0.007577365836325258,0.00010862580355834729,0.003115010836725813
0.49717537000015,-0.009124704990536869,-0.01146095123437356,-0.003818474142482086,0.011508436483949057,0.01801527320644469,-0.029084245509749255,-0.002390049835963997,0.0006916174636792753,0.0025190028289797045,nan,nan,nan,nan,0.0,0.0,0.0,0.0,0.0,0.0,0.0,0.0,0.0,0.0,nan,0,-0.009124704990536869,-0.01146095123437356,-0.003818474142482086
0.5070077150003272,-0.002218058042281986,-0.014452740625254965,-0.020254048329287472,0.007105488411445821,-0.022525650576401213,-0.01583471422476412,-0.0001153406848047321,0.0027673155654598662,0.006446694728400239,nan,nan,nan,nan,0.0,0.0,0.0,0.0,0.0,0.0,0.0,0.0,0.0,0.0,nan,0,-0.002218058042281986,-0.014452740625254965,-0.020254048329287472
0.5174610779995419,-0.004447445395715137,-0.017327662409372616,0.016640544076094034,-0.025371701046702073,-0.027643031951967902,0.022309914748094916,0.00129488405896191,-0.0006720841292326674,-0.0022908494556860967,nan,nan,nan,nan,0.0,0.0,0.0,0.0,0.0,0.0,0.0,0.0,0.0,0.0,nan,0,-0.004447445395715137,-0.017327662409372616,0.016640544076094034
0.5280728299994735,0.0034996609492130076,0.0067429210605740465,0.009027757573339543,-0.00810544746979572,-0.022995792257047388,-0.018785480629096324,0.0011573009334120972,0.00043831445563935543,-0.0006807620050055591,nan,nan,nan,nan,0.0,0.0,0.0,0.0,0.0,0.0,0.0,0.0,0.0,0.0,nan,0,0.0034996609492130076,0.0067429210605740465,0.009027757573339543
0.5382083650001732,0.0006160409937969015,0.0011139291884183214,-0.0005570471406440993,-0.005349040116978949,-0.006370916728592644,0.004446372983217492,0.0014362014551636184,0.00018898750272175807,0.0022334747599546613,nan,nan,nan,nan,0.0,0.0,0.0,0.0,0.0,0.0,0.0,0.0,0.0,0.0,nan,0,0.0006160409937969015,0.0011139291884183214,-0.0005570471406440993
0.5489168570002221,-9.484881922553827e-05,0.006513710747372111,-0.006888906745008085,-0.006083286769354309,0.03295097000878306,0.021254594516666035,0.000665963467093713,-0.003611868761658119,0.002690170643663866,nan,nan,nan,nan,0.0,0.0,0.0,0.0,0.0,0.0,0.0,0.0,0.0,0.0,nan,0,-9.484881922553827e-05,0.006513710747372111,-0.006888906745008085
0.5594210769995698,-0.004399750299856436,-0.006875109843922797,0.009624646856335045,-0.00558128318950792,-0.02213112851952791,-0.025391555085544727,-0.0008309493740956903,-0.003149357867205637,-0.006003538492122699,nan,nan,nan,nan,0.0,0.0,0.0,0.0,0.0,0.0,0.0,0.0,0.0,0.0,nan,0,-0.004399750299856436,-0.006875109843922797,0.009624646856335045
0.5697622830002729,0.01748623432520113,0.025616977620410895,0.0075390466761366525,0.015335835653295197,-0.012802333553861681,-0.018075587699801495,0.0012328261485053536,-0.001804158887282718,-0.0011944579674882066,nan,nan,nan,nan,0.0,0.0,0.0,0.0,0.0,0.0,0.0,0.0,0.0,0.0,nan,0,0.01748623432520113,0.025616977620410895,0.0075390466761366525
0.580234570000357,-0.00568507802321797,-0.0029768483578798965,0.0009889598598155885,-0.01734019514385844,-0.005477989808359033,0.008454261071502333,-0.0009181455664916493,-0.004233143161705428,0.0016237479757647052,nan,nan,nan,nan,0.0,0.0,0.0,0.0,0.0,0.0,0.0,0.0,0.0,0.0,nan,0,-0.00568507802321797,-0.0029768483578798965,0.0009889598598155885
0.5908853350001664,0.00418016305598365,0.0015069877500238239,-0.018610293176847648,-0.011993661422355417,-0.015554857398573632,-0.01642629295928499,0.001755729175584578,0.0009781238072322969,-0.00525079877394293,nan,nan,nan,nan,0.0,0.0,0.0,0.0,0.0,0.0,0.0,0.0,0.0,0.0,nan,0,0.00418016305598365,0.0015069877500238239,-0.018610293176847648
0.6012017550001474,0.0068619615121516325,-0.0071051158167523614,0.0017696929015872272,0.032702993758144,-0.033228156623745495,-0.03780888084288458,0.002394170875988262,-1.8817474556968344e-05,-0.0017209509247176698,nan,nan,nan,nan,0.0,0.0,0.0,0.0,0.0,0.0,0.0,0.0,0.0,0.0,nan,0,0.0068619615121516325,-0.0071051158167523614,0.0017696929015872272
0.6118700990000434,0.006852575875250604,0.0014399737484694078,0.004031110813179824,-0.008382532328259695,0.04203023985115271,-0.011965331209483239,-0.00047815470643998225,0.00034377878685597414,-0.0017879829752119735,nan,nan,nan,nan,0.0,0.0,0.0,0.0,0.0,0.0,0.0,0.0,0.0,0.0,nan,0,0.006852575875250604,0.0014399737484694078,0.004031110813179824
0.6223072200000388,0.009664308638555176,0.0022702059627634323,-0.020017994979167363,0.006475667294501705,-0.04262760513804237,0.025757075359149405,0.003868640439880869,-0.002138261109688785,-0.0034310464021880035,nan,nan,nan,nan,0.0,0.0,0.0,0.0,0.0,0.0,0.0,0.0,0.0,0.0,nan,0,0.009664308638555176,0.0022702059627634323,-0.020017994979167363
0.632864743999562,0.004509269372180739,0.008283959670686394,-0.029160029247413326,-0.017963565540660736,-0.051682082841322766,0.07206100360781634,0.0009079936525513053,0.001628918328488793,0.007757453022353824,nan,nan,nan,nan,0.0,0.0,0.0,0.0,0.0,0.0,0.0,0.0,0.0,0.0,nan,0,0.004509269372180739,0.008283959670686394,-0.029160029247413326
0.6433078949994524,-0.013212267232961069,0.0012119696525782107,-0.0010694202463239955,0.011857819493959164,-0.0019297514454481178,0.0196319047938316,-0.0014371193556217067,-0.0005704886305074414,0.0005924090907340896,nan,nan,nan,nan,0.0,0.0,0.0,0.0,0.0,0.0,0.0,0.0,0.0,0.0,nan,0,-0.013212267232961069,0.0012119696525782107,-0.0010694202463239955
0.6538668490002237,-0.030216567700039776,-0.015058985389732176,-0.030765652845355745,-0.04057569142488841,-0.013977805678494815,-0.012615641694745,-7.073388987296097e-05,-0.0017346237755051465,4.499817458786539e-05,nan,nan,nan,nan,0.0,0.0,0.0,0.0,0.0,0.0,0.0,0.0,0.0,0.0,nan,0,-0.030216567700039776,-0.015058985389732176,-0.030765652845355745
0.6642652749997069,-0.001767344107854851,-0.01025669364434564,-0.014345004912962998,-0.014321445481499665,0.0026250685791733585,-0.022020819743281173,-0.0007403625784066516,0.0016444509814207673,-0.0016171360592324559,nan,nan,nan,nan,0.0,0.0,0.0,0.0,0.0,0.0,0.0,0.0,0.0,0.0,nan,0,-0.001767344107854851,-0.01025669364434564,-0.014345004912962998
0.6749520390003454,0.004225282555940008,-0.0033594518680114998,0.02244887914529921,0.027226279034159678,-0.004155468704404553,-0.006844705150025282,-0.003330722956706077,0.0023346670201572395,-0.000769237165519244,nan,nan,nan,nan,0.0,0.0,0.0,0.0,0.0,0.0,0.0,0.0,0.0,0.0,nan,0,0.004225282555940008,-0.0033594518680114998,0.02244887914529921
0.6854324119994999,-0.006978809288157094,-0.0024366792708313016,0.020788924672397745,0.0006222566457160762,0.03078308273362753,0.03645814223434731,0.00018319016071736087,0.0004171005747492576,-0.0009440249720357943,nan,nan,nan,nan,0.0,0.0,0.0,0.0,0.0,0.0,0.0,0.0,0.0,0.0,nan,0,-0.006978809288157094,-0.0024366792708313016,0.020788924672397745
0.6958119319997422,0.018453755885923587,-0.005620679499249122,-0.010856491068074337,-0.008318683720744971,-0.0030822720106493014,-0.012809417842527744,-9.641726368858145e-06,-0.0006464563581528794,-0.003069842131382603,nan,nan,nan,nan,0.0,0.0,0.0,0.0,0.0,0.0,0.0,0.0,0.0,0.0,nan,0,0.018453755885923587,-0.005620679499249122,-0.010856491068074337
0.7063199960002748,-0.007014884157666656,-0.008689979018053838,0.0014369120346761958,-0.0029426773855640493,-0.03223972917341896,-0.03511860182642254,-0.004813357700350769,-0.00033199578892902266,-0.0011077580489747276,nan,nan,nan,nan,0.0,0.0,0.0,0.0,0.0,0.0,0.0,0.0,0.0,0.0,nan,0,-0.007014884157666656,-0.008689979018053838,0.0014369120346761958
0.7168021580000641,-0.0023430579576344973,-0.0015639228895544383,0.009482535937514717,-0.010679788772312024,-0.02361458995654049,-0.0697359152707564,-0.003059708817349671,0.0010681852149260504,-0.003274724047439988,nan,nan,nan,nan,0.0,0.0,0.0,0.0,0.0,0.0,0.0,0.0,0.0,0.0,nan,0,-0.0023430579576344973,-0.0015639228895544383,0.009482535937514717
0.7271625610001138,0.005751717310342018,-0.0038728827026887464,0.00613718294770203,-0.016268811036381434,0.005700664977216071,-0.007705617108179462,-6.128486265963465e-05,0.0014090875023739914,0.006048532774896716,nan,nan,nan,nan,0.0,0.0,0.0,0.0,0.0,0.0,0.0,0.0,0.0,0.0,nan,0,0.005751717310342018,-0.0038728827026887464,0.00613718294770203
0.7377945099997305,0.003287390024389977,-0.004566690334376786,-0.010870060011089366,0.0031153801368734905,0.01834458949538861,-0.013606505528681324,-0.0011208631128403926,-0.0007708912740159922,-0.005508564489338341,nan,nan,nan,nan,0.0,0.0,0.0,0.0,0.0,0.0,0.0,0.0,0.0,0.0,nan,0,0.003287390024389977,-0.004566690334376786,-0.010870060011089366
0.7486633879998408,0.004032247612203264,0.0012144193290367174,-0.014004409935380584,-0.011847426295109239,-0.022738077898156125,-0.06537061980952903,0.0028464741113585,0.0029578927407294497,0.003149285661529769,nan,nan,nan,nan,0.0,0.0,0.0,0.0,0.0,0.0,0.0,0.0,0.0,0.0,nan,0,0.004032247612203264,0.0012144193290367174,-0.014004409935380584
0.7588890110000648,-0.004294739264413465,-0.0015992436494205115,-0.009213980539501837,0.018189737724350383,0.006221630322697905,-0.07462751607835673,-0.0008366231343598817,-0.0029449730253398513,0.00413111082567723,nan,nan,nan,nan,0.0,0.0,0.0,0.0,0.0,0.0,0.0,0.0,0.0,0.0,nan,0,-0.004294739264413465,-0.0015992436494205115,-0.009213980539501837
0.7696218669998416,0.019803399479964064,0.006651802219314143,-0.045242368484191574,0.007001232916399623,-0.0025360264487607562,0.0037061101256097447,-0.002008509907062394,0.00032982777714335155,0.0016832272245946205,nan,nan,nan,nan,0.0,0.0,0.0,0.0,0.0,0.0,0.0,0.0,0.0,0.0,nan,0,0.019803399479964064,0.006651802219314143,-0.045242368484191574
0.7801600650000182,-0.004274910559331354,0.0041137739871027834,-0.006024390098195135,0.010335960043209434,0.014675127707742434,0.0689542843113823,-0.0011001848134848924,-0.0002907699459035236,-0.0018933108518472334,nan,nan,nan,nan,0.0,0.0,0.0,0.0,0.0,0.0,0.0,0.0,0.0,0.0,nan,0,-0.004274910559331354,0.0041137739871027834,-0.006024390098195135
0.7903772970003047,0.02462080858129708,-0.005875473736917283,-0.016967953556051595,-0.026239508476752143,0.007503237242949222,-0.005891202726689528,0.0013914642828168277,-0.0016852109153835686,0.0016843633274536197,nan,nan,nan,nan,0.0,0.0,0.0,0.0,0.0,0.0,0.0,0.0,0.0,0.0,nan,0,0.02462080858129708,-0.005875473736917283,-0.016967953556051595
0.8009752099997058,-0.013110303251052948,-0.0036246646923318087,0.00048292970128450545,0.014095727287759834,0.005437164090862988,-0.013728745193647635,-0.0006819520479000252,-0.0017875235737798186,-0.002906648029464616,nan,nan,nan,nan,0.0,0.0,0.0,0.0,0.0,0.0,0.0,0.0,0.0,0.0,nan,0,-0.013110303251052948,-0.0036246646923318087,0.00048292970128450545
0.8115161289997559,-0.014841878542597765,-0.009912387212817219,0.00039821590013573846,0.012108140893798936,-0.004380952788010454,0.03697356627096465,0.0038830650694400564,-0.000830908030615012,0.000559684400566409,nan,nan,nan,nan,0.0,0.0,0.0,0.0,0.0,0.0,0.0,0.0,0.0,0.0,nan,0,-0.014841878542597765,-0.009912387212817219,0.00039821590013573846
0.8221591390001777,-0.0075969250921555575,-0.008974348638511773,0.02250243715430941,0.005968556839703774,0.026255391586088507,-0.022059231637618224,-0.00032446319853135974,-0.00032398428259970333,-0.0015146282591707698,nan,nan,nan,nan,0.0,0.0,0.0,0.0,0.0,0.0,0.0,0.0,0.0,0.0,nan,0,-0.0075969250921555575,-0.008974348638511773,0.02250243715430941
0.8324777739999263,-0.011853574516351491,-0.0035593378237605837,-0.020046422354827297,0.0051357553556571015,-0.012354148922266344,-0.040579428203822966,9.479030763857706e-06,-0.0016932964052154573,0.0012749308877156688,nan,nan,nan,nan,0.0,0.0,0.0,0.0,0.0,0.0,0.0,0.0,0.0,0.0,nan,0,-0.011853574516351491,-0.0035593378237605837,-0.020046422354827297
0.8427473809997537,-0.004611925012701256,0.009421496525225058,-0.0030262966805612124,-0.013840670040259385,-0.009155963768968168,-0.0052125710287940115,0.000636289987315538,-0.003071858535076395,-0.0009148094256040074,nan,nan,nan,nan,0.0,0.0,0.0,0.0,0.0,0.0,0.0,0.0,0.0,0.0,nan,0,-0.004611925012701256,0.009421496525225058,-0.0030262966805612124
0.8534049800000503,-0.005992117578331978,-0.0044076338870338355,0.012150137571617071,0.00996035373724134,0.005937870960052524,0.004062899440912044,0.002445203859759029,0.0009657756154226283,0.0019158850952759837,nan,nan,nan,nan,0.0,0.0,0.0,0.0,0.0,0.0,0.0,0.0,0.0,0.0,nan,0,-0.005992117578331978,-0.0044076338870338355,0.012150137571617071
0.863891040999988,-0.005188905102948285,0.009166665185476094,0.009228532441319996,-0.006295162257427566,0.007774915610579856,-0.01858732534574591,-0.0022993968596339877,0.0011344050792012736,-0.00018679552904485,nan,nan,nan,nan,0.0,0.0,0.0,0.0,0.0,0.0,0.0,0.0,0.0,0.0,nan,0,-0.005188905102948285,0.009166665185476094,0.009228532441319996
0.87479329999951,-0.014068887442685042,0.017162185900959605,0.02358774866459527,-0.01720900450663437,-0.0026353642065619015,-0.011189742769430707,-0.0026849765902589593,-0.0011887292789065304,0.0005669887711198429,nan,nan,nan,nan,0.0,0.0,0.0,0.0,0.0,0.0,0.0,0.0,0.0,0.0,nan,0,-0.014068887442685042,0.017162185900959605,0.02358774866459527
0.8849111199997424,-0.011353267442800552,0.012287268297242516,0.009271136475062742,-0.00640443923221387,0.014939682594552727,-0.00031874217776064367,0.0008453665225241764,0.00023702521449689407,-0.004462342210632124,nan,nan,nan,nan,0.0,0.0,0.0,0.0,0.0,0.0,0.0,0.0,0.0,0.0,nan,0,-0.011353267442800552,0.012287268297242516,0.009271136475062742
0.8958132119996662,0.002694176964313697,0.014869688567133485,-0.01128766583038308,-0.04060029283139951,0.02936439184920575,-0.014862405704562421,0.0022137517964481404,-0.0002858054526499584,0.002322416712502067,nan,nan,nan,nan,0.0,0.0,0.0,0.0,0.0,0.0,0.0,0.0,0.0,0.0,nan,0,0.002694176964313697,0.014869688567133485,-0.01128766583038308
0.9066968440001801,0.00211956286089572,-0.01756017109559856,0.0027968789244918434,-0.002582082774736308,-0.02975905708791353,0.013321208167958351,0.0005871180617721642,-0.0017636720634656336,-0.007487488199909388,nan,nan,nan,nan,0.0,0.0,0.0,0.0,0.0,0.0,0.0,0.0,0.0,0.0,nan,0,0.00211956286089572,-0.01756017109559856,0.0027968789244918434
0.9167066190002515,-0.009675434468213156,0.006679332406175859,0.009201774652798844,-0.00367801702681248,0.03510662556418363,-0.02453495884933838,-0.002627630488607212,0.0032987516081269684,-0.0023238414482386546,nan,nan,nan,nan,0.0,0.0,0.0,0.0,0.0,0.0,0.0,0.0,0.0,0.0,nan,0,-0.009675434468213156,0.006679332406175859,0.009201774652798844
0.9276024660002804,-0.014725726575639038,0.009915630607767806,0.012148079669271488,0.0033626757928551894,0.011980981946068881,-0.012681852922322845,0.000798919615051976,0.001940227539490276,0.0002180263047405797,nan,nan,nan,nan,0.0,0.0,0.0,0.0,0.0,0.0,0.0,0.0,0.0,0.0,nan,0,-0.014725726575639038,0.009915630607767806,0.012148079669271488
0.9376967090001926,-0.0067305316108077495,-0.01172537959689658,0.028848363342618595,0.01136777418992351,-0.010954493919225676,-0.012738946104300194,0.0008267521775282297,0.0026678586970655892,-0.000729282326035819,nan,nan,nan,nan,0.0,0.0,0.0,0.0,0.0,0.0,0.0,0.0,0.0,0.0,nan,0,-0.0067305316108077495,-0.01172537959689658,0.028848363342618595
0.9484695760002069,-0.00546027034970899,0.011366054914112841,-0.026447355201148395,0.006299624644884108,-0.015555457121032906,0.009469233298844337,0.0024494886932010236,0.002782407906070649,0.005078459719316578,nan,nan,nan,nan,0.0,0.0,0.0,0.0,0.0,0.0,0.0,0.0,0.0,0.0,nan,0,-0.00546027034970899,0.011366054914112841,-0.026447355201148395
0.9592032629998357,0.0034178016123509285,-0.01658389519511768,-0.002112761883571706,0.016332999557956824,-0.018176073090730042,-0.019145931883022417,4.102033613990753e-05,-0.0019025437928493958,0.0012291121953439785,nan,nan,nan,nan,0.0,0.0,0.0,0.0,0.0,0.0,0.0,0.0,0.0,0.0,nan,0,0.0034178016123509285,-0.01658389519511768,-0.002112761883571706
0.9694390829999975,-0.02211538849735347,-0.013684183604987339,-0.013587540517088473,0.004104345265472106,-0.010651103916458867,-0.033071752967716445,0.0011094923494975688,-0.0005880089570637881,0.0008734769724146629,nan,nan,nan,nan,0.0,0.0,0.0,0.0,0.0,0.0,0.0,0.0,0.0,0.0,nan,0,-0.02211538849735347,-0.013684183604987339,-0.013587540517088473
0.9794407150002371,-0.006141797937566149,-0.006297563484805334,0.012247746760871694,-0.03772312387170594,0.007179901234877386,0.009593986309176699,-0.002068056846080935,0.002843494631806914,0.0055862497525236135,nan,nan,nan,nan,0.0,0.0,0.0,0.0,0.0,0.0,0.0,0.0,0.0,0.0,nan,0,-0.006141797937566149,-0.006297563484805334,0.012247746760871694
0.9908497320002425,-0.010258306338608872,-0.006814923435051479,0.024342614384118194,0.003366265625858399,0.010596630864769701,-0.020410617850186517,-0.001713919856868056,-0.003788574937873744,-0.004312966501342451,nan,nan,nan,nan,0.0,0.0,0.0,0.0,0.0,0.0,0.0,0.0,0.0,0.0,nan,0,-0.010258306338608872,-0.006814923435051479,0.024342614384118194
1.0006051800000932,-0.011251551622392669,-0.006753222879756909,-0.002113273805436353,0.0020026022539392768,-0.013950846585777405,-0.002251765072111148,0.000230624749004187,-0.0012780492048379275,-0.000898809790266224,nan,nan,nan,nan,0.0,0.0,0.0,0.0,0.0,0.0,0.0,0.0,0.0,0.0,nan,0,-0.011251551622392669,-0.006753222879756909,-0.002113273805436353
1.0112459889996899,0.006889424561783763,0.002599182742515911,-0.009820121824522979,-0.01300999543221467,4.414096183892575e-05,-0.0037099678109022744,-2.730504625900007e-05,0.0006453161270081302,-0.00497753291356073,nan,nan,nan,nan,0.0,0.0,0.0,0.0,0.0,0.0,0.0,0.0,0.0,0.0,nan,0,0.006889424561783763,0.002599182742515911,-0.009820121824522979
1.021644233999723,0.0028640446328839094,-0.007627143974975088,-0.00834548109319913,-0.0021938498892732096,-0.0038425588021815146,0.044963683682499984,0.0025372979517202555,-0.000876316373904933,0.0056959220114009,nan,nan,nan,nan,0.0,0.0,0.0,0.0,0.0,0.0,0.0,0.0,0.0,0.0,nan,0,0.0028640446328839094,-0.007627143974975088,-0.00834548109319913
1.0323859800000719,-0.0032094789933960117,-0.002883761872496597,0.016739720401572344,0.013350227137562098,-0.008103450215632396,0.058620193506449834,0.0004288911501883397,0.00046465266068169183,0.007577183125857912,nan,nan,nan,nan,0.0,0.0,0.0,0.0,0.0,0.0,0.0,0.0,0.0,0.0,nan,0,-0.0032094789933960117,-0.002883761872496597,0.016739720401572344
1.0429547829999137,0.013438787661130786,-0.00901961680310883,-0.007912743465446594,-0.004133929299421992,0.004504989880656318,-0.0680293508927828,-0.0013729898513200884,0.0015273314311321493,-0.0049158811594957556,nan,nan,nan,nan,0.0,0.0,0.0,0.0,0.0,0.0,0.0,0.0,0.0,0.0,nan,0,0.013438787661130786,-0.00901961680310883,-0.007912743465446594
1.0531828220000534,-0.01917958595310806,0.013432809350815538,-0.0034845796592126743,0.015061611655862105,-0.025718984795229154,0.025422993538341956,-0.0011331417856847714,-0.0005128815192412086,0.0024128958888645657,nan,nan,nan,nan,0.0,0.0,0.0,0.0,0.0,0.0,0.0,0.0,0.0,0.0,nan,0,-0.01917958595310806,0.013432809350815538,-0.0034845796592126743
1.0638965400003144,-0.0044500089435349265,-0.012681663309972113,0.02571273424471755,-0.013420088585969303,-0.0011226898857641242,-0.009240488986053567,-0.002536183229564387,-0.002816827763545571,4.288941694012129e-05,nan,nan,nan,nan,0.0,0.0,0.0,0.0,0.0,0.0,0.0,0.0,0.0,0.0,nan,0,-0.0044500089435349265,-0.012681663309972113,0.02571273424471755
1.0741517220003516,-0.013521057782968622,0.009737626637142182,0.023140803853399183,0.01717086745384229,0.028768901876505736,0.02199466278476399,0.000520274549893495,0.004764175007223492,0.0029557490622707143,nan,nan,nan,nan,0.0,0.0,0.0,0.0,0.0,0.0,0.0,0.0,0.0,0.0,nan,0,-0.013521057782968622,0.009737626637142182,0.023140803853399183
1.0846760200001881,0.0058822654186072776,0.013138070200755038,-0.028186383613029366,0.007037131787931803,-0.0007995188149656065,-0.06014398183836464,-0.002341594434421384,-0.00035284393329082216,-0.0025414369135876766,nan,nan,nan,nan,0.0,0.0,0.0,0.0,0.0,0.0,0.0,0.0,0.0,0.0,nan,0,0.0058822654186072776,0.013138070200755038,-0.028186383613029366
1.0954945699995733,-0.0023955546287597173,-0.0046283933765907895,0.054637687299389774,-0.005476384918356782,-0.003778748135514636,-0.047648296809377634,-0.0026864348350989923,0.003935664962929577,0.00748782650565697,nan,nan,nan,nan,0.0,0.0,0.0,0.0,0.0,0.0,0.0,0.0,0.0,0.0,nan,0,-0.0023955546287597173,-0.0046283933765907895,0.054637687299389774
1.1053344359997936,0.009431076344775701,0.005534503913757118,-0.016942645734369984,0.02123514570738586,0.01040820231911461,-0.013428372092866318,0.0022568945768243046,-0.0012438814469259798,-0.003183539715193389,nan,nan,nan,nan,0.0,0.0,0.0,0.0,0.0,0.0,0.0,0.0,0.0,0.0,nan,0,0.009431076344775701,0.005534503913757118,-0.016942645734369984
1.1159228489996167,0.001658952566657628,-0.020340265094958645,0.008872618949546569,0.020190505074796434,-0.013950458950281604,0.03643415409778589,-0.0015203342983969863,-0.004748780293995655,0.0028542610178555355,nan,nan,nan,nan,0.0,0.0,0.0,0.0,0.0,0.0,0.0,0.0,0.0,0.0,nan,0,0.001658952566657628,-0.020340265094958645,0.008872618949546569
1.1264418359996853,-0.005297412246189426,0.005590307494324228,-0.004361684744669618,-0.006908692527093309,0.018418702582019303,0.01123738136462953,-0.003566523094155665,0.0006868058453552831,-0.0016916196131553072,nan,nan,nan,nan,0.0,0.0,0.0,0.0,0.0,0.0,0.0,0.0,0.0,0.0,nan,0,-0.005297412246189426,0.005590307494324228,-0.004361684744669618
1.1369574959999227,-0.011111974063739838,0.0038203960580299704,-0.011882299063346294,0.006901676234148827,0.024935579907082808,0.004430530106786222,-0.00030913704406325767,0.0004905083435640034,0.002908248668757534,nan,nan,nan,nan,0.0,0.0,0.0,0.0,0.0,0.0,0.0,0.0,0.0,0.0,nan,0,-0.011111974063739838,0.0038203960580299704,-0.011882299063346294
1.1473665060002531,-0.001954550922174327,-0.012479916654129475,0.0066951989193219635,0.01747727548879091,-0.029291464506636535,-0.040729617375592435,-0.0004860271248041038,0.00020428257772832993,0.00023875687698282817,nan,nan,nan,nan,0.0,0.0,0.0,0.0,0.0,0.0,0.0,0.0,0.0,0.0,nan,0,-0.001954550922174327,-0.012479916654129475,0.0066951989193219635
1.1585628639995775,0.0005341132894435698,0.0009251814819753689,-0.00861277624578388,-0.015487245251264251,-0.020309133194979682,0.0716252497824005,0.00019638982246371946,0.0005200839451806771,0.0025498415325014416,nan,nan,nan,nan,0.0,0.0,0.0,0.0,0.0,0.0,0.0,0.0,0.0,0.0,nan,0,0.0005341132894435698,0.0009251814819753689,-0.00861277624578388
1.1683268540000427,0.005472357874100275,-0.008463785644249256,0.006934026164650546,0.040550980351508795,-0.021351645792395388,-0.0002819250809877558,0.00042704785636100577,0.00046720505076958666,-0.006490463550515936,nan,nan,nan,nan,0.0,0.0,0.0,0.0,0.0,0.0,0.0,0.0,0.0,0.0,nan,0,0.005472357874100275,-0.008463785644249256,0.006934026164650546
1.178914404000352,-0.010706744139603899,-0.01110799966834835,-0.0041654999075178825,-0.044080511493850456,0.006515771852968601,-0.014363927134194002,-0.000612602639529137,-0.0007115590604101934,0.005443384912144362,nan,nan,nan,nan,0.0,0.0,0.0,0.0,0.0,0.0,0.0,0.0,0.0,0.0,nan,0,-0.010706744139603899,-0.01110799966834835,-0.0041654999075178825
1.1892584899997019,0.004876267508156819,-0.003620255223074248,0.02227254636735075,0.042720617778838677,-0.021011506419095202,0.01070293526646858,-0.0028977277302669508,0.00423821107277215,-0.0008489219888453623,nan,nan,nan,nan,0.0,0.0,0.0,0.0,0.0,0.0,0.0,0.0,0.0,0.0,nan,0,0.004876267508156819,-0.003620255223074248,0.02227254636735075
1.1998949520002498,0.008443041692740358,-0.0024441439142391854,-0.013236716695780786,-0.006120070170305709,-0.02431287839940357,-0.04061643366967243,0.0008185121952617969,-0.0008768690935475726,0.001199522693932683,nan,nan,nan,nan,0.0,0.0,0.0,0.0,0.0,0.0,0.0,0.0,0.0,0.0,nan,0,0.008443041692740358,-0.0024441439142391854,-0.013236716695780786
1.2109989559994574,-0.009362990194488153,-0.013665349346386331,0.0025858681983393496,0.001503125073200653,-0.030607712546350176,0.00949703997746309,-0.0031850413659207755,-0.0035240554831199853,0.0009864710032350642,nan,nan,nan,nan,0.0,0.0,0.0,0.0,0.0,0.0,0.0,0.0,0.0,0.0,nan,0,-0.009362990194488153,-0.013665349346386331,0.0025858681983393496
1.221176430000014,-0.0038308524868863993,0.003858658157218076,-0.007494533628336302,0.02138168078909577,0.039575326022460895,-0.06188250817973986,0.0005660635001328044,0.004262332064294136,0.004252163797786514,nan,nan,nan,nan,0.0,0.0,0.0,0.0,0.0,0.0,0.0,0.0,0.0,0.0,nan,0,-0.0038308524868863993,0.003858658157218076,-0.007494533628336302
1.2314443429995663,0.0005885455576304441,-0.004259608447175571,-0.009376898484994628,0.008684272194064266,-0.009865119811976674,-0.029284981913334653,-0.004077235948357268,0.0013872079567537963,-0.0007679196507629972,nan,nan,nan,nan,0.0,0.0,0.0,0.0,0.0,0.0,0.0,0.0,0.0,0.0,nan,0,0.0005885455576304441,-0.004259608447175571,-0.009376898484994628
1.2422861449995253,0.007485802516016416,-0.0009460784309966293,0.019636503650938993,0.008752321973091622,0.0189174953975996,0.007572831228040241,0.0018831979575119966,0.003628703543604775,-0.007380749434160515,nan,nan,nan,nan,0.0,0.0,0.0,0.0,0.0,0.0,0.0,0.0,0.0,0.0,nan,0,0.007485802516016416,-0.0009460784309966293,0.019636503650938993
1.2526126279999517,-0.021117934651434658,-0.004218676337940317,-0.004697678332363556,0.010007835339126839,0.02027886465620051,0.013652321809808287,-0.003708985747703537,-0.002549013796407474,-0.003326821007922453,nan,nan,nan,nan,0.0,0.0,0.0,0.0,0.0,0.0,0.0,0.0,0.0,0.0,nan,0,-0.021117934651434658,-0.004218676337940317,-0.004697678332363556
1.262911451999571,-0.0013962598390667358,-0.010729803649438008,0.029595985524787215,-0.027186575621970233,0.013742374001144579,-0.0680939008292483,-0.00015784933793143931,0.00260184569400325,0.001900897774380813,nan,nan,nan,nan,0.0,0.0,0.0,0.0,0.0,0.0,0.0,0.0,0.0,0.0,nan,0,-0.0013962598390667358,-0.010729803649438008,0.029595985524787215
1.273389447000227,0.0006587966058286903,0.015165926828258954,0.00010614331022003255,-0.04655042652702115,0.0003781632849155261,0.03375564679527303,0.0004621733671917074,-0.001316998906082188,-0.003290817305706368,nan,nan,nan,nan,0.0,0.0,0.0,0.0,0.0,0.0,0.0,0.0,0.0,0.0,nan,0,0.0006587966058286903,0.015165926828258954,0.00010614331022003255
1.2841117930001928,-0.002916640548131048,0.016717520900722732,0.0063199544624876775,0.018746568571228812,0.009071623118103422,-0.010761911847937821,0.002718759659789174,-0.0011897350655734808,0.0006475077796918757,nan,nan,nan,nan,0.0,0.0,0.0,0.0,0.0,0.0,0.0,0.0,0.0,0.0,nan,0,-0.002916640548131048,0.016717520900722732,0.0063199544624876775
1.294486820000202,-0.0011332193343485278,-0.0023811665695618366,0.031054898757226345,0.015780931104302544,0.018390041946083794,-0.04547224758944284,0.0008272979994625372,-0.001602812993942949,-0.001086002052822186,nan,nan,nan,nan,0.0,0.0,0.0,0.0,0.0,0.0,0.0,0.0,0.0,0.0,nan,0,-0.0011332193343485278,-0.0023811665695618366,0.031054898757226345
1.3056311039999855,0.00034087715649047223,0.009161235769729744,-0.0037447759396949114,-0.0002791295485490847,0.033853196070655484,-0.03583387257628466,0.0005883804863568773,0.0006707997719029989,-0.0020131771897437386,nan,nan,nan,nan,0.0,0.0,0.0,0.0,0.0,0.0,0.0,0.0,0.0,0.0,nan,0,0.00034087715649047223,0.009161235769729744,-0.0037447759396949114
1.3154947060002087,-0.014603529060972549,0.000308675584338874,-0.005204980967589234,0.008318184015712488,0.003347335334524853,0.01570624022568657,-0.0008822140195396478,-0.002867950411636922,-0.003831937119202389,nan,nan,nan,nan,0.0,0.0,0.0,0.0,0.0,0.0,0.0,0.0,0.0,0.0,nan,0,-0.014603529060972549,0.000308675584338874,-0.005204980967589234
1.326303697000185,-0.008832773606557837,0.006201422088787432,-0.00036344525022238415,0.009629202390248476,0.023389674521152273,-0.016416623649166216,-0.0002329139250427959,0.0023278537659293047,0.009100571450915713,nan,nan,nan,nan,0.0,0.0,0.0,0.0,0.0,0.0,0.0,0.0,0.0,0.0,nan,0,-0.008832773606557837,0.006201422088787432,-0.00036344525022238415
1.3366853629995603,0.015337066086741473,-0.00273122045674963,-0.01863603064670299,0.022474119180894956,0.01004581679409135,0.02326099079546507,-0.0030940372470967263,0.0015611015402381904,0.00034235996339432274,nan,nan,nan,nan,0.0,0.0,0.0,0.0,0.0,0.0,0.0,0.0,0.0,0.0,nan,0,0.015337066086741473,-0.00273122045674963,-0.01863603064670299
1.3471072820002519,0.008764006899786566,0.007872987020398806,-0.004358600817285715,-0.004706932963338639,0.012815065436293916,-0.030528235824992308,-0.0007412867520499153,-0.001600414382771563,0.001425787211782729,nan,nan,nan,nan,0.0,0.0,0.0,0.0,0.0,0.0,0.0,0.0,0.0,0.0,nan,0,0.008764006899786566,0.007872987020398806,-0.004358600817285715
1.3577552340002512,0.01270932642396477,0.0057333006436068494,0.02650812473094135,-0.0045240796481429875,0.017674903509071,-0.029780145537754977,-0.0014871129684880676,0.0002739967911905796,-0.007505145551189981,nan,nan,nan,nan,0.0,0.0,0.0,0.0,0.0,0.0,0.0,0.0,0.0,0.0,nan,0,0.01270932642396477,0.0057333006436068494,0.02650812473094135
1.3678622810002707,-0.0005905259566989834,0.005487118011506958,0.02026818591458458,0.016380494821118634,-0.022769071092288328,-0.04295214216523276,-0.0014129886668558806,0.0015016066456314382,-0.0011863214299324843,nan,nan,nan,nan,0.0,0.0,0.0,0.0,0.0,0.0,0.0,0.0,0.0,0.0,nan,0,-0.0005905259566989834,0.005487118011506958,0.02026818591458458
1.378429493999647,0.00012717665372327468,-0.01807072000453683,-0.05135162363118967,0.029296483225595978,-0.024676493345468987,0.03869743999817015,-0.004771486472950779,0.00015905315627947526,0.004339992620581121,nan,nan,nan,nan,0.0,0.0,0.0,0.0,0.0,0.0,0.0,0.0,0.0,0.0,nan,0,0.00012717665372327468,-0.01807072000453683,-0.05135162363118967
1.3890786140000273,0.00823687278543302,-0.0059910202903727785,0.0002359881011525807,0.005963217248613081,-0.014886054067769468,-0.018900298720627727,-0.00014434908086207918,-0.0005004983538309998,0.004103290457659884,nan,nan,nan,nan,0.0,0.0,0.0,0.0,0.0,0.0,0.0,0.0,0.0,0.0,nan,0,0.00823687278543302,-0.0059910202903727785,0.0002359881011525807
1.3994800959999338,-0.02014836653808279,-0.00819586266174677,-0.00358579630563638,-0.00753067813514375,0.014124044785573175,-0.03032627671870333,0.0020825098614067295,-0.002841429763517208,-0.009433704494865414,nan,nan,nan,nan,0.0,0.0,0.0,0.0,0.0,0.0,0.0,0.0,0.0,0.0,nan,0,-0.02014836653808279,-0.00819586266174677,-0.00358579630563638
1.4100735009997152,-0.013065124491716101,0.008402002139744449,0.0056075314794534654,-0.021541408872482036,-0.016016736141722835,-0.0009551617506371364,0.0018330990313799264,0.00229228265587899,0.001453637978830492,nan,nan,nan,nan,0.0,0.0,0.0,0.0,0.0,0.0,0.0,0.0,0.0,0.0,nan,0,-0.013065124491716101,0.008402002139744449,0.0056075314794534654
1.4209826159994918,0.004087232735568121,-0.0025535053043230795,-0.019478588675599047,-0.005656959229348248,0.014933680511576461,-0.022524930738612815,-0.002434610640204461,-0.0010351654705718478,-0.005687008990061704,nan,nan,nan,nan,0.0,0.0,0.0,0.0,0.0,0.0,0.0,0.0,0.0,0.0,nan,0,0.004087232735568121,-0.0025535053043230795,-0.019478588675599047
1.4309009159997004,0.009626849337333822,0.0034268896674878226,0.010259235826966388,-0.029398981716124515,0.03150830006726616,0.0469715673678171,0.001608878247025952,0.002105797314922292,0.006221865580005212,nan,nan,nan,nan,0.0,0.0,0.0,0.0,0.0,0.0,0.0,0.0,0.0,0.0,nan,0,0.009626849337333822,0.0034268896674878226,0.010259235826966388
1.4416712269994605,0.00250021316150011,0.00197581343038385,0.013718446888645746,0.008837696539080276,0.03717614998790109,-0.00807223240441068,-0.0030464491922547955,0.0020410444620213393,-0.00308521166897644,nan,nan,nan,nan,0.0,0.0,0.0,0.0,0.0,0.0,0.0,0.0,0.0,0.0,nan,0,0.00250021316150011,0.00197581343038385,0.013718446888645746
1.451955554000051,-0.01678078821968183,0.0031124662497874845,-0.014958181729966507,-0.010544600382262433,0.03384319770686052,0.010972883324927811,-0.004201755182661604,-0.0008007882589691408,0.003293665334567341,nan,nan,nan,nan,0.0,0.0,0.0,0.0,0.0,0.0,0.0,0.0,0.0,0.0,nan,0,-0.01678078821968183,0.0031124662497874845,-0.014958181729966507
1.46230733900029,0.007798640519848695,0.009376009491289094,-0.005059860043048916,0.010012911772519782,0.009918253721007042,0.011746121997595942,0.002379035193813191,0.0026594023204973465,-0.002408260016389481,0.0,0.0,1.5,1.5051092686781051,0.0,0.0,0.0,0.0,0.0,0.0,0.0,0.0,0.0,0.0,nan,0,0.007798640519848695,0.009376009491289094,-0.005059860043048916
1.4730760289994578,-0.003051675119385114,0.020501951669657573,0.02550624199268494,0.04016765093726777,0.00829841250806882,0.015326636133031563,0.0035872404335064944,0.0025466288086402286,-0.0016559116069141033,0.0,0.0,1.5,1.4746394424217173,6692.393297104631,6693.7506249922335,6675.565833614213,6674.358564772861,0.0,0.0,0.0,0.0,0.0,0.0,nan,0,-0.0030516750335099286,0.020501951990096027,0.02550624199268494
1.4834431449999101,-0.007408484614842984,0.009480890876686052,-0.019489980884880426,0.001821525679690556,0.01724915413799662,-0.0015611867849158667,0.0008384196870060806,-0.0006491896382540777,-0.0028062963709307234,0.0,0.0,1.5,1.5195376187990999,8693.555517355346,8687.587643031982,8674.539124949333,8677.483182431366,0.0,0.0,0.0,0.0,0.0,0.0,nan,0,-0.007408484058458797,0.009480894687716233,-0.019489980884880426
1.4936538450001535,-0.0022348626137987243,0.0029308288922811096,0.009347204849354914,-0.046809806685663057,0.018003746912394303,-0.0036971590644158344,0.00024403015784837975,-0.00445316652975234,-0.0007190483746230458,0.0,0.0,1.5,1.4906573516604442,10128.002010193033,10114.920273342665,10105.698669090389,10114.683214138875,0.0,0.0,0.0,0.0,0.0,0.0,nan,0,-0.0022348599500685686,0.0029308490813618167,0.009347204849354914
1.5045987920002517,-0.008277962204183484,0.01730440358652638,0.02023593242690076,-0.01981938306144955,0.028075101914895876,0.03865429043200597,-0.002928058699125077,-0.003598048053985093,0.004468385085840759,0.0,0.0,1.5,1.4798883953603472,11152.95900221729,11143.460906568587,11134.107196093732,11138.714786173172,0.0,0.0,0.0,0.0,0.0,0.0,nan,0,-0.00827795048929893,0.01730447268998086,0.020221141752049688
1.5146825159999935,0.011811570216061305,-0.0017459819622524764,-0.009137982519416487,0.008815339835639036,-0.0019828101414276263,-0.009946140564914685,-0.0006567282873974741,-9.83977750903004e-05,0.0014814540275155344,0.0,0.0,1.5,1.5091852145865847,11152.95900221729,11143.460906568587,11134.107196093732,11138.714786173172,0.0,0.0,0.0,0.0,0.0,0.0,nan,0,0.011811581930945858,-0.0017459128587979985,-0.009152773194267556
1.5252237619997686,0.009805440080549089,0.00916637130074576,0.005504307593583292,0.001817756789186671,0.03295353373951416,0.0840737749829954,0.000809576700592061,0.0015413738713591996,0.004798364347363393,0.0,0.0,1.5,1.4945559687209213,11880.916698379893,11886.81362569038,11876.371249022193,11866.68212715469,0.0,0.0,0.0,0.0,0.0,0.0,nan,0,0.009805479427672788,0.009166553174574536,0.005342282066856903
1.5357174450000457,0.007643503435582312,0.0037269953866141204,-0.014461146750472578,-0.0037877840847870873,-0.027766760361558153,0.05109787580546067,0.002228193736186266,-0.0012227504719361179,0.0005914850950363939,0.0,0.0,1.5,1.5144850209414875,12784.74715634059,12791.460177022434,12779.35740916472,12773.614896076231,0.0,0.0,0.0,0.0,0.0,0.0,nan,0,0.0076436979769869216,0.003727788789231707,-0.015779807882474937
1.5463317510002526,-0.010122779131090045,0.008157039207831271,-0.0020970566830057985,-0.009324462263680533,-0.011624142585984848,0.14798050380392272,-0.00043361410566441605,-0.0008628772485332481,0.006431368456932229,0.0,0.0,1.5,1.502153312961671,13057.996095281631,13062.176652349746,13044.75758904651,13046.730437810744,0.0,0.0,0.0,0.0,0.0,0.0,nan,0,-0.010122455018378128,0.0081584692957989,-0.004586580729596983
1.5569080850000319,0.01868936741051673,-0.008571471205448464,0.014479298860704546,-0.024935265347423012,-0.009795701938202625,0.13663040423190212,-0.00157637472726717,-0.0008012184731181795,0.001223718492167515,0.0,0.0,1.5,1.485662988731366,13247.001275060598,13250.524348401663,13243.99664774726,13245.640311966257,0.0,0.0,0.0,0.0,0.0,0.0,nan,0,0.018689846732292487,-0.00856906635157229,0.010350880313753408
1.5674087540000983,0.011028942731260743,-0.00197532638488908,0.014242153524092754,0.003663829428041701,0.020293949770144218,0.3007734339850129,-0.00040118328085497637,0.000370011574328348,0.002348712013577262,0.0,0.0,1.5,1.4858000935041098,13382.468012892243,13390.257702434408,13385.057737400364,13385.140602590418,0.0,0.0,0.0,0.0,0.0,0.0,nan,0,0.011029593017709971,-0.001971506651879279,0.007970411822677308
1.5778214249994562,2.5940026887260605e-05,0.013923681533024042,0.01737797206094476,-0.012015189475589215,-0.03025150082912433,0.30587218744849953,-0.00283606034987179,0.003571377702270348,-0.002148911491518397,0.0,0.0,1.5,1.482687407146373,13382.468012892243,13390.257702434408,13385.057737400364,13385.140602590418,0.0,0.0,0.0,0.0,0.0,0.0,nan,0,2.659031333648843e-05,0.013927501266033843,0.011106230359529316
1.5881860159997814,-0.005374662080480279,0.004208438404041186,0.011064282928831852,-0.013352600106765537,0.023926389843108506,0.3164557796484359,9.496924935719447e-05,-0.0003769465461888291,0.0007437352356221786,0.0,0.0,1.5,1.4889513650608315,13479.943725168501,13487.588596578553,13487.968199620924,13485.692117002158,0.0,0.0,0.0,0.0,0.0,0.0,nan,0,-0.00537383802636688,0.004214218760351835,0.0021185050355278286
1.5986373630003072,-0.004782888892598309,-0.00428907854819651,0.027748196027015053,-0.027127832533414355,-0.015251499085715449,0.38100039832027616,-0.0021899866472824317,-0.00308616880206054,0.0026437670955501195,0.0,0.0,1.5,1.4722658206053214,13555.981784629617,13558.580511407088,13554.088510473151,13557.868472449425,0.0,0.0,0.0,0.0,0.0,0.0,nan,0,-0.004781905917119299,-0.004280686808861686,0.01557877351320691
1.6093291349998253,-0.012177250958645417,0.011942802492630626,0.0383021073050188,0.014423571653468577,0.0051214822965228515,0.46174733430315984,-0.0028996535444625947,0.004359729085584114,-0.001744489047834271,0.0,0.0,1.5,1.4617974023376963,13643.148829113337,13646.390623948062,13644.514974464875,13643.487781447253,0.0,0.0,0.0,0.0,0.0,0.0,nan,0,-0.012176074701932597,0.01195878353395194,0.0179863264647354
1.619758322999587,-0.004792763910716303,-0.003648262188064,0.017042664633309976,0.07426547212650338,-0.00661889178069626,0.5075084689522622,0.0013560814279543257,-0.0009513755037045992,-0.009902701630708473,0.0,0.0,1.5,1.4829695677662338,13643.148829113337,13646.390623948062,13644.514974464875,13643.487781447253,0.0,0.0,0.0,0.0,0.0,0.0,nan,0,-0.004791587654003482,-0.003632281146742685,-0.0032731162069734206
1.6301523610000004,-0.0007179808684285014,-0.013118323943709277,0.02256084955318917,-0.006359683075174493,-0.01508428115140091,0.5546186790503711,0.002018451106777891,-0.0015211428112237495,0.0036152574621601836,0.0,0.0,1.5,1.47749756317654,13662.553196163833,13674.725206699868,13676.565461797569,13668.49415083543,0.0,0.0,0.0,0.0,0.0,0.0,nan,0,-0.0007169195423880047,-0.013090922196108374,-0.008217798069729745
1.6408864899995024,-0.002905068342600412,-0.016276307471519934,0.033599037430747894,0.03366028445599918,-0.033324437970128684,0.6227179494017437,-0.0030770864652899903,0.00443537041891238,-0.0042978145312326695,0.0,0.0,1.5,1.4664941665860833,13688.394979880688,13691.401771560337,13690.225349832739,13687.337872048533,0.0,0.0,0.0,0.0,0.0,0.0,nan,0,-0.002904007016559915,-0.01624890572391903,0.0028203898078289803
1.651666763999856,0.012366485802171564,0.017075501539724362,0.02657308307168802,0.004401585140490649,0.018052965007831847,0.7089939934139347,0.00177644403246687,-0.0010159363684634488,-0.001104595918224594,0.0,0.0,1.5,1.473577748967729,13710.015419655589,13702.920612328842,13716.377022011977,13720.617992896761,0.0,0.0,0.0,0.0,0.0,0.0,nan,0,0.01236689167009758,0.0171189369898056,-0.017018740361641055
1.6620492069996544,0.0016630551791414299,-0.015335702812258004,0.05311617686491745,0.049947984866939986,0.0009440459360684187,0.7439078497321663,0.0017721077081362259,-2.7503760565779384e-05,0.0046427305390887,0.0,0.0,1.5,1.4469660490776097,13719.900806849717,13701.778635872928,13720.95272504697,13733.136229309184,0.0,0.0,0.0,0.0,0.0,0.0,nan,0,0.0016628636172578038,-0.015282295402181963,0.0022309558520291414
1.6724287810002352,0.016586895655384005,0.0053074890872184055,0.05929131882949266,0.011311196180922533,-0.046157398188354126,0.791236303651574,0.0008324727825896453,0.0008116610634526593,-0.0023725322235676753,0.0,0.0,1.5,1.4408139361305317,13683.81619897229,13668.369890705417,13680.080992009332,13690.62752686684,0.0,0.0,0.0,0.0,0.0,0.0,nan,0,0.016585910970236352,0.005372263401786956,0.0005251358183675711
1.682985620999716,0.009395015026234865,0.017611371898315686,0.06779589834642331,-0.04393851407036365,-0.0015608567223127639,0.890768265448062,-0.0031389227361568657,-0.0017870874006906037,0.0037011330344608006,0.0,0.0,1.5,1.4323431905520454,13618.213618283857,13598.695060879932,13608.853177640041,13629.0816381467,0.0,0.0,0.0,0.0,0.0,0.0,nan,0,0.009393048855430929,0.017688950039847433,0.0005736695664930319
1.6935663429994747,0.004658077141954326,0.021279896271266967,0.05908940139759336,0.02652797663580073,0.0021430219532584966,0.849130702928204,-0.0004827265513082592,2.9945955796369523e-05,0.004600580017121824,0.0,0.0,1.5,1.441075253008226,13535.787271720379,13514.030611039037,13534.042508620354,13552.60503066717,0.0,0.0,0.0,0.0,0.0,0.0,nan,0,0.00465496648234524,0.021371740863463082,-0.017146898154490983
1.7036942220001947,-0.010196790503284233,-0.007213903141145363,0.09322457095463751,0.0031269704859721186,0.0220786030993715,0.9653754365709549,-0.0021712791624638674,0.0001686237322435399,-0.0015126527151310078,0.0,0.0,1.5,1.4068308792107391,13535.787271720379,13514.030611039037,13534.042508620354,13552.60503066717,0.0,0.0,0.0,0.0,0.0,0.0,nan,0,-0.010201163293826062,-0.007106325477133853,0.007439351380772549
1.7144315489995279,0.02383440376055473,-0.0025595023703800417,0.09132657075264053,0.015805945723791816,0.015838132914993752,0.9696904845036642,-0.0020167273352550644,0.003688769738078013,0.0019668128553969244,0.0,0.0,1.5,1.4088773758288975,13359.415461649816,13353.778485116241,13353.475913577891,13362.975339969793,0.0,0.0,0.0,0.0,0.0,0.0,nan,0,0.02382870730067576,-0.00243473145062755,-0.004522566060382177
1.7249308279997422,0.011069256172534682,-0.002323635974113713,0.09676183691369834,0.008638390989532674,0.013072835151236601,1.0789012801379816,0.0025198503242366077,-0.0013377883671253175,-0.0005366992857862122,0.0,0.0,1.5,1.4032837453837235,13227.158751629995,13223.303866271268,13218.49088578005,13223.336405482085,0.0,0.0,0.0,0.0,0.0,0.0,nan,0,0.011062235100854464,-0.0021802252855329233,-0.0096443646361586
1.7352051589996336,-0.000297794520137249,0.015002670658997451,0.1092446510851445,0.013302070316971473,0.009549256134544852,1.1041226124064665,0.001043741882984465,0.00046384394823405527,-0.00726576177007611,0.0,0.0,1.5,1.3908362985426286,13227.158751629995,13223.303866271268,13218.49088578005,13223.336405482085,0.0,0.0,0.0,0.0,0.0,0.0,nan,0,-0.0003048155918174667,0.015146081347578241,0.002838449535287557
1.7458863060001022,-0.006026169776452388,0.01766172807950498,0.13449908365491825,0.005121743114320625,0.0067218100211849105,1.179196111206755,0.0003747724300352847,0.003930287261358626,0.0022402610544506947,0.0,0.0,1.5,1.3656284281971385,12992.987989667781,12984.400046423909,12978.127516025852,12990.416394564207,0.0,0.0,0.0,0.0,0.0,0.0,nan,0,-0.00603557838943806,0.017846696729605243,0.005603005801099764
1.7563081400003284,0.0020034604351747785,-0.006195157110963732,0.1432427809218251,-0.006571646004382966,-0.0020525724754125985,1.2460905138058065,0.0010497512475881239,0.0005787285584619787,0.0020193165116013994,0.0,0.0,1.5,1.3567728422053884,12870.850700033947,12858.9351696316,12854.207859922597,12861.701020103414,0.0,0.0,0.0,0.0,0.0,0.0,nan,0,0.0019931373588212174,-0.0059872911222096205,0.0024692085245899553
1.766802094999548,-0.0027863282588569847,-0.0012890016196062158,0.17009301635112148,-0.021412628677700156,0.013387010872831118,1.2172771835854534,0.0011184499529020987,-0.003425650148363312,-9.07604977458501e-05,0.0,0.0,1.5,1.3299105271815845,12870.850700033947,12858.9351696316,12854.207859922597,12861.701020103414,0.0,0.0,0.0,0.0,0.0,0.0,nan,0,-0.0027966513352105458,-0.0010811356308521043,0.02931944395388633
1.7772716959998434,0.0065762447351876115,-0.020479229921721274,0.1695930536418842,0.022230913439292357,0.0188024283153903,1.2670195289943447,-0.001981574370685166,-0.002195245096089554,-0.005216322141435775,0.0,0.0,1.5,1.3305808088090443,12546.090809733487,12545.850895766844,12540.927450095649,12544.451389855121,0.0,0.0,0.0,0.0,0.0,0.0,nan,0,0.006565065040541432,-0.020221365027128884,0.003954093416505544
1.787695729999541,-0.000711312370707256,0.014455367627143455,0.1794492833021196,0.010306338622632635,0.00022469539061025195,1.300332067785643,0.000404775956404155,0.00016905400674897093,-0.0006789827913631002,0.0,0.0,1.5,1.3206300235076478,12419.869738464431,12432.498213769675,12429.001526065105,12417.309018134296,0.0,0.0,0.0,0.0,0.0,0.0,nan,0,-0.0007222604616997659,0.014740334733336411,0.0008858793823932343
1.7985069779997502,-0.022698394006890537,0.007777365983618371,0.18013167609456873,-0.009737477535833589,-0.018280553026945322,1.3665743621975484,0.0012502801068121202,0.0011178903321408043,0.0012937746801614648,0.0,0.0,1.5,1.3200863975365655,12306.928584278397,12313.00698153572,12310.314898257579,12301.747943322658,0.0,0.0,0.0,0.0,0.0,0.0,nan,0,-0.02270856039353378,0.008090849630070675,-0.011649429222149538
1.8088281270001971,0.0039677211486325754,0.020080263264702247,0.20290438993652796,-0.01852515881466812,0.018119262902283037,1.3439704089594657,0.000892598686219712,0.0013767535201908018,0.0005340327802314294,0.0,0.0,1.5,1.2972570992019368,12195.039613402894,12198.36421997043,12196.15163425153,12189.748568081406,0.0,0.0,0.0,0.0,0.0,0.0,nan,0,0.00395895725208541,0.02042369097648539,-0.0023638465270451603
1.819277167999644,0.016704478656925544,-0.015941186358435933,0.2153096974919375,0.006691215398930531,0.040145467383083534,1.3412232474478238,0.0008886593257204394,-7.563234684422807e-05,-0.0017380805136980525,0.0,0.0,1.5,1.284897791416878,12062.391164471104,12074.463927138486,12079.244628410159,12066.046168895129,0.0,0.0,0.0,0.0,0.0,0.0,nan,0,0.016697800273294996,-0.015566373460156742,-0.003690672418596691
1.8302630119997048,0.017652910037179767,-0.002488179965954236,0.22274983789503333,0.0031995140918943386,0.0019327702263913116,1.3883497724512759,0.0024657128343336084,-0.0005885753783955162,-0.0015764942317872442,0.0,0.0,1.5,1.2773745703079764,11971.575633704668,11985.235382083538,11981.827471788049,11967.10318311321,0.0,0.0,0.0,0.0,0.0,0.0,nan,0,0.0176490542387995,-0.0020805260574007496,-0.010205573033928744
1.8402476159999424,0.011909293894437184,-0.013415449037513195,0.22157163982475225,-0.019458988550605894,0.020794214548767797,1.4317895258491944,-0.0002875883842197376,-0.00024681390689483605,0.00038584861430795265,0.0,0.0,1.5,1.2785542138111763,11900.996721182104,11906.17706955062,11900.765549122008,11892.242147769179,0.0,0.0,0.0,0.0,0.0,0.0,nan,0,0.011909043184698572,-0.012973478768638831,-0.02554457003004512
1.850972518999697,0.009681888578449007,-0.002168254577311241,0.2648572317809867,-0.02030566789647057,0.0009446162190806863,1.463268493716529,0.0005950561137859047,0.0008931830466109337,0.0007101993537727504,0.0,0.0,1.5,1.2351826173396727,11807.732493015645,11807.865386328745,11810.259308621791,11806.181327361377,0.0,0.0,0.0,0.0,0.0,0.0,nan,0,0.009686062081162256,-0.0016904704903191463,0.0033914125032544207
1.861150034000275,0.00737779702121139,0.0015368813750975016,0.27202079206331004,0.02368326979997756,-0.018868319143907172,1.450391007375363,0.006035930666263012,-0.003502746578346246,-0.0008387873053277579,0.0,0.0,1.5,1.2280023326598644,11807.732493015645,11807.865386328745,11810.259308621791,11806.181327361377,0.0,0.0,0.0,0.0,0.0,0.0,nan,0,0.007381970523924639,0.0020146654620895963,0.010554972785577765
1.8719463119996362,-0.002568149054424131,0.011330459874156571,0.29348142340446287,0.025578107689381624,-0.005947588106062767,1.5158857174828855,0.0008143773100580346,-0.0031289569335019034,0.0024231299586355824,0.0,0.0,1.5,1.2065745109112187,11583.760253674232,11591.044734691734,11592.342851332802,11583.436005254054,0.0,0.0,0.0,0.0,0.0,0.0,nan,0,-0.0025525532555522867,0.011884442589279688,0.002827147300445032
1.8823049040001933,-0.007632869055171665,0.0011746446591309797,0.3023492271344439,0.0057266414516877395,-0.02408174040153003,1.4993408288438508,-0.00038997260150215823,-0.0006427721553166942,0.0010780099442832174,0.0,0.0,1.5,1.1976756715511727,11488.687453472261,11491.909693050107,11510.609478072995,11504.870909839803,0.0,0.0,0.0,0.0,0.0,0.0,nan,0,-0.007610231964086307,0.0017690429689916603,-0.003101226827224912
1.8927523479997035,0.0016615965882163478,0.010006684153439468,0.31506477652917997,0.04168346184072315,0.005219394934591897,1.4875261064564045,0.004049774877667863,-0.0011683968729316162,0.00037648734953693905,0.0,0.0,1.5,1.1849786405048872,11365.04563056683,11365.778785957662,11377.571619972941,11377.01284822779,0.0,0.0,0.0,0.0,0.0,0.0,nan,0,0.0016921818025339428,0.010643054856494714,-0.0052885129989932445
1.9034316099996431,-0.021704054929622203,0.007542808306039848,0.3381618825028145,-0.010899322777724886,-0.005550599832343926,1.5220192271060113,0.0003463274159311208,0.0002926338242497743,0.009084646590318329,0.0,0.0,1.5,1.1620653042006432,11272.345144416393,11277.126385558237,11292.599013636402,11290.490084148001,0.0,0.0,0.0,0.0,0.0,0.0,nan,0,-0.021664603460422677,0.008222706261660497,0.002819583767281364
1.9140073879998454,0.010285754150645218,-0.0012969018573644703,0.3511376742150474,0.0007027335836135786,0.023924422793816656,1.521578852264255,-0.0013513759827949172,-0.0028924330508485092,-0.0013924650666904573,0.0,0.0,1.5,1.1489091009740005,11213.88607864837,11205.545025348372,11218.593586003677,11227.523879354418,0.0,0.0,0.0,0.0,0.0,0.0,nan,0,0.01033500427145507,-0.0005719248395639188,0.0007348069460141327
1.9242721439995876,0.008355751795429578,0.013683587103830112,0.37007327943425783,0.00838411476253654,-0.017699688594192887,1.5251225069325929,-0.000654593687174131,0.00023894593250184775,-0.00386210979659558,0.0,0.0,1.5,1.1300404652013785,11113.656564780738,11122.450394338968,11127.910686584906,11128.99649427472,0.0,0.0,0.0,0.0,0.0,0.0,nan,0,0.008415747357491817,0.014455181825857526,0.004553431056163015
1.9347883529999308,-0.007277663171898808,-0.009309492915509036,0.3661128420586794,-0.02698191431090672,0.0017807245013512594,1.494992336322633,-0.0005821803437365345,-0.0006777461896906245,0.006509275845434381,0.0,0.0,1.5,1.1339487281106817,11042.797166251656,11049.3120342655,11044.887178466937,11041.860961906741,0.0,0.0,0.0,0.0,0.0,0.0,nan,0,-0.007205961523967672,-0.008489763206996926,-0.014564426209487003
1.9459172819997548,0.012148007635693488,-0.0053575429818237316,0.3758963879746586,-0.010737134970878654,0.013402927795972741,1.46166038279062,0.0016419315279992568,0.002193333237144419,0.006536822053559855,0.0,0.0,1.5,1.1241820172573205,10970.360279427878,10967.102179492898,10967.830359451516,10967.311997352555,0.0,0.0,0.0,0.0,0.0,0.0,nan,0,0.012232388355958006,-0.004488182218354628,-0.01996437680952534
1.95620454300024,0.011023445856428959,0.010578131539285942,0.37437097525830476,0.005738857692448622,-0.003704968658176192,1.4807412398235449,0.001433964875325809,9.356338863473217e-05,-0.00027792663559195044,0.0,0.0,1.5,1.1257327012067972,10928.299719153747,10946.21732289295,10944.38556087447,10933.932775716543,0.0,0.0,0.0,0.0,0.0,0.0,nan,0,0.011121493725940053,0.01149860606193908,-0.036689727726542165
1.9664034859997628,0.012464676822964524,0.003171472188446956,0.43201163576889084,0.0014336842400685897,0.00018366685736224855,1.4963252124915025,0.0038692107619581802,0.0005690390258292624,0.0015802286704259328,0.0,0.0,1.5,1.0680658090853687,10928.299719153747,10946.21732289295,10944.38556087447,10933.932775716543,0.0,0.0,0.0,0.0,0.0,0.0,nan,0,0.012562724692475618,0.004091946711100095,0.02095093278404392
1.9771932319999905,-0.009327016581356132,-0.004388128705901522,0.45584778792669534,-0.015143372630943026,-0.014521626387585026,1.5342792006147288,-0.0007655328602933312,0.000689653469832359,-0.0019161309242912371,0.0,0.0,1.5,1.0442030889101142,10922.35891161295,10938.470613331057,10932.150695824817,10930.6800233228,0.0,0.0,0.0,0.0,0.0,0.0,nan,0,-0.009214296199075534,-0.003415061848980436,0.029574041188121458
1.987688839999464,-0.002864603946153309,0.014942394678977924,0.4637369101452954,0.02127534967434005,0.020448024964599444,1.5261588236102512,-0.0009880861594126333,0.001955590564622772,-0.0015073728277747982,0.0,0.0,1.5,1.0363747741573655,10908.810465499551,10916.713984184114,10913.338840679973,10916.3804922389,0.0,0.0,0.0,0.0,0.0,0.0,nan,0,-0.0027361934058116677,0.015969529133017368,0.022239291552382356
1.9982435649999388,0.021297797536453087,0.007067791148752747,0.4602175505021064,0.010663464258460415,0.0253256508693159,1.5406531650799435,0.002681515613872266,-0.001993927879966266,7.448741107099093e-05,0.0,0.0,1.5,1.0400245632365928,10831.787938179028,10833.815159611147,10836.210336004091,10842.610857059917,0.0,0.0,0.0,0.0,0.0,0.0,nan,0,0.021442918179408094,0.008150454265171497,0.003494116968801586
2.008730616000321,0.0016589597179825178,-0.005151603291238503,0.4694651952384745,0.008100961960127922,-0.016274085116757677,1.479680900578887,0.004498572519628532,-0.003046283456720033,0.004649422325210243,0.0,0.0,1.5,1.0305490162960187,10659.37241363694,10653.174950094197,10644.739907647254,10652.430979412156,0.0,0.0,0.0,0.0,0.0,0.0,nan,0,0.0018405337092689928,-0.003953616836447562,-0.01764899930506031
2.018837161999727,-0.007584318254827556,-0.001544204451374818,0.5409288858930938,-0.004344652827548949,0.00041427678828407575,1.5098469562660357,0.0010377959887789539,-0.0025759022024968116,-0.0015652775868477923,0.0,0.0,1.5,0.95910234509412,10659.37241363694,10653.174950094197,10644.739907647254,10652.430979412156,0.0,0.0,0.0,0.0,0.0,0.0,nan,0,-0.0074027442635410815,-0.00034621799658387706,0.05381469134955902
2.0296603830001914,-0.01863624182295037,-0.001251884725133862,0.5275580264143187,0.005635812225729201,-0.015293843765642395,1.4481368420073935,0.003885196215543145,0.0006968377259158111,0.00030496523535642454,0.0,0.0,1.5,0.9726213388137561,10579.916161428462,10575.59567375843,10577.481822594234,10586.5074886762,0.0,0.0,0.0,0.0,0.0,0.0,nan,0,-0.018414190350196185,6.693765437311167e-05,0.010221634349428577
2.0401491519996853,0.003413940781586156,-0.009315219827841429,0.535566362883613,-0.03764450144865698,-0.007949139283039615,1.527776580614485,0.0011355388066317449,0.0001388827162450255,-0.004259686395912748,0.0,0.0,1.5,0.9644846648410974,10579.916161428462,10575.59567375843,10577.481822594234,10586.5074886762,0.0,0.0,0.0,0.0,0.0,0.0,nan,0,0.00363599225434034,-0.007996397448334455,0.018229970818722907
2.050424815000042,-0.014866566457051313,-0.0042377579546179316,0.5745334911757857,0.007924366225528418,0.008429752302470103,1.5074546403764952,0.000529923924509315,-0.004335842614519133,-0.0032355349182229217,0.0,0.0,1.5,0.9255956095109696,10476.095462272784,10480.552706387922,10486.360852257962,10481.074290260744,0.0,0.0,0.0,0.0,0.0,0.0,nan,0,-0.014622751360247677,-0.0028564882253424234,0.04217079474407437
2.06134654699963,0.0006045786327104528,-0.0007743685969670765,0.5662530395732107,0.016406404756384996,-0.02381730424472787,1.539150913387918,0.0018340919305338032,-0.004079532787436745,0.007995851593425524,0.0,0.0,1.5,0.9337474772487019,10372.613811569208,10391.563523360983,10417.611161264507,10391.77223894553,0.0,0.0,0.0,0.0,0.0,0.0,nan,0,0.0008950103169924261,0.0007357704986287831,0.004053388254431578
2.0714334790000066,-0.013283877161971278,0.011944307300390903,0.5634784663758319,-0.012008154155263736,-0.04231319495137479,1.5523241027309262,0.0030125864495646718,-0.004351788977649036,-1.7093244098291324e-05,0.0,0.0,1.5,0.9366918974834277,10372.613811569208,10391.563523360983,10417.611161264507,10391.77223894553,0.0,0.0,0.0,0.0,0.0,0.0,nan,0,-0.012968593732159868,0.013520811219015091,-0.013510672075807362
2.0821535409995704,-0.010579868412428995,0.0006911203531842502,0.607340687397239,0.014797625611019922,0.004848341018006204,1.4851317205919454,0.0008195361721594426,-0.00033241781919087426,0.0022946920183483013,0.0,0.0,1.5,0.8927222746405518,10222.547000510334,10242.91765534766,10264.209726378429,10247.73060018539,0.0,0.0,0.0,0.0,0.0,0.0,nan,0,-0.01023872506063244,0.0023352187536442577,0.015665301198948267
2.0926299550001204,0.010355812466283237,-0.008250134163176432,0.6054185509251075,0.004183337183698047,0.0004513991624461468,1.4547479939239514,0.00019018307246435726,-0.0019072795426812049,0.003924132043077859,0.0,0.0,1.5,0.8946794267191359,10222.547000510334,10242.91765534766,10264.209726378429,10247.73060018539,0.0,0.0,0.0,0.0,0.0,0.0,nan,0,0.01069695581807979,-0.006606035762716424,0.013743164726816803
2.10304414500024,-0.01126265746127876,0.0013778056562428267,0.5937744451400033,-0.017721771200353266,-0.04560190544120897,1.422699163770688,0.0013415106005308514,-0.001045861629630296,-0.001058067202341779,0.0,0.0,1.5,0.9062965861586512,10128.875572975303,10149.853541194574,10170.553980661656,10154.68523253986,0.0,0.0,0.0,0.0,0.0,0.0,nan,0,-0.010866882036618078,0.0031605724745575603,-0.02692282611532726
2.113674799999899,0.008944448045077467,-0.002426449303371228,0.6481811893424028,-0.00844930555232263,-0.002192440439344102,1.4498387056695252,0.0003355784346593962,-0.001641661473636694,0.0020458411443005247,0.0,0.0,1.5,0.8518692252905821,10135.532024417455,10150.569159815344,10160.751229357425,10155.79902331383,0.0,0.0,0.0,0.0,0.0,0.0,nan,0,0.009368924192060354,-0.0005727307380920294,0.013158948493176337
2.1241257159999805,-0.004509351536246944,0.011324763090863211,0.6438058553106648,-0.014863707917697633,-0.01342938449473967,1.4137304492548368,0.002299693580751274,0.00039243065482782427,0.0007863101150696117,0.0,0.0,1.5,0.8562809106307602,10135.532024417455,10150.569159815344,10160.751229357425,10155.79902331383,0.0,0.0,0.0,0.0,0.0,0.0,nan,0,-0.004084875389264058,0.01317848165614241,0.008783614461438383
2.134487454000009,-0.012690344173127104,-0.005525633064518448,0.6636393666552366,0.007079166916991332,0.010893714632904663,1.4163656478395048,0.0011377141102373262,0.0007284094235878721,-0.005712491893553031,0.0,0.0,1.5,0.8364751559160917,10159.588401025729,10183.017251940297,10208.505110444426,10192.376234322337,0.0,0.0,0.0,0.0,0.0,0.0,nan,0,-0.012236295008504355,-0.0035999707594781094,0.014413924196967964
2.1452247400002307,-0.012310209928951455,0.00024262635379557673,0.6768365552355,0.0019947398654432337,-0.00034687110871398937,1.3398109216345502,0.0033709985060066594,-0.003243816813678699,-0.0027160585921177567,0.0,0.0,1.5,0.8232555234753062,10116.386395566127,10133.436141104215,10146.7877442328,10133.44899775019,0.0,0.0,0.0,0.0,0.0,0.0,nan,0,-0.01179460563317198,0.002314818031015291,-0.0004212903045485161
2.155250275999606,-0.01083940363358682,0.022434153800944254,0.7248654410834833,0.0023398626689711526,-0.03573520292699602,1.3801379196752817,0.000940168422927743,-0.0006521415944480166,-0.0009091592442146446,0.0,0.0,1.5,0.7755348917712208,10116.386395566127,10133.436141104215,10146.7877442328,10133.44899775019,0.0,0.0,0.0,0.0,0.0,0.0,nan,0,-0.010323799337807344,0.02450634547816397,0.047607595543434744
2.1659692809998887,-0.0016932803826840332,0.011312251556665289,0.6920588049009971,-0.0327533955465452,0.013832857073733593,1.3866807776164851,0.00195413251045523,0.0025378543559250333,-0.006586940642047993,0.0,0.0,1.5,0.8080221587133243,10128.286387729402,10136.26141925115,10143.689308436944,10129.50799033369,0.0,0.0,0.0,0.0,0.0,0.0,nan,0,-0.0011133249350017839,0.013533851758673388,-0.0127144011348308
2.176441595000142,-0.00039524502111767577,0.0009188675154794932,0.7319651151165575,0.015820898726976482,-0.03231425210530952,1.322993194787821,-0.0008741085675207656,-0.004515678778780474,0.0012867758974902973,0.0,0.0,1.5,0.7680355362442942,10128.286387729402,10136.26141925115,10143.689308436944,10129.50799033369,0.0,0.0,0.0,0.0,0.0,0.0,nan,0,0.00018471042656457363,0.0031404677174875916,0.027191909080729548
2.1869959790001303,-0.012437122937913048,0.0007860710294321717,0.7434855385887469,-0.05300589327653385,0.02943568610765662,1.3014042242166357,0.004451919639835352,0.0014982285971376142,0.0030581476842115323,0.0,0.0,1.5,0.7566170961979345,10060.715935861022,10067.689274135928,10066.98919613452,10044.921480285835,0.0,0.0,0.0,0.0,0.0,0.0,nan,0,-0.011790580050361828,0.0031591425606723555,0.011730429397461828
2.1973152499995194,-0.011649438698957126,-0.001518143069793588,0.7654410645522004,-0.023674605011528804,-0.016771440392532734,1.3272223644483236,-0.001340738019243529,-0.000386983762534389,0.011004154077843241,0.0,0.0,1.5,0.734652873013225,10055.637007887797,10056.828598286631,10064.464646709263,10053.50217845699,0.0,0.0,0.0,0.0,0.0,0.0,nan,0,-0.010968958956910918,0.0009311741271148572,0.020404332794656366
2.2079494820000036,0.005830358375039195,-0.009748575490012464,0.7154311232779319,-0.01674160482398717,0.024111845448436676,1.3383375875868535,-0.0010641120575907677,0.0012163897723008283,0.002037898915005218,0.0,0.0,1.5,0.7846511008873903,10055.637007887797,10056.828598286631,10064.464646709263,10053.50217845699,0.0,0.0,0.0,0.0,0.0,0.0,nan,0,0.006510838117085404,-0.007299258293104018,-0.029605608479612133
2.2184812180003064,-0.0003716511857966814,-0.011873548277927866,0.7912586862620419,-0.0012401651721882995,0.030424149476943052,1.3326073739195778,0.0019316218124639042,0.0004243171050145344,-0.0021941851322067455,0.0,0.0,1.5,0.7088408630096877,10052.736458627478,10077.932034384472,10069.76080575925,10041.65211510739,0.0,0.0,0.0,0.0,0.0,0.0,nan,0,0.0003430840653134311,-0.00934778181901933,0.03308019832992948
2.2289195619996462,0.025419770093255658,-0.00491646125205328,0.7808064581330796,0.004605769608138633,-0.007956830949381051,1.2914817549021937,-0.003643147899993621,0.0005904217142854812,-4.409482751345959e-05,0.0,0.0,1.5,0.7196594242875742,10031.94971402866,10056.168527785181,10032.043696553405,10017.830715340551,0.0,0.0,0.0,0.0,0.0,0.0,nan,0,0.026203595295197616,-0.002237583167602544,-0.003224461518309907
2.239617981000265,-0.01265912942455604,-0.0024045296093900383,0.7830254608299874,-0.04161284805831771,0.015802622525949415,1.279556109215392,-0.0006834080519013044,0.0030665548107495014,0.0005227883113392343,0.0,0.0,1.5,0.7170903186757454,10031.94971402866,10056.168527785181,10032.043696553405,10017.830715340551,0.0,0.0,0.0,0.0,0.0,0.0,nan,0,-0.011875304222614081,0.0002743484750606976,-0.0010054588214021276
2.2499276529997587,-0.004183420248466867,-0.0023502164622311557,0.8124490532069142,0.011971053168831762,0.008360915496209273,1.2474803427774859,0.001708541137686146,0.0015567034251651917,0.0005198214308942275,0.0,0.0,1.5,0.6875676904556113,9986.497556363587,9973.599502879464,9949.44692519219,9964.242678534065,0.0,0.0,0.0,0.0,0.0,0.0,nan,0,-0.0033304580167393483,0.00048145215401465503,0.003163873713472931
2.26038697399963,0.002017494707842044,-0.024863242970654648,0.8302027704086715,0.004004919710265456,0.0006606087924226558,1.210867314373639,-0.00012015066201878645,-0.0010601743769429288,-0.0031659939834170715,0.0,0.0,1.5,0.6702615757330364,9985.661571292294,9989.380182331,9959.42004646373,9958.52416706173,0.0,0.0,0.0,0.0,0.0,0.0,nan,0,0.0029047551355430978,-0.02195549126157375,0.008522036895950769
2.270893418000014,-0.008716465731424119,0.001528512507938666,0.8326226530718434,-0.013191770106833969,-0.016293142919322875,1.18373542506342,0.0023193440838542674,-0.0015667945524465115,-0.0035259636565632027,0.0,0.0,1.5,0.667436016647438,9985.661571292294,9989.380182331,9959.42004646373,9958.52416706173,0.0,0.0,0.0,0.0,0.0,0.0,nan,0,-0.007829205303723065,0.004436264217019563,0.010941919559122604
2.281538991999696,0.007575132758970425,-0.009320808832245448,0.8453850822900278,-0.045740292357173834,-0.009118806212888504,1.2676648935320303,0.0005419261971417022,0.0020622725186183488,-0.005071203065676113,0.0,0.0,1.5,0.6547250954423826,9992.739066348226,9976.971991141154,9967.456706038869,9981.51582462087,0.0,0.0,0.0,0.0,0.0,0.0,nan,0,0.0085298848382878,-0.006261805617413376,-0.0006253812257471791
2.2920092539998222,0.001224285321853939,0.008774956823431447,0.8477319297459383,0.044276314594405605,-0.01596169283473816,1.2062029831761092,0.002697100132040344,0.002287698408400061,0.002685088534979683,0.0,0.0,1.5,0.6523282411598934,9992.739066348226,9976.971991141154,9967.456706038869,9981.51582462087,0.0,0.0,0.0,0.0,0.0,0.0,nan,0,0.0021790374011713145,0.011833960038263518,0.0017214662301632266
2.3027832990001116,-0.011503286579517727,0.0017318807745091065,0.8805040736670958,-0.041914557628952784,0.0010547992958199863,1.1945003808460246,-4.831134613769067e-05,0.0026711169023998227,-0.0005700944321012167,0.0,0.0,1.5,0.6196051385811859,9938.775446482765,9940.684055707317,9953.888630559784,9941.621160763683,0.0,0.0,0.0,0.0,0.0,0.0,nan,0,-0.010483231238734087,0.004940629673333578,0.01077196162349281
2.3130275949997667,-0.0005643338732654827,-0.013354830678714447,0.8769260837030773,0.002364912113210594,-0.013202727000341618,1.1884236487950308,0.0009024345185457098,-0.0018069807293559512,0.0009475372509904106,0.0,0.0,1.5,0.6232172776365897,9953.487196570855,9926.537796996472,9939.21303750474,9963.473440040407,0.0,0.0,0.0,0.0,0.0,0.0,nan,0,0.00048730376331571263,-0.010071867072969433,-0.004431707952395891
2.323710726999707,-0.008216151961754702,0.0017069816771377389,0.8953117826275839,0.005834601839899569,0.012165183636199459,1.1188934901245549,-0.00037074388703180037,0.0020693318132875746,0.0002306990144723563,0.0,0.0,1.5,0.6047464420470243,9953.487196570855,9926.537796996472,9939.21303750474,9963.473440040407,0.0,0.0,0.0,0.0,0.0,0.0,nan,0,-0.0071645143251735065,0.004989945282882754,0.013953990972110697
2.334286661999613,-0.0017870343964783977,-0.009133758935826571,0.9015057803816463,0.024003723097646965,-0.0226591989503878,1.1433080722581186,-0.0032708592205801545,0.0018637387230355086,-0.0027063034993668393,0.0,0.0,1.5,0.5985665793884705,9909.346069431638,9903.170576049073,9920.792213779267,9923.58172173643,0.0,0.0,0.0,0.0,0.0,0.0,nan,0,-0.0006748400576527622,-0.005703889631435197,-0.002620698831357182
2.3442845019999368,0.02418233431602766,-0.021919260922636907,0.9094830042441735,0.01712243048531361,0.008417044978258846,1.1336267104262752,-0.0015254453306666111,0.001632753370274238,-0.001425780028666271,0.0,0.0,1.5,0.5914182627961818,9909.346069431638,9903.170576049073,9920.792213779267,9923.58172173643,0.0,0.0,0.0,0.0,0.0,0.0,nan,0,0.025294528654853293,-0.018489391618245532,0.005356525031170012
2.355306737000319,0.0028096151109797607,0.0026297530935206277,0.9323678560089607,-0.021145084948871358,-0.015552320707097726,1.140217615204398,0.0006157323674414432,0.003330673646864712,-2.2769946159029636e-05,0.0,0.0,1.5,0.5676451888550353,9950.57880730124,9919.415437286782,9929.13079916469,9953.76798625064,0.0,0.0,0.0,0.0,0.0,0.0,nan,0,0.003978295073374504,0.006204167175351994,0.00611523222908994
2.3656318949997512,-0.013555897031033355,-0.016086335944147004,0.954999077343016,-0.02425110015962391,0.0004522292720137778,1.0653177367082147,-1.5470101876603385e-05,0.0017930268230882788,4.628852872465658e-05,0.0,0.0,1.5,0.5454067640260686,9950.57880730124,9919.415437286782,9929.13079916469,9953.76798625064,0.0,0.0,0.0,0.0,0.0,0.0,nan,0,-0.012387217068638611,-0.012511921862315638,0.028746453563145313
2.376071605999641,0.004197328173813726,-0.006087804361988769,0.9440799787259705,-0.0014331573446386742,0.0364831200206237,1.0847233195233805,0.0012796256166799427,-3.4642763705693505e-05,-0.0033617634781477647,0.0,0.0,1.5,0.55596919786897,9917.499103198641,9880.903651035384,9891.187374881109,9921.518291675615,0.0,0.0,0.0,0.0,0.0,0.0,nan,0,0.005417788746687703,-0.002371643840615315,-0.0036591909389367405
2.3870017509998434,0.007885037924516008,-0.0003997616440950323,0.9301295933457737,-0.011441581194849875,0.0038587416406510888,1.0778596562535108,0.005343278774158509,0.0015819726846802282,-0.004232447127400369,0.0,0.0,1.5,0.5699250950894305,9918.034087997641,9904.128222628733,9913.403976360734,9923.253066679406,0.0,0.0,0.0,0.0,0.0,0.0,nan,0,0.009129490614003791,0.003386081556411456,-0.028108039010880437
2.397513908000292,0.014428223520374718,0.008287543886198056,0.9933037072634597,0.029481019290785705,-0.028312879761350006,1.0350771601514759,-0.00012515358265667998,0.00027160949052648783,0.00046461279330605414,0.0,0.0,1.5,0.506969417312892,9933.713475182907,9917.803006971555,9909.308972290914,9917.23589944333,0.0,0.0,0.0,0.0,0.0,0.0,nan,0,0.015695351498164044,0.012142192819707187,0.024729837571728308
2.4076079819997176,-0.00767088367245442,-0.00016878265644194087,0.9689142555499541,-0.02041547158870821,0.007530136414238753,0.971298304183925,0.0007541969711228702,0.004121079227874304,0.0009577063809156673,0.0,0.0,1.5,0.5311411666421281,9953.26865369482,9937.434229040386,9936.632782192362,9942.254226519317,0.0,0.0,0.0,0.0,0.0,0.0,nan,0,-0.006382431053537776,0.0037537311995586966,-0.009836072534160967
2.4179825669998536,9.073377262648228e-05,-0.007783149239737894,0.9701746302707484,-0.009204179301880644,0.003005783541221026,0.9967274687932292,0.0008247285913451682,0.0025459408775676483,0.0036460419793066844,0.0,0.0,1.5,0.5298825417518902,9942.72784287904,9909.559048678097,9914.451952992686,9941.582713813159,0.0,0.0,0.0,0.0,0.0,0.0,nan,0,0.0013991345189021873,-0.0037937697093824597,-0.018592954454483168
2.428963792999639,-0.0003884924799588685,-0.0009651613916661851,0.957774706773287,-0.023273142731961186,-0.010118231281494791,1.0236774161638202,-0.001384267974945437,0.0018862766935981855,0.005468377798901926,0.0,0.0,1.5,0.5422262913929146,10001.011695586514,9980.702383870332,9981.054211430124,9994.40852043095,0.0,0.0,0.0,0.0,0.0,0.0,nan,0,0.0009384562164735199,0.0030900223501337623,-0.04085519301977292
2.4389263349994508,-0.012873300125831166,-0.0058850731068591875,1.0088536041971388,-0.014772440265140366,-0.005834267098119543,0.9895932321443833,-0.0022053785314535067,-0.0006875289639005825,-0.011772588935104834,0.0,0.0,1.5,0.49135032110678795,10001.011695586514,9980.702383870332,9981.054211430124,9994.40852043095,0.0,0.0,0.0,0.0,0.0,0.0,nan,0,-0.011546351429398777,-0.0018298893650592401,0.010223704404078826
2.4495310649999738,-0.017022294951614454,-0.01149728970433283,1.0095448388231714,-0.00910887841328373,-7.593470189014986e-05,0.9587761937743827,-0.004321904331983695,0.000811658131219481,-3.001430004986947e-05,0.0,0.0,1.5,0.49088513047448695,10019.813251323374,10007.721830016144,10007.821458445767,10018.496298550963,0.0,0.0,0.0,0.0,0.0,0.0,nan,0,-0.01566251464582614,-0.00731394012704766,-0.008369195095388138
2.4600789520000035,0.01767575668466831,-0.02037316348313843,1.0476127203697179,-0.004887077799120983,-0.019982631502904205,0.9628729265542247,-0.0017642326631072162,0.0016500766200949132,0.006341335959761236,0.0,0.0,1.5,0.4531906320037666,10000.836681145971,10006.269443448244,10012.67261119329,9995.279009648517,0.0,0.0,0.0,0.0,0.0,0.0,nan,0,0.019049816982886672,-0.016127567566303458,0.020274868958184866
2.470765254000071,-0.0035497895223182124,0.0014750226413465222,1.0454437532317276,0.007520221435034177,0.028885303067654775,0.9769401416331229,0.00047344108540732385,0.003849059180121355,-0.0056844984936279385,0.0,0.0,1.5,0.4545725004589519,10008.940992648237,10021.487291159909,10020.602618252513,10000.350525809006,0.0,0.0,0.0,0.0,0.0,0.0,nan,0,-0.0021628724745985602,0.005781567044226545,0.008828535873539378
2.481392572999539,0.004097731717786095,-0.009574161152274158,1.0431727676063622,-0.026515932929741703,-0.02306164398441332,0.8907003022352781,-0.0008217469157575164,0.00513176716399703,-0.0031454389758823124,0.0,0.0,1.5,0.45694592264668626,9969.795328571487,9974.970488289362,9983.164250962522,9981.683564601504,0.0,0.0,0.0,0.0,0.0,0.0,nan,0,0.005496079280581504,-0.005208017660622957,-0.002571074422313968
2.4916757629998756,0.0008629828358771977,0.0068635104667700425,1.0548397169938901,0.01361431097774255,0.0012027430937622359,0.9336113105709876,-0.0023785311159134266,0.0018315958391416029,-0.0016783268501043584,0.0,0.0,1.5,0.44521402727382964,9952.195263638867,9943.619312279363,9935.559171037614,9942.194848173951,0.0,0.0,0.0,0.0,0.0,0.0,nan,0,0.002271333767768409,0.011287857094407787,0.00012171745273437118
2.5019506830003593,0.0027193849298542704,-0.019965552165688634,1.0778378794525112,0.026729091290064497,0.0003269784386871953,0.849678506824691,-0.0010292261539392702,0.0017745705270745553,-0.0032085646911605378,0.0,0.0,1.5,0.4226427266058533,9988.856385410149,9982.941059257242,9987.746352877572,9988.817789797555,0.0,0.0,0.0,0.0,0.0,0.0,nan,0,0.004136300208616838,-0.015484456005179946,0.014299033167677333
2.5124653339998986,-0.001354752389757679,-0.010171235343730687,1.0989637225372872,-0.00010491862186022248,-0.0106173693059945,0.8914256769452189,-0.0024937729878641564,0.00033534129931173833,0.0009796859732091438,0.0,0.0,1.5,0.401167527628552,9988.856385410149,9982.941059257242,9987.746352877572,9988.817789797555,0.0,0.0,0.0,0.0,0.0,0.0,nan,0,6.216288900488874e-05,-0.005690139183221999,0.035424876252453386
2.5230017320000115,0.004075424456508023,-0.003926358871535116,1.0970031817103574,0.00548069273447716,0.004145860138244866,0.8315357849680289,-0.003192331157694093,0.0028917163399218545,0.002107973980944172,0.0,0.0,1.5,0.4030365503649316,10020.5666764535,9992.495234473383,9992.492983935086,10015.130440081912,0.0,0.0,0.0,0.0,0.0,0.0,nan,0,0.005505109161018247,0.0006636442506475215,0.016273523458753658
2.53338624800017,-0.0009336597583991675,-0.012634945066440546,1.105419207130555,0.012509676973191988,-0.0023922660996037173,0.8385210670241828,-0.002532117634629835,-0.0002580399934390162,-0.010815292115110616,0.0,0.0,1.5,0.39478413805376755,10020.5666764535,9992.495234473383,9992.492983935086,10015.130440081912,0.0,0.0,0.0,0.0,0.0,0.0,nan,0,0.0004960249461110567,-0.008044941944257908,0.024689548878951362
2.5441597669996554,0.006792822400482837,-0.014318664021866418,1.0931958875625318,-0.010141935134734879,0.012992289260514921,0.8194295670586033,-0.0010909432886995766,0.000507894686491894,-0.008098184345190608,0.0,0.0,1.5,0.40711270241982356,10012.858606263422,9991.376817691458,9985.05240620965,10009.51900397764,0.0,0.0,0.0,0.0,0.0,0.0,nan,0,0.008229472194167631,-0.009626223053660074,-0.004127495304609319
2.554652218999763,0.0017206946607597083,-0.003490162388550164,1.1192243451769295,0.02938398005975464,-0.056775219958284384,0.8431327107932011,-0.0022259330233832756,-0.000771799130601829,-0.001726253711961585,0.0,0.0,1.5,0.380795537433873,10018.925415307573,9992.30599526542,9995.01139786186,10010.467146914229,0.0,0.0,0.0,0.0,0.0,0.0,nan,0,0.003158684657395635,0.0012509441916577803,0.013825755732937317
2.5648329969999395,-0.014763428693706636,0.005022475369705339,1.0954843855880294,0.03719445927608762,-0.05136709817362897,0.8120001604467413,-0.0055598906213035135,0.00837688348309917,0.006034073002657548,0.0,0.0,1.5,0.4048160895872686,10018.925415307573,9992.30599526542,9995.01139786186,10010.467146914229,0.0,0.0,0.0,0.0,0.0,0.0,nan,0,-0.013325438697070709,0.009763581949913284,-0.009914203855962755
2.575433193999743,-0.004874322504813968,-0.010503035035944712,1.117470019688503,0.008608101912723242,0.002947448208676382,0.8124330136477579,-0.00047480282600766626,0.0005750181332738494,-0.0021936275709827785,0.0,0.0,1.5,0.3827051849687452,10015.33752231824,9987.79418331795,10013.433678939758,10028.43529391814,0.0,0.0,0.0,0.0,0.0,0.0,nan,0,-0.0034378039145894802,-0.005669963892588971,-0.0036478186444435234
2.585887381000248,-0.011472669770490785,0.002484921808662998,1.1376494956781729,0.02793785289209256,-0.01657584494491902,0.7248129708714357,-0.0035140025250027535,0.0010827889977639885,-0.004084727940508538,0.0,0.0,1.5,0.36254059768574937,10048.9347397667,10011.767209756832,10036.554429302454,10072.548258591476,0.0,0.0,0.0,0.0,0.0,0.0,nan,0,-0.010038880481121684,0.007361195304417527,0.008886174557543924
2.596576486000231,0.0028215455792111937,-0.019096508721202603,1.1612571182251272,0.010000951198055434,0.003641252568030814,0.7398220876057218,-0.0017699484462016964,-0.00016414574640610124,-0.0014491230635502767,0.0,0.0,1.5,0.33929246634421456,10048.9347397667,10011.767209756832,10036.554429302454,10072.548258591476,0.0,0.0,0.0,0.0,0.0,0.0,nan,0,0.004255334868580295,-0.014220235225448075,0.03249379710449829
2.6072508090001065,0.0023323433716992987,-0.0049583164710153855,1.1218753112977153,-0.0019150651310852872,0.009221272803751089,0.725566452498949,-0.0018146825344491089,0.0005201307522122195,-0.002355266000990464,0.0,0.0,1.5,0.37816438877032027,10095.3317412958,10069.663167795848,10081.94912869996,10105.156130053761,0.0,0.0,0.0,0.0,0.0,0.0,nan,0,0.0037569606887493806,-1.5119633218528897e-06,-0.0217634631446888
2.6176939369997854,-0.004686255658541381,-0.007175955764111862,1.1305870060306753,-0.01454871730644872,-0.007927631593598012,0.728385096697088,-0.003478877751783927,0.003827232755138817,-0.002795576183408045,0.0,0.0,1.5,0.36951240229064847,10092.034012919503,10071.252883396173,10081.258488416424,10098.833540272013,0.0,0.0,0.0,0.0,0.0,0.0,nan,0,-0.003267936978152069,-0.0021819780100279474,-0.02028937163349931
2.628032130000065,-0.013358632280956684,-0.004320616102914807,1.1557495535253919,0.004895595584857717,0.026871232307068258,0.6813418610909118,-0.0035854287361037117,0.0020799497542553012,0.004792564427717865,0.0,0.0,1.5,0.3445366318374486,10092.034012919503,10071.252883396173,10081.258488416424,10098.833540272013,0.0,0.0,0.0,0.0,0.0,0.0,nan,0,-0.011940313600567371,0.0006733616511691073,0.0048731758612172715
2.6388371069997447,0.0018817166666285738,-0.003978304679146533,1.163055812142732,0.008154367848003352,-0.019793693228564536,0.6945879850832768,0.0013487788896491572,-0.0007777523306845811,0.004060803980180062,0.0,0.0,1.5,0.336972926948928,10160.876897044594,10159.365502937882,10157.261871749319,10155.23120134582,0.0,0.0,0.0,0.0,0.0,0.0,nan,0,0.0032844453925176993,0.0010834018450658293,-0.0019176716116091619
2.648982061999959,0.007289823523772477,-0.010776841519981045,1.1631644048475631,0.011800883662694168,0.03621445520117608,0.6954541173143848,-0.0027329052741794473,-0.0005041077761787962,0.003653893861110771,0.0,0.0,1.5,0.33708678408067394,10193.090965875506,10199.959365309174,10176.146401242773,10172.371367239968,0.0,0.0,0.0,0.0,0.0,0.0,nan,0,0.00868345024838519,-0.005684761077415932,-0.008679120593968026
2.6597166230003495,0.0009915025816216872,0.008957845928109859,1.1945978012537795,0.008553669380825033,-0.043980715143586264,0.7156771704986032,-0.0023896201541388886,-0.0006959484151139197,0.00039025476483696685,0.0,0.0,1.5,0.30553515195483993,10185.506723366998,10197.314262026848,10184.561503020917,10183.656688436864,0.0,0.0,0.0,0.0,0.0,0.0,nan,0,0.0023752868328039372,0.014077866113170832,0.01599927463330153
2.670084174999829,-0.008987609715961936,-0.011858925913569286,1.1742295314960847,0.021023711000429726,-0.00392592789546897,0.6456231670373164,-0.002652115085405446,0.0015212896407300793,0.008197001700238097,0.0,0.0,1.5,0.32611011852055505,10196.66635867285,10204.727685593214,10174.815181420865,10178.65472296003,0.0,0.0,0.0,0.0,0.0,0.0,nan,0,-0.007614310340102656,-0.006713465594901958,-0.011009291968237411
2.680488697999863,-0.01411963898556403,-0.008591093248233199,1.192141749491982,0.04490212490336776,0.028642385665905618,0.5913548092413026,-0.0002608431113780237,0.0008794910648295413,1.0035717323059173e-05,0.0,0.0,1.5,0.30830159502367177,10142.570518050277,10149.314966075368,10137.819770455319,10140.532258415149,0.0,0.0,0.0,0.0,0.0,0.0,nan,0,-0.012757368125976772,-0.003422738122642469,0.00038129466013225866
2.691013280000334,-0.023019556981973176,-0.017150280634070373,1.1863753284234875,-0.004993722099968218,0.016891906818685215,0.6409915004763894,-0.005064266394982624,-0.0006947811931029725,-0.004327568294753018,0.0,0.0,1.5,0.31493565493755865,10181.002487785276,10188.656140809831,10174.95014358458,10185.07030142885,0.0,0.0,0.0,0.0,0.0,0.0,nan,0,-0.021668763140548664,-0.011961626178856974,-0.011787919341533781
2.7014784809998673,0.008150965052359177,0.0005637721594987195,1.1864978158050867,0.030958168800945412,0.002854194470875331,0.6153021912384748,-0.0036939902850736507,-0.0011382987955763626,-0.005477667277349782,0.0,0.0,1.5,0.3136086343921575,10242.914295622195,10239.244595905328,10216.928716366923,10234.421558051537,0.0,0.0,0.0,0.0,0.0,0.0,nan,0,0.009489924802542665,0.005770059040144497,-0.017957236086668438
2.7120655999997325,0.009666283210873951,-0.016520785899684875,1.2225971004287977,0.015206593171251729,-0.04101360967694962,0.6385778891030957,-0.003398984072056796,0.0036064823155953314,-0.000505764795297771,0.0,0.0,1.5,0.2780624787495908,10243.91210722275,10256.125920648194,10231.893163722985,10223.72160118788,0.0,0.0,0.0,0.0,0.0,0.0,nan,0,0.010993147980453675,-0.011299591228017561,0.011956504161396264
2.7222986469996613,0.005610750879111086,-0.0029801263175308406,1.2163750657095602,0.012605698894790374,-0.022087159781411722,0.5970444201943772,-0.005066068081626425,-0.0007865932969525014,0.00568253935170519,0.0,0.0,1.5,0.2836960786291417,10275.246367048972,10271.971679142782,10250.022145527188,10249.732762491922,0.0,0.0,0.0,0.0,0.0,0.0,nan,0,0.006925357423335712,0.0022532086239966716,-0.0003473648920568895
2.7330039369999213,-0.01482385231939257,-0.002433696634932597,1.226534243449503,-0.017320991662332603,0.019598188220755264,0.6203072322152934,-0.0019087192092419603,-0.001966562288349671,-0.00045573090396541793,0.0,0.0,1.5,0.2738780558617899,10230.580061458913,10216.974743317673,10220.946096421041,10231.160135058071,0.0,0.0,0.0,0.0,0.0,0.0,nan,0,-0.013521570512307604,0.002808990436553178,0.003835051300449255
2.74373143899993,0.0011074433886627843,-0.009589518057909573,1.2482497915984376,0.009342202428744579,0.02276079158903342,0.5927811208866609,-0.0023998626778345667,0.0012927077696247861,0.0015714208042759328,0.0,0.0,1.5,0.25193521531868496,10238.23323731511,10230.51380367973,10230.299128534454,10243.903338466333,0.0,0.0,0.0,0.0,0.0,0.0,nan,0,0.002397433394130641,-0.004340280843358077,0.019680919728127133
2.7540208469999925,-0.0013316863936167081,-0.007804250290488609,1.213698301356941,0.028844725707223438,-0.00897787548922521,0.5589571475553737,-0.002798272608503472,-0.00029396903268943313,0.0019477378650185587,0.0,0.0,1.5,0.28641114216655145,10212.908165278215,10228.241744165636,10218.07172391769,10205.02275832883,0.0,0.0,0.0,0.0,0.0,0.0,nan,0,-5.3851873110401195e-05,-0.0025512830496881534,-0.020632354674366082
2.7644338949994562,-0.010154447148425581,-0.00780154400052546,1.242733676593315,0.01633322236771945,-0.04311315486863962,0.5457586804424709,-0.0005491594490711686,-0.004328596514419922,-0.003427003071583737,0.0,0.0,1.5,0.2575848171862529,10203.641041519846,10215.997349707324,10195.589717615667,10188.514141752581,0.0,0.0,0.0,0.0,0.0,0.0,nan,0,-0.0088885301230474,-0.0025476764989386946,0.0027520401884570944
2.775001813999552,-0.006513494479514994,-0.007053115586463277,1.2494496099267123,0.022820230749742314,0.017886245642701994,0.5606412492912465,-0.0030720044277894208,-0.002749156190019413,0.0006026306113282875,0.0,0.0,1.5,0.25073426175073743,10252.573721408897,10256.258449157587,10242.808273222388,10245.643198140906,0.0,0.0,0.0,0.0,0.0,0.0,nan,0,-0.005259158573802486,-0.0018012009602484452,0.003924666580872094
2.785496559999956,-0.0009529875938742233,-0.008966623142636167,1.2711854921355095,-0.012359422257115792,-0.002768987150925832,0.5323845824220372,-0.0032720247996191696,-0.0012483412915041147,0.0005619454307851712,0.0,0.0,1.5,0.22899211236460773,10255.395068739752,10263.659271720655,10274.265535317292,10267.233174863473,0.0,0.0,0.0,0.0,0.0,0.0,nan,0,0.0002902009937487958,-0.003719539676268117,0.020219471974417758
2.7961407439997856,-0.014770676212761433,-0.009391000374734414,1.2530617691463768,-0.0025757068674846255,0.0005845814976210698,0.5213542302409342,-0.004838805393328146,0.0006369775938143093,0.00232056769651037,0.0,0.0,1.5,0.24755777834868734,10255.788904834817,10263.107111708143,10260.69174575062,10255.8540078437,0.0,0.0,0.0,0.0,0.0,0.0,nan,0,-0.013538107414191607,-0.004151636461769723,-0.0032438893472919172
2.806314137999834,-0.007841268759113071,0.00819269393974744,1.2503324982846913,0.01927843571313497,0.02785284512609128,0.48422704562756475,-0.0042202772695233695,-0.002418436735294775,0.0011868241141754507,0.0,0.0,1.5,0.2499249230119051,10255.788904834817,10263.107111708143,10260.69174575062,10255.8540078437,0.0,0.0,0.0,0.0,0.0,0.0,nan,0,-0.006618702774600757,0.013421443477271252,-0.011210444323297875
2.8170407859997795,0.01128601952901719,0.005341358990387607,1.2857167958971596,0.03422881244473791,-0.01707363118212062,0.47878686325052433,-0.003926260790992866,-0.0005121798446163895,0.00178508529511566,0.0,0.0,1.5,0.21464667692105813,10267.8237357477,10290.315337609158,10283.026667431566,10263.999916804467,0.0,0.0,0.0,0.0,0.0,0.0,nan,0,0.012499285841324568,0.010556584826536182,0.019037274750802302
2.827447712999856,-0.009479241039006155,-0.020569379514697474,1.2887658066704755,-0.007297423612647583,0.0019014535211603993,0.5217449443819548,-0.008655578297948129,-0.0034308609132938767,-0.0003437069761613576,0.0,0.0,1.5,0.21244491007287086,10267.8237357477,10290.315337609158,10283.026667431566,10263.999916804467,0.0,0.0,0.0,0.0,0.0,0.0,nan,0,-0.008265974726698778,-0.0153541536785489,0.022086285524118177
2.837877259999914,-0.011878306372614696,-0.0027948153461996965,1.2788306678580788,-0.023848575828190305,0.026582248683909352,0.5285593964017558,-0.0014642013597124571,-0.0019589806600396925,-0.0015649711368677136,0.0,0.0,1.5,0.2215057079066012,10324.282386043333,10343.661105796265,10318.397981768474,10302.485435180202,0.0,0.0,0.0,0.0,0.0,0.0,nan,0,-0.0106735545280944,0.0024039502168700256,0.007109247968547727
2.848310372999549,-0.0035092245134741595,-0.019694902167080378,1.282577781441545,-0.026830219616083,0.0344664922700906,0.48375303493224153,-0.007866636587273561,-0.0001428777086003645,-0.0035149778979666146,0.0,0.0,1.5,0.21834061681450237,10331.737168458954,10333.676637739838,10314.962397970581,10317.694662864835,0.0,0.0,0.0,0.0,0.0,0.0,nan,0,-0.0023188667573082102,-0.014537891799502663,0.001047189449138175
2.8589212580000094,-0.002111408668494902,-0.0045859064083800544,1.2900934989972264,-0.018146910396144227,0.013942096186016528,0.5429891611114999,-0.002540656193961038,-0.006647974038250113,-0.0009122849256464518,0.0,0.0,1.5,0.20996720636180125,10291.30243110548,10307.27611993222,10289.925810756571,10276.906091439787,0.0,0.0,0.0,0.0,0.0,0.0,nan,0,-0.0009210509123289529,0.0005711039591976613,0.008562907004819431
2.869756017000327,-0.0034651733421776185,-0.018824187279810608,1.303648893903645,0.006203442557412351,-0.01495114555423426,0.45666705719125616,-0.003475080962682063,0.002084920159079341,-0.0013992851604914037,0.0,0.0,1.5,0.19728181446422977,10268.868741330707,10298.204408278554,10277.175404056972,10245.197652008803,0.0,0.0,0.0,0.0,0.0,0.0,nan,0,-0.002280577593320317,-0.013692424107762788,0.01735817606962531
2.8802827709996563,0.0029302814903093225,0.015346972405113273,1.310609911494139,-0.0008719014934261126,0.016392152853900836,0.48580446510109887,-0.0012269443057641714,-0.0012457401533396842,-0.0028528285781411313,0.0,0.0,1.5,0.19003347530336237,10241.348115912331,10286.519189647735,10257.082970412828,10207.693811221116,0.0,0.0,0.0,0.0,0.0,0.0,nan,0,0.004106459875039361,0.02041965243955546,0.015094749987934808
2.8905953450002926,-0.004151146919986327,-0.018200481656530806,1.2930805021907483,0.015938181962038372,0.01622012475165237,0.40555676548981595,-0.00044266822578678907,-0.0034650868723442984,-0.004709518783008093,0.0,0.0,1.5,0.20775988093689776,10260.44726794319,10290.338774381358,10282.514480390326,10247.47299960229,0.0,0.0,0.0,0.0,0.0,0.0,nan,0,-0.0029775787525387013,-0.01316153658639911,-0.0068954574662880574
2.9010451100002683,-0.0024352305023530346,0.014710065438977297,1.3068150958034033,-0.007539008894760981,0.001751523353312217,0.41571609717990105,-0.002739057458447457,-0.001745120654705989,-0.0023133171755673003,0.0,0.0,1.5,0.19375944772388995,10255.393487534435,10278.896421397585,10262.78045176714,10232.911312870925,0.0,0.0,0.0,0.0,0.0,0.0,nan,0,-0.0012632042439452568,0.019712557805804585,0.0024789898469339544
2.911392144999809,-0.006406971232527806,-0.005677251897318882,1.2797908915647616,0.021765348120845403,0.0075608781546965325,0.34774510359711436,4.5508511463665385e-05,-0.0009107913381250696,0.0010862055459366054,0.0,0.0,1.5,0.2203754339923637,10255.393487534435,10278.896421397585,10262.78045176714,10232.911312870925,0.0,0.0,0.0,0.0,0.0,0.0,nan,0,-0.005234944974120028,-0.0006747595304915947,-0.02454521439170776
2.922010152999974,0.010586670008789694,-0.00400319934861995,1.3220455227998356,-0.015996220010936694,0.0052870994342902235,0.44947885320245906,-0.0018779921683673997,0.0033283475866284396,-0.0019837888918387983,0.0,0.0,1.5,0.17831404639703413,10353.409566359149,10363.598192541078,10355.205217878749,10335.110927945881,0.0,0.0,0.0,0.0,0.0,0.0,nan,0,0.011758769629127672,0.0009184458767063667,0.009267971497612049
2.9324020570002176,-0.006612560589691557,0.02298792502207361,1.3071066253420343,-0.00022773201424308284,0.019151812001200124,0.4388590755272914,-0.0027764065824057178,6.968383521302105e-05,-0.007722192672414633,0.0,0.0,1.5,0.19437084308432465,10449.444877066637,10451.557794473936,10446.82650066119,10437.917529500382,0.0,0.0,0.0,0.0,0.0,0.0,nan,0,-0.005438884260535674,0.027865277778554402,-0.00977116315694948
2.9431648660001883,0.015431103639030495,0.00432252015173593,1.329283093712292,-0.001495423155564761,0.0371269020517939,0.4156630000506269,-0.003996975501810144,-0.001538690906127452,0.0023374109113752316,0.0,0.0,1.5,0.17146738824752294,10402.107909951215,10401.34188381684,10400.038580363225,10394.14972379958,0.0,0.0,0.0,0.0,0.0,0.0,nan,0,0.016607341228482852,0.00915309473204418,0.00837809651684518
2.9535905309994632,-0.0004544555481392653,-0.020178863501499535,1.3268798872675787,-0.019496275150994665,0.025373074627110432,0.3632664017981206,-0.0019529831587284242,-0.0011924486992716274,0.003821806134081948,0.0,0.0,1.5,0.17429276087819498,10399.785396993337,10394.849901261325,10384.109030769077,10374.188002415243,0.0,0.0,0.0,0.0,0.0,0.0,nan,0,0.0007252815848717411,-0.015397449025254795,0.0020256194726828713
2.9641379639997467,0.009305435770604154,-0.006687540264428479,1.3158713886933742,0.025271614404138762,0.022043755118879575,0.36822036251786106,-0.006240300699309129,-0.005557697738703995,0.006359030407261333,0.0,0.0,1.5,0.1844848498695101,10395.036952153556,10386.555436223809,10360.868677964367,10359.84397868083,0.0,0.0,0.0,0.0,0.0,0.0,nan,0,0.010489566719905002,-0.001957566846849345,-0.01285217257861282
2.974410853000336,1.962751937972687e-05,0.00559472078230155,1.3403582286568827,-0.010732323305818059,-0.003995341668564269,0.3580270688041715,-0.0017666094218022489,-0.0006907840058966824,0.0014212445981274652,0.0,0.0,1.5,0.15973977727366337,10395.036952153556,10386.555436223809,10360.868677964367,10359.84397868083,0.0,0.0,0.0,0.0,0.0,0.0,nan,0,0.001203758468680576,0.010324694199880684,0.011634667384895714
2.9850839399996403,0.0098109704506406,-0.002137975043178948,1.3197321916129487,0.000311422060469643,0.03370012890332625,0.30359125571066725,-0.006634010978399741,0.00014677644058645175,-0.0006850175090562415,0.0,0.0,1.5,0.18054724816274334,10415.228292747686,10419.572659723326,10399.141446207102,10394.744290064355,0.0,0.0,0.0,0.0,0.0,0.0,nan,0,0.011000349577017602,0.002538378595303085,-0.012782535370690074
2.9962539739999556,0.0004983566127109247,-0.010010041683101864,1.3450723781362386,-0.012832087795419604,-0.01258574079828539,0.4060732401502568,-0.003371603213658327,0.0005904128150947907,0.006154050876915639,0.0,0.0,1.5,0.15525146476014812,10450.778365470307,10448.11093305114,10419.293203015788,10429.082606278318,0.0,0.0,0.0,0.0,0.0,0.0,nan,0,0.001693801353872634,-0.005389380379892571,0.00883924216543508
3.006955666000067,0.011185579672685735,0.00012810982567662988,1.328896937054201,0.023879912132387934,0.013144914451597612,0.2834019001385564,-0.0014592037575162625,0.00029315765445125534,-0.0010031722664035584,0.0,0.0,1.5,0.17146834038438552,10448.382314417548,10449.610903917122,10431.661103055316,10437.399142231552,0.0,0.0,0.0,0.0,0.0,0.0,nan,0,0.012387868658771778,0.004691129710855331,-0.010984819567963822
3.016774775000158,0.005884955105839264,-0.007619019152793938,1.3240876169142008,0.003605646198011581,0.01563762535463039,0.376049755277277,-0.0007783702575161934,0.0006858881036358222,-0.00872163852740323,0.0,0.0,1.5,0.176175618836357,10519.518991202227,10513.044202058063,10487.669675616426,10497.325574292498,0.0,0.0,0.0,0.0,0.0,0.0,nan,0,0.007094832441050767,-0.003115462269318972,-0.01937914100463156
3.02815481899961,-0.01849275048802217,0.0011110645101607914,1.3370859859843516,-0.024873667864048404,-0.01074025259815288,0.3374239528140919,0.001439696824966577,-0.004898093642683025,0.0018467192732242836,0.0,0.0,1.5,0.16396399680310575,10525.384472348293,10510.306111051588,10504.642891062094,10524.556349455377,0.0,0.0,0.0,0.0,0.0,0.0,nan,0,-0.017265607635245185,0.005490830246369129,-0.0133625011549392
3.038779014999818,-0.002709135279963283,-0.016479783276029166,1.3776027107530724,0.019209804121831063,0.01026675065481105,0.3653899949665806,-0.007231270509562674,0.00027349523021536935,-0.001808418777848701,0.0,0.0,1.5,0.12353144978419905,10511.852615064518,10489.251557367488,10494.074454028276,10510.180801008431,0.0,0.0,0.0,0.0,0.0,0.0,nan,0,-0.0014723741634358654,-0.012164040160949366,0.023751770229030855
3.04831841899977,-0.014235337764071338,-6.128895168691206e-05,1.3696033128179947,-0.031129758388713274,0.03668265519135383,0.3036869976313715,-0.0018386350778493916,7.267309618650594e-05,0.0065208668372047,0.0,0.0,1.5,0.13117143220089703,10511.852615064518,10489.251557367488,10494.074454028276,10510.180801008431,0.0,0.0,0.0,0.0,0.0,0.0,nan,0,-0.01299857664754392,0.004254454163392889,0.01575237229395321
3.05879302700032,0.018304967604882275,0.020364888623192055,1.3691789433487285,0.026921988449038693,0.00770216247032104,0.3566479750578456,-0.0009688897469416733,-0.0011928549677279769,-0.0008414532241719512,0.0,0.0,1.5,0.1336560862475256,10494.70136142555,10501.524441811976,10517.589205449161,10510.424688306028,0.0,0.0,0.0,0.0,0.0,0.0,nan,0,0.019551974356974915,0.024615401585802194,0.011983879267870146
3.069328867999502,-0.015417270213423224,-0.016598028630648968,1.3592414229148484,0.009826691959366156,0.004440262743148923,0.3582298373077292,-0.0022518857536151537,-0.0003260167403840607,-0.0045937922944468655,0.0,0.0,1.5,0.14256985585422366,10454.416237051544,10471.891006608968,10466.889884689559,10455.103493612363,0.0,0.0,0.0,0.0,0.0,0.0,nan,0,-0.014147972432506714,-0.012480968599394274,-0.0044491071917922564
3.0798151580002013,0.02649554755595268,0.012187718295318298,1.3507735367344942,0.009306905475546662,0.016812269581885454,0.310187124591511,0.0017415581943401714,-0.001685583840511584,-0.0021595839568302163,0.0,0.0,1.5,0.15204963615960132,10437.459383096799,10432.983570581424,10426.323497316496,10434.238379475337,0.0,0.0,0.0,0.0,0.0,0.0,nan,0,0.027776848416250523,0.01623685255876939,-0.016063166286905073
3.0901564830001007,0.008045562369103514,-0.0009550535489775414,1.3551282653142858,0.01032681934722233,-0.003332519710938997,0.3301843715336137,0.001916758614820348,-0.00382395037933913,-0.000567701537108797,0.0,0.0,1.5,0.1450981140882421,10437.459383096799,10432.983570581424,10426.323497316496,10434.238379475337,0.0,0.0,0.0,0.0,0.0,0.0,nan,0,0.009326863229401357,0.0030940807144735523,-0.011708437707113495
3.100860325999747,0.009384118871415676,-0.0009957462314583209,1.3610468172912988,-0.007981718502263131,0.031738996231791314,0.22923998452841457,0.00035576712022703443,0.0028737393269945752,0.0065301478614754925,0.0,0.0,1.5,0.1392732572406778,10419.10844715733,10416.774038943542,10421.09482522021,10424.339483755331,0.0,0.0,0.0,0.0,0.0,0.0,nan,0,0.010677962678137745,0.0029848594063259905,-0.008864266015929045
3.111229228999946,-0.020086608744189986,-0.00182981749759154,1.3861966517777127,-0.01052468121430452,0.022585504057148282,0.2769653284145968,-0.004557680740464224,-0.00035965611736138735,-0.005093251431098924,0.0,0.0,1.5,0.11557691010543521,10461.092107658334,10445.727343788185,10449.398485024409,10462.156284495844,0.0,0.0,0.0,0.0,0.0,0.0,nan,0,-0.01877970122412685,0.002081800372914823,0.013280864884083199
3.121593114999996,-0.004983244386294373,-0.0010250185779039746,1.3902985412301432,0.023256835860295578,0.0015623808196162609,0.2645532020827043,-0.0018734854930617978,0.0005780040817383534,-0.00013326651502481335,0.0,0.0,1.5,0.10981936734444056,10461.388924546653,10445.705701703677,10461.480142285944,10473.126214469345,0.0,0.0,0.0,0.0,0.0,0.0,nan,0,-0.003662766593762752,0.0028172940232839365,0.014444287624559848
3.132412400999783,0.008234160831562032,-0.005578693944732357,1.384747023677608,-0.004724586957210721,0.005650494855119792,0.27610189510670485,-0.002565316940906347,-0.0015197995324220082,-0.001315467814449426,0.0,0.0,1.5,0.11568133722385328,10525.245069611994,10524.601396365124,10525.000474079376,10521.432025731121,0.0,0.0,0.0,0.0,0.0,0.0,nan,0,0.0095832809496426,-0.0018753949071624717,0.0031881354186231725
3.1431537669996032,-0.0008248120160754515,-0.005250443164736863,1.3701627832884573,-0.03247793107056133,-0.016630224199671056,0.276842349739197,0.0036161775663629114,0.001071430513080819,-0.0010082825355831678,0.0,0.0,1.5,0.1299459515017228,10525.245069611994,10524.601396365124,10525.000474079376,10521.432025731121,0.0,0.0,0.0,0.0,0.0,0.0,nan,0,0.0005393788689698188,-0.0016165817556861332,-0.014166991947666796
3.1532444019994728,-0.017208361765482672,-0.019645983700133283,1.3677964706941637,0.0031634996525541264,0.018025648796846802,0.24410769497940707,9.647877951121532e-05,-0.0035925707430481896,0.001991029617809136,0.0,0.0,1.5,0.13475854537325918,10521.37116783253,10515.004181172826,10521.448022042356,10524.67141725909,0.0,0.0,0.0,0.0,0.0,0.0,nan,0,-0.015828599750592694,-0.01608133398877313,-0.019249410032198266
3.1638204330001827,-0.024075751868963814,0.000272997932350515,1.3684170998817482,0.01536598042189026,0.0063985095384140964,0.22126055175546264,0.000559331096123358,-0.0030473473507078588,-0.001986660085040873,0.0,0.0,1.5,0.13376761924866876,10517.314670762084,10524.51586142073,10547.29012793986,10538.137376128629,0.0,0.0,0.0,0.0,0.0,0.0,nan,0,-0.022679914383284296,0.00376879464683482,-0.02129089165809983
3.1740824440003053,-0.002789514633068404,0.00841815002927512,1.389135716971451,-0.020045001255402817,0.041428224419672637,0.2740469221819208,0.0036406613540576525,0.0006815159464196979,-0.002341493068930093,0.0,0.0,1.5,0.1112184152613122,10517.314670762084,10524.51586142073,10547.29012793986,10538.137376128629,0.0,0.0,0.0,0.0,0.0,0.0,nan,0,-0.0013936771473888865,0.011913946743759424,-0.0005722745683969244
3.1845102859997496,-0.009137309682397312,-0.003989320848628253,1.3678615923558126,0.004029611441413031,0.005476119804190813,0.24178215003682668,0.0044055965960685785,6.83707287387146e-05,0.007046308396964717,0.0,0.0,1.5,0.132514013914781,10586.466766393663,10605.059484635069,10623.966990719247,10606.385051165866,0.0,0.0,0.0,0.0,0.0,0.0,nan,0,-0.007707793522338146,-0.0006296514637875467,-0.02702744714452665
3.195393119000073,0.007739285734186753,0.004858011090772381,1.3738421962745082,0.013816891631459924,0.0007204422736124067,0.2931662714677898,0.0018879266019377282,-0.0022724484724168216,0.0033662556055822795,0.0,0.0,1.5,0.1264882929613376,10563.587085868872,10584.264439530325,10589.482046326732,10568.073090959257,0.0,0.0,0.0,0.0,0.0,0.0,nan,0,0.009186394305377897,0.008150631693675327,-0.02357307002364828
3.2058175160000246,0.0041321640990728045,-0.006093581962864876,1.4091889668286262,0.010593435208689616,0.03313301698221294,0.23496698008976713,-0.0013568143517377652,0.0001026047296385092,-0.0018438207841357036,0.0,0.0,1.5,0.09110900211796955,10583.02357421764,10603.985538400744,10610.84165822281,10598.594524935204,0.0,0.0,0.0,0.0,0.0,0.0,nan,0,0.005597341912497501,-0.0028671987081497503,0.009290449987507277
3.216084411999873,0.0016479570293835674,0.008931477412051816,1.382248250826171,-0.02187740344928317,0.012756446820497723,0.1937359732477472,-0.0020674168044034218,-0.005286540052591498,-0.00026735458613121087,0.0,0.0,1.5,0.11810148807118818,10583.02357421764,10603.985538400744,10610.84165822281,10598.594524935204,0.0,0.0,0.0,0.0,0.0,0.0,nan,0,0.0031131348428082633,0.012157860666766943,-0.01765026601494779
3.2262519240002803,-0.012063167681418002,-0.003632391637159374,1.381197348123657,0.010926744211341877,-0.038538108937580945,0.1933354999202126,0.00036703684013651504,0.00013540713893133772,0.002046589680969993,0.0,0.0,1.5,0.11946875899735149,10560.818973761836,10571.865426474998,10578.793509517673,10579.494206185962,0.0,0.0,0.0,0.0,0.0,0.0,nan,0,-0.010579474390246315,-0.000471339728644494,-0.021140962900401572
3.2370938510002816,0.010580050397327788,-0.012448931237243825,1.4085432412384422,0.025252768544098445,0.027503380430976682,0.2112462725741183,-0.0017770836095574467,0.001039489037103964,0.0010801719718675717,0.0,0.0,1.5,0.09290453206668337,10605.9110329865,10617.52058414263,10610.546733789015,10603.21671625721,0.0,0.0,0.0,0.0,0.0,0.0,nan,0,0.012101967043517693,-0.009415476805728138,0.0014618972716282652
3.247494106999511,0.00488994033104178,-0.002320249735177047,1.4050042882819833,-0.014911012807689517,-0.01406813085681122,0.23876915612237884,0.0005108603849759503,-0.001181189481494672,-0.0011831392935534935,0.0,0.0,1.5,0.09514977835017416,10631.758464081839,10640.065742814746,10654.525924706817,10651.896134172268,0.0,0.0,0.0,0.0,0.0,0.0,nan,0,0.006431494086880237,0.0006511228030365987,-0.004391097507611352
3.2582792309995057,-0.022324432422461175,0.001759549572165146,1.374896140586835,0.0005922477835186066,0.014776952006231305,0.23315163584768597,0.0030971157893335123,0.00043560168295962167,-0.00045467098247859225,0.0,0.0,1.5,0.127092296925309,10632.163962275816,10621.816354600911,10627.194707347926,10642.966672091243,0.0,0.0,0.0,0.0,0.0,0.0,nan,0,-0.020762944452556588,0.0046701018315892405,-0.03677918384280443
3.268731891999778,-0.009989742271466356,0.004244083460470648,1.3941694120026134,0.014602167553911556,0.024552556447230308,0.1815908501400031,0.0005204405142951482,-0.0020359491434788113,0.009232623679296876,0.0,0.0,1.5,0.10638571591591778,10598.334288898432,10595.49945217958,10609.898226005671,10615.926185698027,0.0,0.0,0.0,0.0,0.0,0.0,nan,0,-0.008408064026334167,0.00709514921206243,-0.019748189013166773
3.2789404670002114,0.006698223669469956,0.0016206968866184176,1.4040451539289829,0.02290707690439976,-0.02368089937366333,0.18782669597768323,0.00329170918153383,0.00015363822564798654,0.0038257914425972074,0.0,0.0,1.5,0.09620200280262949,10598.334288898432,10595.49945217958,10609.898226005671,10615.926185698027,0.0,0.0,0.0,0.0,0.0,0.0,nan,0,0.008279901914602145,0.004471762638210201,-0.009872447086797242
3.289719731000332,-0.003793045845321767,-0.006098088424405753,1.4215765065136658,0.03313458752445198,-0.00479382327367509,0.2301576620508226,0.004083209973628588,-0.0004906644045074743,0.004364641358916776,0.0,0.0,1.5,0.07875162353766225,10643.844786343305,10652.152794561676,10644.33783882039,10650.107231219714,0.0,0.0,0.0,0.0,0.0,0.0,nan,0,-0.002170361666301712,-0.003361716991775626,0.0032861578866412167
3.2999019389999376,-0.0034172531277383168,-0.0008790188329074358,1.4052424645648118,-0.005521159256621765,0.010698501656305521,0.25219679428238523,0.0014130511467606586,-0.0010058872725453795,-0.007311720885245321,0.0,0.0,1.5,0.09482320820768819,10643.844786343305,10652.152794561676,10644.33783882039,10650.107231219714,0.0,0.0,0.0,0.0,0.0,0.0,nan,0,-0.0017945689487182618,0.0018573525997226917,-0.0130478840622128
3.310726789999535,0.01243167416711399,0.0006776278469855265,1.4541882494440048,-0.009316140067345227,0.00269512300633294,0.15665096517576957,0.0005292680734337711,0.0006698351019870948,0.0032318420427365616,0.0,0.0,1.5,0.04747338402832712,10605.86266046973,10594.274446701085,10609.031734370048,10637.896308954141,0.0,0.0,0.0,0.0,0.0,0.0,nan,0,0.014095966844759588,0.0033054444714225905,0.03165803787919241
3.320923698000115,-0.00893345701650936,-0.007872024679938644,1.4326302414262269,0.02782913876521369,0.0068405642918461015,0.2126048961407305,-0.0008388321304871681,0.0007288911280083547,0.003811766640269246,0.0,0.0,1.5,0.06841388599630827,10605.86266046973,10594.274446701085,10609.031734370048,10637.896308954141,0.0,0.0,0.0,0.0,0.0,0.0,nan,0,-0.0072691643388637615,-0.005244208055501579,0.01010002986141445
3.331494246999682,-0.010581004190092762,-0.007532964955383409,1.4217942518305182,0.01038202878329358,-0.01820999006260932,0.2286756889370725,0.0010366754981455178,0.0006696764743798821,-0.0004935354651360934,0.0,0.0,1.5,0.0792769970258599,10577.450626931824,10568.030462096574,10583.214787366107,10595.925111879207,0.0,0.0,0.0,0.0,0.0,0.0,nan,0,-0.008895757883258356,-0.004957004459813941,-0.0027969927946904782
3.342124101999616,0.002952836062897737,-0.006619931104958527,1.4223373728178308,0.013529882375002066,-0.007206492386021896,0.13590350125717324,-0.0004708993789447565,-0.00041680015842242524,-0.006745835896831072,0.0,0.0,1.5,0.07800016916318421,10562.712119942593,10549.424152263366,10556.208541267335,10577.321447134133,0.0,0.0,0.0,0.0,0.0,0.0,nan,0,0.004680198969947131,-0.004142679934753047,-0.006242134677012734
3.35247432199958,-0.0013512924852444547,-0.013871721511359713,1.4418733420706702,-0.007867455100040808,-0.0032270397897962125,0.1697529369788426,0.0025014625191380714,-0.001760475423478213,-0.002085642313356584,0.0,0.0,1.5,0.059774233672233036,10562.712119942593,10549.424152263366,10556.208541267335,10577.321447134133,0.0,0.0,0.0,0.0,0.0,0.0,nan,0,0.00037607042180493977,-0.011394470341154234,0.013293834575826668
3.3631245509996006,0.007096786143028876,-0.005588320743505716,1.4561600504491703,-0.045452364003620606,0.004505906577209558,0.2167042067207117,0.0015948670984193343,-0.0013357534112153663,0.00021522084898826247,0.0,0.0,1.5,0.04476086325029351,10599.068684032794,10581.766029985702,10606.283325593538,10617.44816874418,0.0,0.0,0.0,0.0,0.0,0.0,nan,0,0.008866502947057495,-0.003202964371307314,0.023780840947722037
3.373739955999554,0.001926303144673996,-0.0050499282045831945,1.4343094666006857,-0.02564464059205263,-0.026140772636713085,0.2282839409058539,0.0035054782048899776,0.0010123439326772718,-0.008871809877268488,0.0,0.0,1.5,0.06591250713607436,10589.833422056516,10581.86524062958,10609.413201001827,10610.002517691622,0.0,0.0,0.0,0.0,0.0,0.0,nan,0,0.0037172976911785346,-0.0027079205678284084,9.360003819414153e-05
3.3842268099997455,0.0011125192071093325,-0.0015879820308568361,1.451681074667604,0.013783703416243345,-0.004176101138212595,0.15954344955486613,0.000863931429175532,0.0003395477888579773,-0.00308014007463778,0.0,0.0,1.5,0.048357811480609435,10530.681097314537,10543.485693135775,10566.481836407955,10549.58338691445,0.0,0.0,0.0,0.0,0.0,0.0,nan,0,0.002924875371902829,0.0007123974226846516,0.015674120603904607
3.395064622999598,0.005703810088249383,0.01259497204632277,1.4526231835431789,0.007374851973750981,0.007503358951461757,0.17445976500194568,0.0026083650386758144,-0.002206633409964818,0.00548679105272722,0.0,0.0,1.5,0.04935311041822779,10501.917233587927,10515.165141493879,10553.296942474284,10527.032062831735,0.0,0.0,0.0,0.0,0.0,0.0,nan,0,0.007537622093702468,0.014855414100882224,0.01487708187690151
3.405241771999499,-0.004151916125533507,0.0016047337246714068,1.4196087801624764,0.024885860457326263,-0.014261558369838799,0.1915576781728273,0.003909284774423653,0.001717188998911619,-0.001795495254087667,0.0,0.0,1.5,0.08051435775565507,10527.887132317444,10528.936569048656,10560.860759500945,10545.1917174957,0.0,0.0,0.0,0.0,0.0,0.0,nan,0,-0.002296551258482799,0.0038268972230136897,-0.019824096813450653
3.4156026379996547,-0.01310980940317673,-0.00878024151735387,1.433500725583176,-0.021323174523617858,-0.016316438636438786,0.11845407684744376,0.0001272964034211542,0.000386740334843386,0.00493551081397678,0.0,0.0,1.5,0.0683455429538368,10527.887132317444,10528.936569048656,10560.860759500945,10545.1917174957,0.0,0.0,0.0,0.0,0.0,0.0,nan,0,-0.011254444536126023,-0.006558078019011586,-0.0059321513927510505
3.4260515859996303,0.009323737196593926,-0.004193436810934552,1.4486188769145099,-0.022920859092952113,-0.0031977155217365392,0.17354129385048056,-0.0014471467555689278,0.00045434524018586023,-0.005564852770411687,0.0,0.0,1.5,0.052388326916639916,10557.847131869785,10547.365500716884,10565.659027617163,10570.041104753858,0.0,0.0,0.0,0.0,0.0,0.0,nan,0,0.011222481423828454,-0.002043031011740725,0.005963497266398221
3.4365465199998653,-0.00526612591971904,-0.017298205874378348,1.4526528250178081,-0.014411309154193726,0.007394527513877148,0.12046126096282155,0.0009658360479541954,-0.004300843203190747,-0.0022280679031444787,0.0,0.0,1.5,0.05068249192244804,10601.157299694521,10607.750102721064,10625.220639933235,10618.092078153482,0.0,0.0,0.0,0.0,0.0,0.0,nan,0,-0.0033455665836170604,-0.015181380618078557,0.00845334943988263
3.446994340999481,0.0019825862319977107,-0.008679620668913444,1.437906076850341,0.03142091175271243,0.007843562365123456,0.08187428536105494,0.0025895079463250114,-0.0032485459255421506,0.003925295858899196,0.0,0.0,1.5,0.06272895467995047,10601.157299694521,10607.750102721064,10625.220639933235,10618.092078153482,0.0,0.0,0.0,0.0,0.0,0.0,nan,0,0.00390314556809969,-0.006562795412613653,-0.006293398727584387
3.4576652710002236,-0.0008116315584336244,0.005875012792713953,1.4407693424764574,0.004973998181554794,0.0009792601226972402,0.13796787946528932,-0.0036515990542959373,0.00341967753774231,-8.621716540272828e-05,0.0,0.0,1.5,0.059526845303378824,10607.588196922417,10623.74625183589,10635.599908620066,10612.66582286726,0.0,0.0,0.0,0.0,0.0,0.0,nan,0,0.0011527769256383135,0.007928954265253366,-0.006400455551638151
3.4680905570003233,-0.010725720223285263,-0.007950749678262214,1.4642735946875194,-0.021522892060812867,0.012927640938016205,0.0851465848436671,-0.0020146893301473375,0.004952895684803939,-0.0014439185950136941,0.0,0.0,1.5,0.03813963202898293,10674.089460042173,10676.439446346289,10681.670021756014,10677.593243950316,0.0,0.0,0.0,0.0,0.0,0.0,nan,0,-0.008739304888973383,-0.005926257448164097,0.015669495782934417
3.47881931899974,-0.004776364295603727,-0.005508885877253713,1.4420087266719757,-0.0045645408125344405,0.0029051917755613366,0.15424178749541925,-0.0018050688116556005,5.168517118442071e-05,-0.0024968874272595703,0.0,0.0,1.5,0.05844783367840549,10674.089460042173,10676.439446346289,10681.670021756014,10677.593243950316,0.0,0.0,0.0,0.0,0.0,0.0,nan,0,-0.0027899489612918473,-0.003484393647155596,-0.006595372232609309
3.489061899000262,-0.007776646861432665,0.0015848723853374618,1.4700652119628683,-0.00522895265341872,-0.046733864739023155,0.21468158175546354,0.001418847413386818,0.0028850164389702085,-0.00012662885765155646,0.0,0.0,1.5,0.030969010182975456,10681.751639330107,10678.30468441291,10670.8943786516,10674.103004243543,0.0,0.0,0.0,0.0,0.0,0.0,nan,0,-0.005768198287755346,0.0035811421088269868,0.020053456419297566
3.499748207999801,0.0014205101592691715,-0.01819301043356291,1.4513903720235661,-0.014722095233738073,0.021932521556192856,0.12467999383493578,0.003563981364661156,-0.0001799804607640665,0.002583078473769379,0.0,0.0,1.5,0.05192205128609248,10677.665013169864,10681.846257997535,10670.714636475404,10661.753786394609,0.0,0.0,0.0,0.0,0.0,0.0,nan,0,0.003473010588687575,-0.016249830610202895,-0.0013601440936730214
3.5100510929996744,-0.005203216975027196,0.0031074543115206933,1.4467581365239603,-0.005781637017124204,0.013673912248317438,0.10263954399995277,0.003756956948044838,0.0025879664391391774,5.33645388526412e-06,0.0,0.0,1.5,0.05358568620059507,10677.665013169864,10681.846257997535,10670.714636475404,10661.753786394609,0.0,0.0,0.0,0.0,0.0,0.0,nan,0,-0.003128747552924614,0.005025607387956381,-0.007313812297075506
3.5205252919995473,-0.004560708776672239,-0.002247212396909472,1.4499717936244116,0.027629364349049362,0.01540239975171856,0.09780706370367953,0.0005485435389566447,-0.0011581531109827266,0.00122180018987552,0.0,0.0,1.5,0.05028589724028894,10585.487784312038,10587.606858175826,10596.094794825822,10588.299993067545,0.0,0.0,0.0,0.0,0.0,0.0,nan,0,-0.0024862393545696565,-0.00032905932047378426,-0.004100155196624211
3.5309560590003457,0.012638008720721343,-0.012118836875911115,1.44763945458887,-0.013857564634158902,0.02180454252286564,0.11370955199837816,0.0010806084288971281,-0.00024053250343371286,-0.002223089064159428,0.0,0.0,1.5,0.05521061661855425,10607.175048450174,10615.339767680354,10617.691836203494,10609.828773963487,0.0,0.0,0.0,0.0,0.0,0.0,nan,0,0.014734371886542622,-0.010224798916272374,-0.007713898391348728
3.5415544249999584,-0.01980759317223882,-0.004036783051856412,1.479786146008519,0.019387735119851146,-0.019933368628456682,0.11226419536283203,-0.00032094461596061843,0.0008156754561715582,0.005656221934572855,0.0,0.0,1.5,0.028587344365533247,10684.716517453524,10677.869731545996,10666.753796889698,10674.07838182913,0.0,0.0,0.0,0.0,0.0,0.0,nan,0,-0.017667801818945523,-0.002188501074250242,0.021968268353333542
3.5519008239998584,0.005261012022354384,-0.002016152250137923,1.4789677473767555,-0.005359322573849443,0.01898772942330263,0.09985704983631039,0.0023989720281153586,-0.0020081889855268695,-0.002886840881898516,0.0,0.0,1.5,0.021773809216649898,10696.543372279302,10689.788195416639,10676.318291445928,10680.916470750877,0.0,0.0,0.0,0.0,0.0,0.0,nan,0,0.007422266650474212,-0.00018964055168256316,0.01995788586287195
3.5625818429998617,-0.00950030285083817,0.014150614646019239,1.4592154048996844,0.04046043199206231,-0.014476269018507897,0.0827606436166029,-0.0015844051358462564,0.0016579185390119889,-0.001741117830874168,0.0,0.0,1.5,0.04420270180220286,10668.241748880379,10663.787650746137,10655.85120625051,10666.205714409365,0.0,0.0,0.0,0.0,0.0,0.0,nan,0,-0.007317795289721533,0.01595601200496881,-0.000959455413000132
3.573073779999504,9.977231547111899e-05,-0.00945936418087179,1.4651980195729384,-0.008974139914521211,0.036443792351419674,0.09677937727645622,0.0018885629029952913,0.004335302372176476,0.0026352360307652324,0.0,0.0,1.5,0.03606476628049702,10668.241748880379,10663.787650746137,10655.85120625051,10666.205714409365,0.0,0.0,0.0,0.0,0.0,0.0,nan,0,0.0022822798765877554,-0.007653966821922219,0.005023159260253873
3.583452109999598,-0.020059440382655454,-0.007683691305877515,1.4667562230839672,-0.0053707706102143786,-0.003718308030034927,0.07746375686848185,0.0007355087570073442,0.004983640476758897,0.005276889070095016,0.0,0.0,1.5,0.039579906065986034,10697.612729954406,10679.02456047968,10670.659350579868,10686.681647388401,0.0,0.0,0.0,0.0,0.0,0.0,nan,0,-0.017835166255945455,-0.00591877502344319,0.004337887304264987
3.5941862709996713,0.002435436267324757,0.006195162179718148,1.4633191334820004,-0.011694301469618452,0.021207775436427427,0.16084057205120955,-0.0026469037843433883,0.0024886607180320272,0.0005305688676284071,0.0,0.0,1.5,0.037279985954349774,10702.540228383265,10688.282568354958,10670.334507303322,10685.718702283577,0.0,0.0,0.0,0.0,0.0,0.0,nan,0,0.004680178829757597,0.007940617650830284,-0.00018217373241924406
3.604928362999999,-0.008444056558739435,-0.002268745203869272,1.464926411389088,-0.016753937995123362,-0.021949754421440117,0.07163356796100465,-0.0009656367405122192,0.0025455333669746048,0.0003565894582356896,0.0,0.0,1.5,0.03614700421908793,10708.301967658954,10703.317521156527,10691.104057912751,10702.647055218804,0.0,0.0,0.0,0.0,0.0,0.0,nan,0,-0.006179140416457164,-0.0005422835033661766,0.00036546612183308014
3.615258877999622,-0.0032435683330393006,-0.017595315287992463,1.4890609499123528,0.004807465243722374,0.006613446426119392,0.15225473690990274,-0.0029966317326197913,0.0007981105634914718,0.0007548476751797225,0.0,0.0,1.5,0.02097090061096591,10669.016593974828,10664.93745296483,10640.110029902811,10647.498103582195,0.0,0.0,0.0,0.0,0.0,0.0,nan,0,-0.0009587778457844525,-0.015887413571373424,0.023466716430434076
3.625368563999473,0.01918992110793163,0.00298333401463567,1.4669862071355713,0.008597868966182112,0.0223841347028015,0.0645955120516056,0.0012150204300469076,0.0006260053097045002,0.004265785713089761,0.0,0.0,1.5,0.038302269818731735,10669.016593974828,10664.93745296483,10640.110029902811,10647.498103582195,0.0,0.0,0.0,0.0,0.0,0.0,nan,0,0.02147471159518648,0.00469123573125471,0.0013919736536525118
3.6359424590000344,-0.005524262643648157,0.019923932419093307,1.4774314200035368,0.032832114272712334,0.008219542715207934,0.06060999372104406,0.0025257720834980534,0.001339301725180055,0.005177103048693302,0.0,0.0,1.5,0.030607537696674715,10628.286741711094,10629.320266239269,10620.303181726913,10621.633612835043,0.0,0.0,0.0,0.0,0.0,0.0,nan,0,-0.0032006250242516405,0.021595926311970697,0.009856281774770936
3.6465437079996263,0.0027091424316184032,0.00861961101256976,1.4665575929811903,-0.025814185162152115,0.015657346867109474,0.09943238628403137,0.00598642462250321,-0.0013540474454264509,-0.00022295600448776965,0.0,0.0,1.5,0.034641474188240665,10677.52795307388,10667.948704580278,10652.417068236811,10665.676979522284,0.0,0.0,0.0,0.0,0.0,0.0,nan,0,0.005051752764893701,0.0102742286862054,-0.0019608298507574062
3.6570913309997195,-0.009024770315109194,0.004244805745012719,1.4957675312452954,-0.012164785407074994,0.02806857910157267,0.11499658064904528,0.003581812196052978,-0.0008827948873148281,-0.006590455603196311,0.0,0.0,1.5,0.010834142643186861,10704.852327315033,10688.344531227462,10666.820564575322,10693.0694660694,0.0,0.0,0.0,0.0,0.0,0.0,nan,0,-0.006663487193706218,0.005882425277057398,0.02633209206873688
3.667710394000096,-0.01813445512016781,-0.023203651556651887,1.4836071599545069,0.01662153841364827,-0.011986786250674645,0.08782222162240749,-0.001515013429458498,6.957169432692335e-05,-0.0016943245030173024,0.0,0.0,1.5,0.03370449692288875,10695.42465430305,10693.097802395727,10676.514095930985,10682.930936742838,0.0,0.0,0.0,0.0,0.0,0.0,nan,0,-0.01575478916693366,-0.021582649097226306,0.013279160251366218
3.678068238999913,0.0016047963364605208,0.00840980925017115,1.4699632999778094,0.009460511053586529,-0.009101757749328898,0.08272171872447122,-0.0035961463059370046,0.002398379623382988,0.0023956191605777094,0.0,0.0,1.5,0.031233053182947817,10654.318361384707,10658.398743600412,10642.629205176969,10632.530716855665,0.0,0.0,0.0,0.0,0.0,0.0,nan,0,0.004002572857377037,0.010014584486948912,-0.0012289796093714056
3.688612400999773,-0.01406407520168677,0.00019252052398262753,1.4461453360573593,0.017591018086694846,0.012343246379206316,0.028068592986600062,-0.0006930755942627586,0.0013232486522228445,-0.00011331722654053675,0.0,0.0,1.5,0.055661118420362525,10648.211196782317,10651.349662868684,10653.988438697794,10644.391507748995,0.0,0.0,0.0,0.0,0.0,0.0,nan,0,-0.011648443495757544,0.0017814756096957236,-0.025879764598608634
3.6991146649997972,-0.010798465834304752,0.00036350478487980195,1.4626702671513991,-0.020421891964071733,0.05396957870081116,0.06814251263881257,0.0008394860082665903,-0.00017027870232972435,-0.00962705741159347,0.0,0.0,1.5,0.038861908788056045,10669.217702809909,10667.420718907733,10667.508933885309,10667.225923268645,0.0,0.0,0.0,0.0,0.0,0.0,nan,0,-0.008365221965052058,0.0019370708431329842,-0.010158133300657068
3.709572599999774,0.006536459017902225,-0.0012431165625911608,1.485816878720712,-0.02306199301753791,0.010226951691444424,0.12473365665370519,-0.0004392778362769129,-3.5893606275882474e-05,-0.00466560697177532,0.0,0.0,1.5,0.015666255599341407,10745.312865516658,10743.646263038905,10738.154770630917,10740.202012945178,0.0,0.0,0.0,0.0,0.0,0.0,nan,0,0.008987081530469043,0.000315519547095307,0.012206208444568212
3.7200370139998995,0.01792524980887661,-0.01795170548393814,1.4716313112698574,-0.007032472522912138,0.015205692329623923,0.06619929743259569,-0.0004344830616626546,0.0015950335984205046,-0.003770242217102852,0.0,0.0,1.5,0.038057335833718155,10759.517496058152,10764.419630407585,10748.555194622742,10732.44832621253,0.0,0.0,0.0,0.0,0.0,0.0,nan,0,0.02039302773932212,-0.01640751062593424,-0.002747856067021104
3.7305195560002176,-0.007557834652264615,-0.003946764645137445,1.4575784222796142,0.04484309154441211,0.02350910408246316,0.0677484480002921,0.0012792868426032777,-0.0028372580181773356,-0.005148947695049167,0.0,0.0,1.5,0.04326994421167898,10700.670371842496,10707.495047575852,10698.486899372218,10675.65454891854,0.0,0.0,0.0,0.0,0.0,0.0,nan,0,-0.005073114072683502,-0.0024164915381089825,-0.017551077235888224
3.740867006999906,-0.0012438808339998607,-0.01402375190574972,1.5004954485749487,-0.012042062516079064,-0.042179027221262426,0.08287794805083526,0.0017178803869234017,0.003032996737202327,0.002550302111260305,0.0,0.0,1.5,0.01408752378289491,10700.670371842496,10707.495047575852,10698.486899372218,10675.65454891854,0.0,0.0,0.0,0.0,0.0,0.0,nan,0,0.0012575735389441282,-0.012506840302233008,0.024637118535147717
3.7516607170000498,0.008162961579156521,0.004698352019664259,1.476510928368323,-0.01454507140600416,-0.01010768941544552,0.03682207403630709,0.00042968845210601973,0.0029707895929905748,-0.003945933871081041,0.0,0.0,1.5,0.02530701364368221,10716.967905567528,10715.53369708666,10712.329583574605,10699.293443638588,0.0,0.0,0.0,0.0,0.0,0.0,nan,0,0.01066441595210051,0.006215263623180971,0.0006525983285221582
3.761873982999532,-0.026737812001268665,0.012188591181582525,1.4566618544205365,0.0037798887534492382,0.02404249401726141,0.057085425845567805,0.002587242377908159,-0.0011628348816465186,0.004993942364251927,0.0,0.0,1.5,0.05236093207605941,10747.421160879334,10732.362982749844,10728.753221875902,10728.32328980077,0.0,0.0,0.0,0.0,0.0,0.0,nan,0,-0.024219835203705235,0.013692753261698607,-0.019907311765068547
3.772409475999666,-0.0018989633399040542,0.009392189856126014,1.4601289926887209,0.016124537140945056,-0.038208487049877074,0.10224252797865892,0.00014607916810533133,-0.0009866329457697122,-0.0040535993204491114,0.0,0.0,1.5,0.04100629849274243,10693.70064922411,10686.153511236536,10708.818583004979,10708.803087301052,0.0,0.0,0.0,0.0,0.0,0.0,nan,0,0.0006353233124746943,0.010884268320377637,-0.01713176072438194
3.7831934229998296,-0.004114219903997626,0.01331264232009669,1.4272916985860715,0.006517123725446519,0.016997388845749476,0.019251815134836252,0.001934471490413936,-0.0012872097351652849,0.0033530148710591745,0.0,0.0,1.5,0.07403141458502568,10748.957361983197,10757.114421026148,10763.636533278932,10754.801171109733,0.0,0.0,0.0,0.0,0.0,0.0,nan,0,-0.0015479462904272197,0.014782755614726731,-0.05129917439774023
3.7937111450000884,-0.00019961599514175393,-0.0073538697145154935,1.4889440427641174,0.02201434088342537,0.01125424737919489,0.04760361232066006,0.00241415069437645,0.0014155919461930906,0.0006486745017381963,0.0,0.0,1.5,0.013279813128400918,10730.198193161526,10730.805259076498,10751.135926962445,10746.745459694039,0.0,0.0,0.0,0.0,0.0,0.0,nan,0,0.0023823367876387486,-0.005893554268781635,0.009708811101173387
3.8040495479999663,-0.001760599396068864,0.00012025607729211608,1.4693611821691543,0.03052002265328542,0.011204037494859697,0.04254389599513958,-0.0024779396940730848,-0.00022586803195195142,0.004596370322944567,0.0,0.0,1.5,0.03068959644292035,10810.69962441491,10814.947763894399,10821.840123413545,10820.0358367239,0.0,0.0,0.0,0.0,0.0,0.0,nan,0,0.0008368201193663931,0.00157161038037511,-0.01051069341004629
3.8143479729997125,0.001337126418144301,-0.008073820840695002,1.4757460971352345,0.005659910596101408,-0.03532123100986632,0.050288076809606126,-2.1107985234510566e-05,0.0024451551484781712,-0.0030987616522688234,0.0,0.0,1.5,0.025597388425369086,10810.69962441491,10814.947763894399,10821.840123413545,10820.0358367239,0.0,0.0,0.0,0.0,0.0,0.0,nan,0,0.0039345459335795585,-0.006622466537612008,-0.0041257784439661105
3.8253475669998807,0.009287339229775154,-0.009648855244378834,1.479422129415956,-0.003135524851848617,0.0026340612065127895,0.027072590833445608,-0.0011225978126174765,0.0025130752474146444,0.0017428563943905494,0.0,0.0,1.5,0.02455206376803307,10806.201296925767,10794.1882237235,10792.505180955473,10810.892443762117,0.0,0.0,0.0,0.0,0.0,0.0,nan,0,0.011915040631014713,-0.008212814919445557,-0.0017123582769027479
3.8363116419996004,0.0016900543256125763,-0.0061352214981684125,1.4918407286319366,0.029543479786125825,0.006594745251055504,0.035737402505041885,-0.0016237537665175505,-0.0005861422751325092,-0.0027334818437917707,0.0,0.0,1.5,0.010347508671791898,10792.674117409519,10777.715591439808,10794.497845293185,10810.726026196751,0.0,0.0,0.0,0.0,0.0,0.0,nan,0,0.004332573405639066,-0.004705501282077697,0.010081731897029433
3.8460316649998276,0.008266964785399039,0.010177353708453178,1.4914804283711374,0.012670528058170132,-0.012560178148841456,0.024921036769943308,0.000620295233819572,0.0010848255778258633,0.0011678932953558961,0.0,0.0,1.5,0.01563663442078616,10801.383157561346,10787.748395232826,10799.891611403862,10818.054455968719,0.0,0.0,0.0,0.0,0.0,0.0,nan,0,0.01092409950916223,0.011601660604538837,0.009101362533225021
3.856538498000191,-0.007359656854426502,-0.004628510119061393,1.5102994227556505,-0.0005811143882003032,-0.027959923549602177,0.07253565285565056,-0.0004283608044848662,-0.002281190610189511,-4.8598965527084335e-05,0.0,0.0,1.5,0.013478344261695238,10795.526217121169,10774.22070770755,10783.486247001229,10805.253939007218,0.0,0.0,0.0,0.0,0.0,0.0,nan,0,-0.004688087876634532,-0.003208708013145486,0.027305188056086394
3.867091055999481,-0.006987977944986764,-0.017855255979701314,1.4707597267404429,-0.006146634803725907,0.006313598625834279,0.012005534010134036,0.0028497360288249267,0.00035748113766243515,0.0023892096670535576,0.0,0.0,1.5,0.034966206287698025,10795.732797587785,10772.630809086486,10781.985778931306,10805.25489817394,0.0,0.0,0.0,0.0,0.0,0.0,nan,0,-0.004302125396153012,-0.016439055348971818,-0.01284365866310555
3.8776561770000626,-0.011550580474029643,-0.0005056356756045964,1.50779116640237,-0.03826925914282047,-0.00992564703359771,0.04001509856316173,0.002550534347322305,0.0009302397090927036,0.001585884710444876,0.0,0.0,1.5,0.013941802273483076,10732.050531038414,10723.420519716601,10740.414404090536,10750.586202891587,0.0,0.0,0.0,0.0,0.0,0.0,nan,0,-0.008850552596084369,0.0009078528519261589,0.02358962110374252
3.8881547410001076,-0.0019549363236850918,0.015039056392827327,1.480335927847824,-0.0043486917474105345,-0.022657635980105412,0.07590553844268817,0.0006228063601214464,-0.0023276726024373745,0.0017386295736742815,0.0,0.0,1.5,0.02483285579272517,10768.173619059087,10770.922911123684,10788.367723002953,10790.00459081433,0.0,0.0,0.0,0.0,0.0,0.0,nan,0,0.0007592087349423604,0.016450705108492912,-0.004452288153734996
3.898608716999661,-0.02587270399641792,-0.007010243205725371,1.4852016037803708,0.02709629142867333,0.036710390032927295,0.06636139253692547,-0.00016557812989352627,-0.0012111497381879389,-0.010988124489983441,0.0,0.0,1.5,0.030619158260194127,10732.223387370448,10757.103802008958,10775.458042898596,10756.894096329577,0.0,0.0,0.0,0.0,0.0,0.0,nan,0,-0.023144448056452854,-0.005599587020574943,-0.0001632435453207126
3.9089243649996206,-0.006481795524083603,0.004868085259597701,1.4662735084990368,0.020462644680614858,-0.005909125877657807,0.05270048305585791,-0.000619509550745646,0.001907209556077154,-0.001962841693744841,0.0,0.0,1.5,0.03468700269950237,10732.223387370448,10757.103802008958,10775.458042898596,10756.894096329577,0.0,0.0,0.0,0.0,0.0,0.0,nan,0,-0.003753539584118538,0.006278741444748129,-0.019091338826654702
3.9195184170002904,-0.0027413820960959317,-0.0025143157937872083,1.5075739579042455,-0.004620741312619718,0.0005222089500545372,-0.012673077723342342,-0.0034393520014645374,0.0014263942321048888,0.006260950678076301,0.0,0.0,1.5,0.0084381157874828,10721.290350015375,10734.826218876373,10742.0235742631,10717.968424809824,0.0,0.0,0.0,0.0,0.0,0.0,nan,0,1.5248281668615339e-05,-0.0011032723902931689,0.021099179023961856
3.9299918360002266,0.005551910012572299,0.0031061364788367756,1.490454902888158,0.009842609082940452,-0.033642082402887616,0.06895567996386082,0.0003120150818740209,-0.002702532882909888,-0.0017908649013789794,0.0,0.0,1.5,0.01147086167152914,10721.290350015375,10734.826218876373,10742.0235742631,10717.968424809824,0.0,0.0,0.0,0.0,0.0,0.0,nan,0,0.008308540390336846,0.004517179882330815,0.003980124007874286
3.9404738610001004,-0.0017248104119065412,-0.020188303279382758,1.4703774853727705,0.003326285793692224,0.006085385551914726,0.07721150440256189,0.0004583150496126085,-0.0010810039358709576,0.0016475147394239718,0.0,0.0,1.5,0.03588921750467382,10769.410616048166,10778.178717651652,10772.251276606128,10766.501838327295,0.0,0.0,0.0,0.0,0.0,0.0,nan,0,0.001060576048184196,-0.018774047371871744,-0.017150327429695134
3.9510706279997976,0.0006915310295144807,-0.01904588519196442,1.5103839241891985,0.010522030522642053,0.004411794148696855,0.005667736251198194,-0.0039289771636353815,-5.024233525475186e-05,0.0020979620220684097,0.0,0.0,1.5,0.021703682624782672,10769.410616048166,10778.178717651652,10772.251276606128,10766.501838327295,0.0,0.0,0.0,0.0,0.0,0.0,nan,0,0.0034914796276353495,-0.01762909271031802,0.02234671936093191
3.961781432999487,-0.009933675417956487,-0.004281211061710846,1.4870023033023134,0.02275929962725225,-0.010232949157183877,0.03974880315740961,0.003911793314304705,-0.0010729845545159565,-0.0032016103635251415,0.0,0.0,1.5,0.01690996141063843,10734.669591771597,10738.814358089632,10745.458356746578,10742.419870393489,0.0,0.0,0.0,0.0,0.0,0.0,nan,0,-0.007119027803580801,-0.0028613338684958726,-0.0015299703326077108
3.972156722999898,0.0021278095802721923,0.003261662158852801,1.4936724288145014,0.0004530561960843613,-0.012528538682624631,0.13442950126074377,0.0027539696509426854,-0.0005197253632921112,-0.0018594148420486149,0.0,0.0,1.5,0.007429950925540707,10746.452907555607,10748.349309595964,10749.162523479197,10753.68955169739,0.0,0.0,0.0,0.0,0.0,0.0,nan,0,0.004957301579216452,0.004685116323257633,0.004659015259000698
3.982867327999884,-0.005466244774471303,0.01940873462179178,1.4528601570443387,0.005229761948070224,-0.01708000026359842,0.0959974241321353,-2.040650039362738e-05,0.0011377403068154287,0.00201054161526253,0.0,0.0,1.5,0.05127127466172443,10750.124048711725,10747.429213504434,10756.91312412497,10760.77312125878,0.0,0.0,0.0,0.0,0.0,0.0,nan,0,-0.0026217549224434016,0.020836199561141147,-0.03662166978158199
3.993293536999772,-0.0030479645631079607,0.0030422215335531746,1.4691444045079751,-0.0005347531653871957,-0.015897242525375162,0.03845422131017736,0.0004157427290528665,1.9075687261106865e-06,-6.0290825140859076e-05,0.0,0.0,1.5,0.031154662139150902,10678.34894088782,10675.093091825984,10688.63763090649,10689.294978075894,0.0,0.0,0.0,0.0,0.0,0.0,nan,0,-0.00018831548173195694,0.004474065940872687,-0.020786852457369775
4.003865169000164,0.0026639119217988266,-0.01495642564941571,1.4871426771165757,-0.04686874382020603,-0.015656359068707958,0.07378180502639899,0.0008921608123892531,-0.0009673376139393011,0.0025544814808671984,0.0,0.0,1.5,0.019902307571290048,10695.618448100447,10694.186488108742,10701.036531884525,10703.335224917195,0.0,0.0,0.0,0.0,0.0,0.0,nan,0,0.00553889103637828,-0.013519902616380338,-0.0032143992179665126
4.014229282999622,-0.00549890382086562,0.018328128915263687,1.4785860995176174,0.011924203555343398,-0.01938910737540341,0.05470500195738193,-0.0036567340492253734,0.0012577398443684984,0.0014996851316518016,0.0,0.0,1.5,0.028717823501007864,10695.618448100447,10694.186488108742,10701.036531884525,10703.335224917195,0.0,0.0,0.0,0.0,0.0,0.0,nan,0,-0.002623924706286166,0.01976465194829906,-0.011770976816924739
4.024658139999701,-0.006869073099756841,0.0034372065825963743,1.4877195312526885,0.017143662901224314,0.002638281546163057,-0.03234123512806334,-0.00433276694410708,0.0003731369950474875,0.0017155495595738378,0.0,0.0,1.5,0.014484766722144366,10732.028980280318,10731.196292594492,10738.246687732204,10738.886231410166,0.0,0.0,0.0,0.0,0.0,0.0,nan,0,-0.003978581006540333,0.0048786360322064185,-0.0030445293340690682
4.035543465999581,0.004467294412483073,-0.024896876415521692,1.4839546485483877,0.019281148460367537,0.01265369437029093,0.05656052273447519,0.0026684113393179824,0.0001689387695667645,0.0015485573393811422,0.0,0.0,1.5,0.029954373267076062,10722.198591976068,10732.717807081115,10735.4323875252,10727.807801027353,0.0,0.0,0.0,0.0,0.0,0.0,nan,0,0.007389404241204659,-0.02344526122443337,-0.007571503978224037
4.047310969999671,-0.000539468276360222,-0.006397415771140686,1.4771353456012986,-0.0032145748749228533,0.004566732828995283,0.027915108404806474,-0.0027446959598657686,-0.0015079115338742556,-0.0044379164963680865,0.0,0.0,1.5,0.023748902613428182,10791.353909416932,10795.052550946093,10784.630913127276,10786.830755660967,0.0,0.0,0.0,0.0,0.0,0.0,nan,0,0.0023987557934296096,-0.004940688820139672,-0.01475203799952407
4.057006094999451,-0.016670748685886447,0.012801750065281082,1.4848646265097258,0.053971515769887665,-0.012700026413808125,-0.011723035633718988,0.0030478854274831667,0.000415196976073338,-1.9188527272657427e-05,1.0,0.0,1.5,1.0168639906934185,10791.353909416932,10795.052550946093,10784.630913127276,10786.830755660967,0.0,0.0,0.0,0.0,0.0,0.0,nan,0,-0.013732524616096616,0.014258477016282096,-0.007022757091096787
4.066985911999836,-0.0005823979730363799,7.93475789669523e-05,1.4763125722999615,-0.036989940481022915,-0.024316025637240335,0.027939182925013115,-0.000995519560362924,-0.0020485980982011755,0.000710056842193362,1.0,0.0,1.5,1.000862745665236,10777.600577350688,10771.687827887203,10765.911682682523,10778.640329009468,0.0,0.0,0.0,0.0,0.0,0.0,nan,0,0.0023721439069440387,0.0015410847491226917,-0.015928684185962938
4.077546392999466,0.00300483553189872,-0.00337151403463666,1.4781613329393186,0.0180759413875736,-0.018334761356180142,0.07416816435750255,0.0003964743763696143,0.0021347108427426783,0.0006741129593607444,1.0,0.0,1.5,0.9972400174775626,10638.318399115038,10937.735831542535,10929.804696859765,10630.846347890076,0.0,0.0,0.0,0.0,0.0,0.0,nan,0,0.005975893841427762,-0.0019049512117851662,-0.014426137353503732
4.088004825000098,-0.01737688880268991,-0.004823403543953687,1.4881431196543733,-0.0044571089854656765,-0.023157681591009307,0.052392668147460617,0.0016760870829465493,-0.001810726088169123,0.0055818798807649676,1.0,0.0,1.5,1.0174574117392428,10566.597336459685,11066.065205748604,11061.439130744335,10561.254411527168,0.0,0.0,0.0,0.0,0.0,0.0,nan,0,-0.014389202841685326,-0.0033522809036997453,-0.004786909786204552
4.098866598000313,0.012623332737526886,0.004526850722272291,1.502541106339356,-0.009526859752226476,0.024646328973773036,0.016002952250171697,-0.0035768993183592735,0.002933384052203734,0.005667273765849295,1.0,0.0,1.5,0.987390314239125,10483.23826739074,11142.97347166348,11143.361830542337,10485.521379619295,0.0,0.0,0.0,0.0,0.0,0.0,nan,0,0.015627456953980354,0.0060021891298671064,0.00926923856057793
4.1093579779999345,-0.008713956845873826,-0.0011452359735754406,1.4831820053801783,-6.695681947069936e-05,-0.003644206182844175,0.0703537235095672,-4.487393952886803e-05,0.0028123562763959892,-0.0010504041072547478,1.0,0.0,1.5,1.008854797899146,10339.291916994642,11173.914445625209,11179.68521729641,10357.62464469437,0.0,0.0,0.0,0.0,0.0,0.0,nan,0,-0.005680322096296006,0.00033719988738979234,-0.010758961425478608
4.119201337999584,-0.008666530461293821,-0.010745175679625378,1.5082568341677998,-0.0003196324639525431,0.02335723884988457,0.011188826027014619,0.0009036074772713272,0.004910528104472688,-0.0052133400485584675,1.0,0.0,1.5,1.008757554511333,10339.291916994642,11173.914445625209,11179.68521729641,10357.62464469437,0.0,0.0,0.0,0.0,0.0,0.0,nan,0,-0.005632895711716001,-0.009262739818660146,0.014315867362142853
4.129690050000136,0.00404909303496082,0.006154923694239537,1.497027221605832,-0.02787219174265885,0.04566487825169937,0.03883931993371146,-0.002605241505796748,0.007593069031585076,-0.0012835819297768068,1.0,0.0,1.5,0.9959743619097566,10339.362108790048,11198.9236446857,11183.003715588407,10334.688891167132,0.0,0.0,0.0,0.0,0.0,0.0,nan,0,0.007099139214546326,0.007642151254853518,0.002453727742116829
4.140566295999633,0.0036255470550160757,0.0019619554851008315,1.4430182075204538,0.02237699430814141,-0.007110430029488639,0.009010040503490113,-0.002186676484469203,0.0060219725494812595,-0.001257093233925112,1.0,0.0,1.5,0.9980044210447786,10341.75893292917,11175.235998507042,11162.141435341999,10325.404630437524,0.0,0.0,0.0,0.0,0.0,0.0,nan,0,0.00667403747040398,0.003450517313793814,-0.05185440455148793
4.150826555000094,-0.005583605797632696,0.007121681746803002,1.5114880589944881,-0.017559504040340828,0.01574940967248072,-0.03394434237038726,0.0011359012688380269,0.01198377528974602,-0.009445143092249784,1.0,0.0,1.5,1.005674441407025,10341.75893292917,11175.235998507042,11162.141435341999,10325.404630437524,0.0,0.0,0.0,0.0,0.0,0.0,nan,0,-0.0025351153822447915,0.008610243575495984,0.01661544692254635
4.161591568999938,-0.007135538094515587,0.003350527975295857,1.5196303825970714,0.04761444080020768,0.019298565479428532,0.07674425734812129,-0.0031709925468776726,0.017557894436375104,-0.003546557768717974,1.0,0.0,1.5,1.007332402959197,10368.553529186982,11161.643531329362,11131.997966371286,10329.77517907495,0.0,0.0,0.0,0.0,0.0,0.0,nan,0,-0.004098585376524733,0.004839621702479845,0.024470342492229014
4.171963586999482,-0.0003444616946898524,-0.016233994811749038,1.4922021313875073,-0.00135588981430976,-0.03333193203653518,0.034620962646671465,-0.0024082996045642516,0.02504808739184348,0.0002804588885936294,1.0,0.0,1.5,1.0005065673875833,10516.916080893392,11180.054117246093,11163.585613690188,10482.124315171348,0.0,0.0,0.0,0.0,0.0,0.0,nan,0,0.0026261050132182977,-0.01474647851995921,-0.003523255800117253
4.1821740799996405,0.010647815803754028,0.005680352376707016,1.5173233210323038,-0.051147492976164485,-0.009455499033984831,0.044813962562800985,0.0014271859806859776,0.020847443529834416,-0.0031041445255845295,1.0,0.0,1.5,0.9895201403855277,10516.916080893392,11180.054117246093,11163.585613690188,10482.124315171348,0.0,0.0,0.0,0.0,0.0,0.0,nan,0,0.013618382511662178,0.007167868668496845,0.02159793384467923
4.193250319999606,0.0023564880135511206,0.0005041089977315073,1.4805268782790733,-0.02396903792816903,-0.014856112854267346,0.019310137019241804,0.002314837561107427,0.03176753831253755,0.003167442282263615,1.0,0.0,1.5,0.9978336703098845,10478.799552934935,11083.014078788017,11063.009151664994,10438.454703195532,0.0,0.0,0.0,0.0,0.0,0.0,nan,0,0.005264686280047214,0.0019894454224315254,-0.015478709224331366
4.203511816000173,-0.008052370118263598,-0.00015676991315335996,1.488781349083771,-0.003029091013406503,0.004119084307272467,0.024030715826392667,0.0007623643700959949,0.03590122849600522,0.003470103252207456,1.0,0.0,1.5,1.0081148067587513,10500.000829859713,10998.03970948754,11001.787277741467,10493.126901262207,0.0,0.0,0.0,0.0,0.0,0.0,nan,0,-0.005347998879134666,0.0013213769507919443,-0.0077562018800401145
4.213691668999672,-0.0056069905409975255,0.004437853219148616,1.4922958860813584,0.02075655274894808,0.002483177370798398,0.05236683182236167,-0.0015903858913690733,0.03950048586173316,-0.0018114123996060924,1.0,0.0,1.5,1.0056462933543722,10500.000829859713,10998.03970948754,11001.787277741467,10493.126901262207,0.0,0.0,0.0,0.0,0.0,0.0,nan,0,-0.0029026193018685934,0.00591600008309392,-0.004241664882452589
4.224355958999695,-0.0018474519714780611,-0.009459938892541651,1.4909289877745753,0.07123923924721061,-0.01491724035023753,0.0024798307297496797,-0.0029399790695760777,0.0451406041218369,-0.003270019383977854,1.0,0.0,1.5,1.0019331767779662,10568.5860260625,11001.2970272824,11005.18310826351,10572.20345263042,0.0,0.0,0.0,0.0,0.0,0.0,nan,0,0.0005158680611178552,-0.00799277365101051,-0.006105236187399443
4.234675834999507,-0.001984321302382998,0.02620122835414735,1.502068130163049,0.004511189396064833,0.00834534350580952,0.06716435803120042,0.0003015389998669424,0.05371291809833253,0.002012073208454952,1.0,0.0,1.5,1.0023289687849166,10618.057663045136,10990.510219316986,10990.773222531732,10623.424416697211,0.0,0.0,0.0,0.0,0.0,0.0,nan,0,0.0003789987302129185,0.027668393595678492,0.005033906201074245
4.245030273000339,-0.018237779710225374,0.005573378756957725,1.4880269667279575,0.03892156488709923,0.00634311428243869,-0.026022684973487212,-0.00041671049416982955,0.05828848305562291,-0.0004750391589425253,1.0,0.0,1.5,1.0183234221531543,10643.159045235532,10953.088477211579,10951.92383139273,10643.0885285932,0.0,0.0,0.0,0.0,0.0,0.0,nan,0,-0.016109480306116454,0.007033618154381202,-0.009248718308473292
4.255667520000316,0.009588198581290626,0.013235677348578608,1.514164779521359,0.031794517190569145,0.021497698508544064,0.10567133624614843,0.00017592166391646236,0.060337071706510044,-0.0014789686643450262,1.0,0.0,1.5,0.9906015144967311,10712.92057630564,10899.569709703763,10889.612451173149,10705.689631475265,0.0,0.0,0.0,0.0,0.0,0.0,nan,0,0.011089822453814914,0.01467916459293576,0.016413280744883352
4.26639736099969,-0.009553505178767298,-0.008738637479100905,1.5083257463834,0.024202044463384826,-0.008459718572937413,-0.019601129501893275,-0.0013678924557203693,0.06926650450008055,0.006808202002887119,1.0,0.0,1.5,1.0096256542187145,10712.92057630564,10899.569709703763,10889.612451173149,10705.689631475265,0.0,0.0,0.0,0.0,0.0,0.0,nan,0,-0.00805188130624301,-0.007295150234743754,0.010574247606924159
4.2768900760002,0.006149231650567974,0.0033164736279730706,1.5223279334978985,0.03586660096838964,0.0014729978976377245,0.0312535180451043,-0.004720402763747097,0.07426718291482577,0.0019330133942050756,1.0,0.0,1.5,0.9941070794237248,10803.48768335089,10929.482555221088,10918.751670384338,10795.787145430886,0.0,0.0,0.0,0.0,0.0,0.0,nan,0,0.007247701365771211,0.0047501207545789775,0.02433957020358979
4.287130464999791,-0.0008658408508785914,0.01753909424412689,1.4984806318762065,0.03315049481199185,-0.03947699609769041,0.011458217606479039,-0.00190108844329529,0.08131107412679335,0.004378177136582657,1.0,0.0,1.5,1.0010206589718995,10752.99097376737,10841.736632422373,10822.486275685302,10733.024999864721,0.0,0.0,0.0,0.0,0.0,0.0,nan,0,-0.00023801406203068326,0.018961924189433363,0.0002574016130256762
4.29776070600019,0.008995370792007722,0.0037954080932870054,1.501352980294673,0.06438275646044396,0.008774126241689125,0.020953515638549768,0.0012774104017864612,0.08788905869446001,0.0006376887185052473,1.0,0.0,1.5,0.9910128206990778,10812.171745322723,10863.364774273095,10847.072683874994,10805.806348658605,0.0,0.0,0.0,0.0,0.0,0.0,nan,0,0.0090793972247513,0.005206453432590012,0.0028995642244620257
4.308223756000189,0.008991955499842214,-0.0037026963403047454,1.4880236616654539,0.06775463634658219,0.008434220145593854,0.07192919824320206,-9.195152349972914e-05,0.09385479638661137,-0.002599220159058428,1.0,0.0,1.5,0.9910873255693056,10818.71270216252,10829.859809375124,10810.05140161672,10808.343545445061,0.0,0.0,0.0,0.0,0.0,0.0,nan,0,0.008453004180599622,-0.002304390022732124,-0.010657203610107135
4.318650913999591,0.029535969800065946,-0.010085505415110559,1.4842063350841246,0.07057890767043147,-0.01687214124221667,0.03540156447915287,0.0014510009930210246,0.09614056868653328,0.0007337708073382373,1.0,0.0,1.5,0.9706449356911372,10859.458525914053,10833.53642020358,10822.372610337103,10862.745064718412,0.0,0.0,0.0,0.0,0.0,0.0,nan,0,0.028288895908809748,-0.008700871351159472,-0.014700032028001297
4.329166722000082,0.012006011082639084,-0.013421546407447154,1.4935578923297008,0.07086113876267022,0.00030217883055106575,0.10819437691916824,-0.0017494641024735245,0.10173684621354714,-0.0015601644175728456,1.0,0.0,1.5,0.9881061485468255,10904.837254335524,10787.660266294672,10784.192399721209,10904.659489886819,0.0,0.0,0.0,0.0,0.0,0.0,nan,0,0.00906292424136947,-0.01206695511207728,-0.005802349494629544
4.339811296999869,0.013444225996218325,-0.01023061828091855,1.5066518016152037,0.07835381073726123,0.0001840891038857748,0.047856643389316555,-0.004248230157060068,0.11208496161149639,-0.0035333026739260342,1.0,0.0,1.5,0.9866312417693546,10938.094265434192,10782.397588650938,10790.072942826795,10951.77640333618,0.0,0.0,0.0,0.0,0.0,0.0,nan,0,0.009501589496407968,-0.008892337708850935,0.007063469762359942
4.349956936000126,0.000518794384088154,-0.005800057621260119,1.5107677956590504,0.08987284937504794,-0.009861892594232329,-0.02710481366642992,-0.0007839868931956336,0.117442745125439,0.005130299990707031,1.0,0.0,1.5,0.9995560346829995,10904.728629371455,10729.171158289544,10739.11702464424,10918.601617383787,0.0,0.0,0.0,0.0,0.0,0.0,nan,0,-0.004531780267314933,-0.004478906971519378,0.010953370991042544
4.360620321999704,0.024374233523466973,0.008282177867394882,1.5022768254988637,0.1446097874226319,-0.00584594407703164,0.0629618121218902,0.0019601372047627994,0.11959106888307776,-0.0025671899525484595,1.0,0.0,1.5,0.9756635765557213,10921.891738853044,10718.60756366551,10729.59517610623,10933.090071646511,0.0,0.0,0.0,0.0,0.0,0.0,nan,0,0.018102170867910158,0.009585404733319312,0.002242345432172721
4.371383707999485,0.010859387989732731,-0.0007209981432912114,1.519563325518677,0.1481304352599322,-0.02390473789259732,-0.03678965170990755,-0.002934667068986469,0.12768154183313413,-0.002814247243300044,1.0,0.0,1.5,0.9893343185555217,10984.238714845082,10759.120269727913,10769.659825665627,11001.36529864254,0.0,0.0,0.0,0.0,0.0,0.0,nan,0,0.003246218739827415,0.0005635231489083856,0.01931025098596484
4.3816893069997604,0.00012167468248884712,-0.008920073074373603,1.495155792434934,0.12851004956434128,0.019731967255137355,0.09143655243123977,-0.0004005502456047737,0.13491719828589951,0.003338390423714357,1.0,0.0,1.5,0.9999298472844664,10987.287790503358,10720.773071535436,10735.927066094902,11003.297086682107,0.0,0.0,0.0,0.0,0.0,0.0,nan,0,-0.008957919980602478,-0.007655031962730029,-0.005316760540956533
4.392305170000327,-0.0007234156768923024,0.007911519345329226,1.5173894088676076,0.1278782596531487,0.016515775966990543,0.012712151192779093,0.0024326544554260257,0.1390733343599525,0.0014388752611933049,1.0,0.0,1.5,1.0009057589819046,11047.085205830283,10748.984519216694,10765.908517487038,11063.237310300052,0.0,0.0,0.0,0.0,0.0,0.0,nan,0,-0.011400325439183968,0.00915630518892715,0.01669441084832557
4.40273019399956,0.010462175873253196,-0.00625683917463883,1.5084107664589128,0.1946903470965271,0.009836997502123865,0.08104356018973867,-0.0032827374693698615,0.14097900371972696,0.0038192124453368856,1.0,0.0,1.5,0.9895933480002683,11047.085205830283,10748.984519216694,10765.908517487038,11063.237310300052,0.0,0.0,0.0,0.0,0.0,0.0,nan,0,-0.00021473388903846952,-0.0050120533310409054,0.0077157684396307324
4.413294365999718,0.017908390392044074,-0.0049890770779443625,1.512501310903615,0.18172168221635407,0.016288405241936404,0.024004920269313685,-0.0004770101728004106,0.1451687612442571,0.0006688313986274829,1.0,0.0,1.5,0.982183843955267,11041.787679229566,10731.93794811794,10730.27782656119,11041.463237044198,0.0,0.0,0.0,0.0,0.0,0.0,nan,0,0.0036240860561303437,-0.0037871605629422786,0.011354452862104347
4.4243944990003,0.029741037416877173,-0.00877848207549316,1.4954313435226003,0.20012106711026864,-0.009329144872144554,0.05656723054379424,0.003288587636524204,0.15411238834876084,0.0059705872056677435,1.0,0.0,1.5,0.9703094294308573,11026.797039935931,10695.371389503222,10683.69101574577,11021.740693073305,0.0,0.0,0.0,0.0,0.0,0.0,nan,0,0.01343757292467895,-0.007599203662503447,-0.00594023117744813
4.4345627040002,0.011212015734992795,0.007733135392221771,1.4994010404451428,0.21828723437206896,-0.005003077228376247,0.06615880368031404,-0.002347433878277297,0.1545996514407529,-0.002055774067077719,1.0,0.0,1.5,0.9888184049472375,11050.90380006309,10704.738981706578,10691.167281621108,11042.121234643768,0.0,0.0,0.0,0.0,0.0,0.0,nan,0,-0.007260065842860569,0.008888958659005028,-0.0021918803849887425
4.444579807999617,0.03080813449382716,0.01720220350799232,1.5204381357002954,0.2183171235774123,0.026365498383210006,0.06712301860264748,0.002357442806259847,0.1646201641740662,0.0027670380314343142,1.0,0.0,1.5,0.9695599544947024,11050.90380006309,10704.738981706578,10691.167281621108,11042.121234643768,0.0,0.0,0.0,0.0,0.0,0.0,nan,0,0.012336052915973797,0.01835802677477558,0.018845214870163884
4.455602684999576,0.01813949548052909,-0.0011841147169623241,1.5038145277218258,0.255011817263725,0.03427334643938292,0.06902329432324238,-0.0008390593271081665,0.16657426295234756,0.0006255085101755189,1.0,0.0,1.5,0.981868628221023,11061.783517375903,10695.998952210624,10688.219363271293,11066.150288095005,0.0,0.0,0.0,0.0,0.0,0.0,nan,0,-0.0026552591320143683,-5.2571585844717744e-05,0.002002420204864963
4.465704440999616,0.03131855606514816,-0.009458765575038015,1.4890435872029963,0.2603395031272919,0.0013625076838441872,0.0643080354684917,-0.00016420890019825944,0.16831188745651146,-0.002248755270144504,1.0,0.0,1.5,0.9687895803791923,11064.631632652887,10687.269541144962,10679.927813235885,11063.430549758605,0.0,0.0,0.0,0.0,0.0,0.0,nan,0,0.008042946824438676,-0.008352330552205616,-0.012985005100735192
4.476325007000014,0.03424110699393674,-0.007635187032069566,1.5156001422856167,0.2901698285128865,-0.010293643734365384,0.10401606178710714,-0.000572451535886797,0.173050998910528,-0.0011594879991916104,1.0,0.0,1.5,0.9659150583465623,11066.32093618358,10662.536826829677,10636.80291784805,11042.70277722004,0.0,0.0,0.0,0.0,0.0,0.0,nan,0,0.005515417433596244,-0.006581441411764734,0.013158393170594529
4.486768662999566,0.03060479229884292,-0.0018937353307043635,1.5062878016505568,0.32648020524659827,-0.02692320095878202,0.08004507877086152,-0.0019095768047924684,0.1765616307010789,-0.004391400451009317,1.0,0.0,1.5,0.9694174495010232,11084.053307507893,10668.073734437432,10654.769537519369,11068.332945776563,0.0,0.0,0.0,0.0,0.0,0.0,nan,0,-0.0010972094666160045,-0.0008675491776500999,0.0036508408273494553
4.497060919999967,0.01769084592209033,0.005179354307222189,1.5062198406212914,0.308181087574221,-0.03472920980559364,0.06416604656634113,-0.0003875844587452045,0.18140637288994077,-0.0011805585256138727,1.0,0.0,1.5,0.9823424994947803,11084.053307507893,10668.073734437432,10654.769537519369,11068.332945776563,0.0,0.0,0.0,0.0,0.0,0.0,nan,0,-0.014011155843368595,0.006205540460276453,0.0035828797980841376
4.507766925999931,0.036168431048150144,0.015850331477797238,1.5255102122706166,0.31333038066442775,0.042586863307898674,0.08453767624739762,-0.004235584646984957,0.18390057405244328,0.0001266770808827804,1.0,0.0,1.5,0.9642993815440475,11050.23006619507,10601.32821260299,10612.865367953213,11054.582688309705,0.0,0.0,0.0,0.0,0.0,0.0,nan,0,-0.002003360049348306,0.016819103165794397,0.022516627755480245
4.5180537039996125,0.03519570025011484,0.017796709694660927,1.5059276719255974,0.3586301118050026,0.030780773398828672,0.049233460171189236,-0.005356209312725073,0.1842466400601625,0.004356838050563813,1.0,0.0,1.5,0.9649866304702256,11050.23006619507,10601.32821260299,10612.865367953213,11054.582688309705,0.0,0.0,0.0,0.0,0.0,0.0,nan,0,-0.0029760908473836084,0.018765481382658086,0.0029340874104610837
4.5287700520002545,0.0318613921861995,-0.00019387889594881815,1.4904650089621982,0.3630539966282579,0.043481650271127395,0.08845748488207301,-0.0005596342286952011,0.18831528522015736,0.0006639237974229785,1.0,0.0,1.5,0.9681855801357305,11044.31669017164,10603.840705759983,10597.192243692753,11029.533468860378,0.0,0.0,0.0,0.0,0.0,0.0,nan,0,-0.013487262805516778,0.0007146210522505798,-0.012830193521755628
4.539261019999685,0.0748940422106757,0.0032976022465277385,1.5088097077948692,0.41207921636934014,-0.0075243724443408416,0.07795466451360943,-0.002555868794135134,0.1895422384610253,0.0024939712046629873,1.0,0.0,1.5,0.9251537808760825,11044.31669017164,10603.840705759983,10597.192243692753,11029.533468860378,0.0,0.0,0.0,0.0,0.0,0.0,nan,0,0.029545387218959412,0.004206102194727136,0.005514505310915352
4.550113352000153,0.04179029408206593,0.015664417103019128,1.5253492083671198,0.429443131461847,-0.03616067425880631,0.10725195420344279,-0.0012102344592094519,0.19295809015363785,-0.009844274087022346,1.0,0.0,1.5,0.9586729352825971,11093.505930149195,10649.119436419081,10615.171245910193,11055.304604573494,0.0,0.0,0.0,0.0,0.0,0.0,nan,0,-0.011461802034000206,0.01650998681042898,0.021808826101622714
4.560280370000328,0.06411065565237846,-0.0015500621113141643,1.4831791828869645,0.4113815186922852,0.00687050735145554,0.13395746338081746,-0.005242284306076172,0.19164570240765244,-0.00512608401930606,1.0,0.0,1.5,0.9360417765486324,11091.208893401757,10627.968682096864,10601.640648060027,11066.559324590895,0.0,0.0,0.0,0.0,0.0,0.0,nan,0,0.006628743192268083,-0.0007368621416497071,-0.020465301099485966
4.5710775810002815,0.08198869978503716,-0.00037742314682550146,1.5037373223487707,0.4678723592577162,0.004966545012107622,0.027175505576016806,2.059975465396346e-05,0.19338607255234766,0.0014405047792986803,1.0,0.0,1.5,0.9180189852878518,11050.63478869957,10576.872824889337,10575.3890245257,11040.043397091438,0.0,0.0,0.0,0.0,0.0,0.0,nan,0,0.02009017574480023,0.00040288846052516646,5.3468456129301956e-06
4.581200843000261,0.05577639997766683,0.005276115440560187,1.480611335433893,0.4498501984440091,0.0044313160424387715,0.14042553564873606,0.003294258678657452,0.19685723875461208,0.000690185314204287,1.0,0.0,1.5,0.9444373798971185,11041.875798787773,10570.677376941992,10569.556202987378,11027.706114088354,0.0,0.0,0.0,0.0,0.0,0.0,nan,0,-0.010726073256623628,0.006023095864903936,-0.023187410560351784
4.591506292000304,0.05772348294817124,-0.0027454534110840727,1.4779102909037405,0.4730441843338539,0.01632504229036257,0.10000947991064582,-0.0046553797074403,0.1956770762950148,-0.0023519489610573812,1.0,0.0,1.5,0.9425394036058732,11041.875798787773,10570.677376941992,10569.556202987378,11027.706114088354,0.0,0.0,0.0,0.0,0.0,0.0,nan,0,-0.008778990286119212,-0.0019984729867403234,-0.025888455090504303
4.602316519999476,0.0769848096280171,0.006566706264052555,1.522029659295125,0.4899055190428932,0.0005707409930073525,0.15808090016677293,0.0015125330036724093,0.19659831818622414,-0.0028806597486229707,1.0,0.0,1.5,0.923301396715745,11066.81458021435,10598.64638714328,10603.859202837666,11062.407173553967,0.0,0.0,0.0,0.0,0.0,0.0,nan,0,0.0007056598501793826,0.007246003851530738,0.018146212080593083
4.612676597000245,0.06539347286788857,0.018409988505601396,1.5296963385481575,0.5196789657066951,-0.003560225029298772,0.12847832468937317,-0.001314428202745205,0.19657276792005945,-0.002654155283634571,1.0,0.0,1.5,0.9352594082701811,11066.81458021435,10598.64638714328,10603.859202837666,11062.407173553967,0.0,0.0,0.0,0.0,0.0,0.0,nan,0,-0.01088567690994914,0.01908928609307958,0.02581289133362552
4.6231061230000705,0.07367655309368251,-0.00557100064641929,1.491066418952627,0.5409797538942219,-0.011388588599897222,0.12911837381403887,0.00050383571476132,0.197301642426665,0.0013361705102442865,1.0,0.0,1.5,0.9263832755436239,11081.904802255007,10624.2783316672,10623.01730794386,11071.395786564095,0.0,0.0,0.0,0.0,0.0,0.0,nan,0,-0.007777165113765985,-0.004925892564756396,-0.01283706267023832
4.633701470000233,0.08942785813419922,0.0018033120961420072,1.4889881809561039,0.5248181639691637,-0.01295602289548589,0.11217912732845577,-0.0008519501756932677,0.19684549063407805,0.005410963400292355,1.0,0.0,1.5,0.9106405095509664,11006.86800278019,10552.649551039496,10558.62185936607,11000.790006885749,0.0,0.0,0.0,0.0,0.0,0.0,nan,0,0.0026092699005583614,0.0024141101381915755,-0.014915258029427836
4.644131426999593,0.08692991109721024,0.004785405093602143,1.520978336283438,0.5833342281995472,0.008691493329721495,0.08004431687238991,-0.0028994904313502643,0.20114009628643947,-0.005687652618772925,1.0,0.0,1.5,0.9133235888468442,10968.737904419591,10522.259052938187,10526.201333729787,10963.28762751564,0.0,0.0,0.0,0.0,0.0,0.0,nan,0,-0.005442081377040123,0.0053618576377623735,0.01710422931549327
4.655069851999542,0.0987682008633262,0.005088823510105661,1.4667488298650622,0.6023941960836027,0.02509245239646344,0.1130279491580257,0.00266426052249133,0.20060824404505193,0.007702348653895756,1.0,0.0,1.5,0.9018593527902151,10980.977702401004,10560.618021251641,10567.089730396823,10992.262797043697,0.0,0.0,0.0,0.0,0.0,0.0,nan,0,-0.005274724261665448,0.005596811802837937,-0.03697569139395651
4.66522236200035,0.09829477730172448,-0.003491172188334162,1.4980975906840126,0.6296672965334418,0.017759181884994712,0.13138069172201178,-0.0004862534850699584,0.1968056363660009,0.0009288131671921954,1.0,0.0,1.5,0.9017139879617044,10996.96468388197,10569.138831913984,10575.350480111922,10998.273739737517,0.0,0.0,0.0,0.0,0.0,0.0,nan,0,-0.011865741601476895,-0.0030171431322149056,-0.005512075290013518
4.676105718999679,0.11008268800941003,-0.006718033935328837,1.4856596258278596,0.6010949396545682,0.009182803331797338,0.10890852028135559,-0.002302308513812236,0.19366662010645638,-0.002505477303785237,1.0,0.0,1.5,0.8900582006205607,10996.96468388197,10569.138831913984,10575.350480111922,10998.273739737517,0.0,0.0,0.0,0.0,0.0,0.0,nan,0,-7.783089379134744e-05,-0.00624400487920958,-0.017950040146166524
4.686457212000278,0.12070837663139383,0.010214935094027506,1.5135753102786766,0.616803507018051,-0.003629244174596475,0.13353579454608916,-0.0007450982952031101,0.19455721596799114,0.007640525728980378,1.0,0.0,1.5,0.8794557367339962,11016.509591112512,10588.953018972816,10581.218958764039,11014.059436670907,0.0,0.0,0.0,0.0,0.0,0.0,nan,0,-0.0022505315606126675,0.010621969985423516,0.010259338575712373
4.697088275999704,0.12152827894345683,-0.00541008377922618,1.4753859338544617,0.6455490535555722,-0.009662162886422283,0.07136919530303842,1.0750041296185952e-05,0.19469889252231887,-0.002336509495123335,1.0,0.0,1.5,0.8788331388578609,11016.509591112512,10588.953018972816,10581.218958764039,11014.059436670907,0.0,0.0,0.0,0.0,0.0,0.0,nan,0,-0.0014306292485496697,-0.005003048887830169,-0.027930037848502565
4.707707526999911,0.15314491422926238,-0.0005339948327681193,1.5117092404976185,0.6859548438423834,0.0003222641760869014,0.12323833159655329,6.733532837525508e-05,0.19449683809981,0.0035207134836811767,1.0,0.0,1.5,0.8469362005247361,10974.035252415406,10583.916054173962,10576.062725898872,10975.668813233437,0.0,0.0,0.0,0.0,0.0,0.0,nan,0,0.016644834957380533,-0.00019221541498826524,0.008771090360686129
4.717788398000266,0.13869074786075233,-0.01582679748650969,1.497594201832561,0.7031024681576679,-0.012917296619862687,0.14242922868099953,0.002549455811538364,0.18912927386917072,-0.002348776131013058,1.0,0.0,1.5,0.8614580101224735,10974.035252415406,10583.916054173962,10576.062725898872,10975.668813233437,0.0,0.0,0.0,0.0,0.0,0.0,nan,0,0.002190668588870487,-0.015485018068729836,-0.005343948304371349
4.728392707999774,0.1439423997977525,-0.007573689575370885,1.4946622272869525,0.6697727272286382,-0.002836464816033245,0.09532032778567145,0.000576176084358419,0.18600576421093773,-0.002982136448603048,1.0,0.0,1.5,0.856107742901179,10992.234005845876,10600.488651923817,10602.918393786384,11001.75803026784,0.0,0.0,0.0,0.0,0.0,0.0,nan,0,-0.0068290394646122465,-0.007294797540869904,-0.007817071448216417
4.738879677999648,0.1639015611584263,0.0006544541872856012,1.4830854580668535,0.7209852678483967,0.0017497447701961086,0.1193168009479673,0.0023908790059996754,0.18939322013593152,-0.004572953751421021,1.0,0.0,1.5,0.836269770751286,10992.234005845876,10600.488651923817,10602.918393786384,11001.75803026784,0.0,0.0,0.0,0.0,0.0,0.0,nan,0,0.013130121896061553,0.0009333462217865829,-0.0193938406683154
4.749131337000108,0.17071442593902703,0.0011651712553551465,1.5289470753733083,0.7768922087848479,0.02093255892103658,0.10428668242165699,0.002070164202706081,0.18216214693242958,-0.0016502054881686995,1.0,0.0,1.5,0.8297914521989004,10961.13497407193,10570.164664336105,10591.033751540417,10983.558757838395,0.0,0.0,0.0,0.0,0.0,0.0,nan,0,0.012538778558170621,0.0014136987750710817,0.026728947953940763
4.76005441199959,0.17702271068863862,0.011182510103947203,1.5096031124723233,0.77206407774617,0.004332585760487816,0.11326023012970797,0.0018840982222179377,0.17915792970579653,-0.0009517858908641931,1.0,0.0,1.5,0.8231092801224252,10971.342818705647,10606.251982052558,10634.4440325426,10990.672840221458,0.0,0.0,0.0,0.0,0.0,0.0,nan,0,0.003513805519327451,0.011372796484026853,0.007972543742766236
4.770551030000206,0.1728072050393215,-0.025708330516895295,1.5016756735440804,0.756713624280658,-0.019636632379265922,0.029779188334013388,0.003355933571582522,0.17558743759114043,-0.0032608323306014693,1.0,0.0,1.5,0.8275938896431337,10951.092416737454,10579.74419361229,10597.827053955825,10962.86859235131,0.0,0.0,0.0,0.0,0.0,0.0,nan,0,-0.008625609855080651,-0.02554582283834958,0.00037045871287877397
4.780712597000274,0.1897185191826461,0.008272452666589396,1.5268828800011771,0.8113622789780037,0.041234825093810365,0.09795549781962089,-0.0014803422792845702,0.1747887315039065,0.0033070473243809783,1.0,0.0,1.5,0.810769511554204,10941.795754891045,10575.280893790472,10589.22863357864,10947.322757655917,0.0,0.0,0.0,0.0,0.0,0.0,nan,0,0.0001947288927117985,0.00840811931589056,0.025927306541321027
4.791198105000149,0.17434056022165687,0.0032169202325371487,1.490903009943613,0.8021993348907617,-0.03248511974414049,0.1586239826872389,0.0005451072940205557,0.17215351310777105,0.0036492746005387447,1.0,0.0,1.5,0.8257158193343251,10941.795754891045,10575.280893790472,10589.22863357864,10947.322757655917,0.0,0.0,0.0,0.0,0.0,0.0,nan,0,-0.015183230068277431,0.003352586881838314,-0.010052563516243174
4.801705717000004,0.21948219977106562,-0.01252921237797994,1.4733780397452632,0.80010505261855,-0.03503794080239464,0.11313418729057254,0.0019023872319140136,0.16653130884440576,-0.001792279328321224,1.0,0.0,1.5,0.7810721774617452,10957.210159553071,10625.402475204128,10627.304049223443,10957.289890128877,0.0,0.0,0.0,0.0,0.0,0.0,nan,0,0.013284845040000326,-0.012444306187304447,-0.026823333558994245
4.8121717300000455,0.2215933136806569,-0.007762719982725143,1.5150773802060473,0.844019650913367,-0.022979812376914054,0.13945363059060323,0.0003410679443147155,0.1636313854342095,-0.0034690767474578285,1.0,0.0,1.5,0.7785913925301692,10914.045560451712,10599.567761318294,10607.593819204554,10926.38026490953,0.0,0.0,0.0,0.0,0.0,0.0,nan,0,0.0068205203170316475,-0.007701711516465264,0.01528255871150841
4.822675847999562,0.22208198313281632,-8.911502358029916e-05,1.497872265778517,0.8512724152072405,0.0400626715607463,0.046901036034163686,0.0012072598914584464,0.15791945025757206,0.000551397267620075,1.0,0.0,1.5,0.7779209318182514,10914.045560451712,10599.567761318294,10607.593819204554,10926.38026490953,0.0,0.0,0.0,0.0,0.0,0.0,nan,0,0.007309189769191066,-2.8106557320419535e-05,-0.0019225557160218454
4.8336511919997065,0.22748164810708482,-0.019410816356579652,1.4940767360471472,0.8882153908984018,-0.013800345096749808,0.07871935405398726,0.0011026761531416967,0.15721263281197057,0.0026012052312370513,1.0,0.0,1.5,0.7727848787721133,10877.650277776664,10573.483367798763,10608.072965371011,10909.662163390234,0.0,0.0,0.0,0.0,0.0,0.0,nan,0,-0.004900061797815353,-0.019394627807800206,-0.0048401020176152
4.844109871999535,0.24877461878448937,0.001496592650972882,1.5065172532168634,0.9188616644383208,-0.004968798658875303,0.11264973753969709,0.0014811665109538171,0.15100251274958676,0.00047463968252667744,1.0,0.0,1.5,0.7512551415873604,10930.090493395117,10645.982804928546,10654.836685695258,10938.236142675776,0.0,0.0,0.0,0.0,0.0,0.0,nan,0,0.0073671508294877175,0.0014918336673041255,0.008071537357926761
4.854366022000249,0.24239514802299106,-0.010478170145470065,1.5046174138552557,0.9099705896427597,-0.04209161864308642,0.05811620124570269,0.0019948703738159666,0.1478530825592184,0.0014957979839039567,1.0,0.0,1.5,0.7576913780025569,10941.094771750328,10663.218381993614,10676.38556959965,10958.504829872209,0.0,0.0,0.0,0.0,0.0,0.0,nan,0,-0.008181274600771948,-0.010502932678318264,0.0066571551072429624
4.86475763999988,0.27059978977514937,0.004544961263785101,1.5294838982056171,0.8750492877428726,0.006666523897020507,0.08578740270893853,0.0005928982192305841,0.14304015446741697,-0.0003215384740201054,1.0,0.0,1.5,0.7300100160972758,10920.740455159084,10635.802438875013,10645.611789695764,10935.824587567731,0.0,0.0,0.0,0.0,0.0,0.0,nan,0,0.010715518131071577,0.004501101140886724,0.03202365973433219
4.875184366999747,0.28055402528890294,0.017610145066276235,1.512854929359142,0.9215222269679175,-0.01975456820333397,0.10549527213632967,-0.00014682913741601402,0.13764164252431074,0.0015326918744667528,1.0,0.0,1.5,0.7197762686738737,10927.129821059203,10659.002556477766,10682.44041643767,10955.243861460176,0.0,0.0,0.0,0.0,0.0,0.0,nan,0,0.011227361365548805,0.017548048480669768,0.01590882044547004
4.885627769999701,0.27957608351194707,0.018532272076863667,1.4982477524702806,0.9813543477162513,-0.041953219864940036,0.06191692054266318,0.004657435939299241,0.1320248139771143,0.0004425797654118906,1.0,0.0,1.5,0.720664370513571,10927.129821059203,10659.002556477766,10682.44041643767,10955.243861460176,0.0,0.0,0.0,0.0,0.0,0.0,nan,0,0.010249419588592934,0.0184701754912572,0.001301643556608667
4.896200797000347,0.2796258089002765,-0.025925888829909975,1.4922259562055713,0.9303295209983022,-0.029974580632418528,0.06854040243376085,-0.0031250541646564095,0.13015724085452177,0.00015495635423694876,1.0,0.0,1.5,0.7208824888087652,10893.027984873905,10643.80820751896,10655.40881149064,10906.86542672707,0.0,0.0,0.0,0.0,0.0,0.0,nan,0,0.0007268182490926534,-0.026005416176879778,-0.004191456249829306
4.906609853999726,0.30417677924449704,-0.025870387889074035,1.4993246601814147,0.9885378608896049,0.01922894138265951,0.11747791598646815,0.0030444701611896103,0.12210449093063352,-0.004962416968554176,1.0,0.0,1.5,0.696304306748108,10869.874718599649,10628.01981349547,10633.654314857613,10880.332944036765,0.0,0.0,0.0,0.0,0.0,0.0,nan,0,0.015580754296086075,-0.02596660812299221,0.003454603896431596
4.917306477000238,0.3227097292587926,0.011087860125189173,1.4935484783695387,0.9951336781955099,-0.004333378892870547,0.09596454751193813,0.002977350412992239,0.12329247672499219,0.005438366958467276,1.0,0.0,1.5,0.6774117459966295,10897.771690134812,10681.271823489798,10702.368588784802,10923.773956810226,0.0,0.0,0.0,0.0,0.0,0.0,nan,0,0.01436359119695313,0.010960186591805946,-0.0011799906052984976
4.928116007999961,0.3096686682206268,-0.0016847223433217574,1.5087737484424857,0.9995771381762564,0.004345572060590718,0.023592191903942766,-0.0036473822489345373,0.11200568288901966,-0.0062170776485604125,1.0,0.0,1.5,0.6903891399691837,10873.603618195564,10649.951809477172,10670.79068246143,10892.2449285014,0.0,0.0,0.0,0.0,0.0,0.0,nan,0,-0.008721182248002113,-0.0018273175897863224,0.014635078787458955
4.9382442670003,0.34304566708122547,-0.004321915074140527,1.5215241692873545,1.0147828375382324,0.009850970464840332,0.08179920918129824,0.0010965423537293124,0.10811922727534083,0.004649719950924995,1.0,0.0,1.5,0.6573210512026607,10877.537177848291,10653.562966449843,10661.062721365164,10889.844344279161,0.0,0.0,0.0,0.0,0.0,0.0,nan,0,0.0145067330427478,-0.004479023781861433,0.027990186758073854
4.948738695999964,0.33383021483368935,0.011177332060241562,1.5085151090246278,1.0060204973105003,-0.010635390458368615,0.0618210151637195,-0.0014711651655088002,0.10487845001388414,0.0020755946863707836,1.0,0.0,1.5,0.6663179590122231,10905.982393581353,10701.73616522941,10703.248958396518,10904.380942953605,0.0,0.0,0.0,0.0,0.0,0.0,nan,0,-0.004958333445091612,0.011006013771843456,0.0155971131277588
4.959057551999649,0.3613833570728557,0.00500875356717014,1.4996192996201945,1.0438785980460326,0.013576239511696222,-0.02395026607380265,-0.003536847694458562,0.09523682300113717,-0.007408295959927564,1.0,0.0,1.5,0.6386363982491222,10875.474551359135,10676.935694388143,10667.521643243965,10868.637777354368,0.0,0.0,0.0,0.0,0.0,0.0,nan,0,0.012249955423211,0.0048234218259901665,0.0073281359641326205
4.969960542000081,0.3696939790953039,-0.011589438534164057,1.4669813992102405,1.0476576302263256,0.02704114225496712,0.038790153392132855,-0.0002211713603898308,0.09060283193034573,-0.004602021327757816,1.0,0.0,1.5,0.631276661276466,10870.557991475884,10691.559469636042,10677.287384844723,10861.258593034989,0.0,0.0,0.0,0.0,0.0,0.0,nan,0,0.010126118615521984,-0.01178869345757899,-0.024670173560598307
4.980700668000281,0.3963530229087949,0.0008071973555885793,1.4782256943372547,1.044388307227565,-0.03934074644388894,0.035950498720128496,-0.0019934006450820735,0.08701266343354827,0.00607352838794297,1.0,0.0,1.5,0.6040401020677479,10935.144039541625,10767.45130927076,10749.84709657957,10914.45227831275,0.0,0.0,0.0,0.0,0.0,0.0,nan,0,0.02626597679793241,0.0005940094359374108,-0.012780546018797967
4.990914451000208,0.3876812657341238,-0.008499124301585668,1.485530390335316,1.059130190978375,0.0190534598032967,0.022747136013157022,0.003012606307934402,0.07973530770316263,0.0012317170808425156,1.0,0.0,1.5,0.6125486405590228,10964.486268404806,10807.121827930232,10788.086197410461,10937.578726293756,0.0,0.0,0.0,0.0,0.0,0.0,nan,0,0.006995132557404915,-0.008726347946387483,-0.004834099638831635
5.00146109599973,0.38945046167503444,-0.0015018264040858758,1.494310223203585,1.0821677139595658,0.058098869274169816,0.05364672665965268,-0.00015919067561827085,0.07259787151857733,-0.002644092034628569,1.0,0.0,1.5,0.610577896579437,10964.528441162247,10818.878093821946,10809.822726782035,10954.699735662449,0.0,0.0,0.0,0.0,0.0,0.0,nan,0,-0.001909263201125222,-0.001743270873652649,0.004579403827178696
5.011825003000013,0.4041897915443354,0.012344752322103162,1.4756880760860591,1.0457739782825692,0.013384733397141878,0.0760900087265755,0.003465039802286349,0.07148224940024563,0.0021246094231370588,1.0,0.0,1.5,0.5964337910064066,10966.966214104048,10836.102135202387,10825.915331423068,10957.93061212389,0.0,0.0,0.0,0.0,0.0,0.0,nan,0,0.002087641301442955,0.012088828225750303,-0.013419618217859641
5.022597584999858,0.41029113676466994,-0.01060231251098962,1.4972918404294655,1.1055069498088572,0.008602361195581098,0.002086521659813095,0.0011186667461373615,0.06102809454101155,0.01232629631038606,1.0,0.0,1.5,0.5898103818492392,10948.124440436246,10824.469820898308,10795.110310057424,10919.267879662075,0.0,0.0,0.0,0.0,0.0,0.0,nan,0,-0.002616268992716164,-0.010873041870852898,0.008797832449814358
5.032564545000241,0.4154382978720078,-0.007495698622314271,1.511005477023467,1.0777109295837748,0.0018606188006848056,-0.04331322268769148,-0.001596914401200125,0.054968198830257116,-0.008830052595075404,1.0,0.0,1.5,0.584713339694868,10948.124440436246,10824.469820898308,10795.110310057424,10919.267879662075,0.0,0.0,0.0,0.0,0.0,0.0,nan,0,0.002530892114621708,-0.00776642798217755,0.022511469043815957
5.043182833999708,0.431780936607516,0.0018739561107870334,1.4891934850307353,1.1251415801282052,-0.006642384688842884,-0.05638890781622806,0.0014483406240562134,0.04979648280983069,-0.00759214743572906,1.0,0.0,1.5,0.5683249039765175,10922.128304447437,10815.775381176298,10784.98577593757,10894.119011886078,0.0,0.0,0.0,0.0,0.0,0.0,nan,0,0.008011644474716972,0.001588040884258313,0.0013071774897883692
5.0540151699997296,0.4287515735388538,0.013292562525762908,1.459242355125719,1.076877236386575,-0.044684943783476434,0.015028782366877217,-0.002330638681484545,0.046471063744468126,-0.005647374381755364,1.0,0.0,1.5,0.5728548180547448,10942.842235013102,10868.377350683386,10851.87058260173,10929.214290224789,0.0,0.0,0.0,0.0,0.0,0.0,nan,0,-0.01688756339274272,0.012974983891027744,-0.0274518693699084
5.06437990700033,0.4344593042418121,0.012004548722430418,1.4793651960745007,1.105095763481191,0.020536589917447636,-0.047244892591329024,-0.00012236128229734026,0.03691863896437324,-0.0002800218883784207,1.0,0.0,1.5,0.5660443294316517,10942.842235013102,10868.377350683386,10851.87058260173,10929.214290224789,0.0,0.0,0.0,0.0,0.0,0.0,nan,0,-0.011179832689784397,0.011686970087695253,-0.007329028421126704
5.074836052000137,0.4738844566388169,-0.004486046143943328,1.4814004371348735,1.1243006174466197,0.02105491813029808,-0.010501906012793803,0.00031364251251991566,0.03492200088126736,9.998232658829939e-05,1.0,0.0,1.5,0.5264633257075104,10984.292172505318,10911.97080922247,10910.331529348867,10974.453895793305,0.0,0.0,0.0,0.0,0.0,0.0,nan,0,0.017248993955012726,-0.004820148545096124,-0.004720949291171284
5.085233920000064,0.4714066610549705,-0.008941241605038704,1.4799523741789637,1.1186055436567717,-0.01785360061777955,-0.020235980352909768,-0.0011431443332550481,0.02664708159690526,-0.003450735804559495,1.0,0.0,1.5,0.529048930704481,11003.477924542174,10972.294176685407,10969.910971586236,10992.31787635449,0.0,0.0,0.0,0.0,0.0,0.0,nan,0,-0.007314422207504667,-0.0093098420063905,-0.00509697889216798
5.096360671000184,0.4882186978088824,0.00816042973276212,1.476094103665233,1.1048490204341777,-0.05180936901387627,-0.020138407932507502,2.209566817447406e-05,0.018242142673857948,0.0052216869271915,1.0,0.0,1.5,0.5124043186443963,11003.477924542174,10972.294176685407,10969.910971586236,10992.31787635449,0.0,0.0,0.0,0.0,0.0,0.0,nan,0,-0.0015793468967961188,0.007773833444875389,-0.008461853099088312
5.106529327999851,0.5188618874067606,-0.007008724185427913,1.489187540287121,1.119201605626082,0.01193827037254468,-0.05651012343495133,-0.0014237870552196588,0.013059094458477825,-0.0005483053880525225,1.0,0.0,1.5,0.4813106220410419,10999.908267286879,10964.78199182409,10956.506091117646,10984.728668956728,0.0,0.0,0.0,0.0,0.0,0.0,nan,0,0.029063842701082143,-0.007395320473314643,0.004631583522799687
5.117287340000075,0.5179904343137238,0.018967888107969923,1.4881511990978147,1.1124962662404048,0.011577850666398241,-0.04774510166436875,-0.0004778324645875316,0.005536174348283824,0.0034084741894131665,1.0,0.0,1.5,0.48252813003509826,10989.039874953922,10962.403279604445,10966.690577784762,10985.032081340272,0.0,0.0,0.0,0.0,0.0,0.0,nan,0,0.01710103569579613,0.018562790574206598,0.004060227756326418
5.127756601999863,0.531160555500409,0.008786760608290312,1.480708421451053,1.1162430922384194,0.017224165854658205,-0.05114109965673511,-0.0004786639588353418,0.003945903126098082,-0.0022574306117896835,1.0,0.0,1.5,0.4693184386784549,10973.613995016705,10963.900289053676,10978.314101293612,10985.76122139126,0.0,0.0,0.0,0.0,0.0,0.0,nan,0,0.019171699569476175,0.008362654964275842,-0.0029459661597639464
5.1381021930001225,0.5237772349411803,0.013499106366062691,1.4840072991189897,1.096475597241873,0.011389341592407568,-0.04897407667346154,-0.001546857510065218,-0.0063312020646736,0.0019006951502387652,1.0,0.0,1.5,0.4766824040327265,10986.575446131877,10977.930641605448,10986.98411037553,10992.8734119993,0.0,0.0,0.0,0.0,0.0,0.0,nan,0,0.0006870994913042994,0.013055480209662372,0.0007600529012565804
5.1487205590001395,0.5512437718545435,-0.012140126852832632,1.4789465647488338,1.0913123637385922,0.01275542860650043,-0.026113341846708632,-0.0025004627756578177,-0.008542808774864573,-0.0014431532664511972,1.0,0.0,1.5,0.44941382056542817,10985.324828894385,10991.295405213099,10983.906090313712,10982.531641446483,0.0,0.0,0.0,0.0,0.0,0.0,nan,0,0.017056820399192874,-0.012603796677218738,-0.003923905260613925
5.15905497499989,0.5606363909109044,0.019380662863691948,1.4871248501907108,1.1240242013688857,0.0014746201164149255,-0.035144148361494654,0.002200278813519958,-0.01967798445596255,0.007761439107562003,1.0,0.0,1.5,0.43997927288389765,10994.664122922697,11005.429008815481,10992.632205008875,10983.752350317582,0.0,0.0,0.0,0.0,0.0,0.0,nan,0,0.015363377550029256,0.01889641505613626,0.004600046648248757
5.169946193000214,0.5750047105417619,0.0012969125737828174,1.4582237194520309,1.1098024647574423,-0.034296222378717545,0.0006372189737644439,0.0016618011497346499,-0.01807214828606779,0.0030323067086881063,1.0,0.0,1.5,0.42704558967437917,10966.382937454953,11006.550141794523,10987.69676840243,10950.339990170325,0.0,0.0,0.0,0.0,0.0,0.0,nan,0,0.007616906432215909,0.0007698911366928943,-0.023702691961731803
5.179775665999841,0.578373253687113,-0.002903919388982187,1.5199882592672564,1.0814648315587292,-0.007437135094967034,-0.08150737693325408,-0.004098830172267724,-0.03176883953508973,0.00019859863922245142,1.0,0.0,1.5,0.422110265763277,10966.382937454953,11006.550141794523,10987.69676840243,10950.339990170325,0.0,0.0,0.0,0.0,0.0,0.0,nan,0,0.010985449577566975,-0.0034309408260721104,0.03806184785349376
5.1908603740002945,0.5943635230914525,0.014975762956632097,1.4598679271376651,1.1313413629957458,-0.0011819518469480075,-0.021071150319176248,-0.0037971495108716333,-0.03275158297254631,0.0037503704422879413,1.0,0.0,1.5,0.4078919074303137,10949.050578213397,10994.442795974683,10969.815891216687,10935.162669009109,0.0,0.0,0.0,0.0,0.0,0.0,nan,0,0.01595937425690075,0.014426564296699616,-0.021801251217475226
5.201406819000113,0.5944362848571274,0.0004196588338697047,1.4903873190033265,1.1014307459809014,0.013237906968049565,-0.08585759833514578,-0.0017262581706674418,-0.04148874062099218,0.00012409692291095466,1.0,0.0,1.5,0.4056778362074637,10931.332294299471,10976.350372497274,10971.555461693462,10935.305776944191,0.0,0.0,0.0,0.0,0.0,0.0,nan,0,0.005051316307725484,-0.00015221482701373605,0.008950714689056838
5.2115165180002805,0.6144024649606311,-0.01280511084565404,1.4987051070866544,1.088593023019171,0.01825503453286236,-0.0009490826829224462,0.001118587638352493,-0.048639574278303094,-0.002661361346348217,1.0,0.0,1.5,0.3858122686487093,10910.386076136447,10974.084963431393,10969.882074102756,10913.587671202687,0.0,0.0,0.0,0.0,0.0,0.0,nan,0,0.01407825858481948,-0.013400127996148785,0.017478488493131605
5.2218450959999245,0.6091661127573378,-0.014751509350522368,1.4875312881406912,1.0612426443975513,-0.005753508369254972,-0.08803685534431806,0.0005217173178629891,-0.0547951379361364,0.003315892583659315,1.0,0.0,1.5,0.3913108779739697,10920.521245975415,10981.322729327263,10968.025237836237,10917.870366526977,0.0,0.0,0.0,0.0,0.0,0.0,nan,0,-0.002049695991810818,-0.01537010918347574,0.006492865270339099
5.232340808999652,0.6354905262269875,0.0013325362384466637,1.4892971260015446,1.0537338579056803,0.015123528717589622,-0.09625562629894718,-0.0006687899857290354,-0.06263109655219347,-0.0020946532191697433,1.0,0.0,1.5,0.3646690055857943,10872.716544395784,10945.323402246486,10938.667737469941,10867.885736766364,0.0,0.0,0.0,0.0,0.0,0.0,nan,0,0.002658572140080806,0.0006655828076408386,0.008568787608015604
5.242926986999919,0.6356787057202471,-0.01697602384919867,1.4803237093476542,1.0615450401950237,0.009408657540189106,-0.07705089387882813,0.001469011466867275,-0.06575453412224135,0.008771062168168616,1.0,0.0,1.5,0.3652469674962935,10879.889058273624,10982.94140445042,10984.399489286998,10887.064699617142,0.0,0.0,0.0,0.0,0.0,0.0,nan,0,-0.007866236120987247,-0.01766766986879283,-0.0002756288332990131
5.253911918000085,0.6626607811442234,-0.013991838257627199,1.4870156885731478,1.049276774674447,-0.014533430575966759,-0.0729452861551608,-0.0006635899261166702,-0.07451312264958099,-0.00396331771718145,1.0,0.0,1.5,0.3378788428701664,10895.998857908673,11014.767491596776,11013.689689305163,10894.481669401977,0.0,0.0,0.0,0.0,0.0,0.0,nan,0,0.008474310308334565,-0.014708468373442718,0.006524869564642266
5.263809678999678,0.6596788830989454,0.002912553754194751,1.4725107222567035,1.0340593740821036,-0.0036069813323415215,-0.13699359216169754,-0.0024493033788491195,-0.08115322955745437,0.001933655563318386,1.0,0.0,1.5,0.3414419510971088,10894.39788419328,11029.38500973214,11027.67192043251,10902.382813133318,0.0,0.0,0.0,0.0,0.0,0.0,nan,0,-0.00507166302167239,0.0021706868015319092,-0.00789434028578273
5.2742309929999465,0.6778538168559821,-0.005407587482843594,1.4904110048167776,1.0602742238675122,-0.02187497852037479,-0.02312638159125941,-0.001726871169282107,-0.08245177769040797,0.004396753738620158,1.0,0.0,1.5,0.3223342273871448,10881.36226792821,11021.027173241553,11034.87221874138,10894.415698234778,0.0,0.0,0.0,0.0,0.0,0.0,nan,0,0.0026224046291466463,-0.00617490541782921,0.010069136167349502
5.285028131000217,0.6678557674984699,-0.009364474562641657,1.4640320778722418,0.9980507238732911,-0.02749588488849951,-0.07790219748035954,0.0012189129510675949,-0.09050610630826977,0.00010553081567818579,1.0,0.0,1.5,0.33421725866575674,10923.76412482504,11084.486404709105,11093.222853350178,10932.432611024307,0.0,0.0,0.0,0.0,0.0,0.0,nan,0,-0.01776727816354251,-0.010157424397216548,-0.016273038605591372
5.29553371899965,0.6949450814802536,0.017596865181123685,1.4876707553484723,1.0006354625916014,0.016689364648508755,-0.07097798627004989,0.0017244544464659348,-0.09547631740502743,-0.00179068163006541,1.0,0.0,1.5,0.3058106656919752,10866.48046857416,11015.672286037283,11030.339127576999,10884.17314343856,0.0,0.0,0.0,0.0,0.0,0.0,nan,0,-0.0009749041103274125,0.01677813059262788,0.007377664462467015
5.306002880999586,0.7031117123392028,-0.00077704937491183,1.4578325137684451,0.9793580665119901,0.04772282416863237,-0.12514645040338387,0.0014911852469367854,-0.09985153774894186,-0.0004112869911042248,1.0,0.0,1.5,0.2998688981054549,10864.78538120554,11039.802440741008,11066.681529687065,10892.79868196997,0.0,0.0,0.0,0.0,0.0,0.0,nan,0,-0.0030053699233703046,-0.0016217005128158115,-0.022469166429276433
5.316279464000218,0.7279130382953838,0.0003274541204506152,1.4902919876273562,0.9754412897357058,0.02846188649986063,-0.12866012555645778,-0.002691159925640852,-0.10504829183393406,-0.0014949018498077544,1.0,0.0,1.5,0.27226029357965087,10853.054413222193,11036.878643645803,11047.42958110804,10864.575127663511,0.0,0.0,0.0,0.0,0.0,0.0,nan,0,0.011704058957766716,-0.000543236816878824,0.009961630069478478
5.326674533000187,0.7120763066190269,-0.010585855038729419,1.4738100312954774,1.0005485367405897,-0.0007366220661822107,-0.08345273712265917,-0.004885497354051796,-0.11453672554300293,0.002198715886666942,1.0,0.0,1.5,0.28930611469131706,10853.054413222193,11036.878643645803,11047.42958110804,10864.575127663511,0.0,0.0,0.0,0.0,0.0,0.0,nan,0,-0.004132672718590191,-0.011456545976058857,-0.006520326262400289
5.337475608000204,0.7174324144044442,-0.007087577856371115,1.4910403552464182,0.9854106989249838,0.026129657659684356,-0.12378856085567967,1.1182493910381343e-05,-0.11771943814066409,0.0015404656556294795,1.0,0.0,1.5,0.2827984254257479,10916.958702413494,11123.140319265985,11105.59754480642,10902.318665918663,0.0,0.0,0.0,0.0,0.0,0.0,nan,0,-0.018622089827961985,-0.008010728224375966,0.010578275597541875
5.347613846999593,0.745483931487341,-0.004908922482577508,1.4763485293174659,0.9636579291356256,0.022397342164884235,-0.11817653015038657,-0.0010047297358017993,-0.12091198709873123,-0.0007770309694949525,1.0,0.0,1.5,0.25565977140826684,10899.710466463992,11107.258482867936,11092.694599806217,10888.797390637175,0.0,0.0,0.0,0.0,0.0,0.0,nan,0,-0.0003134660136656642,-0.005858493557165889,-0.004220299993673349
5.358595063999928,0.7677060117776839,-0.009687887237473655,1.4682137691336021,0.9259791347355713,-0.008534101539393154,-0.05792515121995882,0.0035776046620792476,-0.1270041066254048,0.0036520682383277135,1.0,0.0,1.5,0.23465872367343915,10899.710466463992,11107.258482867936,11092.694599806217,10888.797390637175,0.0,0.0,0.0,0.0,0.0,0.0,nan,0,0.012292071908713953,-0.01066399464602082,-0.01248680774491362
5.3689148659996135,0.7406040981808985,-0.0011861390404895806,1.4964326055928934,0.9272868603999026,0.014916132051187941,-0.135384390751007,0.00022056314831389457,-0.12758025884339488,-0.002168145186406254,1.0,0.0,1.5,0.2594231429715248,10900.491750399304,11112.410461390009,11091.928206984185,10885.486890736775,0.0,0.0,0.0,0.0,0.0,0.0,nan,0,-0.014809841688071534,-0.0021622464490367466,0.01573202871437762
5.379241644000103,0.7608851477920077,0.00818402384415376,1.501215586253243,0.9300628841219709,-0.012964503998403763,-0.08934926675006287,0.0002643073767766336,-0.13240661917980998,-0.0019319736905220634,1.0,0.0,1.5,0.23925795377096823,10873.714218602021,11091.938442748085,11085.894025597076,10870.268909208633,0.0,0.0,0.0,0.0,0.0,0.0,nan,0,-0.01336359862141212,0.007154583320113119,0.020177576419615484
5.389830740999969,0.7940193269786567,-0.003789185357715834,1.4724714508023768,0.8692061553930329,-0.023968402128382995,-0.150423949704727,0.0019892955194530395,-0.13916403282764184,0.0036950416539240694,1.0,0.0,1.5,0.20784661797808165,10873.714218602021,11091.938442748085,11085.894025597076,10870.268909208633,0.0,0.0,0.0,0.0,0.0,0.0,nan,0,0.01977058056523695,-0.004818625881756475,-0.008566559031250698
5.400347896000312,0.7840328026323132,0.006643426103936832,1.4922216192413138,0.9150466016952622,0.024179974475550953,-0.11275394294852455,0.0014761758067648894,-0.1448038126090864,-0.010885804643192451,1.0,0.0,1.5,0.21620931676613508,10844.335306413743,11061.258377361784,11064.177858391797,10844.737687087714,0.0,0.0,0.0,0.0,0.0,0.0,nan,0,-0.008490944366017827,0.005560527619242774,0.010764338551779495
5.410711012999855,0.7867009327275409,0.006271602100090633,1.4705001054759999,0.8688001057112401,0.03469241385293236,-0.11658385846841457,-0.0003260624093701114,-0.1476530330379298,0.0007987564199673446,1.0,0.0,1.5,0.21542067883360225,10875.237689345977,11109.598736586466,11121.771560576664,10888.030273637763,0.0,0.0,0.0,0.0,0.0,0.0,nan,0,-0.014739779597618852,0.005162022031383602,-0.011193747624571815
5.421318838999468,0.8105302191396563,0.002580895127582918,1.4975623574998551,0.8661375706872295,0.04110314811490173,-0.08415922711487928,-0.001759327689476882,-0.1516179453121652,-0.0025365510088896843,1.0,0.0,1.5,0.18950303686190564,10871.262910218215,11092.76133638286,11100.693269895579,10867.16373035174,0.0,0.0,0.0,0.0,0.0,0.0,nan,0,0.00032553446889316273,0.0014447122469264122,0.015611893855058012
5.431639808999535,0.8230089251159524,0.010310578000533784,1.4903443866836938,0.8655109795002467,0.025248496669506234,-0.07286375662529491,0.001995186747679705,-0.15355373128263658,-0.005600145927322409,1.0,0.0,1.5,0.17755387767049663,10881.074057514275,11119.085425520849,11108.932066278448,10867.092057391723,0.0,0.0,0.0,0.0,0.0,0.0,nan,0,0.004197214353169221,0.009147901807872522,0.008118213268041963
5.442214112999864,0.8350813481677051,0.006511470583121498,1.5048124985586988,0.8087067192564771,0.01593085375228875,-0.07434638908996294,0.0002386078920794395,-0.16077331242802406,-0.005086520437977986,1.0,0.0,1.5,0.16511729501694863,10881.074057514275,11119.085425520849,11108.932066278448,10867.092057391723,0.0,0.0,0.0,0.0,0.0,0.0,nan,0,0.016269637404921933,0.005348794390460237,0.022586325143046926
5.452813340999455,0.8271546878093248,-0.012234908596611433,1.5070718015440254,0.8444005566623387,-0.011238169708507962,-0.12382071026015362,0.0013069695045708363,-0.16186495976759338,-0.0019706750168343276,1.0,0.0,1.5,0.17342204390370186,10826.51257993785,11049.700903722467,11026.774198363124,10798.32655336781,0.0,0.0,0.0,0.0,0.0,0.0,nan,0,-0.008387248904959677,-0.013450101198701315,0.024253836212412505
5.46304094900006,0.8361404461266044,0.0009115415472058636,1.4877466959695214,0.7930243390489184,0.005702627959233431,-0.09544020587868458,0.0034960625263723505,-0.16712907272978117,0.00033833994213143726,1.0,0.0,1.5,0.16431959032094698,10826.51257993785,11049.700903722467,11026.774198363124,10798.32655336781,0.0,0.0,0.0,0.0,0.0,0.0,nan,0,0.0005985094123199808,-0.00030365105488401904,0.004928730637908441
5.473888251000062,0.8701496989037019,0.007013818375466714,1.4737375142651319,0.8331449506709685,0.05059419373991965,-0.05803132869459528,-0.0012817088615207743,-0.16943683411678792,-0.00024985457140403166,1.0,0.0,1.5,0.1326650387252703,10786.277079428033,11011.240504473753,11011.774526997659,10777.483700725952,0.0,0.0,0.0,0.0,0.0,0.0,nan,0,0.01854068611443649,0.005747080991552448,-0.009685792727444964
5.484845404000225,0.8801018889848192,0.011777166468208736,1.4928050032622482,0.7429872018470889,-0.0014433593754556305,-0.07396170714821038,0.0009831279605162105,-0.17233928154438724,-0.0012766331469373914,1.0,0.0,1.5,0.1206897951489055,10778.238565360321,11017.514300079174,11021.487133847977,10776.392818575203,0.0,0.0,0.0,0.0,0.0,0.0,nan,0,0.020715737695210623,0.010485194091231562,0.009079620752513895
5.49544770600005,0.8688937064139938,0.00028978238656237904,1.4694265930952723,0.7569032880275288,0.014018066410218005,-0.12021341233354248,-6.680971070231513e-05,-0.17598828477465106,-0.006746681346352108,1.0,0.0,1.5,0.13462420808106418,10784.435179670385,11007.692941750258,10990.60121444594,10766.249189995695,0.0,0.0,0.0,0.0,0.0,0.0,nan,0,0.0019054429071715395,-0.001026964791317115,-0.014599044175839238
5.505394834000072,0.8779424401959386,0.001282490834563629,1.4892844459547607,0.7283265087638227,-0.009415934841397772,-0.1344255838025054,0.0035054407363577385,-0.18023792182175355,-0.0025969680145700043,1.0,0.0,1.5,0.1225337332596996,10784.435179670385,11007.692941750258,10990.60121444594,10766.249189995695,0.0,0.0,0.0,0.0,0.0,0.0,nan,0,0.010954176689116357,-3.425634331586497e-05,0.005258808683649141
5.516234582999459,0.886390826956958,0.00029527386972736237,1.477663445762698,0.7327167342703996,0.003014890567343786,-0.09512720003970135,0.00031115339225526575,-0.18210130982734268,-0.0009705152503781408,1.0,0.0,1.5,0.11578451123262527,10800.53296459284,11041.152572871251,11035.672726607287,10786.316902834644,0.0,0.0,0.0,0.0,0.0,0.0,nan,0,0.0047346124643832255,-0.0010693106367226117,-0.006951415138801487
5.526701148000029,0.8810492184118337,-0.0027399908244465344,1.4861161457681313,0.6940340589715329,0.002870954910249617,-0.12303812020844178,0.002469032358757152,-0.1879489397232229,-0.004338297969083195,1.0,0.0,1.5,0.11978963810983599,10808.719078743356,11060.265065027344,11069.747022527026,10808.880200548148,0.0,0.0,0.0,0.0,0.0,0.0,nan,0,-0.0076657220507162505,-0.004127448291859125,0.0012050297925068065
5.536863489000098,0.8842680671204194,0.0048549238924203274,1.5113330785188472,0.6935600775190538,-0.012397877524449825,-0.05652082281794165,0.0017569194910918194,-0.1838939753116092,0.0030392704492304013,1.0,0.0,1.5,0.11638680871455881,10805.77530225474,11056.938151217653,11068.819677099254,10809.476414380499,0.0,0.0,0.0,0.0,0.0,0.0,nan,0,-0.01131793787531854,0.0034454212451771253,0.026121777799541723
5.547387018000336,0.8933212849255859,0.0013041305389113757,1.4838079023205215,0.6361457317954653,0.005319514583452475,-0.0723374383280859,0.000396692010663655,-0.18847254637276106,0.01003979291801134,1.0,0.0,1.5,0.10790844746196802,10805.77530225474,11056.938151217653,11068.819677099254,10809.476414380499,0.0,0.0,0.0,0.0,0.0,0.0,nan,0,-0.002264720070151993,-0.00010537210833182643,-0.001403398398784006
5.557947057999627,0.9083299455189253,0.009893133118580038,1.4807631505729435,0.6529523488485326,-0.013299605073827684,-0.12377585831415769,0.00016395357450392096,-0.1932518164423819,0.005120599558538962,1.0,0.0,1.5,0.09418773459078623,10741.040639098692,11006.274642474657,11025.156340590736,10756.16583985208,0.0,0.0,0.0,0.0,0.0,0.0,nan,0,-0.0004260958550247329,0.008442386611670504,-0.0050553039113105935
5.568629915999736,0.9090570935097171,-0.002696006201329736,1.4750191883199633,0.620021585027206,0.001318646304198559,-0.10122521727492115,-0.0007887599158227249,-0.19542747934176183,0.0021247093718113714,1.0,0.0,1.5,0.09434999545591623,10724.332701675621,11013.999525258918,11021.51434579415,10740.007166198002,0.0,0.0,0.0,0.0,0.0,0.0,nan,0,-0.005995566503590899,-0.004165796431082445,-0.011094377943071887
5.578726523999649,0.9120293425496496,0.014739704456245726,1.4807116630684865,0.5551080472161972,-0.030871952987043805,-0.14769430571846615,0.0011914062128949984,-0.19403763193322937,0.002293045410306914,1.0,0.0,1.5,0.091258618230214,10724.332701675621,11013.999525258918,11021.51434579415,10740.007166198002,0.0,0.0,0.0,0.0,0.0,0.0,nan,0,-0.0030233174636583593,0.013269914226493016,-0.005401903194548696
5.589626152000164,0.9297085101728735,-0.008234815914534422,1.535640528519428,0.6111865135029549,-0.00823848177161179,-0.05724685167026876,0.0020270593515274832,-0.19758589825411318,0.0017648888158984743,1.0,0.0,1.5,0.07923984482826461,10764.899055813454,11063.048912201873,11070.552525307032,10780.219959045258,0.0,0.0,0.0,0.0,0.0,0.0,nan,0,0.0026504245762779544,-0.009739174065633077,0.04895055787595237
5.599818314000004,0.9297146007192164,0.009633063307128036,1.489897150580898,0.5408780486098992,0.007669957672070267,-0.07670074057524845,0.0023511556721532117,-0.19845855813742574,-0.001058292516297462,1.0,0.0,1.5,0.0716582223274019,10790.613096304232,11106.516285064228,11122.613167519849,10812.895788481093,0.0,0.0,0.0,0.0,0.0,0.0,nan,0,-0.003047036281936144,0.008113314105630454,0.0029179803267211923
5.61018120999961,0.9226712801575178,0.0071970025192724454,1.4917837754108503,0.5700283501293697,0.015467635916670443,-0.02947936359534209,0.003243822372225893,-0.20125243955122568,-0.005143054712138689,1.0,0.0,1.5,0.07809631300028747,10790.613096304232,11106.516285064228,11122.613167519849,10812.895788481093,0.0,0.0,0.0,0.0,0.0,0.0,nan,0,-0.010090356843634796,0.005677253317774864,0.004804605156673469
5.621295640999961,0.9486970513480111,0.00831967526433813,1.4923607841161592,0.4893697241271911,0.003600730162766804,-0.12334830295325891,0.0036225596667555453,-0.2062641682834051,-0.005152732117617138,1.0,0.0,1.5,0.052531582464385905,10710.059690105167,11007.777905432933,11029.3332326803,10737.104556399065,0.0,0.0,0.0,0.0,0.0,0.0,nan,0,0.005130652142373182,0.006773148621578345,0.004820540408757346
5.631170196000312,0.9404482107745289,0.0036624503963816383,1.499488640927594,0.4662194918461321,-0.01665023468321344,-0.09336258600040374,0.0023680396975789336,-0.20549035907029692,0.000752301597103523,1.0,0.0,1.5,0.05966649504505711,10704.654334959536,11011.572975037287,11026.532808041065,10722.37020645706,0.0,0.0,0.0,0.0,0.0,0.0,nan,0,-0.0031181884311090036,0.002115923753621853,0.011948397220192142
5.6419446199997765,0.9559203431307244,0.0024575029524608566,1.4467598033927076,0.5066930599336081,-0.0112929066447258,-0.04380922911556692,-0.00012520721624673965,-0.20373742144852153,0.0032306462762221036,1.0,0.0,1.5,0.06916338630559944,10670.752344008035,10970.935328114283,10980.344583660908,10679.686237582606,0.0,0.0,0.0,0.0,0.0,0.0,nan,0,0.007252794977599453,0.0008996368302551867,-0.0410396484528206
5.652324738999596,0.966336237184959,0.00034898395231876614,1.4908635631717408,0.4509819053239019,0.008435865153502699,-0.06272829102664852,0.0015192585223979985,-0.20587494763218536,0.004492666577257126,1.0,0.0,1.5,0.034883308251699476,10692.697542082764,11022.162659069045,11036.561804808804,10704.81291800621,0.0,0.0,0.0,0.0,0.0,0.0,nan,0,0.008073805293959846,-0.0012273645482079843,0.0025901458608967864
5.662901325999883,0.9706658170323942,-0.009860647219674978,1.4879627494247916,0.43659958634249224,-0.016147487624523917,-0.06929459647248534,0.0008178470176034312,-0.2078692746792135,0.002482622227231569,1.0,0.0,1.5,0.03320575334754829,10692.697542082764,11022.162659069045,11036.561804808804,10704.81291800621,0.0,0.0,0.0,0.0,0.0,0.0,nan,0,0.012403385141395051,-0.011436995720201728,-0.00031066788605249585
5.673532623999563,0.9825545104445526,-0.0043177478716801086,1.4766671417649666,0.47149799076735033,-0.03642543145519422,-0.0017484682636568255,0.002916785840985464,-0.20769680418659692,-0.003791544672393413,1.0,0.0,1.5,0.02945183060403529,10713.407791798118,11031.116251174566,11044.386067077909,10728.124143343131,0.0,0.0,0.0,0.0,0.0,0.0,nan,0,0.0198008653549685,-0.00590120869328572,-0.01182545023839876
5.683776834000128,0.9600273882023144,0.021401371070043147,1.475295786414148,0.4002501066519238,-0.03462633479496039,-0.012810553111664047,0.001678893324963564,-0.2041521944799964,0.000914093759858706,1.0,0.0,1.5,0.05163454799358225,10700.636947347286,11019.153808192095,11025.557927064916,10713.660982102803,0.0,0.0,0.0,0.0,0.0,0.0,nan,0,-0.007012492755050781,0.01981222258930584,-0.013404357681046086
5.694181707999633,0.9772056718619645,-0.008656298033273032,1.4671544096318814,0.3512116380660102,0.006102667083465344,-0.10548970747734547,0.001556043130056034,-0.20702796828386041,-0.0039645318280996725,1.0,0.0,1.5,0.04090654834541202,10694.684438948172,11011.915427929322,11024.760631519111,10715.26286716009,0.0,0.0,0.0,0.0,0.0,0.0,nan,0,0.0060845530944577675,-0.010249716452513798,-0.02174004835381571
5.70498580200001,0.9789058013069193,-0.011092227409701736,1.4885549529432305,0.3616542501547025,-0.028895853034144273,-0.040495511051832085,-0.0005118866237767444,-0.2064783882710209,0.0048961870787360955,1.0,0.0,1.5,0.026438453614827308,10643.535861939888,10937.521980764239,10968.330025733581,10672.632413005049,0.0,0.0,0.0,0.0,0.0,0.0,nan,0,0.00023426637582291132,-0.012690017874541762,-0.000671716699401248
5.715568923000319,0.9859709951946057,-0.00513326575012327,1.5041108487312778,0.35354838594390625,-0.03432220512549478,-0.1163534766102288,0.0021470321884145727,-0.20480247171394847,-0.004792968432199604,1.0,0.0,1.5,0.015493949476573489,10704.286135973578,11006.726169972691,11031.116592078659,10724.388389270243,0.0,0.0,0.0,0.0,0.0,0.0,nan,0,0.00383000441628234,-0.006731225173686013,0.014747009976314729
5.725847347000126,0.9961670693749564,0.0019809179646532757,1.4917988163513787,0.27319535699332365,0.0030558533091113427,-0.03249155601508386,0.0035888023746097485,-0.20800262219972881,-0.0009995237492025249,1.0,0.0,1.5,0.00926686605047776,10704.286135973578,11006.726169972691,11031.116592078659,10724.388389270243,0.0,0.0,0.0,0.0,0.0,0.0,nan,0,0.014026078596632963,0.00038295854109053227,0.002434977596415644
5.7362812069995925,1.0025052397543797,0.003540316561711026,1.4648839582460411,0.2809498260153084,0.0212032358799544,-0.06340843976633191,0.004501608252459939,-0.20183023565989686,-0.0009564203985752618,1.0,0.0,1.5,0.035382855397068126,10712.199022598677,10996.641894408494,11035.20893803756,10741.860916160806,0.0,0.0,0.0,0.0,0.0,0.0,nan,0,0.014038444133024908,0.0019457989511762453,-0.024711300777258582
5.7465944870000385,0.9961676725232042,0.015680953216913773,1.5052033206481799,0.2633599842610714,-0.012340782619407782,-0.027230636783563116,0.0015449635000838956,-0.20611387822949265,-0.004092519069437294,1.0,0.0,1.5,0.016960352987134955,10712.199022598677,10996.641894408494,11035.20893803756,10741.860916160806,0.0,0.0,0.0,0.0,0.0,0.0,nan,0,0.007700876901849396,0.014086435606378992,0.015608061624880154
5.757509533000302,0.9881129350339412,-0.0007313192647285106,1.5037608882411015,0.2513700967124912,0.010152752711947507,-0.0029058593988231926,0.0004692561813181282,-0.2054357434997732,-0.002250162636521506,1.0,0.0,1.5,0.012489252248886742,10721.067964906259,11018.225095954218,11029.924236972072,10728.563848239892,0.0,0.0,0.0,0.0,0.0,0.0,nan,0,-0.00586577636272223,-0.0023178966844613876,0.01398959172687575
5.767890178000016,0.97912544617807,0.008265031386574218,1.520421734081717,0.21626082430971966,0.03539705096216171,-0.049880264615126874,0.0034627256854987292,-0.20461701168381025,-0.0006108176551944681,1.0,0.0,1.5,0.030349711102250584,10680.540319293857,10980.398071249221,10985.573357629866,10681.213477607313,0.0,0.0,0.0,0.0,0.0,0.0,nan,0,-0.017306242186842846,0.006683854307367591,0.030583793857466235
5.77841873899979,0.9935541373117036,-0.01367917164034062,1.4728364416036932,0.1952295158775461,-0.028044789798888865,0.004333260938909524,0.0019069440112984882,-0.20149851167419666,0.0026646540251242553,1.0,0.0,1.5,0.031089030015615478,10639.55707561683,10937.844505490633,10935.677891784222,10628.92090232631,0.0,0.0,0.0,0.0,0.0,0.0,nan,0,-0.005131663522461527,-0.01525415158412794,-0.017045775433823795
5.789071887999853,1.0122279195078485,-0.011645160503931015,1.4868963027581228,0.2077065352853323,0.030328135660238956,-0.033412690028330104,-0.0002586416731889639,-0.20265137661807953,-0.0005454310100717284,1.0,0.0,1.5,0.021373784411271617,10628.017420285212,10934.247702828021,10915.246667890618,10603.822900937712,0.0,0.0,0.0,0.0,0.0,0.0,nan,0,0.011484544032846822,-0.01321326127259753,-0.0030027307723672347
5.799573176999729,1.0141909564066083,0.011100338364452546,1.5204877639015615,0.1347819790910152,-0.02826928157018717,-0.06105593146670659,0.0019714595208254037,-0.19828343344597735,0.0004138078189398794,1.0,0.0,1.5,0.02728276425191772,10615.151034646571,10925.747320840439,10922.96951040131,10610.417545604354,0.0,0.0,0.0,0.0,0.0,0.0,nan,0,0.011584868168088125,0.009539694853780523,0.030600540659587505
5.810120000999632,1.0088095114054332,0.013859388461982473,1.499210089566364,0.16772115831747517,-0.0077172381796680916,-0.038048647359004026,-0.0008440671179350748,-0.20199666306554082,0.005031409995814572,1.0,0.0,1.5,0.01644123165203134,10641.39035708522,10936.571635624461,10922.698726737404,10626.789691367305,0.0,0.0,0.0,0.0,0.0,0.0,nan,0,0.00453424904047961,0.012306684523053724,0.009361930400362484
5.8203141730000425,0.9991542499523964,-0.011481549621739282,1.472307931222076,0.13930991703110412,-0.04412812566114375,-0.07229901467838068,-0.002420398922269809,-0.19826779527236477,-0.002507717691942733,1.0,0.0,1.5,0.029989864088734382,10636.934193388393,10934.29540242602,10929.790838972136,10633.125115481427,0.0,0.0,0.0,0.0,0.0,0.0,nan,0,-0.006598087529426477,-0.013025922474326546,-0.017475518468107243
5.830768461999469,1.0243176477277243,-0.0034383015773445293,1.4732317347291495,0.09529110539184978,-0.01145834540925484,-0.09429369070098637,-4.591778241178888e-05,-0.19375554355789262,-0.0009952348039035685,1.0,0.0,1.5,0.03632781213281479,10636.934193388393,10934.29540242602,10929.790838972136,10633.125115481427,0.0,0.0,0.0,0.0,0.0,0.0,nan,0,0.018565310245901356,-0.004982674429931793,-0.016551714961033692
5.841258464999555,1.0229913997822575,0.0186269311079281,1.475226013419516,0.0613585220166835,-0.032300192680878394,-0.05841954565872529,-0.0024309951483800192,-0.1913720576031069,0.0005316740225931255,1.0,0.0,1.5,0.03859167575445625,10644.295591544576,10933.222709625126,10923.383945431633,10641.5685396393,0.0,0.0,0.0,0.0,0.0,0.0,nan,0,0.015952302079615066,0.01709119425347064,-0.01446777125125065
5.851939872000003,1.0044589645124056,-0.011421024216410303,1.4886600046459497,0.09550300310468639,-0.00282679039527777,0.004259220786376345,0.0021549041740311554,-0.1897881884378269,0.0035571948545963577,1.0,0.0,1.5,0.016700827922729006,10756.473379027257,11022.14553830229,11029.406683866282,10761.931079262094,0.0,0.0,0.0,0.0,0.0,0.0,nan,0,-0.00458613860560364,-0.012938906339624398,-0.0008053545579174148
5.8624732409998614,1.010026471173428,-0.0012715564912393624,1.4926130254555074,0.05860127760838402,-0.036632758620519776,-0.038408019985262186,0.0007094023629417145,-0.18563930467920606,-0.0017297813217021416,1.0,0.0,1.5,0.012518561140281857,10772.820171924113,11036.871858816921,11043.231333747388,10777.265166498652,0.0,0.0,0.0,0.0,0.0,0.0,nan,0,0.0002606891759313612,-0.0027803917968195957,0.0032698615955359944
5.872872212999937,1.0151076182603205,-0.010667998381032724,1.4639907561442678,0.039495910709961696,0.0016441662345760358,-0.02936718723133045,-0.0015862678127879567,-0.1836300400631631,0.0010636966384635622,1.0,0.0,1.5,0.040481007423468045,10729.707507293602,10985.152549234694,10989.767804029128,10736.36248528689,0.0,0.0,0.0,0.0,0.0,0.0,nan,0,0.004805936600992933,-0.012167829204195521,-0.02522442286332205
5.883085122999546,1.0318233122770941,0.005959206379232251,1.47411018642454,0.021282666857006704,-0.005308020498699807,-0.013455801685084206,0.00017692967017659175,-0.18050797132503718,0.00203768515884733,1.0,0.0,1.5,0.041455009250123215,10729.707507293602,10985.152549234694,10989.767804029128,10736.36248528689,0.0,0.0,0.0,0.0,0.0,0.0,nan,0,0.021521630617766574,0.004459375556069454,-0.015104992583049759
5.893933981999908,1.0189917708863367,-0.00615062553450378,1.469037004666329,-0.006854212570913242,0.00115064390726985,-0.06283721612261747,-0.00040252524088228096,-0.17440599071585713,-0.0024116579926183493,1.0,0.0,1.5,0.03684052979936266,10749.996243725942,10987.415624052603,10996.084501506119,10760.176774868189,0.0,0.0,0.0,0.0,0.0,0.0,nan,0,0.008159799510887966,-0.0076329602805981014,-0.019894432076680957
5.904203158999735,0.985139546514811,0.0010551022067671733,1.4857979490531186,-0.0012602256869444905,-0.025016741856052252,0.018865381636525035,0.00031280086329775757,-0.17799513833181435,0.0009929114260260727,1.0,0.0,1.5,0.020582627858220827,10749.996243725942,10987.415624052603,10996.084501506119,10760.176774868189,0.0,0.0,0.0,0.0,0.0,0.0,nan,0,-0.02569242486063783,-0.00042723253932714896,-0.003133487689891412
5.914690696999969,1.006783979287681,0.0012742146920204406,1.5229047758616887,-0.03611457348029663,-0.01534628071866496,-0.03320789995045518,-0.0028538830864405355,-0.1715677719245884,0.00014029105603322387,1.0,0.0,1.5,0.023922264845353633,10754.441782185411,10980.236999475106,10980.962356573124,10759.677027947138,0.0,0.0,0.0,0.0,0.0,0.0,nan,0,-0.004047516813646679,-0.00019983677889126475,0.034125733672612624
5.9253477390002445,1.0220762650052628,-0.01203453930598364,1.485285776558834,0.012505373966666664,0.0070381995329659944,0.00030422479920052343,0.0004496566020795038,-0.16545928430057497,-0.00045152943671332094,1.0,0.0,1.5,0.029132455858825457,10743.803985840212,10964.769024156283,10965.854484753967,10748.857455633588,0.0,0.0,0.0,0.0,0.0,0.0,nan,0,0.011763664917898708,-0.013493506696093154,-0.003178759690440458
5.935662955000225,1.0075371136524,-0.005134353833162865,1.5061934277308626,-0.08423386442076485,0.002489255265109606,-0.04051492167534044,-0.0006769671068825472,-0.17252652924202408,-0.0031865130686193972,1.0,0.0,1.5,0.011023983787666223,10743.803985840212,10964.769024156283,10965.854484753967,10748.857455633588,0.0,0.0,0.0,0.0,0.0,0.0,nan,0,-0.0022648185041538316,-0.006586737006729261,0.01789842972693334
5.946266361000198,1.00262562513431,0.0012555394095430327,1.4650470991266502,-0.09241064931183006,0.012317646929130394,-0.0573338931621294,-0.00047459578112012845,-0.16547522815950674,-0.000762975444808245,1.0,0.0,1.5,0.03507385872722094,10729.742238522103,10910.649079823334,10906.758908650518,10728.181461651964,0.0,0.0,0.0,0.0,0.0,0.0,nan,0,-0.00650346476991559,-0.0001910421133308512,-0.02306531650489485
5.956847409000147,1.021211722497309,-0.018922677486286482,1.4748970022626948,-0.09418317482810382,0.010811135388093768,0.009244638836939241,-0.002924336522155875,-0.15654936073437595,0.0020008276808194383,1.0,0.0,1.5,0.037923151107891934,10728.896241579501,10921.327506179801,10915.244841038919,10722.058347543792,0.0,0.0,0.0,0.0,0.0,0.0,nan,0,0.012914201972762163,-0.020364349351070368,-0.013019943016945312
5.967297013999996,1.0110185602620747,-0.0023905249231879764,1.4705892397942675,-0.09800436262196319,0.016499188322927995,-0.024995588151487357,0.0015205830576764377,-0.1508352595947635,-0.005446714598607916,1.0,0.0,1.5,0.0314978744606117,10784.542701037299,10978.429083246163,10964.859995474448,10772.22415440813,0.0,0.0,0.0,0.0,0.0,0.0,nan,0,0.003708697596243704,-0.0038282916332623897,-0.01712513576933805
5.9778790889995435,0.9955966622741171,0.006727577562021519,1.4728041741410245,-0.15521047235944918,0.009261290511193537,-0.038495205572565,-0.002584773517136295,-0.15243356681318812,-0.00018218981493072623,1.0,0.0,1.5,0.028359524451811946,10778.206942753159,10958.416046827817,10944.953328072383,10764.213409558783,0.0,0.0,0.0,0.0,0.0,0.0,nan,0,-0.010572523801862244,0.00529260572609402,-0.014704391767646152
5.9883542970001145,1.006416549261991,0.005874374016198822,1.4996717870597331,-0.14664806242849632,0.00840074682527381,-0.029263161740370285,7.216462648677684e-05,-0.15027061231050864,0.0033641600539589594,1.0,0.0,1.5,0.008705636004790658,10808.820092484415,10968.5349726909,10954.288795869588,10788.885120696428,0.0,0.0,0.0,0.0,0.0,0.0,nan,0,0.0015374417510023441,0.004440990785836738,0.012371136062324872
5.999083879999489,1.02461059997185,-0.0021920741855678463,1.473139503958245,-0.1472879585482332,-0.035598049079174174,0.02521899484511639,0.0013555573682353527,-0.14732302230608832,-0.003862963780163252,1.0,0.0,1.5,0.03649620621131185,10808.820092484415,10968.5349726909,10954.288795869588,10788.885120696428,0.0,0.0,0.0,0.0,0.0,0.0,nan,0,0.019731492460861366,-0.0036254574159299293,-0.01416114703916338
6.009385993999786,0.9971174535051037,0.0031552023687111837,1.4778998582238678,-0.14727408905037245,-0.007712641407921471,0.015048212751594452,-0.003465904492094689,-0.1427779644425321,0.0007794403931374548,1.0,0.0,1.5,0.022509567805888725,10812.212889282042,10982.87462415531,10956.521686107571,10789.456875754679,0.0,0.0,0.0,0.0,0.0,0.0,nan,0,-0.004746925009361469,0.0017210274846894177,-0.008991845227387607
6.019818994000161,1.0149934444543653,0.0026002578317636453,1.503344516603471,-0.15818167166945726,-0.02754584160705446,-0.011583041606659962,0.0018790766937387031,-0.134570189571306,-0.00204182617420334,1.0,0.0,1.5,0.015580452776112756,10787.744064219469,10943.185188129026,10939.037954373187,10780.531235262379,0.0,0.0,0.0,0.0,0.0,0.0,nan,0,0.014845402937601504,0.0011635687772283624,0.016655859845128962
6.030599405999965,1.004897261877941,-0.0016096591421743847,1.474459814039138,-0.15580277795675665,0.0029706238234593054,0.02152652344734372,-0.00395454353457223,-0.13386974412725766,0.007044470845724148,1.0,0.0,1.5,0.0260552350856892,10778.392785326183,10926.950516326715,10918.24200658706,10768.8863813561,0.0,0.0,0.0,0.0,0.0,0.0,nan,0,0.006598872687333057,-0.003050343325285936,-0.012023007119931872
6.0410294559997055,1.019820839959117,-0.006635873627416308,1.4793474237842978,-0.21356500866124326,0.028946564021752663,0.03174397963124949,-0.0037864775595111977,-0.13143162366738456,-0.001318899237538628,1.0,0.0,1.5,0.029384169544660586,10778.392785326183,10926.950516326715,10918.24200658706,10768.8863813561,0.0,0.0,0.0,0.0,0.0,0.0,nan,0,0.021522450768509116,-0.008076557810527858,-0.00713539737477209
6.0513576639996245,0.9963891954651591,0.0011064783265488237,1.4683590069587062,-0.18195208639731417,-0.0071362045755306875,-0.012138452709970472,0.003855820290841515,-0.12710427732192642,0.00034230761196375905,1.0,0.0,1.5,0.03186557145753312,10774.261586547653,10890.62941289901,10882.690152481242,10772.139985655616,0.0,0.0,0.0,0.0,0.0,0.0,nan,0,0.0021723558632391615,-0.00034682338596206527,-0.017697067135734157
6.061828074000005,0.9855263034764293,-0.00023107915200713076,1.4776415101863618,-0.18945695134421708,0.006282050021233368,0.01850388905907509,-0.005197560577883157,-0.12129510548010429,0.0025142530445157545,1.0,0.0,1.5,0.026635377890645306,10774.261586547653,10890.62941289901,10882.690152481242,10772.139985655616,0.0,0.0,0.0,0.0,0.0,0.0,nan,0,-0.008690536125490644,-0.0016843808645180198,-0.008414563908078598
6.072475291000046,0.9881528355555853,0.017979605174089707,1.4798648938551702,-0.22550940691170512,-0.008118046957991546,-0.02823912988118936,-0.000784595608240549,-0.111847772829093,-0.0003318250183408159,1.0,0.0,1.5,0.029479552355026035,10800.830085006426,10900.559319109065,10891.628255091804,10793.215784144311,0.0,0.0,0.0,0.0,0.0,0.0,nan,0,-0.0015019128534987658,0.016507220437699793,-0.005739946412324448
6.082873149000079,0.9839539542897154,0.007204681612872921,1.4731703470832918,-0.20566583656324017,-0.044133760970055946,-0.04394439032176151,-0.002676803677186517,-0.11326505544550226,-0.0013815287149795562,1.0,0.0,1.5,0.03208135433098862,10800.830085006426,10900.559319109065,10891.628255091804,10793.215784144311,0.0,0.0,0.0,0.0,0.0,0.0,nan,0,-0.005700794119368635,0.005732296876483007,-0.012434493184202866
6.0934583749995,0.9907299946821678,0.0008688148191408929,1.4778777365683817,-0.2247547604450865,0.01793723988058903,0.033545790870187685,-0.0027311168220639915,-0.1057649165106956,0.0019498799134593466,1.0,0.0,1.5,0.02400171612865444,10832.172038461704,10914.145971890715,10897.829293944524,10818.274859605364,0.0,0.0,0.0,0.0,0.0,0.0,nan,0,0.006084621847477489,-0.000629436025868089,-0.007266042170332998
6.103870582999662,0.9879696266602165,-0.008192926327470887,1.4762881525916398,-0.3243495392536574,0.004551039532107587,-0.03897714677199492,-0.0017096355654192545,-0.10068793577037141,0.003543053904012954,1.0,0.0,1.5,0.027822753853982488,10868.749054497604,10935.699354948098,10933.089404243488,10867.461070799389,0.0,0.0,0.0,0.0,0.0,0.0,nan,0,0.00598657743384301,-0.009706732993411623,-0.00863110574044601
6.114413082999818,0.9742379709580984,0.0043708680542363584,1.4626478085477987,-0.28427531943054835,-0.029316074774572296,-0.021502129091549475,-0.00503700141725894,-0.0968218214005984,0.007028896359173917,1.0,0.0,1.5,0.0455847873109574,10847.823899672823,10905.527606649151,10889.66198983156,10837.700980793868,0.0,0.0,0.0,0.0,0.0,0.0,nan,0,-0.004983422462647602,0.0028397313977881616,-0.022053616619063465
6.1251067880002665,0.9867827019994693,-0.01844991087112089,1.4910535108654475,-0.31459747477999445,0.012286750253361395,0.021178652679308234,0.001568439498767366,-0.09146028114259117,0.002896109096868994,1.0,0.0,1.5,0.024395406236047905,10869.575252625997,10944.958341228094,10930.493217438658,10863.0744595298,0.0,0.0,0.0,0.0,0.0,0.0,nan,0,0.010417787959687397,-0.020000163234053316,0.006562478488546297
6.135173646999647,0.9684896849978751,0.02769830856616861,1.4834661218533043,-0.29193263133168273,0.009471672582379709,0.006314885608757865,-0.002142583544486245,-0.09031316323060687,-0.009035786789973797,1.0,0.0,1.5,0.045093961630462316,10869.575252625997,10944.958341228094,10930.493217438658,10863.0744595298,0.0,0.0,0.0,0.0,0.0,0.0,nan,0,-0.00787522904190674,0.026148056203236184,-0.001024910523596878
6.148424991999491,0.9745876683887916,0.008642935289494892,1.4646771702236543,-0.2972349283251136,0.013444032233821892,-0.02500341963867297,-0.004304270467591314,-0.08154355071071756,-1.771009734340553e-05,1.0,0.0,1.5,0.04436427878085151,10847.824384045936,10924.837163877213,10918.400603524542,10853.034426296203,0.0,0.0,0.0,0.0,0.0,0.0,nan,0,0.0042030998473103764,0.0070490551296112924,-0.019430104988992003
6.1572513940000135,0.9567793383711963,-0.008299932978927487,1.4529316104623085,-0.31745220153939263,0.0023656224198615313,0.06865859262855625,-0.006350055113881727,-0.07721196011242144,0.0014803001865347357,1.0,0.0,1.5,0.06443871330774771,10847.824384045936,10924.837163877213,10918.400603524542,10853.034426296203,0.0,0.0,0.0,0.0,0.0,0.0,nan,0,-0.013605230170284921,-0.009893813138811087,-0.03117566475033784
6.16730649999954,0.9850170912415636,0.007322909537169808,1.4890590918870943,-0.3298277560244104,-0.027573866658927193,-0.012376943986634888,-0.001519608501839152,-0.07382804759987734,0.0006832145725405886,1.0,0.0,1.5,0.019945326001052227,10850.362774438798,10915.944439684217,10900.739620168963,10832.923569244522,0.0,0.0,0.0,0.0,0.0,0.0,nan,0,0.017746613730773353,0.005704528002062535,0.005130470586721225
6.177865675999783,0.9498436149613763,-0.00815574969841605,1.4923087219703475,-0.284774927332048,-0.007003020092142353,-0.0005181042433665685,0.0002456282375408367,-0.06866763829411558,-0.006982051665962682,1.0,0.0,1.5,0.051393919591867177,10893.58016507832,10943.342436777497,10922.746784143052,10870.41763984936,0.0,0.0,0.0,0.0,0.0,0.0,nan,0,-0.014236323806041007,-0.009800419633161573,0.008548785692851668
6.188233218000278,0.9728964960929691,0.011854362111492014,1.4772132980945587,-0.2948276860102263,0.0010903893956732901,0.03338173018040296,-0.0006593969311505496,-0.06317851837428674,0.0006950738492216513,1.0,0.0,1.5,0.0373411249005203,10861.634110548779,10911.295839716426,10891.74769229448,10840.850888858775,0.0,0.0,0.0,0.0,0.0,0.0,nan,0,0.012078850015176057,0.010181632789658472,-0.0063881554037186206
6.1989069920000475,0.9459590372521064,-0.005456633094994864,1.4742229941646636,-0.38691025791895634,-0.015704798794935537,0.020702659181181637,-0.0027615079348725,-0.05877172827743795,-0.00012069653268967136,1.0,0.0,1.5,0.060121997050061333,10862.312025293966,10900.214605025858,10894.593389401933,10857.218268661394,0.0,0.0,0.0,0.0,0.0,0.0,nan,0,-0.011529453084910934,-0.007159161347231241,-0.009228000300267158
6.209593765999671,0.9698726220344932,0.00971813416585048,1.4949146415216639,-0.33061600924433443,0.014019040696045816,-0.002016215983970729,-0.0013642724198797828,-0.056109620589005836,0.0037303123524233856,1.0,0.0,1.5,0.032061845012337636,10858.3616349105,10874.521965859098,10880.038987594064,10857.382265660186,0.0,0.0,0.0,0.0,0.0,0.0,nan,0,0.015775377378818067,0.007984102547131685,0.011606626061400283
6.219459693999852,0.9466352230628005,-0.007175199469870833,1.4872816764328045,-0.3367128034911757,-0.00495277677872718,-0.016060999450659558,-0.002006163717245531,-0.048068585486274656,0.005317796301941801,1.0,0.0,1.5,0.05532665414923786,10853.611196219354,10850.333578208469,10850.349407181637,10850.544693156206,0.0,0.0,0.0,0.0,0.0,0.0,nan,0,-0.004013560195854526,-0.008942399918459834,0.004111381033477857
6.230075166999995,0.9424643590767634,0.0022706288201717827,1.4745585466954747,-0.36768442997514195,0.006701329851068105,-0.03554072079899783,-0.002691520615814963,-0.04482188570462907,-0.005724238760768111,1.0,0.0,1.5,0.06295056217328765,10848.326908246157,10853.239418201489,10847.184634614576,10845.968918550216,0.0,0.0,0.0,0.0,0.0,0.0,nan,0,-0.0011349432837117757,0.0004322381529625035,-0.008348708248666403
6.24095350799962,0.9323646686823029,0.00851679295521349,1.4837678814329598,-0.3493954803996189,-0.004142126695711394,-0.00599239218362503,0.0014738204378676296,-0.03757013020821175,-0.0010185113141891761,1.0,0.0,1.5,0.07007535570991472,10848.326908246157,10853.239418201489,10847.184634614576,10845.968918550216,0.0,0.0,0.0,0.0,0.0,0.0,nan,0,-0.011234633678172234,0.006678402288004211,0.0008606264888186832
6.250903240999833,0.9494977571154756,-0.0013830430234558295,1.4631355405383728,-0.384997596108954,-0.007139238661862221,-0.018912052897451646,-0.0006752814142280042,-0.032780814764190924,-0.003843647013343484,1.0,1.0,1.5,1.003333176847393,10865.789711933756,10860.471931285825,10857.106712976894,10870.42703524977,0.0,0.0,0.0,0.0,0.0,0.0,nan,0,0.00949010501445735,-0.003259390718583386,-0.01964776601206486
6.262007133999759,0.9504438677592381,-0.0037421895743717463,1.4709851442939592,-0.34249420522972623,-0.01547163570791306,-0.032907107529312994,-0.001867960314536751,-0.02954724847944149,-0.00585076091524632,1.0,1.0,1.5,1.0053835363809476,10777.522892428025,10738.907138348832,11005.12555158927,11052.546264994462,0.0,0.0,0.0,0.0,0.0,0.0,nan,0,0.017730538931803208,-0.005699040237462456,-0.011584344549900427
6.272001149999596,0.9209204780104746,0.0007109068760202933,1.4675540816684651,-0.3773702398402238,0.022096755652317376,-0.024976370207974777,0.0001557171346621987,-0.02451936749717458,-0.0034003494622772187,1.0,1.0,1.5,1.0029381835641789,10720.717893509254,10661.011775803829,11111.253823495397,11183.48642325719,0.0,0.0,0.0,0.0,0.0,0.0,nan,0,-0.008099426335946736,-0.0012885163623185339,-0.014930641373176012
6.282812043999911,0.9348594519042667,-0.003570830795860034,1.4926070480391969,-0.3816329680465724,-0.02387395659350159,-0.02584880267607595,-0.004770655395810403,-0.02168367054144676,0.0025309326197073653,1.0,1.0,1.5,1.0057098782298997,10691.682642606507,10601.814110480089,11182.330222990886,11284.4878180912,0.0,0.0,0.0,0.0,0.0,0.0,nan,0,0.009557714679353513,-0.005614647369203566,0.010186905341372343
6.293074960000013,0.9131960644765382,0.009353598828065319,1.4888352919084324,-0.38580955060593236,-0.03348209103234094,0.04503393333132297,-0.00299312773480176,-0.014855746409321371,0.0048207190211098545,1.0,1.0,1.5,0.9945048346207458,10664.492672795319,10573.616560353754,11230.58918740155,11339.36713737285,0.0,0.0,0.0,0.0,0.0,0.0,nan,0,-0.008367335664546172,0.007263025221959878,0.006456210699206766
6.303610738000316,0.9172061395138769,0.0024161990721131292,1.4806019452317372,-0.38244275788052556,0.04023887862103735,0.017595733437578052,-0.004791516983786303,-0.013300125519154162,0.00016303316905259534,1.0,1.0,1.5,1.0012015520047488,10630.859791574914,10534.07633989955,11235.627116295102,11360.569712404282,0.0,0.0,0.0,0.0,0.0,0.0,nan,0,-0.0006033483052618749,0.0002756225517701466,-0.0017597765370238605
6.314109711999663,0.9167987768874556,-0.0041882535292230485,1.4497854283048395,-0.400569366707316,0.01175221764305313,0.04253261359545258,-0.004578631562998658,-0.007986283185752101,-0.003314705144303753,1.0,1.0,1.5,1.0088795742129102,10558.725692718388,10465.701022917745,11189.929164962594,11324.291432003687,0.0,0.0,0.0,0.0,0.0,0.0,nan,0,0.002754166677613412,-0.0063833122649267285,-0.0325764770790864
6.324710099000185,0.9015294946028728,0.010128147412894452,1.4794777290552956,-0.35892568766318284,0.011183286278235555,0.02214743222917122,-0.0087131967022476,-0.0015938523841157756,0.0034585988873960167,1.0,1.0,1.5,0.9949692902708716,10546.978078713264,10459.71500823867,11176.893867422546,11308.802648877128,0.0,0.0,0.0,0.0,0.0,0.0,nan,0,-0.00874376569170332,0.007872509420637174,-0.0028959995331339083
6.334855731999596,0.9080001507473738,0.008262310228350481,1.4657235675075708,-0.3470148404467851,0.01780131280370098,0.0565432427193634,-0.010988276100060014,0.0034158817139501576,-0.0024535551571399296,1.0,1.0,1.5,0.9965854160083433,10546.978078713264,10459.71500823867,11176.893867422546,11308.802648877128,0.0,0.0,0.0,0.0,0.0,0.0,nan,0,-0.002273109547202279,0.006006672236093203,-0.016650161080858705
6.345662364999953,0.8965153492986028,0.012674182177776433,1.4739738450605748,-0.33045199680465565,0.011184062003286546,-0.021830647499912807,-0.015253865392727302,0.004774943309414549,0.001266726749998496,1.0,1.0,1.5,0.9930753769025007,10571.057479081228,10479.681162278252,11136.421316058562,11279.304785969902,0.0,0.0,0.0,0.0,0.0,0.0,nan,0,-0.006213116449012124,0.010270558619014351,-0.008455450367973238
6.356246098000156,0.9062996337707566,-0.011234053299389936,1.4511310257634469,-0.3676672879636198,0.022244693405802856,0.0076058695548190305,-0.01568149464194499,0.005296520650042243,-0.012082734798377563,1.0,1.0,1.5,1.0167409924984536,10579.224900728692,10473.395771340243,11094.557234635879,11250.51636514978,0.0,0.0,0.0,0.0,0.0,0.0,nan,0,0.007336147487133626,-0.013730276405545598,-0.0313386587895772
6.366956121999465,0.9041111143029449,0.007878359950523542,1.4789963226051155,-0.3755285790524558,0.03005045735664778,0.03233168262273911,-0.02212486856873177,0.011038323997223461,-0.000588064823026113,1.0,1.0,1.5,0.9969659881454304,10649.242422652635,10532.606962915039,11097.02642543308,11265.896790141978,0.0,0.0,0.0,0.0,0.0,0.0,nan,0,0.008902124654339372,0.005273023568520685,-0.0035230751593047227
6.3769398530002945,0.8980887210038208,0.020414782132381733,1.4924876125208795,-0.3529687460817868,0.04293198453632991,0.016379479622685756,-0.024805096578814856,0.017165417978214612,-0.006578954569827587,1.0,1.0,1.5,0.9849007786660657,10708.667513650586,10584.582087307661,11098.9894025637,11262.024561613394,0.0,0.0,0.0,0.0,0.0,0.0,nan,0,0.006619626951086532,0.017680219001717148,0.009903615014664968
6.387606522000169,0.9018568238059937,0.020301453389479814,1.4764628011923513,-0.3772416868068261,0.016450763764502604,0.010940594066963055,-0.031059674039079943,0.02251560785864869,-0.004860632793941767,1.0,1.0,1.5,0.9848834068009898,10710.415444816796,10596.591094023514,11051.614697585259,11211.27357713522,0.0,0.0,0.0,0.0,0.0,0.0,nan,0,0.014109038618323022,0.017413742405893155,-0.006200792809073263
6.398059066999849,0.872196574379078,-0.008498509313252895,1.4897389148213298,-0.36091283246088085,0.03240412201549266,-0.047639232183819255,-0.03194558231705791,0.022742254841798086,0.006191428314353173,1.0,1.0,1.5,1.0166160773647737,10721.211868270811,10608.248775664497,11010.92948577905,11168.42269948975,0.0,0.0,0.0,0.0,0.0,0.0,nan,0,-0.011852322898689649,-0.011567269283895475,0.006984320925088605
6.408579767999981,0.8788764982757596,0.01965363594665418,1.4766770706222898,-0.3685544561646142,0.0394475648559943,-0.009608829892689543,-0.03641162782366163,0.027950511665228498,-0.006036150068093515,1.0,1.0,1.5,0.9880758347502053,10761.019556791585,10646.55274109741,10989.648028003243,11148.33124113246,0.0,0.0,0.0,0.0,0.0,0.0,nan,0,-0.0014997312218110181,0.016371642710666347,-0.006179141635526797
6.418836705000103,0.8684429334240297,-0.0008967534324028034,1.4611968285178467,-0.3467134893488792,0.005859474332011968,0.0835590163645089,-0.03997097846587253,0.030470558449840035,0.00016052628762057165,1.0,1.0,1.5,1.0102510870643355,10761.019556791585,10646.55274109741,10989.648028003243,11148.33124113246,0.0,0.0,0.0,0.0,0.0,0.0,nan,0,-0.011933296073540989,-0.0041787466683906385,-0.021659383739969895
6.429467877999741,0.8746232817757007,0.001535275771560556,1.4385571496954837,-0.3839815420038621,0.04448351836957742,-0.022699726093552197,-0.044313651656136516,0.03744106103780112,-0.0017221025528913472,1.0,1.0,1.5,1.0081797215054527,10862.59583733603,10757.240210372323,10982.32685531747,11138.937489264652,0.0,0.0,0.0,0.0,0.0,0.0,nan,0,0.0014983822317593543,-0.0022885849267031957,-0.04454974198739814
6.439760829999614,0.872968214158668,0.003690599090716333,1.4976939291740028,-0.3770013602297267,0.046042932769199886,0.04235207223923704,-0.05080414452215853,0.04198799584433619,-0.0013160138228048473,1.0,1.0,1.5,1.0043778247835364,10838.91682391447,10734.376722433915,10921.683794429335,11082.964100384297,0.0,0.0,0.0,0.0,0.0,0.0,nan,0,0.0034146786308554278,-0.0004714910751517235,0.014437121057968128
6.45059786299953,0.8560216906495012,0.020971008088153432,1.4838403549573835,-0.39573179798273206,0.03391604517422166,0.008301336584690549,-0.058304299230336754,0.043595845383831204,-0.006770908669937047,1.0,1.0,1.5,0.9896911915821308,10935.027614465907,10830.819292800148,10959.639137820926,11119.713087091144,0.0,0.0,0.0,0.0,0.0,0.0,nan,0,-0.010001477455369723,0.016419132827571577,0.0004159323079218069
6.460962561999622,0.8710762506025131,0.0027504634051482143,1.465039118833442,-0.32526735307789384,0.038540281589502214,0.01417779079540759,-0.06505081484077348,0.04610018177060807,-0.00047842659486309536,1.0,1.0,1.5,1.0061561681017988,10900.14338621214,10804.193391464549,10892.951133799035,11049.269179054701,0.0,0.0,0.0,0.0,0.0,0.0,nan,0,0.008538971213389868,-0.002247869317682203,-0.018571277124025176
6.4712694130003,0.8537056120555025,0.0018445311046731863,1.4723143268462882,-0.3353249867306827,0.024823252883510272,0.055680081838861646,-0.0698556416945211,0.05242028782919685,-0.006521603426073793,1.0,1.0,1.5,1.0091991302650232,10922.830912153857,10834.85837243362,10878.075179116917,11021.299569114855,0.0,0.0,0.0,0.0,0.0,0.0,nan,0,-0.005393443410897092,-0.0036618207550634346,-0.011495812748712364
6.482096746999559,0.8630878956179754,0.008712909086389116,1.4669879139312185,-0.32081748211581734,0.05889906753066088,-0.019621482433129105,-0.07398924558211266,0.04980405306647699,-0.011883900015406058,1.0,1.0,1.5,1.0012416385493046,10964.801169514521,10864.18583051369,10873.960227233967,11031.19003718877,0.0,0.0,0.0,0.0,0.0,0.0,nan,0,0.007376010182925108,0.0026316778674387526,-0.017037285677982128
6.492268592000073,0.8573373649620836,0.014701778013130348,1.5043733884025516,-0.316696557514063,0.09527306189951591,0.01613475815801451,-0.078412926745349,0.05781938208039272,0.0008402732920186382,1.0,1.0,1.5,0.9955824125669196,10964.801169514521,10864.18583051369,10873.960227233967,11031.19003718877,0.0,0.0,0.0,0.0,0.0,0.0,nan,0,0.0016254795270332911,0.008620546794179985,0.020348188793350985
6.503145339000184,0.837229849085511,0.02368479598613307,1.4840650472335546,-0.35536074704707815,0.034004319660272155,-0.009472315303972294,-0.08381635075619284,0.0530456507571261,-0.007776524326921593,1.0,1.0,1.5,0.9899188968481373,11029.416064024084,10908.598581843295,10864.833560756362,11025.483573467825,0.0,0.0,0.0,0.0,0.0,0.0,nan,0,-0.01187373347201981,0.01623237099531869,-0.0004353522506135299
6.513381589999881,0.8461793259864534,0.024205215632587332,1.4999803338429916,-0.32436866297755385,0.055158690366940426,-0.008990596463134623,-0.09032091423400655,0.06435383097351957,-0.006965861010509781,1.0,1.0,1.5,0.9878442495350088,11013.445111073388,10901.349945065362,10829.74967164017,10989.409520127096,0.0,0.0,0.0,0.0,0.0,0.0,nan,0,0.00029043262883166054,0.01594577401986822,0.015216873458720359
6.523889191000308,0.8452844651629554,0.011815130641307212,1.500291420143535,-0.3710797788995143,0.10865412553403296,0.01979309349535053,-0.09335564975636185,0.06210642277306357,-0.0039042089531706337,1.0,1.0,1.5,1.0002231339431564,11013.445111073388,10901.349945065362,10829.74967164017,10989.409520127096,0.0,0.0,0.0,0.0,0.0,0.0,nan,0,-0.0006044281946663288,0.0035556890285880997,0.015527959759263688
6.534641594000277,0.8463180208470015,0.01977059220688152,1.4824308281591165,-0.2769907471842797,0.0636533060692349,0.019811711495980464,-0.09797799019904443,0.06791474137350788,-0.00628255405182759,1.0,1.0,1.5,0.9923590672826066,11052.117932902353,10945.632761038485,10828.74955103653,10975.754913664818,0.0,0.0,0.0,0.0,0.0,0.0,nan,0,0.006664512276894241,0.009628328148374587,-0.0029082662085559985
6.544885371999953,0.8454546417381346,0.009549762614070902,1.5064017471972138,-0.30423746693288695,0.13589035171381128,0.032260325511431064,-0.10668908183032401,0.07291412179092713,-0.00947026841803559,1.0,1.0,1.5,1.0024554468231037,11036.405861579313,10951.887505923089,10809.823323871007,10935.360894330384,0.0,0.0,0.0,0.0,0.0,0.0,nan,0,0.008816083409271203,-0.0016784627997813387,0.020751534856755294
6.555428251000194,0.8529030443068284,0.015303700229916565,1.4917594189576617,-0.3093652314943073,0.11265904396842719,0.05175464233545809,-0.10746994673283898,0.07497155725901274,-0.0009314004539294634,1.0,1.0,1.5,0.99565667995098,11036.405861579313,10951.887505923089,10809.823323871007,10935.360894330384,0.0,0.0,0.0,0.0,0.0,0.0,nan,0,0.016264485977965037,0.0040754748160643246,0.006109206617203267
6.565955506999671,0.837315981596489,0.0021009251836972883,1.5092760802860956,-0.29611358283519834,0.11758755996934786,0.030008361067769378,-0.11506836841884216,0.07330755045439573,-0.007694726308025983,1.0,1.0,1.5,1.0111155715488813,11045.69393275,10938.877811365892,10772.034599325623,10913.177817549604,0.0,0.0,0.0,0.0,0.0,0.0,nan,0,0.006488397054870254,-0.011612619674450526,0.022966511176909732
6.576418519999606,0.8271312794510709,0.015011535370891583,1.4701916283295062,-0.26229602425383197,0.1912518051781617,0.021238249902434246,-0.1217081635598972,0.08249398038668217,-0.005389735988440964,1.0,1.0,1.5,1.0004870858828105,11030.254116613292,10928.373188654678,10751.142345584934,10894.498503632178,0.0,0.0,0.0,0.0,0.0,0.0,nan,0,-0.000905229481577785,-0.0001105060563278918,-0.016459723944418414
6.587236563999795,0.826340364914445,0.029603418651326235,1.4856918013214893,-0.29968795601487147,0.15629455437137815,-0.01135384248031536,-0.12322801813848533,0.07955994221343464,-0.00583961413925566,1.0,1.0,1.5,0.9859167908604991,11030.254116613292,10928.373188654678,10751.142345584934,10894.498503632178,0.0,0.0,0.0,0.0,0.0,0.0,nan,0,-0.0016961440182037268,0.014481377224106761,-0.000959550952435384
6.59742453600029,0.8237512288764777,0.013250480512171176,1.491013963608216,-0.2341652091251163,0.17554667869448706,0.02601370646052204,-0.12864385993020183,0.08310760778928183,-0.012696290747262568,1.0,1.0,1.5,1.0024066003284533,11022.968160413682,10924.273396477163,10742.258615053464,10878.810592776948,0.0,0.0,0.0,0.0,0.0,0.0,nan,0,-0.0015736317297733171,-0.003396509310581157,0.004017174679062041
6.608029017999797,0.8218156940921884,0.022653697923542535,1.4824759545050028,-0.223000247416658,0.18851302039826465,0.001157887411962717,-0.13328265977571632,0.08683183088270101,-0.008207499937941625,1.0,1.0,1.5,0.9936108560321215,11089.989648405788,10977.05408914797,10750.60976240749,10902.206897234473,0.0,0.0,0.0,0.0,0.0,0.0,nan,0,-0.0008796475564646355,0.004360372228831264,-0.004871967257157328
6.61843037699964,0.8160768733526089,0.03247201363509216,1.467503279321555,-0.28166029295500034,0.1926692596509589,0.06892110130409343,-0.13577651065017368,0.08727683861340181,-0.015987445906026673,1.0,1.0,1.5,0.9853903580662531,11129.462081902662,11026.335744165523,10779.728002511745,10921.732223521414,0.0,0.0,0.0,0.0,0.0,0.0,nan,0,-0.004074035739363158,0.012405639732588333,-0.020207242876873588
6.628953960000217,0.8096217959139818,0.01349496415641869,1.482032991567905,-0.24099321841632634,0.17405281394046782,-0.017197377423630426,-0.14160040955632813,0.0905659023097661,-0.013436737949094694,1.0,1.0,1.5,1.0048675831808698,11146.0240781115,11020.311714133177,10762.993126338704,10916.719543510746,0.0,0.0,0.0,0.0,0.0,0.0,nan,0,-0.00807234937890089,-0.00847591447133801,-0.006053544390838939
6.6393200359998445,0.7948853898658803,0.02492359477712731,1.485853007417755,-0.2145678264181606,0.22834477527186414,0.03995479532309905,-0.14357477539623079,0.09176363866804381,-0.014448927334975567,1.0,1.0,1.5,0.996517002720954,11188.810467540863,11045.013704669627,10769.205509543674,10938.302769726446,0.0,0.0,0.0,0.0,0.0,0.0,nan,0,-0.02044212001829726,0.0009122167299787931,-0.0026241942332934087
6.649644961999911,0.8015878046528815,0.04144140339626555,1.4966418424245709,-0.21795478652126796,0.21709780928290515,0.06846492072169262,-0.1505622702150288,0.09426006663520989,-0.014551985796934916,1.0,1.0,1.5,0.9788836803255458,11174.867459768986,11039.408894351242,10755.10313471368,10905.873803538947,0.0,0.0,0.0,0.0,0.0,0.0,nan,0,-0.00928585567709761,0.012924220490681433,0.007338868266715037
6.660134067999934,0.8300865348785272,0.02364677070847114,1.4792333317844342,-0.21427975523504394,0.24256721826024596,0.0574122126114339,-0.1541315412301607,0.0974227463890377,-0.011391982642012263,1.0,1.0,1.5,0.9912454128450522,11215.149589429046,11073.721733771275,10791.55168502771,10943.105199236898,0.0,0.0,0.0,0.0,0.0,0.0,nan,0,0.02129557097591217,-0.0073440629151213695,-0.010507122776858724
6.671323354999913,0.8233037033893655,0.02975605560805774,1.483908407519424,-0.2165329139509602,0.23507473134475868,0.07162530571079832,-0.16080269412297346,0.09773859083295354,-0.018267125577040973,1.0,1.0,1.5,0.9863335299044176,11211.721151399872,11063.54523870168,10769.264527904836,10921.291147052627,0.0,0.0,0.0,0.0,0.0,0.0,nan,0,0.01451273948675047,-0.0012347780155347703,-0.005832047041868904
6.681361109999671,0.8136296686808763,0.022845276831087113,1.498406839042053,-0.19604478198338537,0.2312538934821813,0.01922364225578127,-0.1585528108216253,0.09814463599921903,-0.011659649688761323,1.0,1.0,1.5,0.9947702204877027,11185.111426310423,11024.936776586139,10707.744524376256,10871.894110998965,0.0,0.0,0.0,0.0,0.0,0.0,nan,0,0.008707585812980256,-0.01354990009519074,0.007763060947511002
6.6920771850000165,0.8172008639944441,0.009835983566203112,1.5065554681278934,-0.17675944257007772,0.27463147579320885,0.11574250848377415,-0.16104200040968356,0.10117269258349863,-0.009322001000981631,1.0,1.0,1.5,1.0069177114973507,11176.558051507427,11006.830966518979,10689.425274021987,10853.546115112902,0.0,0.0,0.0,0.0,0.0,0.0,nan,0,0.014061918339350998,-0.029495712446373605,0.015452936543751461
6.702373862999593,0.8035164971794839,0.05143204334265868,1.4808737866926056,-0.18310209265980096,0.31499914990192024,0.049922840551609046,-0.16662069122569848,0.10473337594807924,-0.016096076634448668,1.0,1.0,1.5,0.9688925365143357,11184.742128006037,11016.747104996237,10703.70891847141,10871.194679579457,0.0,0.0,0.0,0.0,0.0,0.0,nan,0,0.002057651294710805,0.009003557848522636,-0.010690500097521927
6.712777054999606,0.7961514117164032,0.05502866699037166,1.4890208254683641,-0.15859340171469744,0.35345979616191614,0.09321607160771847,-0.16713096217364812,0.10395252825939012,-0.008434902590533802,1.0,1.0,1.5,0.9667707119211904,11122.173071218755,10949.71952596899,10636.920519218767,10814.696640790622,0.0,0.0,0.0,0.0,0.0,0.0,nan,0,-0.003731427681402111,0.009341037967217171,-0.0030027189000501053
6.723480270999971,0.8154426985519668,0.06433111462756823,1.479478732340826,-0.14415549545968714,0.34328321483603597,0.1084536943953932,-0.17122180805747886,0.10574105225493644,-0.014890341505964268,1.0,1.0,1.5,0.9539175975933185,11161.951675328977,10984.225355264774,10647.370177388504,10822.404077485657,0.0,0.0,0.0,0.0,0.0,0.0,nan,0,0.017030651862375512,0.015219827276720443,-0.012997686484082838
6.734147791999931,0.78747430436448,0.060088484603771905,1.4932916835366998,-0.14958309237050074,0.3765469825332989,0.05802294098139599,-0.176042017867738,0.1074370807211038,-0.01892768358632639,1.0,1.0,1.5,0.9636627156788663,11156.915992603634,10978.613423802119,10613.893213651283,10790.269917758713,0.0,0.0,0.0,0.0,0.0,0.0,nan,0,-0.009573552895441595,0.007386463998060644,0.00036912572441161196
6.744538265999836,0.8029485134671863,0.05894426912979626,1.475272058504396,-0.14228837493877083,0.33326284313712046,0.079375242389836,-0.180672963636872,0.11094660140723582,-0.006305762568052105,1.0,1.0,1.5,0.9617830566396224,11155.720411212702,10963.59022121775,10584.430700954163,10769.267853378287,0.0,0.0,0.0,0.0,0.0,0.0,nan,0,0.007157320970720749,0.0024826656542758785,-0.018086196679758304
6.755110822999995,0.7727649468564182,0.05111046847080482,1.4812467277240473,-0.15018466729637578,0.39792312435789845,0.10884516293732618,-0.17697430626337482,0.11230538652377424,-0.013166237815907485,1.0,1.0,1.5,0.9758989689736935,11177.751177425413,10986.958072350415,10592.898211821434,10770.308101776547,0.0,0.0,0.0,0.0,0.0,0.0,nan,0,-0.021878256597025914,-0.009281663408905724,-0.01253614411602677
6.765497855999456,0.7930243988024952,0.07795223778677984,1.4895971875754068,-0.11378143406753002,0.4112071734547963,0.128560991763796,-0.17888842169697206,0.11281103506228228,-0.024513168333077085,1.0,1.0,1.5,0.9450498366751972,11177.751177425413,10986.958072350415,10592.898211821434,10770.308101776547,0.0,0.0,0.0,0.0,0.0,0.0,nan,0,-0.0016188046509488796,0.0175601059070693,-0.004185684264667255
6.776065132999975,0.8005346098837387,0.07019881726904637,1.483677826042333,-0.1039985381071528,0.3720249629399541,0.08698390831067745,-0.1811850579162535,0.11225833234127891,-0.01064279966702773,1.0,1.0,1.5,0.951095733680273,11165.470188457037,10990.081511646662,10593.838019925419,10760.710282425043,0.0,0.0,0.0,0.0,0.0,0.0,nan,0,0.0078565221737954,0.001424295365407724,-0.010925269043699837
6.78634566799974,0.801850805470151,0.06825330552244217,1.4953291239963766,-0.07751071853265769,0.44640664501277677,0.11190823248312953,-0.1837509939108301,0.11186355873860133,-0.013733521879794236,1.0,1.0,1.5,0.9525947842841282,11145.102271943555,10950.207871833585,10553.385844651813,10721.764765965852,0.0,0.0,0.0,0.0,0.0,0.0,nan,0,0.009988592062961432,-0.004975317721756564,0.0003362781179938601
6.797011917999953,0.8027902654553577,0.08640717775371591,1.4997359787298616,-0.07585411989547787,0.4336398489631277,0.14609445748087574,-0.18644145524008782,0.11274021258233505,-0.020127884427264934,1.0,1.0,1.5,0.9346355407143095,11147.944784671301,10950.12276990252,10567.189496472447,10745.064508232535,0.0,0.0,0.0,0.0,0.0,0.0,nan,0,0.011632158145990612,0.008548096088011922,0.004370983732270073
6.80734707099964,0.7792202511674468,0.089758402707299,1.474250098892103,-0.08581697686662917,0.47488377472999793,0.10396361488443454,-0.1868791951737681,0.11285739002236553,-0.02173887430990941,1.0,1.0,1.5,0.9369880043755093,11147.944784671301,10950.12276990252,10567.189496472447,10745.064508232535,0.0,0.0,0.0,0.0,0.0,0.0,nan,0,-0.011937856141920333,0.01189932104159501,-0.021114896105488556
6.817947235999782,0.7845106714070577,0.08957031837031015,1.5069396904912453,-0.07023157364814722,0.46612362706753735,0.17528772564322653,-0.1891219709980596,0.1143659552700741,-0.021867331359163765,1.0,1.0,1.5,0.9356099696101414,11102.0613002484,10882.167395695124,10497.832726168108,10686.137324022618,0.0,0.0,0.0,0.0,0.0,0.0,nan,0,-0.005576165538179745,0.0019187962607548487,0.010892171154439856
6.828268068999932,0.7797820385026586,0.07250312205773662,1.4910947113143584,-0.05728525272175772,0.5034307465202448,0.1029288292806547,-0.19066207321112383,0.11483004550498971,-0.020187040484073094,1.0,1.0,1.5,0.9533235092691594,11126.484794426897,10913.433297659296,10526.238195490716,10699.59388684191,0.0,0.0,0.0,0.0,0.0,0.0,nan,0,-0.009937853896836435,-0.020310542597703138,-0.005255976555815556
6.838935380000294,0.7844868153632623,0.090516094626775,1.4669379188290508,-0.04732508070381702,0.5274619908309276,0.15904504742865905,-0.18790484444286304,0.10972412250499164,-0.02533176243960717,1.0,1.0,1.5,0.9352539805296507,11126.484794426897,10913.433297659296,10526.238195490716,10699.59388684191,0.0,0.0,0.0,0.0,0.0,0.0,nan,0,-0.005233077036232769,-0.002297570028664764,-0.02941276904112322
6.849428462000105,0.783695769792705,0.10553243967771096,1.5052920817682893,-0.03745306213258104,0.5615507277074056,0.11366593820571198,-0.1857043981053825,0.11571064104800283,-0.013236753482867358,1.0,1.0,1.5,0.9202650393250417,11084.412766688489,10873.989454172384,10495.343551316182,10657.851734375052,0.0,0.0,0.0,0.0,0.0,0.0,nan,0,-0.0056275218553438755,0.001863580816822863,0.008427389654971806
6.859846225000183,0.8005073173639737,0.09502372745686125,1.512557350814932,-0.009244396034476394,0.5372458930406087,0.09863444837112989,-0.18659114099632404,0.11395788165016302,-0.02106125966441784,1.0,1.0,1.5,0.9267885796398663,11084.412766688489,10873.989454172384,10495.343551316182,10657.851734375052,0.0,0.0,0.0,0.0,0.0,0.0,nan,0,0.011213427439617396,-0.014338132608943926,0.015483069815227957
6.870319276999908,0.7803491324638,0.1092700290113402,1.4947060197050372,-0.023869729054469525,0.5969255281338437,0.15592231042091959,-0.18873314264265312,0.11551065419225491,-0.017231634737107884,1.0,1.0,1.5,0.9174281503497849,11084.820311461803,10873.382523826856,10497.196125761395,10652.087312801683,0.0,0.0,0.0,0.0,0.0,0.0,nan,0,-0.00902806306805548,-0.005961551192731729,-0.0025463602040070032
6.881160531000205,0.7863735223145453,0.11915423219111092,1.515765238718666,0.02815901500335137,0.5844572777936095,0.14012354307119868,-0.1870373380930397,0.11590945629012243,-0.017223911168210686,1.0,1.0,1.5,0.9065175571311248,11077.024654861842,10860.317591562043,10493.252996916572,10657.512398947683,0.0,0.0,0.0,0.0,0.0,0.0,nan,0,-0.003199590031361388,-0.0021232716954053266,0.01836658373605271
6.891344265999578,0.8018636338932401,0.12673248318135097,1.4952080858572316,0.02400244996217346,0.6056243488102585,0.11608061809586613,-0.18807834155344605,0.1151286551532105,-0.02370420774649554,1.0,1.0,1.5,0.8954759281777221,11077.024654861842,10860.317591562043,10493.252996916572,10657.512398947683,0.0,0.0,0.0,0.0,0.0,0.0,nan,0,0.012290521547333455,0.005454979294834725,-0.002190569125381625
6.901957654999933,0.7923470022190758,0.13718282764927026,1.5106607478943883,0.05517929006154705,0.5930185437874723,0.1323045638592722,-0.18411957353920577,0.11297851405929818,-0.023407353332588733,1.0,1.0,1.5,0.8875172628948583,11057.649960036168,10846.217362493087,10469.330988439426,10627.138708964581,0.0,0.0,0.0,0.0,0.0,0.0,nan,0,0.002046096103882511,0.0032895385824424084,0.0130745678952926
6.9128341429996,0.8022701793631671,0.12914780109661445,1.4914360800079696,0.059565091163576896,0.6736689048949734,0.08704236519491264,-0.18152543094476611,0.11509717590676796,-0.01818154591733655,1.0,1.0,1.5,0.8930587746781091,11054.977268559991,10822.979369390963,10455.454695078248,10634.504874985303,0.0,0.0,0.0,0.0,0.0,0.0,nan,0,0.011438534172425685,-0.011312581212380157,-0.006187063298249029
6.923303544000191,0.8124286529575363,0.1525644336060357,1.4750007088131516,0.08422185767044743,0.6628344040376246,0.1133541174085086,-0.18195976226398383,0.11390128635841194,-0.018490010696180052,1.0,1.0,1.5,0.8683058297516079,11038.429150562302,10796.207883446292,10445.902574358151,10630.482249487959,0.0,0.0,0.0,0.0,0.0,0.0,nan,0,0.020955605478658934,0.005365759547057536,-0.022621822765083177
6.933560231000229,0.8035516740834885,0.1441437618826,1.5022665703659466,0.04824703093154052,0.7021888576138227,0.14630418049861224,-0.1826720463879975,0.11425650001484158,-0.023433579479125936,1.0,1.0,1.5,0.8781155860256048,11038.429150562302,10796.207883446292,10445.902574358151,10630.482249487959,0.0,0.0,0.0,0.0,0.0,0.0,nan,0,0.01207862660461112,-0.003054912176378155,0.004644038787711802
6.944169602999864,0.7959732323246628,0.1716679266317266,1.4976652743732481,0.08715666102644222,0.6981094468045831,0.10513908063184377,-0.18169305509273417,0.10596403924970237,-0.023743405096256845,1.0,1.0,1.5,0.8530922556455316,11107.742101850366,10853.126663426552,10502.70789024609,10706.518674829154,0.0,0.0,0.0,0.0,0.0,0.0,nan,0,0.002886167547791141,0.010482595608116957,0.00014205940308675835
6.954507563000334,0.8039764940407028,0.15449677978662513,1.519871341304304,0.07560161389845126,0.7437450451297194,0.08804713095546292,-0.17639322096842638,0.10925759809720426,-0.02068013603235524,1.0,1.0,1.5,0.8681565414629976,11078.142381278914,10830.556267918055,10476.793130144531,10666.934017182915,0.0,0.0,0.0,0.0,0.0,0.0,nan,0,0.009917690203537832,-0.013934356212795235,0.0224410779204558
6.965156451999974,0.8015548545634247,0.1830277536609319,1.5084501227076732,0.08210956403213035,0.7217677946879414,0.1421417511725859,-0.17599898684269977,0.11308647324988111,-0.019436152615345564,1.0,1.0,1.5,0.8407707961206914,11083.0691326073,10843.847314793436,10495.974362300816,10674.11800966156,0.0,0.0,0.0,0.0,0.0,0.0,nan,0,0.006415854746207095,0.007185436037741327,0.011142774759524077
6.975547756000196,0.7856877002996572,0.17579273098436834,1.495310238746935,0.11323587045885679,0.7707902084593492,0.2098601447080523,-0.1718708200994987,0.10912843753596246,-0.01822334863500874,1.0,1.0,1.5,0.8516274877912678,11073.791776296715,10847.672981078571,10506.01688295528,10670.564875372193,0.0,0.0,0.0,0.0,0.0,0.0,nan,0,-0.010639044861584623,-0.007624096409098752,-0.0018456804038702312
6.98571309900035,0.7838997269847057,0.2020260650815907,1.505635735407731,0.08197247851837086,0.7640157135744381,0.08141710263153748,-0.17045181035403348,0.10496457377023462,-0.020486643137897196,1.0,1.0,1.5,0.8267366511290282,11073.791776296715,10847.672981078571,10506.01688295528,10670.564875372193,0.0,0.0,0.0,0.0,0.0,0.0,nan,0,-0.012427018176536131,0.018609237688123614,0.008479816256925732
6.99629390500013,0.793464577426209,0.18327560106366758,1.5030987522754975,0.13652759029826006,0.7557598817955169,0.09628508608120828,-0.16714852321147736,0.10488116847684001,-0.020768130073692645,1.0,1.0,1.5,0.8424400434816195,10981.164352974594,10767.138116711147,10426.533470873706,10581.98843581748,0.0,0.0,0.0,0.0,0.0,0.0,nan,0,-0.005553939645027817,-0.015767685354632105,0.00634499678712519
7.006701854000312,0.795948247640796,0.21315363882274518,1.4971571590705952,0.14045476912982902,0.8129048675616685,0.08229555674210688,-0.16439104724891465,0.10629047948223945,-0.020643653363175272,1.0,1.0,1.5,0.812879078020402,10981.164352974594,10767.138116711147,10426.533470873706,10581.98843581748,0.0,0.0,0.0,0.0,0.0,0.0,nan,0,-0.003070269430440864,0.014110352404445498,0.0004034035822229054
7.017539024000143,0.793387916294395,0.2136791707107638,1.5168354369960142,0.1485600008632269,0.8156666920735088,0.1307925345502312,-0.15682513790966623,0.10148075757181091,-0.013784158343754925,1.0,1.0,1.5,0.8131865909163349,11007.382363148809,10820.41658081945,10520.106961450954,10648.178268120822,0.0,0.0,0.0,0.0,0.0,0.0,nan,0,-0.008733459776325225,-0.0016059112430210631,0.020630648766479354
7.027911461999793,0.8030728361163629,0.22195957060194865,1.497706093667387,0.1439502749165055,0.845411245696688,0.0933322827796126,-0.15657109789492005,0.10113111521639563,-0.024984219857892172,1.0,1.0,1.5,0.8025786439093803,11007.382363148809,10820.41658081945,10520.106961450954,10648.178268120822,0.0,0.0,0.0,0.0,0.0,0.0,nan,0,0.0009514600456427269,0.006674488648163779,0.0015013054378520962
7.038217399000132,0.8023109572712608,0.22943988260738724,1.4941493886981665,0.16613775307181533,0.871466083095304,0.11168478357730537,-0.15525183403665008,0.10021336191334879,-0.021876413423639315,1.0,1.0,1.5,0.7955363484993804,11033.31100477829,10846.189293430303,10551.978034939682,10678.279587254045,0.0,0.0,0.0,0.0,0.0,0.0,nan,0,-0.001513514836300578,0.005809013193102536,-0.0017372409256874999
7.048637118999977,0.7820924592801257,0.23944575306690963,1.5079096702441934,0.16895289310973602,0.8779139267747383,0.08305358673772421,-0.14701453683533586,0.09762500195976531,-0.01911172705202164,1.0,1.0,1.5,0.7911946800338813,10988.908751644427,10812.302431771577,10527.738023311866,10648.678726088463,0.0,0.0,0.0,0.0,0.0,0.0,nan,0,-0.025433851686187392,-0.0013102466931838308,0.012741870205032368
7.059380333000263,0.806449896831591,0.2511858972217832,1.5051745544000512,0.18788950790969333,0.8891633099198453,0.0900825056149336,-0.149741685288076,0.09283053545274378,-0.021822346558512565,1.0,1.0,1.5,0.7734409990227352,11003.709816172204,10828.949036970593,10556.541577292826,10667.255728433063,0.0,0.0,0.0,0.0,0.0,0.0,nan,0,-0.0010764141347221479,0.010429897461689736,0.010006754360890158
7.070318027000212,0.8011659909365852,0.26330844420464133,1.4722900968483907,0.21760073332439578,0.8707481833293083,0.1147698013980225,-0.14309688518584526,0.09672370669365629,-0.017383620356661356,1.0,1.0,1.5,0.7635556628518236,11003.665957479072,10843.276720446302,10585.705722334864,10680.15203967692,0.0,0.0,0.0,0.0,0.0,0.0,nan,0,-0.010445462551858964,0.0048723518538985044,-0.02205854551143238
7.080622110999684,0.8230845143442452,0.2645001352447273,1.4888579798229087,0.23472793251194957,0.9161696692968749,0.05942778102500696,-0.13962293223666442,0.09531756633130957,-0.017139655782429954,1.0,1.0,1.5,0.7565601659706006,11003.222072769535,10846.42629840312,10592.794845917542,10684.989373704275,0.0,0.0,0.0,0.0,0.0,0.0,nan,0,0.009290972665201624,-0.0029750723107981325,-0.005048625831405751
7.091114183999707,0.8150763299870487,0.27694477851345356,1.5181559987293214,0.2412181864543463,0.933914102444991,0.11189004643053145,-0.1339512363552901,0.0911429383468435,-0.018510487958953836,1.0,1.0,1.5,0.7465488981572987,11010.90028910566,10849.57609103046,10609.507122385212,10711.53173044618,0.0,0.0,0.0,0.0,0.0,0.0,nan,0,-0.0009899250972341678,0.0003028655824894311,0.024710137462972126
7.10148177300016,0.8208151923191775,0.2854959380020232,1.497944327841857,0.2362350767653915,0.916392532355209,0.1378335582203566,-0.12894550454328038,0.0915727841165166,-0.01989727459451106,1.0,1.0,1.5,0.7366325241959139,11041.33738105455,10872.009257138088,10640.085687461515,10757.024971156856,0.0,0.0,0.0,0.0,0.0,0.0,nan,0,0.002387228826885579,-0.00043659271988150117,0.004973014528551145
7.111856274000274,0.8185520561461596,0.2879134810260634,1.4493246645705395,0.20899952919147288,0.9097342486117342,0.10107070910312048,-0.12110330611684648,0.08673957872984639,-0.019903959807329428,1.0,1.0,1.5,0.7365857427713989,11041.33738105455,10872.009257138088,10640.085687461515,10757.024971156856,0.0,0.0,0.0,0.0,0.0,0.0,nan,0,0.00012409265386759127,0.0019809503041586796,-0.04364664874276625
7.122438288999547,0.8175034930078853,0.2893604473872852,1.5187432029332546,0.25107263095286164,0.9669596721385114,0.07284580264272532,-0.11956680180248767,0.0804593854099604,-0.020127693571307167,1.0,1.0,1.5,0.7339379104925153,11000.042243376362,10825.812912967185,10595.324926701716,10720.058363155085,0.0,0.0,0.0,0.0,0.0,0.0,nan,0,-0.0033729726952130834,-0.005982089143337366,0.026260662650765987
7.133117929999571,0.823292542402294,0.31074736661628827,1.469647467257321,0.2846510959114441,0.9895340988393679,0.06857878272715842,-0.11314294624883699,0.08124037949048907,-0.00894106824497594,1.0,1.0,1.5,0.7121909817183322,10980.786001299535,10821.643107429081,10642.080935615002,10748.827039119764,0.0,0.0,0.0,0.0,0.0,0.0,nan,0,-0.002730908098323437,-0.0037529246304295327,-0.021799392583950583
7.143424632999995,0.8308790261190789,0.33671774311054153,1.5000444814679825,0.25348197008818046,0.9896783109769426,0.08883979317912588,-0.1101809237071103,0.07783198723774833,-0.02666877619068022,1.0,1.0,1.5,0.6845036582001632,10961.969271609038,10810.024845303942,10639.008316300955,10738.514901602088,0.0,0.0,0.0,0.0,0.0,0.0,nan,0,0.0021612818401905987,0.012478530080488492,0.009138768565431166
7.1540989180002725,0.8404171005587576,0.3484937179523475,1.4732401803212698,0.25414938830018885,0.9778717011622663,0.062103948637822974,-0.10549318723334641,0.07750538132935855,-0.015040843234873391,1.0,1.0,1.5,0.6712996538736388,10991.608238035456,10850.093008753689,10678.772298187292,10782.506169717619,0.0,0.0,0.0,0.0,0.0,0.0,nan,0,0.008927395020532636,0.014414902676033514,-0.01711341029431379
7.164408464999724,0.8360149086919314,0.34070965897091465,1.478175642130142,0.28209202290327395,0.9915228437233926,0.03689193594292583,-0.10023815901297907,0.07411195298561199,-0.02152622452274244,1.0,1.0,1.5,0.6797287448254596,10991.608238035456,10850.093008753689,10678.772298187292,10782.506169717619,0.0,0.0,0.0,0.0,0.0,0.0,nan,0,0.004525203153706414,0.006630843694600652,-0.012177948485441625
7.174898737000149,0.8554727614229425,0.34097099711722123,1.4866112055662744,0.2931612998649169,1.0271801225125716,0.09989521148595518,-0.09385247087901133,0.07291743509690483,-0.012189505636386976,1.0,1.0,1.5,0.6748233910793016,10971.941028214043,10835.196297816372,10667.354123733281,10756.352800401954,0.0,0.0,0.0,0.0,0.0,0.0,nan,0,0.02113575624512609,-0.003043328778115695,-0.0031816148741603545
7.1855013229996985,0.8521653082798037,0.3774183327178123,1.4748738349528216,0.2621955281106152,1.0079774447951095,0.051927876491549375,-0.08801184588468998,0.07182249876444144,-0.014346185923499403,1.0,1.0,1.5,0.6403860965713202,11007.986506345762,10888.029529585094,10750.768087994278,10828.953447250471,0.0,0.0,0.0,0.0,0.0,0.0,nan,0,0.011917195433986727,0.0132647366810007,-0.013783120098193269
7.196323102999486,0.850392655104235,0.37630026739624073,1.501844543277097,0.3088954367548794,1.0292169258932795,0.030084714372342093,-0.08246581370030376,0.06898646935607303,-0.013746856389177452,1.0,1.0,1.5,0.6413946651139704,11007.986506345762,10888.029529585094,10750.768087994278,10828.953447250471,0.0,0.0,0.0,0.0,0.0,0.0,nan,0,0.010144542258417988,0.012146671359429151,0.013187588226082125
7.206744873999924,0.8432497035051975,0.40397325258559336,1.4922733023480526,0.26992120237520006,1.0445181000314283,0.039077827634490254,-0.0803725443812329,0.06461565432774241,-0.019180496630135973,1.0,1.0,1.5,0.616342632746762,10976.102825282393,10856.457405716885,10718.202595470137,10803.79394596739,0.0,0.0,0.0,0.0,0.0,0.0,nan,0,-5.739151266359599e-05,0.029625789703010053,0.004184597310885829
7.216813142999854,0.8597674294248311,0.3636137090475551,1.4886515994617144,0.3179215171246502,1.0595492133700406,0.002949571453789915,-0.07379821225922058,0.05898634044785957,-0.01365415336207731,1.0,1.0,1.5,0.6517526151517207,10980.879700546702,10876.022180745755,10749.88758928133,10823.650411692257,0.0,0.0,0.0,0.0,0.0,0.0,nan,0,0.013336046872401863,-0.021003270907036242,0.0011313512771395917
7.227311855000153,0.86113992714332,0.4070963009355287,1.4708304167838973,0.3102278020452369,1.020419579582446,0.038703166799774744,-0.06471006864994992,0.058366647904944134,-0.020484192550546423,1.0,1.0,1.5,0.6096456190141096,10971.389818204158,10887.616017047729,10772.8108899141,10822.22415143157,0.0,0.0,0.0,0.0,0.0,0.0,nan,0,0.008274694053086451,0.001734580022591914,-0.015560974380984582
7.2379215509999995,0.8644635995628458,0.4057245772094263,1.4677574113112895,0.29963422653002425,1.0542917954883586,0.010461931292600089,-0.05951467484925849,0.057638487831596176,-0.01653464697816363,1.0,1.0,1.5,0.6103875641768312,10971.389818204158,10887.616017047729,10772.8108899141,10822.22415143157,0.0,0.0,0.0,0.0,0.0,0.0,nan,0,0.011598366472612254,0.0003628562964895221,-0.018633979853592386
7.248337977999654,0.8453338173423364,0.43188744570326426,1.478376933766493,0.34724738961108104,1.0542194609727822,0.01435956214538944,-0.054887382067855844,0.04903758113414033,-0.010108859115951423,1.0,1.0,1.5,0.5891867780261145,10983.368649723861,10907.1397331442,10835.929909600613,10880.082456908964,0.0,0.0,0.0,0.0,0.0,0.0,nan,0,-0.014194249215666366,0.0055427651267326294,-0.006914076789374501
7.258932020999964,0.8651350567302449,0.45021067778830254,1.4802445012976475,0.33715219962466453,1.079298974887842,0.018961040034926737,-0.04907308209588323,0.04720997423833236,-0.015259608068905207,1.0,1.0,1.5,0.566433695563859,10983.368649723861,10907.1397331442,10835.929909600613,10880.082456908964,0.0,0.0,0.0,0.0,0.0,0.0,nan,0,0.005606990172242199,0.023865997211770906,-0.005046509258219922
7.269460736999463,0.8862352571948877,0.4520032016299434,1.4814507697311898,0.3298633192833506,1.0172219589544156,0.030554338369162194,-0.04365103928198376,0.04604141449568676,-0.014802840036823533,1.0,1.0,1.5,0.559988376373038,10997.374211199418,10931.155101902172,10873.795148127572,10910.932383257006,0.0,0.0,0.0,0.0,0.0,0.0,nan,0,0.02329668078052205,0.01509136228270902,-0.0033101699069821855
7.279807851999976,0.8768087822538763,0.4725377341558432,1.4778417508294412,0.3277905479173837,1.0603451964204165,0.014630647012658288,-0.035454067228877444,0.04494989431223819,-0.01205445989666451,1.0,1.0,1.5,0.5421102342010612,10991.262533935746,10938.651462030168,10884.814362077905,10918.658645766865,0.0,0.0,0.0,0.0,0.0,0.0,nan,0,0.010410700456059407,0.02501574938509854,-0.006407013222926583
7.290590419000182,0.8606239698792905,0.4625810248465854,1.5049871819368033,0.3295884625981913,1.0821443326279596,-0.046346542196501764,-0.03365710938561755,0.04224873258416349,-0.008069109380940008,1.0,1.0,1.5,0.5552204108377377,10984.65549937105,10936.892796196458,10880.801340114414,10914.17248983095,0.0,0.0,0.0,0.0,0.0,0.0,nan,0,-0.00927962418496342,0.004411713269998119,0.021232261020121435
7.301069889000246,0.8671301319067267,0.4674248409011459,1.4732147115546679,0.35636724393194474,1.0682395624090488,-0.025980276255107803,-0.02509110193999653,0.037886565099853754,-0.016779806419373478,1.0,1.0,1.5,0.5495526850206387,10956.818024252816,10910.115015990124,10876.131928751352,10912.89953505232,0.0,0.0,0.0,0.0,0.0,0.0,nan,0,-0.006321890312153466,-0.0014230772989305973,-0.01006324508880363
7.311967134000042,0.8741008013123712,0.502461617070106,1.501497828557478,0.35758972236152814,1.076981119348094,-0.006943728954819798,-0.019611951730272234,0.0350233160727651,-0.012399300884595468,1.0,1.0,1.5,0.5132224607410206,10955.286054154201,10937.221423065426,10910.620388593268,10927.045432749972,0.0,0.0,0.0,0.0,0.0,0.0,nan,0,-0.006564624957824949,0.012186121139841133,0.019123925359977978
7.32187298000008,0.8862237262425632,0.4957168332301125,1.4773433974051269,0.34981129456825766,1.0772426610866654,-0.01667639134448027,-0.011309222278406023,0.030928381561477158,-0.004675932083369924,1.0,1.0,1.5,0.51745519071581,10955.286054154201,10937.221423065426,10910.620388593268,10927.045432749972,0.0,0.0,0.0,0.0,0.0,0.0,nan,0,0.0018992066848001476,-0.005296022592865213,-0.004609560350843367
7.332876939000016,0.888404352126714,0.4991346944772887,1.4962294329829866,0.35306784459729623,1.0913945847564257,-0.003041762631892922,-0.007122674030458904,0.03078320622346943,-0.012858754359726117,1.0,1.0,1.5,0.5131606571788674,10945.013403536646,10929.853735837893,10922.021978323746,10932.520609555013,0.0,0.0,0.0,0.0,0.0,0.0,nan,0,0.0003898533298045681,-0.012623407391139152,0.014675346659764665
7.343195626000124,0.8858098791772965,0.5357666480080454,1.4977952902442928,0.3960041563608274,1.0701726247541279,-0.05969340875077551,-0.0008640611304491292,0.0231448912194278,-0.010386559177725734,1.0,1.0,1.5,0.47807619637490484,10939.473563139392,10938.21075305309,10938.465988682883,10945.81261332828,0.0,0.0,0.0,0.0,0.0,0.0,nan,0,-0.005922372793538022,0.013261323704859995,0.016619237814306853
7.3532804209999085,0.8894298396209651,0.5512779535769315,1.4736928365204103,0.3567679981375192,1.0965664528681138,-0.021117611004095597,0.0030516199294194305,0.023658003765083112,-0.006699191026421807,1.0,1.0,1.5,0.46289232242789874,10939.473563139392,10938.21075305309,10938.465988682883,10945.81261332828,0.0,0.0,0.0,0.0,0.0,0.0,nan,0,-0.006044838300662936,0.018029309612655253,-0.007124647930026429
7.364186558999791,0.8816776717424232,0.5502676199882877,1.5063353346048445,0.3817585173869358,1.0929926687814537,-0.05841666523921883,0.007476326653108741,0.017317563060107663,-0.01551639914742153,1.0,1.0,1.5,0.46508012584913616,10928.305292238227,10927.720030713974,10939.08022066005,10950.386619671126,0.0,0.0,0.0,0.0,0.0,0.0,nan,0,-0.017561039740951356,0.0062854255972681905,0.02585711198132712
7.3745702650003295,0.9104660185756864,0.5563703854952617,1.4804007749572952,0.3914907909454358,1.0755529978729166,-0.02598842161550214,0.017292882376836845,0.01832027017971625,-0.01292064457685316,1.0,1.0,1.5,0.452998563262166,10928.305292238227,10927.720030713974,10939.08022066005,10950.386619671126,0.0,0.0,0.0,0.0,0.0,0.0,nan,0,0.0112273070923119,0.012388191104242274,-7.744766622219679e-05
7.385213935000138,0.9117075470857796,0.5607165994531103,1.479434206549349,0.39665086742947214,1.050443358739489,-0.0789719827203464,0.02304810682127416,0.017933924489058443,-0.011858868231711187,1.0,1.0,1.5,0.44854031602287864,10929.360767452032,10943.582766604955,10950.993463501707,10946.806063499467,0.0,0.0,0.0,0.0,0.0,0.0,nan,0,0.004888006056749328,-0.004679930901906104,-0.0004310418306812114
7.3952550049998536,0.9093351864400845,0.5734566359106021,1.4578120029059705,0.3788783075450605,1.0486544636531254,-0.026768378382077133,0.02897988716321049,0.01215016778336546,-0.002086435364629823,1.0,1.0,1.5,0.43810863603147643,10929.360767452032,10943.582766604955,10950.993463501707,10946.806063499467,0.0,0.0,0.0,0.0,0.0,0.0,nan,0,0.0025156454110542015,0.008060105555585784,-0.022053245474059846
7.405897601000106,0.9170730160561109,0.5747215479111283,1.4968084483957826,0.39972639747889566,1.082806281808368,-0.03817359554873037,0.033665056223888545,0.004269000176646203,-0.007538353041867173,1.0,1.0,1.5,0.4332999336242497,10947.057206003396,10945.253970638147,10992.01082482092,11005.651685852252,0.0,0.0,0.0,0.0,0.0,0.0,nan,0,0.002622590374017242,-0.011980000409561486,0.017466072794592336
7.416706365999744,0.9224982427013708,0.6193856833431987,1.4961916164709885,0.3834606381241381,1.03386961695316,-0.08071934619719115,0.042763767341976414,0.004856939751323894,-0.005722990487929742,1.0,1.0,1.5,0.3884434118550648,10937.269825455034,10947.710909671125,11006.441758203946,11018.105241358424,0.0,0.0,0.0,0.0,0.0,0.0,nan,0,0.0042211498255482205,0.022087338618345664,0.017070747662808694
7.427084066000134,0.9312327148760312,0.5985772835188717,1.4615071356044427,0.34264580406830225,1.0987019466298205,-0.053618131759290054,0.04166692900511723,0.00369867730446378,-0.004338906980993209,1.0,1.0,1.5,0.4090853669098716,10909.80975606563,10921.602048775063,10977.111194923757,10991.076184056856,0.0,0.0,0.0,0.0,0.0,0.0,nan,0,0.009125536635202991,-0.009273066925700624,-0.017417519543352356
7.437533938999877,0.9283644870504228,0.5988990237019908,1.4745030869530036,0.38419839713714665,1.0555514491792506,-0.1399095979315212,0.04763904292621294,0.0028087878536112863,-0.004564267971670868,1.0,1.0,1.5,0.40824469681514697,10904.936225216392,10927.350908328408,10993.937752344982,11004.818355487272,0.0,0.0,0.0,0.0,0.0,0.0,nan,0,0.002426849844598844,-0.0194529010140968,-0.004248742125816163
7.447839106000174,0.9184218908250071,0.638614298431108,1.4804211941596366,0.33645502933982957,1.0724835451635166,-0.10779576156189645,0.05748374516121692,-0.0020747534950712847,-0.009087575463392051,1.0,1.0,1.5,0.3709958798061536,10916.857653078334,10958.856008980936,11018.41680465517,11010.390136901102,0.0,0.0,0.0,0.0,0.0,0.0,nan,0,-0.01134355123753572,0.009817006010119367,0.0018166365893701464
7.458882584999628,0.9417799163604867,0.6417156958961312,1.4644309899155465,0.3824134903717849,1.0448194626130336,-0.09296384649162905,0.06181370107905415,-0.007495310216202235,-0.00684531866204781,1.0,1.0,1.5,0.3647223261394528,10916.857653078334,10958.856008980936,11018.41680465517,11010.390136901102,0.0,0.0,0.0,0.0,0.0,0.0,nan,0,0.008192370580272557,0.0025352614569617016,-0.014058721081099845
7.468856591000076,0.9396394317729836,0.6563860559634012,1.4726733059154766,0.34589905025809986,1.0311743186045714,-0.09350396946333327,0.06877052830923618,-0.008100211703060167,-0.01118955528041642,1.0,1.0,1.5,0.3499438368405198,10964.63874638114,11009.999735007088,11086.051984652675,11076.494283977336,0.0,0.0,0.0,0.0,0.0,0.0,nan,0,0.006051885992769401,0.017205621524231662,-0.005816405081169762
7.4795000940002865,0.9513063387688627,0.651879922847648,1.4706701661222963,0.34639059082209833,1.0332137259846597,-0.06010615822363605,0.07212066096866139,-0.010260723416519,-0.018523742008439776,1.0,1.0,1.5,0.352730633651156,10965.416280919851,11031.352306757919,11108.176942052656,11074.68126800632,0.0,0.0,0.0,0.0,0.0,0.0,nan,0,0.013905446062260074,0.0023845382605283127,-0.00774291721870668
7.490181807000226,0.9599136019584975,0.6551927309654693,1.4754234068512493,0.36695259346384557,1.017980641142569,-0.06654163078888847,0.07376983488854434,-0.012018082580034986,-0.014477820435925399,1.0,1.0,1.5,0.3479985359420241,10958.149530913355,11032.18221238713,11132.1309605627,11088.180140587385,0.0,0.0,0.0,0.0,0.0,0.0,nan,0,0.014924348980716928,-0.014705349342638119,-0.002955833504513672
7.500358829999641,0.9444129614919805,0.68402995419159,1.4747598014792564,0.39047336366935953,0.9965612720561274,-0.045110199046589076,0.08555304182127899,-0.019775186014130225,-0.006557505536770627,1.0,1.0,1.5,0.3218136981541142,10931.959545837408,11002.778098039316,11114.093679304953,11063.299017470823,0.0,0.0,0.0,0.0,0.0,0.0,nan,0,-0.004345417176190747,0.0040549173532002936,-0.0036594140217478532
7.510949274000268,0.9566848793563112,0.6772126834759605,1.4644646325203012,0.3597283995941117,0.9990510908812409,-0.03980399745858893,0.09006343632358442,-0.019153602872178394,-0.010077554973553065,1.0,1.0,1.5,0.32761351273579203,10931.959545837408,11002.778098039316,11114.093679304953,11063.299017470823,0.0,0.0,0.0,0.0,0.0,0.0,nan,0,0.007926500688139937,-0.0027623533624291374,-0.013954582980703067
7.521359010000197,0.9573042693550169,0.7002698941818694,1.4605767633987616,0.3765238163046097,0.9797868063102506,-0.06664540627189133,0.09283736484070618,-0.020971049926360112,-0.014875736880983655,1.0,1.0,1.5,0.3053117314044352,10875.837801048003,10940.83995074918,11066.402827411277,11028.267200997565,0.0,0.0,0.0,0.0,0.0,0.0,nan,0,0.0010718665914511982,0.00041485769977078757,-0.018014726286625926
7.531953177000105,0.9481034143816802,0.6957520736093962,1.4665868609651147,0.34469515296619896,0.9539916171715666,-0.09910823909068169,0.09854331416711777,-0.022815808806962698,-0.004028161834783689,1.0,1.0,1.5,0.3104456380302137,10850.301402824542,10917.712243570946,11053.361802159014,11013.41615163421,0.0,0.0,0.0,0.0,0.0,0.0,nan,0,-0.011828455414926164,-0.0138964714254598,-0.012126558971656154
7.542319809000219,0.9704004936985131,0.7285543894011582,1.4857914010154978,0.3587962639001139,0.9790162487431233,-0.06835439132904818,0.10617932566820722,-0.031253144137146534,-0.006215736904605322,1.0,1.0,1.5,0.27342409288826797,10857.025380530657,10918.377764992787,11066.816712976672,11025.766730532332,0.0,0.0,0.0,0.0,0.0,0.0,nan,0,0.006797807555394275,0.00921650396389162,0.0069353681906219045
7.552881161000187,0.9651134401774389,0.7150516476087281,1.4861712130929454,0.36874581520834226,0.969255841805729,-0.11513143931409306,0.10485100122847567,-0.03191387958367238,-0.01195048814423809,1.0,1.0,1.5,0.28740889153621246,10859.162792073399,10938.338842491596,11102.253629220686,11049.198048979708,0.0,0.0,0.0,0.0,0.0,0.0,nan,0,-0.002128623387321893,-0.013866207505742745,0.007149813003677341
7.563226162000319,0.9659834581784343,0.7303407924292464,1.4608812594034946,0.3491777262885982,0.963570838320096,-0.07256337138389,0.11657972386395929,-0.03345016286320979,-0.013095657645882133,1.0,1.0,1.5,0.27459695775999005,10829.899439440598,10917.903710782903,11073.131514566192,11018.83589999209,0.0,0.0,0.0,0.0,0.0,0.0,nan,0,-0.004863896550140412,-0.008042922154419818,-0.018326829748497975
7.573981343999549,0.9545180269040282,0.7339204846624168,1.4602938355334332,0.34459064640147846,0.9280772112483789,-0.11835053817508856,0.11526967457584035,-0.03254167976574424,-0.016313581903281853,1.0,1.0,1.5,0.2728433577267952,10829.899439440598,10917.903710782903,11073.131514566192,11018.83589999209,0.0,0.0,0.0,0.0,0.0,0.0,nan,0,-0.016329327824546547,-0.004463229921249479,-0.018914253618559362
7.584344609000254,0.9817803194135335,0.7433874964629034,1.495929059356874,0.36925829987402103,0.941381918380775,-0.0725228781565046,0.1231085341190723,-0.03719719313865026,-0.016374266263120548,1.0,1.0,1.5,0.25729070385454883,10834.814878106241,10926.70607194383,11091.758527962978,11029.146614694006,0.0,0.0,0.0,0.0,0.0,0.0,nan,0,0.0038350259585677726,-0.013567113730366676,0.01628887400340706
7.594988435999767,0.9524807455332408,0.7640645791051195,1.45253135164594,0.3314597773819931,0.9100181077886113,-0.09648602761605451,0.1291914672968115,-0.04036643544933646,-0.013050567838393383,1.0,1.0,1.5,0.2453097530765592,10859.851417687298,10953.856820501938,11135.69611516972,11061.45869808679,0.0,0.0,0.0,0.0,0.0,0.0,nan,0,-0.028951927523794052,-0.0019854749854851805,-0.027356761438929178
7.605484118000277,0.9838504605330597,0.7631445491249282,1.4940047372939196,0.34088374720876324,0.8545710450217959,-0.1309030743274066,0.1300141995410243,-0.04137477544497553,-0.004295208629169643,1.0,1.0,1.5,0.23748106326430055,10822.337007236603,10902.671974577393,11084.751048760054,11021.850882571613,0.0,0.0,0.0,0.0,0.0,0.0,nan,0,-0.0010252222471646144,-0.011868438208046173,0.01384881694905804
7.615719868000269,0.9778135085204885,0.7853828978730282,1.497258326261603,0.315034413003232,0.8769417047095496,-0.14275523713956642,0.13828332030138468,-0.047458899627107795,-0.013275970630869443,1.0,1.0,1.5,0.21577826050007284,10822.337007236603,10902.671974577393,11084.751048760054,11021.850882571613,0.0,0.0,0.0,0.0,0.0,0.0,nan,0,-0.010458451357632126,0.0015435509834962335,0.01681716318920623
7.626316633999522,1.0067733975613093,0.7803535420402662,1.4844478557473804,0.30455672833316116,0.8242257274934184,-0.10924111972958607,0.1404780778515093,-0.04803341977789714,-0.015867212520197262,1.0,1.0,1.5,0.22030050975800067,10830.868983663018,10929.947532932702,11121.526889861789,11039.870065979892,0.0,0.0,0.0,0.0,0.0,0.0,nan,0,0.018501437683188682,-0.00348580484926575,0.004006692674983547
7.636927200999708,1.0121657482283242,0.7949912585582373,1.4926849293948676,0.33715193825306927,0.8685052957823182,-0.0776466049745332,0.13987394585334822,-0.050249283404636066,-0.010844937387385442,1.0,1.0,1.5,0.20549963444115557,10822.456150695574,10924.945937527727,11131.586800006928,11055.55185842462,0.0,0.0,0.0,0.0,0.0,0.0,nan,0,0.020546733822221608,0.002466599944801584,0.011939494497849923
7.647458954000285,0.9991501047228415,0.8224709348410082,1.4711087107645424,0.2859613108537938,0.8318139344216386,-0.11543135387456621,0.14984438678532142,-0.05432810960477389,-0.019905949097670343,1.0,1.0,1.5,0.1798666113871459,10802.774763055006,10913.657466585453,11148.324299157026,11053.566773927681,0.0,0.0,0.0,0.0,0.0,0.0,nan,0,0.0009939979311209823,0.013015085502170898,-0.010301161903957023
7.6580228860002535,0.9893326485268573,0.8306366116390884,1.488004014165346,0.3029363495005952,0.8269422104319263,-0.11517229066618972,0.15181082147119218,-0.05294174432855986,-0.017808615280211958,1.0,1.0,1.5,0.17012246583178173,10802.774763055006,10913.657466585453,11148.324299157026,11053.566773927681,0.0,0.0,0.0,0.0,0.0,0.0,nan,0,-0.008823458264863193,0.02118076230025112,0.006594141496846451
7.668297289000293,1.0093633458103117,0.8168373338765236,1.4647103809262927,0.2947428033021502,0.8332558490448199,-0.10764257283668932,0.15973883854828033,-0.05826719021159662,-0.016359811053285423,1.0,1.0,1.5,0.18676614179393156,10780.354109904023,10880.04513125907,11097.379455221155,11019.41492709658,0.0,0.0,0.0,0.0,0.0,0.0,nan,0,0.008021444291046675,-0.0008573535656837272,-0.01705382409891243
7.678876633000073,1.0114452419997881,0.8218632871732705,1.5052318513953002,0.3173670569145683,0.7853939188808328,-0.17554473891865502,0.1580989505566156,-0.05945487370759303,-0.020700357024673273,1.0,1.0,1.5,0.1785806660592599,10791.200682361403,10904.043671999767,11126.915835325111,11028.886207059804,0.0,0.0,0.0,0.0,0.0,0.0,nan,0,0.006975448156487873,-0.003914574001004478,0.023102164362949873
7.68929189299979,1.01591232657083,0.8554307550917964,1.4777985414179704,0.2926274548256175,0.7742773650185143,-0.0669624906582438,0.16333804830986823,-0.06116947891649353,-0.011483171777336144,1.0,1.0,1.5,0.1471270657404492,10789.026408234098,10905.114902609474,11125.41793757202,11020.600398363254,0.0,0.0,0.0,0.0,0.0,0.0,nan,0,0.00837470291303366,0.02172908700420151,-0.004708446128226518
7.700073934000102,1.0165829805665614,0.846469561076737,1.4870517362174855,0.2761824309618929,0.7001082599165702,-0.14623272698409331,0.16403220351076409,-0.06473398834615568,-0.011587065433569795,1.0,1.0,1.5,0.15496531371704547,10812.18134589854,10923.277454014944,11161.281091238165,11054.580096634172,0.0,0.0,0.0,0.0,0.0,0.0,nan,0,0.00309817920722133,-0.00258755541815181,0.0037528863100158016
7.710599254999579,1.0060545893450579,0.8642646275695597,1.464825959629799,0.2766203723606564,0.7203570256283636,-0.14713847738825586,0.16280718012479875,-0.06512031489479833,-0.0134976851602268,1.0,1.0,1.5,0.14034942998435068,10775.206806296323,10889.798204157472,11122.160835330831,11019.577950290577,0.0,0.0,0.0,0.0,0.0,0.0,nan,0,-0.010305672572599622,0.007782327515949539,-0.018886885208336812
7.721485883999776,1.0154769341187895,0.8655833527798983,1.4735726583999542,0.24605065086065017,0.7243473862409737,-0.08923282631775178,0.1694908548531697,-0.06360175365014992,-0.01578607771478278,1.0,1.0,1.5,0.1378614337791978,10775.206806296323,10889.798204157472,11122.160835330831,11019.577950290577,0.0,0.0,0.0,0.0,0.0,0.0,nan,0,-0.0008833277988680166,0.009101052726288139,-0.010140186438181598
7.731585587000154,1.030717902855572,0.8693063351375434,1.4696745007286913,0.2507434024970274,0.704329075638358,-0.09456722705468365,0.17378413335406628,-0.07110461540957813,-0.015809216394792346,1.0,1.0,1.5,0.137637420409853,10813.45883040248,10943.405366420873,11198.920596001051,11081.066108537321,0.0,0.0,0.0,0.0,0.0,0.0,nan,0,0.008812109847868621,-0.0015063985211815067,-0.014899255812584444
7.74182423000002,1.0152528376499492,0.8736237780689253,1.4906484175569608,0.22969999860272658,0.6652672586986722,-0.12004561624146798,0.17629306187132962,-0.07102877371542829,-0.015128102137370656,1.0,1.0,1.5,0.12763640005945368,10813.45883040248,10943.405366420873,11198.920596001051,11081.066108537321,0.0,0.0,0.0,0.0,0.0,0.0,nan,0,-0.00665295535775412,0.002811044410200414,0.00607466101568499
7.752579717999652,1.027840526365064,0.8858269657811634,1.505037832020913,0.2575506854534919,0.6493001252003645,-0.12845086007999695,0.18280501823579656,-0.07130563117024184,-0.01297590240751461,1.0,1.0,1.5,0.11762634229835765,10773.61130861905,10913.41922397585,11172.19996127797,11039.460184001855,0.0,0.0,0.0,0.0,0.0,0.0,nan,0,0.0006753747058994009,0.0013975440542283168,0.019549424732593135
7.762971199000276,1.0367737264594459,0.8948595324557284,1.4616668639965278,0.2445441990976244,0.6434837774639258,-0.08859763361542579,0.18164950565118684,-0.07391884723520543,-0.010544087484588962,1.0,1.0,1.5,0.11779751350942382,10753.227020378228,10904.164409828845,11173.311829310715,11029.733848040172,0.0,0.0,0.0,0.0,0.0,0.0,nan,0,0.007089837854105552,0.0038947776982789506,-0.02429262328568349
7.773667768999985,1.0173913949222624,0.8933080544471833,1.4808740559025064,0.2265254530680845,0.615860606540499,-0.08398940376409808,0.18492575871932784,-0.07319886002060828,-0.010542747345619757,1.0,1.0,1.5,0.10977902167904277,10737.597761671472,10880.250052935255,11157.167205139494,11023.888870907105,0.0,0.0,0.0,0.0,0.0,0.0,nan,0,-0.01473552475172113,-0.0040075309144149696,-0.005562080512059309
7.783824831999482,1.0241368384495635,0.8994356389081967,1.473340993697494,0.23732113160542095,0.6205681091212373,-0.09868411937624698,0.18458595695670318,-0.07378210688159217,-0.023112596406706338,1.0,1.0,1.5,0.10680112503705189,10740.508955231113,10881.962474747526,11156.524402199137,11029.834677613126,0.0,0.0,0.0,0.0,0.0,0.0,nan,0,-0.010356126095315332,-0.0040444090175874026,-0.013575759395646259
7.794151158000204,1.049183170560975,0.9224277425058474,1.498515077824952,0.2580084513743585,0.5683057403596081,-0.04391204763567472,0.19075731443036556,-0.07916493892931536,-0.017274258108079546,1.0,1.0,1.5,0.09186209442983018,10740.508955231113,10881.962474747526,11156.524402199137,11029.834677613126,0.0,0.0,0.0,0.0,0.0,0.0,nan,0,0.012402300249068299,0.012971195344247621,0.011115882783904185
7.804859668000063,1.044844922608267,0.9252731061284817,1.4865669597207225,0.21547007338426993,0.5400181355153665,-0.07837411688143268,0.1884949725693111,-0.07551301828333155,-0.014032463483590732,1.0,1.0,1.5,0.08817948923968266,10723.756799437118,10863.314714260017,11143.349055374962,11011.339446470922,0.0,0.0,0.0,0.0,0.0,0.0,nan,0,0.005855376774709153,0.01002950336440056,-0.0013146386132987242
7.815466357999867,1.046381139400585,0.9410085399255279,1.4878725660092498,0.20517904261165765,0.5774129806941558,-0.09933993967892248,0.19415607685087966,-0.07334645643021159,-0.017690586670180013,1.0,1.0,1.5,0.07601497950413816,10672.368625360607,10793.236512466618,11080.534067055525,10963.491870197458,0.0,0.0,0.0,0.0,0.0,0.0,nan,0,0.005262855724032622,0.02016792791427935,-0.0004858548576041066
7.82591506100016,1.036141867815634,0.9102322103358703,1.4991206104370702,0.20358324199203856,0.5442327659519814,-0.10051082718812678,0.1919709688305962,-0.080358107832452,-0.019473172227396036,1.0,1.0,1.5,0.09677429408882081,10672.368625360607,10793.236512466618,11080.534067055525,10963.491870197458,0.0,0.0,0.0,0.0,0.0,0.0,nan,0,-0.0049764158609184594,-0.010608401675378243,0.010762189570216352
7.836472627000148,1.0456621382659976,0.9381343498431475,1.4909622722548164,0.173919868920758,0.494830815140608,-0.07823720652420153,0.19072978562634865,-0.08183969151464796,-0.01545786103822011,1.0,1.0,1.5,0.07742137988404246,10683.870765655833,10799.522691033262,11081.010917373509,10967.042694285698,0.0,0.0,0.0,0.0,0.0,0.0,nan,0,0.0005290437865079767,0.0066724142635198325,0.0016838468650770544
7.846827698000197,1.060942054208443,0.9242016580997161,1.4829011414365012,0.16718794977574683,0.5188082516621334,-0.04439471491578911,0.19424741618177382,-0.07832167295773967,-0.020228446368592796,1.0,1.0,1.5,0.09875066364410753,10683.870765655833,10799.522691033262,11081.010917373509,10967.042694285698,0.0,0.0,0.0,0.0,0.0,0.0,nan,0,0.015808959728953242,-0.007260277479911537,-0.006377283953238111
7.857638417999624,1.050286453908926,0.9422279444664483,1.4764629601643966,0.16023858589062664,0.4742567783928925,-0.05439377778453439,0.19345043537174794,-0.07975438801350224,-0.016128745287777708,1.0,1.0,1.5,0.08012696232560615,10664.219361283273,10793.890257230338,11080.407543563864,10945.891573577765,0.0,0.0,0.0,0.0,0.0,0.0,nan,0,0.0014683745843817597,0.000916157198605827,-0.013689809816260556
7.867807349999566,1.0560221191988608,0.9462815152101524,1.5051732365485277,0.19080893394847367,0.44460926590617283,-0.08347302698860141,0.19902389058614048,-0.08510127487629222,-0.019277314785898187,1.0,1.0,1.5,0.07778763284761585,10643.280221500874,10771.797867247722,11055.839062862395,10920.790428288023,0.0,0.0,0.0,0.0,0.0,0.0,nan,0,0.0054869695532300256,0.00033564247183404117,0.0146048652189108
7.878250931999901,1.0326609333206385,0.9339005619689755,1.4864786739980185,0.1684102648554666,0.45527615622646356,-0.021150844076683772,0.19395138847498133,-0.083003379470444,-0.012891541339824734,1.0,1.0,1.5,0.07495797842954609,10639.661033636741,10771.758181158437,11057.771159821472,10918.361883622494,0.0,0.0,0.0,0.0,0.0,0.0,nan,0,-0.019506973825642593,-0.016485178265511213,-0.004487656753830782
7.8889286160001575,1.054475123009816,0.9491213167896907,1.4880506301615872,0.14312760236531324,0.41376546656062985,-0.09746616291889118,0.19566467815512234,-0.08326845628662011,-0.023721166344702126,1.0,1.0,1.5,0.07549150198323488,10639.661033636741,10771.758181158437,11057.771159821472,10918.361883622494,0.0,0.0,0.0,0.0,0.0,0.0,nan,0,0.0007593173680684462,-0.005509749439968181,-0.0032949728865776517
7.899511399999938,1.052753870261154,0.9596249614510438,1.4590426431299681,0.11438082436668412,0.4060219181687654,-0.049214880785675624,0.19882460214911213,-0.08856286765060256,-0.017400991728424766,1.0,1.0,1.5,0.07804242209939107,10598.526626428671,10727.811130349106,11015.65804246549,10881.800146357898,0.0,0.0,0.0,0.0,0.0,0.0,nan,0,-0.002424751189099794,0.0009427145602095566,-0.0326596981843974
7.910163444999853,1.066399926781831,0.9746371955811111,1.5092357430912724,0.13859194789745866,0.4129085488474518,-0.03651408798476377,0.19658550828246654,-0.08487700324901362,-0.020272473450894533,1.0,1.0,1.5,0.07167650294951133,10598.526626428671,10727.811130349106,11015.65804246549,10881.800146357898,0.0,0.0,0.0,0.0,0.0,0.0,nan,0,0.00984406676354066,0.012098145727215237,0.01719911766668436
7.920386124000288,1.0567995846363414,0.967767375261104,1.4725928551225151,0.11780364024878542,0.34777784247578486,-0.061541951829791476,0.19683725863853385,-0.08709667809978908,-0.01685400144556976,1.0,1.0,1.5,0.07082574745637946,10630.723433653704,10758.637262942359,11051.764454203172,10909.305749419016,0.0,0.0,0.0,0.0,0.0,0.0,nan,0,0.000243724618051111,0.00522832540720819,-0.019443770302072894
7.93116168799952,1.0560729387790122,0.9631496713997726,1.4685615532862462,0.09445876512505585,0.33681379784997206,-0.038042083323311965,0.19919365464418134,-0.08463868779009673,-0.021927762605254593,1.0,1.0,1.5,0.07409788872183289,10610.716169111885,10746.702247052113,11019.456511170098,10870.073777192287,0.0,0.0,0.0,0.0,0.0,0.0,nan,0,-0.0029782486927065754,-0.006517841304240601,-0.024085874840677812
7.941417901999557,1.0573774522134352,0.9773916827903399,1.488403696841083,0.10689740611939967,0.30775307536453517,-0.040345551689283714,0.1957275000095837,-0.0865102810436722,-0.01503883228139893,1.0,1.0,1.5,0.0627517511828248,10626.665688763198,10766.05341812101,11048.266659217268,10895.17345014307,0.0,0.0,0.0,0.0,0.0,0.0,nan,0,-0.002791597441640592,0.004451372023822064,-0.00451629002749665
7.952361798000311,1.0763099177630797,0.9846048988260603,1.4865136025421353,0.1031124037215978,0.313601575323675,-0.029908055415015695,0.19628091753368232,-0.08964716351739654,-0.018994587028590006,1.0,1.0,1.5,0.07900693390807752,10623.932379986158,10767.870265536834,11058.875149854235,10897.40460534133,0.0,0.0,0.0,0.0,0.0,0.0,nan,0,0.015109948529934414,0.00858595364098469,-0.00665880287006404
7.962682426999891,1.0527149103811795,0.976799577517399,1.497619345063609,0.06818992905122022,0.21904265437868972,-0.07544409072545487,0.19702894862617745,-0.08410631724231085,-0.017772180349410475,1.0,1.0,1.5,0.05764363709719508,10623.932379986158,10767.870265536834,11058.875149854235,10897.40460534133,0.0,0.0,0.0,0.0,0.0,0.0,nan,0,-0.008485058851965821,0.0007806323323233944,0.004446939651409743
7.972915907999777,1.0694977101329612,0.9775922268761189,1.4948638210500949,0.08766874217116556,0.25588493786617167,-0.040400027021423375,0.1975474877716037,-0.08478155807289241,-0.01721014391738408,1.0,1.0,1.5,0.07320123184962041,10605.617893273762,10744.49457380795,11027.232538518265,10874.123677379794,0.0,0.0,0.0,0.0,0.0,0.0,nan,0,0.006496609278809018,-0.004004663292681343,0.0012511380949871143
7.983534171999963,1.0625589861572606,0.9920248347778164,1.4798522025737506,0.1064639826203483,0.2217934903279084,-0.09606434677877071,0.19425099917846392,-0.08445498932885676,-0.015437346645977368,1.0,1.0,1.5,0.06620546616764084,10606.843390223368,10749.411561403289,11056.459408176479,10895.024017961712,0.0,0.0,0.0,0.0,0.0,0.0,nan,0,-0.001212558727475388,0.007926752980930263,-0.013946686187559898
7.993969389000085,1.0621416116323563,0.9761045571304633,1.4710705035580691,0.0924164169089508,0.21823719699346983,-0.0679997818223968,0.19544580248085563,-0.08761043228890178,-0.010774371202366562,1.0,1.0,1.5,0.0725912381116453,10606.843390223368,10749.411561403289,11056.459408176479,10895.024017961712,0.0,0.0,0.0,0.0,0.0,0.0,nan,0,-0.0016299332523797005,-0.007993524666422891,-0.022728385203241386
8.004472767000152,1.0767646830438085,0.9775321653358465,1.4925026249082085,0.027256376808305144,0.18030834413142738,-0.022783151788850344,0.1915336805191605,-0.08832488870348508,-0.011621303447826697,1.0,1.0,1.5,0.08033573794133671,10599.830362497702,10732.513608999572,11038.44697510127,10887.015138310753,0.0,0.0,0.0,0.0,0.0,0.0,nan,0,0.012309282491582252,-0.008876469566942435,-0.0014602193606576552
8.01497608199952,1.065140391444583,0.9724999833876626,1.5054206036893478,0.031161380206847996,0.21337556705289745,0.005414393761389064,0.1937327091119444,-0.0838799686064431,-0.017422374594296942,1.0,1.0,1.5,0.07091476895252002,10655.269316587779,10773.053232872595,11075.051481599281,10939.555981427024,0.0,0.0,0.0,0.0,0.0,0.0,nan,0,8.778502431350255e-05,-0.016029058324404155,0.011312618486670312
8.025419831999898,1.0644420362420868,0.9870097301982528,1.4680896200895313,0.025319213310645076,0.16793791837714936,-0.0048388757592430385,0.1884783139724595,-0.08456468118608883,-0.013270060776344466,1.0,1.0,1.5,0.07307390430638737,10680.470750792098,10791.584707531121,11088.120131121015,10962.170175578605,0.0,0.0,0.0,0.0,0.0,0.0,nan,0,-0.0011209085583940848,-0.0034497225098635287,-0.026150724571512907
8.0362521320003,1.0670871126411412,0.9773736264902618,1.5068885386057747,0.04037723498761933,0.1287875712591343,0.05147758994302138,0.18849034820810565,-0.08245512355161935,-0.02451023786628635,1.0,1.0,1.5,0.07113427742551826,10583.384049811832,10715.519216959343,11003.168293649309,10858.3675599554,0.0,0.0,0.0,0.0,0.0,0.0,nan,0,0.0007614791709407154,-0.016384902506904386,0.012432804772943173
8.046934150000197,1.0691091914635473,1.0128001500177162,1.4942823307334967,0.01365328727080269,0.09500744030268664,-0.023574329927885867,0.18835615667912872,-0.08560673787071002,-0.01293184306754676,1.0,1.0,1.5,0.0705167776281815,10590.329681083893,10726.212421583801,11004.751358773334,10858.60005434211,0.0,0.0,0.0,0.0,0.0,0.0,nan,0,0.002529160815788911,0.017667239894617714,-0.0002445495751319804
8.056958154999847,1.0798722130820495,1.002071422552609,1.5017491448417029,0.043821554476361886,0.09518034305791472,-0.07572653468772571,0.18386514933091996,-0.08505732661440413,-0.013324359880814129,1.0,1.0,1.5,0.07991821270331959,10590.329681083893,10726.212421583801,11004.751358773334,10858.60005434211,0.0,0.0,0.0,0.0,0.0,0.0,nan,0,0.013292182434291089,0.0069385124295106015,0.007222264533074174
8.067398969999886,1.0541707961948574,0.997961419429887,1.4930246161373828,-0.036977235241139834,0.09813574604489342,-0.03280392721296472,0.18609483550914765,-0.0839296959838867,-0.011780199477196465,1.0,1.0,1.5,0.05465607881248419,10519.950718496153,10644.056262007867,10936.283033605743,10791.561768912605,0.0,0.0,0.0,0.0,0.0,0.0,nan,0,-0.012580412662856588,0.0016336885276343471,-0.0015418636499513472
8.07786953699997,1.0456838049396786,1.0093246378766894,1.4865316869052516,-0.020773911724601392,0.11361943547660305,-0.01643359698789485,0.17820758647386578,-0.0833173073368342,-0.01816658264174795,1.0,1.0,1.5,0.048531993189195974,10538.24182660905,10665.396343039773,10950.796457403696,10807.363570222482,0.0,0.0,0.0,0.0,0.0,0.0,nan,0,-0.021156393404055285,0.011978825007368799,-0.008038785373520208
8.088634955999623,1.0776333114764667,1.006335406739543,1.481219241750293,0.006797556497636565,0.055601602526590584,-0.0116825092012491,0.1786049965422178,-0.0779879692505953,-0.023353091691795856,1.0,1.0,1.5,0.08012356276271967,10596.564883397179,10730.58789388627,10988.663394326904,10846.62045699883,0.0,0.0,0.0,0.0,0.0,0.0,nan,0,0.010860562034947119,0.007478795897963297,-0.013274652233450368
8.09880465599963,1.0580360762775973,1.006986688307875,1.4951892458600902,-0.06314636899937719,0.031410997328769875,-0.011015317472868552,0.17726402549173534,-0.08455939962223467,-0.00999495127362078,1.0,1.0,1.5,0.0586527349627036,10596.564883397179,10730.58789388627,10988.663394326904,10846.62045699883,0.0,0.0,0.0,0.0,0.0,0.0,nan,0,-0.008736673163922237,0.00813007746629546,0.0006953518763468391
8.109867195999868,1.0553757146411136,0.984573762144475,1.4879585557657105,-0.026983539972935525,0.03930853733939632,0.027206985557513035,0.17478953019367938,-0.07883336335469103,-0.011463967697304865,1.0,1.0,1.5,0.05873189053348085,10633.180099146059,10746.467530734608,10977.980113565885,10838.833952264966,0.0,0.0,0.0,0.0,0.0,0.0,nan,0,-0.011006617562447474,-0.015106240412383287,-0.00636408249097653
8.119959777999611,1.0705966623895484,1.0096484626270166,1.4966211873654474,-0.00909148591790181,0.014703897559395562,-0.03718533865806376,0.17197324820251036,-0.07876389689541295,-0.026098179783892946,1.0,1.0,1.5,0.07133300741191437,10633.180099146059,10746.467530734608,10977.980113565885,10838.833952264966,0.0,0.0,0.0,0.0,0.0,0.0,nan,0,0.0042143301859873805,0.00996846007015828,0.0022985491087603727
8.130685395999535,1.072697331116722,0.9889934533486276,1.4892883706285993,-0.026590332213354523,-0.02186584465592561,0.0014775791134345928,0.1714355829197024,-0.07842781950513412,-0.011621330997906154,1.0,1.0,1.5,0.07430198533332345,10586.872392033983,10721.386699230834,10944.161341346886,10798.774676815758,0.0,0.0,0.0,0.0,0.0,0.0,nan,0,0.007020652412801809,-0.010843346423718203,-0.004771509068722146
8.140991164000297,1.0684532235404762,0.9979217935201771,1.4842694664240705,-0.03780910721296902,-0.02492571871220881,-0.021742324043277823,0.16496722756331783,-0.07609290513201876,-0.017193324137690702,1.0,1.0,1.5,0.07026814670843846,10627.50793880515,10735.695305577869,10953.150167948037,10819.9689744582,0.0,0.0,0.0,0.0,0.0,0.0,nan,0,0.003244538723864432,-0.0017510868962909987,-0.009621904853612362
8.15172839600018,1.0631749805033581,0.9941338976551067,1.466401194753923,-0.08996628697216462,-0.012026578350916821,0.01563962434115295,0.15993180155334433,-0.07239964694798111,-0.01763395789538677,1.0,1.0,1.5,0.07179393450901161,10627.50793880515,10735.695305577869,10953.150167948037,10819.9689744582,0.0,0.0,0.0,0.0,0.0,0.0,nan,0,-0.0014904186879407533,-0.00521723090471693,-0.02729885617311245
8.162012900999798,1.0751702476272793,0.993245098298317,1.4729480349546213,-0.04733843483393606,-0.06348257361131751,0.003414737568233856,0.15788456776008514,-0.07249471087667535,-0.013812729191742564,1.0,1.0,1.5,0.08017483170024294,10623.49762236519,10721.023337262626,10944.42852122095,10825.757284641804,0.0,0.0,0.0,0.0,0.0,0.0,nan,0,0.01050484843598043,-0.00610603026150669,-0.020752015972414162
8.172602998000002,1.0787319240301492,1.0037234972340807,1.4983358212919982,-0.061938784452944,-0.04938897512508631,0.021657366284675062,0.15682284777939184,-0.07129347180572748,-0.018275424450094082,1.0,1.0,1.5,0.07883748971088281,10663.504336718699,10759.547960135145,10957.644912302823,10836.276778182715,0.0,0.0,0.0,0.0,0.0,0.0,nan,0,0.01537435362191486,0.0054780046884702616,0.005078163888228682
8.183027703000334,1.0397143681925822,0.9975642481803404,1.4794556725064085,-0.07666012506854576,-0.039737637604215635,0.01335166337871396,0.1504465274014186,-0.0720793474209139,-0.01437875073701438,1.0,1.0,1.5,0.04477983162124329,10663.504336718699,10759.547960135145,10957.644912302823,10836.276778182715,0.0,0.0,0.0,0.0,0.0,0.0,nan,0,-0.02364320221565208,-0.0006812443652700617,-0.013801984897360953
8.193642619999991,1.0543266553126585,0.9765269337436434,1.4618610719739005,-0.09680295943960368,-0.09895100569085735,-0.006133220302261889,0.14671401558142838,-0.07243092735571281,-0.010827764138287614,1.0,1.0,1.5,0.07040559741892478,10662.612379878134,10731.168085556292,10918.692811622237,10820.335968533533,0.0,0.0,0.0,0.0,0.0,0.0,nan,0,-0.007436549839122897,-0.020017216234967328,-0.030886248181149156
8.203926725000201,1.0489517515617324,1.0006849882461366,1.4815821478633546,-0.10844997072183299,-0.1438049129827138,-0.017407049171022173,0.14877853848695807,-0.06988042007502358,-0.014209887690014805,1.0,1.0,1.5,0.05230640942739471,10662.612379878134,10731.168085556292,10918.692811622237,10820.335968533533,0.0,0.0,0.0,0.0,0.0,0.0,nan,0,-0.012811453590048982,0.00414083826752587,-0.011165172291695002
8.214594150999801,1.0511142563932847,0.9952402969739321,1.48977883735321,-0.10533526859013498,-0.12358263544160651,0.007511478752011439,0.13967658621758453,-0.06589857512176997,-0.01902993784925821,1.0,1.0,1.5,0.05234304295115964,10696.836644809715,10786.055247866765,10947.43770485076,10840.662656135806,0.0,0.0,0.0,0.0,0.0,0.0,nan,0,-0.008780250016765967,0.0009645503047424064,-0.002386501882819303
8.22506717899978,1.0412807453600386,0.995012572194513,1.4789880014145511,-0.10262397377149564,-0.13945867289629946,-0.021342293964506587,0.13517628713238752,-0.06794035992802423,-0.00970976670311895,1.0,1.0,1.5,0.046588394028450865,10696.836644809715,10786.055247866765,10947.43770485076,10840.662656135806,0.0,0.0,0.0,0.0,0.0,0.0,nan,0,-0.018613761050012112,0.0007368255253232814,-0.013177337821478119
8.235550815999886,1.0564235245361695,0.9995942518482015,1.4949828679162727,-0.10280744963863483,-0.14600719327967976,0.022859423720893078,0.1298620622869295,-0.06587841724872091,-0.010053086000065957,1.0,1.0,1.5,0.05664759806904416,10699.799700316855,10791.019259146116,10951.632586346499,10839.79307571164,0.0,0.0,0.0,0.0,0.0,0.0,nan,0,-0.001338883336508001,0.008128139974720616,0.0034460988072930743
8.246260230999724,1.0551930681057793,1.0070300370544363,1.492181295918839,-0.10095524292034432,-0.14211785840835217,0.013722271951834182,0.13037507337300086,-0.058425899809629527,-0.01177591962009365,1.0,1.0,1.5,0.05618565939298659,10699.799700316855,10791.019259146116,10951.632586346499,10839.79307571164,0.0,0.0,0.0,0.0,0.0,0.0,nan,0,-0.0025693397668982154,0.015563925180955396,0.0006445268098593804
8.256485848999546,1.0618523327182556,0.9626722832057215,1.4684018451663337,-0.13423387581075605,-0.18988254137168167,0.05306859198463205,0.1256657306524264,-0.060918993091422645,-0.005930035650301784,1.0,1.0,1.5,0.07885120729992667,10727.070975742441,10818.44052433625,10964.945328893265,10859.137569800887,0.0,0.0,0.0,0.0,0.0,0.0,nan,0,0.005250843409089212,-0.027195021511863593,-0.022807418100801335
8.267144659000223,1.0464819912816827,0.9844794593566863,1.5100737734623357,-0.14413648163273324,-0.1903913712326597,0.015573909162385442,0.12043583636308888,-0.0595111354249622,-0.009328315734491657,1.0,1.0,1.5,0.050029427411690815,10714.177845121792,10782.341733089,10899.095767322411,10819.821480279008,0.0,0.0,0.0,0.0,0.0,0.0,nan,0,-0.007616844914710708,-0.0018222028942382895,0.019547643792781733
8.277361364999706,1.0479717200934526,0.9896365229372391,1.494455153727382,-0.13514956986068144,-0.19108518478721698,-0.022590423181004054,0.11421747544504367,-0.05860259449273716,-0.011598317492557426,1.0,1.0,1.5,0.0493906155635046,10693.73641601104,10763.633048710777,10888.752496374804,10815.089255508143,0.0,0.0,0.0,0.0,0.0,0.0,nan,0,-0.004789304923193738,0.005293083396723963,0.004289027163573156
8.287985171999935,1.0359181340521324,0.9909918485781158,1.4870088388739486,-0.16555700683069005,-0.23988976703920034,0.017575201508110934,0.1108623795665909,-0.05145087685071558,-0.010899373766815941,1.0,1.0,1.5,0.03924320849815385,10671.779576035307,10748.510304102434,10868.313537422498,10791.268824511844,0.0,0.0,0.0,0.0,0.0,0.0,nan,0,-0.015450087839588011,0.008717759752094545,-0.0027819921307921103
8.298617837000165,1.0431012573718323,0.9733905122417424,1.4911186129128362,-0.15661328978394945,-0.22392086510987583,0.018887407967707104,0.10605924912031213,-0.056424439842922176,-0.00802846930515525,1.0,1.0,1.5,0.0514262798808336,10711.86920497813,10783.057706676396,10885.346593448745,10812.1064087388,0.0,0.0,0.0,0.0,0.0,0.0,nan,0,-0.006820995859827761,-0.006707087513736498,0.0017169236770306906
8.308862013999715,1.0529735199255046,0.9715094006222362,1.4848643020003924,-0.126598036249132,-0.22038101857173228,-0.024525038188799062,0.10273554112146834,-0.05099751980511686,-0.0037677019358935376,1.0,1.0,1.5,0.062024168032609586,10709.437221772567,10786.43171138976,10887.197812532984,10811.554460396086,0.0,0.0,0.0,0.0,0.0,0.0,nan,0,0.004548623129223328,-0.006308444652026957,-0.004137424522438815
8.31949652000003,1.0662417063009864,0.9720883558372575,1.5041991987312735,-0.12487549382645184,-0.24388056623254695,-0.029658855856759144,0.09775324059555907,-0.04872679332459686,-0.010389408818951071,1.0,1.0,1.5,0.07200456099108182,10706.92882746794,10785.319895268405,10878.913738427247,10803.760586074215,0.0,0.0,0.0,0.0,0.0,0.0,nan,0,0.01936357939339839,-0.003350713179282483,0.015608124669173717
8.329991296999651,1.0648992694760453,0.9757425190326291,1.4858350726799707,-0.1751535641656165,-0.2705699489828997,-0.06554950836589937,0.09771784375607903,-0.045350030847682424,-0.016803049336960075,1.0,1.0,1.5,0.07071764792036297,10756.776434590372,10815.771033985484,10893.532503154674,10841.668716422315,0.0,0.0,0.0,0.0,0.0,0.0,nan,0,0.019615467567319245,0.0027772619222653505,-0.0023378698087597183
8.340469091999694,1.0405918014245465,0.9859554260553216,1.4882939606813859,-0.1796785742599462,-0.21106886579916317,-0.04081553269691114,0.08861012841195766,-0.042615818262771596,-0.00952430643467723,1.0,1.0,1.5,0.04451938630199543,10756.776434590372,10815.771033985484,10893.532503154674,10841.668716422315,0.0,0.0,0.0,0.0,0.0,0.0,nan,0,-0.004692000484179504,0.012990168944957858,0.00012101819265541991
8.351074592999794,1.0363538981749956,0.9815666952556555,1.4784802293107164,-0.18326627833471462,-0.2834679370519518,-0.06461696359216494,0.08757228081854913,-0.04417247465654842,-0.00801830516732808,1.0,1.0,1.5,0.04609222458110659,10785.888747460627,10819.075307926118,10887.580975389958,10858.770384165093,0.0,0.0,0.0,0.0,0.0,0.0,nan,0,-0.007289864845706928,0.011166352545968317,-0.009271496064499729
8.36160746600035,1.0232215766276511,0.9571438252138995,1.491946637915681,-0.15464924140118189,-0.2745040096809302,0.0031462246659225528,0.08201790875218913,-0.03671421834523945,-0.010438291318703156,1.0,1.0,1.5,0.04940394700053646,10877.399834478767,10903.31272176907,10936.618687723269,10904.93006256552,0.0,0.0,0.0,0.0,0.0,0.0,nan,0,-0.017012176658606437,-0.007868815006735086,0.0050215034655811674
8.372198330999709,1.0189489420682984,0.9512230446773192,1.47731648992567,-0.17169798347120402,-0.29152893389807283,0.03584181460731944,0.07930583073459889,-0.039709230650980844,-0.01104597285751002,1.0,1.0,1.5,0.05703328331203415,10914.738030495804,10945.917711187094,10974.679515278925,10941.052645700376,0.0,0.0,0.0,0.0,0.0,0.0,nan,0,-0.019518551513338478,-0.010974751908648162,-0.009215351413936146
8.38256456199997,1.0429853607149702,0.9471503790173922,1.4793319439347563,-0.16527028505754296,-0.29973036376066303,0.038281684649626,0.0709231705411043,-0.03420426760989229,-0.007161487582667941,1.0,1.0,1.5,0.07118983224672928,10914.738030495804,10945.917711187094,10974.679515278925,10941.052645700376,0.0,0.0,0.0,0.0,0.0,0.0,nan,0,0.004517867133333242,-0.015047417568575194,-0.007199897404849942
8.393098067999745,1.038727140016979,0.9630961547458299,1.494739728854246,-0.14950080308025848,-0.26567494224944377,-0.025972686749281108,0.06744270914837816,-0.03333404579792381,-0.01188800776724166,1.0,1.0,1.5,0.05375272663749522,10884.462630149153,10909.176245273644,10939.057414528446,10912.98766323161,0.0,0.0,0.0,0.0,0.0,0.0,nan,0,0.0020639964126532018,0.0037880432516894658,0.008585290056245087
8.403594757999599,1.037845001182382,0.944311117135667,1.485361372837611,-0.2068833368290825,-0.2776027868571394,-0.00042926269775905504,0.06177655335606715,-0.03421313711186577,-0.00750924563983182,1.0,1.0,1.5,0.06890417399817912,10845.999172234622,10874.588451024621,10912.981752358373,10882.098974286373,0.0,0.0,0.0,0.0,0.0,0.0,nan,0,0.004895420575056431,-0.009012767524585241,-6.44568221437325e-05
8.413930319999963,1.0226527768820044,0.9411708227323877,1.492985045113379,-0.18654207072562817,-0.34438335985524193,-0.06145521062436524,0.05428678480390298,-0.028417663116915536,-0.0004773754261074609,1.0,1.0,1.5,0.06342893653933786,10858.181423125714,10857.900173582002,10874.434967274829,10872.733562143387,0.0,0.0,0.0,0.0,0.0,0.0,nan,0,-0.008392088776506545,-0.00906793242331394,0.007915989986564398
8.424723872999493,1.0037847555403916,0.9415837958392038,1.4951216810073908,-0.1785211389459286,-0.3213511806197801,-0.016474968697147756,0.055101762800729606,-0.02676237659763374,-0.007246642533421093,1.0,1.0,1.5,0.05874159752041135,10858.941902347238,10871.435356026715,10872.161597505421,10861.366505502006,0.0,0.0,0.0,0.0,0.0,0.0,nan,0,-0.025326267174851758,-0.005513766710732559,0.010403166752798176
8.43488159699973,1.0320985964976477,0.9343679637135271,1.4881256975073123,-0.20580873467914526,-0.27203282113744504,-0.009278060859136794,0.0473569911550588,-0.02530696686946321,-0.004570571519502002,1.0,1.0,1.5,0.0740194781386328,10893.77338606235,10905.701932515758,10905.333383388339,10904.03728913401,0.0,0.0,0.0,0.0,0.0,0.0,nan,0,0.0049485009622685094,-0.009536660477262537,0.0037477321998167223
8.445681788999536,1.0236860413928575,0.9343278892842153,1.4703198253042413,-0.19610097066113547,-0.33618071851348547,0.0017227021975187045,0.05080449809020282,-0.0253000787108338,-0.006385104466066565,1.0,1.0,1.5,0.07586018357940612,10885.32998887138,10899.79125740469,10896.993760141746,10895.55246706624,0.0,0.0,0.0,0.0,0.0,0.0,nan,0,-0.0014781252879132456,-0.006336438966767499,-0.013730289644950933
8.456242575000033,1.0153155081690861,0.9386708495352355,1.5016621370329009,-0.2082938368853729,-0.3085305696086352,-0.021095724160451062,0.03576820394930808,-0.022485824032543462,0.0023013892901344404,1.0,1.0,1.5,0.06323442248272065,10893.343246101787,10908.177704962245,10880.265555625074,10880.879767593658,0.0,0.0,0.0,0.0,0.0,0.0,nan,0,-0.00783990659661149,0.0012896079627137125,0.01792795188045737
8.466620610000064,1.0397997710655382,0.9410679045540411,1.4659066347757082,-0.21360839600324125,-0.3428354098350515,-0.01333164446008222,0.03261291436239335,-0.0189731652587555,-0.007192983565217395,1.0,1.0,1.5,0.07886299007036074,10893.343246101787,10908.177704962245,10880.265555625074,10880.879767593658,0.0,0.0,0.0,0.0,0.0,0.0,nan,0,0.018673785393255482,0.007008044718064932,-0.017524051314429023
8.477050526000312,1.0138774195022084,0.9196975073931257,1.4906619555075797,-0.20231715543724987,-0.3579240831207297,0.023889666425228367,0.031608417008830186,-0.013973282793454764,-0.0016418594508800838,1.0,1.0,1.5,0.08202604565538799,10896.14477780528,10909.145115081925,10889.562004783696,10893.257224266668,0.0,0.0,0.0,0.0,0.0,0.0,nan,0,-0.0072485661700743,-0.014362352442850446,0.007231269417442565
8.487617464999857,1.0015882477847715,0.9346915945578328,1.4901911256893197,-0.20214118817076118,-0.3469290535098559,-0.07576294692079305,0.024777146467673268,-0.01587743698745654,-0.005398839711195603,1.0,1.0,1.5,0.06606000581037706,10922.170416604004,10935.216751754657,10888.663412655806,10899.378717384705,0.0,0.0,0.0,0.0,0.0,0.0,nan,0,-0.015425439658489859,0.007371449211775349,0.007328570036559956
8.497920822999731,1.0303202988424554,0.9290091267096043,1.489691413225369,-0.2129036757583423,-0.28992682866347774,-0.031568042199485585,0.020048096891745783,-0.011975573620988115,-0.005798080639282163,1.0,1.0,1.5,0.07787998185489588,10884.27674739997,10895.84480390807,10856.781086843761,10874.379284943849,0.0,0.0,0.0,0.0,0.0,0.0,nan,0,0.01538518633624153,0.0050983917112987776,0.007092944043412208
8.508776847999798,1.0257789480905886,0.9156144515014186,1.5035954733160901,-0.19623330383847157,-0.343096017817507,-0.018610790908430035,0.019254925650344302,-0.010857585146931028,-0.010915296319122582,1.0,1.0,1.5,0.08830856350564426,10938.029682536746,10946.939444903413,10896.4733509442,10914.282993793317,0.0,0.0,0.0,0.0,0.0,0.0,nan,0,0.012934509488441215,-0.004866409554323048,0.02124654175982843
8.518893090999882,1.0099029241398265,0.9163715891553272,1.5061310588734307,-0.19785624108300834,-0.35732485091247096,-0.01220437783638929,0.011400236200901255,-0.009694305173551632,-0.008182037663987797,1.0,1.0,1.5,0.0844355901846728,10959.575327259534,10959.823049488356,10881.799746360999,10905.724665055874,0.0,0.0,0.0,0.0,0.0,0.0,nan,0,-0.0008408331476521536,-0.0006632699167440359,0.024012701694288596
8.529401314000097,0.9900612863103194,0.9187336763211417,1.4879276914358872,-0.18755174264738245,-0.30897130686427576,-0.009363376486137222,0.007309849224535967,-0.009307663690025022,-0.003951613825960087,1.0,1.0,1.5,0.08275707841719382,10944.498232849304,10929.212947325408,10861.579049488093,10891.737646362164,0.0,0.0,0.0,0.0,0.0,0.0,nan,0,-0.018573937630699366,0.005156525310985316,0.006022519325447506
8.539886388999548,0.9967018727743175,0.9111183772353786,1.4762447616663013,-0.2294461887133423,-0.35982927946102417,-0.020120751044931343,0.0028540917141380738,0.0005245558682095866,-0.005795029328924072,1.0,1.0,1.5,0.09206047934244144,10924.746596950368,10905.08834784488,10840.19288587053,10872.275599531074,0.0,0.0,0.0,0.0,0.0,0.0,nan,0,-0.009819115859308392,0.0010062513125882466,-0.005460907004694482
8.550471237999773,1.0181317535408538,0.9232667276598142,1.504558601264378,-0.18131133407499167,-0.3777999665025994,0.010972827012337602,-0.0023036097512736733,0.00015697778169487665,-0.005285349394360851,0.0,1.0,1.5,1.0210294038359986,10933.77332994055,10914.76197345486,10829.81440001856,10862.50186392848,0.0,0.0,0.0,0.0,0.0,0.0,nan,0,0.013728593034244119,0.016622632919832903,0.02304060346492176
8.561064204999639,1.0033679339547614,0.9035773653641253,1.4874538922074438,-0.2033210274749674,-0.32218618642776403,-0.04834119638256524,-0.0067235643649945255,-0.000567308335373702,-0.009333571104418792,0.0,1.0,1.5,1.0080684203859935,11099.899820982222,10776.858383555651,10702.117172814369,11018.25516260772,0.0,0.0,0.0,0.0,0.0,0.0,nan,0,0.0010841255168432262,0.00040005853655400436,0.006110323574636478
8.571504810000079,1.00902992494286,0.9014539205344658,1.500048123673773,-0.22378538735044176,-0.37344616241878203,-0.03767301767225623,-0.006083691570692933,0.0005362212033580889,0.0038792550914494,0.0,1.0,1.5,1.0138307164039315,11099.899820982222,10776.858383555651,10702.117172814369,11018.25516260772,0.0,0.0,0.0,0.0,0.0,0.0,nan,0,0.008865024085244588,0.0017379645405897204,0.018867882694587834
8.582033140000021,0.9905392298401735,0.89254183691455,1.4565988740013929,-0.2231569874608778,-0.34927849734155497,-0.049888508440239794,-0.013069310554260156,0.006580008082164882,0.0011187783067827027,0.0,1.0,1.5,0.9972957838094024,11185.265442168893,10610.597972056703,10547.287298209845,11098.022750033215,0.0,0.0,0.0,0.0,0.0,0.0,nan,0,-0.009625671017441939,-0.00717411907932608,-0.02458136697779234
8.592367219000153,0.9740424495923343,0.9034520807475831,1.4758348760088154,-0.22452322013230305,-0.31679793617904384,-0.012094532740460151,-0.017212171671699937,-0.001889443492108022,-0.006769648947095536,0.0,1.0,1.5,0.9791139604445009,11299.81810859987,10576.586304507493,10499.250975910294,11188.207584189466,0.0,0.0,0.0,0.0,0.0,0.0,nan,0,-0.02400571225921544,0.007187881834749277,-0.00519304153060296
8.603155392999724,1.0085008093701138,0.9001558161730512,1.480314755574746,-0.2232569201600329,-0.30996340345539486,-0.020759287886866467,-0.017729796752830554,0.001051707400973468,-0.00029904049909186526,0.0,1.0,1.5,1.0136223420940988,11341.612738099588,10528.743362102587,10461.740601204301,11242.420084659949,0.0,0.0,0.0,0.0,0.0,0.0,nan,0,0.012565836989549828,0.007329644637033783,-0.0005750615173172324
8.613572020999527,1.0077096835259125,0.8812038713750927,1.482719256720689,-0.2063326128513662,-0.3144671959553407,-0.015142245312754099,-0.02523740785041022,0.005898123889581803,-0.004155736986685656,0.0,1.0,1.5,1.0148349375816963,11413.806821934122,10559.811461008889,10484.891764643105,11307.752426215546,0.0,0.0,0.0,0.0,0.0,0.0,nan,0,0.013883367253145429,-0.008202147178454577,0.0019483758121123795
8.623943984000107,0.9869923913921805,0.8904719688296069,1.5020126615990828,-0.22929504263939193,-0.34007555000994394,-0.028518621310675212,-0.024848472910154074,0.0044024767194800135,0.0029244837834742185,0.0,1.0,1.5,0.9930530806985246,11423.35261588152,10559.023525586716,10468.06800593247,11295.197149304398,0.0,0.0,0.0,0.0,0.0,0.0,nan,0,-0.004730335725857238,0.004464130296279012,0.02133783853820681
8.634606266999981,0.970612471622737,0.8750975066793139,1.492150796769443,-0.2062043453958099,-0.34089170896104043,0.019224046563190076,-0.028747254321275745,0.003812303750284518,-0.004322597488930643,0.0,1.0,1.5,0.978647440551845,11413.821372715376,10559.45230562375,10447.198329647306,11269.791386357761,0.0,0.0,0.0,0.0,0.0,0.0,nan,0,-0.016918012655754766,-0.00419565518177456,0.011603352585283
8.644890612999916,0.982837706600898,0.8863467202387754,1.487761167491821,-0.22856441485309525,-0.34038032841791827,-0.048852532724802535,-0.03457681864515646,0.0033287251704476935,-0.00567213538454213,0.0,1.0,1.5,0.9894628919460089,11375.078806136002,10561.347851645492,10452.642918852816,11240.91869028002,0.0,0.0,0.0,0.0,0.0,0.0,nan,0,-0.0026028193814492395,0.010362431608372802,0.007249043020098878
8.65547591900031,0.9987919458223574,0.8733667063509076,1.4902958699858273,-0.1996178680636366,-0.28965674465476243,0.013859005101108258,-0.038282925585244404,0.004635393374044186,0.0033982968146202665,0.0,1.0,1.5,1.006834401597085,11375.078806136002,10561.347851645492,10452.642918852816,11240.91869028002,0.0,0.0,0.0,0.0,0.0,0.0,nan,0,0.013351419840010204,-0.0026175822794949344,0.009783745514105213
8.666172533999998,0.9872420660979695,0.855105103293549,1.4988956090701242,-0.22346111086810003,-0.3183429335399194,-0.009452138744251335,-0.04148849118761012,-0.0035638898263655465,-0.008218003273625948,0.0,1.0,1.5,0.9978189454226085,11316.829249960572,10540.349655967617,10443.925222412587,11190.395997812555,0.0,0.0,0.0,0.0,0.0,0.0,nan,0,0.003889016770862397,-0.017607448843584894,0.018405626952257892
8.676650057000188,0.9882269138386943,0.8795257335807581,1.4904286182141935,-0.22655293233137663,-0.2994691785462176,-0.02031026377044903,-0.04500267350087107,-0.007664113101031273,8.205798547463549e-05,0.0,1.0,1.5,0.9955893196763886,11316.221126549208,10599.635114346354,10500.424272134502,11183.602551596827,0.0,0.0,0.0,0.0,0.0,0.0,nan,0,0.006960606047276885,0.010044140177964733,0.009948359030512277
8.68695394199949,0.9691559217152506,0.87329621209957,1.4696985933580988,-0.22804305846661657,-0.31942959540954863,-0.0248070169953049,-0.048735754553609165,-0.005501584541413337,-0.0026140817753386473,0.0,1.0,1.5,0.9778728065083576,11275.54937009944,10600.11097044223,10481.536819570143,11134.221104329532,0.0,0.0,0.0,0.0,0.0,0.0,nan,0,-0.010022243626203853,0.007001229652219942,-0.010783858724569217
8.6978899249998,0.9638809821615677,0.8707974217710577,1.4759355511862648,-0.2393904474579396,-0.28687275460323597,0.06730613401648662,-0.05430152189635418,-0.011620332683588308,-0.004565544734419489,0.0,1.0,1.5,0.9727995434263234,11220.265249826592,10675.299776341013,10549.582607875818,11069.147685106915,0.0,0.0,0.0,0.0,0.0,0.0,nan,0,-0.011106372733512893,0.010729056696177297,-0.0045773375614039935
8.708005284000137,0.9755110256682421,0.8604080392199533,1.4954731689212217,-0.22751225481138318,-0.28984540535246184,-0.05142736087350718,-0.05882880729107389,-0.011616597311920506,-0.0033947365925065115,0.0,1.0,1.5,0.9854583547336435,11215.86075062749,10740.528327382119,10613.619141511905,11064.38038805901,0.0,0.0,0.0,0.0,0.0,0.0,nan,0,0.0026323686871193575,0.0033726762564157964,0.014928220559655037
8.718607490999602,0.9452401352699571,0.8547357809930106,1.4856033822232002,-0.18537884730756612,-0.2932228175066988,0.0233413944053317,-0.06303144333785837,-0.019744100549541222,-0.004603270923782514,0.0,1.0,1.5,0.9564454345399369,11143.554500607124,10731.511334964673,10594.685353597797,10980.782277952774,0.0,0.0,0.0,0.0,0.0,0.0,nan,0,-0.025516510420699468,0.0006755298384497621,0.005016051116478959
8.729062575999706,0.9609934696299969,0.8526912147543223,1.4993922156053807,-0.23007879792165709,-0.32102124457302567,-0.03797035095336393,-0.06520230294208496,-0.022458245589592103,0.004225505407913992,0.0,1.0,1.5,0.9722184406212049,11143.554500607124,10731.511334964673,10594.685353597797,10980.782277952774,0.0,0.0,0.0,0.0,0.0,0.0,nan,0,-0.007624218318134313,0.0015450561529133378,0.018753499724994738
8.739391348999561,0.9471967439403908,0.8508245730858917,1.4547082146829677,-0.18427796095897991,-0.28418696186649556,-0.02809559630656291,-0.06408501456241066,-0.027422186808112654,0.002213799062804845,0.0,1.0,1.5,0.9599407927281186,11149.902720287515,10797.384551193036,10651.243805669332,10980.211184349002,0.0,0.0,0.0,0.0,0.0,0.0,nan,0,-0.021420944007740417,-0.00032158551551730863,-0.025930501197418243
8.750009544999557,0.9536345982140555,0.8468662053637379,1.476620792471143,-0.19550900467759041,-0.28028111726297195,0.014401610902940738,-0.0712828662174547,-0.030396833576505144,0.007660439218399925,0.0,1.0,1.5,0.9661343039739668,11093.910175215995,10850.034482334775,10709.952540448077,10935.228591861724,0.0,0.0,0.0,0.0,0.0,0.0,nan,0,-0.010638737558248068,0.0013526665361265344,-0.0041502664930834765
8.76050928299992,0.9621723447890372,0.832177469808657,1.4643287690031852,-0.2761809390479453,-0.2735177725741565,0.01581786178222347,-0.07260134409412487,-0.033303719782630054,0.003823612168547783,0.0,1.0,1.5,0.9773497119442387,11119.55538168412,10927.016857017908,10781.929046394782,10962.331164679952,0.0,0.0,0.0,0.0,0.0,0.0,nan,0,0.00011277160439204792,-0.010623926607262635,-0.016529359194383142
8.771187207999901,0.9542665987235286,0.8387089077440321,1.4813764434163235,-0.2206736681727884,-0.2366729060637137,-0.018850054567500354,-0.07855129201473417,-0.039247049239501085,0.0010346275755472676,0.0,1.0,1.5,0.9679805756007299,11087.285795260183,10937.926288795223,10785.378402013317,10931.042678206475,0.0,0.0,0.0,0.0,0.0,0.0,nan,0,-0.005545647872377435,-0.001453978346712792,0.0004124236702454098
8.78157819199987,0.9696058921714802,0.8322741065924223,1.4931833487929564,-0.255749462407205,-0.2352158665774919,0.02824876044614268,-0.0762732883603264,-0.04502916811231994,0.0012434216074209653,0.0,1.0,1.5,0.9840294854254626,11087.285795260183,10937.926288795223,10785.378402013317,10931.042678206475,0.0,0.0,0.0,0.0,0.0,0.0,nan,0,0.009793645575574161,-0.007888779498322562,0.012219329046878391
8.792086245000064,0.9696252717089209,0.8428461674082297,1.495434936600343,-0.21411347776573442,-0.24837558825410916,-0.05205343801209138,-0.07920889184048716,-0.043899046950326585,0.004376346482853655,0.0,1.0,1.5,0.9822888243478716,11062.222515599828,11010.879092757006,10841.95190927799,10891.959177683571,0.0,0.0,0.0,0.0,0.0,0.0,nan,0,0.014425946947966506,0.007728523592025138,0.01420494196442701
8.80255420100002,0.9555370065021914,0.8231329343937035,1.4788311990654823,-0.22703756719128243,-0.24624819792881242,0.01997936399293809,-0.08485876864854508,-0.05274419292626132,0.0055557229347262165,0.0,1.0,1.5,0.9719984813899435,11013.162792225508,10999.215274081442,10829.43404986747,10840.066490143556,0.0,0.0,0.0,0.0,0.0,0.0,nan,0,0.002712165369478492,-0.009583171184926687,-0.002557700485541492
8.81301268399966,0.9320587348824994,0.8379404332609941,1.4523742599916314,-0.232603527216023,-0.19464776808318704,0.033014171403735394,-0.08524522816698338,-0.059834184405868976,0.00022640950118789978,0.0,1.0,1.5,0.947240729463078,11013.162792225508,10999.215274081442,10829.43404986747,10840.066490143556,0.0,0.0,0.0,0.0,0.0,0.0,nan,0,-0.01834032249806339,0.00754186579771754,-0.029189723474582818
8.82365359799951,0.9560144116952447,0.8281568528718583,1.4818032696178673,-0.22598462295367086,-0.21984345964044494,-0.0403806770468173,-0.08747162563968322,-0.05788494488518026,0.0042999956305455125,0.0,1.0,1.5,0.971506430025303,11006.635793430349,11044.055914793196,10873.253575527195,10839.501887074977,0.0,0.0,0.0,0.0,0.0,0.0,nan,0,0.008097005945073343,-1.0679646475053595e-05,4.67713614118459e-05
8.833889143000306,0.9415142080737674,0.8085704367257384,1.47127879062439,-0.23109640217875568,-0.19456831642464173,0.03477522634823648,-0.08665993068282445,-0.0677081018480482,0.004185357240606676,0.0,1.0,1.5,0.9612071522664328,11006.635793430349,11044.055914793196,10873.253575527195,10839.501887074977,0.0,0.0,0.0,0.0,0.0,0.0,nan,0,-0.003861202949636544,-0.017454841408655497,-0.010687350548821195
8.844591185000354,0.9487927491718828,0.8302893876536622,1.486886246350507,-0.2474163732781847,-0.18340488895924023,0.04513581388695684,-0.09109737763123735,-0.07003356213245396,0.007676750959601923,0.0,1.0,1.5,0.9639405289533622,11031.057212280588,11120.620243858997,10931.44583812764,10846.344976387656,0.0,0.0,0.0,0.0,0.0,0.0,nan,0,0.006024360852932897,0.00631507738753212,0.004689944981491001
8.855097658999512,0.9278358673005372,0.8178039752890276,1.4828688917736972,-0.2664446359334487,-0.18525697705469968,-0.04308741848416845,-0.09540997323020839,-0.0724661466996624,0.016233742055626357,0.0,1.0,1.5,0.9457104540708443,11001.747165887498,11113.730409872569,10930.312596719914,10821.575902077218,0.0,0.0,0.0,0.0,0.0,0.0,nan,0,-0.012255995472244874,-0.004212819591354777,0.00042117140879227577
8.865565805000188,0.9443648848390794,0.8105532132648355,1.4732748385797054,-0.30341153438189294,-0.1952812483160679,0.014476319925617116,-0.09931918741393253,-0.08069829608596933,0.007543363049079164,0.0,1.0,1.5,0.9635503904697188,10962.36152126957,11095.107798690793,10900.954535906212,10778.657970766404,0.0,0.0,0.0,0.0,0.0,0.0,nan,0,0.007023050139582709,-0.009601046315557915,-0.009440606187564482
8.876152105000074,0.9428739715518326,0.817704549775595,1.474074773988005,-0.29068990144160706,-0.19220866407941112,0.010613576467807471,-0.09528027930801393,-0.08648046823302619,0.00447471424447529,0.0,1.0,1.5,0.9606846905963566,10987.218577099871,11155.677048260897,10954.602689618692,10808.204194561538,0.0,0.0,0.0,0.0,0.0,0.0,nan,0,0.0083600097400921,-0.0006840998966014533,-0.008925355571183236
8.886531467000168,0.9338499713130308,0.8236031469065723,1.4709356603871833,-0.2940044535320553,-0.1591038258795719,-0.005888805708500707,-0.10076150046622051,-0.08911926933339107,0.0055026538292295875,0.0,1.0,1.5,0.9508082638154456,10970.618413419,11172.37892704575,10978.16390411824,10795.661069574457,0.0,0.0,0.0,0.0,0.0,0.0,nan,0,0.0022462149047637325,0.006881074012867194,-0.012369555412651279
8.897205088999726,0.9257043228817547,0.8121780031658113,1.4743206709175518,-0.30951833179425514,-0.15641900931132685,0.012176865456739018,-0.10267975094944282,-0.09410488467688603,0.006438976926406189,0.0,1.0,1.5,0.9449153527374157,10964.580317316342,11184.203148890156,10999.99586648247,10791.026876003381,0.0,0.0,0.0,0.0,0.0,0.0,nan,0,-0.002902752663608066,-0.0029782249600345256,-0.009310311305497976
8.907670538000275,0.9077831851591444,0.8335568849288255,1.4940042919975816,-0.3230269151386299,-0.12851469532600165,0.012194490349659566,-0.10422818339687334,-0.09506474872863306,0.001275499415480054,0.0,1.0,1.5,0.92293530126804,10978.986268379325,11216.618136065477,11024.571280346321,10793.885211117202,0.0,0.0,0.0,0.0,0.0,0.0,nan,0,-0.01773656809823465,0.019864024075602726,0.010025103408757507
8.918428572999801,0.9203532002888626,0.8182894476265945,1.4772254374241052,-0.2908843857305236,-0.13585453169483333,0.04400867109631635,-0.10320089015526586,-0.10028847596630158,0.003111167489108589,0.0,1.0,1.5,0.9383961950190989,10968.676560553962,11228.364215313304,11033.148527793193,10782.708314364469,0.0,0.0,0.0,0.0,0.0,0.0,nan,0,-0.001984604380282362,0.005955901073507519,-0.007125493450273357
8.92857994699989,0.9240077035733134,0.828042437323707,1.4812969708818482,-0.3202306263901861,-0.12177272016890413,0.029667285527449686,-0.10059895548140246,-0.0994964180811865,0.009654908322815474,0.0,1.0,1.5,0.9400582125180301,10948.209024047172,11224.408644375133,11016.047607655619,10746.071821681244,0.0,0.0,0.0,0.0,0.0,0.0,nan,0,0.004949981617107357,0.016963044229062696,-0.003446867692401101
8.939414974999636,0.9216353562913506,0.8198852626352893,1.482730185376936,-0.3356509167229426,-0.1217877012259571,0.07201292702549317,-0.10936040136588633,-0.1082578529365234,0.004048945957406105,0.0,1.0,1.5,0.9392290961631026,10931.392050765757,11203.880955796923,10999.271731430865,10728.426534065817,0.0,0.0,0.0,0.0,0.0,0.0,nan,0,0.005959034984158618,0.009954034643992138,-0.0024238310051136747
8.949791347999962,0.8946887691765983,0.7885938236801371,1.4849819866500538,-0.32889564046839526,-0.09347737869642783,0.07577638560297066,-0.1082622322179702,-0.1120745680701557,0.013217027461948588,0.0,1.0,1.5,0.9194488054274151,10921.650548567643,11200.228282661874,10991.94391395987,10724.874510533913,0.0,0.0,0.0,0.0,0.0,0.0,nan,0,-0.01750169608689023,-0.020296065018707066,-0.0005968541081751155
8.960248081999453,0.9206165015256031,0.8034478255839552,1.4769169477268589,-0.3464690421764081,-0.07619040655700739,0.029910935708837284,-0.11097292672516511,-0.11115571545293396,0.015558336520293987,0.0,1.0,1.5,0.9416476663015529,10886.051931707769,11172.506543058546,10962.462753514543,10685.919850784258,0.0,0.0,0.0,0.0,0.0,0.0,nan,0,0.012019147208527592,-0.0045081058852427525,-0.009097266212295674
8.97088427000017,0.9042582827273244,0.8052760696834946,1.5031276214996028,-0.3121900159959564,-0.08927182568389216,0.07316217746604017,-0.1080199133872902,-0.11707802644266578,0.010304543566017966,0.0,1.0,1.5,0.9249920177683275,10849.683321000808,11149.74142851186,10942.149960503615,10660.688865285718,0.0,0.0,0.0,0.0,0.0,0.0,nan,0,-0.0006362751465158745,-0.0018535400964930782,0.016673242450029324
8.981542300000001,0.9158022863506342,0.8025415761582257,1.511506837309433,-0.3670925567009737,-0.04773669162695504,0.13894367778610625,-0.11275202556084056,-0.11989483475930338,0.009098516559794434,0.0,1.0,1.5,0.9369183871266442,10870.355349412446,11175.64943134203,10959.160076609514,10682.262521498957,0.0,0.0,0.0,0.0,0.0,0.0,nan,0,0.014723036857969607,-0.0038700348372724402,0.024608178625215693
8.991799688000356,0.9089887350133721,0.783821186820504,1.4863426504480175,-0.3774758084824613,-0.07405494230977441,0.064470033106427,-0.11058712696618671,-0.12057724501779465,0.013310496486130578,0.0,1.0,1.5,0.9344411821220696,10832.71511675605,11126.781963683405,10920.364993132887,10652.2766705276,0.0,0.0,0.0,0.0,0.0,0.0,nan,0,0.01183977561094618,-0.02198115175992088,-0.0010021921489067331
9.00224038000033,0.9082920418030885,0.8050085004577754,1.5231017187706715,-0.3985689717345052,-0.030421362065946953,0.07383718337903303,-0.11264711225762201,-0.12268488337434469,0.017414609200428855,0.0,1.0,1.5,0.9292738065321265,10756.479271353131,11054.155708026217,10838.114869662208,10565.534000973294,0.0,0.0,0.0,0.0,0.0,0.0,nan,0,0.01518956563475804,-0.00029259186021612926,0.035319938992404154
9.012728632999824,0.9046237248235832,0.7980193890816742,1.483062468582707,-0.4158665605237114,-0.0361262375876618,0.05200178405992481,-0.11719583005286498,-0.12376583571656892,0.027758749941409946,0.0,1.0,1.5,0.9270529276536189,10765.054789192789,11069.913907431303,10868.744549364157,10590.356076976434,0.0,0.0,0.0,0.0,0.0,0.0,nan,0,0.015685656015882676,-0.0068883154663130775,-0.005141705049170886
9.02349368799969,0.8836676473091398,0.80545585324205,1.4993597943950412,-0.4367544909282412,-0.027917264313733644,0.061719643518837526,-0.11548949277236967,-0.12533057784946997,0.018506520266883812,0.0,1.0,1.5,0.9048294567496494,10736.941047644345,11052.9674975615,10840.907747228071,10559.998736257767,0.0,0.0,0.0,0.0,0.0,0.0,nan,0,-0.0009860078957165674,0.0008334776218841267,0.010748767931938241
9.033927147999748,0.8756139476518353,0.8164785691804564,1.5316247089899877,-0.4289961960669303,-0.012355958857768998,0.08496763135528412,-0.10975369869589038,-0.1299340380729659,0.017925501334552868,0.0,1.0,1.5,0.8951983149622127,10761.940110586826,11095.268876903247,10876.23786102939,10595.229896342911,0.0,0.0,0.0,0.0,0.0,0.0,nan,0,-0.004633145095466085,0.012033173928863161,0.04262164391045187
9.044024898000316,0.8615391579471774,0.8200928607289437,1.4979437927271868,-0.4411658236835272,0.018044720490156888,0.08975163516176096,-0.11270900990931926,-0.12705819608818852,0.011591643100589848,0.0,1.0,1.5,0.8801252907543196,10761.940110586826,11095.268876903247,10876.23786102939,10595.229896342911,0.0,0.0,0.0,0.0,0.0,0.0,nan,0,-0.014176964697784955,0.0157156684930444,0.0085605996451259
9.054844756999955,0.881814982713952,0.8026066998420486,1.4841968412917956,-0.45714502941893553,-0.011062392582419468,0.054994043672559875,-0.1119660174065617,-0.1295523834038895,0.01719108024707436,0.0,1.0,1.5,0.9037762546732523,10757.800206610753,11104.9440315878,10885.208848298402,10588.976410909947,0.0,0.0,0.0,0.0,0.0,0.0,nan,0,0.006098860068989631,-0.0017704923938507422,-0.005186351790265276
9.065208045999498,0.8696686598584812,0.8145881013852424,1.4642465531677429,-0.48868707230921204,0.015833899872729505,0.055918303781745546,-0.10894865320274151,-0.13119926497196602,0.012455608526589588,0.0,1.0,1.5,0.8899322777876769,10709.902862442228,11066.378385636668,10837.564826208949,10526.563520240798,0.0,0.0,0.0,0.0,0.0,0.0,nan,0,0.0033921292021013016,0.010022979014217559,-0.02584435881622671
9.075683160000153,0.8586867418410185,0.7903366360714416,1.4879182375850595,-0.5176691285210073,0.011603573790859628,0.058984407607514736,-0.11537937684298447,-0.1355256325522698,0.021429499694996385,0.0,1.0,1.5,0.8839952577759872,10709.902862442228,11066.378385636668,10837.564826208949,10526.563520240798,0.0,0.0,0.0,0.0,0.0,0.0,nan,0,-0.007589788815361431,-0.014228486299583287,-0.0021726743989101127
9.086355937000008,0.8714798604543861,0.8106823099243691,1.4688934179450146,-0.5169884164585418,0.03383958478576803,0.09120122974060384,-0.10880363337918311,-0.13333975063128953,0.015017442941148977,0.0,1.0,1.5,0.8923485610456894,10780.436676898142,11139.297928780397,10929.230158838242,10611.757240427136,0.0,0.0,0.0,0.0,0.0,0.0,nan,0,0.015156233032152633,0.005497650576555602,-0.021838773477584228
9.096759049999491,0.8695196736788778,0.8075325671118384,1.4762781724160465,-0.5113808923642694,0.03591860860170891,0.1233525839040267,-0.10891077825663877,-0.13743298173958357,0.012825858749375894,0.0,1.0,1.5,0.8908820913797202,10775.161841416713,11151.848022141534,10951.781256868151,10620.207710107585,0.0,0.0,0.0,0.0,0.0,0.0,nan,0,0.018369639388617465,0.0018756396666158581,-0.014763282009160106
9.107192014000248,0.8422801120385138,0.8057148685338683,1.4920809061991243,-0.5373500049647028,0.04028779598046801,0.15738143543843514,-0.10942895981566146,-0.13679577901886278,0.019556505665883017,0.0,1.0,1.5,0.8644334627321241,10776.974232420089,11151.443626466169,10954.093765567994,10623.923978764564,0.0,0.0,0.0,0.0,0.0,0.0,nan,0,-0.0035634361248355617,-0.0005222662849568849,0.0007353133749423701
9.117701319999469,0.8300556842416951,0.8079067458085142,1.4872712105088735,-0.5634805452618287,0.1025862526962451,0.10877538010267057,-0.11494277564876329,-0.13902896919196234,0.02609360477253597,0.0,1.0,1.5,0.8520881875309226,10750.323834373727,11120.279205341476,10928.764649113797,10599.385549788292,0.0,0.0,0.0,0.0,0.0,0.0,nan,0,-0.010348216044553715,0.000982348952220491,-0.004371010331152725
9.12843385999986,0.8470442204762559,0.8165306246492102,1.514091438704086,-0.5240008520697145,0.09148795912348154,0.07934530788717709,-0.10965622105493297,-0.13627507657486299,0.013657634521398959,0.0,1.0,1.5,0.8668007220685664,10683.397337551194,11062.17095365705,10876.026480609306,10540.423355464669,0.0,0.0,0.0,0.0,0.0,0.0,nan,0,0.012212442710680005,0.008813479644707023,0.022167906231290946
9.138834602000315,0.805915870263974,0.7996635452418035,1.4828625990562414,-0.5604428392720947,0.09633606404772439,0.14578118825512243,-0.10618813040613811,-0.13597962593160567,0.014421076598264165,0.0,1.0,1.5,0.830619513110262,10680.642496608943,11075.768650717591,10868.334437589561,10526.800131764592,0.0,0.0,0.0,0.0,0.0,0.0,nan,0,-0.02321183544806904,-0.008950465818549858,-0.009321694448149564
9.149334769000234,0.802810303021946,0.807730618648526,1.4822886640548005,-0.5958583753623286,0.12903398756636822,0.12385700192404611,-0.10865786649164715,-0.14038970396143632,0.0147284708022971,0.0,1.0,1.5,0.8257030877164206,10689.503061196774,11058.774922016459,10847.713259917506,10527.790776464271,0.0,0.0,0.0,0.0,0.0,0.0,nan,0,-0.020481479563559835,-0.0018834074894736874,-0.010135057934992586
9.15996893800002,0.8232928457356332,0.801540829748242,1.490893617204608,-0.5698293764313268,0.13091245764182205,0.12753085962529767,-0.10445443884402782,-0.13860084302091566,0.01890099579614489,0.0,1.0,1.5,0.8469238916833729,10663.006906748087,11032.88129934082,10830.73017996362,10502.64200243999,0.0,0.0,0.0,0.0,0.0,0.0,nan,0,0.00596828206473754,-0.009175095677473766,-0.001745530666432904
9.170709318000263,0.8108951673763436,0.8187252676223332,1.4777964066996678,-0.5623139793886058,0.1564280852332006,0.049536452847385594,-0.10505857312113445,-0.13675574676573482,0.022380243616558715,0.0,1.0,1.5,0.83120665338311,10661.1597034557,11043.771121996237,10834.32361366465,10492.371779147486,0.0,0.0,0.0,0.0,0.0,0.0,nan,0,-0.0003314988210260106,0.006806820627146104,-0.01503237976733196
9.18136132499967,0.7876481671414554,0.8211393077601931,1.5137383667421493,-0.625900271738522,0.13312758551437445,0.057877308702490304,-0.10549619359213448,-0.13324983196708634,0.020141676476437588,0.0,1.0,1.5,0.8078177549116747,10656.271129112785,11026.16586700148,10818.284851325348,10495.211863181203,0.0,0.0,0.0,0.0,0.0,0.0,nan,0,-0.017350560643019652,0.007918943696207936,0.020746312073203432
9.191664283999671,0.8008687230579112,0.8058656993042329,1.5039392157176332,-0.608239176066458,0.1340180212910137,0.12530729635827034,-0.10270824823930944,-0.1344330246794723,0.02263026207712447,0.0,1.0,1.5,0.824071814649375,10726.647304829214,11075.247816966728,10861.553376152408,10566.011286686899,0.0,0.0,0.0,0.0,0.0,0.0,nan,0,0.002227901660663001,-0.008755215797795035,0.010805417203756829
9.201876774999619,0.7889479824459338,0.8142897802156073,1.4844006036230792,-0.6332341672797178,0.14392047524164497,0.1408507926801362,-0.10108099446694246,-0.1310208024919879,0.017409696672826148,0.0,1.0,1.5,0.810660561459111,10722.969486768136,11073.630641328544,10867.159507257278,10570.921820105008,0.0,0.0,0.0,0.0,0.0,0.0,nan,0,-0.0032051533817077926,-0.001829504310314034,-0.008858758297773273
9.212747184999898,0.7706217898269734,0.816614334038988,1.4950461629948857,-0.6310491244482456,0.14072342567340168,0.14637996103887496,-0.10150253563767783,-0.13164518323938057,0.013488827229527503,0.0,1.0,1.5,0.7921570462586097,10685.478367286105,11025.201046868777,10832.021876427129,10549.75022874869,0.0,0.0,0.0,0.0,0.0,0.0,nan,0,-0.014915384354309169,-0.0010993808553401152,0.001680338703522688
9.222800163000102,0.7860382972726745,0.8108788208096797,1.4760311913266226,-0.6950814143285309,0.18187651705672822,0.12863981289598053,-0.09600347090842308,-0.13459674730451052,0.01939370545648374,0.0,1.0,1.5,0.8088247826240759,10685.478367286105,11025.201046868777,10832.021876427129,10549.75022874869,0.0,0.0,0.0,0.0,0.0,0.0,nan,0,0.0005011230913919418,-0.006834894084648435,-0.01733463296474036
9.233432381000057,0.7641941930791358,0.816974770226252,1.5087786313920233,-0.7020472953187651,0.18041258023835802,0.10121430094742072,-0.09429672149800847,-0.127570716884496,0.027287774520353577,0.0,1.0,1.5,0.7858549890652358,10636.922622804224,10958.843987654205,10789.307682645873,10511.624142810913,0.0,0.0,0.0,0.0,0.0,0.0,nan,0,-0.007733866710570747,-0.004207968659571515,0.015274929930137793
9.243765352000082,0.7557435915960434,0.8235136210628006,1.521429500328726,-0.7111025523177099,0.20271655504929736,0.12094117679993735,-0.09289225133790961,-0.1313280654346684,0.014627286953785013,0.0,1.0,1.5,0.776373004214592,10641.046125652649,10974.553129482789,10811.10779964308,10524.089892210515,0.0,0.0,0.0,0.0,0.0,0.0,nan,0,-0.009194982017507791,0.00046008127163355006,0.02789931577107141
9.2544539419996,0.7629359891186256,0.8225997855632528,1.5177949904344523,-0.708287821360461,0.20674673037382169,0.07509412781816796,-0.09064083565336548,-0.12689367692569267,0.011969201183669648,0.0,1.0,1.5,0.7834914302397836,10627.365495397864,10967.557809078304,10810.889318481639,10526.452067922843,0.0,0.0,0.0,0.0,0.0,0.0,nan,0,0.0051080323979184605,-0.002413167642483005,0.024265807016178975
9.264818503000242,0.7548801397504522,0.8342482868588887,1.494554133225996,-0.6764724250763915,0.19424458387000795,0.0655651328972779,-0.09019403816195169,-0.12474611433825229,0.009922790475338082,0.0,1.0,1.5,0.7728824705372711,10600.927781404294,10940.869966357695,10783.929667599898,10491.483703007736,0.0,0.0,0.0,0.0,0.0,0.0,nan,0,0.004281692698126394,0.007189377889788018,0.0010560779366164397
9.275381833999745,0.7379354587236268,0.8233615887195475,1.5169792559840387,-0.7131509013952285,0.22530537186969715,0.06305259851044574,-0.08999108255875934,-0.12328430208988207,0.01727624154329894,0.0,1.0,1.5,0.7589717812376842,10623.319062238812,10944.046321162003,10795.587123436188,10512.959139013377,0.0,0.0,0.0,0.0,0.0,0.0,nan,0,-0.005316727267640431,-0.005827869505218075,0.023543125510279372
9.285683457000232,0.7284533433046286,0.8380653513306126,1.491559588190298,-0.7764960516645495,0.23928512253614628,0.07186604730858305,-0.08340423475953404,-0.11847883356391498,0.01736787444281521,0.0,1.0,1.5,0.7462830189431396,10623.319062238812,10944.046321162003,10795.587123436188,10512.959139013377,0.0,0.0,0.0,0.0,0.0,0.0,nan,0,-0.014798842686638558,0.008875893105847021,-0.0018765422834612355
9.296453091999865,0.7314817252628842,0.8274239390871222,1.5158790103181936,-0.7885829514207043,0.25518428469962906,0.11277486100377204,-0.07872643637954975,-0.1173169687416374,0.015081821441386022,0.0,1.0,1.5,0.7517314375243702,10685.021679661331,10961.923747947874,10823.516499918782,10581.32610228222,0.0,0.0,0.0,0.0,0.0,0.0,nan,0,0.003265716283679554,-0.006274229618096427,0.02263974841628036
9.306825306000064,0.7031591676774416,0.8319966189092101,1.4957152843287487,-0.7493003599699498,0.2108839028185132,0.11342222839865024,-0.08280679406665467,-0.11506509260390309,0.011410318595844187,0.0,1.0,1.5,0.7229635605859767,10685.021679661331,10961.923747947874,10823.516499918782,10581.32610228222,0.0,0.0,0.0,0.0,0.0,0.0,nan,0,-0.02505684130176311,-0.0017015497960085613,0.0024760224268354225
9.317212901999483,0.7007204420914446,0.8354261564655804,1.5076221934356135,-0.7658176349832633,0.27590405807962837,0.06053566049273635,-0.08150465139383554,-0.10727978444845784,0.011918175754408523,0.0,1.0,1.5,0.7198276083711231,10701.012841995145,10986.85438708895,10850.536256014691,10600.2021006401,0.0,0.0,0.0,0.0,0.0,0.0,nan,0,-0.019809640419611085,-0.0006466946391728845,0.01451051209472154
9.328130089000297,0.7033365536939883,0.8390011425178072,1.5231479419818708,-0.7852073035446655,0.24780611654725251,0.11567988063416194,-0.07596973784359243,-0.11087523629782348,0.01710603216873945,0.0,1.0,1.5,0.721899416186704,10651.471969534943,10925.892696250661,10814.269429509828,10563.712569048672,0.0,0.0,0.0,0.0,0.0,0.0,nan,0,-0.0014996233800602665,-0.0020507390023114525,0.030352941044309967
9.338418817000274,0.6954234246431474,0.8625100298314559,1.4736130841726305,-0.8093985189700151,0.2684041742210326,0.059237655471626224,-0.07639272298327499,-0.10993007448320816,0.011121530048958763,0.0,1.0,1.5,0.7093754300553631,10683.337330295828,10936.621836101112,10818.96878558938,10586.04872433587,0.0,0.0,0.0,0.0,0.0,0.0,nan,0,-0.0014107495724494656,0.01885844227925426,-0.018990506102434024
9.349050814999828,0.6931373879832404,0.845534706361601,1.4847975933341964,-0.7838468480847397,0.29680436757870343,0.11826877806214554,-0.07255565629438934,-0.10492677480125133,0.01580062629275998,0.0,1.0,1.5,0.710302807771065,10638.578244343404,10890.668898040109,10781.394369810989,10554.023000184334,0.0,0.0,0.0,0.0,0.0,0.0,nan,0,0.004404426526555816,-0.0007869023187392354,-0.007591194269114032
9.359141941999951,0.6643774977258804,0.8509655807755196,1.4977340419113923,-0.82998671992148,0.2716992114030587,0.152820898103719,-0.06866640041777293,-0.10144497418145718,0.006741667356069414,0.0,1.0,1.5,0.6808919533700921,10638.578244343404,10890.668898040109,10781.394369810989,10554.023000184334,0.0,0.0,0.0,0.0,0.0,0.0,nan,0,-0.016157965335464985,0.0019058158200416786,0.005581136169753975
9.369967011999506,0.6752459253603937,0.8539987400986281,1.4957474585820307,-0.8241418957748053,0.31667067418782924,0.0649923800732874,-0.070525748840243,-0.09350407844852657,0.016062179276519303,0.0,1.0,1.5,0.690862874756716,10698.598327906084,10924.525532373493,10812.48529173535,10605.470446257357,0.0,0.0,0.0,0.0,0.0,0.0,nan,0,0.003001390804302728,0.002134781209865433,0.0038473360275466106
9.38035163800032,0.6576574565229667,0.8594144262882905,1.5031494214748036,-0.8207089376206629,0.29486175602443343,0.029201073520628652,-0.06376776937572014,-0.09081343105364974,0.011785557230752069,0.0,1.0,1.5,0.67252327284023,10698.598327906084,10924.525532373493,10812.48529173535,10605.470446257357,0.0,0.0,0.0,0.0,0.0,0.0,nan,0,-0.006206616082812699,0.004683023138386866,0.01152400654628738
9.39124534199982,0.6535618728282699,0.847901555838004,1.4825829705978395,-0.8786099097420905,0.30915397223695545,0.06771382500678705,-0.06428576018068456,-0.09025968611459173,0.012022988858814788,0.0,1.0,1.5,0.6712528668426611,10687.791242558265,10897.77989309495,10786.911907136386,10590.611539300562,0.0,0.0,0.0,0.0,0.0,0.0,nan,0,-0.0018357997508329227,-0.009757990747632506,-0.008744846235135606
9.401489699000194,0.6306372431408838,0.8510930826582612,1.489417085279905,-0.8337930428485646,0.29764142050190556,0.05620347994888895,-0.055365746766197,-0.08766204108450519,0.01595346132180911,0.0,1.0,1.5,0.6480652749164442,10687.791242558265,10897.77989309495,10786.911907136386,10590.611539300562,0.0,0.0,0.0,0.0,0.0,0.0,nan,0,-0.016211118512499234,-0.009553171513035252,-0.0015965593528202149
9.411915063999913,0.635793474337366,0.8574840651372262,1.4937286450515215,-0.8837043709747924,0.3156070815043133,0.02957491505225138,-0.056461556627201405,-0.0831739123113071,0.01573409356445139,0.0,1.0,1.5,0.6516006933641791,10741.23824264271,10934.820181996687,10846.483047691583,10663.33498551947,0.0,0.0,0.0,0.0,0.0,0.0,nan,0,-0.002425910132574316,-0.00620519540336073,0.0030403392677103014
9.42224999300015,0.6375577995636629,0.8938575907278711,1.4665101836505525,-0.8430725187958694,0.34097758492288327,0.02992034835622211,-0.05070984762724685,-0.07852034235317051,0.012147225765750237,0.0,1.0,1.5,0.6471999124147588,10741.23824264271,10934.820181996687,10846.483047691583,10663.33498551947,0.0,0.0,0.0,0.0,0.0,0.0,nan,0,0.008043509045928876,0.02707147800268339,-0.023844938456622167
9.432781669999713,0.622767048650028,0.8337611351178358,1.4636074135246047,-0.8623822802495335,0.37099692796729006,0.03145456053593009,-0.05601520711132567,-0.07468573944967732,0.021877863828418245,0.0,1.0,1.5,0.6455993939216067,10748.749038111553,10933.539970679198,10861.894675908532,10692.882226052221,0.0,0.0,0.0,0.0,0.0,0.0,nan,0,0.0020303373450236695,-0.036173194273565246,-0.026410428667289487
9.443386697000278,0.6216532097176156,0.8778557825855882,1.4688509715487832,-0.8873502043838722,0.3358834623413669,0.07471632580152603,-0.049563338061441566,-0.06842147654931843,0.0059419243830583935,0.0,1.0,1.5,0.6343044891638775,10768.446305216286,10951.855440173766,10887.202784545545,10722.858690711571,0.0,0.0,0.0,0.0,0.0,0.0,nan,0,0.0009164984126113218,0.007921453194187134,-0.021166870643110958
9.454085444999691,0.6010349046717226,0.8837278610610705,1.4707979973070253,-0.8447096034408199,0.37193400438367286,0.027927707826439694,-0.04539176331726372,-0.06472045210003861,0.014103217470929361,0.0,1.0,1.5,0.6128743132881822,10825.220509337983,10978.768038746957,10910.06168227026,10772.17081756996,0.0,0.0,0.0,0.0,0.0,0.0,nan,0,-0.001943556075833186,0.007352659761460156,-0.018558021375893574
9.464476006999575,0.6013660657077707,0.8714675604572695,1.5076406975523882,-0.955029111122751,0.30642801159755306,0.04759028585669693,-0.04334729474976594,-0.06059884356920449,0.005335716683532021,0.0,1.0,1.5,0.6149960270267895,10851.120924444063,10975.65814900169,10913.18996931944,10798.75176120953,0.0,0.0,0.0,0.0,0.0,0.0,nan,0,0.007360499065021453,-0.008195120107127973,0.01860116020119107
9.475243250999483,0.5833852201128692,0.8957328646156286,1.4616291550720502,-0.915347789772636,0.3725111991675004,0.055654751738463064,-0.04165358050820883,-0.05972529835677858,0.01137994323154655,0.0,1.0,1.5,0.5938705854880241,10882.9841763221,10982.295229471312,10915.186133996123,10824.360851018295,0.0,0.0,0.0,0.0,0.0,0.0,nan,0,-0.0015905702221560292,0.012741739142857256,-0.027104464507524684
9.485794414000338,0.5702166016226139,0.8969149639848925,1.4908290803080047,-0.9114439070710424,0.37139423937946725,0.04695154477122831,-0.03686123308873901,-0.05440533066429897,-0.00040760753210558436,0.0,1.0,1.5,0.5795322279082293,10826.745818123954,10939.975616716327,10903.663575260538,10786.630094951624,0.0,0.0,0.0,0.0,0.0,0.0,nan,0,-0.005676956290034618,0.010557355541966018,0.0023925100284629686
9.496090055999957,0.5730170521234197,0.8901352561521318,1.4762304481703319,-0.891617672119435,0.3801525826763222,0.046792787645227166,-0.032712336570569114,-0.05043656338425197,0.009049005251854628,0.0,1.0,1.5,0.5839381778571725,10826.745818123954,10939.975616716327,10903.663575260538,10786.630094951624,0.0,0.0,0.0,0.0,0.0,0.0,nan,0,-0.0028765057892288226,0.0037776477092054117,-0.012206122109209794
9.50672995900004,0.5652115451657104,0.9082782856940579,1.4784017767821926,-0.9267957107498539,0.33084763880441453,0.055624571243138465,-0.03645621854280083,-0.04236427550045819,0.021401309631094743,0.0,1.0,1.5,0.5730126062400346,10835.786472694037,10932.318141990674,10888.643618649097,10772.295009212876,0.0,0.0,0.0,0.0,0.0,0.0,nan,0,0.0076219368229434314,0.015085368530061483,-0.00946101162357249
9.517306384999756,0.5414654291401535,0.9003367352009096,1.470168461692731,-0.9427533511755808,0.3756694573147281,0.03383856878718792,-0.026876734105733973,-0.042121641967802756,0.00601479851025655,0.0,1.0,1.5,0.5513687495516247,10842.743675327873,10923.139482918075,10881.131199522344,10783.870956325482,0.0,0.0,0.0,0.0,0.0,0.0,nan,0,-0.00691141205791268,0.0036808450513001745,-0.01741606665788553
9.527451957000267,0.5248635341756174,0.9076919593791397,1.5026598776254867,-0.9405272680166029,0.38060408218274544,-0.022351701966164324,-0.02838913873591684,-0.03896985902611614,0.011231693734087658,0.0,1.0,1.5,0.532925490870501,10842.743675327873,10923.139482918075,10881.131199522344,10783.870956325482,0.0,0.0,0.0,0.0,0.0,0.0,nan,0,-0.023513307022448804,0.011036069229530265,0.015075349274870087
9.538042539999878,0.52823193014928,0.904598318903753,1.491403367569608,-0.901752902707364,0.38608443169000023,0.04411704738933757,-0.02267974258802132,-0.028163221361491624,0.005602018686756973,0.0,1.0,1.5,0.5368466772500015,10823.440342469645,10906.157662860363,10871.787353145983,10786.311085298275,0.0,0.0,0.0,0.0,0.0,0.0,nan,0,-0.001620412258997006,0.0009405771155367448,0.004360685225320182
9.54834215200026,0.51583433812005,0.8859584097348767,1.4908639776097774,-0.9604469885653598,0.37746763206314826,0.023260506153706305,-0.020711402381417787,-0.026068272381057463,0.00850674367284787,0.0,1.0,1.5,0.5283692038707999,10836.150409660011,10916.810777370096,10890.396526375805,10802.26057431144,0.0,0.0,0.0,0.0,0.0,0.0,nan,0,-0.004715267513652699,-0.021232389590325695,0.004081020080765052
9.559451699999954,0.5223019092454096,0.9179868436484464,1.4953776743041605,-0.9451654883376914,0.37001294336929524,0.012208824617489407,-0.01599692341374172,-0.024426915811805176,0.0052027907922976135,0.0,1.0,1.5,0.5287218627132634,10837.282764524738,10892.296177545288,10873.885050216128,10805.256404142563,0.0,0.0,0.0,0.0,0.0,0.0,nan,0,0.011075895533074864,0.007245523148417865,0.00884674069493463
9.570813710000039,0.5096191237631544,0.9146909636464688,1.4894335546148376,-0.885714999260249,0.355466963503008,-0.03366834676055495,-0.011199812813059786,-0.01949619005640995,0.0061099979116613495,0.0,1.0,1.5,0.5168180847810678,10837.282764524738,10892.296177545288,10873.885050216128,10805.256404142563,0.0,0.0,0.0,0.0,0.0,0.0,nan,0,-0.0016068899491803457,0.003949643146440307,0.002902621005611783
9.58036463299959,0.4999842270308261,0.9330931451116645,1.4706399386224793,-0.9246274424994013,0.37290458641511826,0.004312434254116042,-0.011295916897581611,-0.008085071779503624,0.012891153090798657,0.0,1.0,1.5,0.5052947335117923,10825.268250725216,10881.29766178426,10876.775250242838,10805.43781211984,0.0,0.0,0.0,0.0,0.0,0.0,nan,0,-0.0019020522642322346,0.01878687337329632,-0.015643977634733908
9.590566429000319,0.49399002023274,0.9305710753748312,1.4944635806999471,-0.9235286307539616,0.38425849216024105,-0.009322941861768033,-0.007402333309866885,-0.005521596995633764,0.00999834390808364,0.0,1.0,1.5,0.49887590401102383,10866.761213870368,10881.559845432155,10901.616165024147,10870.68477078781,0.0,0.0,0.0,0.0,0.0,0.0,nan,0,0.010812964114425339,0.009103535729482748,0.008656727982124135
9.60115272799976,0.48471819102131,0.9191450278231946,1.476336836448576,-0.936585774632655,0.3975613443147246,0.014941349012546913,-0.0057782811007051176,-0.0024782512020171464,0.008240304735507372,0.0,1.0,1.5,0.4919849556052955,10885.344704797759,10884.10720423515,10903.914682446797,10893.25606475291,0.0,0.0,0.0,0.0,0.0,0.0,nan,0,0.01090128709238164,-0.005912920565951163,-0.009247337949910284
9.612600712999665,0.46575358043867615,0.9228838931565448,1.479156289384997,-0.9554480012604273,0.39382772877158834,-0.03986805008725041,0.0009377753024475238,0.0007029470540169838,0.00308641022287542,0.0,1.0,1.5,0.4725544962206365,10885.344704797759,10884.10720423515,10903.914682446797,10893.25606475291,0.0,0.0,0.0,0.0,0.0,0.0,nan,0,-0.008063323490252183,-0.0021740552326009466,-0.006427885013489343
9.621938897000291,0.45323781735042723,0.9497759926786863,1.48387504850249,-0.9125662536590305,0.3715086729147821,-0.04481620137891233,0.0013163790225831124,0.009972089579502214,0.012588229817889476,0.0,1.0,1.5,0.45629703488932255,10885.819409846796,10871.283821377034,10892.289866748999,10894.576200527981,0.0,0.0,0.0,0.0,0.0,0.0,nan,0,-0.0018713010851093004,0.017532570349960364,-0.00130011402250374
9.632699742999648,0.45992509778026036,0.9402176943860454,1.4628566915789656,-0.9259186910762166,0.3619546048408236,-0.06344938179936346,0.004494774839223174,0.010875501473093558,0.007403938184295444,0.0,1.0,1.5,0.4652791044020378,10883.217395104171,10861.957373697063,10885.688884771937,10891.728792837514,0.0,0.0,0.0,0.0,0.0,0.0,nan,0,0.004815979344723831,0.007974272057319487,-0.022318470946028235
9.64386439899954,0.4346905867650718,0.927515809757026,1.4786617922680618,-0.9001157953269173,0.3495773286462606,0.017084508498005562,0.009858718527826419,0.01481121738707018,0.005352529017193765,0.0,1.0,1.5,0.44120877503349065,10910.235726965715,10887.723924676648,10921.921349527462,10922.37878417613,0.0,0.0,0.0,0.0,0.0,0.0,nan,0,-0.011080353304666613,-0.008316727208172892,-0.006328382411649569
9.655333087000145,0.4363151256036983,0.9434731172904445,1.4857206882995346,-0.9155957048275194,0.3418798444265962,-0.02449750659301004,0.0120381268751148,0.02136690553714344,0.0013902186778364,0.0,1.0,1.5,0.44019322580211284,10930.253267927419,10894.806198312755,10932.739043918531,10953.099003109879,0.0,0.0,0.0,0.0,0.0,0.0,nan,0,0.009165311322306247,0.00048448607551010436,0.0010409364339847293
9.664491043999988,0.4236493775943212,0.9521358027337071,1.4924288929078213,-0.9339478479731324,0.36994409238485354,-0.042843457164255964,0.012098862630981881,0.02554258236098191,0.009892025093199235,0.0,1.0,1.5,0.426411887942402,10929.033440892157,10868.936850142552,10942.00973353836,10982.095791884527,0.0,0.0,0.0,0.0,0.0,0.0,nan,0,0.005773010649341159,0.005586122814040695,0.00786917170176138
9.675228850999702,0.3976858321987533,0.9472550115016336,1.470568120218529,-0.8966075112901984,0.3620547500341879,-0.08276385096065639,0.0206460090486224,0.032275466686181836,0.01047233228089509,0.0,1.0,1.5,0.4022465543553838,10919.116244875866,10848.126814691526,10936.528206058729,10980.430936583525,0.0,0.0,0.0,0.0,0.0,0.0,nan,0,-0.010947952978894893,-0.0028405561971610593,-0.013890301609403188
9.686268861999451,0.39548354393479607,0.9389861481385892,1.5045686390712276,-0.9061187947474835,0.3540360647922353,-0.037854850747651415,0.016705878976232193,0.03693434259470373,0.004379401816035082,0.0,1.0,1.5,0.40018845073934245,10919.116244875866,10848.126814691526,10936.528206058729,10980.430936583525,0.0,0.0,0.0,0.0,0.0,0.0,nan,0,-0.013150241242852134,-0.011109419560205502,0.020110217243295425
9.696082018000197,0.40025547748363555,0.9687036316759831,1.4929567247499729,-0.9156939823006399,0.3590413359549674,-0.0862360816715933,0.020066571597364854,0.03844121206441155,0.00817687619720298,0.0,1.0,1.5,0.40153893665767115,10918.323405639852,10849.098711502653,10932.989951103573,10976.886592167451,0.0,0.0,0.0,0.0,0.0,0.0,nan,0,0.0008288256258937587,0.015080175085445013,0.00858204740548918
9.706286161999742,0.3710509853945561,0.9637087206661044,1.4939952262522014,-0.8998190274767155,0.3299356738190488,0.01345825115986215,0.02489874527629615,0.04151989633308536,0.005584856385239166,0.0,1.0,1.5,0.3728698808240271,10961.719894138248,10882.004294095359,10975.238138777928,11032.685164345687,0.0,0.0,0.0,0.0,0.0,0.0,nan,0,-0.019208696783217294,0.006578260172418138,0.009682941868029094
9.717067638999652,0.3824185827804476,0.956622304795363,1.4965505788124622,-0.9232166203677405,0.3960187207220613,-0.10004054075988329,0.027704952871749816,0.04867082386885674,0.014521452166595112,0.0,1.0,1.5,0.3848863408898807,10952.73391034423,10867.143880739686,10958.75296118749,11022.74174160141,0.0,0.0,0.0,0.0,0.0,0.0,nan,0,0.01035419538504706,-0.007448458563197979,0.01229884448093288
9.72732738600007,0.3529449151023012,0.9646987136483652,1.4538514343064246,-0.9011650479411235,0.3587186661409216,0.006516002734700494,0.03069998585583788,0.05665006438106478,0.015384999717708413,0.0,1.0,1.5,0.357695378821456,10890.04984442033,10808.400001925576,10908.334912372027,10965.581089621208,0.0,0.0,0.0,0.0,0.0,0.0,nan,0,-0.010099868323273697,-0.002800078488821356,-0.03039695851987556
9.73787696799991,0.3399601863278072,0.9679132699173758,1.4851546210584672,-0.8467863641028551,0.37436429998324283,-0.08682759872942394,0.03449945737269933,0.055826430249945345,0.017251099245828346,0.0,1.0,1.5,0.3417936099627234,10926.44474925819,10846.224026074626,10932.24667617403,10995.929686499783,0.0,0.0,0.0,0.0,0.0,0.0,nan,0,-0.014122728229606862,-0.0029820553279344963,0.0008952047351351577
9.748387558999639,0.3317707243628225,0.9870339605514507,1.4694170681461833,-0.8916234167990961,0.34128110123558536,-0.0889553453838916,0.034740031096361444,0.06329520744928843,0.010923063500941141,0.0,1.0,1.5,0.33342952395369624,10910.991284359347,10830.706424212834,10917.204502127644,10986.48587145903,0.0,0.0,0.0,0.0,0.0,0.0,nan,0,-0.013412464467827068,0.012776200930400217,-0.014868896535952913
9.758900865999749,0.35836375165851203,0.9769898335669801,1.4786673754488409,-0.8561281820462847,0.33217002630237114,-0.04269044981972652,0.03563471827106877,0.0669867433909862,0.0024731681241004573,0.0,1.0,1.5,0.35973480111365325,10910.991284359347,10830.706424212834,10917.204502127644,10986.48587145903,0.0,0.0,0.0,0.0,0.0,0.0,nan,0,0.013180562827862452,0.0027320739459296695,-0.00561858923329539
9.76918504599962,0.3361677804255701,0.9907636169519031,1.4848765609984593,-0.8841614766514082,0.34808939685127205,-0.02848406071433969,0.0389068192154379,0.075986271758546,0.0007987579721646065,0.0,1.0,1.5,0.3366345284953681,10946.752419315744,10850.466076533734,10933.02326591802,11021.381138448261,0.0,0.0,0.0,0.0,0.0,0.0,nan,0,-0.0001821956393435742,0.013180083715095603,0.0005475595858066562
9.779778977000205,0.32181096389584957,0.9714780658397847,1.4823467997255526,-0.8293386262272162,0.3350533545131825,-0.09354471658966687,0.04504778952655796,0.07337151436388983,0.005957788456162096,0.0,1.0,1.5,0.32355437362481315,10970.836376116436,10845.138560002302,10941.185058437623,11046.273328522324,0.0,0.0,0.0,0.0,0.0,0.0,nan,0,0.0029098236993492788,-0.012636542590017785,-0.0021334666340753206
9.791192695999598,0.3016235637221995,0.957215009854987,1.5030204474767954,-0.8265018957554039,0.33748096119125676,-0.09835267001948199,0.04465672357710906,0.07785557233501882,0.0020893393675181296,0.0,1.0,1.5,0.30465792731709557,10970.836376116436,10845.138560002302,10941.185058437623,11046.273328522324,0.0,0.0,0.0,0.0,0.0,0.0,nan,0,-0.008669986336215685,-0.03010024928921473,0.018436617272302946
9.801364953999837,0.28548562953761325,0.986506993920579,1.4902713865791517,-0.8662810276158197,0.3127968726503392,-0.06031381814451588,0.04949997483033542,0.0837043668965604,0.008287897956837646,0.0,1.0,1.5,0.28596984422249655,10945.781831001877,10811.408480210643,10906.086713011273,11007.877646888222,0.0,0.0,0.0,0.0,0.0,0.0,nan,0,-0.02480792052080194,-0.0008082652236227617,0.005687556374659231
9.811726590000035,0.3013397050407907,0.9917871888704588,1.4849986638071309,-0.7960270341546853,0.3035614491280168,-0.08218672284575135,0.051735022543778826,0.08674002713768633,0.0028318363905168913,0.0,1.0,1.5,0.3018246315135525,10971.216582153194,10824.074998092148,10929.695523316352,11045.922821415346,0.0,0.0,0.0,0.0,0.0,0.0,nan,0,-0.00042940369110716636,0.0013175694779800073,0.0002953448997087271
9.822915718999866,0.28229093671131195,0.9961586342995189,1.4697047861644161,-0.8558055329574112,0.2852731121090215,-0.06436310018509186,0.050477929901908025,0.089133670799678,0.004246683949105019,0.0,1.0,1.5,0.2839378964159918,10971.56337177052,10816.751178665163,10933.579558241763,11052.769947714523,0.0,0.0,0.0,0.0,0.0,0.0,nan,0,-0.011041029922266021,0.002583325614889609,-0.015135785314074557
9.83268547300031,0.27291442835317137,0.9793493993794062,1.4617159381816245,-0.8316066869541601,0.3159051206228044,-0.10437038340690329,0.05439901952263092,0.09139685548896205,0.00985037720209703,0.0,1.0,1.5,0.276359190002147,10943.601039599622,10803.072370129163,10927.502134102939,11036.472165583169,0.0,0.0,0.0,0.0,0.0,0.0,nan,0,-0.012071459475624768,-0.01728077569687514,-0.023277761550719367
9.843343865999486,0.26049069504157085,1.026219298544003,1.4960227567454003,-0.7966645996774125,0.28485169923282055,-0.11805618674648394,0.05280696967776679,0.09923364301846563,0.005789498716370924,0.0,1.0,1.5,0.2618371102103109,10958.135764164155,10795.29229742278,10929.496089240045,11057.942618654315,0.0,0.0,0.0,0.0,0.0,0.0,nan,0,-0.016243923083843426,0.026587206192952406,0.010861188281193979
9.853808826999739,0.2512974989758026,1.0284891857404939,1.4726408612516284,-0.7794221501324843,0.2748260253580531,-0.10587019775035447,0.05602142587767765,0.10539283173679587,0.0066411219402700335,0.0,1.0,1.5,0.25438276114686414,10954.967519563055,10802.953064727075,10946.338890671703,11063.210749243783,0.0,0.0,0.0,0.0,0.0,0.0,nan,0,-0.017284501769829097,0.025910287737844317,-0.01270414398835995
9.864377978999983,0.2667377080353258,0.9994392055676113,1.494495327656595,-0.8100066094383531,0.32600755932984965,-0.08128088935625032,0.05639596950521654,0.10334705910689775,0.009100652529913726,0.0,1.0,1.5,0.2667950914015143,10988.855454360257,10842.364327686175,10985.296391869213,11104.102450566723,0.0,0.0,0.0,0.0,0.0,0.0,nan,0,0.006205612904773561,-0.00602912405463174,0.00894757834232407
9.875221907000196,0.24079722424986436,1.0389470400741678,1.455047689336052,-0.7603836937152098,0.26185243213247805,-0.06149163281441513,0.058017649810774896,0.10739785148034281,0.009011649570450309,0.0,1.0,1.5,0.24803404075047117,11002.873793288656,10845.908020413894,10982.795921197912,11109.362506332729,0.0,0.0,0.0,0.0,0.0,0.0,nan,0,-0.003958787090399513,0.027880516472424288,-0.03097485591679594
9.885469826999724,0.23681735559618455,0.9975513178737591,1.5160886032807825,-0.7407906559001823,0.24415237937296158,-0.06735838089005192,0.06881184512415116,0.11439711919265282,0.004820855138781876,0.0,1.0,1.5,0.2373758604223511,11026.144446933184,10854.44654787957,10989.263738263735,11129.687031830434,0.0,0.0,0.0,0.0,0.0,0.0,nan,0,-0.007938655744079315,-0.01351520572798448,0.030066058027934606
9.895856590000221,0.22333673257321796,1.0086119004263434,1.5251840667825587,-0.7345678181985434,0.2857175184036492,-0.057185410601407104,0.06754224668153604,0.11514974774066751,0.011455622553022255,0.0,1.0,1.5,0.2249170917585916,11002.520507152998,10836.62762827555,10954.73059742742,11092.950136931488,0.0,0.0,0.0,0.0,0.0,0.0,nan,0,-0.013700065411223011,-0.0051596399693933925,0.038890018351989575
9.906379281999762,0.22163688633636183,1.0111888068448764,1.5171923619657368,-0.7147020530132933,0.26420445928299635,-0.0641280947128864,0.0686912064683784,0.11717977768426353,0.011678093121777615,0.0,1.0,1.5,0.222584087691484,10948.38006773346,10764.468652680664,10907.624926589862,11066.821498459372,0.0,0.0,0.0,0.0,0.0,0.0,nan,0,-0.0003143528907224302,-0.007796592261977153,0.030301934999758195
9.918924734999564,0.23000436832063492,1.0214670142487645,1.4820596160815598,-0.6974444159450313,0.2679290626279667,-0.028348858554060347,0.06766792318878272,0.12286320423989894,0.005846427023356739,0.0,1.0,1.5,0.23169958895619988,10948.38006773346,10764.468652680664,10907.624926589862,11066.821498459372,0.0,0.0,0.0,0.0,0.0,0.0,nan,0,0.015414861428698828,-2.4878409965900516e-05,-0.005140195153726657
9.937410368999736,0.19207764263359434,1.0411626663271956,1.4716957361978522,-0.7022151308257674,0.2622343546013332,-0.09868400697277957,0.07092397732127272,0.12540561726139127,0.011822680185138764,0.0,1.0,1.5,0.1984674211255449,10870.0914673589,10684.341361113487,10820.898294344965,10991.628771454907,0.0,0.0,0.0,0.0,0.0,0.0,nan,0,-0.01527358803297188,0.017232603019548876,-0.015809907872585294
9.948257473000012,0.1730914459104033,1.020619901480651,1.4966856467304677,-0.7353245691717218,0.24537233586159038,-0.080657315101949,0.07668125350031181,0.13358365390369145,0.012833499018448801,0.0,1.0,1.5,0.17434682079699956,10871.001596277918,10649.557340026673,10777.124542525362,10978.103466230581,0.0,0.0,0.0,0.0,0.0,0.0,nan,0,-0.020163339607321612,-0.007976691124744306,0.00859337875039401
9.958358044000306,0.1946884390302907,1.0456150223750786,1.49458270796624,-0.6961047654251802,0.2809879359330485,-0.08406521092403983,0.07351439449413374,0.13285354188112264,0.010402234849056335,0.0,1.0,1.5,0.20003416111081923,10871.001596277918,10649.557340026673,10777.124542525362,10978.103466230581,0.0,0.0,0.0,0.0,0.0,0.0,nan,0,0.0014336535125658023,0.017018429769683374,0.006490439986166274
9.969395195999823,0.18036097827530184,1.0196687816666632,1.476614284361145,-0.7077968407734461,0.18121716745098415,-0.08287313415364687,0.07694301397039036,0.1336784484462426,0.005231983261062391,0.0,1.0,1.5,0.1829312306650129,10906.716998257867,10717.805750178399,10841.747251331182,11016.048668089134,0.0,0.0,0.0,0.0,0.0,0.0,nan,0,0.0006765875724848991,-0.01330489517013378,-0.012039711121375252
9.979746590000104,0.17197726636741925,1.0431882905256138,1.4795978036030382,-0.6712708469926412,0.2299409152040091,-0.06759031495980852,0.07503009756009443,0.1352724799416372,0.010383936569368164,0.0,1.0,1.5,0.1784871373616466,10906.716998257867,10717.805750178399,10841.747251331182,11016.048668089134,0.0,0.0,0.0,0.0,0.0,0.0,nan,0,-0.0077071243353976915,0.01021461368881682,-0.009056191879482034
9.990655829999923,0.1700205337678764,1.0324367251958275,1.4800202790196682,-0.6138272410424915,0.15010999942390998,-0.059398144418604755,0.07830607802021808,0.14259468762107783,0.006913767606898045,0.0,1.0,1.5,0.174236369035271,10921.105644226964,10731.91807432973,10836.199443293366,11008.955667686538,0.0,0.0,0.0,0.0,0.0,0.0,nan,0,-0.0030830691349362505,-0.0026133608024112576,-0.008910930465259037
10.000845695999487,0.18439330688091043,1.0384859676043636,1.4709542961037991,-0.6350691854479766,0.18725717213400866,-0.08781858805751143,0.08275839665953325,0.14326899153483727,0.015430206946901786,0.0,1.0,1.5,0.19059305926435913,10918.772665945507,10740.620486465814,10876.345301463896,11036.805666478756,0.0,0.0,0.0,0.0,0.0,0.0,nan,0,0.01773078961028232,0.0014359269072981018,-0.01825329689103583
10.011368671000128,0.15544244750556174,1.0336721081601545,1.510361119084025,-0.5859380771854271,0.1932297708828249,-0.14909694871796475,0.07959108301097663,0.1417216098389625,0.011533096359355417,0.0,1.0,1.5,0.15938481151961065,10922.219147882104,10747.570781883733,10873.748437843038,11033.731804347544,0.0,0.0,0.0,0.0,0.0,0.0,nan,0,-0.004921154469676919,-0.005300224377180918,0.02087666599926985
10.022144020999804,0.16061113461170304,1.035629729064213,1.488080183737043,-0.5880831958979305,0.1776581799782064,-0.07404013806008648,0.08237731194320755,0.14607147800509446,0.015760068920863037,0.0,1.0,1.5,0.16494694957528153,10912.62524724204,10713.7822510416,10870.288107626646,11053.223431444663,0.0,0.0,0.0,0.0,0.0,0.0,nan,0,0.006402219041252211,-0.0051862653201359965,-0.0016806840520380284
10.032448992000354,0.1409683884992128,1.047551685198916,1.4630561789960952,-0.5576065109764766,0.14642749386442186,-0.060235831649319,0.07818080797977091,0.14774516831103898,0.0064037987356745036,0.0,1.0,1.5,0.15329088437245822,10963.521564448456,10751.086976521658,10901.82936965879,11115.570644744535,0.0,0.0,0.0,0.0,0.0,0.0,nan,0,-0.0013730780640596463,0.0032885797887320933,-0.027262903877481426
10.042745961999572,0.13735302990654136,1.0394853570390823,1.5111155356291384,-0.5807124821307148,0.1603619665876398,-0.09691843334129387,0.08466038654690562,0.14773162803771797,0.016543332340169758,0.0,1.0,1.5,0.14334749170227462,10947.279172038778,10732.811841363395,10881.400511498168,11106.852707348604,0.0,0.0,0.0,0.0,0.0,0.0,nan,0,0.0007198750920529018,-0.006379182906314007,0.020510577904266247
10.053187632000117,0.14813198513781478,1.0376044970959295,1.4962284410587199,-0.5569269124773338,0.1422439644512791,-0.08879938134625681,0.0820861994633798,0.15302602374715016,0.012500303417562848,0.0,1.0,1.5,0.15287710057282974,10956.946032691128,10729.864264378455,10884.424805890501,11116.19807017926,0.0,0.0,0.0,0.0,0.0,0.0,nan,0,0.017054671197929333,-0.00977917422353447,0.0053342410630523585
10.063516885999888,0.12833607480653633,1.0367318976632163,1.4857801302624916,-0.5209989568593161,0.1341688876316852,0.006211596864448986,0.08617139856815534,0.15094235406913653,0.01511407356662192,0.0,1.0,1.5,0.13424449745908243,10956.946032691128,10729.864264378455,10884.424805890501,11116.19807017926,0.0,0.0,0.0,0.0,0.0,0.0,nan,0,-0.002741239133349116,-0.010651773656247698,-0.005114069733175963
10.073975348999738,0.10747908515443194,1.0628966233870176,1.480011156033133,-0.4912248000674203,0.15306156124777542,-0.07974347604999962,0.08105791385189869,0.1553821082998562,0.015266711679571703,0.0,1.0,1.5,0.1261241168938507,10930.428626442903,10720.226641005189,10874.456626042262,11095.175388817122,0.0,0.0,0.0,0.0,0.0,0.0,nan,0,-0.01819624895746813,0.01407663016929006,-0.011174183359439871
10.084693644999788,0.12174747604928403,1.0390844917324273,1.506015813776205,-0.4764053130501339,0.1075308873192656,-0.06787470879906318,0.08746985509726021,0.15907417063400497,0.0256313582972572,0.0,1.0,1.5,0.1280087318652253,10866.576503675364,10649.30881045264,10806.875030796196,11040.503105687796,0.0,0.0,0.0,0.0,0.0,0.0,nan,0,0.0064107244004985575,-0.012358741894071157,0.014255534154665073
10.094998362000297,0.11249129355593922,1.0606997235305677,1.479459415296737,-0.5208268100250731,0.12618340921434915,-0.0010359642961952926,0.0861690163097353,0.15905924890778003,0.007012396546314084,0.0,1.0,1.5,0.12946297996928607,10866.576503675364,10649.30881045264,10806.875030796196,11040.503105687796,0.0,0.0,0.0,0.0,0.0,0.0,nan,0,-0.0028454580928462536,0.009256489904069243,-0.012300864324802818
10.105793214999721,0.10344501950953547,1.0634883328633649,1.4896595568874165,-0.4730314491645987,0.12046708501556104,-0.0853788046195279,0.08590829848666798,0.15735930195641457,0.012036287671717608,0.0,1.0,1.5,0.12181364962458913,10885.330270377788,10656.337367579203,10797.469576636173,11057.47175719016,0.0,0.0,0.0,0.0,0.0,0.0,nan,0,-0.0021781668913921914,0.009754853646454897,-0.002641095880461908
10.116119790999619,0.08482538025383005,1.051531310042973,1.4828086699512733,-0.4131739612488435,0.12648158174299098,-0.0650857040588385,0.08147317555392294,0.16139797405015788,0.016761371417092403,0.0,1.0,1.5,0.10072915605124533,10851.451350553201,10631.261793091368,10768.944555921746,11009.358606967357,0.0,0.0,0.0,0.0,0.0,0.0,nan,0,-0.01617718950255706,-0.0032222501960079697,-0.009743763909572767
10.126522300000033,0.09931236939781575,1.0430907665256866,1.4900255617882168,-0.4287852701471481,0.11168200786282019,-0.05172456228014119,0.08589570618887442,0.15795636587205544,0.012968086543853256,0.0,1.0,1.5,0.10871637545843829,10851.451350553201,10631.261793091368,10768.944555921746,11009.358606967357,0.0,0.0,0.0,0.0,0.0,0.0,nan,0,-0.001690200358571356,-0.011662793713294484,-0.0025268720726292493
10.13677717399969,0.09756483269220656,1.0548532874010823,1.4933018724623013,-0.3811286901144465,0.07879095242118928,-0.029516800412435373,0.08699619730050569,0.1614973577402412,0.014540430078120708,0.0,1.0,1.5,0.1121278048901131,10883.568511829495,10664.488845881982,10793.827401302986,11030.359466099388,0.0,0.0,0.0,0.0,0.0,0.0,nan,0,0.0010246196592909318,-0.0008369981484079858,0.0005120057464018668
10.147593337000217,0.07385932970749048,1.042579094363358,1.528938047685363,-0.44629767945806803,0.07332904041570606,-0.0971873113915235,0.0868468161754135,0.1579855996481764,0.021342524534786415,0.0,1.0,1.5,0.09003105278449132,10902.158910091406,10669.653724798292,10787.288872092404,11038.047830098118,0.0,0.0,0.0,0.0,0.0,0.0,nan,0,-0.014235388694282633,-0.014733584539895261,0.03570545433365657
10.15796672200031,0.08415961428988489,1.0586533559098092,1.4838871832519056,-0.39027850150000704,0.08986227693342279,-0.05255791509602945,0.09099984619337097,0.16243591149368308,0.016545329914513227,0.0,1.0,1.5,0.10383968268664259,10902.158910091406,10669.653724798292,10787.288872092404,11038.047830098118,0.0,0.0,0.0,0.0,0.0,0.0,nan,0,-0.00393510411188823,0.0013406770065560458,-0.009345410099800722
10.16851316500015,0.05723497005129344,1.0583185417814682,1.4956293400945635,-0.37564900811346363,0.05394930769986174,-0.01593774173323994,0.08986833553386556,0.15947936969703314,0.021794469425184766,0.0,1.0,1.5,0.08182907050858089,10882.016715592239,10636.279978039207,10760.717622059887,11026.01942613581,0.0,0.0,0.0,0.0,0.0,0.0,nan,0,-0.026877223077804366,0.0003198383877842659,0.002193886860872185
10.179583174000072,0.08848065721016427,1.0414080415039089,1.4854057176198379,-0.3247428708704505,0.05474822798803168,-0.12132219557295405,0.09002451821266677,0.1645413269070674,0.019503951228069017,0.0,1.0,1.5,0.09877472186609257,10859.343978006169,10651.502400785354,10776.62547757641,11013.907508252483,0.0,0.0,0.0,0.0,0.0,0.0,nan,0,0.008190892402743455,-0.01719371329470709,-0.008217216095385282
10.189510143999541,0.0756347505608969,1.0570521098402303,1.5125057616396675,-0.3357534441224615,0.04487631209179361,-0.02811894939112062,0.08225092426129653,0.16010777970630785,0.014083413231853985,0.0,1.0,1.5,0.09556125158148036,10835.428221457223,10638.246806841527,10761.034025051982,10996.101899429488,0.0,0.0,0.0,0.0,0.0,0.0,nan,0,0.0025089345502310872,-0.0025078730799354965,0.018553610194175674
10.200299004000044,0.0699453764185957,1.058170145506724,1.5036589953825485,-0.3467010857495331,0.04904616045992761,-0.024560277838442786,0.08191229402418475,0.16276171562636912,0.012968950955845705,0.0,1.0,1.5,0.09104674490514202,10903.05946008725,10687.096598195121,10813.349742660994,11067.630393229163,0.0,0.0,0.0,0.0,0.0,0.0,nan,0,0.0001608334518174992,-0.0017455962069845565,0.009563416760130616
10.210470355000325,0.06797733502676263,1.0729309131848093,1.5059916291273958,-0.3287856195937964,0.018967869257076036,-0.06698744824748035,0.0864216515189064,0.16183253609680745,0.0100752917480664,0.0,1.0,1.5,0.09987860529117921,10903.05946008725,10687.096598195121,10813.349742660994,11067.630393229163,0.0,0.0,0.0,0.0,0.0,0.0,nan,0,-0.0018072079400155705,0.01301517147110065,0.011896050504977884
10.221177637999972,0.07526580601610716,1.0721847550948125,1.4739563782399574,-0.3033722629647865,0.01652463615701498,0.012189973009886161,0.08358124938471645,0.16063905284596894,0.016802751068701615,0.0,1.0,1.5,0.1074888396892091,10840.35287272992,10632.246702172113,10744.024265766137,10982.102780246585,0.0,0.0,0.0,0.0,0.0,0.0,nan,0,0.011683215171399822,0.011801929584117854,-0.020384859542607048
10.231836080999528,0.06631347103063584,1.0795817290813476,1.4797975511151749,-0.26982177890029097,-0.007238368149497359,-0.04770006315568653,0.08150456825786331,0.1588492096022088,0.01011005047265087,0.0,1.0,1.5,0.10554083088858057,10848.366535655123,10644.170204910333,10760.259075382759,10988.804765467887,0.0,0.0,0.0,0.0,0.0,0.0,nan,0,0.0055934861388128865,0.019085818547708522,-0.014638905063697027
10.24229921099959,0.04555338399400226,1.0552644731068757,1.4857458050357666,-0.2596015050153512,-0.028015072324609654,-0.02480857672150796,0.0799633368662325,0.1587719743786843,0.010137529752306536,0.0,1.0,1.5,0.07302365955746111,10833.496082814901,10627.088177102729,10739.411370277454,10971.758725535115,0.0,0.0,0.0,0.0,0.0,0.0,nan,0,-0.012462038399429394,-0.005265187355502743,-0.008766535037677103
10.252452650999658,0.05989442265742551,1.0760290654399791,1.4707545703828038,-0.24439491963573887,-0.03996361273999777,-0.07727899381474544,0.08377856234935198,0.15723472940380967,0.014423595542687734,0.0,1.0,1.5,0.10110912822607725,10833.496082814901,10627.088177102729,10739.411370277454,10971.758725535115,0.0,0.0,0.0,0.0,0.0,0.0,nan,0,0.0018790002639938602,0.015499404977600717,-0.02375776969063992
10.262961821000317,0.050511813886631965,1.0675560663924772,1.5009505262639604,-0.20275491713033852,-0.054818986280912765,-0.05202780931754687,0.079814066439958,0.1565615875678322,0.011013271387249795,0.0,1.0,1.5,0.08435738822842381,10863.766816582296,10653.618547955339,10764.113211837683,10997.595625948503,0.0,0.0,0.0,0.0,0.0,0.0,nan,0,-0.004956591166565244,0.007071332998487723,0.006380474928417534
10.27385286200024,0.05178682629080843,1.0465227642344324,1.4996395139197412,-0.20508928257289372,-0.010919782582710032,-0.011216794338443794,0.08229490643435598,0.15762872984892548,0.01529678447359391,0.0,1.0,1.5,0.06961589559505074,10901.825132249152,10701.377539690307,10822.281820272805,11049.255738397027,0.0,0.0,0.0,0.0,0.0,0.0,nan,0,0.0009412369272555482,-0.013638461943304758,0.004996613755892776
10.284012940000139,0.049268931855475984,1.0743765083697703,1.482766659617036,-0.19597139386313875,-0.050139430185792956,-0.010825843118479108,0.07789777646409078,0.15413834143942398,0.016241705349597218,0.0,1.0,1.5,0.09086407796380891,10895.26987024488,10689.53159357263,10814.01220930295,11046.458151991443,0.0,0.0,0.0,0.0,0.0,0.0,nan,0,0.0004997370291659059,0.014492698456690656,-0.011899956031573566
10.294625599000028,0.05065587837553966,1.0621953326303524,1.4966066210461477,-0.2199740023124639,-0.049317530932636654,-0.03326783338789994,0.07543353516681113,0.1526491168986687,0.007841481177464566,0.0,1.0,1.5,0.08028569259663947,10863.156533056157,10656.127869686356,10776.02455009234,11011.279922215423,0.0,0.0,0.0,0.0,0.0,0.0,nan,0,0.003808286632785908,0.002664510957200328,0.0019271059345045138
10.305238791000193,0.048922926390478585,1.058366651509536,1.482701743405376,-0.18832987733181228,-0.018131513978900143,-0.019003119725892702,0.08000015149220555,0.15232282887490206,0.0079437793369083,0.0,1.0,1.5,0.07809832531019639,10863.156533056157,10656.127869686356,10776.02455009234,11011.279922215423,0.0,0.0,0.0,0.0,0.0,0.0,nan,0,0.0020753346477248302,-0.0011641701636160295,-0.011977771706267237
10.316105865999816,0.030618516436456376,1.0588434833773896,1.4684916145460878,-0.18346102016468413,-0.05620450828377126,-0.007546920904206504,0.07706648305690315,0.14898873799738802,0.019674264642425096,0.0,1.0,1.5,0.07343587296864515,10850.982173758515,10663.246260234751,10774.55909853251,10985.998525616746,0.0,0.0,0.0,0.0,0.0,0.0,nan,0,-0.01284339404154003,0.00024008782751283597,-0.02617101260967658
10.326202385000215,0.03471236342454126,1.0704494571915337,1.486031752329013,-0.10244641471260549,-0.05856812045766703,-0.037691163336534265,0.07630279638282705,0.14927068363169763,0.015818979030649178,0.0,1.0,1.5,0.07976958152138701,10857.073043176979,10672.901031394951,10776.33085237589,10975.002793978645,0.0,0.0,0.0,0.0,0.0,0.0,nan,0,-0.0072825500196665865,0.01241809014811679,-0.008600959889207394
10.336599557999762,0.03578188028865182,1.0599418142241968,1.4924484807291643,-0.13733185785321086,-0.043115359953266236,-0.015965292033776605,0.07052210861390987,0.15021199724894402,0.009213209886411514,0.0,1.0,1.5,0.07021673228495705,10857.073043176979,10672.901031394951,10776.33085237589,10975.002793978645,0.0,0.0,0.0,0.0,0.0,0.0,nan,0,-0.006213033155556026,0.0019104471807798173,-0.00218423148905611
10.346930372000315,0.05623780132671106,1.0397481202524426,1.4964856616989912,-0.1431178031299652,-0.03556120208119688,-0.021077552236106287,0.07015637604548934,0.14705987384001637,0.011310215035830858,0.0,1.0,1.5,0.06895617401914927,10856.950141954805,10694.126171703057,10788.71380755201,10978.736028914089,0.0,0.0,0.0,0.0,0.0,0.0,nan,0,0.015561215591818861,-0.017640606972155082,0.0018957626290465601
10.358414462999463,0.038296467712325505,1.0517514053844197,1.489113116459924,-0.07393562696766036,-0.05278879606673296,-0.07057070935944829,0.07003752784092614,0.1440641351265525,0.012944779453596206,0.0,1.0,1.5,0.06529434609304935,10874.922297385265,10702.73925324003,10774.963901117024,10969.246019137025,0.0,0.0,0.0,0.0,0.0,0.0,nan,0,-0.00018367424602952487,-0.004145124380988241,-0.005359949096753747
10.368620160999853,0.042493481978063984,1.0727071402414767,1.455846274238523,-0.091745936987246,-0.07975473613845847,-0.003960646863870708,0.06697406533701006,0.1455550399582243,0.012125278022597911,0.0,1.0,1.5,0.09508720077556986,10874.922297385265,10702.73925324003,10774.963901117024,10969.246019137025,0.0,0.0,0.0,0.0,0.0,0.0,nan,0,0.004013340019708954,0.0168106104760688,-0.03862679131815483
10.379107865999686,0.034111191031638274,1.0726879104867064,1.521015926773414,-0.05174767461479951,-0.1313345704113284,-7.474012969576482e-05,0.06647656246646073,0.14296551273444477,0.00924916802613932,0.0,1.0,1.5,0.08299864373991822,10910.721320364037,10740.348745699095,10794.473808320816,10984.923400972597,0.0,0.0,0.0,0.0,0.0,0.0,nan,0,-0.0027467369701649758,0.01854978753361647,0.026702573231464077
10.389667831000224,0.032777275874543224,1.0564613724816179,1.496307903571705,-0.0632456295654843,-0.10713103773553931,0.025659211073710872,0.06758263425720086,0.13967149319014288,0.01860644056268277,0.0,1.0,1.5,0.06539012136630225,10910.721320364037,10740.348745699095,10794.473808320816,10984.923400972597,0.0,0.0,0.0,0.0,0.0,0.0,nan,0,-0.004080652127260026,0.0023232495285279153,0.0019945500297551266
10.400212020999788,0.023198585275151458,1.0465645816547602,1.49214184550949,-0.05945610929545895,-0.11015108128349978,-0.05786270671517758,0.06822866637748384,0.13566507817444637,0.008028078869855784,0.0,1.0,1.5,0.05261354593113855,10924.053846155623,10755.108934420907,10804.518031009477,10992.783795591804,0.0,0.0,0.0,0.0,0.0,0.0,nan,0,-0.013059587612015436,-0.006597762205825752,-0.0020829993140563108
10.410544919999666,0.024163762980307604,1.0477055515015459,1.5289401772133708,-0.018426705351117272,-0.08436015649487572,0.008230946141157703,0.06320661419250904,0.13426381562021972,0.011564617126397187,0.0,1.0,1.5,0.06080494176114667,10867.449351128767,10692.191435762745,10757.92694468862,10949.324593759551,0.0,0.0,0.0,0.0,0.0,0.0,nan,0,-0.01163239345307799,-0.004418822655536392,0.03481155366485589
10.421039406999625,0.03629584914549192,1.063833218644896,1.4969996240486325,-0.035745457996157054,-0.10547779190586305,0.02975599233503041,0.05932219971072991,0.13023558123622925,0.0032113627386350504,0.0,1.0,1.5,0.07349197727377423,10826.452344208314,10662.743510309949,10728.484783408727,10918.12807219453,0.0,0.0,0.0,0.0,0.0,0.0,nan,0,0.0008272483123453883,0.012806963564941931,0.002982088596040766
10.431720341000073,0.013571347186873601,1.0542421295742075,1.4624517334791607,-0.007385141190063704,-0.12158643212629063,-0.006500155489623033,0.057473517315586614,0.1292632473093419,0.0017673831115032018,0.0,1.0,1.5,0.06735178100044392,10810.912402090607,10662.576181881517,10727.518960998736,10893.45445278172,0.0,0.0,0.0,0.0,0.0,0.0,nan,0,-0.02163643941656915,0.005586244054565759,-0.03130222292521623
10.442303955999705,0.037084493699355583,1.0500078454102044,1.497262524288022,-0.0009930608669875586,-0.1626200562683056,-0.009428310396294786,0.05563740083094692,0.12646541242859138,0.013800689639617603,0.0,1.0,1.5,0.062318039513307194,10793.060500368509,10649.839660268193,10707.93828509072,10860.44613619755,0.0,0.0,0.0,0.0,0.0,0.0,nan,0,0.0018158148391099471,0.0026204693597926543,0.003667771398587094
10.452951332000339,0.04794029494774717,1.0430737312670373,1.4881436956955383,0.01803708503706148,-0.12605921379756393,-0.05322524564085406,0.05795340200840787,0.12423572852940165,0.01337387572162329,0.0,1.0,1.5,0.06553007062945938,10793.060500368509,10649.839660268193,10707.93828509072,10860.44613619755,0.0,0.0,0.0,0.0,0.0,0.0,nan,0,0.01267161608750153,-0.004313644783374482,-0.005451057193896602
10.462986962999821,0.045096354557069014,1.0415616959097986,1.5060233581910072,0.05245858808151724,-0.11775633395527477,0.0015160629546331155,0.05417466919872942,0.12204274549194043,0.013302597262640024,0.0,1.0,1.5,0.0616225332579944,10836.10075536989,10699.593333265362,10758.433628395484,10896.318590646659,0.0,0.0,0.0,0.0,0.0,0.0,nan,0,0.009642572264691195,-0.004503862098402589,0.012605230066469408
10.473287879999589,0.03670939722145889,1.0455318223560897,1.482245383113077,0.05455476250976297,-0.1608935653194112,-0.014950748823035901,0.05012160798426781,0.11672281500510197,0.01177044806776955,0.0,1.0,1.5,0.06112244360487208,10828.007296771078,10700.85957174652,10764.647808509902,10902.793912808917,0.0,0.0,0.0,0.0,0.0,0.0,nan,0,0.0009484009801394785,0.0008398799133080281,-0.01098309967342015
10.483827715000189,0.04866499804792762,1.038031392134839,1.494481364154253,0.03240721634067093,-0.10521127873658301,-0.021069870711850708,0.04863472948628304,0.11782549264633438,0.008245921819010696,0.0,1.0,1.5,0.062009065178541885,10851.56823523709,10719.210914426078,10766.762056012038,10916.80875418336,0.0,0.0,0.0,0.0,0.0,0.0,nan,0,0.01193251135445618,-0.0037643816873278446,0.0016569654608888928
10.494337494999854,0.0491736594951177,1.027349222628069,1.4888309094135566,0.04966932226589016,-0.1861031598207508,-0.017119940223095854,0.04779701707474813,0.11299510693776127,0.011046863341883897,0.0,1.0,1.5,0.05736529744566515,10865.64913493118,10738.772576448051,10787.581591776694,10933.727620303249,0.0,0.0,0.0,0.0,0.0,0.0,nan,0,0.011782421740822877,-0.012927614434668833,-0.003780467984615621
10.504676761000155,0.042929134759729766,1.028028532793526,1.4775432045710584,0.05502353329749208,-0.14294901390860917,-0.02494668316549416,0.04383951097241989,0.11034079791511825,0.007181569215692674,0.0,1.0,1.5,0.055971572451684166,10875.795647519275,10755.856346050581,10788.064360917246,10921.821080249942,0.0,0.0,0.0,0.0,0.0,0.0,nan,0,0.004767457814850946,-0.010684531440249279,-0.014850134935984638
10.515230396999868,0.032284554193620564,1.0398368938841946,1.512201228857593,0.11603436206816409,-0.16635616421087873,0.0034477541167899656,0.04274888759636799,0.10706658636093552,0.004833807746835085,0.0,1.0,1.5,0.052708069016581975,10875.795647519275,10755.856346050581,10788.064360917246,10921.821080249942,0.0,0.0,0.0,0.0,0.0,0.0,nan,0,-0.0058771227512582555,0.0011238296504194611,0.01980788935055
10.525973556000281,0.03986051096636583,1.0258769687101048,1.5153315314081626,0.1396298972480001,-0.12726981651883704,0.0353100164669468,0.043641030962988346,0.10772226530356399,0.00962183488823751,0.0,1.0,1.5,0.049935295127224284,10888.755439227303,10792.083366404211,10832.074724996124,10942.758803749899,0.0,0.0,0.0,0.0,0.0,0.0,nan,0,-0.00016575463990816525,-0.009581401213574203,0.0233820710252588
10.536138833999757,0.037264035206826605,1.0342479320150784,1.4908058572259038,0.10930668543156508,-0.19473484265234645,0.006867102536606377,0.04003949120605395,0.10365243394148921,0.003087560341639815,0.0,1.0,1.5,0.05143988169266633,10888.755439227303,10792.083366404211,10832.074724996124,10942.758803749899,0.0,0.0,0.0,0.0,0.0,0.0,nan,0,-0.0027622303994473893,-0.0012104379086006478,-0.0011436031570000171
10.546637993000331,0.058272042819364135,1.021449272657203,1.4914388946981032,0.11875604983714567,-0.16183128354424317,0.001248384859563548,0.03944887429786427,0.09728566000130287,0.006229473745321405,0.0,1.0,1.5,0.06268169426439439,10861.62945848094,10754.194560462864,10794.525779176243,10908.798428534154,0.0,0.0,0.0,0.0,0.0,0.0,nan,0,0.01715762498340316,-0.012321986528543771,-0.00028683222291281396
10.557516611999745,0.03676266760691657,1.0361245691548058,1.4983934012378104,0.13676198676209703,-0.1587251894428058,-0.058511965459848415,0.03121370206566391,0.09099211226618974,0.007020332800521148,0.0,1.0,1.5,0.05156606816288835,10824.757244987955,10708.788477905546,10748.291982237897,10865.923671272707,0.0,0.0,0.0,0.0,0.0,0.0,nan,0,-0.0068211526015180615,0.00583614172689173,0.007144816155530087
10.56788529000005,0.037216078537063414,1.0194981231999323,1.4959969406376492,0.1355296055833486,-0.1583056696613098,-0.025827067627899266,0.029950845684953663,0.09249008253165564,0.008565340584277393,0.0,1.0,1.5,0.042204712938901906,10832.491936221702,10720.614434101575,10758.356623746828,10871.269838139946,0.0,0.0,0.0,0.0,0.0,0.0,nan,0,-0.007742344629194674,-0.008998622803768397,0.005003122857552
10.578365774000304,0.02488274821175531,1.0363598180722273,1.486156973687059,0.14135373782501037,-0.14870361932706658,-0.02962416272263478,0.028758772544650497,0.08792431599333943,-0.00394566302122688,0.0,1.0,1.5,0.04618243071034544,10832.491936221702,10720.614434101575,10758.356623746828,10871.269838139946,0.0,0.0,0.0,0.0,0.0,0.0,nan,0,-0.020075674954502777,0.007863072068526655,-0.004836844093038195
10.589319386999705,0.03500531816083087,1.0331104350430598,1.5130992295275822,0.14764594442600176,-0.20038667531908277,-0.00361258526989449,0.030296965271014484,0.08694040067310989,0.0009225128081666392,0.0,1.0,1.5,0.04993258477685647,10886.866466302457,10803.54306529307,10811.521090961727,10899.094570742725,0.0,0.0,0.0,0.0,0.0,0.0,nan,0,-0.012967530173838608,0.0082882369076549,0.02262451587955039
10.599041053999827,0.04179725360002829,1.010982316687938,1.4734866308694583,0.16324827108725629,-0.1826175028755065,0.019342863905693557,0.028570352548214502,0.08338684772533934,0.006079777340132071,0.0,1.0,1.5,0.05070089181653119,10886.866466302457,10803.54306529307,10811.521090961727,10899.094570742725,0.0,0.0,0.0,0.0,0.0,0.0,nan,0,-0.006175594734641188,-0.01383988144746695,-0.016988082778573554
10.609807204999925,0.03280545590569425,1.0074224579040465,1.5157228024408806,0.2052717111294812,-0.1868054584848728,-0.01285554981933354,0.0269644830890333,0.07742182047872083,0.004783156090671015,0.0,1.0,1.5,0.03712812054377052,10875.389742125973,10808.679569553306,10816.502428763442,10869.486799173877,0.0,0.0,0.0,0.0,0.0,0.0,nan,0,-0.018514514950903664,-0.013616573487515549,0.025757071036797363
10.620262507999541,0.062194086809634556,1.0136712935194991,1.491628780948813,0.1823492058396703,-0.17815278782721106,-0.009755653258062828,0.025252178112916485,0.07812682497731815,0.0038823364044511957,0.0,1.0,1.5,0.06422683246886472,10875.389742125973,10808.679569553306,10816.502428763442,10869.486799173877,0.0,0.0,0.0,0.0,0.0,0.0,nan,0,0.01087411595303664,-0.007367737872062907,0.0016630495447296223
10.630819279000207,0.05992681232109512,1.0216309008194893,1.4738479823274744,0.19499047975960618,-0.23766313974673592,-0.01175583084371156,0.0219395684353851,0.07364491474735095,0.007967846278440579,0.0,1.0,1.5,0.06886978098973766,10853.590723053941,10790.149620146934,10807.295239041672,10861.070980046128,0.0,0.0,0.0,0.0,0.0,0.0,nan,0,0.0049555380411708885,0.0044671149551209766,-0.015613104117672139
10.64140668500022,0.0522897191460396,1.0147292793709575,1.4862418169667666,0.2234520771578603,-0.19797823855771793,0.014577591527103376,0.01951586441860253,0.06561540958931593,0.0013400589339814253,0.0,1.0,1.5,0.05603975374263671,10865.546305635578,10799.222786885968,10813.435466212872,10866.823811968288,0.0,0.0,0.0,0.0,0.0,0.0,nan,0,-0.00461223619485223,-0.00046751628371821674,-0.002966372867169609
10.651881220000178,0.049937720441401524,1.0244617620347711,1.4916396146028001,0.20866560898252917,-0.21602960252035222,-0.00384090410712834,0.016921639411596905,0.0634943548535438,0.010299791281554015,0.0,1.0,1.5,0.056232106209167146,10882.312347613299,10820.98772096208,10844.503793479136,10896.614242825399,0.0,0.0,0.0,0.0,0.0,0.0,nan,0,-0.00896038146193106,0.011248867571903132,0.0026814349257033854
10.662377157000265,0.04837927722307085,1.0278927854036501,1.4710100272551643,0.20343659418188179,-0.2007371618846812,-0.03193504376678647,0.015492822620627613,0.061578218736091754,0.008570729186814414,0.0,1.0,1.5,0.06292042960714063,10874.419973147273,10810.917268486744,10832.729237226926,10882.406369922508,0.0,0.0,0.0,0.0,0.0,0.0,nan,0,-0.012576907541592602,0.016678672053330068,-0.01770241809253026
10.672914875999595,0.06647588721399773,1.0118270165203274,1.4999082867447089,0.20151090754448323,-0.23436456477919645,0.024870267025159775,0.014758646066087048,0.05863404214151816,0.010748879293119202,0.0,1.0,1.5,0.06751985124377452,10870.32592621317,10820.217806810646,10833.517110341676,10877.295829590223,0.0,0.0,0.0,0.0,0.0,0.0,nan,0,0.0034033741486644425,0.0026244907245127624,0.011437983572263999
10.683422271999916,0.08063294991555991,1.004693844155286,1.4670685213273855,0.23095156760499613,-0.24511032776529854,-0.01565600871952524,0.00969488080639079,0.05459734123761303,0.00925340378116667,0.0,1.0,1.5,0.08722492231354619,10870.32592621317,10820.217806810646,10833.517110341676,10877.295829590223,0.0,0.0,0.0,0.0,0.0,0.0,nan,0,0.017560436850226624,-0.0045086816405286445,-0.021401781845059364
10.69404616599968,0.06844585065348754,0.9978580739969724,1.4783149237021689,0.20780110945405092,-0.20154034366280812,-0.0304931079758476,0.008468985329978746,0.05198334709342273,0.0017192162068090009,0.0,1.0,1.5,0.07183080712845098,10855.633572496223,10834.92641565944,10841.36466119434,10869.111736471516,0.0,0.0,0.0,0.0,0.0,0.0,nan,0,0.000979976377495445,-0.007290986425387946,-0.009693614671893558
10.704711925000083,0.06467550886857369,1.0110420284592885,1.5103148052514668,0.22620694022204496,-0.22079207813453103,-0.019873322385281823,0.004125867188651641,0.04618978081533852,0.006515044774477565,0.0,1.0,1.5,0.06641718939612228,10884.987213684095,10862.509339426597,10873.74368275546,10904.479846358036,0.0,0.0,0.0,0.0,0.0,0.0,nan,0,-0.005059986498098343,0.00793069943444702,0.022526226602921806
10.714810722000038,0.06733283173304805,1.014329271863186,1.4674051299193465,0.23627040846047478,-0.19037378454782683,0.014846338029305644,0.004923886010634138,0.042523233753867754,0.007533411589946865,0.0,1.0,1.5,0.07616734088108065,10908.738605693647,10894.815727258094,10899.492049659822,10912.485866010113,0.0,0.0,0.0,0.0,0.0,0.0,nan,0,-0.004716193989821205,0.013260268842491207,-0.020175719028459937
10.72555368600024,0.06243704743059264,1.0127555170668774,1.495935324014734,0.19894477716435569,-0.20740462071964763,0.030062787034557035,0.004513178615326217,0.04186877955577007,0.00013824546049567504,0.0,1.0,1.5,0.0638561641375261,10908.738605693647,10894.815727258094,10899.492049659822,10912.485866010113,0.0,0.0,0.0,0.0,0.0,0.0,nan,0,-0.009611978292276613,0.011686514046182594,0.008354475066927547
10.736102904999825,0.09281251507747629,1.0077157772360683,1.4882299430052075,0.26165157349733004,-0.22727962092799997,0.010807077940072438,0.002667763172475958,0.03475817681074063,0.009106782357953614,0.0,1.0,1.5,0.09387348089329625,10889.036869611591,10882.871491999202,10877.765554363123,10883.838349739559,0.0,0.0,0.0,0.0,0.0,0.0,nan,0,0.018409767578380212,0.008691610605569222,0.0008444158846072636
10.746894115000032,0.08268601882476545,0.9796346435043316,1.4921024070349567,0.2559623603173304,-0.23710341123809062,0.024306393140562692,-0.003987503270444756,0.02594771215452448,0.007778412749794094,0.0,1.0,1.5,0.0855224966247281,10853.734957683944,10867.554407751244,10844.690054762745,10826.21198914016,0.0,0.0,0.0,0.0,0.0,0.0,nan,0,0.0034704388613428366,-0.015300647077455043,0.0050780974072541785
10.75716019399988,0.07172819251192236,0.9843867963084746,1.5061779557897068,0.23326560726214635,-0.19526300987145204,-0.03276449241317191,-0.006854816859560825,0.028425120138811592,0.004295163838118382,0.0,1.0,1.5,0.07366731207448816,10851.507968912689,10857.529560632582,10835.014710600528,10827.27176075765,0.0,0.0,0.0,0.0,0.0,0.0,nan,0,-0.0099388700814627,-0.00850856138767453,0.01932634521021548
10.76739150100002,0.08759052556856661,0.9935229277495643,1.4645969633075686,0.23410285056184493,-0.19833406843183188,-0.04770532760525095,-0.007111523283410188,0.02061412973024404,0.0034419183760482923,0.0,1.0,1.5,0.09469650279371847,10851.507968912689,10857.529560632582,10835.014710600528,10827.27176075765,0.0,0.0,0.0,0.0,0.0,0.0,nan,0,0.005923462975181551,0.0006275700534151829,-0.022254647271922723
10.777915282000322,0.07205222150832563,0.9820944843008417,1.4739946715315184,0.2452054449465155,-0.20896162599401116,-0.013050488751990148,-0.007368129999724327,0.018768294292765813,0.00859026093335332,0.0,1.0,1.5,0.07866643010516777,10827.40424542984,10839.161544097857,10825.23827897938,10813.276239586836,0.0,0.0,0.0,0.0,0.0,0.0,nan,0,-0.012091382236201181,-0.008766639864181469,-0.012686396617589413
10.788327508999828,0.09877260645685236,0.9854210840642014,1.5097445569625165,0.2668414059061895,-0.1974825093994012,0.005071313634731805,-0.012173505295755963,0.018089373470305502,0.006611398866496865,0.0,1.0,1.5,0.10031714193765214,10843.760962663227,10866.903123083754,10840.598017454879,10813.417990331991,0.0,0.0,0.0,0.0,0.0,0.0,nan,0,0.012131052409108126,-0.0034135165174891124,0.02323182788767708
10.799101028999758,0.09426097856802523,0.9837425144745461,1.467831421758405,0.21784247643756885,-0.19909601092603763,-0.04787426885776404,-0.012479066382371314,0.010325441471182521,0.009456360595852835,0.0,1.0,1.5,0.10091707160980086,10907.255938389913,10956.904514010626,10915.817832331717,10864.266542162804,0.0,0.0,0.0,0.0,0.0,0.0,nan,0,0.0025733254416336615,-0.001070398338150036,-0.018378486942184802
10.809587091999674,0.10906718012666025,0.9829747951675942,1.5057873183870756,0.2590785190605017,-0.21958929841712227,-0.006113902325788038,-0.013039327132208704,0.003733519318592103,0.0028350564944629227,0.0,1.0,1.5,0.11053958763483836,10877.857658123456,10915.451395789642,10868.3264860584,10826.311267143874,0.0,0.0,0.0,0.0,0.0,0.0,nan,0,0.014838563635733923,0.0001530548460553227,0.01970845871930238
10.82003044799967,0.09901132698011413,0.9774834270265426,1.4719709895045099,0.2768943205779126,-0.17712544293038066,0.005122621466300375,-0.01792255445316536,0.005530087057972795,0.003152552758818099,0.0,1.0,1.5,0.1053369088125734,10916.578488635345,10979.005294301147,10923.444421788916,10861.095655159039,0.0,0.0,0.0,0.0,0.0,0.0,nan,0,0.0022346039342748952,-0.0033628657369881854,-0.013990620584636737
10.830519762999756,0.1034887306280836,0.9769743993552812,1.509559730773008,0.27992680278393495,-0.19065787332471815,-0.04258194588383434,-0.017783395375973506,0.0008517677140212314,0.008996251676025553,0.0,1.0,1.5,0.10644944389011396,10886.115801854214,10944.178847452851,10897.527144223493,10833.119862795467,0.0,0.0,0.0,0.0,0.0,0.0,nan,0,0.004160298706082297,-0.0019141055109216376,0.02370021321580018
10.841050090999488,0.08450967379075203,0.9612857438672102,1.4640633286175426,0.2550364537159765,-0.1964545529215636,-0.03247582803852521,-0.019322024583745368,-0.0025194716783091408,-0.004947477529710104,0.0,1.0,1.5,0.09966003683616267,10886.115801854214,10944.178847452851,10897.527144223493,10833.119862795467,0.0,0.0,0.0,0.0,0.0,0.0,nan,0,-0.014818758131249277,-0.017602760998992606,-0.021796188939665173
10.851657834999969,0.1195733757456846,0.9798798575687864,1.4634522776411876,0.2271710936343252,-0.196403988517216,-0.032338519471865466,-0.02261407889238827,-0.006482859077895441,0.007768403131726018,0.0,0.0,1.5,0.9878249153903037,10898.715459068759,10950.165486699983,10891.312455227613,10829.912023378536,0.0,0.0,0.0,0.0,0.0,0.0,nan,0,0.01769315815734468,0.0029296373408507215,-0.022317885127015602
10.862244482000278,0.10848280694626254,0.9800184421867089,1.4715551839626517,0.2354640367408608,-0.20237412027209806,-0.010145853083111007,-0.024224448794892047,-0.007867700863637387,0.004867490916073009,0.0,0.0,1.5,0.9864146055226485,11060.324256435966,11129.112635881826,10771.455822950762,10698.335884132994,0.0,0.0,0.0,0.0,0.0,0.0,nan,0,0.0015126620691120057,0.006878865815622137,-0.01407712693488583
10.872502963999978,0.09402487886913043,0.9862077640793092,1.4974249087062557,0.2534427044595721,-0.1642597806441688,0.021929788446683418,-0.027228553284500853,-0.015138381302788804,-0.0005221727391535965,0.0,0.0,1.5,0.9906831293970015,11060.324256435966,11129.112635881826,10771.455822950762,10698.335884132994,0.0,0.0,0.0,0.0,0.0,0.0,nan,0,-0.01294526600802011,0.01306818770822249,0.011792597808718108
10.883139350999954,0.13140765483739153,0.9726621034964363,1.489696831075739,0.24226168155588365,-0.16845423875469112,0.036268038563539745,-0.02368502399894801,-0.018074816848712247,0.0025778868055073624,0.0,0.0,1.5,0.9815526957926697,11171.763921645163,11265.278057256985,10680.730051308676,10599.484450087959,0.0,0.0,0.0,0.0,0.0,0.0,nan,0,0.021906260834218275,0.0013912553491934876,0.004107215008953835
10.893692427999667,0.12046323093508708,0.9650050318449259,1.5036205466108652,0.23592587934052986,-0.13607576851352185,-0.00989453327640404,-0.02613855191374851,-0.01778538981646184,0.0031657669350976464,0.0,0.0,1.5,0.972501521773158,11228.888441737381,11346.473169755873,10472.057022932246,10381.067222023996,0.0,0.0,0.0,0.0,0.0,0.0,nan,0,0.005943533624284986,-0.002608545956537367,0.01806560561652737
10.904204427999503,0.10991403603622994,0.9796134113496664,1.4961127385480764,0.2732219533022366,-0.16952683941789182,0.0025556833889527667,-0.024902503922213326,-0.02044363474513806,0.003944416734349942,0.0,0.0,1.5,0.9857680466598114,11218.510583546376,11340.48757028075,10394.417901072442,10307.225393823941,0.0,0.0,0.0,0.0,0.0,0.0,nan,0,-0.007086439495568711,0.013787084744737887,0.010565023275609597
10.914993780000259,0.1163744434584614,0.9631981377093832,1.5002167341975847,0.23424694889034067,-0.1790274899140212,-0.03238485554764307,-0.029272158417817728,-0.02370206395948549,0.0013560594441917556,0.0,0.0,1.5,0.9702029223573814,11222.055510454742,11349.618322058197,10366.189601840335,10277.513934328232,0.0,0.0,0.0,0.0,0.0,0.0,nan,0,-0.0030838319661141977,-0.0008686758592467703,0.014677035893684298
10.925419750999936,0.12108250726608397,0.9597977091700182,1.480790993694414,0.23362323304555227,-0.1723268186127049,-0.06089157568186338,-0.028858339523426677,-0.028698865132348535,0.009050815686352697,0.0,0.0,1.5,0.9675957844147028,11214.7093141462,11335.85408543857,10352.108731771441,10276.508655425552,0.0,0.0,0.0,0.0,0.0,0.0,nan,0,-0.0008075739161630541,-0.002536919482118982,-0.004738059626710589
10.935575558999517,0.11808680195342702,0.9520853105098191,1.4884342460699476,0.21987622544691535,-0.17235747465621326,-0.027807090439509363,-0.0225159374203815,-0.03047599672192487,0.005679648999141814,0.0,0.0,1.5,0.9594502060806163,11214.7093141462,11335.85408543857,10352.108731771441,10276.508655425552,0.0,0.0,0.0,0.0,0.0,0.0,nan,0,-0.0038032792288199974,-0.010249318142317998,0.00290519274882306
10.94619564200002,0.11955404969299183,0.9581949746498325,1.4896447925158351,0.21895028625816332,-0.19207493311963525,-0.05865922688173348,-0.022615527520994556,-0.031354673765870006,0.00623822729968597,0.0,0.0,1.5,0.9656800767149685,11224.521340574987,11364.246904573305,10461.335795413846,10372.541772958257,0.0,0.0,0.0,0.0,0.0,0.0,nan,0,-0.007109539696306594,-0.0007534441020812244,0.00413858786769139
10.956573700000263,0.12209166758047155,0.9498321023947277,1.506061496813559,0.23969855158537864,-0.2001621128132447,-0.01680732514247024,-0.016921230752099344,-0.03761845391834752,0.003850472614285189,0.0,0.0,1.5,0.9576659854958771,11196.272798394388,11346.812166089858,10505.521446269198,10405.724094559617,0.0,0.0,0.0,0.0,0.0,0.0,nan,0,-0.0069074747889948385,-0.007459303269968909,0.0205573918226849
10.967227359999924,0.12524268673957686,0.9518395824396623,1.48121552317187,0.24526295966155384,-0.1756200932020011,0.01369919145847508,-0.01649691048295693,-0.040920300062611714,0.003728869100754116,0.0,0.0,1.5,0.9602276698004307,11196.272798394388,11346.812166089858,10505.521446269198,10405.724094559617,0.0,0.0,0.0,0.0,0.0,0.0,nan,0,-0.006053923303663694,-0.0038160247506209277,-0.004297157976373311
10.977622722999513,0.13119058391124372,0.9698195305836245,1.4890030768415883,0.23248568787010124,-0.1394588339793074,-0.0333310723961214,-0.013586735211770154,-0.042533427807052035,0.007780189926259622,0.0,0.0,1.5,0.9787143728010572,11184.03857216616,11339.741104309325,10569.857543533462,10465.820580026111,0.0,0.0,0.0,0.0,0.0,0.0,nan,0,-0.00010602613199683919,0.014163923393341271,0.003490395693344972
10.988183538000158,0.1416312082268071,0.961869110712948,1.5039275821821214,0.20664014872523118,-0.1524980177480964,0.02323288490079961,-0.014487605380969189,-0.04370508260396602,-0.005169345412087527,0.0,0.0,1.5,0.9722484307980651,11081.53682837017,11232.820798772527,10596.406404458341,10500.383104473083,0.0,0.0,0.0,0.0,0.0,0.0,nan,0,0.005864709606697022,0.009432875076086478,0.018369790544292552
10.998683175000224,0.1451048873017112,0.9550268809740351,1.4737562024310635,0.2129278947407539,-0.15119117193102524,-0.011886229228738164,-0.007985374602094104,-0.04768939704028627,0.006520145463255081,0.0,0.0,1.5,0.9663438873468779,11072.335561766147,11226.023076508978,10637.66964512129,10543.616116252271,0.0,0.0,0.0,0.0,0.0,0.0,nan,0,0.007171116096003433,0.004180851448706613,-0.01183468638626528
11.009027846999743,0.16225138410682136,0.9400522598742812,1.502240295156965,0.22055726971972905,-0.14907874875813443,-0.024495083253728914,-0.00045750281818690694,-0.05077407530138321,-0.0009960978282690326,0.0,0.0,1.5,0.9539542870922656,11072.335561766147,11226.023076508978,10637.66964512129,10543.616116252271,0.0,0.0,0.0,0.0,0.0,0.0,nan,0,0.022198730252042997,-0.009211619931895565,0.01661188581536499
11.019902633999664,0.13657530266567797,0.9480651848348781,1.4916514137329333,0.19648655695155354,-0.16471740591828066,-0.041904299469370174,0.0022495722560986384,-0.055196244643257376,0.001933767392719021,0.0,0.0,1.5,0.9578883582583473,11008.761122215334,11160.453342407834,10623.638929301153,10519.723007426292,0.0,0.0,0.0,0.0,0.0,0.0,nan,0,-0.0034773511891003916,-0.0011986949712986528,0.0060230043913331865
11.03017110699966,0.14231349665334853,0.9481509676238835,1.474807922995954,0.21212887208428843,-0.15640255326127334,0.004161679988105377,0.0036756398391920232,-0.054793871969430766,-0.0004549598399015314,0.0,0.0,1.5,0.9591027210260572,11001.804311103788,11158.081639156999,10681.702530233579,10577.507585388134,0.0,0.0,0.0,0.0,0.0,0.0,nan,0,0.00019274377359215777,0.00046522764740930533,-0.01086109736010954
11.040510953000194,0.1420533893774335,0.9411440170162912,1.5021755383165851,0.17236789672762612,-0.171789539368595,0.03024328811259926,0.007808222288443984,-0.05726250307670532,0.007474845344935785,0.0,0.0,1.5,0.9518066816145728,10978.58761527554,11125.556162274463,10717.478002945423,10618.146212322916,0.0,0.0,0.0,0.0,0.0,0.0,nan,0,-0.00208216246733392,-0.004963310162845125,0.01646025532730766
11.050955531,0.1533375493137025,0.9375375345676615,1.5074250832588993,0.20588905020582304,-0.14956925082534875,0.013153014178887132,0.01475794353690065,-0.059810488396338866,-0.0018255873940990935,0.0,0.0,1.5,0.9500232442493936,10965.60474055369,11125.370396018232,10783.956097124967,10670.393694148423,0.0,0.0,0.0,0.0,0.0,0.0,nan,0,0.007242966818387986,-0.0069865779182828325,0.021655185624704476
11.061734017999697,0.13096041664949085,0.9460078237629223,1.4539974210651565,0.1708778660233454,-0.14454428902356797,0.007728906489829612,0.018834329725866485,-0.06608277838117063,0.0009020132094805246,0.0,0.0,1.5,0.9561368472234113,10945.190568377795,11101.511045157784,10812.931898289047,10698.23498608307,0.0,0.0,0.0,0.0,0.0,0.0,nan,0,-0.017035041855929106,0.003076457176876768,-0.0318377956521414
11.072098011999515,0.1708619373018558,0.9335441102346446,1.454118998703372,0.19297835204115374,-0.17662635743501978,-0.032283708976251546,0.026000642075354796,-0.06427938443074392,-0.0006013771363358273,0.0,0.0,1.5,0.9501597095500939,10874.50481870097,11041.882132498395,10802.075538350688,10681.836948310896,0.0,0.0,0.0,0.0,0.0,0.0,nan,0,0.021025715541483775,-0.007780169762291234,-0.031788532518248536
11.082661383999948,0.14834052832844444,0.9402863265835716,1.5100443848353713,0.16216927892009472,-0.18613036429721563,-0.022624916459491207,0.03030860474089211,-0.06964993496155797,-0.0007867129845021599,0.0,0.0,1.5,0.9519685803489053,10850.700465563614,11026.577111316963,10875.188437406554,10740.684482438603,0.0,0.0,0.0,0.0,0.0,0.0,nan,0,-0.004989448085179371,0.0022389562575441113,0.023985446167738456
11.093248682999729,0.1540281650664076,0.9550120227052427,1.488182983310785,0.18304466972840638,-0.19588148665084867,0.02210024418046663,0.03709927118841863,-0.06832783071013486,0.0043303692995852825,0.0,0.0,1.5,0.9674255945697925,10887.031817930998,11051.76266688828,10963.39156018419,10836.293818988777,0.0,0.0,0.0,0.0,0.0,0.0,nan,0,-0.0009501161130454627,0.018644999486820746,0.002033763173993286
11.103564770000048,0.1464629835109152,0.9217614124139861,1.5169096737433332,0.14345132237223138,-0.20461718458514516,-0.05033744039019688,0.04134268421816354,-0.07128282694903999,0.0012700586260361326,0.0,0.0,1.5,0.9334781433008762,10848.478137550903,11020.109580912413,10978.277816219912,10839.314800203085,0.0,0.0,0.0,0.0,0.0,0.0,nan,0,-0.010094912398903338,-0.012890172987951587,0.030653620096312117
11.114302961000249,0.17109562020125701,0.9062657082963876,1.4823087919898634,0.15208259888720416,-0.19589285361510111,-0.018352844270722618,0.04656437748709975,-0.07225576796111484,0.0023959428742400418,0.0,0.0,1.5,0.9224446997662591,10816.04726967865,10982.06473071699,10974.728194795509,10845.60119544388,0.0,0.0,0.0,0.0,0.0,0.0,nan,0,0.013028382101018338,-0.02663020708851649,-0.0040675551237885355
11.124712777999775,0.14699525967020954,0.9248983353284134,1.4700466831139996,0.14082351842157434,-0.20299240514004543,0.06279265683972465,0.051762522386800375,-0.07427940072891422,0.004950442457475566,0.0,0.0,1.5,0.9369854525291498,10816.04726967865,10982.06473071699,10974.728194795509,10845.60119544388,0.0,0.0,0.0,0.0,0.0,0.0,nan,0,-0.011071978430029134,-0.00799758005649076,-0.01632966399965241
11.135052675000225,0.16278204036621455,0.94511086027744,1.5072314871819308,0.1031134757181785,-0.21741116728551352,0.01061454169117467,0.05919868316977643,-0.0773117238745304,-0.001071798977401104,0.0,0.0,1.5,0.959054130530187,10801.312783297843,10974.375778988564,11017.115466336967,10876.3440176011,0.0,0.0,0.0,0.0,0.0,0.0,nan,0,0.003277399845662804,0.014016072603732943,0.020722018472419057
11.145509590999609,0.1641112527567793,0.9058301736852187,1.489077521627626,0.1018722465505476,-0.17732267580031205,0.04166640053671012,0.06328151585409912,-0.077682327710373,0.0014042295946173093,0.0,0.0,1.5,0.9206411393011872,10802.791546208251,10972.87583353287,11056.597266872544,10921.532024648723,0.0,0.0,0.0,0.0,0.0,0.0,nan,0,0.0032429792218204856,-0.023412662055298683,0.0024193579167595125
11.156309742999838,0.16737063300163185,0.8993216046910046,1.4798569229639376,0.1387643397171594,-0.2045050928870741,0.009163412122043087,0.06409644674816976,-0.07458169064475428,-0.00117322299015741,0.0,0.0,1.5,0.91498525726257,10724.892004095715,10912.564808910252,11050.384757808137,10895.752146786943,0.0,0.0,0.0,0.0,0.0,0.0,nan,0,0.00400190926959304,-0.026044665065965922,-0.007137448978149941
11.166614974999902,0.16919059157900318,0.9266083729246096,1.4659811973824752,0.1339310664089424,-0.1996498556446102,0.0682428185573812,0.07450482121592747,-0.07728822182759539,0.001503187995022817,0.0,0.0,1.5,0.9425422070042144,10724.892004095715,10912.564808910252,11050.384757808137,10895.752146786943,0.0,0.0,0.0,0.0,0.0,0.0,nan,0,0.005821867846964368,0.0012421031676390637,-0.02101317455961227
11.17710338500001,0.1666972514512867,0.9265426042036211,1.4778126341998843,0.09728412048112449,-0.18716703985641875,-0.025306663107541406,0.07551761581802612,-0.07899204164447403,-0.0014258607656065154,0.0,0.0,1.5,0.9416801209789818,10699.438774498803,10892.374485507162,11045.705707551055,10886.39258209306,0.0,0.0,0.0,0.0,0.0,0.0,nan,0,0.0021939806547804086,0.0032106034438554865,-0.009361959222024874
11.188087325000197,0.16475530985652767,0.9053045220167966,1.4581206842005614,0.1036501584955566,-0.21397412855330486,0.07897474749953645,0.07973237485606188,-0.07809695047410765,-0.00043898959677749215,0.0,0.0,1.5,0.9211267376435286,10710.056929498924,10873.473857171914,11060.024279942027,10927.247785874266,0.0,0.0,0.0,0.0,0.0,0.0,nan,0,-0.0017794784423992571,-0.013742568876335293,-0.029436672800151387
11.19831000799968,0.16520137194846435,0.9151020673363824,1.4734259637720173,0.09921164458985449,-0.22565305492603877,0.06564054709195291,0.08656682813779205,-0.08109174143277169,-0.005007663411870319,0.0,0.0,1.5,0.9302738663094982,10754.788363335298,10919.874936539898,11113.605190435048,10973.788801245231,0.0,0.0,0.0,0.0,0.0,0.0,nan,0,-0.0022277950827727933,-0.0016845826723265178,-0.014337712784241674
11.208853830999942,0.1568859000924387,0.9167480201251921,1.4922609856840543,0.09637082188795366,-0.22915623761050172,0.07047492384643377,0.09228266789339677,-0.0885898940375175,-0.004298647660119863,0.0,0.0,1.5,0.9301075262537427,10728.667190268985,10892.533736686582,11101.846387787704,10963.13412213777,0.0,0.0,0.0,0.0,0.0,0.0,nan,0,-0.01135508972587948,0.0023068710858203945,0.004278037550927261
11.21932675700009,0.18991863563227362,0.9024924957136271,1.4790237539720894,0.0746216573288398,-0.2650759429116852,0.027199320535741252,0.09266875527316513,-0.08556641512864947,0.0030201670490958266,0.0,0.0,1.5,0.9224975858381739,10708.73812307609,10866.69414492656,11094.005875337238,10952.940464801484,0.0,0.0,0.0,0.0,0.0,0.0,nan,0,0.02094901984319572,-0.00951394658410809,-0.009187787553522675
11.230846470999495,0.15913864058951685,0.9187950760316022,1.4907461591037043,0.06294928084755286,-0.2514118857414389,0.03672759457160953,0.1021379342005071,-0.08503828088499353,-0.010785721047894612,0.0,0.0,1.5,0.9325208481529681,10671.073581679535,10833.557327449127,11071.20929216741,10921.818610088654,0.0,0.0,0.0,0.0,0.0,0.0,nan,0,-0.01047595011014335,0.009316416781704473,0.002301497689904064
11.240159361000224,0.17967550200340843,0.9031465954080294,1.471677715316769,0.035100514173594256,-0.2276964271837282,0.049524850854018615,0.10392506591723696,-0.08269237753640317,-0.001089248869083839,0.0,0.0,1.5,0.9212812874616361,10671.073581679535,10833.557327449127,11071.20929216741,10921.818610088654,0.0,0.0,0.0,0.0,0.0,0.0,nan,0,0.0095002698435806,-0.003707132727386764,-0.017003509938208206
11.25098419799997,0.1612792009293702,0.9103344538710768,1.4947528729251454,0.05750576732485043,-0.2785967119772353,0.0097373537939671,0.10533971202613897,-0.08439438827658391,-0.005322122696157514,0.0,0.0,1.5,0.9245254625480618,10678.750856981898,10839.659166627482,11113.570921262002,10955.958944285825,0.0,0.0,0.0,0.0,0.0,0.0,nan,0,-0.009371519467628486,0.0062069864945176745,0.005830134575111723
11.261358023999492,0.17104588355865333,0.9100427385031014,1.5091508963420779,0.04682035224244691,-0.24970171643568326,0.05270792821554333,0.1143452339693426,-0.08683921248223997,-0.012079106651140075,0.0,0.0,1.5,0.9260227962034455,10687.5563629712,10850.989081025857,11124.807651945079,10964.882741909547,0.0,0.0,0.0,0.0,0.0,0.0,nan,0,5.4823681571725125e-06,0.008746801353239353,0.019981163391603385
11.271983587999785,0.17662177447610675,0.8940814503672039,1.4834788555372074,0.026306678531093787,-0.3223582899243416,0.08051302141615446,0.1177941591071387,-0.08781188562458117,-0.0011105736781299388,0.0,0.0,1.5,0.9115096485085454,10699.176853065717,10857.044521847349,11143.160934467734,10984.441611060745,0.0,0.0,0.0,0.0,0.0,0.0,nan,0,0.0052781728357468305,-0.0042737641424175354,-0.005945083731218714
11.282653512999786,0.17609425469179457,0.8825189733655333,1.4916057977459625,0.03344710266287568,-0.2931500042081911,0.10689573876853792,0.12104334500731866,-0.08691146931040436,-0.007690053542913543,0.0,0.0,1.5,0.8999552141729582,10672.280111891181,10825.342859947821,11112.383884574556,10950.422830960817,0.0,0.0,0.0,0.0,0.0,0.0,nan,0,0.0045341800147906675,-0.012783000213277163,0.0019225877622133236
11.292819176999728,0.1660767135909366,0.8933479444346228,1.5083799217576346,0.05521092626243472,-0.3386501972638008,0.06974304828214328,0.12221973430855866,-0.08904863706549901,-0.006121952555161016,0.0,0.0,1.5,0.9086926035306968,10672.280111891181,10825.342859947821,11112.383884574556,10950.422830960817,0.0,0.0,0.0,0.0,0.0,0.0,nan,0,-0.005483361086067312,-0.00195402914418763,0.018696711773885433
11.303717159999906,0.17614971043815916,0.8819519795941254,1.4848386190782954,0.016589725167647566,-0.2910254729429466,0.09983656206849734,0.12364599503809959,-0.0923755477211773,-0.006756337141086895,0.0,0.0,1.5,0.8994986838616814,10600.732325784677,10749.360049066454,11077.057120602522,10918.68899058831,0.0,0.0,0.0,0.0,0.0,0.0,nan,0,0.004416503582206688,-0.006894779475768886,-0.005359301756128643
11.313753159000044,0.18985346120474259,0.8710407095503288,1.5038410999667406,-0.015737978646413783,-0.3189076463222427,0.05369561461142676,0.12581557846493707,-0.0862732136295664,-0.007144295971499132,0.0,0.0,1.5,0.8914993036869493,10584.900720833633,10720.250369999962,11063.399306960478,10914.765885044637,0.0,0.0,0.0,0.0,0.0,0.0,nan,0,0.018163113711934464,-0.014399101132767655,0.013398138997663844
11.324340532999486,0.16041527300479402,0.9013605388497771,1.4976152518823989,-0.004249820749167243,-0.3487966990862502,0.031273242503220604,0.13239682075538703,-0.08521582667003952,-0.01052570027867144,0.0,0.0,1.5,0.9155269345204146,10577.144919391734,10716.692712316119,11050.315055391979,10896.17926395998,0.0,0.0,0.0,0.0,0.0,0.0,nan,0,-0.011146166627950177,0.019450527312748878,0.006939872092397437
11.334838689999742,0.15764974113680763,0.88422818514426,1.51549092856598,-0.032272436034147575,-0.37535820956629967,0.09876574101539545,0.13460207100424637,-0.08496722794196486,-0.0013025094615329769,0.0,0.0,1.5,0.8983055678063286,10577.144919391734,10716.692712316119,11050.315055391979,10896.17926395998,0.0,0.0,0.0,0.0,0.0,0.0,nan,0,-0.01391169849593657,0.002318173607231855,0.02481554877597847
11.345532153999557,0.16947680283800595,0.8647666639490278,1.4776761405659329,-0.011469130095708057,-0.4024196282329186,0.1061841370569085,0.13358413567981572,-0.08749896295723276,-0.0026552067458568513,0.0,0.0,1.5,0.8814999288019002,10616.209693292187,10753.34833649935,11092.967587110434,10934.35078151954,0.0,0.0,0.0,0.0,0.0,0.0,nan,0,-0.0015685052937908783,-0.009704510730450644,-0.013428119313921183
11.355949771999803,0.19010412281225467,0.8738890913046844,1.4816878916784695,-0.014137981110857123,-0.42224569274293755,0.06264970407365297,0.13449438115139634,-0.08845506077807831,-0.004990468873627264,0.0,0.0,1.5,0.8945149829503827,10564.186091180558,10711.47795976956,11059.49352145851,10895.432110501455,0.0,0.0,0.0,0.0,0.0,0.0,nan,0,0.019445994236026554,0.0033319467812751302,-0.009614540893854384
11.366379789000348,0.18845741140619993,0.8682185478877229,1.4964895573464179,-0.01996211239205728,-0.3939272768377104,0.07293216612785093,0.13913403645096914,-0.08671826039816481,-0.010971005959452884,0.0,0.0,1.5,0.8884435637775852,10564.186091180558,10711.47795976956,11059.49352145851,10895.432110501455,0.0,0.0,0.0,0.0,0.0,0.0,nan,0,0.017799282829971813,-0.002338596635686363,0.0051871247740939985
11.376962487999663,0.1579340442598595,0.8619994809896188,1.4902796098440012,-0.04801840182945191,-0.396976993010717,0.07290347606999482,0.1431548207042726,-0.08741873059671984,-0.012570440840481171,0.0,0.0,1.5,0.8764021642758718,10587.943936288077,10714.803534847046,11090.739417964633,10946.933207472197,0.0,0.0,0.0,0.0,0.0,0.0,nan,0,-0.011693557904408458,-0.0003313279472613173,-0.0013757689545754737
11.387374990000353,0.15665041431441168,0.8505969619934235,1.49368628666303,-0.07101312767083541,-0.4064462552242541,0.05301096114441999,0.14549885790588826,-0.087386120755652,-0.013136220508567527,0.0,0.0,1.5,0.8649245094419626,10597.421490039798,10711.163563207114,11084.634035643227,10945.980251660401,0.0,0.0,0.0,0.0,0.0,0.0,nan,0,-0.012334119751765238,-0.00741726980978763,0.0018716268343603737
11.397906665999471,0.18296005368445456,0.8598732003023011,1.481698543408533,-0.075189440119715,-0.42599799276882644,0.10092032629123202,0.14507622653000507,-0.0868083510789646,-0.01107697852104847,0.0,0.0,1.5,0.879312939263212,10597.421490039798,10711.163563207114,11084.634035643227,10945.980251660401,0.0,0.0,0.0,0.0,0.0,0.0,nan,0,0.013975519618277643,0.0018589684990899524,-0.010116116420136656
11.40948767699956,0.18162098755651915,0.8492699780810411,1.5105323526135963,-0.060443304331383285,-0.4661015867645547,0.09037363951406592,0.14555010229327123,-0.0871627073925533,-0.008138855168184219,0.0,0.0,1.5,0.8685370511626747,10610.768112832196,10745.698573700976,11115.062173784798,10946.975607806628,0.0,0.0,0.0,0.0,0.0,0.0,nan,0,0.014176361952313032,0.0003040106381311247,0.018428880948258453
11.429505746999894,0.16411333900849395,0.8456580168238519,1.506971780879413,-0.0784617064923485,-0.47018171253533253,0.05644937432277162,0.146630186999454,-0.08486426830482344,-0.012446922844793278,0.0,0.0,1.5,0.8614634497107799,10604.113991513186,10737.977681818964,11104.002579274085,10933.93576961289,0.0,0.0,0.0,0.0,0.0,0.0,nan,0,-0.002435402239672646,0.001426479466784536,0.0147368796288041
11.44038574499973,0.16737140279863025,0.8337841846749886,1.5009441247454482,-0.12174839419132383,-0.48675350036477105,0.09679733841248729,0.1461163666908776,-0.08103429382944802,-0.011407338487071648,0.0,0.0,1.5,0.8504176294388844,10562.292249187867,10679.342151032068,11057.030286738627,10901.492063152014,0.0,0.0,0.0,0.0,0.0,0.0,nan,0,0.002861693516326036,-0.000555232263481642,0.008486187353603958
11.451160581000295,0.1725403073204839,0.8384624582139164,1.456594907898283,-0.10902022625136902,-0.4967720706207391,0.11904547579699597,0.1518040108992587,-0.08258368555115632,-0.017405771935892125,0.0,0.0,1.5,0.857130943033052,10583.300150107696,10694.628168308323,11065.10596608199,10910.51009481273,0.0,0.0,0.0,0.0,0.0,0.0,nan,0,0.00917177502059055,0.009281376495812288,-0.03595020692480788
11.461014802000136,0.16261982960600593,0.8360884347045483,1.5060884350781216,-0.13495916973263422,-0.5644617775599704,0.0750956363105925,0.15022641882866505,-0.08277550652059383,-0.007206371610028427,0.0,0.0,1.5,0.851778227398123,10583.300150107696,10694.628168308323,11065.10596608199,10910.51009481273,0.0,0.0,0.0,0.0,0.0,0.0,nan,0,-0.0007487026938874097,0.006907352986444182,0.0135433202550308
11.471692389999589,0.16185968994491487,0.801115704438727,1.499733528940411,-0.12921849500202975,-0.5246521652808759,0.0718549870807851,0.1471953045326672,-0.0769896256468617,-0.012548232827529307,0.0,0.0,1.5,0.8173034945075468,10589.38682501271,10703.218819070564,11075.054832560456,10906.409684265192,0.0,0.0,0.0,0.0,0.0,0.0,nan,0,0.0010123134633422681,-0.01732232623969676,0.007062651231983352
11.482175209000161,0.1495134693294477,0.8008697656003826,1.5080322083776743,-0.13221131789308135,-0.5563559187702161,0.08207439391863786,0.15127059241334712,-0.07872126156907665,-0.009481363558227285,0.0,0.0,1.5,0.814746080282171,10577.776812251219,10700.507158784638,11081.376170748803,10910.191698930568,0.0,0.0,0.0,0.0,0.0,0.0,nan,0,-0.009955787179820874,-0.011983061169382303,0.015320592962332347
11.493108716000279,0.17942663265494857,0.7916689105546566,1.4910642621935313,-0.11871325625286078,-0.5579705568405178,0.1515020701317428,0.14675673747630885,-0.07801449782987854,-0.004019203478994724,0.0,0.0,1.5,0.8117964202032655,10577.776812251219,10700.507158784638,11081.376170748803,10910.191698930568,0.0,0.0,0.0,0.0,0.0,0.0,nan,0,0.019957376145679995,-0.02118391621510829,-0.0016473532218106435
11.513413325999863,0.15337058223488348,0.783405882294217,1.4584090668322094,-0.17997576121649508,-0.6120925527834928,0.06389527362031269,0.1471064804764366,-0.07440111498539735,-0.016793244352180724,0.0,0.0,1.5,0.7993604428729354,10572.777613419712,10691.081133846785,11068.920247464062,10906.064677630775,0.0,0.0,0.0,0.0,0.0,0.0,nan,0,-0.003112861445000975,-0.01784988379082786,-0.03434170602405118
11.524139694999576,0.15190787805926118,0.8171677737320727,1.5075782388962085,-0.18646781085787592,-0.6120950123977171,0.07885715468529508,0.14730118783907223,-0.07056485842347428,-0.016858633362261212,0.0,0.0,1.5,0.8312019029979824,10540.357143018506,10643.591668518067,11016.037179788264,10872.143100196621,0.0,0.0,0.0,0.0,0.0,0.0,nan,0,-0.0029707816787809538,0.021922108684603203,0.014834311332532435
11.534465453999474,0.1475986783293143,0.7882504204956083,1.4752641527478667,-0.16032134235175277,-0.5966423794321117,0.0939007082327945,0.14562418018158,-0.07326814607938176,-0.007329730570901558,0.0,0.0,1.5,0.8023315757187577,10586.08619598695,10682.78445726508,11053.361539180256,10911.924231220803,0.0,0.0,0.0,0.0,0.0,0.0,nan,0,-0.0038548580307881386,0.005441472484108201,-0.01739441024593158
11.545047450000311,0.15899924986305383,0.7798240791965195,1.4682837929737869,-0.20355606623023512,-0.6399916624527353,0.08659889378350341,0.14624803417549717,-0.07416947291047458,-0.013396213122587522,0.0,0.0,1.5,0.7965000149026007,10586.08619598695,10682.78445726508,11053.361539180256,10911.924231220803,0.0,0.0,0.0,0.0,0.0,0.0,nan,0,0.007545713502951384,-0.0029848688149806124,-0.024374770020011427
11.55563501100005,0.16703939186622668,0.7761355135368473,1.4939510358270394,-0.1883523709717709,-0.6277204674507557,0.12206204331995701,0.1423004701998099,-0.07082682528052503,-0.007696633780241324,0.0,0.0,1.5,0.7939301504387589,10614.507415088097,10712.150499726135,11047.856875035874,10907.154890163853,0.0,0.0,0.0,0.0,0.0,0.0,nan,0,0.019290948741587682,0.006315907842808888,0.0014427011699231773
11.565983499999675,0.15150784795827307,0.7671966378339917,1.4896441802597855,-0.18307512321597125,-0.6482099730214729,0.12739767785456615,0.14156980205495365,-0.06406924065361953,-0.009387696938702698,0.0,0.0,1.5,0.78208219011765,10637.236461526265,10738.446474485412,11073.272354607108,10925.181975777095,0.0,0.0,0.0,0.0,0.0,0.0,nan,0,0.005713576936901027,0.004076630253318836,-0.0027722482186667285
11.576490962999742,0.13984876134522956,0.7519319347533311,1.4999755259492351,-0.20029918241970662,-0.6582748862407478,0.09520526651860475,0.13948811852503168,-0.06558232182218113,-0.009816228045029922,0.0,0.0,1.5,0.7648263274434673,10613.9768421824,10706.706180475008,11028.777816414107,10892.015834843665,0.0,0.0,0.0,0.0,0.0,0.0,nan,0,-0.003925771812701623,-0.004353947123958313,0.0076617453354468346
11.586884505999478,0.15267684170570964,0.7452100752396869,1.4766266469492448,-0.2502207570038477,-0.6810294440345522,0.06985617220377005,0.1370484938708501,-0.060965332099103056,-0.01220432720978265,0.0,0.0,1.5,0.76104834791543,10613.9768421824,10706.706180475008,11028.777816414107,10892.015834843665,0.0,0.0,0.0,0.0,0.0,0.0,nan,0,0.00890230854777846,-0.011075806637602548,-0.01568713366454344
11.597303429000021,0.14222002650638949,0.7520454976101205,1.4985123584703415,-0.23519162158000526,-0.7018984253092864,0.07894851490829437,0.13282941320133437,-0.06396037017737367,-0.012170566096564497,0.0,0.0,1.5,0.7653764952573685,10595.341692926713,10679.07909633032,10983.612894911368,10862.229261420956,0.0,0.0,0.0,0.0,0.0,0.0,nan,0,0.0026735371825495624,0.009821692155224104,0.006452694241984025
11.607818714000132,0.12543322521568911,0.7364493362666763,1.479175523007556,-0.196583442033483,-0.693293534279825,0.11587786924909198,0.13449433522094448,-0.06190588727004149,-0.016384135212157692,0.0,0.0,1.5,0.7473451530033809,10631.64426366975,10720.497400284865,11018.283136169604,10891.429424093458,0.0,0.0,0.0,0.0,0.0,0.0,nan,0,-0.01190853947880463,0.0014495176602900006,-0.012733581613528333
11.618320441999458,0.1461948321030664,0.7272735829589413,1.5242817198171374,-0.20225425334918776,-0.7516802899911132,0.07323587444078264,0.13271742380630835,-0.058639517571281725,-0.009228212971766372,0.0,0.0,1.5,0.7422192366955048,10631.64426366975,10720.497400284865,11018.283136169604,10891.429424093458,0.0,0.0,0.0,0.0,0.0,0.0,nan,0,0.008853067408572668,-0.007726235647445012,0.032372615196053056
11.628835747999801,0.14254030514086813,0.7247255014618739,1.4570315936034592,-0.21860770218422926,-0.7298192166194015,0.06947525781594573,0.1307498786858312,-0.05505496951551056,-0.01449917672500587,0.0,0.0,1.5,0.7398588209970025,10632.939403523931,10723.385384242096,11013.258250807197,10885.02545031483,0.0,0.0,0.0,0.0,0.0,0.0,nan,0,0.009780651687581882,0.004549884279962613,-0.03454163140153943
11.63952673699987,0.14401566981533065,0.703728697685005,1.517701261479046,-0.19748049804748094,-0.7834739291265974,0.12016004480398643,0.12301840414823148,-0.05196354338669038,-0.010519324694053336,0.0,0.0,1.5,0.7185317861832844,10616.801939606583,10677.04971900181,10971.729442567457,10869.586274304227,0.0,0.0,0.0,0.0,0.0,0.0,nan,0,0.013629253222577159,-0.008852061205368522,0.026316383712724045
11.649818169000355,0.14100710069960515,0.7063331255997741,1.5020013244829606,-0.24520368556386174,-0.7821023213083014,0.07301541739834362,0.1248327711868643,-0.05434576367137255,-0.007562579398911615,0.0,0.0,1.5,0.7202732065452254,10680.496989150244,10724.920935666965,11011.278280018647,10919.558779793491,0.0,0.0,0.0,0.0,0.0,0.0,nan,0,0.013046129346759666,0.0014658721656165552,0.010815650879007599
11.660278295000353,0.14080637765452056,0.7104801289124028,1.4787414626416824,-0.19998332662908205,-0.7789109899973197,0.036704408686554016,0.12043085055749658,-0.051098451346468995,-0.007461705065350052,0.0,0.0,1.5,0.7246104988048316,10626.971429270048,10650.826707584665,10948.233113422853,10876.238805524836,0.0,0.0,0.0,0.0,0.0,0.0,nan,0,0.01532092981832145,0.013442121128269813,-0.012233455901775603
11.671012034000341,0.12306054234322847,0.694737586522346,1.4848921132011303,-0.24546135668636873,-0.8033480442315165,0.12765951230554223,0.11813494639161533,-0.04341490034386491,-0.013759626799931009,0.0,0.0,1.5,0.7057141485419086,10626.971429270048,10650.826707584665,10948.233113422853,10876.238805524836,0.0,0.0,0.0,0.0,0.0,0.0,nan,0,-0.0024249054929706415,-0.002300421261786978,-0.006082805342327635
11.681566962000034,0.13197781458276076,0.6724258917239291,1.5184571090397772,-0.22733690618317529,-0.7855465312333357,0.08716083481517096,0.112104617645646,-0.045057809643543584,-0.009392444261671498,0.0,0.0,1.5,0.6855037478211691,10632.087280950987,10661.79280302084,10953.498463482287,10883.828576929127,0.0,0.0,0.0,0.0,0.0,0.0,nan,0,0.009015642872536492,-0.016670565601746956,0.02770838587313529
11.692215359000329,0.1133307574671148,0.6666064895518815,1.4631180181608074,-0.287003530345087,-0.7889405098670826,0.06811413327227735,0.10921429935105692,-0.04267534531295179,-0.011109106080155983,0.0,0.0,1.5,0.6771767517311409,10666.498576196755,10678.96927934623,10952.538501325984,10898.319524920606,0.0,0.0,0.0,0.0,0.0,0.0,nan,0,-0.00444927316635671,-0.006280230764542316,-0.02715103621152104
11.702387512000314,0.0990995860688919,0.6746504187756749,1.4944747889565038,-0.25431036947671376,-0.8246974503390867,0.041627896396994615,0.10756314940013138,-0.04153378098953855,-0.010845746503015072,0.0,0.0,1.5,0.6819123429520061,10646.07701483662,10650.496657634889,10910.830397935926,10866.941785806455,0.0,0.0,0.0,0.0,0.0,0.0,nan,0,-0.01602609452159731,0.010024870759286708,0.004462965656481632
11.712911050999537,0.11266333911469859,0.6532650891342024,1.4591360951632566,-0.2584009241736567,-0.813509515551707,0.09942678481486948,0.10133062471320019,-0.03832617745300014,-0.003520303422075299,0.0,0.0,1.5,0.6641672706333077,10689.655595616834,10711.682929633083,10949.960954374603,10891.486706604184,0.0,0.0,0.0,0.0,0.0,0.0,nan,0,0.0002312705578998847,-0.002999697553191738,-0.030606879633443107
11.72357781699975,0.11677194892215226,0.6473729754362624,1.500842689013192,-0.2727451506578158,-0.8588792241713341,0.05548789252360269,0.09975485230909135,-0.03906947139519121,-0.0045624294985996,0.0,0.0,1.5,0.6578207715670358,10713.474772189791,10738.718268601491,10964.48407775067,10904.70712915337,0.0,0.0,0.0,0.0,0.0,0.0,nan,0,0.007070785524069589,-0.0004344425739226665,0.011374260889644106
11.734018277999894,0.10396370865953199,0.6429763610920278,1.5066889992210373,-0.28019858989624563,-0.8543675221545286,0.03508656796214428,0.09285766366608217,-0.03298744021747623,-0.002423140040037291,0.0,0.0,1.5,0.6513614943731083,10724.145915811065,10748.700186327973,10956.950961537843,10907.003805330763,0.0,0.0,0.0,0.0,0.0,0.0,nan,0,-0.002971398012068735,0.0037194470169371607,0.017498311365313768
11.744446128000163,0.1232273854930259,0.6304806267876356,1.4933794737021082,-0.29054217039942376,-0.9017607891093709,0.08027632314478816,0.09488870520646,-0.031197471628173615,-0.002744235922719537,0.0,0.0,1.5,0.6424442704689939,10717.208731725328,10743.979409844162,10950.224992485217,10904.712898244352,0.0,0.0,0.0,0.0,0.0,0.0,nan,0,0.01909123874739449,-0.00013645142012186362,0.004469430066226465
11.755848447000062,0.11078778139793981,0.6296670985201309,1.5123165609725568,-0.3017913988160317,-0.8505731276202562,0.06344962570945772,0.08784041718414194,-0.029139641963025542,-0.0034319949826666857,0.0,0.0,1.5,0.6394578055978586,10717.208731725328,10743.979409844162,10950.224992485217,10904.712898244352,0.0,0.0,0.0,0.0,0.0,0.0,nan,0,0.00948122947175295,0.007775279275230029,0.02368983754468834
11.765472571999453,0.09485502343026113,0.6069197815201254,1.5007576092140862,-0.27633577688652683,-0.8829722977819013,0.12852816374370005,0.08183630976585549,-0.02639478090596007,-0.001311196525014082,0.0,0.0,1.5,0.6142879378940411,10701.578071212909,10729.697227298797,10931.180423254122,10897.596359747293,0.0,0.0,0.0,0.0,0.0,0.0,nan,0,-0.0035936163132883475,-0.006165457155269061,0.012417792662033023
11.776127254999665,0.10855569143770932,0.5979539124401178,1.4923468511573657,-0.2914434593502241,-0.879278850536489,0.02903014599633337,0.07849182364722505,-0.025361398563192923,-0.01251697545560176,0.0,0.0,1.5,0.6077761020582914,10689.096328193898,10721.469634338302,10899.718472462393,10866.824402533872,0.0,0.0,0.0,0.0,0.0,0.0,nan,0,0.012990895720678436,-0.006247784979534821,0.004300501466280249
11.786504364999928,0.0753400692158028,0.5851594608919056,1.4587631117396942,-0.2766315405901414,-0.8558648498750672,0.01661375362640886,0.07289567954424025,-0.0260930819448529,-0.008064911829548207,0.0,0.0,1.5,0.591428948948342,10636.318536732591,10667.296184487206,10843.556904517623,10817.826157688112,0.0,0.0,0.0,0.0,0.0,0.0,nan,0,-0.017317420837959757,-0.010086427065762349,-0.028976843207566993
11.797394932000316,0.07978635984643931,0.5783077219828168,1.4556272731568363,-0.2818069950065344,-0.9101474503342911,0.031027921715132734,0.07107130867449422,-0.024685852811394984,-0.004140211817532138,0.0,0.0,1.5,0.5854695751360599,10689.706737155577,10710.7942190616,10873.86924975256,10847.171675089861,0.0,0.0,0.0,0.0,0.0,0.0,nan,0,-0.009942685012690161,-0.00791438483065654,-0.03179283251649423
11.807744300000195,0.07745974889276777,0.5920159842108238,1.4710497408979382,-0.2907044860516499,-0.9156661225807027,0.07266898058034892,0.06693346527398347,-0.01728310760021715,-0.01100493725704756,0.0,0.0,1.5,0.5977633777354694,10689.706737155577,10710.7942190616,10873.86924975256,10847.171675089861,0.0,0.0,0.0,0.0,0.0,0.0,nan,0,-0.012269295966361699,0.005793877397350489,-0.016370364775392332
11.818340646000252,0.09467003628887499,0.5679010036726414,1.5009195018555324,-0.27612395829622355,-0.9260334179788771,0.047003622352693446,0.05780928608941812,-0.014255775708723347,-0.006962780973032559,0.0,0.0,1.5,0.5757384920491183,10813.721814349174,10829.564621365962,10958.14569902482,10937.366888589318,0.0,0.0,0.0,0.0,0.0,0.0,nan,0,0.010852812059446187,-8.432264469560025e-05,0.014140263787887353
11.828826572000253,0.06791572941802376,0.5439453252033126,1.486693506515313,-0.29174076068330435,-0.91352365555676,-0.004681819657085994,0.05887963689160837,-0.01794872333516878,-0.009143040105818534,0.0,0.0,1.5,0.5483303072799987,10803.158173284177,10816.03700123354,10937.906372047295,10916.56324431235,0.0,0.0,0.0,0.0,0.0,0.0,nan,0,-0.012922618459611457,-0.014835194881787528,0.00022339680164207287
11.839011989999563,0.07745113568828652,0.5389528848002724,1.484513310780332,-0.3002811140879622,-0.9597934265616046,-0.008188095653375388,0.05515199457178998,-0.010804760207862748,-0.0032526240929788485,0.0,0.0,1.5,0.5447097649179126,10803.158173284177,10816.03700123354,10937.906372047295,10916.56324431235,0.0,0.0,0.0,0.0,0.0,0.0,nan,0,-0.003387212189348704,-0.019827635284827783,-0.001956798933338888
11.849798624999494,0.08030889110439833,0.5525329247897034,1.4858865580971357,-0.3271592367184264,-0.9147823270131565,0.017251348075645972,0.04686141261667456,-0.010155595814394151,-0.005862092042319286,0.0,0.0,1.5,0.558517090346775,10821.500707505063,10820.432369787337,10931.408938887309,10923.492208421685,0.0,0.0,0.0,0.0,0.0,0.0,nan,0,0.005462224861570955,0.012311443498527086,1.9396471907295876e-05
11.860118763999708,0.08123034581118505,0.5297973713510359,1.4967268692689324,-0.288841620205932,-0.9349106969039646,0.04302146481226566,0.042703241305071186,-0.0044107893227406,-0.012714797779838923,0.0,0.0,1.5,0.5359984488371722,10846.22561206208,10842.545033178125,10954.191655591556,10955.745283345526,0.0,0.0,0.0,0.0,0.0,0.0,nan,0,0.009391788034373974,-0.0010789143460749884,0.011147144449610291
11.870539245000145,0.07920009952823719,0.5502959398896765,1.4851888151959995,-0.3149458381306957,-0.9211428727257583,-0.007826836973475198,0.03442672489627825,-0.0020086355041102435,-0.004696010852661746,0.0,0.0,1.5,0.5561633289058561,10846.22561206208,10842.545033178125,10954.191655591556,10955.745283345526,0.0,0.0,0.0,0.0,0.0,0.0,nan,0,0.007361541751426115,0.01941965419256564,-0.0003909096233225551
11.881200705999618,0.06169317816189278,0.5194313096859436,1.484317299411561,-0.2733523807291198,-0.9628128785001522,-0.03692078204188771,0.029429359195058267,-0.0038922256921693783,-0.010992200676675461,0.0,0.0,1.5,0.5233171894859907,10850.85574272578,10855.859942363086,10941.171654330821,10937.357834107424,0.0,0.0,0.0,0.0,0.0,0.0,nan,0,-0.007132239213201913,-0.0020621544131409486,-0.000988262450105859
11.891905347999455,0.07084673409209483,0.5067027818435741,1.4918084314332598,-0.2970176352383429,-0.9480419047939096,-0.012708082504935991,0.02768501539862285,0.001341605403287826,-0.0020901435248904554,0.0,0.0,1.5,0.5116972451119082,10864.718744784224,10852.178332790694,10903.143549535647,10914.749185657085,0.0,0.0,0.0,0.0,0.0,0.0,nan,0,0.008053114751775267,0.004068132057435059,0.0070218063289637644
11.902409158999944,0.03777781687331495,0.49091564360506934,1.5007919687204399,-0.2966823483527049,-0.9116040559960658,-0.006321072210150388,0.023973528185843106,0.0034846683737522017,-0.006066161213437589,0.0,0.0,1.5,0.4923677079158902,10908.072912695136,10882.453949723307,10929.887589764237,10948.771591352024,0.0,0.0,0.0,0.0,0.0,0.0,nan,0,-0.022001893181259925,-0.0022526176745951143,0.016245800169700564
11.912643208999725,0.04271306313983054,0.4627278400037333,1.4720110693700874,-0.25542986908225823,-0.9605464949134362,-0.053199877481540016,0.016904300895301344,0.006109726619333833,-0.01411325298819496,0.0,0.0,1.5,0.4655371520245337,10908.072912695136,10882.453949723307,10929.887589764237,10948.771591352024,0.0,0.0,0.0,0.0,0.0,0.0,nan,0,-0.017066646914744334,-0.030440421275931162,-0.012535099180651876
11.9232500170001,0.054078429002351665,0.47647425353662815,1.4965503799646924,-0.2774116540659878,-0.9842463461020685,-0.05266820713005944,0.009126733347020301,0.004312499029312228,-0.006185460784145989,0.0,0.0,1.5,0.4795457127793318,10903.726105090995,10875.058994014198,10898.843089767206,10927.415809611584,0.0,0.0,0.0,0.0,0.0,0.0,nan,0,0.00031073219435053673,0.002288526269685287,0.012434529410317197
11.933899865999592,0.044811264008498636,0.45933105650241074,1.4761424027842867,-0.2621600941912912,-0.936421274976541,-0.05301996228013796,0.00565293893105336,0.010161959915675478,-0.007750281324608907,0.0,0.0,1.5,0.4621279625759162,10903.726105090995,10875.058994014198,10898.843089767206,10927.415809611584,0.0,0.0,0.0,0.0,0.0,0.0,nan,0,-0.008956432799502492,-0.014854670764532119,-0.00797344777008857
11.944371044000036,0.04395461943220698,0.46681324846619543,1.457881315552789,-0.28554678369975894,-0.9564923962214557,-0.04647783188079874,0.0005343771398148097,0.009964932711058569,-0.012963316401284087,0.0,0.0,1.5,0.4707659727428861,10959.659684366174,10911.708400604071,10938.33430750513,10978.109433863743,0.0,0.0,0.0,0.0,0.0,0.0,nan,0,-0.006819674658038996,0.0021337950902134417,-0.026046314688131122
11.95497010300005,0.03451479849848452,0.451125223415552,1.4857953270571216,-0.25684459632147355,-0.9398855619715878,-0.0003921187313520296,-0.0016611904821704547,0.016766627233950993,-0.007633903972631608,0.0,0.0,1.5,0.45266655636410436,10969.251893088851,10917.347298447048,10941.717112649461,10988.641818764008,0.0,0.0,0.0,0.0,0.0,0.0,nan,0,-0.010309662409500646,0.0054636853166809,0.0021702017566789245
11.965306727000097,0.05179556860849305,0.4590532111224866,1.4846088242420434,-0.30660234342971543,-0.9444707316212994,-0.00906524809075321,-0.009473731407145866,0.01610364273121183,-0.0035161997765322537,0.0,0.0,1.5,0.4622223705756307,11041.317139427103,10975.523622085257,10970.190994411034,11026.714524475696,0.0,0.0,0.0,0.0,0.0,0.0,nan,0,0.009922873008821623,0.022893320666666328,0.0010906929388780906
11.97584095000002,0.03979283438833097,0.43016280184795347,1.4709079733478176,-0.29880052550776176,-0.9761908348080366,0.02701617319333011,-0.01360215334683548,0.0183437731318472,-0.008098637653053154,0.0,0.0,1.5,0.43297788832349177,11041.317139427103,10975.523622085257,10970.190994411034,11026.714524475696,0.0,0.0,0.0,0.0,0.0,0.0,nan,0,-0.0020798612113404544,-0.005997088607866796,-0.0126101579553477
11.986248641999737,0.03373625095614138,0.40406541710118976,1.484244459391744,-0.27294290846241387,-0.9057144966349098,0.0036827241590740635,-0.015544402121537324,0.02022702382682804,-0.007548000770502532,0.0,0.0,1.5,0.4057773194568575,11008.387030706825,10935.63904240863,10922.48620124956,10987.403378060302,0.0,0.0,0.0,0.0,0.0,0.0,nan,0,-0.00520310390696356,-0.022604368293098087,0.0008038660730096403
11.99652118799986,0.031148325186847396,0.40264498674201127,1.4857412950116502,-0.2863914436083281,-0.9369718145567317,-0.02810731870414849,-0.022465746154950846,0.02494581347794165,-0.007505484558101487,0.0,0.0,1.5,0.40409963397454945,10984.190820848129,10922.401404081831,10893.57504217528,10955.546210760454,0.0,0.0,0.0,0.0,0.0,0.0,nan,0,-0.0048782006002596676,-0.014551163160157754,0.0023547500621232675
12.007129257999622,0.027265757003030116,0.3927697974670317,1.4637823315254286,-0.2935912771216396,-0.9537032057881383,-0.016470985988518396,-0.025818752100762895,0.027800118309943136,-0.004713308699068906,0.0,0.0,1.5,0.3953773574915177,10944.451108217707,10891.241524307767,10868.55829874813,10925.045744621348,0.0,0.0,0.0,0.0,0.0,0.0,nan,0,-0.005870487279531097,-0.014974044283187882,-0.019568358696274935
12.018589989000247,0.037601611009679604,0.39323840780967356,1.485014189766157,-0.25761005302838985,-0.9343322908823597,-0.04858548963969036,-0.030600560138042774,0.025214355074680676,-0.00944352720616631,0.0,0.0,1.5,0.39531620386163674,10932.045042701533,10875.781473855704,10842.008273751178,10902.761511479906,0.0,0.0,0.0,0.0,0.0,0.0,nan,0,0.007331108005246105,-0.005079253213375823,0.0016859022312398775
12.028168249999908,0.013596217132821014,0.3751089880229575,1.4570614702685634,-0.2395082449386791,-0.9257426928949725,-0.02374090628577987,-0.039086539583426484,0.02566380533972715,-0.007066143869053565,0.0,0.0,1.5,0.3778032918747897,10951.792807891386,10897.772833207124,10854.653273991102,10919.80177399077,0.0,0.0,0.0,0.0,0.0,0.0,nan,0,-0.011024555702819986,-0.0044540297187655176,-0.02625945634759108
12.03869400900021,0.03832337117128744,0.3864218536692548,1.491385386709595,-0.2712237226743818,-0.9109232754581833,-0.03622379807750029,-0.04200666045460971,0.03346849551338787,-0.01211669156329571,0.0,0.0,1.5,0.38841310654155126,10974.297130297147,10906.984532583763,10857.125735745105,10929.929333390148,0.0,0.0,0.0,0.0,0.0,0.0,nan,0,0.016482474665685237,0.016177545435000718,0.00804591835953472
12.049408978999963,0.0054700506919583,0.3696808686324165,1.507722316467122,-0.28875346286417936,-0.9429463344807869,-0.03144798405256994,-0.047861718469855874,0.03272286696839775,-0.005043852588608979,0.0,0.0,1.5,0.3698019743849524,10974.297130297147,10906.984532583763,10857.125735745105,10929.929333390148,0.0,0.0,0.0,0.0,0.0,0.0,nan,0,-0.013623666981024303,0.00870969526457771,0.02434675900759964
12.059855313000298,0.00896575800867816,0.3622848123008016,1.479826528246161,-0.27694769931483604,-0.9154461886254225,-0.06597582743155934,-0.049009333827453115,0.03511051975745707,-0.007603233475602417,0.0,0.0,1.5,0.36295680046404993,10994.649135046948,10911.130800384159,10837.082079667904,10919.163653526344,0.0,0.0,0.0,0.0,0.0,0.0,nan,0,-0.007415378465027867,0.010536462385098255,-0.003602136700118219
12.070262571999592,0.018714198138411194,0.34996636013284815,1.5362171406269742,-0.2801609881513159,-0.9067699683153282,-0.09123900622743178,-0.052245228598889824,0.03620403381627389,-0.011558590351160806,0.0,0.0,1.5,0.3523327343744718,10950.461367951542,10887.812924566537,10813.377978993907,10884.659294089673,0.0,0.0,0.0,0.0,0.0,0.0,nan,0,0.005009336610363024,0.007386038385972571,0.05272299908131228
12.080703442999948,0.014121596348322793,0.32266090058808194,1.4946513107820094,-0.27839147155732274,-0.8924796095929718,-0.05140695710494551,-0.059832926001499157,0.03938895659294109,-0.01385445931571153,0.0,0.0,1.5,0.32301406274044436,10981.059008657592,10922.075636146483,10837.321905922356,10904.752824515077,0.0,0.0,0.0,0.0,0.0,0.0,nan,0,0.0030548969315363373,-0.010810822710826118,0.011079805401662979
12.091183296999588,-0.0017299152012114662,0.3211322525685528,1.480270479418853,-0.25291323263362847,-0.9063389007836746,-0.025736168337405142,-0.06200843086107793,0.04121809737723634,-0.010899726923092325,0.0,0.0,1.5,0.3217423973130027,10981.059008657592,10922.075636146483,10837.321905922356,10904.752824515077,0.0,0.0,0.0,0.0,0.0,0.0,nan,0,-0.012796614617997921,-0.01233947073035524,-0.003301025961493398
12.101909981999597,0.02366497924236068,0.3111426696116076,1.486629364241913,-0.27896430186995175,-0.9130475822622006,-0.07170949945721791,-0.0711767151396124,0.03890906285781101,-0.011922120303886542,0.0,0.0,1.5,0.3123276580710629,10965.568839932424,10909.47544559944,10817.011792955258,10874.983642975665,0.0,0.0,0.0,0.0,0.0,0.0,nan,0,0.01775319684357637,-0.004308467988744735,0.002868102440498843
12.112578385000234,0.021512180468632694,0.2904051723500773,1.493607018275586,-0.24599415316947068,-0.8503179045152676,-0.10529020197249138,-0.07596306769540986,0.04342414403057481,-0.01128292622825437,0.0,0.0,1.5,0.2912710219907257,10965.568839932424,10909.47544559944,10817.011792955258,10874.983642975665,0.0,0.0,0.0,0.0,0.0,0.0,nan,0,0.018113832105222168,-0.016142810039661948,0.009736815454500336
12.123009312999784,0.008783292849029033,0.2811601940666493,1.4909460803004086,-0.27793038311193785,-0.8925649403115963,-0.08662368243336245,-0.07964077234121829,0.042683996217600786,-0.007583511499106472,0.0,0.0,1.5,0.281443021627459,10979.46734604608,10917.016232433067,10823.575688259562,10885.16880100583,0.0,0.0,0.0,0.0,0.0,0.0,nan,0,0.007853441078701662,-0.016562011326514692,0.006957448417591383
12.133232121999754,-0.01294454284950429,0.2749231983727143,1.4927465151948474,-0.2129617652668176,-0.8559779007402949,-0.09774585403585095,-0.08484776370256684,0.04870449881658476,-0.015516016262073067,0.0,0.0,1.5,0.2753233357979015,11023.74281653009,10949.495435737697,10835.396851777892,10909.656901763636,0.0,0.0,0.0,0.0,0.0,0.0,nan,0,-0.011452650373178209,-0.014055292490157467,0.00862620620062371
12.143874645999858,0.004911066223993006,0.2712387151832213,1.5117925451329515,-0.2195436073339468,-0.8413906160964697,-0.06399691467925515,-0.08659103625719779,0.0497236311737139,-0.00296861105301524,0.0,0.0,1.5,0.27153935866907725,11026.709653044983,10961.800988678977,10846.302482589756,10917.014808736898,0.0,0.0,0.0,0.0,0.0,0.0,nan,0,0.008776206727168001,-0.009082701756233602,0.027524474416419364
12.154529780000303,0.0032347247807796436,0.2636004509296675,1.4858242149991856,-0.20477349465879247,-0.8525445862854294,-0.04942851147974487,-0.09149383566583853,0.04910560410571841,-0.012568173383778811,0.0,0.0,1.5,0.26400116298062165,11052.277438058887,10970.459865420999,10846.789256720143,10926.292558182666,0.0,0.0,0.0,0.0,0.0,0.0,nan,0,0.009422977178496507,-0.008154942106098073,0.001390964813833051
12.165061013000013,-0.0015613822243002269,0.2457840118555116,1.4982565817358864,-0.2570761570082491,-0.8253928830647524,-0.09993214368463395,-0.09484031126434524,0.04978699851284044,-0.0048039658433263015,0.0,0.0,1.5,0.24579515435720917,11025.920205474444,10936.149478199832,10799.360864147888,10897.275945603684,0.0,0.0,0.0,0.0,0.0,0.0,nan,0,0.0068984524048842375,-0.01750038328258438,0.013643478538926557
12.175252820999958,-0.009396113048935352,0.25364442350826405,1.463658471113487,-0.24271247853792652,-0.8216593246617503,-0.08103258345469559,-0.09838286775145046,0.052070067479540516,-0.010026888895566865,0.0,0.0,1.5,0.2564068782990761,11025.920205474444,10936.149478199832,10799.360864147888,10897.275945603684,0.0,0.0,0.0,0.0,0.0,0.0,nan,0,-0.0009362784197508873,-0.009639971629831934,-0.020954632083472813
12.186070415999893,0.005758211698461706,0.23186612906460488,1.4871044490174683,-0.19004341199252364,-0.8458934788398587,-0.052390538045187084,-0.10115007081397283,0.0525608660444975,-0.0019633689663855385,0.0,0.0,1.5,0.23229583303303436,11032.318921048582,10945.969785700732,10796.065374958087,10893.94979863443,0.0,0.0,0.0,0.0,0.0,0.0,nan,0,0.01860148613864679,-0.014776513214426579,0.00210155637272047
12.196372690000317,-0.025933455976934538,0.2604169157521824,1.4954407624526347,-0.23620568435128184,-0.7874825571657739,-0.048954645085908834,-0.10918242736914466,0.0557392467135669,-0.005812913914348624,0.0,0.0,1.5,0.2617447244851368,11032.318921048582,10945.969785700732,10796.065374958087,10893.94979863443,0.0,0.0,0.0,0.0,0.0,0.0,nan,0,-0.013090181536749455,0.013774273473150939,0.010437869807886857
12.206612646999929,-0.02002042779576316,0.21739864168549383,1.4534163000135751,-0.2000788576041519,-0.7719411720248495,-0.10745699339179687,-0.10956619068741374,0.05951798252347112,-0.003893640045177441,0.0,0.0,1.5,0.22323312487229205,11063.214370284271,10981.061589142897,10820.408995142136,10913.460006444837,0.0,0.0,0.0,0.0,0.0,0.0,nan,0,-0.005068255021461651,-0.021081603503991464,-0.03179975487469644
12.217332667999472,-0.01215571574271316,0.2244058106647112,1.4810636176881378,-0.19462461426534583,-0.8083833263724524,-0.11009625092491922,-0.11526949151290551,0.05490578060050534,-0.010806185589954309,0.0,0.0,1.5,0.22553118600398675,11042.728768651064,10945.834717527114,10792.555674704723,10907.776128411268,0.0,0.0,0.0,0.0,0.0,0.0,nan,0,0.0048483218590129745,-0.0060230024953446815,-0.004378695624633444
12.227870365999479,-0.02043447799815486,0.21634410374330024,1.5151147502416915,-0.17112379500115854,-0.7517797123119845,-0.09548174094698912,-0.11789187005390313,0.05642224352794994,-0.011112710930608729,0.0,0.0,1.5,0.21783203343497862,11088.20589332548,10999.280296931252,10805.742726878772,10915.54531335642,0.0,0.0,0.0,0.0,0.0,0.0,nan,0,0.0004979578491072327,0.001671567960559034,0.02919379699826541
12.238545784999587,-0.008983157654808243,0.1980053250404724,1.4978460250025947,-0.17921707227515343,-0.7695462796541341,-0.07312569778242313,-0.1215194369353101,0.06279507875783037,-0.018340419175982454,0.0,0.0,1.5,0.19822069890433672,11107.045832177768,11010.878930188435,10824.71824999831,10932.876848143069,0.0,0.0,0.0,0.0,0.0,0.0,nan,0,0.01382293191265666,-0.008970732794102765,0.011663824572866632
12.248925590999534,-0.042092911384307194,0.19878943934302473,1.4609884856626392,-0.16327796257762775,-0.7392732439266159,-0.06854501881854906,-0.1230020807401326,0.059584745084621,-0.011096953067499603,0.0,0.0,1.5,0.20690807773988756,11086.597967264068,10982.531616260429,10789.424664154174,10901.32765180849,0.0,0.0,0.0,0.0,0.0,0.0,nan,0,-0.01747502968586147,-0.000616013694818035,-0.025469896128668568
12.25944170799994,-0.024162482418239494,0.19920274748564046,1.496585927119905,-0.13721274978127826,-0.7817929425319431,-0.14223378063180914,-0.12860951871852425,0.060842351666602706,-0.01177056698867914,0.0,0.0,1.5,0.20069184352152972,11070.081987227984,10952.557172501029,10767.869259108404,10881.028483192295,0.0,0.0,0.0,0.0,0.0,0.0,nan,0,0.0022046089580654293,0.0072392440679401315,0.009841524600225915
12.270214985000166,-0.043664844014234774,0.17683729109696888,1.4849797769663202,-0.16293473041164172,-0.7534811597539502,-0.06985899967891966,-0.1330690931648186,0.06444920554453336,-0.01124584333131309,0.0,0.0,1.5,0.18276666333137193,11088.888540487273,10975.515952661519,10780.845228032233,10891.283859138717,0.0,0.0,0.0,0.0,0.0,0.0,nan,0,-0.015612040931958494,-0.007816108020678614,-0.002059617146849435
12.280533827999534,-0.023042153123261612,0.17530114863271518,1.4995112054573743,-0.18985884482226514,-0.6885482315058451,-0.06462474198971123,-0.13746417824591597,0.06496915367236544,-0.009904976525983045,0.0,0.0,1.5,0.17680970689588857,11116.450833101118,10990.984684389126,10806.917059368921,10928.036946708728,0.0,0.0,0.0,0.0,0.0,0.0,nan,0,0.00663173850305411,-0.002177636359706442,0.012164417205023703
12.290737016000094,-0.013862566806490072,0.16925466130585454,1.4728131505811843,-0.14374616750796712,-0.7207825508490929,-0.12507666383415983,-0.1394630181199048,0.06429587758808009,-0.006706276081246685,0.0,0.0,1.5,0.1719838245694789,11116.450833101118,10990.984684389126,10806.917059368921,10928.036946708728,0.0,0.0,0.0,0.0,0.0,0.0,nan,0,0.01581132481982565,-0.00822412368656708,-0.014533637671166222
12.301323513999705,-0.048286640154641916,0.17396009041850422,1.494503081829015,-0.12852658876910486,-0.6867433360640711,-0.031997185381283676,-0.14418219677975905,0.06236889317376493,-0.01214447545544068,0.0,0.0,1.5,0.1806209533393525,11060.365666800486,10953.253507531766,10754.359099941248,10860.950212163105,0.0,0.0,0.0,0.0,0.0,0.0,nan,0,-0.015567363313990987,0.01041259627131258,0.006509949355918421
12.311982985999748,-0.03861193814508935,0.1483367710082257,1.4931824634066937,-0.1132402480220336,-0.6543151856703546,-0.08948950882036133,-0.1434431521895691,0.06539024422841543,-0.015456175578298573,0.0,0.0,1.5,0.1534312817050945,11060.365666800486,10953.253507531766,10754.359099941248,10860.950212163105,0.0,0.0,0.0,0.0,0.0,0.0,nan,0,-0.005892661304438419,-0.015210723138965931,0.0051893309335970805
12.322656973999983,-0.032326856210955664,0.13692229326446076,1.4775841455819219,-0.14113145774850486,-0.6475484967334695,-0.07930892068922438,-0.14844431701285643,0.0657181852066266,-0.009969461133379223,0.0,0.0,1.5,0.14246125983780739,11057.090421765908,10944.347738460358,10731.919068732175,10844.12448582425,0.0,0.0,0.0,0.0,0.0,0.0,nan,0,0.0031715365121062628,-0.013268472867484032,-0.011083088859365375
12.332729236999512,-0.060475655134457795,0.16733678969478646,1.4984078195189838,-0.10659020929525888,-0.6673649087538671,-0.06453955536102034,-0.14516419949272263,0.06844302525103713,-0.009118677495153068,0.0,0.0,1.5,0.17793662098619045,11057.090421765908,10944.347738460358,10731.919068732175,10844.12448582425,0.0,0.0,0.0,0.0,0.0,0.0,nan,0,-0.023688666848298727,0.0236031142714504,0.009399818079628863
12.343550137999955,-0.022520232923347844,0.13637000593989718,1.489406939546538,-0.1739030387781692,-0.6465046214259085,-0.062337466051927935,-0.15305808125630188,0.06760001180272385,-0.005006355598967715,0.0,0.0,1.5,0.13862233709161065,11077.9653032943,10962.45991237164,10739.682126122207,10851.21361421971,0.0,0.0,0.0,0.0,0.0,0.0,nan,0,0.015487390659181845,-0.0010573577833939418,5.644315200559191e-05
12.353924584999731,-0.036676014148936696,0.12401181152167756,1.5188652448041293,-0.10710355987379491,-0.6341713528223843,-0.07887230232845274,-0.15523441988171632,0.06630392951193732,-0.015610838468758409,0.0,0.0,1.5,0.1306903090219807,11077.9653032943,10962.45991237164,10739.682126122207,10851.21361421971,0.0,0.0,0.0,0.0,0.0,0.0,nan,0,0.0024839639694673385,-0.0072621146171236994,0.02917232833693184
12.364270893999674,-0.02531160719329309,0.12573160933484706,1.4708982694125041,-0.11508035288203068,-0.5749911387864258,-0.08945008737122426,-0.1548503211141274,0.06465182397561892,-0.01829643611483305,0.0,0.0,1.5,0.1315143557480527,11028.563621578816,10935.373481221646,10712.165195600077,10813.215640602966,0.0,0.0,0.0,0.0,0.0,0.0,nan,0,0.014932308870588204,0.00045654981713713627,-0.01913345995675897
12.374942123999972,-0.03385929043877959,0.12445233079065035,1.4934755633758916,-0.09263576859415165,-0.5950913397343766,-0.06041422669281251,-0.15904922178364153,0.06925951178943252,-0.014849606550304493,0.0,0.0,1.5,0.12914101773451026,11028.563621578816,10935.373481221646,10712.165195600077,10813.215640602966,0.0,0.0,0.0,0.0,0.0,0.0,nan,0,0.0063846256251017044,-0.000822728727059574,0.00344383400662851
12.385565509000116,-0.04440429603369121,0.09936761445237531,1.5156553492980285,-0.08158230978579481,-0.5400309446871053,-0.07674203530584311,-0.16321942011373722,0.06847380428186917,-0.017997640824832527,0.0,0.0,1.5,0.10995796592265097,11054.07909822772,10945.910886869302,10724.482764639382,10818.371100891183,0.0,0.0,0.0,0.0,0.0,0.0,nan,0,-0.002198314248914819,-0.01438025429174511,0.024966355774381332
12.395773000999725,-0.0499645490526072,0.1217640064059016,1.5007348757030199,-0.14216945733133424,-0.5246458573102208,-0.1265436497752344,-0.159579741136456,0.06638091425484667,-0.018863829926633196,0.0,0.0,1.5,0.13161865164309247,11042.513942154572,10925.783248682355,10703.494136017052,10803.43721465317,0.0,0.0,0.0,0.0,0.0,0.0,nan,0,-0.006881073728116749,0.013540238991009576,0.00972511499739137
12.406515351000053,-0.04718799066571545,0.11287152853055855,1.4880076743736967,-0.06874634639811285,-0.5064117736528784,-0.07814744571023888,-0.16497451861672305,0.06743405047477946,-0.015888400925977687,0.0,0.0,1.5,0.12292479119290638,11031.398486187183,10910.742028208608,10677.358559369884,10779.513391108872,0.0,0.0,0.0,0.0,0.0,0.0,nan,0,-0.0032960470676533724,0.010010347330612498,-0.0033144999196657032
12.416958116999922,-0.04616260399971467,0.10049524610894994,1.4780735155766014,-0.05497513312545564,-0.5074617413453641,-0.0729374157297218,-0.1677893066394032,0.06939380871041761,-0.01533358464717317,0.0,0.0,1.5,0.11274329788374311,11061.333415611829,10962.914668401787,10719.550301612686,10793.204078412728,0.0,0.0,0.0,0.0,0.0,0.0,nan,0,-0.0015313987206445959,0.002833314412727078,-0.013554038247391542
12.427447295999627,-0.051106029607601036,0.08673251931524928,1.4661466495840685,-0.0701125867980744,-0.5140023039861643,-0.02441318856082196,-0.16790718492872034,0.06942061589196712,-0.01793056159644433,0.0,0.0,1.5,0.1062092533793875,11074.57028110913,10967.498333204432,10711.087381813599,10793.517142171917,0.0,0.0,0.0,0.0,0.0,0.0,nan,0,-0.005805010635198941,-0.005895455400243402,-0.025782199907513625
12.437949842999842,-0.05639450479809765,0.09286952625975559,1.4959053589984743,-0.04151667136553696,-0.4688167479399863,-0.09373534643478558,-0.16911023966838465,0.06662928327706527,-0.01638668416109307,0.0,0.0,1.5,0.10872835492209687,11088.990423568699,10971.150992463741,10710.0181978834,10804.589501792507,0.0,0.0,0.0,0.0,0.0,0.0,nan,0,-0.010493147290515203,0.005108782373280107,0.0036786474820329484
12.448226210999565,-0.05136351417194113,0.09925547944507215,1.48335996903861,-0.050628179077511104,-0.4571233018076533,-0.06726361976249157,-0.16886843739004245,0.06751936596604145,-0.008560835950650037,0.0,0.0,1.5,0.11299005008565294,11088.990423568699,10971.150992463741,10710.0181978834,10804.589501792507,0.0,0.0,0.0,0.0,0.0,0.0,nan,0,-0.004931135341336053,0.0161942636480856,-0.009160005136114702
12.4590300079999,-0.04473051495011071,0.08133225272529547,1.4990697191595657,-0.061325919108228585,-0.48241213385714543,-0.01901916435894613,-0.17013560872797703,0.07356840064494762,-0.022358813101912112,0.0,0.0,1.5,0.09282574924833889,11067.973676835809,10949.427027420028,10698.119120858248,10792.111508980306,0.0,0.0,0.0,0.0,0.0,0.0,nan,0,0.0017018638804943628,-0.0017289630716910837,0.006549744984841066
12.46966429799977,-0.03469493078294124,0.07687457014230416,1.5243816376887735,-0.03833102749378901,-0.47481091681564835,-0.023286972284445307,-0.17298014138032825,0.06952673856275064,-0.011929978039918344,0.0,0.0,1.5,0.08779465822579269,11080.624214553658,10959.45320681433,10705.594560748681,10800.771770630212,0.0,0.0,0.0,0.0,0.0,0.0,nan,0,0.012199337622032999,-0.0016557236672968545,0.03157371146615073
12.480577387999801,-0.04940842667768593,0.05082589854987108,1.4811323097109967,-0.04718726385683597,-0.4345273590193727,-0.028092223491772077,-0.17021979846547208,0.06794948332255947,-0.005491211535816924,0.0,0.0,1.5,0.07335158026251241,11079.140044172815,10964.270601269704,10701.791294076078,10799.614181074196,0.0,0.0,0.0,0.0,0.0,0.0,nan,0,-0.0017967394660997893,-0.019151243503365382,-0.01223282611436316
12.490951113999472,-0.040912721468683966,0.05524896261852476,1.4986213542489235,-0.03664944960884853,-0.37925142336645645,-0.041903805495347356,-0.17231724153815442,0.06819272945217618,-0.015263490699104711,0.0,0.0,1.5,0.06876190306051906,11024.384740924655,10903.548543076146,10662.520394045854,10758.43930175353,0.0,0.0,0.0,0.0,0.0,0.0,nan,0,0.0066989657429021715,-0.014728179434711705,0.005256218423563608
12.502134671999556,-0.04392234815464704,0.05143021217324183,1.498932371000016,-0.005010308296369639,-0.37679307562447995,-0.03717072070771957,-0.17284212412408317,0.0676469307973926,-0.022921487984100267,0.0,0.0,1.5,0.06764154953343621,10958.966968651306,10847.801269291054,10624.257163264645,10726.636156153321,0.0,0.0,0.0,0.0,0.0,0.0,nan,0,0.004136767936632375,-0.010668342750168043,0.0050801207779427315
12.51189073200021,-0.043442341218954905,0.06249353039146432,1.490372363010674,-0.007825605446512502,-0.34666577215586575,-0.026755890561035098,-0.17425212204232432,0.06446786266740534,-0.00820590818069878,0.0,0.0,1.5,0.07671616352093749,10964.139343116733,10852.169701670517,10620.619644778108,10718.691833099869,0.0,0.0,0.0,0.0,0.0,0.0,nan,0,0.004740736973431005,0.004081590728906022,-0.0036896224964340085
12.522074096999859,-0.05002786898644621,0.03879729440461441,1.4695887463320059,-0.006658011720963216,-0.3370430463653456,-0.06899107226350944,-0.17202957759376175,0.0669509241206169,-0.013620464538254289,0.0,0.0,1.5,0.07023433688803815,10964.139343116733,10852.169701670517,10620.619644778108,10718.691833099869,0.0,0.0,0.0,0.0,0.0,0.0,nan,0,-0.0018447907940603026,-0.01961464525794389,-0.024473239175102135
12.532683765000002,-0.05837307464641238,0.04427990661684218,1.4865101986998166,0.028533569328641057,-0.3504932050813794,-0.02270244442215891,-0.1733212575447075,0.06733582845087475,-0.01774212370713714,0.0,0.0,1.5,0.0744989980656809,10972.28954829384,10852.067709545005,10602.635285061497,10706.6461583038,0.0,0.0,0.0,0.0,0.0,0.0,nan,0,-0.010139075223838293,-0.007264927200650292,-0.007902757621600642
12.54345730499972,-0.03750270971328415,0.04487628368792002,1.5144105991820587,0.06566793274543631,-0.2967723594424835,-0.051115345254780516,-0.1749865718717952,0.06382220311231357,-0.009706713914394509,0.0,0.0,1.5,0.06023287675566795,10972.28954829384,10852.067709545005,10602.635285061497,10706.6461583038,0.0,0.0,0.0,0.0,0.0,0.0,nan,0,0.010731289709289937,-0.006668550129572452,0.01999764286064143
12.55369670500022,-0.058986100876362066,0.03855986210404876,1.4861355860436631,0.009215437023060892,-0.2964936941117006,0.010940624601165568,-0.1699882784329959,0.06436087562638361,-0.009688440619585808,0.0,0.0,1.5,0.07182231572730223,11018.315339539871,10901.277846716976,10656.056302991756,10757.593902130415,0.0,0.0,0.0,0.0,0.0,0.0,nan,0,-0.010824258982030502,-0.009805158744582071,-0.008422640942507442
12.56417401499948,-0.040594509816253836,0.047864460024982486,1.4977046819666382,0.07095408595999644,-0.2801342891755472,-0.027936064544775156,-0.173049002466968,0.06750202901630185,-0.009299203462928876,0.0,0.0,1.5,0.06280278055611353,11004.918653565046,10879.429874791196,10646.835204249432,10751.993333132577,0.0,0.0,0.0,0.0,0.0,0.0,nan,0,0.007430655477403882,0.0025095248482942117,0.0030166696232731827
12.574763329999769,-0.05161473100498936,0.03925650163387641,1.4920638920171967,0.010801651027529008,-0.2199879484951516,-0.08778238586922442,-0.17442116232895732,0.06275129016144369,-0.015921085939924404,0.0,0.0,1.5,0.06533096652555101,11003.149202938534,10860.659122142524,10617.715665293346,10744.566851819136,0.0,0.0,0.0,0.0,0.0,0.0,nan,0,-0.003789876217921345,-0.003257324626555355,-0.0027361299767767466
12.585017422999954,-0.04089485810720258,0.04213027782073195,1.512455705055195,0.011719135200609404,-0.23800005157944043,-0.034150732196943985,-0.16988831958321596,0.06328807002546559,-0.01695202088997762,0.0,0.0,1.5,0.060020782378125505,10966.764813659851,10841.360614477713,10602.237891416831,10714.804651394754,0.0,0.0,0.0,0.0,0.0,0.0,nan,0,0.00666707526992185,0.0022896632102112277,0.01756487828576936
12.59593843499988,-0.042865427582951435,0.0347059415733227,1.4990594768648733,0.02851120047832189,-0.27795126990982083,-0.0487318470404894,-0.1735854055958249,0.059434701239271706,-0.009473892887163864,0.0,0.0,1.5,0.05516186949449639,11015.758704662761,10895.357054967615,10642.394791221079,10745.61610577969,0.0,0.0,0.0,0.0,0.0,0.0,nan,0,0.003986527120903471,-0.0002888906032317423,0.004053271691474958
12.606011351000234,-0.0645290524255164,0.03590496026481049,1.5019732714321623,0.032908564374712186,-0.22330052657927443,-0.05653656310467003,-0.17228609162048017,0.06523870940204418,-0.005020719639421679,0.0,0.0,1.5,0.07387190655924383,11015.758704662761,10895.357054967615,10642.394791221079,10745.61610577969,0.0,0.0,0.0,0.0,0.0,0.0,nan,0,-0.017677097721661497,0.0009101280882560514,0.0069670662587639764
12.616892043999542,-0.0520216604336703,0.027147092790901575,1.484864082898602,0.04831704585295803,-0.19383618387274554,-0.03741252607991908,-0.16754027756748258,0.05768020395405069,-0.007877232239223325,0.0,0.0,1.5,0.060599618709809656,10973.905899122996,10877.800861559985,10651.026774174601,10729.433057810003,0.0,0.0,0.0,0.0,0.0,0.0,nan,0,-0.006119706245276718,-0.003666635901649142,-0.010185620025842113
12.627204698999776,-0.05229656193396386,0.015594687385427086,1.5202350355426106,0.08838194293618927,-0.18863500946121592,-0.013139942758443364,-0.1689990601866337,0.0587145318425217,-0.006680980585664351,0.0,0.0,1.5,0.05820293229874963,10974.157830851438,10892.25913821713,10663.717133545571,10736.914701352804,0.0,0.0,0.0,0.0,0.0,0.0,nan,0,-0.0069570066838311045,-0.0133752694730489,0.02518956257285132
12.63752776199999,-0.057168588461866246,0.04468817440373473,1.482154396674709,0.08266883532178365,-0.15718640184397561,-0.024849696300194467,-0.16475673427501394,0.057539724115537594,-0.006806478833936403,0.0,0.0,1.5,0.07472446718648768,10974.157830851438,10892.25913821713,10663.717133545571,10736.914701352804,0.0,0.0,0.0,0.0,0.0,0.0,nan,0,-0.011829033211733488,0.015718217545258744,-0.012891076295050263
12.648176265000075,-0.05947210967171855,0.02925917369039331,1.4861984263442622,0.05027960689559423,-0.15556446583059885,-0.03264128234222319,-0.16294162708306978,0.05644785140036112,-0.005201607298668229,0.0,0.0,1.5,0.06770165809804275,10939.8782907567,10859.835134674464,10637.286440712638,10715.677052709865,0.0,0.0,0.0,0.0,0.0,0.0,nan,0,-0.015426730407724784,0.00348869491849977,-0.008792015412028453
12.658450603000347,-0.04636384769985183,0.024386673615761963,1.4938962869588002,0.09061516649058154,-0.10550071236296318,0.013021022257780413,-0.16014592009044884,0.059056870336870265,-0.008634181038328928,0.0,0.0,1.5,0.05274060614428004,10939.8782907567,10859.835134674464,10637.286440712638,10715.677052709865,0.0,0.0,0.0,0.0,0.0,0.0,nan,0,-0.002318468435858062,-0.0013838051561315783,-0.001094154797490532
12.669040144999599,-0.0642522127423958,0.017318369134322283,1.4900720002892267,0.08748202619068465,-0.11795005388731804,-0.09412906584441959,-0.15908821184927638,0.05559808647012015,-0.0035274234853262905,0.0,0.0,1.5,0.0672817800747264,10957.25212750687,10877.297882433208,10648.19632706072,10727.917923851175,0.0,0.0,0.0,0.0,0.0,0.0,nan,0,-0.02093594836373354,-0.007092765670096712,-0.004863379287895597
12.679744397999457,-0.038296801659788854,0.024120839413255764,1.5047135129954345,0.0356720432404821,-0.07334712623129958,-0.06805812264540849,-0.15972279280121932,0.053496525912189286,-0.010739406799868768,0.0,0.0,1.5,0.04550469334175772,10940.477531057866,10864.837044393827,10638.689706126128,10713.160785530827,0.0,0.0,0.0,0.0,0.0,0.0,nan,0,0.003403190255392291,0.0019548722082920154,0.009937643633282311
12.690295147000143,-0.041308697474845765,0.02038803076441143,1.4713405165368973,0.08859698776863377,-0.08750751499601676,-0.047887255617528136,-0.1571384210067836,0.048870525744578196,-0.0020476677531800925,0.0,0.0,1.5,0.05425353700811377,10988.736940348566,10922.846016565827,10707.321452022756,10777.99739080567,0.0,0.0,0.0,0.0,0.0,0.0,nan,0,-0.0004933530463774385,-0.0008888871797090789,-0.023333512373530985
12.700829055000213,-0.038298983064632273,0.028992127073358617,1.4744047428302987,0.10305867505304497,-0.04241261773224462,0.004083911222630564,-0.1548656298087932,0.04791396781568802,-0.016603026354452915,0.0,0.0,1.5,0.05442860209123428,10994.048664055275,10943.748802497836,10727.027396175617,10775.800065402671,0.0,0.0,0.0,0.0,0.0,0.0,nan,0,0.0015821339462319395,0.008449968534405172,-0.02016045124308441
12.710960731999876,-0.05391321693459562,0.009737486197104482,1.4759055275517554,0.10626628026510267,-0.06814421780539337,-0.0126764122958809,-0.1512154036162696,0.04696564868888453,-0.009871660180738586,0.0,0.0,1.5,0.05984978863985057,10994.048664055275,10943.748802497836,10727.027396175617,10775.800065402671,0.0,0.0,0.0,0.0,0.0,0.0,nan,0,-0.015014674125517234,-0.010222659919496342,-0.01854757379409011
12.721709681999528,-0.03855239248636914,0.030050155267108556,1.4568000480409748,0.12446570893755306,-0.032715960455325245,-0.03788875139401485,-0.1457165486994953,0.044499544537879764,-0.011380805015871923,0.0,0.0,1.5,0.06523445904782582,11002.791245716924,10946.206058991595,10734.144707328893,10783.267338372798,0.0,0.0,0.0,0.0,0.0,0.0,nan,0,-0.0006833620363233261,0.010521392599680164,-0.037538509371901396
12.73211379300028,-0.0197310251731944,0.031140734551315843,1.477861181630443,0.1353068114858237,-0.03408041871653076,-0.04846265545394785,-0.14930510348913856,0.040181886733375825,-0.012255480290792336,0.0,0.0,1.5,0.043002162522145115,10990.801870248839,10936.301849571628,10744.446236927615,10789.42962748538,0.0,0.0,0.0,0.0,0.0,0.0,nan,0,0.01706309628332094,0.011895295078360128,-0.016358987019762683
12.742591383000217,-0.04249259611885859,0.028028266612065013,1.4942867299102471,0.09962144116254171,0.013195109850799176,0.0006572080513710903,-0.14681754971510105,0.043462191440862316,-0.007072232652270216,0.0,0.0,1.5,0.05122348981976823,10990.801870248839,10936.301849571628,10744.446236927615,10789.42962748538,0.0,0.0,0.0,0.0,0.0,0.0,nan,0,-0.005698474662343252,0.008782827139109297,6.656126004145335e-05
12.752983903999848,-0.03564957593752146,0.02626539384538383,1.477290287846549,0.08212879887826814,0.016633412555171888,0.02521953947045807,-0.14029926637610524,0.04173391120960789,-0.001641799811927164,0.0,0.0,1.5,0.049764386909423836,11023.626273030386,10965.981612882553,10781.041553172712,10828.938820431677,0.0,0.0,0.0,0.0,0.0,0.0,nan,0,2.557875214578842e-05,0.007157152782954663,-0.016811188335076332
12.763992993000102,-0.03631472613319035,0.01566606967866586,1.5288301278073004,0.12515052669253643,0.0078720956134136,0.025612609560140605,-0.14286146571641842,0.039775988350172445,-0.009703516760280115,0.0,0.0,1.5,0.048942428859739984,10996.546443249015,10939.04188339906,10755.025559613547,10799.429468086995,0.0,0.0,0.0,0.0,0.0,0.0,nan,0,-0.003004029998919626,-0.0035974295768001034,0.0349556287443793
12.774374630000239,-0.02849467396555643,0.022898938348358013,1.4982960290922849,0.14242031610057604,0.03338985226175952,0.002852942213653603,-0.14023109690987873,0.03618182315586156,-0.01498054779375123,0.0,0.0,1.5,0.03659523655804947,10956.621069451417,10920.394103587578,10734.233746648499,10767.156275117182,0.0,0.0,0.0,0.0,0.0,0.0,nan,0,0.003574003287612884,0.003349532395025917,0.00453760394110958
12.784530285999608,-0.04204812247866501,-0.02230707187567421,1.4933089081872437,0.11145773153593415,0.015322733910557274,-0.0201896605047305,-0.1322379701923856,0.03645611258330052,-0.009038274677567428,0.0,0.0,1.5,0.048066836481029655,10956.621069451417,10920.394103587578,10734.233746648499,10767.156275117182,0.0,0.0,0.0,0.0,0.0,0.0,nan,0,-0.009979445225495695,-0.04185647782900631,-0.00044951696393158436
12.795390610999675,-0.02831177144393347,0.013049028674226209,1.502442375854129,0.11328599037143071,0.0675924929005925,-0.02025727628159746,-0.13385083582349827,0.0380486576098788,-0.007768035436177614,0.0,0.0,1.5,0.03126977376712433,10884.570853134814,10835.577302252545,10667.258824899258,10703.761617097769,0.0,0.0,0.0,0.0,0.0,0.0,nan,0,0.00116270150289937,-0.007469485986792085,0.00895765105804136
12.806304904999706,-0.044945591294875784,0.02162520676027024,1.4931529500258989,0.13326993862243447,0.0793614480885656,-0.03155611040286841,-0.1288801448153222,0.034557983608584926,-0.008756988706572214,0.0,0.0,1.5,0.05034518683666086,10884.570853134814,10835.577302252545,10667.258824899258,10703.761617097769,0.0,0.0,0.0,0.0,0.0,0.0,nan,0,-0.015471118348042944,0.0011066920992519463,-0.000331774770188753
12.816229213999577,-0.03382125451393919,0.02575380529805382,1.4866762750886247,0.12596262207250822,0.08813160510431266,0.02218507780018634,-0.12484827720164596,0.030327263844571527,-0.009274038014561446,0.0,0.0,1.5,0.044549493709140194,10886.884342022993,10854.751771704541,10721.754794527604,10742.184466207102,0.0,0.0,0.0,0.0,0.0,0.0,nan,0,-0.007076897920607509,0.00375708793013748,-0.006473694024993204
12.826614294000137,-0.019512839067517523,0.011722494088080283,1.5055204241376234,0.12131572868737686,0.10172438643746991,0.04067644049875374,-0.11960854450027937,0.029356091347576434,-0.006512955185194547,0.0,0.0,1.5,0.023423126152996118,10886.884342022993,10854.751771704541,10721.754794527604,10742.184466207102,0.0,0.0,0.0,0.0,0.0,0.0,nan,0,0.007231517525814159,-0.010274223279836056,0.012370455024005578
12.837321945999975,-0.01648380394016835,0.018590950023555427,1.4837308046214497,0.14621561762258597,0.12276766137228132,0.019080871895872015,-0.11837827299450314,0.02964923720778151,-0.006564164807781827,0.0,0.0,1.5,0.02969892141781732,10886.7905072126,10866.975732566927,10735.062360368527,10743.35195506396,0.0,0.0,0.0,0.0,0.0,0.0,nan,0,0.007406918156488244,-0.005370886378706478,-0.009044363786853804
12.847839705999831,-0.0445645366475459,0.009029654740974169,1.5089803989284074,0.14757099536036897,0.14746362516006237,0.008506464465594705,-0.11652384830977369,0.026246501869596806,-0.01089725449658811,0.0,0.0,1.5,0.04634846444344192,10841.16299479477,10825.645416989555,10699.40101643338,10706.14524187351,0.0,0.0,0.0,0.0,0.0,0.0,nan,0,-0.022142734668881156,-0.016088956690624955,0.01641012557475685
12.858337237999876,-0.023308058249444857,0.03770931619099273,1.5030918727598175,0.1389015502577809,0.10081755836666537,0.017981406692531964,-0.11061849801629262,0.024278079867974273,-0.009176492140185273,0.0,0.0,1.5,0.04443892195041057,10841.16299479477,10825.645416989555,10699.40101643338,10706.14524187351,0.0,0.0,0.0,0.0,0.0,0.0,nan,0,-0.002380916760669375,0.01132267888122672,0.010742013799724281
12.868760618000124,-0.020354766497553807,0.028038387156568336,1.4814739613591261,0.13032368506509637,0.12891956292292142,-0.018685240623559293,-0.11191736849592548,0.024968571573872816,-0.008513047677903144,0.0,0.0,1.5,0.03928971597294522,10850.455261934221,10829.791757718278,10703.680019208254,10717.89932450351,0.0,0.0,0.0,0.0,0.0,0.0,nan,0,0.0005723749912216747,0.0016517498468023271,-0.010875897600967077
12.87930909500028,-0.018067715386557017,0.0327054410129232,1.4911887688007626,0.14722497139779606,0.17940046772762044,0.005699693416523434,-0.10557134125997857,0.02038661870343901,-0.0012241690305530646,0.0,0.0,1.5,0.038389139172243014,10840.164599928474,10822.105871350379,10698.217234259322,10704.553441273025,0.0,0.0,0.0,0.0,0.0,0.0,nan,0,0.001340681871463554,0.004942897095913671,-0.0009253571879135336
12.889729249000084,-0.0006413738696941472,0.008419432777871556,1.4881284584084045,0.12390296995043491,0.1621003990534527,0.024671341796037798,-0.10201527555462854,0.017033462257591128,-0.007466739024519509,0.0,0.0,1.5,0.01456817450824938,10821.947119567436,10806.517138885298,10698.38663273208,10700.582917790767,0.0,0.0,0.0,0.0,0.0,0.0,nan,0,0.015663967756559326,-0.02240463062516834,-0.0034678120212254804
12.90025323000009,-0.015191182379024724,0.026716132519924083,1.4827780387662224,0.14908821835090527,0.17950052664202548,-0.03445607095114627,-0.09981737696307345,0.015920680008003354,-0.0060086352863718785,0.0,0.0,1.5,0.03522952891584949,10853.262278691518,10845.25655044605,10745.762951887833,10742.541208685358,0.0,0.0,0.0,0.0,0.0,0.0,nan,0,0.0011141592472287496,-0.004107930883115812,-0.00881823166340756
12.910807655000099,-0.008017886174639152,0.025031552480522273,1.4935244018303016,0.16401227598950133,0.18365730976423755,0.007491651297558653,-0.09425357776471187,0.015394090943156163,-0.002108272684000431,0.0,0.0,1.5,0.027070251013797644,10840.687802268036,10845.953118411313,10750.180590977578,10741.155831735308,0.0,0.0,0.0,0.0,0.0,0.0,nan,0,0.005107647878217695,-0.009245507468009229,0.0024861814093601886
12.921472799000185,0.0010566187634573222,0.019914609572684865,1.4827515237666538,0.16577973136735918,0.19785731755114166,-0.024656051536787738,-0.0894305117436318,0.013014560855245006,-0.002118065800779379,0.0,0.0,1.5,0.026366987882882487,10876.899471395116,10886.05875386674,10796.290617063343,10785.518811111799,0.0,0.0,0.0,0.0,0.0,0.0,nan,0,0.012567548402432443,-0.01622716935534249,-0.007998097463574272
12.931882365000092,-0.015809313727429705,0.0632343565499532,1.5165050447584387,0.15257187776452763,0.17868578649775524,-0.07615140660879512,-0.08763891596394882,0.016063401508107984,-0.01370630364751308,0.0,0.0,1.5,0.06723789669001383,10864.784157199527,10871.806551021904,10788.594998681689,10785.407329953057,0.0,0.0,0.0,0.0,0.0,0.0,nan,0,-0.005927303086231293,0.025140272089764826,0.02604598931602431
12.942376375999629,-0.0038533140643343226,0.0264735697651602,1.4957235578736563,0.18250874602660527,0.1959013470935553,-0.022779402395355152,-0.08444178561399177,0.01044212217661442,-0.008043787606143417,0.0,0.0,1.5,0.027092173826571544,10886.941131772584,10891.48623708256,10818.587156127991,10822.895671547703,0.0,0.0,0.0,0.0,0.0,0.0,nan,0,0.004387099659815371,-0.013656803241208985,0.005554849675032392
12.952847943000052,0.001537815920482792,0.03847862559921672,1.5067727322744406,0.17433289831790785,0.22452772398000156,0.017524295633265158,-0.07853815893968863,0.009886452028662592,-0.0028927526579675274,0.0,0.0,1.5,0.03910037606304109,10907.944822007008,10908.54676327674,10849.346221077407,10843.933089297825,0.0,0.0,0.0,0.0,0.0,0.0,nan,0,0.008125560079959135,-0.0037685888542603324,0.016889322726824307
12.963333120999778,-0.0142058647742009,0.03866806182505359,1.4706666032444022,0.16693711608065465,0.2444739324650336,0.01590811934640927,-0.07684438789766382,0.008799380806855843,-0.0021884530333992143,0.0,0.0,1.5,0.050571471844414045,10904.084237677616,10899.522029452866,10852.374853320764,10854.553109187924,0.0,0.0,0.0,0.0,0.0,0.0,nan,0,-0.009280220225052746,-0.0057728538783701905,-0.01893884972737414
12.973893166999915,0.00811979390198891,0.053125371384336616,1.4799498915221385,0.15395104715944213,0.2247860408109453,0.020456427568103404,-0.07132815998318709,0.003965736573186106,-4.9795296675781584e-05,0.0,0.0,1.5,0.05736063970797816,10868.02476906152,10860.186981272713,10809.997408182217,10820.099308184286,0.0,0.0,0.0,0.0,0.0,0.0,nan,0,0.01137560346213208,0.0064180432844046995,-0.009381672712034383
12.98431033199995,-0.011639881873687375,0.05097498918498658,1.478983057906336,0.1432362633046451,0.24691509067133235,-0.025802709016749192,-0.06691000664683994,0.007841435333379634,-0.0036096222156094234,0.0,0.0,1.5,0.056352890142487955,10868.02476906152,10860.186981272713,10809.997408182217,10820.099308184286,0.0,0.0,0.0,0.0,0.0,0.0,nan,0,-0.008384072313544204,0.004267661085054664,-0.010348506327836793
12.99467468399962,-0.007315042035168033,0.057937580978042524,1.4854691310320367,0.16414519323398233,0.21684342506792306,-0.029380019187575625,-0.06308828280547928,0.004817732067398299,-0.006007527000896481,0.0,0.0,1.5,0.06017822930701458,10872.696424692202,10873.924639373012,10819.743706831412,10824.456386904305,0.0,0.0,0.0,0.0,0.0,0.0,nan,0,-0.007415417286903726,0.006495418897068048,-0.0033204974997809167
13.005356556000152,-0.002231552475213245,0.06229541365957549,1.5089622045149342,0.17027411511254176,0.3005209217749951,-0.04552492202737744,-0.06112781785558848,0.004230867812568676,0.002901797041125074,0.0,0.0,1.5,0.0629763407894962,10878.81708946403,10901.977260003476,10858.297984943847,10844.225978953482,0.0,0.0,0.0,0.0,0.0,0.0,nan,0,-0.004014978969637596,0.008392513519677909,0.020437748463667527
13.015976351000063,0.011661358107698753,0.062076240994698474,1.5186901105832833,0.15438845517303956,0.2730303437160569,-0.01365090441020579,-0.05599581357890592,-0.0012412495420762112,-0.005041004940730494,0.0,0.0,1.5,0.065869319129343,10887.215541978216,10911.814072612342,10885.006211544143,10868.875999944585,0.0,0.0,0.0,0.0,0.0,0.0,nan,0,0.00819375944056913,0.005655353357809742,0.03042167736960355
13.026311165999687,0.0173335267544599,0.06727598694988707,1.4805029817344704,0.17544932616394893,0.25641691259916294,-0.045349652444286744,-0.05042581460389967,-0.002535600666282741,-0.0033106356389448637,0.0,0.0,1.5,0.07215707374246373,10887.215541978216,10911.814072612342,10885.006211544143,10868.875999944585,0.0,0.0,0.0,0.0,0.0,0.0,nan,0,0.013865928087330276,0.010855099312998336,-0.007765451479209373
13.036990554999647,0.006290291088299389,0.05452570264856686,1.4814579774501686,0.17605906959487302,0.2561237213751086,0.033277359686165006,-0.0507845023101092,-0.003954830030793863,0.0012151259458470546,0.0,0.0,1.5,0.05793467538127685,10896.132078827051,10923.239512646533,10877.13519851222,10867.265464924982,0.0,0.0,0.0,0.0,0.0,0.0,nan,0,0.0011390377424938041,-0.004466539842770352,-0.006565580675374383
13.04749593499946,-0.01962504907989034,0.05963972508429209,1.4865715084687052,0.1726720356894562,0.30811130389606195,-0.01054293951349305,-0.043221791863702015,-0.0055739857066624925,-0.0065967802881284916,0.0,0.0,1.5,0.06420563639061683,10895.568030558847,10922.498367209071,10893.40730101178,10881.020407635011,0.0,0.0,0.0,0.0,0.0,0.0,nan,0,-0.028135569206180586,-0.004638977222072849,-0.0009897738244846188
13.058098044999497,0.008275688340056011,0.040578836760820566,1.4616528423918107,0.19646158146784595,0.23125259217945354,0.009033209128065243,-0.039722019851766134,-0.004557370786478693,-0.0004462902619245411,0.0,0.0,1.5,0.056441416592697,10859.48128596174,10889.728443626807,10866.87099285012,10859.158592157728,0.0,0.0,0.0,0.0,0.0,0.0,nan,0,-0.0019072295634675364,-0.026407007292656617,-0.025692717099205176
13.06903610900008,0.0124243999400163,0.06900106797829424,1.460586523143713,0.1650085012459078,0.26912433496260124,-0.03410365623418533,-0.03128666452446084,-0.009524747401778453,0.002386903269168326,0.0,0.0,1.5,0.08042969137026285,10859.48128596174,10889.728443626807,10866.87099285012,10859.158592157728,0.0,0.0,0.0,0.0,0.0,0.0,nan,0,0.0022414820364927528,0.002015223924817053,-0.026759036347302922
13.089511905999643,0.011461475214573417,0.08171050446459777,1.4901394159886796,0.16063670957086718,0.2862547377208973,-0.03066642066950368,-0.029305926567279077,-0.00840987377339666,0.0031570375707018683,0.0,0.0,1.5,0.083097551534312,10890.306829033741,10928.538874391732,10955.009333366937,10940.169162386916,0.0,0.0,0.0,0.0,0.0,0.0,nan,0,-0.003690704801071726,0.0063959541211606186,0.00337862745181039
13.099732935000247,0.006986447556880401,0.07160148116830468,1.4995139586294435,0.16375092298448196,0.27098785118793484,-0.04698702291989189,-0.023805252137315245,-0.014055586729271229,-0.001572342396450061,0.0,0.0,1.5,0.07194316361666356,10890.306829033741,10928.538874391732,10955.009333366937,10940.169162386916,0.0,0.0,0.0,0.0,0.0,0.0,nan,0,-0.008165732458764742,-0.0037130691751324635,0.012753170092574262
13.110448514999916,0.011038291138856023,0.08150811554526959,1.52678973211487,0.13779590631684324,0.30758940362924336,-0.05047494517998942,-0.015049289683322746,-0.014985606007589991,-0.0024816985886463565,0.0,0.0,1.5,0.08650495082822522,10901.89000846953,10952.373461096438,10981.184334021096,10959.707433481908,0.0,0.0,0.0,0.0,0.0,0.0,nan,0,-0.007370821674931395,0.0005072707700119888,0.04032291391584297
13.120996392000052,0.04230984089350535,0.08298068857097837,1.4819578016354178,0.1471582594557061,0.299445879029346,-0.059289905476054054,-0.011221948889137563,-0.018341418307878655,0.001451645580801404,0.0,0.0,1.5,0.09487590966085317,10891.525881631054,10944.299016104518,10987.527249130066,10957.11055348682,0.0,0.0,0.0,0.0,0.0,0.0,nan,0,0.02229369667698422,-0.0008916013126967354,-0.004396752061008646
13.131401861000086,0.02569833600827754,0.08434362690119732,1.4967139220312273,0.12525073092790226,0.27015927005936013,0.013373680282663595,-0.010807311710291942,-0.020253688888954857,-0.005000003854844142,0.0,0.0,1.5,0.08823293138539352,10861.997958668419,10927.024992871004,10967.901756110228,10922.135440617829,0.0,0.0,0.0,0.0,0.0,0.0,nan,0,0.004091400952095956,-0.0024136484055720248,0.010451548853359416
13.141886186999727,0.025249836946140563,0.08575656225377701,1.5102931028285136,0.19843580695717977,0.2741387240543668,-0.03100352654986564,-0.0028630281475198883,-0.022379697040073258,-0.008445848776314465,0.0,0.0,1.5,0.08998716686967631,10887.803431665294,10955.192579197763,10999.017650129883,10955.767030615156,0.0,0.0,0.0,0.0,0.0,0.0,nan,0,0.0020698227599489846,-0.0038953359827806344,0.02410220101436411
13.152405746999648,0.028614294346792107,0.09612345079693455,1.4747732955351174,0.1667032135265142,0.3069399514652859,-0.011211421059286294,-0.00030240443264952676,-0.015744875347437896,-0.003219681394402087,0.0,0.0,1.5,0.10341606380168453,10836.359557721946,10911.156869475051,10967.78935257399,10908.919237310538,0.0,0.0,0.0,0.0,0.0,0.0,nan,0,0.003880309124980181,0.003571168539053801,-0.01136531439009536
13.163083849999566,0.02771539883066892,0.09516830394197734,1.4898354478277893,0.14535060214636786,0.3337897362008939,-0.009404679198150578,-0.0009411590099681211,-0.019975955027092616,-0.00850431775461843,0.0,0.0,1.5,0.09964169573224463,10827.297616862732,10881.666075638406,10955.008370650869,10908.683158473554,0.0,0.0,0.0,0.0,0.0,0.0,nan,0,0.0014478411998780256,-0.0002862767324906812,0.0037349940892117406
13.173429401000249,0.019913245769036574,0.0969130979568927,1.4584370268564562,0.10963272262364594,0.2783536680834571,-0.0032244026678991703,0.0035185085998854708,-0.0256968527087211,-0.0054782902498561525,0.0,0.0,1.5,0.10731340386545977,10843.259563640646,10889.586589860011,10960.307876297098,10921.381003521625,0.0,0.0,0.0,0.0,0.0,0.0,nan,0,-0.007866140058130338,-0.00144193004913927,-0.02763924349956204
13.183728361000249,0.02240108805144717,0.11001490580766685,1.4847484162175435,0.14765274800414263,0.25709546866468724,-0.006678332346458588,0.010395191964563788,-0.025840227349763722,-0.002784518580541317,0.0,0.0,1.5,0.11330357034812182,10843.259563640646,10889.586589860011,10960.307876297098,10921.381003521625,0.0,0.0,0.0,0.0,0.0,0.0,nan,0,-0.006867059258966322,0.008764997169334543,-0.0013177621564979258
13.194483888999457,0.024661881920360788,0.10606360557955738,1.4752685204715974,0.16118717420869252,0.29978595069053476,0.02676814997071884,0.012121250587189174,-0.025977367187925277,-0.0035685957510992934,0.0,0.0,1.5,0.11166621211473743,10845.166901396018,10913.273380100425,10984.606817820428,10915.675155880132,0.0,0.0,0.0,0.0,0.0,0.0,nan,0,-0.006070640582981044,0.0019280690028304764,-0.010802711649979146
13.204853178000121,0.03645253528062258,0.10153379259079018,1.4746163877651377,0.14632809258083174,0.27821804631431657,-0.0009955282584889604,0.014275537239941113,-0.027221064400386404,-0.0019401124406380693,0.0,0.0,1.5,0.11082520532958413,10827.536005653345,10897.301964022936,10983.641641862214,10916.072091084397,0.0,0.0,0.0,0.0,0.0,0.0,nan,0,0.004281304217952628,-0.005474474341957358,-0.0114758214968389
13.215481164000266,0.05954099768064765,0.10095704017750289,1.499664824697529,0.13185338417044404,0.2759750332756823,0.006411652178370411,0.017332472186166528,-0.026855071885809545,0.0010670090891595205,0.0,0.0,1.5,0.1172073662731665,10811.267336155945,10874.138179229636,10957.501843909267,10898.39579375754,0.0,0.0,0.0,0.0,0.0,0.0,nan,0,0.025957874329433736,-0.008907509976204958,0.01353852720899229
13.226078001000133,0.04566411723908077,0.1131356544760597,1.4764205655887144,0.1367495858164114,0.29507976996816804,-0.0031601682163469556,0.020872197911537077,-0.031870647631524834,0.004961743904156657,0.0,0.0,1.5,0.12426132803131874,10811.775138388533,10875.53040303189,10965.948307795457,10909.000730812026,0.0,0.0,0.0,0.0,0.0,0.0,nan,0,0.010697062912163463,0.00043477510225438387,-0.009751511298787374
13.236230595000052,0.048357712361705364,0.1282974859238636,1.4846399190548845,0.11708822976450435,0.22950320869119986,0.00848953749333301,0.022153083850342377,-0.027409440488096598,-0.006339934738403539,0.0,0.0,1.5,0.13796610208990437,10811.775138388533,10875.53040303189,10965.948307795457,10909.000730812026,0.0,0.0,0.0,0.0,0.0,0.0,nan,0,0.012035777881837045,0.01278365783946965,-0.00158765047953624
13.247010787999898,0.022062521883182543,0.1201772900409486,1.4908113164267256,0.11969652024513332,0.2832511509520298,-0.01738340808338952,0.029140275904660035,-0.029975871543126295,-0.009485961274227746,0.0,0.0,1.5,0.12253068113432633,10786.228269329951,10846.696864945647,10939.556009206992,10891.631394147642,0.0,0.0,0.0,0.0,0.0,0.0,nan,0,-0.014259412596685776,0.004663461956554635,0.004583746892304896
13.257765170000312,0.02831775290929934,0.10645421106044431,1.4918416545933524,0.14418410426372913,0.23583329596324717,-0.00861842227725952,0.03417425714277282,-0.029342336188397683,-0.004592881659224842,0.0,0.0,1.5,0.11045792312961494,10781.39268393469,10846.059391507135,10948.794188291991,10898.574076556926,0.0,0.0,0.0,0.0,0.0,0.0,nan,0,-0.010622484299477715,-0.014601887083064036,0.0054777294254462205
13.268196619999799,0.020786348802088506,0.13739329101394432,1.4856698473002237,0.11084365163652274,0.26298870675576547,-0.021457925123661663,0.03536075376578651,-0.03550006824255454,-0.0008365727315850522,0.0,0.0,1.5,0.13969374355554864,10784.764879446227,10855.527671256094,10961.65328519759,10896.386124409326,0.0,0.0,0.0,0.0,0.0,0.0,nan,0,-0.019415191631520123,0.01361450018196779,-0.00077473714191445
13.278591497999514,0.03710677654922277,0.1258658324167345,1.4814740284324843,0.1332891834448042,0.25359592766629707,-0.0168740818291277,0.03572862274971387,-0.03537107482072104,-0.005026614778994483,0.0,0.0,1.5,0.13252294993076422,10784.764879446227,10855.527671256094,10961.65328519759,10896.386124409326,0.0,0.0,0.0,0.0,0.0,0.0,nan,0,-0.0030947638843858566,0.002087041584757962,-0.004970556009653793
13.289252790999853,0.03850990677858777,0.1296539549082455,1.508619786240057,0.11448959954513725,0.26538705962970244,0.0647898596853534,0.042206754067123355,-0.03746637599829523,-0.0003438289711427396,0.0,0.0,1.5,0.13552660867250074,10780.30503191732,10861.207988304799,10983.87564933908,10910.911015071022,0.0,0.0,0.0,0.0,0.0,0.0,nan,0,-0.004113461644141898,0.0005428081334624413,0.021988159085410075
13.299498049000249,0.02294508014705953,0.1262496016228697,1.4867119670478546,0.11700240722542658,0.2598221617574811,0.028864464459591004,0.04500241891888497,-0.03269137317485427,0.003794758823392364,0.0,0.0,1.5,0.12900391634607683,10780.30503191732,10861.207988304799,10983.87564933908,10910.911015071022,0.0,0.0,0.0,0.0,0.0,0.0,nan,0,-0.019678288275670135,-0.002861545151913364,8.033989320765933e-05
13.310504205000143,0.04809432348152233,0.15567435531023177,1.4735357895013999,0.14972753327312094,0.2555821351370611,-0.0014405816783709913,0.04608507993961687,-0.04006661851681911,-0.005195670844552515,0.0,0.0,1.5,0.165069449898265,10715.324286346058,10795.77024538734,10915.097973810261,10842.969211551443,0.0,0.0,0.0,0.0,0.0,0.0,nan,0,0.003189834175305918,0.021402255098730227,-0.013318247204927358
13.32058437500018,0.06309619386570675,0.1467081454049664,1.45850508239987,0.13009959555857736,0.20484786616688758,-0.004614248122615141,0.05511817143097942,-0.03707043596380639,-0.008088650790371979,0.0,0.0,1.5,0.1650037508517464,10703.018701331655,10787.562465408759,10905.978971755025,10837.721946192385,0.0,0.0,0.0,0.0,0.0,0.0,nan,0,0.017105596458927966,0.00992664737253382,-0.028459094042424304
13.33123641400016,0.03992303563476221,0.15403586432966304,1.4821559522639356,0.10431199819667493,0.24944729353050132,-0.024230543351260694,0.05341918568460636,-0.03899653620142466,-0.007826150942706453,0.0,0.0,1.5,0.16012278511719621,10741.125435427371,10810.970717077362,10924.726368243206,10868.449699114766,0.0,0.0,0.0,0.0,0.0,0.0,nan,0,-0.007116313680469076,0.014796129117735701,-0.0049167934170346594
13.341786744000274,0.05328128649626919,0.15167513222047999,1.4841079586234487,0.1024991697465404,0.21212992251861335,-0.022173299057501525,0.06069534755686562,-0.0416971889905826,-0.006046368618486892,0.0,0.0,1.5,0.16154503459998895,10773.144890571417,10826.154596682223,10969.97155025623,10921.005822471601,0.0,0.0,0.0,0.0,0.0,0.0,nan,0,0.00523152293877828,0.010031392763188235,-0.0030774446800474475
13.35207935499966,0.03941144844053042,0.13876055001304433,1.4800583866784431,0.08750090440692289,0.2281083510210228,-0.0013865981663152976,0.05845172852010123,-0.041040218271728914,-0.005298381355640045,0.0,0.0,1.5,0.14562081049757158,10792.04592631883,10850.413443115209,10987.638781361862,10929.518344338177,0.0,0.0,0.0,0.0,0.0,0.0,nan,0,-0.009609474642643737,-0.005229992604203149,-0.007248379703979291
13.362678843999674,0.045842691353671944,0.13738820494818288,1.4817519548719484,0.09916143909145722,0.22956659945381636,-0.03343330716121254,0.060144171202030805,-0.03681741533261993,-0.001256326508875402,0.0,0.0,1.5,0.14597966420165287,10793.038624975174,10855.023773127892,11005.621463138837,10942.403247227261,0.0,0.0,0.0,0.0,0.0,0.0,nan,0,-0.004109340126616949,-0.00888916931454159,-0.00568707140845115
13.373001447000206,0.05935081189048415,0.1644978220443201,1.4717849034615749,0.08670674664440335,0.2424960824596566,0.023719890649487114,0.06420003425295763,-0.042975036046745206,-0.0058166512390679,0.0,0.0,1.5,0.17713877046557902,10782.856392480086,10853.250820334893,11007.906970974658,10933.27349913339,0.0,0.0,0.0,0.0,0.0,0.0,nan,0,0.008508406380773152,0.015996162323200364,-0.015797446103570367
13.38384620099987,0.05810787026785408,0.13868491502433955,1.4727139263978901,0.10324832044567094,0.1941932311985059,-0.05013825895647951,0.06946039717885091,-0.03799257011227724,-0.005880211142978141,0.0,0.0,1.5,0.15282198812668876,10800.134019851796,10869.15192128297,11023.94374745087,10954.153123493856,0.0,0.0,0.0,0.0,0.0,0.0,nan,0,0.006416508339400967,-0.011975933957908275,-0.015023874092332745
13.394219564000196,0.07794747386371301,0.14876506057172964,1.4865424713230941,0.07642712249646197,0.23862478288906203,-0.04355953362897446,0.06815120281095775,-0.040817206057426544,-0.0027666275689661205,0.0,0.0,1.5,0.1684872606660051,10788.85970671875,10858.412975885905,11001.089756458123,10928.632767065812,0.0,0.0,0.0,0.0,0.0,0.0,nan,0,0.025449158757001794,-0.0039875094873854655,-0.001362574054216914
13.404456162000315,0.06871590231448474,0.14093663319676744,1.5004412902185114,0.06314449489038329,0.20814387883913904,-0.0016438349201241416,0.06973666318395598,-0.040488619489153124,-0.003414391757803618,0.0,0.0,1.5,0.1567966981310223,10788.85970671875,10858.412975885905,11001.089756458123,10928.632767065812,0.0,0.0,0.0,0.0,0.0,0.0,nan,0,0.015453275667927549,-0.013837749857527504,0.01235539465258495
13.415048345999821,0.04982638330431517,0.15461242300024716,1.4711205154923863,0.08693358732804418,0.19031789231679264,0.009085412112588776,0.0706615093374799,-0.042543252615972436,-0.0035465801773467685,0.0,0.0,1.5,0.16498998286144947,10838.449562004078,10895.63316542042,11043.988009601917,10987.380517656666,0.0,0.0,0.0,0.0,0.0,0.0,nan,0,-0.0041572160747823175,-0.0021113498330107006,-0.01716383915006392
13.425641025000004,0.0524056101449162,0.1547508082515856,1.4855509140185437,0.054785367345278835,0.1916508091867859,0.0032284823263549036,0.07514722112839846,-0.04294231075014113,-0.0014976913583431089,0.0,0.0,1.5,0.16402114715755245,10799.300437276002,10862.003556793637,11010.855670668174,10952.236327954546,0.0,0.0,0.0,0.0,0.0,0.0,nan,0,-0.0022552460004309147,-0.0038479788963878547,-0.00294682978808658
13.436036998999953,0.05235666484217014,0.17876766375828496,1.4955514450662553,0.04314619131749031,0.19622803928771543,-0.007816858151706888,0.07554767586833668,-0.04331203017583961,-0.0022709508202474723,0.0,0.0,1.5,0.18633005017975257,10790.8013960359,10854.744998247743,11008.01423513554,10948.832889886882,0.0,0.0,0.0,0.0,0.0,0.0,nan,0,-0.00293743854971229,0.018370013267069857,0.006829164162448276
13.446567295999557,0.054232383121761735,0.15248410166408918,1.4923583982020416,0.05157505595796745,0.1358883383810598,0.001025898593415529,0.08289836568667094,-0.04385620491836483,-0.0023985303903699007,0.0,0.0,1.5,0.16202143906720615,10790.8013960359,10854.744998247743,11008.01423513554,10948.832889886882,0.0,0.0,0.0,0.0,0.0,0.0,nan,0,-0.0010617202701206988,-0.007913548827125916,0.0036361172982346535
13.457004988000335,0.04509996089899043,0.16680602869410294,1.4847668705880055,0.06263940844199463,0.15574298327050334,-0.002957025027341074,0.07904969674091078,-0.04210702457907245,0.0010568135845815147,0.0,0.0,1.5,0.17346557558625553,10771.668763742151,10844.732825977768,10999.713590581609,10932.838832838563,0.0,0.0,0.0,0.0,0.0,0.0,nan,0,-0.010783042073639039,0.0046874824846256935,-0.004189176491491198
13.467399319999458,0.05760628993008749,0.16376054449029562,1.5035448493968202,0.037648451310211835,0.12942432548004634,-0.013150033347643168,0.0787895377906446,-0.043535951393972004,-0.00041326853897131024,0.0,0.0,1.5,0.17363342572360174,10762.556398806593,10845.973675279669,10988.709686027632,10910.517219319125,0.0,0.0,0.0,0.0,0.0,0.0,nan,0,0.0006796233808080351,-0.0015592085227646713,0.014102656153960336
13.47820174699973,0.04372050828369816,0.15863202341666668,1.5028317853388828,0.06942246336668186,0.15964357285287203,0.03252401118343549,0.08393114480214713,-0.04513013430687749,0.001398515914969565,0.0,0.0,1.5,0.16457102024978856,10735.828438570876,10822.919576006836,10991.796125951565,10911.113668734222,0.0,0.0,0.0,0.0,0.0,0.0,nan,0,-0.013660422240632908,-0.008164817276206437,0.013140306770539345
13.48870570500003,0.05518792544071622,0.16986833055398085,1.4792779968323309,0.052168475320847854,0.13069095167473824,0.050476998895752405,0.08778353079777354,-0.04613466988266037,-0.002990777232527284,0.0,0.0,1.5,0.17980644664451673,10725.667889657228,10816.505802598776,10986.60406241413,10908.117770138038,0.0,0.0,0.0,0.0,0.0,0.0,nan,0,-0.002601922281319703,0.001678815031327413,-0.010665842228461342
13.499094595000315,0.0389800415131049,0.18380994459860608,1.5009747177736115,0.06821487805827987,0.12079732709287407,0.0016096537039083352,0.08415361966992312,-0.04407471676291461,-0.0033658431605685683,0.0,0.0,1.5,0.1879002114007438,10691.924922600918,10777.987305125154,10941.753311314524,10869.401676580954,0.0,0.0,0.0,0.0,0.0,0.0,nan,0,-0.01917338008208163,0.014313271241125719,0.010779975864969815
13.510154231999877,0.06154009262358387,0.17259762620116212,1.50119462124038,0.028446757626617924,0.13123613119939515,0.02637344295757435,0.08652772358840484,-0.04448210876356256,-0.006392464760315795,0.0,0.0,1.5,0.1832445106689511,10691.924922600918,10777.987305125154,10941.753311314524,10869.401676580954,0.0,0.0,0.0,0.0,0.0,0.0,nan,0,0.003386671028397341,0.0031009528436817535,0.010999879331738294
13.520633559999624,0.051222418013257165,0.1579253300961306,1.4882568792231188,0.04569902981748199,0.12667975785684313,0.014821361325030102,0.09126529100443362,-0.047524714544682864,-0.006011067704786946,0.0,0.0,1.5,0.16643931890835498,10672.828420245462,10755.205898493883,10926.969814311224,10855.465353955138,0.0,0.0,0.0,0.0,0.0,0.0,nan,0,-0.007249312808851931,-0.012792042674602572,-0.0021821458613857647
13.5311037270003,0.06501767170532599,0.17008446833659757,1.4932564016746595,0.057302457925562406,0.1057902124326185,0.03021450240229405,0.09394386903117032,-0.044239312069562255,-0.006330628542370945,0.0,0.0,1.5,0.182212788030089,10681.523582694235,10757.159705091106,10923.135883194149,10857.07528593388,0.0,0.0,0.0,0.0,0.0,0.0,nan,0,0.006272946111596109,-0.001765981525883531,0.002581161496100437
13.541580725999665,0.0408964993404002,0.1684057763764929,1.490316299944918,0.008981834100744497,0.09855476894139617,-0.011693010711171093,0.08996867315135892,-0.0489299371999693,-0.007160153856164172,0.0,0.0,1.5,0.17357074414205143,10669.592582570745,10743.779085177874,10905.514943304532,10835.30786612081,0.0,0.0,0.0,0.0,0.0,0.0,nan,0,-0.01807589716194613,-0.00448906386193218,-0.0005856361231373342
13.55249813499995,0.06470792548522891,0.18336216290935586,1.4953976181515445,0.006726612713598292,0.07798286515333187,0.001107657266703711,0.09493574800708242,-0.04566225248366505,-0.0031273860801343764,0.0,0.0,1.5,0.19449930674960797,10672.202899562975,10727.737188741516,10902.72489042769,10842.998079290011,0.0,0.0,0.0,0.0,0.0,0.0,nan,0,0.00541614277995546,0.008648669676425053,0.00407365670119475
13.562464005999573,0.05775993578303115,0.1802426089424249,1.4841998172566757,0.029217906638965768,0.05601158492688759,-0.03831278044842248,0.0961304977084127,-0.045727719280617,-0.008188470189015206,0.0,0.0,1.5,0.18992960283945795,10672.202899562975,10727.737188741516,10902.72489042769,10842.998079290011,0.0,0.0,0.0,0.0,0.0,0.0,nan,0,-0.0015318469222422998,0.005529115709494076,-0.00712414419367402
13.572921752000184,0.05982595547509585,0.17581707913957104,1.485693034301302,0.02181668633407019,0.07983248276540061,-0.025981464853025885,0.0959363029685388,-0.04342432750910007,-0.008730393992932189,0.0,0.0,1.5,0.18626722613809993,10688.418593566554,10762.980686871937,10938.123923828542,10857.505509305707,0.0,0.0,0.0,0.0,0.0,0.0,nan,0,0.0003961722211959576,-0.00034801786613314345,-0.006017330648041996
13.583322335999583,0.0647822270997838,0.1808786928881939,1.4692964281289425,-0.0013141470954161263,0.05564515873107101,-0.027345771020874397,0.09859691795057146,-0.04627577040094525,-0.004756627359264866,0.0,0.0,1.5,0.19456759189184286,10691.709221779249,10768.843931005871,10945.784216879632,10863.814457156794,0.0,0.0,0.0,0.0,0.0,0.0,nan,0,0.00535244384588391,0.004713595882489707,-0.022413936820401492
13.595647258999634,0.06304333394650688,0.19180023609442712,1.500364345559147,-0.00018346358862040754,0.05432798614367181,0.010420521528609918,0.098005769966701,-0.0456018008429607,-0.008803715003782195,0.0,0.0,1.5,0.20189582776435783,10759.685961673636,10820.558524821941,11004.86222035959,10930.802388139868,0.0,0.0,0.0,0.0,0.0,0.0,nan,0,0.0036574865952593433,0.014559515405502294,0.008275248563468729
13.615246190999642,0.06285309692478074,0.18297739406606617,1.4837093522927267,-0.01721981790823534,0.05810278258722079,0.041316036092257036,0.10020314490074123,-0.042635662529267836,-0.007543491538386131,0.0,0.0,1.5,0.1941561838700144,10785.957238399453,10851.9794438619,11039.023905197586,10961.52441661735,0.0,0.0,0.0,0.0,0.0,0.0,nan,0,0.003557598629669638,0.005342585316493953,-0.008578510293116182
13.625497906999954,0.06281063201619824,0.16939948598780366,1.4737183928090336,-0.015211636955737552,0.03849787957596517,0.04611809715043823,0.10384275821077413,-0.04317099130845255,-0.01493642144814259,0.0,0.0,1.5,0.18257076497552013,10756.97965066923,10822.711172130654,11003.182770648427,10925.309524588685,0.0,0.0,0.0,0.0,0.0,0.0,nan,0,0.003650820160650499,-0.008532859863059933,-0.018775562740971363
13.636099100000138,0.06335416733692435,0.1597310507359887,1.484922775278567,-0.032984667962927955,0.01786142182870514,0.046401651682466245,0.09694080789807343,-0.044332913064560414,-0.0064070571064854245,0.0,0.0,1.5,0.17249661386090626,10736.216301755627,10801.739539028833,10977.501475537469,10899.3604205411,0.0,0.0,0.0,0.0,0.0,0.0,nan,0,0.004599722707035521,-0.01850730579041801,-0.007985909904302257
13.646577286000138,0.05752565900546064,0.17913035838880992,1.4901929951859028,0.01859993621203579,0.024507613286680476,-0.009060434605366801,0.09631230577660443,-0.04249028785819016,-0.002856589651653769,0.0,0.0,1.5,0.18839602990493123,10704.668449962968,10763.946464316381,10946.50542722228,10860.801862655188,0.0,0.0,0.0,0.0,0.0,0.0,nan,0,-0.0009600961693242219,0.0008832298092142088,-0.0029169967643971617
13.656668626999817,0.04214883260881562,0.1798858290706337,1.5204645636174785,-0.023847757322971636,-0.030293722267383492,0.016031483067524208,0.09982420743282214,-0.04505967529449177,-0.004387276174616544,0.0,0.0,1.5,0.1858876917785818,10704.668449962968,10763.946464316381,10946.50542722228,10860.801862655188,0.0,0.0,0.0,0.0,0.0,0.0,nan,0,-0.01633692256596924,0.001638700491037981,0.027354571667178584
13.667319846999817,0.05718306830148022,0.18956689999980258,1.5007612150332086,-0.03140989421976069,-0.0036111810829157005,0.053276561968519306,0.10021890360051301,-0.044061083442183915,-0.003398706387994463,0.0,0.0,1.5,0.1980052835765594,10712.979220460898,10764.430444977084,10940.471871226917,10869.994653561122,0.0,0.0,0.0,0.0,0.0,0.0,nan,0,-0.0006357118511333276,0.011590006679672943,0.007271483477508278
13.678080532999957,0.051585569779632856,0.17684656839230353,1.4674865032311888,-0.008172736380895808,-0.043192693590119464,0.025769879012938004,0.09652797817869686,-0.04293575889236086,-0.006313631550208629,0.0,0.0,1.5,0.1870639121630855,10672.392825164488,10733.318130433438,10918.390017115937,10842.837692189622,0.0,0.0,0.0,0.0,0.0,0.0,nan,0,-0.005835835470380482,-0.0008514971780071434,-0.026181131826981785
13.68821918499998,0.04846165728348366,0.17338078379681732,1.4918077913208165,-0.0376599248167835,-0.02756214980335869,0.025365023404562512,0.0971803525375874,-0.04332305871293884,-0.00668516957032943,0.0,0.0,1.5,0.18021248763530187,10672.392825164488,10733.318130433438,10918.390017115937,10842.837692189622,0.0,0.0,0.0,0.0,0.0,0.0,nan,0,-0.00895974796652968,-0.004317281773493359,-0.0018598437373540389
13.698754277000262,0.06794479609821755,0.18865229302931455,1.4783548545780518,-0.08536736823612671,-0.01647697425350376,0.013885595455275117,0.09812669607781686,-0.039514520569164664,0.008554359335529995,0.0,0.0,1.5,0.20167968490253055,10645.694398560374,10709.388586959809,10885.968992109436,10809.838798431841,0.0,0.0,0.0,0.0,0.0,0.0,nan,0,0.010962464173186845,0.011328072876934603,-0.01547710641537936
13.709382977999667,0.05281677807532104,0.1770034609141243,1.494288782121067,-0.0716798321726707,-0.07012141300616308,0.024286395148712683,0.09873715384088823,-0.04292497849696901,-0.006174930724714478,0.0,0.0,1.5,0.18480382904987736,10676.461945777219,10736.282357872875,10912.886647385129,10838.672177446668,0.0,0.0,0.0,0.0,0.0,0.0,nan,0,-0.0031643196275584692,0.0007110631654509425,0.00016540679129195546
13.71978816399951,0.04694815419294796,0.17168251434988507,1.5122781132535312,-0.023649819014829807,-0.07297251866087975,-0.0425074465925369,0.09794726051425164,-0.040223397355130266,0.0022821502971889823,0.0,0.0,1.5,0.17840898794816884,10696.06090142762,10771.689376743749,10926.757730858684,10853.375925495011,0.0,0.0,0.0,0.0,0.0,0.0,nan,0,-0.008471762686828019,-0.003952337817953566,0.01802325327557619
13.730130472999917,0.04664990325905202,0.17550276458196276,1.4997242995857414,-0.07357704823992964,-0.09466337800329541,0.021589891291652667,0.09751137176224045,-0.03593431010181158,-0.0030247264940099256,0.0,0.0,1.5,0.18159710862430928,10696.06090142762,10771.689376743749,10926.757730858684,10853.375925495011,0.0,0.0,0.0,0.0,0.0,0.0,nan,0,-0.008770013620723958,-0.00013208758587587854,0.005469439607786342
13.7407365199997,0.05280201777003906,0.17157417678489031,1.5185841624989147,-0.042669466747847454,-0.1046477450634645,0.01913977033582772,0.09070308640786884,-0.03962795609525309,-0.007494188777437776,0.0,0.0,1.5,0.18047471378502414,10679.606701514933,10762.71978095674,10930.93895391596,10844.688214007787,0.0,0.0,0.0,0.0,0.0,0.0,nan,0,-0.0020171057384034616,-0.0033092523978983934,0.024205482588871785
13.751303187999838,0.042356610180345464,0.15834388541461752,1.4769352668487776,-0.06488297303623561,-0.09753242299577528,0.06663211573984958,0.09345887522488144,-0.038264076012075904,-0.00594687762263976,0.0,0.0,1.5,0.16552598101054822,10687.691474657202,10761.271830188736,10938.50009679198,10867.678118909274,0.0,0.0,0.0,0.0,0.0,0.0,nan,0,-0.011144613895321905,-0.014757183175983485,-0.017674016007311666
13.7618132409998,0.05402813269383764,0.1519167365463357,1.5009745179546283,-0.06713693316643676,-0.07409881591756956,0.04843190707582959,0.09470928854119103,-0.03545448267254768,-0.01564084978281349,0.0,0.0,1.5,0.16124107308783203,10687.691474657202,10761.271830188736,10938.50009679198,10867.678118909274,0.0,0.0,0.0,0.0,0.0,0.0,nan,0,0.0012424224218365726,-0.020155239006740877,0.006261337933091804
13.772177277000083,0.051485212548937835,0.18921647574576247,1.4824198018028296,-0.0834958060106858,-0.11454749258561503,0.012437667780302978,0.09157080396851264,-0.03421043896096647,-0.004625178579310199,0.0,0.0,1.5,0.1968823637950028,10667.744435459292,10728.63410696846,10909.681125504694,10842.897971941415,0.0,0.0,0.0,0.0,0.0,0.0,nan,0,-0.001300497723063232,0.017144500192685902,-0.012293378218706907
13.782806715000333,0.05307295760951725,0.16332334739140567,1.5087180200855375,-0.09203772610697958,-0.13310447346754453,0.03593988023846332,0.09160633860298466,-0.03851375644748112,-0.0041365823595285525,0.0,0.0,1.5,0.1719513259814161,10641.88578938338,10695.012120181878,10871.565583166699,10801.967547199261,0.0,0.0,0.0,0.0,0.0,0.0,nan,0,0.0018267886101093894,-0.006420848560306169,0.01383707296705583
13.79326290300014,0.07628850803951528,0.16451131136921027,1.4957891108637789,-0.10952852967949331,-0.1197219183651473,0.022812424809759414,0.09180507388698517,-0.03696688832354389,-0.0028655401089658374,0.0,0.0,1.5,0.1813880911598939,10678.4352406139,10731.51498490921,10895.100955331485,10827.832832419255,0.0,0.0,0.0,0.0,0.0,0.0,nan,0,0.025864622581516734,-0.003936478255956055,0.0008460664006886276
13.803952735000166,0.04385265321500681,0.16800621490682854,1.495725846475154,-0.08268330610689582,-0.13504127842295838,0.05650189352362814,0.0939300503591077,-0.03473268310331651,-0.008440636630341286,0.0,0.0,1.5,0.17368768473806384,10653.628951887968,10713.348805870699,10878.033666296717,10807.31215770416,0.0,0.0,0.0,0.0,0.0,0.0,nan,0,-0.005715062429039776,0.0009417429791984677,0.0007339277058500127
13.814451471000211,0.05756427163673458,0.1618790564897943,1.5066807531201765,-0.10511365496211215,-0.11128472532956878,0.03465458058796161,0.08794691850839276,-0.03219605851043576,-0.007892824205624614,0.0,0.0,1.5,0.17193925311384406,10663.167767880079,10724.891775560605,10881.224419700347,10812.696387753696,0.0,0.0,0.0,0.0,0.0,0.0,nan,0,0.00888566287212661,-0.0037165349866281894,0.011654077166656451
13.824819782000304,0.06686154209163435,0.16082926883113047,1.5000079472192103,-0.06479149591883178,-0.1374745391357254,0.009382999295252024,0.08563236522814827,-0.032855454323718836,-0.0020181671792706747,0.0,0.0,1.5,0.17417382003844814,10646.364157631795,10703.622490556649,10861.56798686758,10795.018690807805,0.0,0.0,0.0,0.0,0.0,0.0,nan,0,0.019103995412507818,-0.0032133113487782528,0.004961605300582539
13.83527241199954,0.03842590895372694,0.16976695618362259,1.4976252473436955,-0.07465957849166784,-0.16177904249995698,-0.005086402463022267,0.08550371922359633,-0.031770949128117065,-0.006770028175585193,0.0,0.0,1.5,0.1740775957466979,10648.490588391483,10702.239567509116,10844.803987234525,10777.946618502187,0.0,0.0,0.0,0.0,0.0,0.0,nan,0,-0.008379674292858644,0.007359900091164717,0.002576572203812022
13.845965397000327,0.048064497247239324,0.16502849926179033,1.4996905978736164,-0.12408563014993813,-0.1901796039335435,-0.029565013872513857,0.08366063189936554,-0.03275107601414857,-0.00993915546438724,0.0,0.0,1.5,0.17188570968496603,10681.145868375,10715.32316323153,10847.894401916661,10803.146945026196,0.0,0.0,0.0,0.0,0.0,0.0,nan,0,0.0022408065505094485,0.004338084689959137,0.0046557503936977
13.857096431999707,0.041234300925176444,0.16567543933572496,1.4941385865018246,-0.10922772249085433,-0.16616425063828108,0.022768741324079498,0.08167669418053004,-0.03169760936145819,0.001504005670027668,0.0,0.0,1.5,0.1708302518293235,10681.145868375,10715.32316323153,10847.894401916661,10803.146945026196,0.0,0.0,0.0,0.0,0.0,0.0,nan,0,-0.0045893897715534315,0.004985024763893758,-0.0008962609780940323
13.867183487000148,0.04467223695010704,0.15731418071883596,1.4784693102288036,-0.11460007522322026,-0.18066249267549978,0.00766725977880974,0.08042364536055639,-0.024990651687409157,-0.001298614184982045,0.0,0.0,1.5,0.16494523579475884,10741.019647236251,10776.784849556841,10910.894452471557,10859.945604103787,0.0,0.0,0.0,0.0,0.0,0.0,nan,0,0.0008985071856328977,0.000295585658391162,-0.01650757156284932
13.877551900999606,0.04863751574097107,0.15486854960757265,1.4844267635373776,-0.09991075500403467,-0.1902646323834387,-0.04500830796370722,0.08006447749021414,-0.024814291159500155,-0.007902719558133346,0.0,0.0,1.5,0.16307176729565162,10733.228631355458,10778.540047254608,10898.667311582572,10849.288188646147,0.0,0.0,0.0,0.0,0.0,0.0,nan,0,0.00592995263718029,-0.000197548027496941,-0.010514065038498055
13.88790835799955,0.0651146461267589,0.14866312887582564,1.5114107432789246,-0.11408506043292461,-0.19208832140124396,0.028090920462337673,0.08030726461123235,-0.02656068087812901,0.004754930601163233,0.0,0.0,1.5,0.1626986419412925,10757.210903691846,10799.7236447073,10912.72653240505,10870.1905238939,0.0,0.0,0.0,0.0,0.0,0.0,nan,0,0.0234993023066649,-0.004374910361687745,0.01650843840861982
13.89825163400019,0.020213875252716767,0.1587743374406911,1.4946620413236764,-0.12042315803674566,-0.21428323866837207,0.005681311423798059,0.07427697649063171,-0.024784160929902647,0.0026133882659977146,0.0,0.0,1.5,0.16014488685341463,10757.210903691846,10799.7236447073,10912.72653240505,10870.1905238939,0.0,0.0,0.0,0.0,0.0,0.0,nan,0,-0.021401468567377225,0.005736298203177725,-0.0002402635466283165
13.909160813000199,0.046482739089600204,0.15131326799040673,1.5134985308206788,-0.10574220065462714,-0.20414349373332227,0.0410454016007196,0.07286320738893301,-0.025419541046511594,-0.0015464809509761791,0.0,0.0,1.5,0.15886648619997015,10767.854201035861,10795.012317633684,10902.959175693924,10881.208492100992,0.0,0.0,0.0,0.0,0.0,0.0,nan,0,0.007125933389794371,0.0025520461749389545,0.018662115738953933
13.919560526000168,0.027449202663355442,0.1513643460877349,1.503622910537898,-0.09965391849049664,-0.2169788085870729,-0.004685789713727114,0.07207259253714021,-0.0247579313192376,0.001954814559168529,0.0,0.0,1.5,0.15387575986550697,10765.008880600193,10802.516398079228,10904.349182468699,10876.914157064686,0.0,0.0,0.0,0.0,0.0,0.0,nan,0,-0.010743689334493507,0.004847765773800944,0.008817457480523316
13.929949245999524,0.03831994558519933,0.1809856026371997,1.5008401219462026,-0.09732977686208492,-0.25577574972112155,0.07148388121699682,0.07097974097547939,-0.02410577970884245,0.004584530280488029,0.0,0.0,1.5,0.1849997632335984,10765.008880600193,10802.516398079228,10904.349182468699,10876.914157064686,0.0,0.0,0.0,0.0,0.0,0.0,nan,0,0.00012705358735037864,0.034469022323265736,0.0060346688888279765
13.940222520999669,0.026592514690105297,0.14474817889333896,1.4605494916730393,-0.11802906720523902,-0.23993163044665808,0.010195574792248582,0.0691447723805837,-0.021082890179602055,-0.0029323515872969725,0.0,0.0,1.5,0.1523664652662689,10728.602884423026,10759.570474127651,10856.554150386772,10834.138747132942,0.0,0.0,0.0,0.0,0.0,0.0,nan,0,-0.009209534291589883,0.0029220938630959425,-0.03418055118926677
13.950822189000064,0.04684977791252615,0.14399516219856764,1.49047285244078,-0.12358453093983521,-0.2094645045668935,-0.031096028446302836,0.06347012263477443,-0.016826430055071662,-0.00661193509260018,0.0,0.0,1.5,0.1517243387451729,10742.555700976613,10772.794477363474,10861.621719475688,10846.177609397924,0.0,0.0,0.0,0.0,0.0,0.0,nan,0,0.011047728930830968,0.0021690771683246235,-0.004257190421526058
13.961544126999797,0.03086378066375975,0.1282734259948585,1.483796020743116,-0.14972074098233776,-0.2835073785724987,-0.037003110193827196,0.06381562356588641,-0.01329409779048354,-0.01043211980033488,0.0,0.0,1.5,0.13292559466512324,10753.146342520033,10777.811899659331,10866.548458575531,10856.669677737205,0.0,0.0,0.0,0.0,0.0,0.0,nan,0,-0.0024716298329252803,-0.008608696594572557,-0.010826832628242133
13.971888625000247,0.030759254031518125,0.15060835394917169,1.4662591744622846,-0.11823552026206645,-0.2553204652456195,0.029526576073795878,0.061516335995199255,-0.017157864621317617,-0.00802682114735089,0.0,0.0,1.5,0.15737678131103391,10807.229321271258,10819.143656054348,10889.426396973722,10883.902705163362,0.0,0.0,0.0,0.0,0.0,0.0,nan,0,-0.001317272944769337,0.016288392159617276,-0.028306345738773997
13.982790412999748,0.02751843303265426,0.1311998876243283,1.486546909446485,-0.13939189948770403,-0.27724562580253065,0.05841915855302464,0.06214785193415054,-0.014484262430300236,-0.004319950329395704,0.0,0.0,1.5,0.13472809771777425,10837.135567625137,10848.759855957498,10937.918976025016,10921.667905448528,0.0,0.0,0.0,0.0,0.0,0.0,nan,0,-0.003283632338097583,-0.0005001999222848941,-0.00796816982445403
13.993207483999868,0.050001843243236054,0.12929247524855467,1.4864565900307614,-0.11946158275168803,-0.2551392525393896,0.010795699477402573,0.05753665893883601,-0.010445940391307045,-0.0015249839224774598,0.0,0.0,1.5,0.1392844299884741,10840.56515543599,10846.417389868668,10930.222221458773,10913.960394260981,0.0,0.0,0.0,0.0,0.0,0.0,nan,0,0.020488631372620927,0.0002678494234255868,-0.008017925904500789
14.003337160999763,0.01572980957045552,0.1364095549846978,1.4998146582849228,-0.16307573226875033,-0.27182636990927317,0.02009264666509419,0.05643003984479946,-0.013304148088274145,-0.0019725434268491903,0.0,0.0,1.5,0.13731361167705639,10791.865283113906,10802.656463710591,10893.51133223117,10873.95959528459,0.0,0.0,0.0,0.0,0.0,0.0,nan,0,-0.01248145478717258,0.010113403345536898,0.005375001211372243
14.014133439999569,0.025036516733931872,0.1119719373392586,1.4946407847453285,-0.12290448966487148,-0.27891523186541234,-0.0028012823866526444,0.049836073966568695,-0.015469349259293387,-0.0017101536763106339,0.0,0.0,1.5,0.11486193063770611,10791.865283113906,10802.656463710591,10893.51133223117,10873.95959528459,0.0,0.0,0.0,0.0,0.0,0.0,nan,0,-0.0031747476236962287,-0.014324214299902313,0.00020112767177793422
14.024680610999894,0.025508185344002763,0.12383423826720745,1.5043659591550915,-0.1334329227848242,-0.3083314745268896,0.008371063207812293,0.04727355029884327,-0.009944569350242361,-0.007233053444515298,0.0,0.0,1.5,0.12650947666521836,10806.501845298639,10801.625760600971,10883.895885905595,10882.263356317659,0.0,0.0,0.0,0.0,0.0,0.0,nan,0,-0.0013893202977697978,0.00031702147909411227,0.009958707138908673
14.035166378999747,0.037890911639722975,0.12112893854071768,1.5266838202526025,-0.1207710475813376,-0.31538121645908235,0.030592027453506563,0.04498898156816339,-0.006488592711651419,-0.0059038595672640404,0.0,0.0,1.5,0.1296918162420569,10782.937602875863,10798.800698211831,10871.704845882663,10854.494385183985,0.0,0.0,0.0,0.0,0.0,0.0,nan,0,0.012317725345004079,0.0004386493756929344,0.032307685134527864
14.045610209999722,0.02745317970636097,0.1242869801079295,1.4714807994468504,-0.1349463233011017,-0.31600311173806434,-0.00301290569329685,0.04174345264554837,-0.006773097360061367,-0.005203173214731969,0.0,0.0,1.5,0.13043877989512698,10793.891560162714,10806.850650083088,10876.160607618487,10864.557873356107,0.0,0.0,0.0,0.0,0.0,0.0,nan,0,0.003213628925355941,0.006469141100092141,-0.022864987023428096
14.056320093000068,0.022718913644149973,0.12232738678721747,1.4830184753340572,-0.10113548432387545,-0.27453307712162556,-0.011200622447063904,0.039399718567189976,-0.008820245782965003,-0.0015564919509319021,0.0,0.0,1.5,0.1255727310180832,10786.873270254067,10791.815521133014,10866.562644508518,10853.908127051902,0.0,0.0,0.0,0.0,0.0,0.0,nan,0,0.001169568159928993,0.010380847211755362,-0.0112634853907565
14.066967132000173,0.016758864854923942,0.10910824985758225,1.5006596696202672,-0.16163427048009718,-0.3131130227860035,0.042795853935706764,0.036867728499245245,-0.005059158307079981,-0.005618302626774651,0.0,0.0,1.5,0.11038978622235893,10748.886464147143,10738.078170648112,10816.959546575703,10817.007622709709,0.0,0.0,0.0,0.0,0.0,0.0,nan,0,-0.004790480629297038,-0.0028382897178798605,0.006377708895453527
14.077170444999865,0.026153713740620914,0.11735982564538722,1.493562628065905,-0.14821695231239515,-0.3043059048515802,0.015360604983316043,0.03295810894291846,-0.004110826260859299,-0.0002265127277688853,0.0,0.0,1.5,0.12041090139750597,10840.872451791047,10816.446886503953,10862.599037284012,10878.152485040548,0.0,0.0,0.0,0.0,0.0,0.0,nan,0,0.007316815256017916,0.01143596708354476,-0.0006453782096302874
14.087542954999662,0.02007451626494717,0.10172641966797552,1.4827478087171058,-0.18033061811397103,-0.3212457459796081,0.037553716517459965,0.03093918586123098,-0.004275812598377773,0.0034052732966133696,0.0,0.0,1.5,0.10511369447316689,10797.413142582183,10786.323514137253,10833.789656016083,10835.739116918618,0.0,0.0,0.0,0.0,0.0,0.0,nan,0,0.002599133621791882,-0.0011355318081845978,-0.011425570048319678
14.098008795999704,0.008047053520348556,0.1033978909964561,1.4972939997925434,-0.15555768258510852,-0.3019311591530524,-0.0028332202920509472,0.028990963183629283,0.0008675531907533189,-0.0015521808994085435,0.0,0.0,1.5,0.10374584989288549,10797.413142582183,10786.323514137253,10833.789656016083,10835.739116918618,0.0,0.0,0.0,0.0,0.0,0.0,nan,0,-0.009428329122806731,0.000535939520295986,0.0031206210271179646
14.10854242699952,0.016227391383429948,0.08545281875330286,1.5108974824710342,-0.14189782344305568,-0.30631043215477477,0.008285378959684002,0.02609863172965314,-0.0016859832067675842,-0.0010848243336100544,0.0,0.0,1.5,0.08765995430184952,10787.10062858578,10798.927550319468,10825.365461869413,10819.166249687956,0.0,0.0,0.0,0.0,0.0,0.0,nan,0,0.0014794891766715338,-0.011197628699556011,0.01679935369574803
14.119973601999845,0.0088830216057517,0.1111669765233323,1.5153126368647418,-0.128438854902986,-0.3274285448858859,-0.011099576335741624,0.023625482262067246,0.0013973535489290867,-0.004416858750898881,0.0,0.0,1.5,0.1125676755997867,10787.10062858578,10798.927550319468,10825.365461869413,10819.166249687956,0.0,0.0,0.0,0.0,0.0,0.0,nan,0,-0.005864880601006714,0.014516529070473419,0.021214508089455686
14.129819243999918,0.007829172700930056,0.10496400862905796,1.4770423733991258,-0.11306247937815295,-0.311371093158443,0.0016567841274935545,0.020830656850370537,0.0021404290230306188,-0.009743267250208324,0.0,0.0,1.5,0.10773017994882914,10792.954706765906,10799.965027178234,10813.798620547563,10811.401455899619,0.0,0.0,0.0,0.0,0.0,0.0,nan,0,-0.004193392640223665,0.014624422188472416,-0.01697267385639578
14.140157300000283,0.034389138841490634,0.0914473055953316,1.4891417330778172,-0.15383740633485435,-0.3288337107615478,0.004226962752799715,0.021357596431367136,0.002784887353483487,0.003568911717761562,0.0,0.0,1.5,0.09830119292998765,10792.954706765906,10799.965027178234,10813.798620547563,10811.401455899619,0.0,0.0,0.0,0.0,0.0,0.0,nan,0,0.02236657350033691,0.0011077191547460563,-0.004873314177704424
14.150684575999549,0.02312811872919022,0.0884616176608018,1.5082644516680923,-0.11909753947065309,-0.3138491091948994,-0.010334627424100806,0.015584283064038468,0.007758591162511782,-0.0013435385749363538,0.0,0.0,1.5,0.09180778200398719,10842.627461384163,10822.605492446397,10823.56921642059,10835.583906745882,0.0,0.0,0.0,0.0,0.0,0.0,nan,0,0.013819043527080379,0.004511036483095379,0.01434143401449317
14.161074359999475,0.008538293464839346,0.08424814254326231,1.5102718881695387,-0.12350809394584283,-0.3096817262303198,0.04189073373004229,0.017612897793783916,0.004167072978685401,0.001764082049398558,0.0,0.0,1.5,0.08530043179169183,10848.991232566543,10826.141190107805,10825.021331363234,10847.496885668003,0.0,0.0,0.0,0.0,0.0,0.0,nan,0,0.0005784740181946548,0.003514827977446011,0.01639288141980555
14.171653522999804,0.012530555199813158,0.08923590607972731,1.489808134426632,-0.13788397138021818,-0.31018346056551754,0.008771630226068887,0.008697797042474066,0.00828357983390221,-9.028578410047123e-05,0.0,0.0,1.5,0.0906859188151671,10848.991232566543,10826.141190107805,10825.021331363234,10847.496885668003,0.0,0.0,0.0,0.0,0.0,0.0,nan,0,0.004570735753168466,0.008502591513911015,-0.004070872323101105
14.182178946000022,0.01177062899264155,0.06201663978861834,1.4959218505093699,-0.09171226090216317,-0.3319443276697334,0.024407883259781334,0.005856792746664646,0.008847204569566051,-0.0034151899076091193,0.0,0.0,1.5,0.06325537622069431,10813.054339650123,10778.289486675394,10765.352941397705,10808.28323702351,0.0,0.0,0.0,0.0,0.0,0.0,nan,0,0.006488383390668169,-0.012249882495585653,0.0021277686384644223
14.192666101999748,-0.003609071265875765,0.07020915363399742,1.4892753338097244,-0.11485949420854741,-0.29533639877238455,0.0063296724867865665,0.006421535297833391,0.0036138314438464753,0.0008875064127956638,0.0,0.0,1.5,0.07111518202393398,10832.030533539199,10797.191089506952,10769.347468000464,10815.186884434932,0.0,0.0,0.0,0.0,0.0,0.0,nan,0,-0.007565277950668129,-0.0008131930977302165,-0.004471140389180173
14.203149312999813,0.0050834525927199534,0.07837420192588561,1.5159601463732981,-0.12442733075703935,-0.321139285434589,-0.01861565718990583,0.005165601186063078,0.01063099705046869,-0.0020507376881747663,0.0,0.0,1.5,0.08014414070934334,10830.83812931369,10778.526260011417,10755.530589656486,10815.774064739837,0.0,0.0,0.0,0.0,0.0,0.0,nan,0,0.00244328133898353,0.01059972208169685,0.02226523344552489
14.213726769999994,0.00025360607116142915,0.07115986269419693,1.4808447765739834,-0.15495853339962037,-0.317034582202697,-0.003257375780306243,0.000789981610786222,0.011673249114091587,0.005293749554114583,0.0,0.0,1.5,0.07369337120255054,10830.83812931369,10778.526260011417,10755.530589656486,10815.774064739837,0.0,0.0,0.0,0.0,0.0,0.0,nan,0,-0.0023865651825749944,0.0033853828500081673,-0.012850136353789843
14.223934493999877,0.003563701810311222,0.06461615973325686,1.5019746688997375,-0.14224097621447895,-0.30459936479184235,-0.028420662325269654,-0.005643791303611359,0.010849412526911933,-0.002808365650865877,0.0,0.0,1.5,0.06474447765277107,10846.20941485951,10802.383110999559,10766.10577726701,10818.99939151505,0.0,0.0,0.0,0.0,0.0,0.0,nan,0,0.0035211934255558576,0.00333811016836235,0.008391828048678551
14.234774341999582,-0.01662515306213594,0.053929778205017195,1.4848296971806638,-0.15849243669521673,-0.32692699254293633,-0.0017675529668425183,-0.00506152894974673,0.010717422064278484,0.0073836729433426175,0.0,0.0,1.5,0.05843761442095455,10866.435324688764,10837.144580160264,10791.917355383199,10836.629350761783,0.0,0.0,0.0,0.0,0.0,0.0,nan,0,-0.01538819220397334,-0.004104862026484059,-0.008696233414901444
14.245108965999862,0.010436444918912016,0.06882034991460413,1.4703491126581951,-0.12591457872376954,-0.30983024744660936,0.01078689929435162,-0.008083445528716132,0.017082774444039606,0.005511141154028404,0.0,0.0,1.5,0.07565933561081833,10866.435324688764,10837.144580160264,10791.917355383199,10836.629350761783,0.0,0.0,0.0,0.0,0.0,0.0,nan,0,0.01293854172176418,0.014022493071029207,-0.023123357905052266
14.255649716000335,-0.008763750149067384,0.048774639185499326,1.4827480613292123,-0.123225352643044,-0.322633365263444,0.026933652441636927,-0.013156436066267563,0.01601061171179363,-0.004223056546826098,0.0,0.0,1.5,0.052472832325419064,10877.694272905228,10875.715083422247,10818.87605909186,10844.493563540587,0.0,0.0,0.0,0.0,0.0,0.0,nan,0,-0.005011884555189512,-0.0027956041901395293,-0.010676264430749427
14.266316819999702,0.0005923105689692341,0.0413571172690183,1.476784963983794,-0.1160907193185718,-0.3069141321457492,0.01637882987820237,-0.011560011668697613,0.012961338966228883,0.005866592496043598,0.0,0.0,1.5,0.04743100123175966,10898.827575836916,10884.114642379225,10814.51840635908,10856.552481018152,0.0,0.0,0.0,0.0,0.0,0.0,nan,0,0.005577559501391492,-0.006997203626532014,-0.01659801651349202
14.27678551400004,-0.02353563340463616,0.03059438322385935,1.4791227579461521,-0.11629952984250708,-0.3150154520585334,-0.05885525205702341,-0.015392635507810053,0.014704375726762087,0.011777420005944714,0.0,0.0,1.5,0.043883955614560856,10898.827575836916,10884.114642379225,10814.51840635908,10856.552481018152,0.0,0.0,0.0,0.0,0.0,0.0,nan,0,-0.018550384472213903,-0.017759937671690963,-0.014260222551133905
14.286956224000278,-0.024181054652314328,0.043894295378443804,1.5140907178713103,-0.1582746260757835,-0.33071608925116497,-0.021431590095975634,-0.01693781131300841,0.018931424166184613,0.00028870275667230316,0.0,0.0,1.5,0.05205747689810898,10885.677922138117,10863.946953182127,10798.506873453127,10840.178116220419,0.0,0.0,0.0,0.0,0.0,0.0,nan,0,-0.016782042674613792,0.0019269210797323577,0.020773741951700675
14.297894151000037,-0.023330490994552103,0.04037748881183946,1.467319678064344,-0.14156894879784399,-0.32126637982011164,0.04243243578002946,-0.019908879532134858,0.016413908968649398,0.006287062138327256,0.0,0.0,1.5,0.05694433118946269,10936.03447458862,10916.950316475835,10847.626062062534,10898.113709405141,0.0,0.0,0.0,0.0,0.0,0.0,nan,0,-0.014753077668537187,0.001576218479785521,-0.025976213440030982
14.30818240499957,-0.027417106304249192,0.03641574120061195,1.5068144164633137,-0.13086185960310753,-0.2792671145094359,-0.07783903027549045,-0.021997345338594314,0.02070633223213641,-0.0017178649120684908,0.0,0.0,1.5,0.04608948032928912,10902.690856845862,10899.444315493027,10837.862592848687,10868.814393043283,0.0,0.0,0.0,0.0,0.0,0.0,nan,0,-0.017681595387442815,0.0007590695737482306,0.013527770159632357
14.318834611999591,-0.012637786532922538,0.03786332339097425,1.5112684536153926,-0.12230896919904974,-0.32720886337765603,-0.016464157559805105,-0.022819645630357818,0.022939038347275113,-0.0032495930539256975,0.0,0.0,1.5,0.04147677607461158,10902.690856845862,10899.444315493027,10837.862592848687,10868.814393043283,0.0,0.0,0.0,0.0,0.0,0.0,nan,0,-0.002902275616116161,0.0022066517641105288,0.017981807311711284
14.329382289000023,-0.004282838266832858,0.02902305319108794,1.4873778564624334,-0.08954019286323604,-0.31596477430182046,0.01763937580683832,-0.024679436458181252,0.02175629786316095,-0.0010380002651486986,0.0,0.0,1.5,0.0319374204912592,10927.687284167192,10928.834118742796,10849.015441376365,10872.938539895702,0.0,0.0,0.0,0.0,0.0,0.0,nan,0,0.00770449971239475,-0.00041813794684971914,-0.005916489410231041
14.339654489000168,-0.003813473332882027,0.033934011992939266,1.5096382813827385,-0.14464830148363458,-0.2959093731506008,-0.042861160399767666,-0.032391405407804025,0.02778383000497259,0.0023635010125323654,0.0,0.0,1.5,0.035481773022361655,10907.51154924331,10896.555787284087,10827.113328382182,10856.902624136936,0.0,0.0,0.0,0.0,0.0,0.0,nan,0,0.009265738936883657,0.007559026028465438,0.016324483457304417
14.350275800999952,-0.029825007789943955,0.03247925238048814,1.5026241464340053,-0.09666321855041951,-0.3177617447735885,0.016343816466945372,-0.03352330830677848,0.023160009389303966,-0.0003674226349856213,0.0,0.0,1.5,0.04417373732629791,10907.51154924331,10896.555787284087,10827.113328382182,10856.902624136936,0.0,0.0,0.0,0.0,0.0,0.0,nan,0,-0.015677718512503446,0.00913986602863737,0.009283974899114256
14.360795886000233,-0.02333930064340042,0.02480444281840091,1.4553446110420043,-0.11233747298410282,-0.2644619876877513,-0.032748357202958045,-0.034304099268756084,0.02561840089256338,0.0039042563384913413,0.0,0.0,1.5,0.056161259788614394,10914.406049354573,10880.294232630566,10802.535557904477,10849.941272146369,0.0,0.0,0.0,0.0,0.0,0.0,nan,0,-0.008148576306767444,0.004467866307206931,-0.03802793195316112
14.37114685799952,0.003542957898187992,0.003833348369312409,1.499812477252349,-0.13483814805391628,-0.2616949465882477,-0.033076991582765204,-0.038447314274091315,0.027934119308905683,0.0002057199042430269,0.0,0.0,1.5,0.005223243740218275,10888.542274003703,10848.978989333265,10771.513979624908,10821.638960357412,0.0,0.0,0.0,0.0,0.0,0.0,nan,0,0.019751688468646774,-0.013535304442202014,0.006403755997226979
14.381994282999585,-0.016389028592260216,0.002911202565384718,1.4975551140808265,-0.11309737829734234,-0.2561643093375078,0.018289456421974024,-0.038961518718507525,0.027513231016297036,-0.0024127325560501273,0.0,0.0,1.5,0.016824173849921967,10888.542274003703,10848.978989333265,10771.513979624908,10821.638960357412,0.0,0.0,0.0,0.0,0.0,0.0,nan,0,-0.00018029802180143453,-0.014457450246129705,0.0041463928257046145
14.39274519599985,-0.013815282977977187,0.0023716315522836953,1.471906538473573,-0.08374416897149141,-0.3011280058943116,0.04135183593226165,-0.040291785029215675,0.026234903481386837,-0.004519188563172894,0.0,0.0,1.5,0.03139632558944132,10961.005599325035,10918.789146376605,10811.888061717855,10867.412604454004,0.0,0.0,0.0,0.0,0.0,0.0,nan,0,0.00434957375429627,-0.009174795171403202,-0.02159926238649268
14.403007457000058,-0.014543548033310013,0.016789295099893332,1.4955553893549167,-0.06536072830807314,-0.27937013711239617,-0.05438818647150058,-0.038837493508681105,0.030667287207157775,-9.993684508241121e-05,0.0,0.0,1.5,0.022652809607968838,10930.948971031092,10884.534921855779,10776.391280323378,10831.87606533565,0.0,0.0,0.0,0.0,0.0,0.0,nan,0,0.004557828050752574,0.008092999010531881,0.0019871512309221906
14.413192422000066,-0.04410400856732852,0.007090486376119294,1.5136001245046686,-0.07742619906590724,-0.2796829777579405,-0.04129061467843972,-0.03892667424584225,0.02824458076420914,-0.007639484962669275,0.0,0.0,1.5,0.046694774389640314,10914.712343150179,10855.872475200507,10762.009672359116,10824.585064328776,0.0,0.0,0.0,0.0,0.0,0.0,nan,0,-0.024094642244703524,0.00120125119103014,0.019965928222311247
14.424030354999559,-0.03019163994711384,-0.003002584284339407,1.5150315641976442,-0.08217951556011648,-0.2922519014982313,-0.007398688713683937,-0.048329639748617606,0.02533649563178484,0.001744135942916461,0.0,0.0,1.5,0.033859984602899934,10956.238492593357,10879.756214090785,10786.699275040459,10865.96949984655,0.0,0.0,0.0,0.0,0.0,0.0,nan,0,-0.009303563350873425,-0.006129810175583064,0.021326332361557787
14.434202338999967,-0.012326026036885637,0.009264042991993024,1.471760092513859,-0.09462582917078886,-0.28647966633377087,0.0015956388200885623,-0.049258434333798645,0.03243580042791382,-0.006052422164261928,0.0,0.0,1.5,0.03217523558958476,10949.797370095364,10876.576875124465,10792.992217542336,10862.593341934082,0.0,0.0,0.0,0.0,0.0,0.0,nan,0,0.009410736202248273,0.0088517948221146,-0.022023847768344318
14.445046840000032,-0.03204512123804003,-0.00046481548914070075,1.4930096559036299,-0.05539433598162293,-0.25997034085377047,0.03129007583928024,-0.0446827570046184,0.03301073004414837,0.0032189954489006104,0.0,0.0,1.5,0.03280199321970062,10915.132882345575,10850.044703932152,10769.91205722885,10837.2663733218,0.0,0.0,0.0,0.0,0.0,0.0,nan,0,-0.009490238925740281,0.001789204303917143,-0.0008578137177772671
14.455181970999547,-0.0157023748504256,-0.006974773555697833,1.5081289017014596,-0.12844129242500488,-0.2060929965539357,-0.011992193298550863,-0.04853381826422958,0.032592128440405946,-0.008578527538114809,0.0,0.0,1.5,0.019007658587225664,10915.132882345575,10850.044703932152,10769.91205722885,10837.2663733218,0.0,0.0,0.0,0.0,0.0,0.0,nan,0,0.006852507461874147,-0.00472075376263999,0.014261432080052483
14.465803545000199,0.002631110646817404,-0.020579440067742028,1.5074546577478594,-0.06245755342215076,-0.26380904310117675,0.0003073156854248817,-0.05241873916183237,0.03189861836686242,0.00825526275812637,0.0,0.0,1.5,0.022045589556083583,10932.814777095062,10863.106351730194,10782.152619493052,10848.378484681598,0.0,0.0,0.0,0.0,0.0,0.0,nan,0,0.025972996096095897,-0.01570956724306779,0.013500052504353377
14.476635226000326,-0.042651084231329656,0.01123654927384415,1.4939246890279851,-0.035712656290372014,-0.24670355743204953,-0.056730349135838624,-0.052589999057854574,0.03212887375390941,-0.0031833943537621246,0.0,0.0,1.5,0.044522852885885346,10902.720916720384,10840.178654057012,10743.219538562082,10799.907433964509,0.0,0.0,0.0,0.0,0.0,0.0,nan,0,-0.01783043633607581,0.0211805134174661,-0.0002066142490639855
14.486792177000098,-0.029757197232613268,-0.0023815917698974225,1.4974352809980966,-0.06389394194428676,-0.258735163071133,0.005451171020126778,-0.06090776582050244,0.03570133301537941,-0.0002607418310901944,0.0,0.0,1.5,0.029962318836462144,10889.51187351649,10819.28108288021,10724.294125513487,10803.491135718115,0.0,0.0,0.0,0.0,0.0,0.0,nan,0,-0.0042456116364785225,0.010017601216166124,0.0032193456397953124
14.497280788000353,-0.03538237508150864,-0.005734516574191507,1.5029812432908864,-0.09192285218205086,-0.21600223949012062,-0.01427875108179417,-0.05820465440578942,0.03682961403541396,-0.0032905771431273956,0.0,0.0,1.5,0.03596783227145745,10889.51187351649,10819.28108288021,10724.294125513487,10803.491135718115,0.0,0.0,0.0,0.0,0.0,0.0,nan,0,-0.009212817896235195,0.00906313354442852,0.008680775201263646
14.507951427999615,-0.03095539062537242,-0.015250852261141368,1.5152456459926824,-0.04071564405162492,-0.21591317970672286,0.02017894876437131,-0.055167470323241576,0.03969987521850075,-0.005558102958184519,0.0,0.0,1.5,0.03772604438838968,10927.17913314884,10851.153088649726,10742.62830251978,10824.020966831818,0.0,0.0,0.0,0.0,0.0,0.0,nan,0,-0.004161292163286614,0.001886857192146936,0.02085861656703436
14.518518378999943,-0.02391663271649902,-0.015943490262156745,1.5224083651021685,-0.062324704779692625,-0.20644330954936388,0.014445084457270803,-0.06324803547463177,0.0323306782931851,-0.004717572131039037,0.0,0.0,1.5,0.03644633080006107,10924.45310209201,10860.40343495237,10741.151809543275,10808.726094600404,0.0,0.0,0.0,0.0,0.0,0.0,nan,0,0.0034682861946899804,0.0034745368873392753,0.02793453420146408
14.529068888999973,-0.02747372630911934,-0.03367665332828476,1.5102237991370662,-0.03390960709892643,-0.22016094749714102,0.0034127812006537533,-0.061952994585442234,0.03643298434062464,-0.0034846952083148015,0.0,0.0,1.5,0.0446480535465651,10893.892289602869,10817.06032336746,10699.087795686777,10776.526969365976,0.0,0.0,0.0,0.0,0.0,0.0,nan,0,0.0004681120120033182,-0.012039201859252925,0.01566673119480111
14.539321782000115,-0.030937565789720956,-0.02422466902909716,1.50403561402472,-0.05158532580003877,-0.23420829435678525,-0.03596928458660127,-0.06314040200261696,0.03143602066036399,0.002835717874047811,0.0,0.0,1.5,0.03950004743185922,10865.422526242453,10792.87368572093,10669.917199735459,10738.569459228438,0.0,0.0,0.0,0.0,0.0,0.0,nan,0,-0.0024727686940217257,-0.00042962044141572203,0.009404979611811859
14.54981680400033,-0.03993571041944132,-0.010341788597265743,1.4983320797076385,-0.03851433050743691,-0.21767090788879082,-0.037915887734722646,-0.06586834582136268,0.034627082518489206,0.000847199585457192,0.0,0.0,1.5,0.04128674746450344,10864.170100739031,10782.972711543194,10668.484188411163,10744.894666473407,0.0,0.0,0.0,0.0,0.0,0.0,nan,0,-0.010982047139766086,0.01554796777851586,0.0036403641170705825
14.56122529699951,-0.021271706346759046,-0.03161015470264487,1.4900142189392753,-0.06839843766876294,-0.22625764874203144,0.016286355070372144,-0.06396895258778534,0.034511584806912694,0.001343498533748628,0.0,0.0,1.5,0.039387855928199725,10885.21131178781,10815.678881262853,10708.46770112064,10779.204708895257,0.0,0.0,0.0,0.0,0.0,0.0,nan,0,0.008136442817930741,-0.0036899340591189794,-0.004728876888177691
14.581831401000272,-0.0311534642632157,-0.038303726771738864,1.4831198004501314,-0.002579993254818184,-0.16898093174262419,-0.060449754842899696,-0.0680258844679992,0.0369062657853265,0.005528094901920531,0.0,0.0,1.5,0.05217906627227884,10895.164674341015,10841.144935879358,10735.696331819205,10796.571095130399,0.0,0.0,0.0,0.0,0.0,0.0,nan,0,-0.000940681764456136,-0.006520894963991768,-0.01171478897462852
14.592451515999528,-0.014174711044360501,-0.05323912959678357,1.4862384405280955,-0.05395388596874863,-0.20655808653194838,-0.033206302198639674,-0.07180861008333445,0.036191220037230284,-0.004304426055196043,0.0,0.0,1.5,0.056786511360647926,10881.044344660164,10835.172656502586,10735.764536569919,10790.682511884295,0.0,0.0,0.0,0.0,0.0,0.0,nan,0,0.01638801827142843,-0.019626221417582336,-0.008636377073803603
14.60273560800033,-0.013521676734496797,-0.04207364066948275,1.4835237722495889,-0.05438338911820889,-0.19191864605933634,0.017846252221466144,-0.07170937796924597,0.03547576809048842,0.005630013882498902,0.0,0.0,1.5,0.04716453181979444,10881.044344660164,10835.172656502586,10735.764536569919,10790.682511884295,0.0,0.0,0.0,0.0,0.0,0.0,nan,0,0.017041052581292133,-0.008460732490281515,-0.01135104535231024
14.613243886999953,-0.03176536703900151,-0.039623166843396666,1.5000414554712997,-0.008587214894875336,-0.15990323079229607,0.011904175836921908,-0.07258041102237506,0.035474288592509805,0.0025470268830723782,0.0,0.0,1.5,0.05078420632813152,10963.278416047622,10904.517880241809,10800.662801596305,10867.910023881135,0.0,0.0,0.0,0.0,0.0,0.0,nan,0,-0.000608418307524998,-0.002558634754856265,0.005078308749353999
14.623607096999876,-0.037804923680408116,-0.04125585485799055,1.4893306075441253,-0.06839874270386845,-0.16406697515813368,0.006672790182253708,-0.07201566036230203,0.03290999953591605,-0.0029207531300500136,0.0,0.0,1.5,0.05696572434299893,10963.278416047622,10904.517880241809,10800.662801596305,10867.910023881135,0.0,0.0,0.0,0.0,0.0,0.0,nan,0,-0.006647974948931601,-0.004191322769450147,-0.0056325391778204725
14.634132455999861,-0.028956921624697242,-0.041028272415799635,1.4883726396254546,-0.03046839988271947,-0.11966504314317801,-0.007758367168564166,-0.07434261606250148,0.035398813522136155,-0.0030160470942080958,0.0,0.0,1.5,0.051546270055974674,10923.091222554525,10864.059580661939,10746.334476341586,10817.437612498756,0.0,0.0,0.0,0.0,0.0,0.0,nan,0,0.0026529722858751256,-0.0007966615256284407,-0.006700695960034864
14.644836507999571,-0.023824773118742065,-0.020431468729857204,1.4788554212558922,-0.042109731490032935,-0.149053965545372,-0.005926704560700848,-0.07450913570697502,0.03501399618082699,-0.0021655420513747386,0.0,0.0,1.5,0.03784386263166648,10910.823018992347,10871.670821086762,10751.299489626554,10798.799693678453,0.0,0.0,0.0,0.0,0.0,0.0,nan,0,0.007959027160105,0.021275600998986684,-0.016273496821344713
14.655407291000301,-0.004578284922520243,-0.03680866580946978,1.4750207499055144,0.05386603766113716,-0.1266494790458485,0.005872753767462825,-0.07423491471592882,0.03526306619724079,0.005379256970346166,0.0,0.0,1.5,0.044719140273353504,10910.823018992347,10871.670821086762,10751.299489626554,10798.799693678453,0.0,0.0,0.0,0.0,0.0,0.0,nan,0,0.027205515356326822,0.004898403919374107,-0.020108168171722562
14.665717746000155,-0.029928051517733128,-0.046038326335125106,1.5088254560643086,-0.012958494622424098,-0.15404858988986764,0.0002507025948180469,-0.07451204343629914,0.035218808319061976,0.002323537666698217,0.0,0.0,1.5,0.055615685144845634,10929.23028897487,10887.077265019358,10750.868775700608,10796.806237218885,0.0,0.0,0.0,0.0,0.0,0.0,nan,0,0.0019947672270839954,-0.0029287142682025563,0.0136412318653365
14.676393849000306,-0.030401188147090988,-0.049438337217901376,1.505242104103565,-0.013581873164594973,-0.15912049297034514,-0.0252578790522305,-0.07567849088802996,0.03288650612016181,-0.002366128122623089,0.0,0.0,1.5,0.05827401722087102,10943.749662151078,10903.435526980129,10761.556384720096,10803.327477583287,0.0,0.0,0.0,0.0,0.0,0.0,nan,0,0.001625830201823733,-0.004999826447711353,0.010001071537885098
14.686518733999947,-0.019359771451292924,-0.03356491803047811,1.5153693833188209,-0.0026282563187319374,-0.11992099161727009,-0.0011464543119058602,-0.07433853842587204,0.03181145574005451,-0.0007788737506683196,0.0,0.0,1.5,0.04168479838789988,10968.221098762146,10893.036563988386,10743.45633935464,10826.937607949196,0.0,0.0,0.0,0.0,0.0,0.0,nan,0,0.012736731254741701,0.012128216393432513,0.020068564105590436
14.697068493999723,-0.03895317649445182,-0.05494589567068481,1.5087065412599443,-0.0021529973176739486,-0.10765146733027986,-0.021415442244144565,-0.07456588346877392,0.03454361691357092,-0.0006125520649888108,0.0,0.0,1.5,0.0679132186748118,10926.461139632225,10865.524701311271,10747.396386509954,10812.935242473175,0.0,0.0,0.0,0.0,0.0,0.0,nan,0,-0.006820801238411854,-0.00696748620811579,0.01328454025370518
14.707558647000042,-0.045699180019711884,-0.04467991787034452,1.4907974403898592,-0.017585236644676733,-0.10665093025746376,0.0564721465783941,-0.08053178535812006,0.03237096685760158,0.0008702132772827163,0.0,0.0,1.5,0.06457086973824157,10904.954460787658,10845.94263310966,10722.34061010622,10784.903325322293,0.0,0.0,0.0,0.0,0.0,0.0,nan,0,-0.013599799897990636,0.004328747523414896,-0.004682353948831652
14.718301648000306,-0.03177914909141792,-0.05535878446188652,1.4836222465296074,0.019338056612895345,-0.113950445442209,0.01168257622455419,-0.0777024708539641,0.03460695080874209,-0.00308962690928817,0.0,0.0,1.5,0.06589946997365863,10906.888834270307,10852.197444210671,10730.887226932597,10787.133571190396,0.0,0.0,0.0,0.0,0.0,0.0,nan,0,0.00025374248257736126,-0.005394949814085975,-0.011911247578805018
14.728578479000134,-0.029215918128630926,-0.0505111007754301,1.507742387982626,0.04106760207093577,-0.0759368823471075,0.031024182393733522,-0.07757445409821243,0.03503680427940643,-0.009490125013590813,0.0,0.0,1.5,0.058863280110082475,10906.888834270307,10852.197444210671,10730.887226932597,10787.133571190396,0.0,0.0,0.0,0.0,0.0,0.0,nan,0,0.002816973445364357,-0.0005472661276295504,0.012208893874213533
14.7388452590003,-0.034143597130156834,-0.04055592679652155,1.5027061557891706,0.02101800817112973,-0.086499696846629,0.019697526375499333,-0.07812003520474889,0.035269200779438833,-0.0017248896779309285,0.0,0.0,1.5,0.053083817708097544,10867.930791554745,10829.095146145042,10698.265543839085,10738.844672310659,0.0,0.0,0.0,0.0,0.0,0.0,nan,0,-0.0022102613227060405,0.010288046993406255,0.00712600679136699
14.749682148999455,-0.02978390242643986,-0.06825883731049741,1.5066281627819644,-0.005322011747576851,-0.10133481189096402,-0.03950205780395494,-0.07859806975935164,0.03291529562325575,-0.005847638971334398,0.0,0.0,1.5,0.07476819013853994,10868.075327092303,10800.547563047028,10676.852995795836,10736.167844011143,0.0,0.0,0.0,0.0,0.0,0.0,nan,0,0.0018527736670001897,-0.01587949344322199,0.01098265634477924
14.75986417599961,-0.04690743108890236,-0.03801151665379955,1.5056057055334409,0.012867662436575784,-0.03633692003770783,-0.04370531661714231,-0.07427944578921687,0.03153271862383497,0.0021189561226455074,0.0,0.0,1.5,0.06063502638087868,10868.075327092303,10800.547563047028,10676.852995795836,10736.167844011143,0.0,0.0,0.0,0.0,0.0,0.0,nan,0,-0.015270754995462307,0.014367827213475869,0.009960199096255673
14.770335049000096,-0.029848313328366103,-0.053276600961688056,1.4920998105360002,0.06066458692654537,-0.06604433604735903,-0.06211844673177714,-0.07605275400151378,0.030116482425646393,-0.0069734691610913516,0.0,0.0,1.5,0.06157703315479199,10862.609804875645,10795.421742207944,10667.743383861785,10728.885889077084,0.0,0.0,0.0,0.0,0.0,0.0,nan,0,0.0015921718288593283,-0.00024170549326474333,-0.0035601895576597986
14.781061030000274,-0.03486844075113983,-0.06724100046663531,1.4813958101158584,-0.013091509478094537,-0.05776955666320614,0.05722320624316983,-0.07429244791770029,0.03366100618205956,-0.0015392869945752119,0.0,0.0,1.5,0.07799536002490785,10911.155454087162,10868.29643210641,10743.413750752292,10781.358759835366,0.0,0.0,0.0,0.0,0.0,0.0,nan,0,-0.003914233653303144,-0.013119581001931897,-0.014267368295948213
14.791693911000038,-0.033698418022249536,-0.04403118561773919,1.512075384727399,0.04848784958000718,-0.04239574451257809,-0.009933486447594115,-0.07549192357637095,0.03143316700948782,0.0039713330003483425,0.0,0.0,1.5,0.05674630913478672,10962.51041057387,10905.09017632976,10786.525442419534,10833.293047786266,0.0,0.0,0.0,0.0,0.0,0.0,nan,0,-0.0030337391959237986,0.010520648477843682,0.01641106612277965
14.80203382899981,-0.042788538771567707,-0.045163305423481556,1.4928737552652658,-0.016276131470319342,-0.02663743499088759,0.03237449111249002,-0.0745201781441597,0.03229944143112985,0.0031751556057890377,0.0,0.0,1.5,0.06262081579634649,10962.51041057387,10905.09017632976,10786.525442419534,10833.293047786266,0.0,0.0,0.0,0.0,0.0,0.0,nan,0,-0.012443711791630563,0.009743897312862099,-0.0027938775435876195
14.812594631999673,-0.038943264247247256,-0.06250764590768648,1.4749395582762108,-0.0011775217457000863,-0.004666689695863722,0.031955059084076164,-0.07540927772655821,0.032731759391008655,-0.008552449846073508,0.0,0.0,1.5,0.07779337610968608,10909.937745640258,10867.724470526664,10757.237667390367,10791.084260346028,0.0,0.0,0.0,0.0,0.0,0.0,nan,0,-0.008947934401718087,-0.007319418552841947,-0.020729084834801625
14.823725190000005,-0.03885313500778981,-0.04151750647719901,1.5169224288432173,0.04380661781502216,0.002852740059299429,-0.025339377092391657,-0.07563502803386002,0.02744874483130388,0.002135654576847401,0.0,0.0,1.5,0.05932653741768144,10876.385500464627,10852.30880580762,10724.713707777817,10751.859125537325,0.0,0.0,0.0,0.0,0.0,0.0,nan,0,-0.0092363054828614,0.013878029121974701,0.021257789337808752
14.83399037900017,-0.03720398446138362,-0.05959440481658922,1.4983047888023868,0.05357537177805632,-0.0019367489914231554,0.00930223176861266,-0.0757340491903334,0.03189973524630322,-0.010782213787089911,0.0,0.0,1.5,0.07027448531473496,10880.874580773658,10858.647082186126,10733.724344268037,10748.06159702171,0.0,0.0,0.0,0.0,0.0,0.0,nan,0,-0.007994043582585826,-0.004064696225649103,0.002650416294170954
14.843976491999456,-0.028275168743654593,-0.06602444538007124,1.4965542102771685,0.06291816515529085,-0.0023376763115308162,0.02965579260501578,-0.07318313891793782,0.026433779440387974,-0.002416597096099636,0.0,0.0,1.5,0.07190678703740087,10889.089407901747,10867.307661373647,10728.835435563367,10750.079870956912,0.0,0.0,0.0,0.0,0.0,0.0,nan,0,0.0005000624479902481,-0.01043319993820744,0.0009156308673969882
14.854426742999749,-0.033806416522653954,-0.04207043850273028,1.5076734263536267,0.03757790618933089,-0.021404866878511574,0.08244161273834465,-0.07190857751830705,0.02816348403325593,0.0028026863708924023,0.0,0.0,1.5,0.054513090775700046,10889.089407901747,10867.307661373647,10728.835435563367,10750.079870956912,0.0,0.0,0.0,0.0,0.0,0.0,nan,0,-0.005031185331009113,0.013520806939133517,0.012034846943855149
14.865319974000158,-0.017265510425471992,-0.0565480291731402,1.4826519393566038,0.05205494524958173,0.007620046771974648,-0.012226103858467138,-0.07217709360805369,0.024182721462842796,-0.002517178634435172,0.0,0.0,1.5,0.06161763271747261,10875.691659056223,10830.14162468339,10709.688318738512,10744.163100856567,0.0,0.0,0.0,0.0,0.0,0.0,nan,0,0.010559294152012504,-0.0010489254086490582,-0.012936800457137076
14.87574804399992,-0.016286441177873413,-0.0677252229229031,1.5067822102080197,0.06162794595379234,0.03087188374387404,-0.021077605115151308,-0.07131909873774148,0.028024766504723353,-0.004661682475113421,0.0,0.0,1.5,0.06998537248241962,10809.123613847207,10769.91997678847,10652.996206936412,10687.898612860672,0.0,0.0,0.0,0.0,0.0,0.0,nan,0,0.011024119099607505,-0.012377720368955014,0.011236042512923206
14.886081919999924,-0.013042568311837976,-0.04831166214136237,1.4842329291277425,0.04238059483606605,0.036819316558640396,-0.023959665606426664,-0.07037596880614615,0.03018345838890754,-0.0007126520586233706,0.0,0.0,1.5,0.05246642555883617,10855.994784197275,10814.934538928104,10703.626831237316,10738.919936602688,0.0,0.0,0.0,0.0,0.0,0.0,nan,0,0.013728659597509952,0.006815168437189899,-0.011256060039832594
14.896562025000094,-0.04048973878047596,-0.0457826726895571,1.4940840892359148,0.05051605144021311,0.04453837051727212,0.01749275207318963,-0.07055542530462586,0.02210719881725997,0.0029802232668459405,0.0,0.0,1.5,0.06140415348556574,10877.780967312907,10827.823330367613,10721.325727377927,10762.643804726546,0.0,0.0,0.0,0.0,0.0,0.0,nan,0,-0.014282422097643993,0.009054869123448009,-0.001339151208547662
14.907938659000138,-0.034871289446578566,-0.0567215046697379,1.4899982099045654,0.0611238186713158,0.037170240933634975,-0.06932039066835945,-0.0702759217411048,0.024153362314990035,-0.0057345860468241356,0.0,0.0,1.5,0.0673303180207794,10914.744818257761,10864.330767162044,10755.41148584603,10798.723253417942,0.0,0.0,0.0,0.0,0.0,0.0,nan,0,-0.009251900202095174,-0.002241279464134077,-0.005355818732900364
14.917715097999462,-0.01499935516513504,-0.04306569029002336,1.4849010789132557,0.04729163227796593,0.06523366775850162,-0.02156355037019741,-0.0701526184615929,0.022435677646064394,-0.0015938561007029517,0.0,0.0,1.5,0.0480376076996951,10896.421791971105,10862.42490976059,10747.106487967372,10779.408465597367,0.0,0.0,0.0,0.0,0.0,0.0,nan,0,0.010008755966473479,0.010990054910546387,-0.010382344580537328
14.928251584999998,-0.026533109141832604,-0.041521898576730554,1.486936105950367,0.0599593981763068,0.059167807314418557,0.021698735130612407,-0.06658688221841938,0.02129544956195398,-0.0015918646586308672,0.0,0.0,1.5,0.050977831161091364,10947.200360639665,10915.31942957994,10811.314016976356,10835.687921384078,0.0,0.0,0.0,0.0,0.0,0.0,nan,0,-0.0021589891648940047,0.012042980621137761,-0.00827965626898508
14.938681370999802,-0.03889050939391698,-0.04334738697549324,1.508313274565329,0.06569102186696282,0.07125847188368183,-0.03530979799245851,-0.062408401336510974,0.020936539569776594,-0.0030437765654690867,0.0,0.0,1.5,0.05882667942796067,10960.397651641219,10932.941936014726,10819.536452227872,10842.03371199475,0.0,0.0,0.0,0.0,0.0,0.0,nan,0,-0.0151724742569836,0.009660969881104861,0.013156193929099613
14.949009056999785,-0.021432487341608183,-0.049070036841979026,1.5204609751107812,0.07237222618979905,0.07883386335246352,-0.009083734266969382,-0.06258452939677453,0.021036254864851986,-0.0032550784322594997,0.0,0.0,1.5,0.05732252202935055,10960.397651641219,10932.941936014726,10819.536452227872,10842.03371199475,0.0,0.0,0.0,0.0,0.0,0.0,nan,0,0.002285547795325197,0.003938320014619079,0.025303894474551836
14.959912657000132,-0.02235530717396941,-0.046465808150289264,1.5107741951695874,0.05529188298125998,0.04131427966399492,-0.028506671117730645,-0.061824865231997116,0.019657676105268574,-0.00011272357757786025,0.0,0.0,1.5,0.052677455969839485,10935.065637972908,10912.469789844932,10806.358315721227,10820.862826789935,0.0,0.0,0.0,0.0,0.0,0.0,nan,0,-1.2503825626279663e-05,0.005237719544396044,0.01571266168611518
14.970358790999853,-0.024566352019842825,-0.04625561377784717,1.4968069152986094,0.06472470494300894,0.06613464950432804,0.0010607256026025687,-0.064535005922953,0.019875331634212852,-0.002922543446741631,0.0,0.0,1.5,0.052471737606433956,10908.386913101027,10879.937703718995,10779.411114832583,10798.663801881292,0.0,0.0,0.0,0.0,0.0,0.0,nan,0,-0.002941038197105658,0.004702419486511622,0.0017860256423114507
14.980500057999961,-0.031441269195118714,-0.052626291885749105,1.4901257577339075,0.029914357940997467,0.062471782182001626,-0.025295165250669754,-0.06004617062522583,0.01704986063450753,-0.0001954084312825226,0.0,0.0,1.5,0.06209332223817203,10908.386913101027,10879.937703718995,10779.411114832583,10798.663801881292,0.0,0.0,0.0,0.0,0.0,0.0,nan,0,-0.009815955372381547,-0.001668258621390313,-0.004895131922390439
14.99104175499997,-0.014630386873626066,-0.03670726527311414,1.4744646339539917,0.06265709327825182,0.0848749130766985,-0.023917768235708813,-0.05837749242833455,0.016271764505686216,0.0007455890130911878,0.0,0.0,1.5,0.047048129218985664,10898.290902324463,10875.859952626532,10794.151005696447,10809.82206932362,0.0,0.0,0.0,0.0,0.0,0.0,nan,0,0.006258642715316062,0.013445194337087414,-0.020517661023361944
15.001808328000152,-0.010656055093607507,-0.024794904898097044,1.508472715540172,0.12359699263791309,0.08156480167860759,-0.011755872019756265,-0.06038726004909099,0.01766795204650177,-0.0060719661192025045,0.0,0.0,1.5,0.02828649373266945,10890.431368285314,10867.489374807354,10792.252391369466,10805.943910230324,0.0,0.0,0.0,0.0,0.0,0.0,nan,0,0.008707256499026024,0.023571803182944936,0.013560363712018741
15.012176280999483,-0.021998012625096066,-0.041992607246053165,1.4968994315281192,0.0698231354741905,0.07606570345853898,-0.006618580971216305,-0.05361426531269658,0.018896518045743695,-0.003809871097806939,0.0,0.0,1.5,0.04750689579023222,10921.491156020544,10919.781693591673,10858.134513310713,10855.372979524938,0.0,0.0,0.0,0.0,0.0,0.0,nan,0,-0.003422598083411197,0.005396515135054292,0.0020121799894186054
15.022842710000077,-0.025951347301621235,-0.04862728509034254,1.5199060239435818,0.09459298629570313,0.13935009475695526,-0.04131222594971064,-0.052687690375909,0.016115037826275082,-0.0033540467409103243,0.0,0.0,1.5,0.058603200179420785,10916.467843108187,10887.325552180317,10823.609434555448,10846.98541339291,0.0,0.0,0.0,0.0,0.0,0.0,nan,0,-0.008179458628046567,-0.002270315907111138,0.02503507041057884
15.03310326599967,-0.026100658380540657,-0.043846084002660275,1.4762292020955514,0.09304048243054218,0.11437045591274486,0.03817747776230249,-0.050337078993508394,0.01616779612972433,-0.003755677789319167,0.0,0.0,1.5,0.05629186693724206,10916.467843108187,10887.325552180317,10823.609434555448,10846.98541339291,0.0,0.0,0.0,0.0,0.0,0.0,nan,0,-0.008328769706965989,0.002510885180571125,-0.018641751437451504
15.043747316000008,-0.029951363587155756,-0.025887224785127918,1.4998059867938232,0.11388025390404036,0.13573742269519135,-0.09043557501431092,-0.04709301497080941,0.012924551755789411,-0.003757849475935893,0.0,0.0,1.5,0.039588763922733326,10906.540133127075,10879.303663260984,10819.516369114657,10839.752190404242,0.0,0.0,0.0,0.0,0.0,0.0,nan,0,-0.013829958045299764,0.018248435034418604,0.0049485687767811815
15.054617945000246,-0.02401380861355235,-0.0544032185228884,1.4631331203420217,0.09438315884198199,0.11788584028576156,0.0553434286500388,-0.047867714009671526,0.01128322455683343,-0.004497866128522777,0.0,0.0,1.5,0.06996813564397242,10889.560909847056,10860.974355299748,10805.96924472285,10825.244849051061,0.0,0.0,0.0,0.0,0.0,0.0,nan,0,-0.008737636193477645,-0.011453391524344977,-0.031725020246582414
15.064653976000045,-0.005741867126323255,-0.05568494290035443,1.5025878590510502,0.08378716529455206,0.11166539037218834,-0.008551167214821393,-0.046405256859281076,0.011672245861801165,-0.0002439289517818827,0.0,0.0,1.5,0.05603997607405081,10948.80464302201,10917.508682780668,10860.226652248317,10880.283714806747,0.0,0.0,0.0,0.0,0.0,0.0,nan,0,0.008676849041777174,-0.01396904568175824,0.007720457225949939
15.07532552199973,-0.01931678878131656,-0.06172568085869602,1.4984843198190867,0.09627406877877905,0.09809517686531462,-0.0177852561964291,-0.04497711506346298,0.010323414062584588,0.00047063804657549775,0.0,0.0,1.5,0.064695403953468,10914.625616047944,10887.415916530661,10840.830497790772,10856.860919285617,0.0,0.0,0.0,0.0,0.0,0.0,nan,0,-0.005766903620226591,-0.02129024146402616,0.0035966644406371095
15.085800204999941,-0.0020753820911813357,-0.02740027971259747,1.4841458457089998,0.0830671920758594,0.11827724554020491,0.019384140397778717,-0.04469558160675978,0.010074059852946661,-0.005821718335999048,0.0,0.0,1.5,0.031724387266514976,10914.625616047944,10887.415916530661,10840.830497790772,10856.860919285617,0.0,0.0,0.0,0.0,0.0,0.0,nan,0,0.011474503069908635,0.013035159682072393,-0.01074180966944982
15.096170926000013,-0.0109296548939983,-0.03575606691312888,1.5092440947137604,0.0947492578587966,0.13240579554430265,-0.019541362810320567,-0.040557042609074265,0.011869453152256461,0.0028438440326166987,0.0,0.0,1.5,0.03851502257918362,10884.088002050423,10867.29890882262,10849.159352684164,10863.363203819095,0.0,0.0,0.0,0.0,0.0,0.0,nan,0,0.0008521398264898974,0.001986262070594831,0.014293622568814612
15.106534149999788,-0.022495156986288935,-0.032364037594043396,1.5046575552876302,0.060620975262626976,0.145435054220591,0.013363460014465227,-0.03988591948280481,0.00978308407173702,0.012188134802628198,0.0,0.0,1.5,0.03968823299775098,10884.088002050423,10867.29890882262,10849.159352684164,10863.363203819095,0.0,0.0,0.0,0.0,0.0,0.0,nan,0,-0.011610801100303405,0.003969188549525236,0.009666022756928294
15.117180631999872,-0.034382917229848715,-0.046176373551224184,1.4928534462239818,0.10813042375446906,0.13007808077371583,0.025727122295697437,-0.03828867287444094,0.005669794043123255,-0.00943208117251575,0.0,0.0,1.5,0.058013064928948074,10870.566924550765,10853.101746661645,10830.208050952771,10847.216507375202,0.0,0.0,0.0,0.0,0.0,0.0,nan,0,-0.02440370049218299,-0.011291544558645332,-0.0021839867199675567
15.128260366999712,-0.012000888042686094,-0.049705979615683876,1.4953494493346662,0.11834621461848474,0.154945977616088,0.018593349320804205,-0.03620210498921924,0.005870441837062818,-0.0072053657719967175,0.0,0.0,1.5,0.05134523682736992,10839.19889565786,10847.076649635183,10811.073626831927,10816.72853742823,0.0,0.0,0.0,0.0,0.0,0.0,nan,0,-0.0029335751495589407,-0.016306988643982563,0.00026361089586268704
15.13859555900035,-0.001940426048678257,-0.02790613642031735,1.492962699835519,0.10166450450617973,0.16437893736154727,0.07162162525201247,-0.031773055938477256,0.0013854697042186002,-0.00786174835721876,0.0,0.0,1.5,0.028845126048688986,10825.022002888309,10826.272507057633,10807.481260506825,10803.482059139817,0.0,0.0,0.0,0.0,0.0,0.0,nan,0,0.006209157347904118,0.0039714591577099945,-0.0021710062305135835
15.148863284999607,0.01413440588454973,-0.03683952436090733,1.491775558038335,0.09986894286144463,0.15047447381363996,0.03983689000492323,-0.03452051125490225,0.005643937694782876,0.0024295441320381027,0.0,0.0,1.5,0.04030599744985695,10824.85193669183,10812.213318375118,10797.863475103162,10801.651241226878,0.0,0.0,0.0,0.0,0.0,0.0,nan,0,0.021361357916518213,-0.0065170475763302975,-0.0034038164285894457
15.15921054699993,0.00020697823526161924,-0.041905533711114794,1.5131069318586323,0.0963408797385644,0.14874800419300213,-0.035247475068646346,-0.03329270861622758,0.00297087504048547,-0.006290330437885341,0.0,0.0,1.5,0.04390795210836052,10824.85193669183,10812.213318375118,10797.863475103162,10801.651241226878,0.0,0.0,0.0,0.0,0.0,0.0,nan,0,0.007433930267230103,-0.011583056926537761,0.017927557391707927
15.171132233000208,-0.017315223611713917,-0.014459311857346153,1.477979121550302,0.11100935916113215,0.14859584980378196,0.01683981775535612,-0.03061573200481855,0.002271952501675491,0.00012810618713186915,0.0,0.0,1.5,0.031524716585689096,10783.244077278154,10767.388075644923,10746.734073027283,10757.459081752146,0.0,0.0,0.0,0.0,0.0,0.0,nan,0,-0.01194451770854886,0.012659428714349408,-0.01726823143230649
15.180322348000118,0.01009431440184895,-0.0031143412194720825,1.4987152459864728,0.08570879058840429,0.13956349043658364,-0.022174259193110467,-0.028798847530172946,0.0009535301152434334,0.00019073149798824,0.0,0.0,1.5,0.010641658580782995,10808.755651509657,10793.728731796527,10781.976513074598,10787.45824578387,0.0,0.0,0.0,0.0,0.0,0.0,nan,0,0.014533238252139946,0.02235940280828654,0.0034471177098356343
15.19097354600035,-0.012979820751825986,-0.018069816679325758,1.5022687618411956,0.09551306113518125,0.14923144544601316,0.005264002437970457,-0.022918992940593255,-0.003215830665442503,-0.009276834815996001,0.0,0.0,1.5,0.022363839157578405,10823.125001059805,10814.087337065672,10799.096236141439,10803.313317029504,0.0,0.0,0.0,0.0,0.0,0.0,nan,0,-0.009473905051117325,0.005732428441196452,0.006983693064583019
15.201123074999487,0.006728624222219427,-0.03826238719418515,1.4969688355023847,0.07409329292698341,0.16805873925957726,0.07008167471868389,-0.02786436235665032,0.0030585243676068603,-0.004154501372323118,0.0,0.0,1.5,0.03896758416855201,10823.125001059805,10814.087337065672,10799.096236141439,10803.313317029504,0.0,0.0,0.0,0.0,0.0,0.0,nan,0,0.010234539922928089,-0.014460142073662939,0.0016837667257720845
15.21206057099971,-0.013622408933236097,-0.028421961419871383,1.497779508529012,0.0814040615250437,0.1612948439923853,-0.0024002868987715617,-0.01920420468576626,-0.0006155886683009634,-0.009523970580589984,0.0,0.0,1.5,0.03159602029480451,10822.409514158786,10826.743217701145,10827.038428279424,10810.408597564383,0.0,0.0,0.0,0.0,0.0,0.0,nan,0,-0.011982490776398298,-0.008035262129429309,0.0024608733927449222
15.222162426999603,-0.006280288823868935,-0.005706043152125449,1.485076831256509,0.07018708740105346,0.16168188983071055,-0.03809154989535566,-0.02411788102613849,-0.0021554305193943603,-0.00341289945690604,0.0,0.0,1.5,0.017166884443947213,10777.588895182704,10782.000100805411,10779.954307110273,10761.496608138821,0.0,0.0,0.0,0.0,0.0,0.0,nan,0,-0.005571512907949751,0.012940341935950776,-0.010254396135982446
15.232780569999704,0.00041440740174778526,-0.000432559626299598,1.4773945036179206,0.13357803023636758,0.1838426795331578,-0.013983568340297632,-0.019539599212922865,-0.002764407797017288,0.01051896814072292,0.0,0.0,1.5,0.022613432026234625,10785.78883081664,10797.433356826832,10809.143354821548,10777.119849845394,0.0,0.0,0.0,0.0,0.0,0.0,nan,0,0.00019449476973532238,0.016454331498734234,-0.017942473742244447
15.2434017759997,-0.005067363150831006,-0.035705333075221835,1.5098865984546967,0.08326866032933664,0.19695585755219824,0.047124859852852086,-0.01795732289805524,-0.0011635515589000268,0.0001648763847368343,0.0,0.0,1.5,0.03739376697150666,10829.310114166816,10855.25965522599,10862.010300871245,10817.926263523372,0.0,0.0,0.0,0.0,0.0,0.0,nan,0,-0.006212591398436417,-0.020595416921543874,0.014544595682353112
15.253856594999888,0.014729418224142306,-0.012116120257524123,1.488880659998679,0.06982676970290619,0.20224879811081592,0.024705649810860063,-0.017158756840942268,-0.0071533125424647235,-0.0014246699481264505,0.0,0.0,1.5,0.022077043583357322,10862.782667269932,10882.632487868084,10868.545376504062,10851.814319341149,0.0,0.0,0.0,0.0,0.0,0.0,nan,0,0.012663162460542794,0.0012010475771899592,-0.006472305481906027
15.264354079999976,-0.0032434048023414755,-0.006735918530966917,1.5274122084140722,0.08995349856791651,0.23596344667848726,0.04852909401410254,-0.014556226820245401,-0.00547033217940159,-0.003765433483393024,0.0,0.0,1.5,0.02841340252951425,10806.710195945283,10831.297854726026,10813.588860889411,10793.897176976372,0.0,0.0,0.0,0.0,0.0,0.0,nan,0,-0.006225535432989866,0.0047746038199585426,0.0320453255767823
15.274809112000185,-0.0026662903278221075,-0.012026258902247034,1.4880787139892582,0.08593172312583965,0.17965407178317644,0.005545412882168857,-0.01040457065702006,-0.006513570637021586,0.0007491404107629108,0.0,0.0,1.5,0.017142259694860024,10806.710195945283,10831.297854726026,10813.588860889411,10793.897176976372,0.0,0.0,0.0,0.0,0.0,0.0,nan,0,-0.005648420958470499,-0.0005157365513215745,-0.00728816884803174
15.285218695999902,0.016486065834715638,0.011727357874424527,1.491491498841542,0.09556062972344291,0.20254382082306083,0.00042848122602065215,-0.00920223215735073,-0.006627716330641782,-0.004342352720900233,0.0,0.0,1.5,0.021948026822128836,10802.105158353472,10835.201048650819,10809.912362492289,10782.454835729375,0.0,0.0,0.0,0.0,0.0,0.0,nan,0,0.012594050044897475,0.021419241334550775,-0.003887115231916649
15.295921969999654,0.00044666537078907973,0.004836942784871049,1.4980605924367891,0.04743123141799126,0.17445430751675609,0.014621809183159485,-0.010688633308481967,-0.006704852167772742,-0.00823197006630368,0.0,0.0,1.5,0.005230375431440631,10774.554309327004,10808.32559604262,10781.246733315651,10748.7769480969,0.0,0.0,0.0,0.0,0.0,0.0,nan,0,-0.0052439215027607865,0.010863109615060042,0.0026842623444145453
15.306316344000152,0.013764752911166153,-0.00024651132451914207,1.507418592358416,0.08641589080095752,0.16874212544889758,0.0006293188797950794,-0.011167955488804783,-0.008626334994884972,-0.009428310653386677,0.0,0.0,1.5,0.01563856461184727,10799.239753922411,10824.149432562323,10796.882489278336,10771.942785415717,0.0,0.0,0.0,0.0,0.0,0.0,nan,0,0.007187125043898063,0.003936253308138034,0.012054354501612963
15.316785912000341,-0.014158028083318046,0.006250183693446458,1.4909650611256742,0.10628718614274046,0.1453114722418855,0.05294967895158848,-0.003201876347663094,-0.0110352764044786,0.0008554303193613591,0.0,0.0,1.5,0.017920509922227396,10785.62490591779,10823.88954830429,10810.487907000866,10764.370651141067,0.0,0.0,0.0,0.0,0.0,0.0,nan,0,-0.021613451686019605,0.008584978220212378,-0.004382735302080665
15.327401286999702,0.0068195742075833135,-0.014377572750131618,1.498153047705133,0.10754501677233795,0.18612177591416632,-0.02570666404949161,-0.002669958764540773,-0.011057244284712608,0.0004612330242822877,0.0,0.0,1.5,0.016019751038564154,10785.50714944027,10812.946811094469,10815.13895701392,10769.459894541122,0.0,0.0,0.0,0.0,0.0,0.0,nan,0,-0.0015036301024177554,-0.013893437594174385,0.0028262391846616275
15.337651054000162,0.01941343256439393,-0.002562642061959525,1.4933306078178683,0.07065914910384988,0.16723864839459332,0.024118746200329437,0.00028932996674264395,-0.010286794690126994,-0.0004706748730919491,0.0,0.0,1.5,0.020686451854996162,10785.50714944027,10812.946811094469,10815.13895701392,10769.459894541122,0.0,0.0,0.0,0.0,0.0,0.0,nan,0,0.010233189623653952,-0.003929971951903414,-0.0019685535510447494
15.348589571000048,0.006173754379321555,0.015645810796593128,1.4804804589457001,0.09170052503972527,0.17054476783350558,-0.010013567480390364,0.003971001599254179,-0.01258530300195785,0.002339075169502671,0.0,0.0,1.5,0.025766628060137794,10781.041588212456,10807.925224142902,10834.197913354461,10803.205411081273,0.0,0.0,0.0,0.0,0.0,0.0,nan,0,-0.003852042773769873,0.012428084462327862,-0.0147855793485141
15.358757254999546,0.016688423748321198,-0.00015801221252619794,1.5014287463937221,0.08849326689286133,0.19803063968181814,0.021155690307504516,0.003669801929991315,-0.00922063253745976,-0.0022094635134285528,0.0,0.0,1.5,0.01675021705293434,10781.041588212456,10807.925224142902,10834.197913354461,10803.205411081273,0.0,0.0,0.0,0.0,0.0,0.0,nan,0,0.00666262659522977,-0.0033757385467914633,0.006162708099507919
15.369381761000113,0.04180121801055139,0.008452317866402801,1.5018058269777774,0.09486700094139193,0.15734489065753182,0.06783555252009876,0.006914263865858442,-0.011997458349587676,-0.007927748646498553,0.0,0.0,1.5,0.04268541338155256,10766.753791211126,10795.82571966111,10834.432925913505,10802.022822258432,0.0,0.0,0.0,0.0,0.0,0.0,nan,0,0.030942087716004832,0.0033871274553329417,0.00657618235167412
15.379930207000143,0.00042335175670312267,0.007695609790543604,1.4936337518016827,0.07320362770234938,0.17281974071444764,-0.02376331022688784,0.0070396779691822295,-0.013558777460968363,-0.0015431273397072598,0.0,0.0,1.5,0.009996537044436577,10794.328640735275,10824.912886726199,10865.675521221103,10837.513970315842,0.0,0.0,0.0,0.0,0.0,0.0,nan,0,-0.011256165263273794,0.0007877445020868738,-0.0015585346362410046
15.390313801999582,0.024137002501852193,0.004897428462218927,1.5231711104395638,0.056376464511320876,0.15677285215968673,0.000927194014953403,0.011030015376412943,-0.01564666831658671,0.0015988903665163,0.0,0.0,1.5,0.0338153819188758,10736.14277708743,10741.783219282996,10793.458610730711,10784.299246824958,0.0,0.0,0.0,0.0,0.0,0.0,nan,0,0.010858201042730005,-0.005674174138332813,0.02806007629721985
15.400673121999716,0.014603501389874068,0.022350642205898216,1.5316765425064558,0.07375646103388613,0.2016707458740582,-0.028542806224793715,0.00961507742267504,-0.01448078967584842,-0.004594135442850117,0.0,0.0,1.5,0.04142724713305765,10736.14277708743,10741.783219282996,10793.458610730711,10784.299246824958,0.0,0.0,0.0,0.0,0.0,0.0,nan,0,0.0005470268403068579,0.00996149766721924,0.036616090738775586
15.411342477999824,0.014939772548923392,0.01221380195180016,1.483850891375057,0.07217495865672996,0.20803947772710438,0.03964866136541995,0.012697821876128456,-0.01516613005756562,-0.00014757375692687444,0.0,0.0,1.5,0.025162819224235806,10735.19379124769,10766.51364047154,10832.741449898771,10803.245513514596,0.0,0.0,0.0,0.0,0.0,0.0,nan,0,0.0001211538145615438,-0.0019809942322132883,-0.011153784090206731
15.4220039920001,0.016239493070603496,0.003511460156895978,1.4946955921644804,0.07842464562146337,0.19514851583543277,0.028177209362014316,0.015211984738912198,-0.01725677253002898,0.008003496517319544,0.0,0.0,1.5,0.017440992807439836,10744.550197839497,10776.66995312733,10825.272414161132,10791.828164910952,0.0,0.0,0.0,0.0,0.0,0.0,nan,0,0.0006748636530991576,-0.012475413469291407,-0.00024656564822667093
15.432898885000213,0.005879878575119351,0.03629017021080873,1.5103752231911158,0.08675839555418036,0.1847013804574774,-0.0038287258781790757,0.014177429526977203,-0.01605396759837431,0.0012355131156592774,0.0,0.0,1.5,0.038199406831168,10744.550197839497,10776.66995312733,10825.272414161132,10791.828164910952,0.0,0.0,0.0,0.0,0.0,0.0,nan,0,-0.010414022761712381,0.018526456711161033,0.015502646475330506
15.443327250000038,0.027492178549148105,0.013948490988226566,1.4825498916828563,0.06238327130722991,0.17270966915440605,0.007275641782456683,0.019246781695435092,-0.02214678210317492,-0.004545130111886568,0.0,0.0,1.5,0.03542437808214738,10736.268389778415,10775.364459630775,10812.41901114175,10782.803845512071,0.0,0.0,0.0,0.0,0.0,0.0,nan,0,0.01048632289117039,-0.00557519529599859,-0.012245292118371998
15.45353998399969,0.027078988067405812,0.0348645861595252,1.4964999444381886,0.08007645926757741,0.15278745351801598,-0.009248351641193867,0.018624481262733618,-0.016713342978793413,-0.005049370846845503,0.0,0.0,1.5,0.0442838723664206,10747.069431231766,10783.482303031937,10811.157794419136,10784.163041760816,0.0,0.0,0.0,0.0,0.0,0.0,nan,0,0.009379068478975225,0.013599411464880917,0.0017899554533338247
15.46389831400029,0.0031825115009505665,0.03552704996919184,1.4708946082813203,0.049990944226971215,0.14071767962373705,-0.04809507355184952,0.018399333945047103,-0.020136345786251737,-0.00015310817783395017,0.0,0.0,1.5,0.04603719676592964,10760.589846491948,10799.91831287726,10843.742943387715,10807.071567538207,0.0,0.0,0.0,0.0,0.0,0.0,nan,0,-0.015192982963181079,0.012540513714463176,-0.023724769699102977
15.474563134000164,0.031051236706427204,0.04241218335311221,1.5028831034522947,0.09106429967749531,0.14491423771301232,0.0178286866303713,0.02314511944231343,-0.020429624242521927,0.0017614201430695997,0.0,0.0,1.5,0.05264299462695121,10775.523554966578,10805.300130748217,10859.259135082095,10828.163114494831,0.0,0.0,0.0,0.0,0.0,0.0,nan,0,0.01201925292107097,0.01772605499244614,0.008356598833665352
15.485180308999588,0.0353586891654126,0.029515401013449336,1.5061218029302008,0.053828120921352016,0.15955110954383614,-0.0008937852808923733,0.022767872561564508,-0.01969121949781848,-0.005832057960865261,0.0,0.0,1.5,0.046463666101559484,10775.523554966578,10805.300130748217,10859.259135082095,10828.163114494831,0.0,0.0,0.0,0.0,0.0,0.0,nan,0,0.016326705380056365,0.004829272652783264,0.011595298311571467
15.495302786000138,0.03244086499701622,0.033964392464331396,1.4667716052600284,0.05068880373318691,0.1733679570900779,-0.009512271769159137,0.02616866943881202,-0.020145575292531692,-0.0028845666055077393,0.0,0.0,1.5,0.05753360665055805,10824.176305065368,10869.408914627304,10931.136658846346,10886.559441806778,0.0,0.0,0.0,0.0,0.0,0.0,nan,0,0.012772133444935583,0.007602154564710497,-0.027666701667887317
15.506013154000357,0.006098377748512388,0.019935112426013077,1.500536512443688,0.07327722472654384,0.17466192256795965,-0.044902993189410954,0.029041019113572823,-0.022223909219692424,0.0004820895320096837,0.0,0.0,1.5,0.02085393881748875,10781.309545630827,10813.791336872346,10883.798304549353,10851.558188842791,0.0,0.0,0.0,0.0,0.0,0.0,nan,0,-0.014782593893352828,-0.009702766241916974,0.0062580952384123645
15.516479259000334,0.022550189907475104,0.047923138027285275,1.4765541037656178,0.04089772732701725,0.16311724662954546,0.011045719672142785,0.03351963105572915,-0.02003112786709487,-0.008284647617397023,0.0,0.0,1.5,0.05792105207503439,10781.309545630827,10813.791336872346,10883.798304549353,10851.558188842791,0.0,0.0,0.0,0.0,0.0,0.0,nan,0,0.0016692182656098883,0.018285259359355224,-0.017724313439657857
15.526924476999739,0.043990922177766165,0.020266163231703993,1.4650645108263916,0.055654068662538074,0.14647875157901108,0.012509866932635144,0.03055864094372517,-0.020083434793931126,0.002476372368253148,0.0,0.0,1.5,0.059719402290910974,10814.952007508544,10849.669578984154,10917.478690580097,10881.457813966575,0.0,0.0,0.0,0.0,0.0,0.0,nan,0,0.022535358845251898,-0.01096835089316939,-0.029140099663673036
15.53733433799971,0.018777652749886183,0.016445856480691,1.5057507749762986,0.07341815292216232,0.13295478992449647,-0.0019700599173142004,0.027962110358477302,-0.023057170501078084,0.007428226871653559,0.0,0.0,1.5,0.025615187897160087,10821.163759696841,10864.393372798135,10938.040158895838,10887.665789663044,0.0,0.0,0.0,0.0,0.0,0.0,nan,0,-0.00376147445530553,-0.017892020844155507,0.011665378368635126
15.548142933000236,0.004773886037621508,0.03419657151599845,1.4919488595160815,0.060129808360364884,0.1597529369281595,-0.033859312833568946,0.030302091675414016,-0.023696320123712696,-0.00841877864564922,0.0,0.0,1.5,0.03545442644354561,10824.391071242962,10863.433094099271,10943.399454817905,10905.914098460888,0.0,0.0,0.0,0.0,0.0,0.0,nan,0,-0.018273365099849496,-0.0016452762352171038,-0.002092251692636049
15.558369549999952,0.038763973434670605,0.03227746851673767,1.5033602063485518,0.0032513692303807627,0.1846613644010951,-0.015967526219277082,0.030135151954589504,-0.019850418230656895,-0.005469405138021791,0.0,0.0,1.5,0.05055463971781114,10824.391071242962,10863.433094099271,10943.399454817905,10905.914098460888,0.0,0.0,0.0,0.0,0.0,0.0,nan,0,0.0157167222971996,-0.003564379234477881,0.00931909513983431
15.569095930999538,0.014741441263973082,0.03787974013515459,1.479398964445127,0.050115142461146275,0.12061924323334615,-0.051851023866291,0.03466615074929501,-0.02444759897882782,0.0016497218580057654,0.0,0.0,1.5,0.04556958930228742,10796.695794844505,10836.27426669666,10919.514752812956,10890.722477029298,0.0,0.0,0.0,0.0,0.0,0.0,nan,0,-0.00925298066233588,-0.0008683148963598425,-0.014578867973043863
15.57953748699947,0.021238110494633516,0.041116406924930335,1.499053617723627,0.06152468140551991,0.17051693813779248,-0.03441979533900364,0.0385194360878047,-0.022272311670188182,-0.004642561492583576,0.0,0.0,1.5,0.04628727573763393,10812.238614045118,10862.609427809006,10927.43111900654,10875.917420377475,0.0,0.0,0.0,0.0,0.0,0.0,nan,0,-0.0031946632714951635,0.0009685768228919478,0.00509451667528138
15.590089426000304,0.026863851730451725,0.020019615573072125,1.4977882001082792,0.02328050419600705,0.15251115450913147,-0.01405288945776398,0.04017576669973937,-0.022225281502778665,0.0008881822383585689,0.0,0.0,1.5,0.033575937756826726,10843.130464971442,10897.794368604276,10974.088675437317,10923.131521975623,0.0,0.0,0.0,0.0,0.0,0.0,nan,0,0.002016708867855082,-0.021490759580217077,0.0038361043790160476
15.600449104999825,0.0362896237377425,0.016829401278706697,1.4501922112659422,0.009652982616226255,0.1404169364514426,0.018028834311348437,0.03857430447099815,-0.02440730657791075,0.0007440874547076954,0.0,0.0,1.5,0.06388255909873361,10843.130464971442,10897.794368604276,10974.088675437317,10923.131521975623,0.0,0.0,0.0,0.0,0.0,0.0,nan,0,0.011442480875145856,-0.024680973874582506,-0.04375988446332091
15.611158722000255,0.02501552186688227,0.03882013685628001,1.4911676592747996,0.019144181266725735,0.07948189826430065,0.016507455249643484,0.039606857428091,-0.025700285070816974,-0.0035978388960171666,0.0,0.0,1.5,0.04701903447008253,10850.24559877032,10893.714402430442,10965.880227753518,10920.480992431405,0.0,0.0,0.0,0.0,0.0,0.0,nan,0,-0.0002216487142087803,-0.0040143068844768134,-0.002792409938448648
15.622683186999893,0.03668522672437155,0.059814383758574056,1.4874466187099926,0.037811870708202605,0.09617190117890775,0.022101067943201137,0.03974756172765691,-0.025017139169948296,-0.0011466573195038465,0.0,0.0,1.5,0.07128221198902865,10831.158036804722,10893.14261825533,10974.696265943157,10918.830490418006,0.0,0.0,0.0,0.0,0.0,0.0,nan,0,0.01074188797707214,0.014451330182861634,-0.006569223612749031
15.632314456999666,0.02475161800323701,0.0320185266779916,1.4881311873724696,0.03465213501801232,0.10349832518875443,-0.003616018509428983,0.04393352629928108,-0.02586091092904699,0.0040525542793862675,0.0,0.0,1.5,0.04217460560094013,10831.158036804722,10893.14261825533,10974.696265943157,10918.830490418006,0.0,0.0,0.0,0.0,0.0,0.0,nan,0,-0.0011917207440623988,-0.013344526897720824,-0.005884654950272017
15.64293580499998,0.03186846465856396,0.05939725788847974,1.476229945715397,0.033876462522479646,0.1196079138422468,-0.014779988153154611,0.04450061499539961,-0.02193024099585274,-0.0011770464777105057,0.0,0.0,1.5,0.07147481210229019,10790.869830860736,10857.054553667316,10959.514643569995,10896.776479108436,0.0,0.0,0.0,0.0,0.0,0.0,nan,0,0.005609359105434163,0.01283161880766194,-0.017831729589045553
15.653582316999746,0.030038314145300563,0.05144480377394695,1.5139711183695546,0.001008938985845257,0.08118950376441146,0.012877942122751139,0.04375920886617696,-0.02623075121924712,0.0025617194499366076,0.0,0.0,1.5,0.06118872690723166,10776.23931137322,10831.802876699925,10933.9595846471,10880.72310312973,0.0,0.0,0.0,0.0,0.0,0.0,nan,0,0.0034884209492510344,0.0037187863046675637,0.0198566789531478
15.66387098299947,0.04168971872826697,0.03424417702992799,1.5263411610821838,0.015193593406994988,0.08393753986952161,0.009450711199917075,0.04606254762710388,-0.02669457160304614,-0.0014122508140529504,0.0,0.0,1.5,0.06003793030457174,10774.098276508867,10829.946332110125,10937.048287206268,10888.850795036396,0.0,0.0,0.0,0.0,0.0,0.0,nan,0,0.014874104415191415,-0.014599203229932738,0.03216867535888568
15.674433184999543,0.043942561631960246,0.05442991423891449,1.4830392580293486,-0.026806821807002404,0.11111626816602745,0.008725492726623988,0.042524148109810506,-0.021160763865788464,-0.0016882215746016722,0.0,0.0,1.5,0.07198076864711316,10755.055480075049,10814.787763396036,10916.640003125623,10867.784304916999,0.0,0.0,0.0,0.0,0.0,0.0,nan,0,0.016671185913170468,0.003484257583813856,-0.011269432112312572
15.68482521199985,0.031386208440113555,0.0509282959973969,1.5082540336871681,-0.004973606421840991,0.09079495672340328,0.0022697912693334806,0.0443830958159164,-0.022518782624644077,-0.008668269568024663,0.0,0.0,1.5,0.060389688569768556,10714.891960834027,10769.619759767882,10882.12311545216,10834.906178025572,0.0,0.0,0.0,0.0,0.0,0.0,nan,0,0.003924681654244488,-0.0010012224521308496,0.013876264911016678
15.696404104000067,0.03170344366312091,0.051779564309475314,1.496183200543315,0.013821436542599637,0.11154684712768514,-0.03143158483108555,0.044324673122725186,-0.024945596509949854,0.0001274190148039363,0.0,0.0,1.5,0.06083419744085001,10714.891960834027,10769.619759767882,10882.12311545216,10834.906178025572,0.0,0.0,0.0,0.0,0.0,0.0,nan,0,0.004076842654824251,-0.0010882915075638364,0.0017400291368427911
15.706200167999668,0.02224086858801577,0.047073822948392324,1.4813554092945547,0.030984140185867544,0.1093253074676336,0.026383169435052763,0.04831131593665615,-0.025532506307047665,-0.003757567327313918,0.0,0.0,1.5,0.05530119171500333,10730.267420242564,10785.57644208295,10884.287338094464,10824.515816677835,0.0,0.0,0.0,0.0,0.0,0.0,nan,0,-0.005525729706525897,-0.0066862503724648276,-0.013149892968433718
15.716502975999902,0.038869449168524944,0.05406544127245465,1.5194905826391765,0.019546280896654777,0.09320383371057284,0.01617995495410125,0.050714229994728105,-0.025519033221663375,0.0008119036662850644,0.0,0.0,1.5,0.0693814732494515,10730.267420242564,10785.57644208295,10884.287338094464,10824.515816677835,0.0,0.0,0.0,0.0,0.0,0.0,nan,0,0.011102850873983279,0.0003053679515974961,0.02498528037618808
15.726851917000204,0.025806119454484005,0.052213484716117274,1.5106431844925508,0.06349126045343866,0.11410891102578985,0.06179421785695817,0.053105589066868915,-0.024390332936794334,0.00030398960681447156,0.0,0.0,1.5,0.05920710399641062,10767.35708071857,10818.931550378058,10902.65420928795,10849.120319760916,0.0,0.0,0.0,0.0,0.0,0.0,nan,0,-0.0020753916950318925,-0.0023920731611176554,0.016077146416160204
15.737236336999558,0.02187458036257564,0.06446415693583088,1.475096504810984,0.039915130611132624,0.0522210698300783,-0.030159363068486673,0.04815588086827464,-0.024647825673624325,0.008465645102998813,0.0,0.0,1.5,0.07248661164736252,10768.08996317913,10809.539085991395,10889.80013411208,10843.049733515447,0.0,0.0,0.0,0.0,0.0,0.0,nan,0,-0.006096783413392582,0.009060408629468553,-0.019530657252875727
15.747847071000251,0.03925293244187106,0.04662658962092478,1.5012813327539603,0.0012116698528282636,0.07254855300814508,0.027376124489952094,0.04972007338849405,-0.025308086570544237,-0.003027691545186999,0.0,0.0,1.5,0.06096288525480561,10702.709794254977,10717.665381491866,10787.702494889736,10774.69741054068,0.0,0.0,0.0,0.0,0.0,0.0,nan,0,0.011176166664841471,-0.010230875155598784,0.006549497956216177
15.758566657999836,0.04517259983421314,0.056792663717786594,1.512302851153076,0.006466755307330253,0.06483797230659405,-0.02277402173496589,0.048229925700507804,-0.027625220220186757,-0.0036829815314099513,0.0,0.0,1.5,0.07360251744633665,10762.567552286155,10778.398442041429,10851.095302042944,10848.325436139045,0.0,0.0,0.0,0.0,0.0,0.0,nan,0,0.017079897563913,-0.0007198636204935049,0.017533101124370676
15.768736582000201,0.011296960627542738,0.04520348251965299,1.4856375217703668,-0.0026325031329840673,0.062210148318653825,0.02947653314861154,0.049914334165650186,-0.02242519365673267,-0.0038203579514384137,0.0,0.0,1.5,0.04875712186154462,10762.567552286155,10778.398442041429,10851.095302042944,10848.325436139045,0.0,0.0,0.0,0.0,0.0,0.0,nan,0,-0.016787235713660708,-0.01291560514384079,-0.009164922032704359
15.779219238999758,0.021916822832992476,0.08514865137125352,1.5050880133150144,-0.024855311128323135,0.05640448463458483,0.040542087655442524,0.050040123830037565,-0.025197178746582116,-0.0002090149139737213,0.0,0.0,1.5,0.08807115210402222,10752.211286734007,10773.264323198759,10850.969971364848,10835.64668122192,0.0,0.0,0.0,0.0,0.0,0.0,nan,0,-0.006134580269162478,0.026471744014514312,0.01025862865015581
15.789880594999886,0.025560576007236803,0.05522024424799417,1.5215125021062033,0.019478985827998677,0.0243636002826227,0.0379894723402486,0.052900516268453344,-0.023435972590190663,0.00596181787872169,0.0,0.0,1.5,0.0645399579136775,10742.616994164306,10771.070468268408,10855.62186209434,10827.261750429017,0.0,0.0,0.0,0.0,0.0,0.0,nan,0,-0.002433880812099592,-0.00396548885233379,0.026661273924084794
15.800203505999889,0.03832919339300437,0.05935174679743763,1.4827463715286173,0.035120401567924765,0.013509087695582303,-0.023330344910020458,0.048796423773068594,-0.025003718114067267,-0.002169387242014412,0.0,0.0,1.5,0.07272856804237235,10742.616994164306,10771.070468268408,10855.62186209434,10827.261750429017,0.0,0.0,0.0,0.0,0.0,0.0,nan,0,0.010334736573667975,0.00016601369710966818,-0.01210485665350114
15.810591145000217,0.032287019643974436,0.06831565591726134,1.5001741158757333,-0.011711844872933867,0.05636999555361493,-0.0144807703949673,0.051424194930089095,-0.024405230236718114,-0.0022113127327645344,0.0,0.0,1.5,0.0755613048936704,10712.27537704767,10756.381028668724,10829.597109250386,10786.96143073404,0.0,0.0,0.0,0.0,0.0,0.0,nan,0,0.0043734263060620365,0.008670119433096847,0.0053090975061167445
15.821434163000049,0.04260189106055137,0.045942568454319356,1.492233905410399,-0.023219700992560932,0.010380417614560598,0.022587286184446494,0.04706612629420152,-0.02147091394358194,-0.006414889144809526,0.0,0.0,1.5,0.06313440380085597,10732.970615712375,10754.466686973157,10847.634280316775,10833.990217905392,0.0,0.0,0.0,0.0,0.0,0.0,nan,0,0.01492067356611056,-0.01447575493248393,-0.0026198664428451757
15.831686022999747,0.024361070576499288,0.061500379266373674,1.5109410037902558,-0.024585246795426962,-0.007427687954445566,-0.025254662016413874,0.0504264828401962,-0.02266852726844275,-0.007220966670139763,0.0,0.0,1.5,0.06704822125514871,10753.958056292739,10781.410906917436,10862.79665242451,10839.702204707537,0.0,0.0,0.0,0.0,0.0,0.0,nan,0,-0.003168839535802291,0.0007696375675475611,0.016103626856392106
15.842183572000067,0.022959925840544668,0.05036998569666638,1.4714027385164914,-0.03306085265992884,0.03577223460397495,-0.0016643273840500948,0.04998610302855654,-0.0209597588951108,0.0003936923795242775,0.0,0.0,1.5,0.06230647653367868,10743.502580971144,10771.34188879434,10864.062492715264,10834.720908526493,0.0,0.0,0.0,0.0,0.0,0.0,nan,0,-0.004395487614309322,-0.010623697257315379,-0.023414124048435125
15.852865128000303,0.014216040370978194,0.06349804465510488,1.4872326544164847,-0.03949186664431194,0.030133046382566427,0.015029714406214595,0.04855752131306476,-0.01949854329331678,-0.0011116461527165616,0.0,0.0,1.5,0.0663106521767045,10748.392970804156,10780.39508319877,10886.510063612184,10845.8506490202,0.0,0.0,0.0,0.0,0.0,0.0,nan,0,-0.012941913397303004,0.002290873330768821,-0.007560181353953865
15.863163846999669,0.035654184715087286,0.042047321559174664,1.4899733759994347,-0.004766098951930125,0.021183316166783137,-0.03839650144303174,0.049501234918586906,-0.0237988810616733,-0.0036501289210681765,0.0,0.0,1.5,0.056033305514193166,10748.392970804156,10780.39508319877,10886.510063612184,10845.8506490202,0.0,0.0,0.0,0.0,0.0,0.0,nan,0,0.008496230946806089,-0.019159849765161392,-0.004819459771003842
15.874108330000126,0.04350122371435432,0.07014098624220573,1.4771992682105808,-0.03448433153452233,0.009063398173824146,0.023560823147447122,0.049874156254456556,-0.024588712372299086,0.0029878569177569027,0.0,0.0,1.5,0.08562702719240362,10772.163316926615,10820.652581245417,10904.830715025158,10853.95594805252,0.0,0.0,0.0,0.0,0.0,0.0,nan,0,0.01680632980319413,0.008655378103220507,-0.017548057602981615
15.884124993000114,0.015255077521457192,0.07459583285717551,1.4975204475847417,-0.05423332828373821,0.004411996197668002,-0.018769099747353937,0.04975065987275999,-0.02590845362975058,-0.00036964196666416975,0.0,0.0,1.5,0.0761800751510613,10772.163316926615,10820.652581245417,10904.830715025158,10853.95594805252,0.0,0.0,0.0,0.0,0.0,0.0,nan,0,-0.011174702537840395,0.013045126747547785,0.002790303408479966
15.894530241999746,0.021296003065774862,0.06061547715675973,1.5328493665941842,-0.03379622372190824,0.023478771135812353,-0.014453576946019536,0.05451959672040866,-0.02400226372469749,0.00021208144358397565,0.0,0.0,1.5,0.07215841394569494,10809.073076734066,10845.02185019164,10930.137066536781,10888.295218142868,0.0,0.0,0.0,0.0,0.0,0.0,nan,0,-0.0051337769935227255,-0.0009352289528679961,0.03811922241792254
15.905296140000246,0.02756591268624471,0.056910860502574254,1.4733214011680251,-0.035204951645118256,-0.02604808759206828,-0.005057920976206633,0.04895556951665914,-0.01993692818238759,0.0003266388174013659,0.0,0.0,1.5,0.06863288731363838,10798.912271254678,10857.702244643438,10926.936519547067,10870.568471652527,0.0,0.0,0.0,0.0,0.0,0.0,nan,0,0.0017320541365179222,-0.00462268268464866,-0.021392978193328638
15.915904313999818,0.02200898591499768,0.07017677170493808,1.5050127852927755,-0.015137230352546901,0.015824335173626993,0.009298028582780336,0.05213414303298252,-0.018568554585354124,-0.00583329335796536,0.0,0.0,1.5,0.07371772354274805,10765.113197774728,10826.0391032828,10891.511522165041,10836.183156195311,0.0,0.0,0.0,0.0,0.0,0.0,nan,0,-0.0034948615344687836,0.008724706697823575,0.010300149579893558
15.926162492000003,0.03968268426110014,0.05773571659909644,1.479536330431756,-0.024047434610733866,-0.03073314421902552,0.03963604404808061,0.04718578156416776,-0.01845970228211294,-0.0013124114232219105,0.0,0.0,1.5,0.07298554770347088,10765.113197774728,10826.0391032828,10891.511522165041,10836.183156195311,0.0,0.0,0.0,0.0,0.0,0.0,nan,0,0.014529651546290288,-0.003586823771684483,-0.015177218604224718
15.93673406400012,0.02819621472915497,0.06707713058421193,1.4980259363036912,-0.06425426893491,-0.004595007588027145,0.005378233626982579,0.04923706075276891,-0.01882275444273571,0.003912065550856063,0.0,0.0,1.5,0.07278918120119994,10781.893960796566,10817.240924320216,10886.763641420119,10849.005600380178,0.0,0.0,0.0,0.0,0.0,0.0,nan,0,0.003414370834002582,0.0059317635487100145,0.003308607188298174
15.947307931000068,0.017176718943929255,0.06744003869938334,1.520840476547936,-0.05334977592088473,-0.06296756951356544,0.021057225825430317,0.0478171237566564,-0.020658363184712654,-0.005531266519011124,0.0,0.0,1.5,0.07264656878475494,10772.14541123711,10795.183555329644,10870.843893718282,10846.907844854708,0.0,0.0,0.0,0.0,0.0,0.0,nan,0,-0.007214081071133461,0.0065189008090126566,0.026119524944005157
15.958242143999996,0.009380968476279776,0.05095473390731792,1.5215330815826988,-0.06040201713703213,-0.036690587902302445,-0.042725568027447425,0.04271839137260886,-0.02020154117999945,-0.0019412322994179269,0.0,0.0,1.5,0.05610758486662648,10768.224155193453,10802.490233659672,10867.739246318832,10837.85219470119,0.0,0.0,0.0,0.0,0.0,0.0,nan,0,-0.014599429252059933,-0.009695662969445386,0.026809922196014746
15.968206253000062,0.03148744734465456,0.049022736588461846,1.4799378192941899,-0.04424949160423512,-0.005970513958662279,0.03216607739010032,0.04734753794042689,-0.016855714618408926,0.001991125581582575,0.0,0.0,1.5,0.061621255566376515,10768.224155193453,10802.490233659672,10867.739246318832,10837.85219470119,0.0,0.0,0.0,0.0,0.0,0.0,nan,0,0.007507049616314848,-0.011627660288301457,-0.014785340092494215
15.978741087000344,0.016543950151899984,0.04309041287446297,1.4834923131180449,-0.049481096607275406,-0.02524606432056953,0.060095308118058785,0.04851745369451087,-0.020618894159151135,0.0031476809595806,0.0,0.0,1.5,0.0490202988007306,10742.527617725173,10789.52570853633,10868.232063916399,10819.568351526459,0.0,0.0,0.0,0.0,0.0,0.0,nan,0,-0.006559740963645477,-0.01688160672935242,-0.011219956344221904
15.989382095999645,0.03924300757200374,0.055222456979421165,1.5279733317512827,-0.08525092598155605,-0.08254136038784533,-0.04370375655287375,0.047690888185582335,-0.01890440977536059,0.0005308635967073836,0.0,0.0,1.5,0.07329420636999684,10751.158829985665,10788.971852244098,10858.696346770155,10821.88609752001,0.0,0.0,0.0,0.0,0.0,0.0,nan,0,0.01660460670749839,-0.004343049713463901,0.03327342860469251
15.999740678000308,0.011777371710069531,0.06128868106088662,1.5112478449152509,-0.08138214726273874,-0.06383208433391314,-0.03043781553043016,0.045965042972343995,-0.01862400132555528,0.0033488817482707966,0.0,0.0,1.5,0.06341547859803444,10724.538197121978,10766.374729231162,10837.361391782348,10799.82242463682,0.0,0.0,0.0,0.0,0.0,0.0,nan,0,-0.010378529320459828,0.0021736644238978253,0.016566455340536912
16.010652078999556,0.00812520565172971,0.06453687615671262,1.4930313683102225,-0.06199441796308135,-0.05459975756705451,0.028035376565467927,0.045361664038387234,-0.01680978088011435,-0.0010426903605421688,0.0,0.0,1.5,0.06541856906549955,10731.456903148737,10777.799372676109,10861.451565233348,10820.923348092869,0.0,0.0,0.0,0.0,0.0,0.0,nan,0,-0.013531560090630649,0.005915631628681042,-0.0016248957497324579
16.02097716499975,0.026669894633078003,0.0678714874621153,1.4980381737861395,-0.028872559424039195,-0.07518221573222757,0.019506660399812355,0.040576988658429264,-0.015094715110115673,0.0020821186291490657,0.0,0.0,1.5,0.07294978308503013,10731.456903148737,10777.799372676109,10861.451565233348,10820.923348092869,0.0,0.0,0.0,0.0,0.0,0.0,nan,0,0.005013128890717644,0.009250242934083719,0.003381909726184462
16.03159982499983,0.02073957143234537,0.05657038834058428,1.5018945258539853,-0.04937164449387358,-0.053226805249994076,0.005768310291504736,0.044018505985275534,-0.018770086131824203,0.003210316212453756,0.0,0.0,1.5,0.060282069377330515,10736.67910609818,10791.770439590104,10867.935040876258,10819.258440581694,0.0,0.0,0.0,0.0,0.0,0.0,nan,0,0.00012877178188916427,-0.0009359454850703317,0.007298655667732579
16.04183586399995,0.015795332811501923,0.05756667514703936,1.4805942714072353,-0.097693169217091,-0.06765863430617228,-0.014198914267855864,0.042355806642702415,-0.013278717825288448,-0.0016305924281915102,0.0,0.0,1.5,0.06276939483798544,10736.67910609818,10791.770439590104,10867.935040876258,10819.258440581694,0.0,0.0,0.0,0.0,0.0,0.0,nan,0,-0.004815466838954282,6.0341321384743685e-05,-0.01400159877901741
16.052529896000124,0.01371886346262768,0.054545661080526005,1.4989515401235842,-0.028999335689762297,-0.0643067310713268,-0.023558950252594805,0.043918588620978444,-0.01510616269200245,-0.005423985317994408,0.0,0.0,1.5,0.0562542054030655,10747.880017725874,10779.83861620668,10842.118750903654,10823.23063532862,0.0,0.0,0.0,0.0,0.0,0.0,nan,0,-0.005786647035780582,-0.001681387856272691,0.004433476953970228
16.06287202600015,0.013991587440877046,0.05681010400676806,1.5171174714675868,-0.0777206492547488,-0.060293933166231724,-0.05224572035800603,0.040977320573237316,-0.012695752575516455,-0.0018781671747580752,0.0,0.0,1.5,0.06096031714008024,10747.880017725874,10779.83861620668,10842.118750903654,10823.23063532862,0.0,0.0,0.0,0.0,0.0,0.0,nan,0,-0.005513923057531216,0.0005830550699693626,0.0225994082979728
16.073316148999766,0.018180922160040826,0.05600071353021722,1.4786593493086815,-0.061077570412887076,-0.07690573019907428,-0.01498686902120862,0.036707047194563434,-0.011233869117722627,0.005509466827492014,0.0,0.0,1.5,0.06262626620206406,10806.497530893546,10826.311983318976,10887.320856735076,10868.429898892518,0.0,0.0,0.0,0.0,0.0,0.0,nan,0,-0.0001651420441089249,0.0012109062517272964,-0.015775205828334027
16.08391858699997,0.02089936650110791,0.02463643887188479,1.5078903172012685,-0.08979211506236974,-0.0830808445734646,0.05051808008898041,0.03780043894105191,-0.01254214386768165,-0.0005356388347506068,0.0,0.0,1.5,0.033256499304231975,10824.302128456286,10844.813785882514,10897.430581823795,10875.8488356805,0.0,0.0,0.0,0.0,0.0,0.0,nan,0,0.0031517167629277337,-0.029377478364836722,0.013490892805718024
16.0942852219996,0.028025068604188866,0.048824914770545076,1.5102037659257037,-0.07169548292642391,-0.08905776016823673,-0.002353087557040512,0.03505720404271961,-0.013193947983222126,-0.002056954691427444,0.0,0.0,1.5,0.057213578909967124,10849.232528939869,10865.147506407275,10908.281321853336,10898.052072356719,0.0,0.0,0.0,0.0,0.0,0.0,nan,0,0.01088738828114964,-0.004376084881899313,0.01583114135641983
16.104820677000134,0.010029710700017768,0.043467303056929446,1.4903586530484199,-0.05388280510739376,-0.12037044789621124,-0.012343901077517606,0.03626738310763541,-0.010343245025151158,-0.0005408494800451078,0.0,0.0,1.5,0.04563942487378366,10780.896936522577,10803.39131144978,10856.123387573254,10839.993161577573,0.0,0.0,0.0,0.0,0.0,0.0,nan,0,-0.006487216595263549,-0.008884906309987305,-0.003991564595123842
16.115580933000274,0.00045792686767751403,0.07244012892543793,1.4968599732148624,-0.046248256210266736,-0.08529401843228958,0.029028485558734392,0.03534967020673505,-0.010848277168907558,0.0032993170828287087,0.0,0.0,1.5,0.07250959759894955,10778.098437153549,10794.272687735254,10846.656037553726,10832.604540086528,0.0,0.0,0.0,0.0,0.0,0.0,nan,0,-0.015428259480419919,0.020971337873653607,0.0025336306065693037
16.125996707999548,0.0072883706565112436,0.06588358204766682,1.471644777370415,-0.0454611879042093,-0.09030737687074432,-0.04275801376364577,0.032930514290926985,-0.006282909224941049,-0.004067063007364225,0.0,0.0,1.5,0.07209566825150915,10797.806147716583,10805.211450704057,10868.527515416426,10861.451688591605,0.0,0.0,0.0,0.0,0.0,0.0,nan,0,-0.007957810865316427,0.01533182800889804,-0.022657562613623616
16.136377093000192,0.007140726278417799,0.038442194348141986,1.4908436715974152,-0.06267930064019302,-0.10610825249538525,0.017828483680349727,0.03333538306460854,-0.00969925361979156,-0.005294581015210821,0.0,0.0,1.5,0.04015757248514392,10797.806147716583,10805.211450704057,10868.527515416426,10861.451688591605,0.0,0.0,0.0,0.0,0.0,0.0,nan,0,-0.008105455243409871,-0.012109559690626798,-0.0034586683866235646
16.14700401400023,0.01898266287263919,0.02285781725489572,1.5018181842949538,-0.06380056028891072,-0.11656195394789455,-0.028922893521700462,0.028788755692947837,-0.00832956774737744,-0.004415095340906054,0.0,0.0,1.5,0.029767886950956054,10858.662853469736,10850.109355228446,10884.506079775241,10894.53469623545,0.0,0.0,0.0,0.0,0.0,0.0,nan,0,0.0050413411557580536,-0.025763263383252345,0.007560712672223913
16.15745225399951,0.02719342450625674,0.041578806227325876,1.4950839707150236,-0.11768056879045109,-0.138243435871784,-0.01982597538175474,0.028986941683866136,-0.007179398835146621,-0.0005532922317561665,0.0,0.0,1.5,0.04992441093891587,10838.124787224391,10829.5214190221,10871.919547822088,10875.79834102986,0.0,0.0,0.0,0.0,0.0,0.0,nan,0,0.013915528199658692,-0.006030656290382894,0.0008400475195105006
16.16789645300014,0.0009258311870886018,0.06305499689139613,1.4852855950937487,-0.050891159660122996,-0.10839589601772198,0.024146631167265755,0.028323059260795504,-0.005489089773585342,0.0017563272148853897,0.0,0.0,1.5,0.06475572181750484,10847.364651926491,10832.78351942763,10883.948238211111,10889.27308893189,0.0,0.0,0.0,0.0,0.0,0.0,nan,0,-0.011682294053431071,0.01648648249906677,-0.008951217411238499
16.178282941999896,0.02027753525998702,0.05638319350618541,1.51382964373007,-0.06884560325762958,-0.10000480266773294,-0.0024534082951878566,0.02836448162461593,-0.004863029019894952,-9.353312588665227e-06,0.0,0.0,1.5,0.06149391833243862,10847.364651926491,10832.78351942763,10883.948238211111,10889.27308893189,0.0,0.0,0.0,0.0,0.0,0.0,nan,0,0.007669410019467348,0.009814679113856056,0.01959283122508282
16.189438636999512,0.021720107782784104,0.04222122325694659,1.4858647410233101,-0.056477814289041486,-0.0773952627432734,-0.011174981607604217,0.024227544577231887,-0.002158780703659109,-0.006776792855793814,0.0,0.0,1.5,0.04953988617010316,10837.429463130415,10832.544731262145,10871.12055285458,10874.648452509853,0.0,0.0,0.0,0.0,0.0,0.0,nan,0,0.01046764528482485,-0.002182051040193679,-0.008380878064814468
16.19935286100008,0.019137087080739686,0.033737039350651664,1.481806355862728,-0.05948997791499787,-0.10199823094784441,0.008555729611375903,0.025298602336169273,-0.0037884000888257293,-0.000673647273502036,0.0,0.0,1.5,0.04284185585472375,10837.429463130415,10832.544731262145,10871.12055285458,10874.648452509853,0.0,0.0,0.0,0.0,0.0,0.0,nan,0,0.008569031067360433,-0.0095444938325428,-0.012450964711016699
16.20989966599973,-0.005417099122780111,0.0441653646109278,1.5075123309506926,-0.09864899443837227,-0.07775160309977644,-0.008045729429838309,0.023133090542527705,-0.0035419565740482015,-0.0013057124377525992,0.0,0.0,1.5,0.04512604026983703,10860.262019220856,10836.461571742622,10847.920186927871,10861.763949752416,0.0,0.0,0.0,0.0,0.0,0.0,nan,0,-0.015297339859365018,0.0020299716167831924,0.013239582377462478
16.221355409000353,0.0055510343304650215,0.029161579231806616,1.4781772847039936,-0.052303175575221204,-0.1270571562825778,0.034576817246949755,0.022509129683428584,-0.0032177125800678477,-0.0003100318780306907,0.0,0.0,1.5,0.03684348773286114,10860.262019220856,10836.461571742622,10847.920186927871,10861.763949752416,0.0,0.0,0.0,0.0,0.0,0.0,nan,0,-0.004329206406119886,-0.012973813762337992,-0.016095463869236548
16.230886581999584,0.007959155101415368,0.028312994261211293,1.4821733571035036,-0.037472653313620354,-0.11568213381038803,-0.00782322936618085,0.01961276270163175,-0.001687633375093134,0.0007690927795081289,0.0,0.0,1.5,0.03439132144775735,10864.185654188874,10837.237783413217,10848.214293009914,10867.392866129696,0.0,0.0,0.0,0.0,0.0,0.0,nan,0,-0.0012305720893595207,-0.012653062351793119,-0.012120366090345058
16.241490839999642,4.050685425845222e-05,0.019073935511946437,1.494824189406389,-0.08409515472131615,-0.08952468149154691,-0.010178329924249252,0.017544076464436544,0.0021037708459534024,0.0025099846894959784,0.0,0.0,1.5,0.01976374640649059,10852.128421067515,10844.596915795646,10838.570581181295,10839.737157438525,0.0,0.0,0.0,0.0,0.0,0.0,nan,0,-0.00845671585052285,-0.02070085609965265,0.0005046797219494525
16.25208450900027,0.0022407877159287158,0.04536524322510694,1.4988104923705021,-0.06912065510247262,-0.11477180057488197,-0.006197737526658697,0.02008226224272195,-0.0016400944417190083,-0.0008580101642089841,0.0,0.0,1.5,0.04543612385384125,10862.522047273289,10837.392327103205,10842.668731253592,10867.64699032417,0.0,0.0,0.0,0.0,0.0,0.0,nan,0,-0.004868242744484694,0.008033681061289058,0.004429536441321158
16.26274879199991,0.0027115345162337565,0.044387596288691794,1.4928425401119698,-0.06719854624240243,-0.12208155149695554,-0.0003236929931451803,0.017415514962332096,0.0006601212467001423,-0.007112769982154246,0.0,0.0,1.5,0.04504265040791199,10865.324679111161,10849.31166102633,10844.839929522885,10863.235038490999,0.0,0.0,0.0,0.0,0.0,0.0,nan,0,-0.0037031771665933344,0.008305568284894468,-0.0015769628092603405
16.272970600000008,0.011378591109817836,0.051014757295356344,1.4884771888438788,-0.09744965563746823,-0.13201910409869594,0.022534087710324422,0.016681657112585457,-0.0006574108175075909,-0.00413740947782375,0.0,0.0,1.5,0.05352338717316169,10865.324679111161,10849.31166102633,10844.839929522885,10863.235038490999,0.0,0.0,0.0,0.0,0.0,0.0,nan,0,0.004963879426990745,0.014932729291559019,-0.005942314077351352
16.28347153699997,0.0014912576062291473,0.04010111331931691,1.497099372833169,-0.025503664936461303,-0.1194535172498478,0.027221333768948953,0.013821165309952109,0.0006919755340287597,-0.010228394963433226,0.0,0.0,1.5,0.04023352801654101,10863.678988667949,10843.962362930743,10842.104446736317,10851.705416013865,0.0,0.0,0.0,0.0,0.0,0.0,nan,0,-0.003537717940484474,0.006567801170493472,0.002585871267474227
16.294320723000055,-0.0034685086421061403,0.028295994152825493,1.4753474790557013,-0.051042614786688506,-0.13706502832117654,0.0035750230097005412,0.013422598391363907,0.0006665377936102681,-0.0005005590907769651,0.0,0.0,1.5,0.03768873341207138,10845.003044562105,10834.717413962913,10836.210455169185,10833.967691094691,0.0,0.0,0.0,0.0,0.0,0.0,nan,0,-0.007807374559078039,-0.003940638331010972,-0.019219693410225336
16.30454734199975,0.003552112917770543,0.04529789695230291,1.4911625544807179,-0.08204315425815267,-0.11047164768139575,-0.0020798923868324713,0.015486074044661643,0.0035123212600759427,0.0035193471689457458,0.0,0.0,1.5,0.04628841558952223,10837.4010470563,10805.165741857687,10806.464159439736,10817.472630896396,0.0,0.0,0.0,0.0,0.0,0.0,nan,0,-9.933472671311847e-05,0.014371136543653927,-0.0034592182362818136
16.314930114999697,0.01766833363486516,0.034662610783229186,1.497100870799941,-0.058691912612781304,-0.13745981983050184,-0.019326089880339226,0.011108101708886655,0.0036908972504087886,-0.0066408964579750965,0.0,0.0,1.5,0.03901373539999956,10837.4010470563,10805.165741857687,10806.464159439736,10817.472630896396,0.0,0.0,0.0,0.0,0.0,0.0,nan,0,0.014016885990381497,0.003735850374580206,0.0024790980829412224
16.325670614000046,-0.0011522429393408867,0.03411149040430634,1.4869770216992606,-0.06884341428048638,-0.12705156872730197,0.009604784014774492,0.00950002963671603,0.005484647529190406,-0.0023262313588835078,0.0,0.0,1.5,0.036531074514936916,10859.291677214036,10838.03036648826,10831.238346516784,10846.169241600275,0.0,0.0,0.0,0.0,0.0,0.0,nan,0,-0.003439462600765625,0.00583921908778957,-0.007759996039262029
16.33604109099997,0.012891539086432719,0.0285508077084332,1.4867963660917356,-0.05456576543079245,-0.12971533405422295,-0.005881904013196198,0.012598472048163493,0.003976430034302385,-0.0013742614730313824,0.0,0.0,1.5,0.033995240096290257,10859.291677214036,10838.03036648826,10831.238346516784,10846.169241600275,0.0,0.0,0.0,0.0,0.0,0.0,nan,0,0.010604319425007981,0.00027853639191642923,-0.007940651646787034
16.346646803000112,0.004480915717036993,0.030401927409837177,1.4715811753614048,-0.05373977079543757,-0.16097608775721425,0.03239558605741256,0.00660747653721832,0.006442361327404224,-0.007132965511431423,0.0,0.0,1.5,0.041856724546187635,10873.854691694482,10841.380973964804,10838.786752763232,10860.808155026569,0.0,0.0,0.0,0.0,0.0,0.0,nan,0,0.002869260334061777,0.0034718906829550693,-0.023220284721681805
16.357257671000298,-0.007711828817975651,0.001124413477934981,1.5101646998154767,-0.08310551584182158,-0.14390685166178177,0.010719352611888474,0.006696492698129197,0.00761650089842676,-0.0068178945863987105,0.0,0.0,1.5,0.012808502321734359,10880.108701988698,10842.760416879717,10841.282856230495,10869.59893385481,0.0,0.0,0.0,0.0,0.0,0.0,nan,0,-0.007988456356156472,-0.023097172926162226,0.01521724657009993
16.36757066300015,0.0026444490034439917,0.030352143479396618,1.5142830119720565,-0.05858660808018872,-0.16397673976240948,0.0011834349970764018,0.004009339146520781,0.0059363449266188785,0.0003063617878980557,0.0,0.0,1.5,0.033648925024725586,10872.55669009305,10828.961838092768,10838.023055242216,10867.458586636023,0.0,0.0,0.0,0.0,0.0,0.0,nan,0,0.003026133224344929,0.007494381085147984,0.019253424144982878
16.37799374399947,0.003155623351431876,0.022656527475452826,1.4939394344464507,-0.03813289046841253,-0.19276230022164065,-0.014712633438540079,0.0025719230137396802,0.00845574682223767,-0.002036976552701124,0.0,0.0,1.5,0.023664459656009874,10834.894592173752,10804.268219523125,10824.633868564955,10839.604272865623,0.0,0.0,0.0,0.0,0.0,0.0,nan,0,0.004188769308908712,0.0011673808666202885,-0.0011753816708715004
16.38867269000002,-2.959246825743212e-05,0.027576313415315558,1.5015505013475945,-0.06158271278339388,-0.11859882923619816,0.02074521107591563,0.0056714487971044406,0.00498278211227879,0.002744665127770593,0.0,0.0,1.5,0.027619883991841506,10816.943481518048,10788.039196609765,10808.021869146469,10827.830891506987,0.0,0.0,0.0,0.0,0.0,0.0,nan,0,0.0016476633314245496,0.0074593663831154615,0.006351092683725579
16.39907002200016,0.005123435751910725,0.03101228744438639,1.4955066957078256,-0.050229939187458134,-0.15778428958443394,0.047765626409386495,0.0015237517497966708,0.008163758371302359,-0.0021410976771853237,0.0,0.0,1.5,0.03175218653729654,10816.943481518048,10788.039196609765,10808.021869146469,10827.830891506987,0.0,0.0,0.0,0.0,0.0,0.0,nan,0,0.006800691551592707,0.010895340412186292,0.00030728704395666107
16.409726609000245,-0.01364983635767921,0.009077755960400606,1.4944837452950115,-0.08962148430859755,-0.16503415362669066,0.07197151327925382,-0.0019095265633496492,0.006651434985980152,-0.0034540120576741005,0.0,0.0,1.5,0.017296032835257855,10821.130605074863,10791.079970009094,10802.051711126125,10828.882803529903,0.0,0.0,0.0,0.0,0.0,0.0,nan,0,-0.010708460992812998,-0.008288818480635125,-0.0008841515846582659
16.419992041000114,-0.010971821565117574,0.008499093613453579,1.4945423538889522,-0.047550652577239956,-0.1301256471901727,-0.052054098960548946,0.001371633209718978,0.010806376656271287,-0.0062841021312038635,0.0,0.0,1.5,0.014913127163021907,10797.724637903017,10763.930936470346,10771.758285335249,10802.623541100382,0.0,0.0,0.0,0.0,0.0,0.0,nan,0,-0.007411374745328273,-0.007491720302020288,-0.0009052264494435747
16.430546087999574,-0.015084897697977231,0.028026149340563,1.4756319471849142,-0.08662963091102714,-0.13465682235248494,-0.015857731131516888,-0.0030983688054926333,0.009408320665844594,-0.0031546545609684724,0.0,0.0,1.5,0.04008517410984752,10797.724637903017,10763.930936470346,10771.758285335249,10802.623541100382,0.0,0.0,0.0,0.0,0.0,0.0,nan,0,-0.01152445087818793,0.012035335425089135,-0.01981563315348156
16.441208391000146,-0.01263078511940471,0.01311967450318265,1.4992069509408592,-0.0318428829011342,-0.1440115112050239,-0.01375478224636046,0.00017922271602253324,0.010725761132511618,0.0032941660773091845,0.0,0.0,1.5,0.018228864984201305,10818.365696275376,10798.778805879028,10804.173272744243,10820.094281638585,0.0,0.0,0.0,0.0,0.0,0.0,nan,0,-0.00786031290793382,-0.0001245009275226694,0.0036274887030545155
16.451657357999466,0.005973653225391537,0.017941409116165447,1.4846703249650055,-0.07128383611743035,-0.14347909329401795,-0.003534070302358046,-0.0045105309301168755,0.012800768216120837,-0.00010360270061406546,0.0,0.0,1.5,0.024342917462978605,10856.064078814128,10848.881492790384,10840.459640614015,10842.15562053568,0.0,0.0,0.0,0.0,0.0,0.0,nan,0,0.011334079426111084,0.0060656671463179945,-0.010972885549391576
16.462276067999483,-0.011270219091957346,0.020245605359460885,1.4714268723289672,-0.061451955993821646,-0.17104032898694627,0.016589445537717455,-0.0065225995706938425,0.011753420732364454,0.007926493716906614,0.0,0.0,1.5,0.03678757942100693,10856.064078814128,10848.881492790384,10840.459640614015,10842.15562053568,0.0,0.0,0.0,0.0,0.0,0.0,nan,0,-0.0059097928912377985,0.008369863389613432,-0.024216338185429898
16.472677157999897,-0.0042023557677891,0.005411918106514782,1.4959451130040435,-0.04822216151065114,-0.1372233522027245,0.01583701491704227,-0.004684810471719005,0.007588839281392875,-0.003195351771896728,0.0,0.0,1.5,0.007961831456434487,10874.20656309161,10856.829765328766,10839.205725903634,10861.53844895509,0.0,0.0,0.0,0.0,0.0,0.0,nan,0,0.0023054780535100485,-0.0037428679037325293,0.00015863997795073637
16.48453775300004,-0.00977998663229391,0.005512201707121679,1.5025512118596573,-0.06801187537067913,-0.13916260890914323,-0.030426502575442296,-0.010773587617169653,0.016308251165666754,-0.0009503740515938468,0.0,0.0,1.5,0.011512653392710953,10871.989372027663,10862.61806210987,10843.641460089939,10870.069693222502,0.0,0.0,0.0,0.0,0.0,0.0,nan,0,-0.0027155722486901885,-0.0022924919437538813,0.0066831272022673804
16.50406475499949,0.0035491797836283666,-0.006307175838728275,1.4916427391565563,-0.030635906252898186,-0.1298455626645835,0.022826912944992932,-0.0110529550750909,0.013841058193819027,-0.006598635388586374,0.0,0.0,1.5,0.011055358565081053,10856.702781267015,10843.46998510769,10824.058558080393,10847.012115826425,0.0,0.0,0.0,0.0,0.0,0.0,nan,0,0.011690510678246615,-0.011438406940654003,-0.004404615169568915
16.514569230000234,-0.014408128929247947,0.009768278458007573,1.4815463349658098,-0.05280330534969519,-0.10505894740446847,0.02452450796237295,-0.012839853662174007,0.010688486185875845,0.007419589544951446,0.0,0.0,1.5,0.02536831087142187,10874.440251696655,10857.663532968561,10832.280778501443,10855.07822326226,0.0,0.0,0.0,0.0,0.0,0.0,nan,0,-0.006266798034629699,0.0046370473560818455,-0.014501019360315448
16.525082145999477,0.005912052903990713,0.005946756226893268,1.4935463916357647,-0.032732983046721474,-0.15489465430613886,-0.025270457010145176,-0.009050694772290487,0.012528102673489938,0.005253944354659283,0.0,0.0,1.5,0.010581367590278966,10875.271319630112,10838.229670052599,10811.682549494455,10845.307795288789,0.0,0.0,0.0,0.0,0.0,0.0,nan,0,0.015079338558626827,0.003445475729423659,-0.0027044539563789716
16.535611072999927,-0.015342762715284688,0.008243167663658822,1.503498804863663,-0.01160786411450355,-0.15698032970944084,0.02753659378124585,-0.015343208978975093,0.01111621501065718,-0.004493931336352299,0.0,0.0,1.5,0.01776490406229971,10875.271319630112,10838.229670052599,10811.682549494455,10845.307795288789,0.0,0.0,0.0,0.0,0.0,0.0,nan,0,-0.005682495584184381,0.007037695774305316,0.007140305154835547
16.546268303999568,-0.0006566301035470234,0.0026602285335848726,1.4854180438891438,-0.07715602011191106,-0.14871853840510915,0.06437263558761293,-0.015111158139198527,0.012564113657333625,0.008318984440717643,0.0,0.0,1.5,0.014837163575384628,10890.04941517256,10854.841005443075,10816.223201056893,10858.347302320648,0.0,0.0,0.0,0.0,0.0,0.0,nan,0,0.00948282132698457,0.0027362810139256507,-0.011052414388332155
16.556716459999734,-0.0019872969584886543,-0.0036964150912755724,1.468957941370166,-0.04305463204856303,-0.17586885113739426,-0.018539333541693567,-0.021334351445176456,0.012374645303154951,0.005702241005550815,0.0,0.0,1.5,0.03132446707776962,10890.04941517256,10854.841005443075,10816.223201056893,10858.347302320648,0.0,0.0,0.0,0.0,0.0,0.0,nan,0,0.00815215447204294,-0.0036203626109347943,-0.027512516907309825
16.567330930000026,-0.01090221993859965,0.003963293285005625,1.4846472886508388,-0.04739394366031292,-0.11526435859818097,0.017213960131999873,-0.016178548654845994,0.015122733037521966,-0.007658571108836209,0.0,0.0,1.5,0.019242448883217345,10860.02421841478,10815.58816413083,10783.225038848635,10828.368132461928,0.0,0.0,0.0,0.0,0.0,0.0,nan,0,-0.00029768225560643756,0.005305512879211966,-0.011937928695533229
16.577706502999717,-0.024140944845736475,0.001042010528233633,1.5008270073010246,-0.011580445291478047,-0.11233357461763348,-0.016893611280869306,-0.020242617524684942,0.014986104082078634,-0.0029005855995834586,0.0,0.0,1.5,0.024177571115845946,10815.611237461639,10792.26454945548,10756.164346634634,10791.629259595604,0.0,0.0,0.0,0.0,0.0,0.0,nan,0,-0.013085632003221385,0.0036340609043942046,0.004130230193145401
16.588204914000016,-0.0045561149337211065,-0.010180673722389951,1.5177912568590144,-0.01644905188710107,-0.13098631930201157,-0.016928443498007532,-0.017610453223910114,0.014080579254682295,-0.003392324345510182,0.0,0.0,1.5,0.020998407590921375,10868.064085549375,10841.93987627078,10800.131400038743,10830.62756439548,0.0,0.0,0.0,0.0,0.0,0.0,nan,0,0.007356579677715246,-0.005142330260904033,0.02087151206832427
16.598753053999644,-0.024184269135667878,-0.011584705647616992,1.4899286439386275,-0.007164766346969809,-0.11555584380371874,0.023981084772476,-0.020061764689159184,0.013883713920897196,0.0012176077202138054,0.0,0.0,1.5,0.028644659039396725,10883.66554282763,10850.535601440737,10798.638696819784,10833.0139604337,0.0,0.0,0.0,0.0,0.0,0.0,nan,0,-0.011865538868975106,-0.005352033223613126,-0.007106741011464912
16.609247233000133,-0.015502704122807211,0.008568245895096794,1.5017023828771587,-0.012598377329672885,-0.1056623966136869,0.041226434108703615,-0.020824720712861528,0.01791971150631919,0.002516587987080708,0.0,0.0,1.5,0.017794571652573997,10874.81551433988,10830.916820523094,10787.094585549161,10827.711692432385,0.0,0.0,0.0,0.0,0.0,0.0,nan,0,-0.0027933457102137793,0.015974709496045535,0.004549048199949723
16.61961178399997,0.0013104256556929102,-0.021631320713850544,1.5004087416016991,-0.014446325036269938,-0.12807241565167074,0.042318984522422526,-0.022938994037476373,0.018193290456278887,0.002437079663915038,0.0,0.0,1.5,0.021674831508491994,10865.29922142037,10821.368373302816,10773.278104475228,10817.922044778988,0.0,0.0,0.0,0.0,0.0,0.0,nan,0,0.014394828093938467,-0.013072528588222963,0.003137164375109691
16.630238255999757,-0.017639196880352065,-0.008991858781253657,1.5132043960802912,0.007486749215942622,-0.11137273721256855,-0.028049167420684494,-0.024147610644872294,0.017227450500578542,-0.002336130208378342,0.0,0.0,1.5,0.023798127379502803,10865.29922142037,10821.368373302816,10773.278104475228,10817.922044778988,0.0,0.0,0.0,0.0,0.0,0.0,nan,0,-0.0045547944421065086,-0.00043306665562607705,0.01593281885370179
16.64061250299983,-0.008689710182773949,-0.02684602267853114,1.523981320961547,-0.004978715547502542,-0.1258015248349563,0.0226263302405654,-0.025393718953929195,0.014134400089805306,0.00018733329371333892,0.0,0.0,1.5,0.037031388736820874,10819.193782243152,10764.035142114228,10709.818220727691,10771.444089242601,0.0,0.0,0.0,0.0,0.0,0.0,nan,0,0.00509758064378084,-0.016050311044451752,0.026488891631522016
16.651107965999472,-0.016543581973549083,-0.007404166672895228,1.4974546041503687,-0.015227198213134093,-0.08101945200154578,-0.013534292407469962,-0.025929316534946,0.020064464445623507,-0.00043830963915866974,0.0,0.0,1.5,0.018302754674279796,10847.530488832661,10784.953103491653,10726.874090421576,10793.026815385669,0.0,0.0,0.0,0.0,0.0,0.0,nan,0,-0.0024286572725202814,0.0044744673085051825,-0.0001357743106782383
16.662315685000067,-0.02050191872649258,0.0001588972561333401,1.487825443499901,-0.06114633515721318,-0.09087465811791125,-0.043800490087334464,-0.025473570953998815,0.019501408619699238,0.0006653293203574655,0.0,0.0,1.5,0.023844784456560245,10847.530488832661,10784.953103491653,10726.874090421576,10793.026815385669,0.0,0.0,0.0,0.0,0.0,0.0,nan,0,-0.006075356339541028,0.013095654635030792,-0.009853660158974042
16.673567660000117,-0.016735712091280285,-0.02313064996027962,1.4903676081169541,-0.048918684969238915,-0.13773866116071987,0.013865128809793783,-0.029203725888757318,0.014439458229744457,0.0030863037936758133,0.0,0.0,1.5,0.030131279431444277,10845.90542409611,10790.533474946451,10725.465952872168,10784.623516026782,0.0,0.0,0.0,0.0,0.0,0.0,nan,0,-0.0020135715639368404,-0.009161382393622398,-0.007391068384946298
16.6834883169995,-0.03142389349478704,0.0014031574846226063,1.5178596210563875,-0.05240547981639266,-0.11605243479067849,0.01171279516152192,-0.028182568931963522,0.017199938598979458,-0.005640449663969169,0.0,0.0,1.5,0.03617175690474726,10890.03863296017,10856.295083582596,10782.888469423926,10819.116653748188,0.0,0.0,0.0,0.0,0.0,0.0,nan,0,-0.016422384221044486,0.0163783486681602,0.020023302858487968
16.693749261999983,-0.004276978321515976,-0.019506659808225826,1.502271096314954,-0.014797907231163268,-0.10908485802882131,-0.025983834779119464,-0.02848240641937477,0.017918062003801024,-0.0007603246597445878,0.0,0.0,1.5,0.02009876112869566,10865.694789429395,10852.691085725375,10791.430039393597,10812.657883466487,0.0,0.0,0.0,0.0,0.0,0.0,nan,0,0.01098762134711896,-0.003552982985246301,0.004355322610073431
16.70394430000033,-0.02246107655120435,-0.010267284278006196,1.4661015271569549,-0.0636280613491587,-0.09881566783927141,0.0015339957851854137,-0.028264446436964602,0.017451576253897497,-0.006228067921791031,0.0,0.0,1.5,0.04194071467411022,10865.694789429395,10852.691085725375,10791.430039393597,10812.657883466487,0.0,0.0,0.0,0.0,0.0,0.0,nan,0,-0.007196476882569414,0.005686392544973329,-0.03181424654792564
16.714684785999452,-0.024258598932005368,-0.028689303044019728,1.5154334970475687,-0.021616446804781978,-0.09165512318156403,0.02692904836775557,-0.028970873802281975,0.01596150339766072,0.004487541218121292,0.0,0.0,1.5,0.040617096922512856,10830.832095536707,10830.915056024007,10771.1593365721,10772.973859142916,0.0,0.0,0.0,0.0,0.0,0.0,nan,0,-0.008747126072742558,-0.011785201410568456,0.01743979067454937
16.725041675000284,-0.008001494717977268,-0.037012672236485106,1.493907162888601,0.005148995693241296,-0.1205290749331874,0.002270942662869598,-0.029461558695169063,0.016029518997189136,0.0003969064440981757,0.0,0.0,1.5,0.038354719238619585,10855.556221442152,10842.533876913092,10788.407872673408,10801.291986661241,0.0,0.0,0.0,0.0,0.0,0.0,nan,0,0.007740655797701333,-0.019186872093442497,-0.004162335349265023
16.735510200000135,-6.240177053320681e-05,-0.024598680617660983,1.4818667986316414,-0.03706253247210172,-0.09092913077753564,-0.000381030942299343,-0.03164218126655852,0.01840736598662577,0.0012143324927828575,0.0,0.0,1.5,0.030559973396194217,10834.808505222109,10834.88999547832,10781.223472840977,10781.524357829243,0.0,0.0,0.0,0.0,0.0,0.0,nan,0,0.01609238456388771,-0.00501859018837247,-0.01635983215723713
16.74627806799981,-0.019984794458234763,-0.04390833735984459,1.48098629629062,-0.006482581495522739,-0.09110382778248927,0.02949990791324654,-0.02859211243450451,0.016683710726725438,0.006854594597819129,0.0,0.0,1.5,0.051854170786850964,10841.470378855098,10826.492086855014,10786.925269218656,10805.017789794845,0.0,0.0,0.0,0.0,0.0,0.0,nan,0,-0.0036479383203941694,-0.023496727561367173,-0.0173170288958433
16.75708291399951,-0.03565530461539468,-0.028641781020482808,1.5004661919219247,0.009656902393184594,-0.0777885874941034,0.039011086054355465,-0.031608945451177116,0.014656055173881171,-0.0017681380923684378,0.0,0.0,1.5,0.045736962100143275,10841.470378855098,10826.492086855014,10786.925269218656,10805.017789794845,0.0,0.0,0.0,0.0,0.0,0.0,nan,0,-0.019318448477554085,-0.008230171222005391,0.0021628667354613995
16.767203264999807,-0.024892565032895067,-0.02404859789578362,1.4908238101022808,-0.029902537750465776,-0.0790376589842047,-0.0405173266001991,-0.03544430864506491,0.01646821546685914,-0.001338576183844071,0.0,0.0,1.5,0.03580750362296989,10862.191898983612,10848.176669341152,10801.27567881376,10818.832382338607,0.0,0.0,0.0,0.0,0.0,0.0,nan,0,-0.008389796261959123,-0.002836686797620499,-0.007556171528048328
16.777758526999605,-0.017030569701816944,-0.02618096416066199,1.4924846690654934,-0.026630039161324993,-0.08193030435498361,0.022227125125934995,-0.03426256081882657,0.018365107100125285,-0.0037265701572919774,0.0,0.0,1.5,0.03212418695944638,10827.032556871807,10808.255878547772,10762.105434837882,10785.609726736471,0.0,0.0,0.0,0.0,0.0,0.0,nan,0,-0.00024430181779994467,-0.0034642234024458603,-0.006047687557505954
16.78816162200019,-0.015554488611975234,-0.021480580811332303,1.4991807662543413,-0.00990691676003623,-0.09353465873106696,-0.009353791077209609,-0.035413662440691836,0.015230238886609347,-0.007984097949932234,0.0,0.0,1.5,0.026533537493185315,10870.09137125179,10860.764593133254,10805.80935867207,10817.82891522477,0.0,0.0,0.0,0.0,0.0,0.0,nan,0,0.0013494897905184534,0.0019397372953734657,0.0005747129266999718
16.79836770699967,-0.02123203260165894,-0.03013505874035273,1.5048068276255302,0.020458088680886916,-0.05782334200882591,0.029609871063030386,-0.03426535462781349,0.018801120665008327,-0.009915950651598206,0.0,0.0,1.5,0.03717561789000928,10870.09137125179,10860.764593133254,10805.80935867207,10817.82891522477,0.0,0.0,0.0,0.0,0.0,0.0,nan,0,-0.004328054199165252,-0.006714740633646962,0.0062007742978889
16.808927797999786,-0.0069637554609156115,-0.022775972262303688,1.4998416719782788,0.00390523830885779,-0.04827531654427342,0.049526253718092716,-0.03252583500261687,0.018336063917163758,0.0029878571356183495,0.0,0.0,1.5,0.023817301912162952,10865.987329037769,10850.133396460846,10795.448162785793,10804.818232910024,0.0,0.0,0.0,0.0,0.0,0.0,nan,0,0.010127736016012646,0.0019512313159473112,0.0010856489396207092
16.81944591699994,-0.003832667047786004,-0.025666378295765523,1.4998641762331602,0.0015863519056459599,-0.04436379409315488,-0.004605303111596592,-0.03628778192298318,0.01586854556299215,-0.003468104016123536,0.0,0.0,1.5,0.025951315180856766,10850.063114437651,10814.214920247521,10758.667395184351,10779.127413125178,0.0,0.0,0.0,0.0,0.0,0.0,nan,0,0.013328812492092048,-0.0003366092529398408,0.0010349347344755788
16.83013942100024,-0.019963653408883945,-0.03131311344623223,1.47848633053221,0.008039463469847083,-0.09597428755778288,0.01392115761258156,-0.036866077202741404,0.01534596173665168,-0.004610021429634591,0.0,0.0,1.5,0.04291732173721902,10850.063114437651,10814.214920247521,10758.667395184351,10779.127413125178,0.0,0.0,0.0,0.0,0.0,0.0,nan,0,-0.002802173869005893,-0.005983344403406546,-0.02034291096647456
16.84070395500021,-0.022586076962992738,-0.021370316038661536,1.4762272437646573,-0.0008074206875715381,-0.06806545412425077,0.017291400841525976,-0.034340613851852976,0.01654616334310479,-0.004023861005985365,0.0,0.0,1.5,0.039140327275018164,10848.582038237028,10805.108629138113,10729.79487997012,10764.728767832281,0.0,0.0,0.0,0.0,0.0,0.0,nan,0,-0.005331433063259998,0.0050616349312359345,-0.02272565582484276
16.851084041999457,-0.02653945578694685,-0.03326323353999376,1.4734856162723486,-0.019760926329735376,-0.056920135881351364,-0.0050652600679634155,-0.036585884635816926,0.01951032231263979,0.0019096335218393178,0.0,0.0,1.5,0.050137789774386904,10858.633047976493,10817.876425842018,10757.889490831129,10789.212842831426,0.0,0.0,0.0,0.0,0.0,0.0,nan,0,-0.009261452533573078,-0.006332374413627075,-0.025519883022508516
16.86146729899974,-0.015698346531442055,-0.021124394173954703,1.4798010622509667,0.009832731004979379,-0.03422133035987632,0.01507000069045577,-0.03688163671282959,0.01610206674380445,-0.004172900087086789,0.0,0.0,1.5,0.033176425353361544,10868.350799776534,10832.432442152884,10776.063316208989,10800.197719021933,0.0,0.0,0.0,0.0,0.0,0.0,nan,0,0.0015876498122692866,0.00627008708504298,-0.019254835900561318
16.872164020999662,-0.02359879144021645,-0.016090011903821352,1.514220052282463,0.012203246521140155,-0.03556708204337334,0.03691144500035062,-0.03598562559161783,0.016242698241847577,-0.0011065308732028892,0.0,0.0,1.5,0.031906133069049984,10888.753463546125,10866.288086990906,10807.992603812832,10825.304207862044,0.0,0.0,0.0,0.0,0.0,0.0,nan,0,-0.006320070961190829,0.011732444903372288,0.015112176683800937
16.88253859299948,-0.014218265233381256,-0.02038545185321384,1.5137951473069886,0.021821234842869835,-0.04475953001385916,0.02071097326059356,-0.0374575040485265,0.013086118521983879,-8.457045085342103e-05,0.0,0.0,1.5,0.028425900209632638,10897.625640868479,10868.911483213848,10800.887827698476,10820.53161834578,0.0,0.0,0.0,0.0,0.0,0.0,nan,0,0.0030380431640404625,0.007829055291725343,0.014631310513019802
16.892817027000092,-0.012300272170489391,-0.03853614143422997,1.5088286683293117,0.0020765571667718703,-0.0016747583790166095,-0.015153963550649336,-0.0361690374669916,0.015010175490020018,0.002480151998546868,0.0,0.0,1.5,0.04140381958921282,10897.625640868479,10868.911483213848,10800.887827698476,10820.53161834578,0.0,0.0,0.0,0.0,0.0,0.0,nan,0,0.0049560362269323276,-0.010321634289290785,0.009664831535342921
16.90353831399989,-0.013968389903944556,-0.024462325527344984,1.5035365253461788,0.011092165712786107,-0.04330263497379914,0.07306842907661207,-0.03844331777384248,0.01738851884644551,0.005301038050089554,0.0,0.0,1.5,0.028390637510252902,10831.119685053272,10801.349346925037,10724.018796296557,10749.878734537953,0.0,0.0,0.0,0.0,0.0,0.0,nan,0,0.003198726275709593,0.004428651227434886,0.004268696084464008
16.91402951100008,-0.02907077775382741,-0.008930718386472213,1.4762047154855515,0.05058789377958585,-0.0492713669173432,-0.034631941229553154,-0.03508248548767096,0.01110155236169759,-0.002057727525880957,0.0,0.0,1.5,0.038614549268824176,10845.940503526646,10822.913058223397,10735.667797256623,10759.584803619737,0.0,0.0,0.0,0.0,0.0,0.0,nan,0,-0.01196993818530034,0.020244742728922703,-0.02310428869322778
16.92459615000007,-0.016183200541263248,-0.030305485043902264,1.5085286544304328,-0.0008734117544631881,-0.0042132115983090825,0.0029055257702657045,-0.037680634501415594,0.010472687473516666,-0.0023256068708409046,0.0,0.0,1.5,0.03539853598524476,10794.565284353777,10772.695140729918,10687.681114920408,10717.82355009672,0.0,0.0,0.0,0.0,0.0,0.0,nan,0,0.0008372469762000304,-0.0008812981210914762,0.00918912275885364
16.935005708000062,-0.010103494389396783,-0.024242567329327086,1.5363461660032403,0.013889833296049606,0.01812918538408225,-0.03801080543627944,-0.03851750696827062,0.013740102142631123,-7.414621534120897e-05,0.0,0.0,1.5,0.04484223960429081,10862.444184567385,10835.099667780685,10756.665044536132,10788.097577805893,0.0,0.0,0.0,0.0,0.0,0.0,nan,0,0.006822646313758576,0.0053945228470965445,0.036984549409665
16.94536532500024,-0.00039439049163385656,-0.04203349622607305,1.498885144016554,0.004869337185656366,0.01950976847186668,-0.0599659620064742,-0.03675459068035963,0.013059995689080147,0.002621921500507712,0.0,0.0,1.5,0.04205012785606024,10852.23169506807,10835.748571036893,10753.32272692972,10769.903888823801,0.0,0.0,0.0,0.0,0.0,0.0,nan,0,0.016423702475106796,-0.012219454002366521,-0.000495221649836397
16.9557896489996,-0.02573415838601808,-0.03297344937663156,1.5231434961837136,0.034350612849836336,-0.017105924431246037,0.04984298678464929,-0.03630632882160351,0.014469068908681602,0.0007270491641029426,0.0,0.0,1.5,0.047802894130329746,10856.112042379053,10837.153257888996,10744.637376734112,10761.568125543286,0.0,0.0,0.0,0.0,0.0,0.0,nan,0,-0.009037581779846225,-0.0030182705588555243,0.023748656794656986
16.966325081999457,-0.02349951791889212,-0.02507834897791881,1.4911221516458513,0.04576476540887944,-0.02052339522410048,-0.11490858460509616,-0.03800429717306711,0.012141125291542477,0.0016019666076708843,0.0,0.0,1.5,0.03549601556904485,10856.112042379053,10837.153257888996,10744.637376734112,10761.568125543286,0.0,0.0,0.0,0.0,0.0,0.0,nan,0,-0.006802941312720266,0.004876829839857228,-0.008272687743205331
16.976846022000245,-0.0057150513828217505,-0.029737859268009113,1.4895182334129495,0.001285649757286592,0.01650123621013013,-0.01591612109532861,-0.0343536377950013,0.017433201773708835,0.004546039285921723,0.0,0.0,1.5,0.03204480483538035,10834.231453516335,10813.442695107722,10730.202132164462,10753.320653542969,0.0,0.0,0.0,0.0,0.0,0.0,nan,0,0.010699018992431942,0.00039238612384270843,-0.009903763353088069
16.987438455999836,-0.021017936638565417,-0.020503302890036008,1.5195061549077051,-0.004260929191409208,-0.024372375865051,-0.011022647526344674,-0.0338034409487317,0.012547910731252358,-0.0008133276636751482,0.0,0.0,1.5,0.03525094565010559,10927.801626687045,10906.494441550956,10830.46281804346,10858.349395156805,0.0,0.0,0.0,0.0,0.0,0.0,nan,0,-0.004764309316814184,0.009661258627290632,0.020069872465040106
16.997736999999688,-0.019237892739695527,-0.027235298739066036,1.4909368479108984,0.022848115709853452,0.020912426271412755,0.029862529249362512,-0.03443290565825949,0.011485589252171389,-0.000685732249139142,0.0,0.0,1.5,0.03455428685793397,10927.801626687045,10906.494441550956,10830.46281804346,10858.349395156805,0.0,0.0,0.0,0.0,0.0,0.0,nan,0,-0.003157232786130771,0.002928109252210622,-0.008524239770799413
17.00950119800018,-0.015875452908955753,-0.00688276457817856,1.4993007248905015,0.03914728615379416,-0.003858340328079311,-0.05586119689930404,-0.03409419842907012,0.012342189766549,0.002718341807288797,0.0,0.0,1.5,0.01731737390547035,10929.391795419528,10912.395454095717,10834.250853115227,10860.706653272377,0.0,0.0,0.0,0.0,0.0,0.0,nan,0,0.0002052070446090029,0.023280643413098098,-0.00016036279119635566
17.01897438600008,-0.015039759785740589,-0.027935856106791362,1.4931627956737217,0.03357645878119565,-0.014943961958402205,-0.022083345407352465,-0.03401382541963586,0.014596253825404177,-0.0007271389054068503,0.0,0.0,1.5,0.03245541239656972,10866.193875826533,10862.24451232453,10797.565619886584,10803.670350117827,0.0,0.0,0.0,0.0,0.0,0.0,nan,0,0.0006588090677443325,0.0021206092596120045,-0.006367396255883007
17.02938300599999,-0.003942019265844466,-0.048456704064296814,1.5065250802364352,0.013461436874875719,-0.021833979835740827,0.019057249730107202,-0.03618458881623179,0.00943534239916094,-0.0022985354981340145,0.0,0.0,1.5,0.049052709983843354,10904.738352135299,10894.215688061802,10829.504149167262,10843.755237733281,0.0,0.0,0.0,0.0,0.0,0.0,nan,0,0.011548111419106728,-0.01850515631746459,0.006953834380539536
17.039847113999713,-0.013626950882495475,-0.047570157475102674,1.5135573970807146,0.03309287742167173,0.01621843222204232,-0.05114761565107357,-0.035450352864552614,0.00945197583680459,-0.005215346790108522,0.0,0.0,1.5,0.051307082241774174,10904.738352135299,10894.215688061802,10829.504149167262,10843.755237733281,0.0,0.0,0.0,0.0,0.0,0.0,nan,0,0.0016435327733607865,-0.017757415600336758,0.0139364158249482
17.05052738700033,-0.030199455580227533,-0.03766246824494067,1.5201210432160837,0.041151294332348584,0.037748218639998485,-0.03588809791390021,-0.033832137417557695,0.01216110819999945,-0.007084911589749896,0.0,0.0,1.5,0.05230033471926166,10863.40943878511,10849.4006837085,10817.513688324723,10831.435915394024,0.0,0.0,0.0,0.0,0.0,0.0,nan,0,-0.015159461125860347,-0.008021872246604337,0.02044430903613903
17.06108597399998,-0.03483453111005195,-0.03456698494140719,1.5193403650582602,0.0263990359120853,-0.010138263880316297,0.0736262762118165,-0.03311239839889291,0.011603994071176876,0.004843694290329797,0.0,0.0,1.5,0.05274818220738437,10863.40943878511,10849.4006837085,10817.513688324723,10831.435915394024,0.0,0.0,0.0,0.0,0.0,0.0,nan,0,-0.019794536655684765,-0.004926388943070858,0.019663630878315574
17.071506770999804,-0.02267053107679739,-0.013767560851011289,1.4923958144170966,0.06029158677694629,0.0359156252383111,-0.04903861706341504,-0.03081078620673002,0.00607375875886586,-0.004049008434356616,0.0,0.0,1.5,0.02759207040926018,10881.592147514299,10863.481908447466,10832.216968002162,10838.210274324763,0.0,0.0,0.0,0.0,0.0,0.0,nan,0,-0.008122621175995333,0.015430759873492095,-0.007407368157922756
17.082446393999817,-0.005615232987511643,-0.021286234066907047,1.5064984883110468,0.028611979987664057,0.02451038469484461,-0.02400191229908773,-0.03187518897669121,0.011547465803318035,-0.00286007837018881,0.0,0.0,1.5,0.02295353899911744,10881.592147514299,10863.481908447466,10832.216968002162,10838.210274324763,0.0,0.0,0.0,0.0,0.0,0.0,nan,0,0.008932676913290413,0.007912086657596337,0.0066953057360275015
17.092633565999677,-0.011868006872100078,-0.031008772257924342,1.5074780873860483,0.03351182879396662,0.06011935917909938,0.040487715104052524,-0.030902717340419383,0.011632365915976583,-0.0026858190724104304,0.0,0.0,1.5,0.034034032012287455,10851.647459984339,10840.055721345285,10807.067558316412,10813.25243835234,0.0,0.0,0.0,0.0,0.0,0.0,nan,0,0.002148933696482093,-0.0023792670196683685,0.007551044553175235
17.10296330300025,-0.01254189694154547,-0.02881998518298303,1.5055992983821969,0.02434725536786024,0.03263586397622033,0.01750538500832579,-0.028169451476945617,0.004822907606481873,-0.001213101548317333,0.0,0.0,1.5,0.03192558327129798,10851.647459984339,10840.055721345285,10807.067558316412,10813.25243835234,0.0,0.0,0.0,0.0,0.0,0.0,nan,0,0.0011958744516733927,-0.0005210305038252545,0.005610774708247668
17.113852513999518,-0.0022193520694179583,-0.028834170759056605,1.516510629278335,-0.006965509446152318,0.051657843569577734,0.06538862326807747,-0.03133487319179366,0.008709568610343832,0.004081490535280977,0.0,0.0,1.5,0.03330068777273344,10830.11180145019,10813.17385324669,10765.410905724171,10776.35422349606,0.0,0.0,0.0,0.0,0.0,0.0,nan,0,0.011230625183561261,-0.0008957529292194059,0.01646211595808844
17.123977798999476,-0.012378730318086043,-0.031925851601739136,1.4866408759413436,0.04975098955005204,0.06534338119181625,0.06858370417776251,-0.03178238168173601,0.009602779794963658,0.002968763523555611,0.0,0.0,1.5,0.0367553963439213,10830.11180145019,10813.17385324669,10765.410905724171,10776.35422349606,0.0,0.0,0.0,0.0,0.0,0.0,nan,0,0.0010712469348931764,-0.003987433771901937,-0.013407637378902937
17.13454118499976,-0.01505378336280803,-0.038619583569679095,1.4729393552954995,0.05222147691252075,0.019062769721233323,0.037959131946346876,-0.02969962888715671,0.007909441171144352,0.0013142642016105094,0.0,0.0,1.5,0.049501183020741996,10755.2319106976,10762.84594184481,10711.07422982198,10703.967353811555,0.0,0.0,0.0,0.0,0.0,0.0,nan,0,-0.0022036118359306054,-0.011489270865789623,-0.02720545235460814
17.14518904200031,-0.010076317013866628,-0.01703800073980024,1.4845668318097938,0.05607384638133995,0.03981038251138689,0.0015526574791892812,-0.028524633471908666,0.007437628247161181,-0.004133083059318875,0.0,0.0,1.5,0.025099966417518674,10754.637079210923,10750.838598914903,10687.906782027303,10695.50066021154,0.0,0.0,0.0,0.0,0.0,0.0,nan,0,0.0024626801910446142,0.009646304626300502,-0.015602952728560604
17.155615607999607,-0.013675225866538682,-0.03059997589430316,1.514626473266517,0.00927026942015003,0.08234350487854815,0.00399615663802401,-0.024223543752158416,0.007378950104370151,0.004560089487630014,0.0,0.0,1.5,0.036569167989563514,10773.693236642717,10766.250461222517,10721.177061519227,10734.304143090889,0.0,0.0,0.0,0.0,0.0,0.0,nan,0,-0.0014544216280645336,-0.0043887800038240506,0.014447427356980125
17.165842381999937,-0.01948322204508579,-0.03861714284245323,1.4822414467488243,0.047400459029787366,0.03392015973566897,-0.006116546157299679,-0.028527524474214475,0.00748879775293768,0.00349570937735189,0.0,0.0,1.5,0.04675730826456327,10773.693236642717,10766.250461222517,10721.177061519227,10734.304143090889,0.0,0.0,0.0,0.0,0.0,0.0,nan,0,-0.007587295116365829,-0.012905633223433383,-0.017936619359505857
17.17657651100035,-0.025801463192964176,-0.022065888692616747,1.515716418692034,0.032660906424792406,0.013686952004640025,-0.03182786425926463,-0.025525176279909034,0.006771897028006235,0.0002940652394901172,0.0,0.0,1.5,0.03741155921899209,10799.801116282466,10801.993400431193,10749.620264055497,10756.359497035803,0.0,0.0,0.0,0.0,0.0,0.0,nan,0,-0.014236733251181632,0.003119994113108277,0.015547160752298339
17.18704082899967,-0.006076864733412561,-0.02422699510745453,1.5360800796153937,0.025115413246556553,0.06732952693267313,-0.03326738048702266,-0.025797026579006507,0.006961841844626164,0.0007597069708730605,0.0,0.0,1.5,0.043882202793136635,10799.801116282466,10801.993400431193,10749.620264055497,10756.359497035803,0.0,0.0,0.0,0.0,0.0,0.0,nan,0,0.0054878652083699825,0.0009588876982704955,0.03591082167565807
17.197581366000122,-0.004645686022529544,-0.024439276009058902,1.4748425396092966,0.028608322334875303,0.06947181306126783,0.0034293295258099607,-0.027956144393780604,0.00851318730835052,-0.0005680219438550439,0.0,0.0,1.5,0.03538019818735758,10826.132683168793,10833.083560962987,10810.642620185292,10813.623846108687,0.0,0.0,0.0,0.0,0.0,0.0,nan,0,0.006239165247239239,-0.0003798516380041951,-0.02529761578994938
17.207886907000102,-0.022974577499844294,-0.03326621971306788,1.4858874216671818,0.06687897502428311,0.07213874588657847,0.035036011639462926,-0.020746461957294914,0.0008069862046095885,0.005828315984432236,0.0,0.0,1.5,0.042820993128305514,10826.132683168793,10833.083560962987,10810.642620185292,10813.623846108687,0.0,0.0,0.0,0.0,0.0,0.0,nan,0,-0.012437652101612972,-0.009806213741371264,-0.014236297811312415
17.218639464000262,-0.012362329449751276,-0.01811584171247159,1.4913409556814314,0.07297001125345629,0.06114355792018257,-0.017230927500161274,-0.022088831677827298,0.004015804608613805,0.002824242920235745,0.0,0.0,1.5,0.023579439325107962,10850.07782047196,10853.063294053016,10816.050055520105,10818.837366618745,0.0,0.0,0.0,0.0,0.0,0.0,nan,0,-0.0021781422344542122,0.004721616963410998,-0.008766442725004486
17.22901334299968,-0.025498745164058964,-0.027283563476303313,1.5487165831141096,0.01850396390442644,0.09481027247024706,-0.009787484220483674,-0.0213960623408835,0.0032693680210388537,0.004856749631700165,0.0,0.0,1.5,0.061383094669632335,10832.551849641826,10837.052722994591,10800.436467969903,10807.677259444474,0.0,0.0,0.0,0.0,0.0,0.0,nan,0,-0.01567172391449117,-0.005091006832262102,0.04862470520079354
17.23967945000004,-0.0069823610507692094,-0.0363047959769792,1.4856818736313067,0.020292463970224578,0.041157610186006395,0.0045414520325566775,-0.02349932537831222,0.0033096479914942823,-0.005846535181477477,0.0,0.0,1.5,0.039645936985815526,10858.404214833574,10851.368455179876,10816.688844144686,10833.798830146136,0.0,0.0,0.0,0.0,0.0,0.0,nan,0,0.002483452219247716,-0.014778702882385582,-0.014395942708135934
17.249945788000332,-0.007108761807832287,-0.009345517674513883,1.497794590067026,0.058151680343084114,0.0750100859708103,0.0345372545195213,-0.019300132475048484,0.005333414999188147,0.0032939295442955254,0.0,0.0,1.5,0.011947260272447689,10858.404214833574,10851.368455179876,10816.688844144686,10833.798830146136,0.0,0.0,0.0,0.0,0.0,0.0,nan,0,0.0023570514621846384,0.012180575420079734,-0.0022832262724166164
17.260467432999576,0.004083017770058395,-0.00924446744753401,1.5163419050217941,0.034050588295317,0.07047299806868045,-0.03388299213920206,-0.01874362971098989,0.004658454136572599,0.004107305572362239,0.0,0.0,1.5,0.01921429343588955,10808.440140965942,10819.953907469271,10777.693024814824,10777.177359490734,0.0,0.0,0.0,0.0,0.0,0.0,nan,0,0.01281588792747134,0.010887514379603778,0.016297108254747616
17.271561800999734,-0.001845783051139407,-0.02652600220002281,1.5149039690063946,0.03773854400678688,0.07033222847722302,0.026178231479243034,-0.02204166985682197,0.0045191848574983005,-0.001990037833312847,0.0,0.0,1.5,0.030482191521133423,10816.276859289854,10829.414951048066,10809.376710229459,10797.922891159604,0.0,0.0,0.0,0.0,0.0,0.0,nan,0,0.006887087106273539,-0.006394020372885022,0.014859172239348073
17.281525690999842,-0.004245454354591142,-0.01845442527474327,1.473198551547681,0.028750707836189698,0.08499192686779644,-0.03551957624801526,-0.016541715852267054,0.003039669521399772,-0.0015754251220180145,0.0,0.0,1.5,0.03281626630255654,10804.81569622904,10806.364291950567,10779.211674620903,10782.169356927543,0.0,0.0,0.0,0.0,0.0,0.0,nan,0,0.004116465659755165,0.0009516472945976726,-0.026824744041428428
17.29221198399955,-0.013165442043117535,-0.03635219431760417,1.4832233841100524,-0.0025653518381979034,0.06421948142001638,0.017724890266120463,-0.013503755064139169,0.002282649829649888,0.0010218979536680641,0.0,0.0,1.5,0.042145767718887055,10820.603884251504,10821.783756781757,10794.879801816494,10800.705887625347,0.0,0.0,0.0,0.0,0.0,0.0,nan,0,-0.005176946969116086,-0.017690118335036163,-0.016774778060264506
17.302536092000082,0.0009946309390119435,-0.02272674262735877,1.478102839284392,0.0496987145753087,0.06622262300539568,-0.01164203842555427,-0.015481508247495281,-0.0008361569373779249,0.0006110154036527471,0.0,0.0,1.5,0.031574986438005194,10792.433794765138,10789.553524552133,10766.718134860334,10772.462266880902,0.0,0.0,0.0,0.0,0.0,0.0,nan,0,0.008607610434087355,-0.0048258574178339855,-0.021865242771966997
17.313123758000074,-0.015764429476774693,0.0013928018318560866,1.5273400348910044,0.035840854774816994,0.08965215109249101,-0.02433552509016204,-0.014953699119438345,0.0041627812830084925,-0.0018108418637738574,0.0,0.0,1.5,0.03159010353753791,10850.765599714045,10852.918513732278,10831.85229686062,10831.08772832771,0.0,0.0,0.0,0.0,0.0,0.0,nan,0,-0.008528679704314843,0.018516127701973667,0.027403706641610626
17.32353072800015,0.004424726033349481,-0.018146002372373984,1.4924603291344625,0.0712103836313089,0.0965410131853682,0.028958574208763202,-0.016169343625489115,0.004508601462945743,-0.002163454987725887,0.0,0.0,1.5,0.020142051517386163,10830.911283217189,10850.620432272544,10847.323367774978,10828.036270083285,0.0,0.0,0.0,0.0,0.0,0.0,nan,0,0.01090237456200851,-0.002623605782594185,-0.007424841322683617
17.334151115000168,-0.02172954277042575,-0.024211642838864744,1.5069247969247748,0.06100908664076841,0.08296247514960554,0.0325882336893527,-0.014052252062715655,0.0029189302926089606,0.007769596145412448,0.0,0.0,1.5,0.03326153169079684,10854.759203635564,10868.12920462524,10869.768014657382,10858.249035595085,0.0,0.0,0.0,0.0,0.0,0.0,nan,0,-0.01525189424176672,-0.008689246249084945,0.007039626467628679
17.344343621000007,-0.013985166258121207,-0.04361442095095297,1.4786145617527529,0.028827072478667268,0.10983485646650785,0.004910376424783502,-0.012626948148422768,-0.0012291624120046188,0.0033214441518303953,0.0,0.0,1.5,0.050548388294593904,10841.151155961628,10852.638755887983,10844.50007879851,10831.188407876603,0.0,0.0,0.0,0.0,0.0,0.0,nan,0,-0.00826799300676024,-0.02974806066739352,-0.021238127661372896
17.354845658999693,-0.0012860273260377137,-0.026607080094845727,1.5224047235831621,0.07057414609774183,0.06511828851052061,-0.005648197662037246,-0.0153230840271347,-0.0001739721114264664,0.004791863317345686,0.0,0.0,1.5,0.03480750229899803,10835.649682093637,10825.770416244986,10812.091231670418,10818.955377468656,0.0,0.0,0.0,0.0,0.0,0.0,nan,0,0.004050929531220467,-0.013587033859415605,0.022569744102780565
17.365861438999673,0.0006867703318212135,-0.02278279164359248,1.4804865389894046,0.06765759031237777,0.1031983152605023,0.05929349178893235,-0.008567485850016569,0.0038337512402062393,0.0011647064512859255,0.0,0.0,1.5,0.03000503972961947,10819.008626660792,10826.729712057164,10812.266185107203,10813.473939912055,0.0,0.0,0.0,0.0,0.0,0.0,nan,0,0.005644008722012297,-0.010620025710547529,-0.019327996725029495
17.37646719500026,-0.02393654044546437,-0.038777597997140686,1.5007114597288456,0.025172451815015644,0.07058317143948271,-0.01794557090010196,-0.011560770071401888,-0.001330583245652744,0.0015458663260649187,0.0,0.0,1.5,0.04557593937453149,10803.821697713302,10799.812567217354,10795.033511264444,10808.412070070914,0.0,0.0,0.0,0.0,0.0,0.0,nan,0,-0.019358158768941782,-0.027482175896266947,0.0009194632424804894
17.38698750599997,0.015432879336137082,-0.012388923313711796,1.520163400585413,0.04265951620154618,0.10961267646798313,0.005312492808964377,-0.008193601649604502,-0.0015328584062814974,0.003558181716885041,0.0,0.0,1.5,0.028252821251065027,10792.193097311065,10777.58907793429,10771.066296243396,10794.588631211347,0.0,0.0,0.0,0.0,0.0,0.0,nan,0,0.01963362811698837,-0.001969966225225715,0.020399112347899706
17.39717655000004,-0.009938876269525306,-0.015326502632061024,1.5054183696613583,0.02244826023106805,0.0797565317192842,-0.00854653901124836,-0.00891894104450745,0.0007056853708324769,-0.00332874696099997,0.0,0.0,1.5,0.019053652516476602,10797.278956760401,10804.91441964092,10811.110670273894,10812.532111119841,0.0,0.0,0.0,0.0,0.0,0.0,nan,0,-0.006114164851979978,-0.005792227532102574,0.005686371564929793
17.407416050999927,0.001984684936127972,-0.028451731718220703,1.5179070601590856,0.030703800015939847,0.09770888453106241,0.012720969765124667,-0.0072304751650851375,-0.004923086231527796,0.00043311833571623386,0.0,0.0,1.5,0.03367644303667491,10797.278956760401,10804.91441964092,10811.110670273894,10812.532111119841,0.0,0.0,0.0,0.0,0.0,0.0,nan,0,0.005435328741543256,-0.019809452725886953,0.018211712726968088
17.418059898000138,0.0017190815106465024,-0.010292417792987039,1.500797522036248,0.06045483090670563,0.0937245806734781,0.022890105593492086,-0.007642376958798658,-0.004729797687774229,-0.003412077407489344,0.0,0.0,1.5,0.010465426253332634,10786.513990182571,10789.277038427945,10785.150977711348,10790.746212459193,0.0,0.0,0.0,0.0,0.0,0.0,nan,0,0.004797999745538195,-0.00254854241714147,0.0011438083984209868
17.428653719000067,0.0033274682066339475,-0.014366682386464996,1.4971077136248208,0.04346849312806219,0.10822895591798123,0.002151747616129667,-0.004353707490565153,-0.0005151262780559734,-0.0003923468598105772,0.0,0.0,1.5,0.015027938246338742,10789.944857658855,10801.914686054142,10805.728401691495,10795.546337586211,0.0,0.0,0.0,0.0,0.0,0.0,nan,0,0.006406386441525641,-0.006622807010619427,-0.0025460000130062
17.4389796079995,-0.013982688424913523,-0.004620408723473689,1.5029989348166732,0.04753514500237948,0.08546771651739174,-0.011026275803725954,-0.0032809321451904034,-0.005659154535494454,0.001821975633744197,0.0,0.0,1.5,0.01502855157341576,10766.84971379759,10783.712104022276,10791.278319850519,10773.904853490023,0.0,0.0,0.0,0.0,0.0,0.0,nan,0,-0.011272786550664141,0.0022195586846989624,0.003392754032709222
17.449481908000052,0.021727778759806894,-0.0022850958477843948,1.50832072583322,0.022436458364562036,0.09240198908018842,0.023865063849395428,-0.006712409074246493,-0.004569499775345434,0.0022752066719959898,0.0,0.0,1.5,0.02337846255125202,10767.653473654045,10776.187109030145,10782.018326292487,10769.941739360906,0.0,0.0,0.0,0.0,0.0,0.0,nan,0,0.024071728988629,0.0036463635365815757,0.008770114264579965
17.460069132999706,-0.00751140796975787,-0.0036568140979970167,1.5074451236870274,0.025758956309006487,0.0922733880417055,0.06560105051869952,-0.004463572904409286,-0.008455709846224853,2.5175033494915733e-05,0.0,0.0,1.5,0.011190326436283649,10795.21868123213,10805.820835481609,10809.979760402512,10799.146460433372,0.0,0.0,0.0,0.0,0.0,0.0,nan,0,-0.005888738236711155,0.00044735400545608617,0.008024336150637579
17.470620879000307,0.008907191747930435,0.004337291712854135,1.5281294641999503,0.04857995337082039,0.09064471687315254,-0.0024107036965814073,0.0002169831221163712,-0.001565999060835471,-0.004454837051946777,0.0,0.0,1.5,0.029823093743156164,10776.471424630665,10790.277511081995,10789.168951048086,10776.504571649826,0.0,0.0,0.0,0.0,0.0,0.0,nan,0,0.010175233524753673,0.007524437201147746,0.02878095496246047
17.48106430400003,0.017104989072133432,0.016233718200194105,1.4967658739426095,0.04803916253387656,0.06589790767492887,0.02676232695920723,-0.0004939766101248929,-0.006977690370703055,-0.0028807942634950907,0.0,0.0,1.5,0.023802811370008576,10727.589129760667,10755.267811425561,10751.634464605459,10725.954587207774,0.0,0.0,0.0,0.0,0.0,0.0,nan,0,0.018022837768682954,0.018502774508638076,-0.0024995230056439333
17.491780383000332,-0.007245415400282458,0.0010180928986814385,1.5216816244144618,0.064106243046675,0.09616844381266544,0.025451554152070555,0.0018146707466448117,-0.002719368048434172,-0.008634008584019172,0.0,0.0,1.5,0.02288286246785528,10732.90490871909,10744.068156267607,10744.886318193232,10730.862921268505,0.0,0.0,0.0,0.0,0.0,0.0,nan,0,-0.0066730179044656186,0.0023688724491693494,0.022514062511739263
17.502120035999724,-0.016838149593494074,0.0018069268399144294,1.4983184823440214,0.05421538665728171,0.07780805001154732,-0.04781771620689624,0.0013779783930848559,-0.006435432981624188,0.006394682754814851,0.0,0.0,1.5,0.017018101185650985,10740.838248197231,10744.72281253196,10753.728993768405,10743.628206109192,0.0,0.0,0.0,0.0,0.0,0.0,nan,0,-0.016606145143000045,0.002240113771897789,-0.0007370682125393824
17.51275441100006,-0.016508928107865875,0.0013549022325741137,1.5114550123598165,0.025750948639246648,0.09107638873546804,-0.0233051190079259,0.0011898625595172844,-0.004676111087599886,3.946625312298056e-06,0.0,0.0,1.5,0.02013945817280264,10740.838248197231,10744.72281253196,10753.728993768405,10743.628206109192,0.0,0.0,0.0,0.0,0.0,0.0,nan,0,-0.016276923657371847,0.0017880891645574732,0.012399461803255685
17.52306842500002,0.012574062968423842,-0.0037806635306807525,1.5043799563113813,0.02712042018662841,0.08755564124694233,0.010290817393433347,0.0014541103642295545,-0.00506663096479061,-0.002447844811283058,0.0,0.0,1.5,0.013841405042686829,10780.620647964926,10783.961609446624,10800.460914889154,10792.90017932865,0.0,0.0,0.0,0.0,0.0,0.0,nan,0,0.01214169376976763,-0.0051771327270544775,0.005589606054486218
17.53416541200022,-0.002835949850155203,-0.004155883316449531,1.4937914097968052,0.03648509829630817,0.08749554439133357,-0.0685654471066083,0.0016815592413161281,-0.009375991895178301,0.003140716907134401,0.0,0.0,1.5,0.007991280873786425,10780.620647964926,10783.961609446624,10800.460914889154,10792.90017932865,0.0,0.0,0.0,0.0,0.0,0.0,nan,0,-0.003591625698240609,-0.006462662745662779,-0.0048566296019023625
17.54430061400035,-0.014103079142752951,-0.00947053293295844,1.5088350830619732,0.03610820307455817,0.09714371649905647,0.009516537088745138,0.005766400581237674,-0.008353224909658858,0.0015856536898037853,0.0,0.0,1.5,0.019148016295506172,10780.095582001812,10796.102570420184,10816.041374622853,10796.909235130368,0.0,0.0,0.0,0.0,0.0,0.0,nan,0,-0.015175723472424407,-0.01268345790122906,0.010332992043958766
17.55467169199983,-0.008469047407970352,0.019059257319474106,1.5145733691071337,0.013131522263368679,0.08195599459021682,-0.02209380561959753,0.006753056965776224,-0.0032974665204404305,0.0040755841245243086,0.0,0.0,1.5,0.02544333194967073,10835.048880449947,10857.94578830519,10879.640212885457,10856.871659121181,0.0,0.0,0.0,0.0,0.0,0.0,nan,0,-0.00985199803212863,0.014945224703340566,0.016215768045115375
17.565123927999593,0.009727914337736527,-0.007175398488367838,1.492410544041095,0.033643179639530466,0.06970156563150035,-0.06608815127369405,0.004155128580710968,-0.006733466494543137,-0.002302013931577929,0.0,0.0,1.5,0.014272999074524204,10804.499843660768,10833.876278964184,10858.648212170618,10829.70332975192,0.0,0.0,0.0,0.0,0.0,0.0,nan,0,0.00804161825076005,-0.012184646642107243,-0.005806814272666605
17.575827185999515,-0.0025873629851696626,0.006452420689033364,1.4761234531288945,-0.008988817974728905,0.06815795126168046,0.020602372190914875,0.007027846461168882,-0.007475895819937423,0.0062935707892089595,0.0,0.0,1.5,0.024868004955230942,10799.79916291959,10836.763217969487,10858.167663124963,10826.753140724793,0.0,0.0,0.0,0.0,0.0,0.0,nan,0,-0.004569794258776535,0.0005546635923053414,-0.021955541262495215
17.586544664999565,0.010728168486385069,-0.007815797522445775,1.5084148428712836,0.05541261404910074,0.060497028238299944,-0.037177769407320455,0.005581392689316061,-0.007395187850279666,0.0011879820625695404,0.0,0.0,1.5,0.015715911380907166,10849.39558615367,10877.72989256057,10911.235618493583,10884.386769735069,0.0,0.0,0.0,0.0,0.0,0.0,nan,0,0.008457095589164562,-0.014594510024202714,0.010467692172699605
17.596793468000214,0.01367558994600295,0.01810521115011049,1.4867383514559749,0.007885964596586106,0.12353741120665919,-0.040061962444448956,0.005471881639789478,-0.009610432009324108,0.0005570623866075055,0.0,0.0,1.5,0.02628101507298654,10829.052134033007,10875.13969921733,10909.715469461833,10871.854076860758,0.0,0.0,0.0,0.0,0.0,0.0,nan,0,0.011123628036709285,0.010453922973721382,-0.011086976216156064
17.60725727099998,0.010603247457227528,0.025907581278065972,1.5256392820681062,0.011032474127561077,0.06766182276486361,0.048734687359053994,0.009270190542883158,-0.007891145727281298,-0.0012253853419730628,0.0,0.0,1.5,0.03796056386945151,10829.052134033007,10875.13969921733,10909.715469461833,10871.854076860758,0.0,0.0,0.0,0.0,0.0,0.0,nan,0,0.008051285547933863,0.018256293101676865,0.027813954395975227
17.617675499999677,0.016334872779945758,-0.011777602082103746,1.5155368559556883,0.03131405428520281,0.07318520945918325,0.046688957677500746,0.01225921578070106,-0.0071656658202622426,0.00288688127443205,0.0,0.0,1.5,0.02543489478117012,10837.248070469384,10864.437758796776,10909.175733187489,10889.569082949305,0.0,0.0,0.0,0.0,0.0,0.0,nan,0,0.013509985065034784,-0.02029230905415036,0.017823802382222587
17.628391442000066,0.004158498262444383,0.004513413161900525,1.5154085097123096,0.00759635101320958,0.0677818163750841,-0.0670357550941049,0.011460161413300918,-0.009914830939353705,0.001977545649659779,0.0,0.0,1.5,0.01658572210436157,10791.346439299725,10822.055283437137,10845.280669364656,10815.463666967344,0.0,0.0,0.0,0.0,0.0,0.0,nan,0,0.0008124386006963373,-0.00569763510743128,0.017888929189147085
17.63853333499992,-0.007917537747926508,0.017334538532807173,1.5125394407571973,0.010900220527659913,0.07261569314831852,-0.006662979107739924,0.012032244943056802,-0.007644893778315717,0.0007273562265701152,0.0,0.0,1.5,0.02281252297836602,10791.346439299725,10822.055283437137,10845.280669364656,10815.463666967344,0.0,0.0,0.0,0.0,0.0,0.0,nan,0,-0.011263597409674553,0.007123490263475368,0.015019860234034788
17.64924288899965,0.005443413920404648,0.005661087537311744,1.4965107079964457,0.002614498793162996,0.09722805290109772,-0.08095396759008763,0.01163813106423202,-0.007833446591622446,0.0026258791134519894,0.0,0.0,1.5,0.008593824870221025,10782.13379597326,10810.247328510974,10851.290629794168,10825.87376532252,0.0,0.0,0.0,0.0,0.0,0.0,nan,0,0.0016098058210082754,-0.006201354214707902,-0.0008074951639334138
17.66004395300024,0.005768951812475668,0.01821300692320993,1.5061837245309346,0.008699580264541892,0.08587594132779407,0.016459285407705315,0.014916658951493427,-0.006106402606684637,0.0009652519397200114,0.0,0.0,1.5,0.02008065923405011,10774.219104232945,10807.57173791988,10847.040535431692,10815.260965758536,0.0,0.0,0.0,0.0,0.0,0.0,nan,0,0.0017045414808261996,0.0055434457310544385,0.008969829653697525
17.67044604900002,-0.006609759024414238,0.0216146034910829,1.5118027374459437,-0.0012484625869460802,0.09448038632788913,-0.027712136446083387,0.014825129406607528,-0.01038050261743199,-0.003509258002622885,0.0,0.0,1.5,0.025498717804145386,10838.670912153728,10875.037611995294,10905.634095048103,10873.282875580191,0.0,0.0,0.0,0.0,0.0,0.0,nan,0,-0.010896099403580013,0.00815126846322104,0.014689114289605287
17.680785796000237,0.012913928220761785,0.005587994787275239,1.5035597466595412,0.05041931417548311,0.05325560801059761,0.0017070064109580704,0.013943285122530921,-0.009299970821688064,0.003943816496294517,0.0,0.0,1.5,0.014514373018278036,10809.729580005253,10843.302329214817,10869.554700464523,10839.883172151012,0.0,0.0,0.0,0.0,0.0,0.0,nan,0,0.008414654496865445,-0.00865510292680566,0.006540042840013749
17.691067763999854,-0.010157013989240567,0.009235488008610925,1.5216360057821792,0.04192346484026377,0.07204422090652575,-0.0365931389884349,0.01907481556262185,-0.006744604055851282,0.00929216137034018,0.0,0.0,1.5,0.02562373739604188,10809.729580005253,10843.302329214817,10869.554700464523,10839.883172151012,0.0,0.0,0.0,0.0,0.0,0.0,nan,0,-0.014860161984656253,-0.005772779286393562,0.024706486594734844
17.701629475999653,0.016434168963198287,0.02027711139120225,1.4978551790959884,0.025914867004278124,0.06398568980127607,-0.016791561691365756,0.014234766390707946,-0.012549976861519452,0.0012564531145525903,0.0,0.0,1.5,0.026188612269313908,10811.781085364799,10852.440620940495,10875.448978758197,10832.519349081373,0.0,0.0,0.0,0.0,0.0,0.0,nan,0,0.011536264142172178,0.004518857424688119,0.0010129675826291429
17.712687575999553,-0.0009657117495418671,0.009926530592437307,1.5091716144747302,-0.014680535913125542,0.05400095880491667,0.05881977747323017,0.01539630763182056,-0.013064451989269818,-0.0040162816703751296,0.0,0.0,1.5,0.013549432492133329,10802.999900298333,10824.819772050114,10860.062918993732,10839.575102269851,0.0,0.0,0.0,0.0,0.0,0.0,nan,0,-0.005863616570567978,-0.0058317233740768255,0.012329402961370972
17.723556922999705,0.00450108665567891,0.01519383823079936,1.506135577255039,0.059698468480927344,0.0843381685707054,0.012933646120611318,0.016544372265718824,-0.00837291398921702,0.005448860338760973,0.0,0.0,1.5,0.016992875257536146,10803.846693967846,10822.407025383385,10858.02431633905,10850.28855778771,0.0,0.0,0.0,0.0,0.0,0.0,nan,0,-0.0005824153682639022,-0.001298646433539781,0.009378612449413737
17.733260308000354,0.015778860590064992,-0.005400062599105877,1.4820928344818696,0.023039076254120324,0.08519772133794959,-0.012478717764540506,0.015613152180458662,-0.010237845434683384,0.00020665748302968592,0.0,0.0,1.5,0.02447038402822252,10817.637024520427,10831.485636223495,10865.1942202876,10859.898857648814,0.0,0.0,0.0,0.0,0.0,0.0,nan,0,0.010518971203426868,-0.022610440448202578,-0.014582025583111502
17.744525889000215,0.017519359228199083,0.026360112210249493,1.4814823851671488,0.04214186698594248,0.041798212929876434,-0.004826700290949912,0.018761259813758552,-0.013398625985733173,-0.003272190373319128,0.0,0.0,1.5,0.03666995394872292,10749.053564295398,10778.604163084698,10824.019325658222,10793.60843390633,0.0,0.0,0.0,0.0,0.0,0.0,nan,0,0.012092283553793833,0.008448643880488833,-0.01510896118090077
17.75474073999976,0.015868388346418287,0.0024803797604235588,1.4896201987425997,0.010095611620128252,0.05951677095771582,-0.05345352824928041,0.019303189132547048,-0.008108032817505372,0.002745671407013593,0.0,0.0,1.5,0.01912323996115178,10757.281526331806,10767.7449412815,10801.577796776763,10796.475140236935,0.0,0.0,0.0,0.0,0.0,0.0,nan,0,0.01028329926215394,-0.016114953917174893,-0.006880728840033434
17.7654887409999,-0.010944259892815705,0.023689052532319305,1.4431513727492833,0.01590902048736973,0.07772861618390729,0.08767302738330926,0.017333099192620896,-0.008241019334331046,-0.0069807319167653325,0.0,0.0,1.5,0.0625516942597993,10819.489303907829,10813.882030989236,10858.94818736926,10861.893675941823,0.0,0.0,0.0,0.0,0.0,0.0,nan,0,-0.016817675919866205,0.003779865899128796,-0.053161975883542434
17.775684624999485,0.021936791856577605,0.01794043315355493,1.5084241754851138,0.05234707224124266,0.05346411905237064,0.008843209591952481,0.018421359463998498,-0.014570637425409884,-0.004618810095578541,0.0,0.0,1.5,0.029564314828860388,10856.64261709543,10854.330345412716,10903.465922540016,10905.738369476318,0.0,0.0,0.0,0.0,0.0,0.0,nan,0,0.015933185327407604,-0.0025976100728680104,0.012197031749060727
17.78602776200023,-0.0114015101976161,0.03560059766889612,1.4977035206502967,0.015255766009478436,0.03875495078377073,-0.028302057166054294,0.019907981117225616,-0.010943501698291445,-0.0015382125374488016,0.0,0.0,1.5,0.03745224701633494,10836.252980144938,10836.231418712065,10878.174285742341,10867.381404225276,0.0,0.0,0.0,0.0,0.0,0.0,nan,0,-0.017525947565028704,0.014453052141263759,0.0015544129480042912
17.79682309799955,0.0005380524096310563,-0.00040532242315835174,1.5092900542018,0.026843707565143236,0.10254730698488036,-0.061774024757535746,0.019804449835391286,-0.007568597813610643,-0.00463132418959334,0.0,0.0,1.5,0.00931444543355136,10836.252980144938,10836.231418712065,10878.174285742341,10867.381404225276,0.0,0.0,0.0,0.0,0.0,0.0,nan,0,-0.005586384957781548,-0.02155286795079071,0.013140946499507589
17.807262233000074,-0.006402308111946717,0.001310055961731886,1.4719267300530328,0.0045552822342472595,0.0721806055478755,-0.019952136080812685,0.01807870617926829,-0.006551699147410103,-0.0023293106382752432,0.0,0.0,1.5,0.02882384917561258,10830.497793090508,10828.136013800386,10874.165595994806,10864.715481466716,0.0,0.0,0.0,0.0,0.0,0.0,nan,0,-0.012740413176824878,-0.020997094415307806,-0.024076935042609993
17.817677199999707,0.005029186170903428,0.02998423674789387,1.5053800775381292,-0.030179832194918467,0.06000811727561088,0.01950161294386422,0.024251515056488662,-0.010446175554725864,-0.002190151823013169,0.0,0.0,1.5,0.03087543361981557,10864.194418039668,10856.243839641354,10893.31969003877,10886.784753737844,0.0,0.0,0.0,0.0,0.0,0.0,nan,0,-0.0014016945577226816,0.0071278102157030995,0.009440049693189678
17.82826087400008,0.006572106165283338,0.024363687945184356,1.504014741063547,-0.0029526185188728806,0.020887701941330255,-0.035311950746665426,0.020636291181492704,-0.009388556009596628,-0.0033513679167183823,0.0,0.0,1.5,0.025551908256437654,10864.194418039668,10856.243839641354,10893.31969003877,10886.784753737844,0.0,0.0,0.0,0.0,0.0,0.0,nan,0,0.00014122543665722777,0.0015072614129935866,0.008074713218607421
17.83880935199977,0.011341591177219144,0.03250750346361943,1.486433027378839,0.01476286318031039,0.05300884899623604,0.05380268908244794,0.022682527730803672,-0.013667792561033624,0.002379180924467396,0.0,0.0,1.5,0.03700584032246442,10832.29112909656,10851.793426788641,10889.67806750297,10857.755634667596,0.0,0.0,0.0,0.0,0.0,0.0,nan,0,0.004753487773859675,0.008615635434079467,-0.009413739280544675
17.84870930499983,0.028333146505530066,0.02730763361653954,1.4835373694779241,-0.01726919512667478,0.04631591582214687,-0.013222992519351778,0.021173427000101906,-0.008535765820321985,-0.0010114104003282483,0.0,0.0,1.5,0.042655506659109964,10832.29112909656,10851.793426788641,10889.67806750297,10857.755634667596,0.0,0.0,0.0,0.0,0.0,0.0,nan,0,0.021680565756107547,0.0029301467936720116,-0.01227528609241113
17.859353310000188,0.018602110856910253,0.04313605506022988,1.4997061478618838,-0.027472238831707546,0.04173183048782934,0.009967056865902919,0.02140009424665717,-0.011333712783249518,-0.004260798897090424,0.0,0.0,1.5,0.04697705954581489,10799.056948226242,10822.440455057715,10861.516805623924,10833.631960188213,0.0,0.0,0.0,0.0,0.0,0.0,nan,0,0.011894428617530274,0.018294665142004864,0.003922947445279101
17.87019265300023,0.012980771155493221,0.021489032431113653,1.4918120095726848,0.01645404739536695,0.04437743017101695,-0.07566709979432691,0.021565021387410312,-0.00807747318729816,0.00028965380142358593,0.0,0.0,1.5,0.026406857477832245,10799.056948226242,10822.440455057715,10861.516805623924,10833.631960188213,0.0,0.0,0.0,0.0,0.0,0.0,nan,0,0.006273088916113242,-0.0033523574871113654,-0.003971190843919947
17.880720582000322,0.013206549193438732,0.033077406293761685,1.4913498804697858,-0.008647977145183573,0.022608150977589295,-0.04467842267360653,0.02128403509201261,-0.00898535276392484,-0.00204954699411084,0.0,0.0,1.5,0.03665177098870252,10805.922100021984,10835.680349755323,10869.679864750597,10832.224834156235,0.0,0.0,0.0,0.0,0.0,0.0,nan,0,0.006416639067178656,0.00737433390005118,-0.004384902815254499
17.89094023999951,0.0048879183910266345,0.03582534760178896,1.508202860924779,-0.017297155329369512,0.03106481240598793,-0.005825001580661843,0.02251207570027045,-0.00734321466422573,0.0028612432344661738,0.0,0.0,1.5,0.03707605971968448,10805.922100021984,10835.680349755323,10869.679864750597,10832.224834156235,0.0,0.0,0.0,0.0,0.0,0.0,nan,0,-0.0019019917352334414,0.010122275208078454,0.012468077639738784
17.90127205399949,0.001213926075458672,0.036840891215382456,1.4910390280496573,0.022599342404392334,0.0347730061674105,-0.03330429246995955,0.024473620322491202,-0.009532988933207922,-0.00018648599487178816,0.0,0.0,1.5,0.03793446849970554,10885.018117419579,10902.520799158217,10940.164401975411,10915.215633801126,0.0,0.0,0.0,0.0,0.0,0.0,nan,0,-0.005621072367114606,0.01036631145922939,-0.0046810197187650004
17.9118272730002,-0.004070603805618001,0.027622387801942976,1.506340566010445,0.003159654497756359,-0.015034396254466408,-0.017804848063237812,0.021787327583130407,-0.00895633638536037,0.004899611283727861,0.0,0.0,1.5,0.028631606670881216,10851.872875646628,10876.615582630091,10912.096334772554,10885.440011173576,0.0,0.0,0.0,0.0,0.0,0.0,nan,0,-0.010914328205912737,0.0007965727499231433,0.010607391608256744
17.92271956500008,-0.006169334286264774,0.025128500955235524,1.5157202210026859,0.0010222292905352239,0.0429947479998088,0.04776755923617607,0.023387972155258258,-0.008782756760235438,0.0010618254620972283,0.0,0.0,1.5,0.03027585827299106,10871.56949704228,10887.355788451523,10920.84141444502,10903.015688871652,0.0,0.0,0.0,0.0,0.0,0.0,nan,0,-0.013012709656969946,-0.002025329648987509,0.019961846710498055
17.932976168000096,0.009038943607889531,0.035708326815156205,1.5382825867430183,-0.024936714413918617,0.01635007732110264,-0.04387236949033036,0.022416125789619944,-0.007602200886277208,-0.00773774573233267,0.0,0.0,1.5,0.05312573343702027,10844.900964651759,10864.710492224094,10914.60495548509,10899.33272379987,0.0,0.0,0.0,0.0,0.0,0.0,nan,0,0.0022048845253785695,0.00824985549437279,0.04248711364138025
17.94362990799982,0.027047904457119267,0.0072093632775413335,1.497992438612657,-0.002966166921782571,0.056759437228129414,0.04451035141255971,0.02612999453063833,-0.009615984095255227,0.00119458610052538,0.0,0.0,1.5,0.028064111550394108,10780.76446858734,10803.231143492167,10845.182872788215,10829.72692075515,0.0,0.0,0.0,0.0,0.0,0.0,nan,0,0.020231945985849147,-0.020530416193312754,0.0021555340481715923
17.953821795000295,0.02827877191313959,0.026591511702845325,1.4889302632905883,-0.007701806493937047,0.02021750357389725,-0.01918885487541522,0.022407914838043684,-0.01035991979925512,0.0008921658585415524,0.0,0.0,1.5,0.04036504064625266,10780.76446858734,10803.231143492167,10845.182872788215,10829.72692075515,0.0,0.0,0.0,0.0,0.0,0.0,nan,0,0.02146281344186947,-0.0011482677680087622,-0.006906641273897174
17.964546428000176,0.019430650476078778,0.042848285115097695,1.503959038896772,-0.021929114857519603,0.004856429949713874,-0.02745954589872448,0.025520323168756544,-0.007161078646540975,0.003583173598579996,0.0,0.0,1.5,0.047214401449286604,10756.671875130272,10769.877996745969,10811.133764460781,10797.647847681887,0.0,0.0,0.0,0.0,0.0,0.0,nan,0,0.012676552500859611,0.01461579722200853,0.008047397225027009
17.97488627199982,0.001290779274928583,0.03584184531198924,1.5240511250506568,0.008424926986191336,0.025266049148192457,-0.011251181424627905,0.021274103074361707,-0.009253964281530856,0.0021327532819697824,0.0,0.0,1.5,0.043182873951457645,10756.671875130272,10769.877996745969,10811.133764460781,10797.647847681887,0.0,0.0,0.0,0.0,0.0,0.0,nan,0,-0.005463318700290584,0.0076093574189000715,0.0281394833789117
17.985271137999916,0.026138919457444128,0.03614871729051154,1.4745606878979516,-0.01707762201450367,-0.01966604193281976,-0.05812821995347234,0.024020617229652888,-0.00996867324697179,0.0014103014117108359,0.0,0.0,1.5,0.05135300840629988,10806.913843380446,10818.714796848208,10859.622222860346,10852.268608623088,0.0,0.0,0.0,0.0,0.0,0.0,nan,0,0.01947994970796758,0.007517157798635123,-0.021414173475843512
17.995784111999455,0.008544113322339725,0.03037351972547916,1.4795643677021924,-0.002811248690344352,-0.001460947264888743,-0.009923768933573156,0.022946718887705397,-0.006214569296539798,0.0028501100147033985,0.0,0.0,1.5,0.03759212205223661,10795.422073448799,10802.911618815178,10832.899670560551,10831.596351095266,0.0,0.0,0.0,0.0,0.0,0.0,nan,0,0.0019448501888616803,0.001577740166399711,-0.016442833942485136
18.00625051299994,0.03595546703470135,0.006193298658554707,1.4699080904444328,-0.01535440296244543,-0.025043715294334183,0.00026344235999900106,0.02283291761207123,-0.008531214141660817,-0.0012070808855194045,0.0,0.0,1.5,0.04729350461382605,10795.422073448799,10802.911618815178,10832.899670560551,10831.596351095266,0.0,0.0,0.0,0.0,0.0,0.0,nan,0,0.029423832297606835,-0.02274304959720695,-0.026136408726892046
18.017161622999993,0.0019465655526063868,0.028283475170367327,1.5194145375199015,0.019829953557825856,0.01758284371237643,-0.008076828022295689,0.021510625279856102,-0.0069527669558814885,-0.005589827473101645,0.0,0.0,1.5,0.03436085494097961,10864.079438967527,10869.497403782594,10912.458721321957,10914.412034831463,0.0,0.0,0.0,0.0,0.0,0.0,nan,0,-0.004509627726076452,-0.0007696594645972485,0.02332123127725083
18.027292887999465,0.007839486799353302,0.020113701665917978,1.4995328453708014,-0.019897481849556198,0.0026800863588184857,0.04224780531252402,0.023792756385047187,-0.008040613071002336,-0.00018471751518879097,0.0,0.0,1.5,0.02159251679240676,10864.079438967527,10869.497403782594,10912.458721321957,10914.412034831463,0.0,0.0,0.0,0.0,0.0,0.0,nan,0,0.0013832935206704632,-0.008939432969046597,0.0034395391281507592
18.038024763000067,-0.014642762792529546,0.021193151393113813,1.4784789250552899,-0.026296521179402135,0.008165471215428174,-0.0010218432896255119,0.02327029825102972,-0.007822267120237794,-0.002670426148837288,0.0,0.0,1.5,0.0335666029699992,10842.79078643441,10832.7293082411,10885.155368511418,10893.40298626014,0.0,0.0,0.0,0.0,0.0,0.0,nan,0,-0.020925271147250412,-0.008022392501829165,-0.017748541645278282
18.048179841999627,0.0056226040134506865,0.02359877566288268,1.510018324821675,-0.030513368733979748,-0.011438017743513202,-0.056128261999134885,0.023848781068132038,-0.007277581010633401,-0.0013847923482338536,0.0,0.0,1.5,0.026246575413027214,10842.79078643441,10832.7293082411,10885.155368511418,10893.40298626014,0.0,0.0,0.0,0.0,0.0,0.0,nan,0,-0.0005620555201567871,-0.0056628095362175265,0.01371507546865014
18.05969157799973,-0.003448028039585653,0.02783675172932453,1.5016112217752262,-0.05178069026845829,-0.0026397311666202057,-0.029313612275854023,0.022527956151156783,-0.007321555670397838,-0.0015479162812018484,0.0,0.0,1.5,0.02809572351463447,10811.49360391073,10825.039307813184,10875.004323376388,10856.546786896533,0.0,0.0,0.0,0.0,0.0,0.0,nan,0,-0.0095277413719939,-0.0014477032991840784,0.005230431506844324
18.069400571000187,-4.372430896915254e-05,0.00660863801137683,1.4839178069771033,-0.004884170536395594,-0.010408679581588315,0.022425829105894114,0.027567566413528966,-0.008841220636089475,0.002258445224952653,0.0,0.0,1.5,0.0173871487198539,10811.49360391073,10825.039307813184,10875.004323376388,10856.546786896533,0.0,0.0,0.0,0.0,0.0,0.0,nan,0,-0.0061234376413774,-0.02267581701713178,-0.012462983291278595
18.079953495000154,0.03089029979817578,0.03848298457852775,1.4925992510513078,-0.04085890756725041,-0.011240575424011865,-0.0768187078246516,0.02369954200721912,-0.006794472026051095,-0.0017525592674603751,0.0,0.0,1.5,0.04989911631175399,10833.083555828021,10866.293963174207,10913.495222531008,10875.149458143569,0.0,0.0,0.0,0.0,0.0,0.0,nan,0,0.025041220831500365,0.009221965865650127,-0.003956614782838042
18.090707010999722,-0.0003517672093062141,0.04045806536339604,1.489813404947198,-0.005609748078728304,-0.021284939023331804,0.016986225137565446,0.023027985102141574,-0.0062697178619837675,0.0014833148722249335,0.0,0.0,1.5,0.04172224241202932,10813.854407365365,10842.974283295738,10899.146065714507,10869.084052252716,0.0,0.0,0.0,0.0,0.0,0.0,nan,0,-0.006075504412025546,0.011242986572156416,-0.00684170975796361
18.10086510200017,-0.009109391496398736,0.04202950608047159,1.4808603435434227,-0.04361567166912337,-0.01967950900242883,0.016019996177367064,0.021935979370082598,-0.004626688658287206,0.002778752449062728,0.0,0.0,1.5,0.047072145097486924,10813.854407365365,10842.974283295738,10899.146065714507,10869.084052252716,0.0,0.0,0.0,0.0,0.0,0.0,nan,0,-0.014701350258463853,0.012882937304382513,-0.01590492907239094
18.111416826000095,0.0061799808917818696,0.0370256235013213,1.4921037323878448,-0.0012078916368839822,0.019957329911243365,-0.039868358879888974,0.02431315827380281,-0.0026370617977198273,-0.007220797701788929,0.0,0.0,1.5,0.03835935350976547,10871.424850237296,10894.42162456874,10943.580575082991,10917.50189239251,0.0,0.0,0.0,0.0,0.0,0.0,nan,0,0.0005880221297167535,0.007879054725232221,-0.00466154022796883
18.122173877000023,-0.009556679363817593,0.028715183074410722,1.5145416406372507,0.012815452472721419,-0.0070143343415542524,-0.01758891079552271,0.020804279503853634,-0.004080414735013406,0.0008115853645563649,0.0,0.0,1.5,0.0335760505700519,10849.710927734264,10867.107367942668,10910.31732152895,10893.076220905583,0.0,0.0,0.0,0.0,0.0,0.0,nan,0,-0.0150106297778318,-0.0003405337961169541,0.017653426848424525
18.132483092000257,-0.013443533066053719,0.04223511992525447,1.5271477672952327,-0.027446891708554706,-0.027865123558866847,0.027368477913268224,0.023561371202166975,-0.009999755862180557,-0.0019033089172428557,0.0,0.0,1.5,0.05197629464972291,10877.324433626849,10885.219089227761,10907.875969879784,10894.470796325353,0.0,0.0,0.0,0.0,0.0,0.0,nan,0,-0.018603764628447032,0.013426735345202542,0.029984026491936433
18.143119635999938,0.01746672462135164,0.025459161000659963,1.5048975721566735,-0.03833527923947111,-0.02585169904981803,0.034534047785214614,0.019455089630639234,-0.005626994769814659,0.0019141288408210816,0.0,0.0,1.5,0.03126086308606147,10861.224437728544,10861.095301143238,10879.439361002143,10877.935256146418,0.0,0.0,0.0,0.0,0.0,0.0,nan,0,0.01246171657427367,-0.003193368453889303,0.007580278548020347
18.153726026000186,-0.02017499558860392,0.025080663188586656,1.5059241337125022,-0.010205588138592495,-0.01769510761293065,-0.047994282664595364,0.017721797263448975,-0.005891670900166045,-0.004427365663164921,0.0,0.0,1.5,0.032728664397178184,10793.317226161218,10807.598820446778,10830.194538412123,10812.858459000397,0.0,0.0,0.0,0.0,0.0,0.0,nan,0,-0.02501958201110155,-0.003395161843241363,0.008450251007825704
18.164076518,0.023317862213490456,0.018793286444307358,1.5023212384596438,-0.004898686241924249,-0.028304715971794153,0.04071874805151721,0.019084092908926233,-0.00338532110042149,-0.0009372975610475202,0.0,0.0,1.5,0.030038283266053043,10764.889387085266,10781.177160225752,10803.794222039158,10789.421418809183,0.0,0.0,0.0,0.0,0.0,0.0,nan,0,0.018638599870299054,-0.009485492083155932,0.004695313029086989
18.174286296999526,0.007696670378715605,0.009581424516793394,1.5243484404778536,0.012181110427944411,-0.000920799519146882,0.0430124581399439,0.019682615474585104,-0.006096725946821548,-0.0012783770941183904,0.0,0.0,1.5,0.027274328303244895,10764.889387085266,10781.177160225752,10803.794222039158,10789.421418809183,0.0,0.0,0.0,0.0,0.0,0.0,nan,0,0.0031873782045033893,-0.01848029523509042,0.026573675006207997
18.185004785000274,-0.011883924819884682,0.04629862090390492,1.4973212977032264,-0.026537679978607228,-0.002083347845158788,0.009558764889382227,0.02284429375868901,-0.006555443411571671,-0.0005493926666974568,0.0,0.0,1.5,0.04787447558692328,10781.322428239171,10777.27888036135,10802.551463041858,10804.514221448397,0.0,0.0,0.0,0.0,0.0,0.0,nan,0,-0.016218869054317235,0.018473611472348803,-0.000599448320129703
18.19560309299959,-0.00927368427994774,0.017590698312154138,1.4856816537690682,0.004447255538268717,-0.0533940383321592,-0.04543677983387603,0.018860290173830778,-0.001087963486715969,0.003890061673179462,0.0,0.0,1.5,0.02450405937844197,10781.322428239171,10777.27888036135,10802.551463041858,10804.514221448397,0.0,0.0,0.0,0.0,0.0,0.0,nan,0,-0.013608628514380293,-0.01023431111940198,-0.012239092254287876
18.20608654300031,0.005816301094352747,0.03078045178957032,1.5061912075486634,-0.015744606238923348,-0.02352190460476647,-0.016870371042270405,0.023083153018654573,-0.0010955476478461293,-0.001442581998904267,0.0,0.0,1.5,0.03193112308862403,10759.85007290546,10756.155882378309,10767.007530074865,10769.021429126225,0.0,0.0,0.0,0.0,0.0,0.0,nan,0,0.001842001557269826,0.003485830220748394,0.008010410466412266
18.21635804899961,0.015365569762665182,0.012794003214557054,1.4769670983204404,-0.020488513283354895,-0.020747134580547954,0.03883787869756881,0.019417447956417495,-0.0051363986760535885,-0.007377529548793755,0.0,0.0,1.5,0.030500849367938714,10816.625435811304,10807.204173356256,10830.576799545941,10843.464454495454,0.0,0.0,0.0,0.0,0.0,0.0,nan,0,0.011577057733275942,-0.01420762991133755,-0.021332725581429512
18.22706315999949,0.009973152131225462,0.020716402836549148,1.509082070993478,-0.017593835482960184,-0.032968858799149216,0.004980087063711381,0.015259500296608946,-0.00674168138392414,-0.0036652553735793823,0.0,0.0,1.5,0.024720783228880983,10823.636398447805,10810.372535202005,10834.721718086059,10849.241590435417,0.0,0.0,0.0,0.0,0.0,0.0,nan,0,0.006373755899342956,-0.005974094667054234,0.01066231397581463
18.23749466299978,0.023004437591986705,0.023806747702395242,1.4821860840761696,-0.008605103489085985,-0.002527449028784087,0.005179492073428376,0.016467815897643914,-0.004074016416810851,0.0029369908983089606,0.0,0.0,1.5,0.03759389558998124,10816.343837112172,10800.396383949983,10829.954463614684,10838.199267254116,0.0,0.0,0.0,0.0,0.0,0.0,nan,0,0.01959723192517928,-0.002554893930924059,-0.016354176064400816
18.24801350799953,-0.004522533461849432,0.02079411573480901,1.5322801847299545,0.0010539273327580766,-0.047173756918256524,0.04696304802765146,0.01833538541074721,-0.0022674742037083954,0.0032173024348476982,0.0,0.0,1.5,0.03866340497558601,10805.247696653043,10789.701156113764,10818.380991505022,10823.14885005998,0.0,0.0,0.0,0.0,0.0,0.0,nan,0,-0.007734724494214588,-0.005221416370818074,0.033620704252354194
18.258530670000255,0.00695279992342479,0.02719734728888919,1.4813660232286978,-0.03744370407287423,-0.041124751602534496,0.00454259928635793,0.017256024209462748,-0.000585804704092132,-0.0019645753230462274,0.0,0.0,1.5,0.03369365246809929,10830.350377908644,10810.550754978563,10822.741393439133,10838.269933838905,0.0,0.0,0.0,0.0,0.0,0.0,nan,0,0.003938210521307007,0.0015447417305024386,-0.01741189622622019
18.269012930999452,-0.0014817317370470376,0.02613086981874371,1.5131473147774168,-0.008240096852607603,-0.040328221184313125,-0.016664927088000474,0.016291450823541408,0.0007729800006318228,0.0009720834750731579,0.0,0.0,1.5,0.029289413996889488,10830.350377908644,10810.550754978563,10822.741393439133,10838.269933838905,0.0,0.0,0.0,0.0,0.0,0.0,nan,0,-0.00449632113916482,0.0004782642603569573,0.014369395322498812
18.27937393999946,0.01267201504383321,0.03256776361725189,1.520591658158029,-0.02533734048316011,-0.05040712060603491,0.022607027104828262,0.022244662785418316,-0.0029809820478867662,-0.005024731065977051,0.0,0.0,1.5,0.040561750184101436,10759.750638208743,10739.827783750512,10761.24209877447,10780.021980164725,0.0,0.0,0.0,0.0,0.0,0.0,nan,0,0.009857372359259268,0.0072943691593619145,0.02170080182805556
18.290388276000158,-0.01032251804712121,0.028564530932091367,1.4833675028272875,-0.006217715025782121,-0.043909942001287644,0.04029800128453544,0.015062204678228818,-0.0013672675321589071,-0.00298230101808719,0.0,0.0,1.5,0.03462840984515226,10796.987576165453,10781.810845620452,10802.706143991638,10816.345604877899,0.0,0.0,0.0,0.0,0.0,0.0,nan,0,-0.012731113590773193,0.004096486568324856,-0.01572816009280631
18.30067063200022,-0.0006792498039201395,0.0075373853000228405,1.4972421984738826,-0.023324138628461877,-0.06359229789840087,0.015212525087001142,0.01838421026638635,0.0025309801977102396,-0.0010650233008394929,0.0,0.0,1.5,0.008054751809620286,10763.33182403796,10749.749453491193,10780.341707800242,10787.55791809016,0.0,0.0,0.0,0.0,0.0,0.0,nan,0,-0.0028821559795439533,-0.016505445517894707,-0.0019467315383454586
18.310958512999605,0.006927839586812648,0.00664165918752261,1.5005063446773088,-0.05064355256211157,-0.04045007154231353,0.0026967185566811078,0.01590146518805241,-0.0036050339229203483,0.0049645501216199145,0.0,0.0,1.5,0.009610566218285523,10763.33182403796,10749.749453491193,10780.341707800242,10787.55791809016,0.0,0.0,0.0,0.0,0.0,0.0,nan,0,0.004724933411188834,-0.017401171630394938,0.0013174146650807295
18.321983154999543,0.008341136621630938,0.009821765392620084,1.4825982276078202,-0.02190907814812033,-0.05651782793786446,-0.018170573817809663,0.01327306905942847,0.0027862514693252293,0.0007702339797548034,0.0,0.0,1.5,0.021653251902603737,10765.694233120095,10754.217182853272,10793.085909066998,10797.450962506235,0.0,0.0,0.0,0.0,0.0,0.0,nan,0,0.006553939886854763,-0.013328149083269401,-0.016750507081661592
18.331921195000177,0.006286060074327152,0.0020341107812887754,1.4854963398566845,-0.03253999600973923,-0.053839766738665154,0.01957722057941748,0.01589842269996579,-0.00044724813277316857,-0.004525841099393909,0.0,0.0,1.5,0.015937638328228046,10765.694233120095,10754.217182853272,10793.085909066998,10797.450962506235,0.0,0.0,0.0,0.0,0.0,0.0,nan,0,0.004498863339550976,-0.02111580369460071,-0.013852394832797321
18.34288167900013,-0.008609444446771355,0.017497367373565276,1.5132767150338478,0.024288489327642736,-0.03636997601854112,0.008493179719160165,0.01694115392125826,-0.0030870850904257193,0.004465064636268642,0.0,0.0,1.5,0.023591345039601867,10809.764779193518,10809.610575880582,10841.734223113592,10842.439514643096,0.0,0.0,0.0,0.0,0.0,0.0,nan,0,-0.00997640206351982,-0.004706266420552302,0.013793192182361969
18.35285016800026,0.0022589587847996534,0.019091924060865406,1.4922311610981789,-0.022067472502896233,-0.014008403010944805,-0.015439201827839016,0.009928276484939009,0.0009201380981558519,-0.00142933900470976,0.0,0.0,1.5,0.020735460376363098,10809.764779193518,10809.610575880582,10841.734223113592,10842.439514643096,0.0,0.0,0.0,0.0,0.0,0.0,nan,0,0.0011033587783849882,-0.0026197955433414667,-0.007319144140458755
18.363706414000262,0.011206538967154544,0.023216641560918783,1.4911523581703385,-0.025566434623122317,-0.04900260381332927,-0.023897881616585445,0.014671705003594151,-0.00477905426255884,0.01004513315793518,0.0,0.0,1.5,0.027255820056210193,10793.919850926377,10786.464635495255,10813.949678756575,10824.660693550431,0.0,0.0,0.0,0.0,0.0,0.0,nan,0,0.010262868276142225,0.00200858142334176,-0.008463408268031047
18.374178971999754,0.02301202919878817,0.03451323567648722,1.5031658455564971,-0.03295171970148193,-0.049792701638704216,-0.015137370186354509,0.011313390096369384,0.00041633255820388746,-0.0018300745733717055,0.0,0.0,1.5,0.04160215742956394,10828.793671935486,10820.406235704622,10826.68091696737,10833.772578146949,0.0,0.0,0.0,0.0,0.0,0.0,nan,0,0.022280671555648404,0.013819994729281408,0.003485484895728197
18.38485647699963,-0.009676515256021982,0.01783099469191191,1.5074256285067613,-0.028345120309496534,-0.05692069075409832,0.025493682996272818,0.010473311408491746,0.004151867222046945,-0.0004719009203194117,0.0,0.0,1.5,0.021603686674348966,10846.709801488156,10848.340949586323,10849.735054326447,10857.9205107334,0.0,0.0,0.0,0.0,0.0,0.0,nan,0,-0.010195358425751418,-0.0023368201329744265,0.00767736603050051
18.395150788999672,-0.0005632455248560965,0.028939768621230027,1.5114580085107316,-0.039232522398089976,-0.00773487066116404,0.02354540157808625,0.010117792963094124,-0.0018962960004797976,0.0027833487057248463,0.0,0.0,1.5,0.031130586444903335,10852.52954066952,10849.366804291662,10844.854751427269,10853.410476188616,0.0,0.0,0.0,0.0,0.0,0.0,nan,0,-0.0008695535628883738,0.009307403807793716,0.011636567286203992
18.405510513999616,-0.0025842155967335328,0.014768269597898703,1.5054705244383255,-0.04301595614307849,-0.11590348062990244,0.046682090884557007,0.007765700600426027,0.00036001511903741506,-0.001478033276466492,0.0,0.0,1.5,0.01595952990526152,10852.52954066952,10849.366804291662,10844.854751427269,10853.410476188616,0.0,0.0,0.0,0.0,0.0,0.0,nan,0,-0.00289052363476581,-0.004864095215537607,0.0056490832137978675
18.41603539799962,-0.004951321207461404,0.006068084525648271,1.5093440593643261,-0.01884306497361706,-0.0174429195817289,0.010564322547121117,0.009724487996819962,0.00014465601848314194,0.008792371747653844,0.0,0.0,1.5,0.012192156368498564,10816.817733213971,10815.418111189916,10814.52499863701,10820.571058537771,0.0,0.0,0.0,0.0,0.0,0.0,nan,0,-0.00504525184754665,-0.01301944268722262,0.009447354617479586
18.426410983000096,0.010454307401912624,0.02970307728167264,1.4904213660803531,-0.01763568240018713,-0.022305234976479398,-0.010101648262223971,0.007057205321351831,0.000570557125578893,-0.0032570073878443596,0.0,0.0,1.5,0.03291375960022361,10795.802970638484,10806.461232981947,10781.917856856575,10778.12950091444,0.0,0.0,0.0,0.0,0.0,0.0,nan,0,0.010572422107245622,0.011169123604772166,-0.00954732925034496
18.437019942000006,0.007370425527155187,0.016783197910273884,1.4995544390536346,-0.0050251181865444165,-0.04677808040852861,0.013777857383153949,0.006202019539436962,0.003557300857059862,0.00418047709645425,0.0,0.0,1.5,0.018335687309279914,10749.267533345539,10766.261212301008,10770.668391316418,10758.033510333067,0.0,0.0,0.0,0.0,0.0,0.0,nan,0,0.007910936188908717,-0.0006199162941737876,-0.0005307995406367283
18.447667231000196,-0.01117895632804173,0.02014629729024676,1.4933429985839741,-0.04708993632159227,-0.06284057614228586,-0.010285396460310561,0.009746409926324475,0.004113860832257499,0.002102116871663575,0.0,0.0,1.5,0.02398245247976609,10802.535676113639,10808.383656726804,10784.080288160529,10783.347880583291,0.0,0.0,0.0,0.0,0.0,0.0,nan,0,-0.010428462385173356,0.003319283010061798,-0.006787468641119787
18.457997137999882,-0.003307034729361908,0.032912201542716145,1.496289665167174,0.009439440826326846,-0.03703065673166142,0.012395996993902966,0.0012178715013169482,0.004024616697728529,-0.002218323792638837,0.0,0.0,1.5,0.033285373269069024,10802.535676113639,10808.383656726804,10784.080288160529,10783.347880583291,0.0,0.0,0.0,0.0,0.0,0.0,nan,0,-0.0025565407864935343,0.01608518726253118,-0.003840802057919923
18.468531575999805,0.015028068782022903,0.01934954725634961,1.510040920542063,-0.05368440797930437,-0.09094320347613938,-0.007759010662631192,0.003307642067525364,-0.0016664812668551318,-0.0023859408006571296,0.0,0.0,1.5,0.026477687128503923,10805.883793448773,10799.938493088008,10775.45994059755,10789.756054197225,0.0,0.0,0.0,0.0,0.0,0.0,nan,0,0.015987480402409573,0.003105007946929101,0.009870187433327127
18.47942122099994,0.0007351722826616253,0.010719658042549277,1.497867153073355,-0.014073567496389541,-0.0664199655829819,-0.02360476123515708,0.005997563788101062,-0.0017535521506009035,0.0005029135279947567,0.0,0.0,1.5,0.010954477753269872,10817.297392651362,10822.146677868584,10807.73970895959,10809.80341446597,0.0,0.0,0.0,0.0,0.0,0.0,nan,0,0.00190224460623748,-0.00493658701066425,-0.00234075548594026
18.489769157999945,0.004777917980291587,0.020405528944916002,1.5119228268473834,0.016220219863594596,-0.05312796546807222,0.01405855397056803,0.005113971312353562,0.003268762998904099,-0.0031275047561323756,0.0,0.0,1.5,0.02411157215489869,10830.098258184753,10818.756189967207,10789.176257449677,10805.404779614068,0.0,0.0,0.0,0.0,0.0,0.0,nan,0,0.006151205169385812,0.005342847715689757,0.011679283768681437
18.50047855199955,-0.0022889301071256263,0.012677799004783103,1.4955657921710035,-0.003695976659901716,-0.06475066670748396,0.011060015491332821,0.0003049837221197208,-0.001950302784840384,-0.0024405978621499427,0.0,0.0,1.5,0.013624536238408978,10835.79166831147,10832.328483115494,10827.878794917422,10830.135359872696,0.0,0.0,0.0,0.0,0.0,0.0,nan,0,-0.0005082824294098201,-0.0011841271949598418,-0.004745187591979061
18.510492991999854,0.0006550866897868254,0.005906155825952721,1.5053989726911678,-0.024642065489784714,-0.057690364365298286,0.04421407505576162,0.003197734603380943,0.0022993651531142663,-0.0013284893734439582,0.0,0.0,1.5,0.008028743446614004,10835.79166831147,10832.328483115494,10827.878794917422,10830.135359872696,0.0,0.0,0.0,0.0,0.0,0.0,nan,0,0.002435734367502632,-0.007955770373790224,0.005087992928185292
18.521347584999603,-0.0012671999028227544,0.02865778852323681,1.498293527199566,-0.019001214253035466,-0.039950956078235365,0.007529921101013693,0.0009701336141942756,0.003498937288371648,-0.006557152725914659,0.0,0.0,1.5,0.02873650445087047,10822.495241115814,10801.348545541308,10795.910317779193,10810.515842958433,0.0,0.0,0.0,0.0,0.0,0.0,nan,0,0.0009128627630010015,0.016011237582003582,-0.00208176709790453
18.53163048799979,0.0005895867007934246,0.01650176838000344,1.5042240235159432,-0.011383594970391622,-0.08192208494834113,0.0037246734090952568,0.002748571914269685,0.000817113582405375,-0.0030326193075932285,0.0,0.0,1.5,0.01704401205140019,10786.114496748414,10769.92435914059,10766.329598663388,10777.423968547495,0.0,0.0,0.0,0.0,0.0,0.0,nan,0,0.002965969549375474,0.004467053273935959,0.0038232810085101487
18.542228080000314,0.00413839393689451,0.00921339570644394,1.4757126738212738,-0.0030048748735191605,-0.07262130653454649,0.01572824269851543,0.002286981326535803,0.004461018886891986,-0.00618288005323751,0.0,0.0,1.5,0.02630374835897507,10802.586628813582,10785.168752579042,10770.585883319567,10778.605981074532,0.0,0.0,0.0,0.0,0.0,0.0,nan,0,0.006708640720258087,-0.0022074160127044853,-0.02470607845480699
18.55269022900029,0.00611959387824064,-0.0062046985793706745,1.4933481555304806,-0.010981273327403819,-0.061689637991902566,-0.0050683487645566605,0.00034062809958072625,0.0025940571258427515,0.0023454991737918295,0.0,0.0,1.5,0.010963336560651618,10800.426745162169,10784.310774737512,10780.168626197841,10787.324537032893,0.0,0.0,0.0,0.0,0.0,0.0,nan,0,0.008881101460567966,-0.017010044276703634,-0.007082336073805928
18.563141591000203,0.013807110760675406,0.017180142038564945,1.5049725142580368,-0.03592272485659945,-0.0743322851071647,-0.027298449526386295,0.0004839335022705991,0.0015441424349186908,-0.0008943303689989379,0.0,0.0,1.5,0.02259467826876949,10822.492616260897,10796.352386397512,10802.5670647946,10814.715634290429,0.0,0.0,0.0,0.0,0.0,0.0,nan,0,0.016757132412802966,0.006991327936986433,0.004534243532445137
18.573407054999734,0.0006724789066122443,0.01584136998441695,1.4826824094532614,-0.03348136071891238,-0.06362094374034735,0.009722727299207798,0.004425803415354423,-0.0008400261223067234,-0.001800680716921465,0.0,0.0,1.5,0.02347978222231877,10822.492616260897,10796.352386397512,10802.5670647946,10814.715634290429,0.0,0.0,0.0,0.0,0.0,0.0,nan,0,0.00380813011136387,0.006269657851770262,-0.01776273822920027
18.5852817949999,-0.028078753487509527,-0.0029366983312449618,1.5026429798087735,-0.04258076064477485,-0.09077242980957695,0.0052937580467678205,0.0017863251712006232,0.003525756271082202,-0.0037197138780583378,0.0,0.0,1.5,0.028355351113513824,10842.32584478883,10825.83681164971,10833.95205554142,10842.897937873422,0.0,0.0,0.0,0.0,0.0,0.0,nan,0,-0.024760483563504812,-0.011891236767752148,0.0021893853810797115
18.594680866999624,0.01082175817756682,0.008555740132527268,1.5153899785060438,-0.04758893145249428,-0.10067610683058503,-0.029755830108647522,-0.0002844384209898163,0.004395242127376322,-0.004233290435798409,0.0,0.0,1.5,0.02066791178821807,10841.424942092399,10836.503577170939,10844.57969909014,10842.790291666543,0.0,0.0,0.0,0.0,0.0,0.0,nan,0,0.014319520274474924,0.00021794477512242748,0.014924662114666809
18.605071943999974,-0.003679580088563727,-0.0026189717851029526,1.4905311781374964,-0.03285467678898527,-0.041903353204747,-0.006798953761273406,0.0030102504544022826,0.007403073621475803,-0.0001474601875580494,0.0,0.0,1.5,0.010490801223126234,10813.71433437407,10826.092039756773,10848.21663779484,10829.20976935136,0.0,0.0,0.0,0.0,0.0,0.0,nan,0,-5.557050399448288e-06,-0.010340959081054297,-0.009948438695368989
18.61587709200012,-0.01341999327472184,0.012100022807561523,1.494690213050891,-0.028197182629380285,-0.04184867602748452,0.05456091682249642,9.33073107834864e-05,0.0024115941248663954,-0.0005567291950128328,0.0,0.0,1.5,0.018833496990256927,10813.605067039753,10825.650002658722,10857.022853398343,10836.929635160817,0.0,0.0,0.0,0.0,0.0,0.0,nan,0,-0.009573048835642611,0.004992398630907162,-0.0058056140074622675
18.62591241300015,-0.003364660804262571,-0.009469236760516964,1.4974953229083758,-0.032148363013778436,-0.07998290958397457,0.032507497703351616,-0.0033747254502098974,0.00023205487425127308,-0.0032094111765096495,0.0,0.0,1.5,0.010356678738271915,10813.605067039753,10825.650002658722,10857.022853398343,10836.929635160817,0.0,0.0,0.0,0.0,0.0,0.0,nan,0,0.0006517426361653577,-0.015964466470223808,-0.0030199177507215236
18.63676478599973,0.0009443018013824593,-0.004389467341836146,1.5065301588330113,-0.026587640608066752,-0.0444316964136773,-0.03421055021920365,-0.00014251901457453808,0.004543656295989501,0.0009262855282406833,0.0,0.0,1.5,0.007924777840513651,10830.071445799336,10838.767617468659,10859.49328243071,10845.001097828295,0.0,0.0,0.0,0.0,0.0,0.0,nan,0,0.004960705241810388,-0.01088469705154299,0.0060149181739139745
18.647215432999474,-0.011718777718428473,0.014043675970186475,1.5016398755294627,-0.0294744947405329,-0.0705218951022846,0.03471740280278311,-0.0012239212130290675,0.0008405243115724552,0.0049757619159953624,0.0,0.0,1.5,0.018364198259702466,10795.344537208899,10809.32573356394,10812.702277942362,10796.032247498322,0.0,0.0,0.0,0.0,0.0,0.0,nan,0,-0.007536493001463746,0.00815834619332851,0.0011049265404672326
18.657923181000115,-0.0012676341367773916,0.009649402740600298,1.5005486515054567,-0.000878304289923617,-0.03647063459629698,-0.016196288113012092,-0.004720300007684945,0.004767380681141957,0.003526025826484431,0.0,0.0,1.5,0.00974776323211986,10807.585585624533,10818.764948999695,10823.900897822117,10809.382575004765,0.0,0.0,0.0,0.0,0.0,0.0,nan,0,0.003235191287679938,0.004974280948342709,-1.294894101744326e-05
18.668421477000265,-0.003119995819217329,-0.0017647825449790145,1.5073669144222026,-0.05577221420871598,-0.0561266932435463,0.012794894507924325,-0.002886708916954513,0.00319234944142038,-0.0045303708789194526,0.0,0.0,1.5,0.00819269549336804,10780.578603100344,10800.21862286015,10799.097288221263,10782.014323967505,0.0,0.0,0.0,0.0,0.0,0.0,nan,0,0.001537194249650653,-0.00584067526829014,0.006797104327322945
18.67864253799962,-0.011561091959547286,-0.013285267850339146,1.507225306138859,-0.011235589483814618,-0.053365728117502245,-0.004585404967755677,-0.0038333152653373137,0.0070162801497308,-0.008349523663867216,0.0,0.0,1.5,0.019035814612266975,10815.076182597875,10821.302332670517,10801.465154294372,10801.499823340226,0.0,0.0,0.0,0.0,0.0,0.0,nan,0,-0.006753680202243544,-0.016766565815134662,0.006650972993652582
18.689303182999538,0.006197594722885314,0.0015977993026230503,1.489410731684315,-0.00032054159655019556,-0.06763646264328725,-0.015529494225118701,-0.0032345168338218265,0.005947307237123789,-0.006425168253749595,0.0,0.0,1.5,0.012373186591261286,10798.899506560612,10811.735142197651,10795.74926005689,10781.304684930961,0.0,0.0,0.0,0.0,0.0,0.0,nan,0,0.011150920829570754,-0.0012940735816462912,-0.01116489816936217
18.699771173000045,0.0010273271941403433,0.0042115330568374965,1.5230978521112295,0.012187355597838756,-0.024934675431524052,0.04346625480722227,-0.007396887288744056,0.0037565615020625533,-0.0017271611596395785,0.0,0.0,1.5,0.023501131547329468,10808.944544726191,10806.508666005897,10796.646400691185,10788.30527891989,0.0,0.0,0.0,0.0,0.0,0.0,nan,0,0.006122097042308469,0.0019033956124069329,0.0225249741583029
18.71032082399961,-0.011939150060106587,0.004198235194163822,1.489703322453788,-0.02766601743987649,-0.03332886835009563,0.004118017233081634,-0.008289581415760805,0.005211028707089749,0.00252743389666105,0.0,0.0,1.5,0.01631533178926887,10842.629148849528,10822.041770949543,10818.22777246482,10823.727267069191,0.0,0.0,0.0,0.0,0.0,0.0,nan,0,-0.006707590540215712,0.002467611798062143,-0.010865533552881779
18.720753577999858,-0.013737963206885941,0.00778845453710033,1.503376107825234,-0.010193433741257113,-0.020349696558296517,0.008519378816499099,-0.008903325686798101,0.004795093378627129,-0.001872969500217036,0.0,0.0,1.5,0.016148986382985037,10803.287706054492,10770.744625317837,10746.804029067953,10767.857458227096,0.0,0.0,0.0,0.0,0.0,0.0,nan,0,-0.008374421696902543,0.006628635434467723,0.0028153768794267897
18.731447565999588,-0.016396845137139078,0.016594732862320747,1.5035452168753842,-0.010194240887107398,-0.03323592047379307,-0.0027743475776016166,-0.008173884397691358,0.003939825326062569,-0.002754003360530084,0.0,0.0,1.5,0.023596827157832442,10823.125225038073,10802.002381405837,10764.934972453555,10780.215158232262,0.0,0.0,0.0,0.0,0.0,0.0,nan,0,-0.010906272164566997,0.015998532861882943,0.002999516582670392
18.741806193999764,-0.010478942399962807,0.005411749557952468,1.5038843383670595,0.018710636191637004,-0.05141206589412976,0.022929365894799634,-0.008218991662520037,0.00610940289794264,0.008833215135058473,0.0,0.0,1.5,0.01241705889691868,10823.125225038073,10802.002381405837,10764.934972453555,10780.215158232262,0.0,0.0,0.0,0.0,0.0,0.0,nan,0,-0.0049883694273907256,0.0048155495575146635,0.0033386380743456456
18.75240982699961,-0.010455632055541706,0.00872331634198743,1.5143121975091514,0.009329868484503996,-0.05935410040221271,0.0025609817363847084,-0.011644363382657725,0.005271838853237611,-0.007849663435692133,0.0,0.0,1.5,0.019754885148342793,10835.751956647968,10819.964564443766,10762.812756333647,10773.835809829634,0.0,0.0,0.0,0.0,0.0,0.0,nan,0,-0.004726443805200385,0.009230887924104307,0.01381181631243078
18.762863472999925,0.006078400809118705,0.005227368057622897,1.4959924677749596,-0.041913220381062384,-0.06533095514555638,-0.02055804456876966,-0.004132970363668462,0.005217957935652957,0.000872851974776945,0.0,0.0,1.5,0.00896284819356481,10835.751956647968,10819.964564443766,10762.812756333647,10773.835809829634,0.0,0.0,0.0,0.0,0.0,0.0,nan,0,0.011807589059460026,0.005734939639739776,-0.004507913421760934
18.774705803999495,-0.003747592481149308,0.014040301644804623,1.4908526953624437,0.0367774815050152,-0.06109194910028054,-0.0619534088912659,-0.009721948908110047,0.0023079792447633853,0.006723311492003376,0.0,0.0,1.5,0.01717112989334509,10819.354587648435,10788.278822074906,10740.409433821189,10769.165802003949,0.0,0.0,0.0,0.0,0.0,0.0,nan,0,0.00219877143319346,0.015617537408890278,-0.009579716262694937
18.784142796000197,-0.008326643829231446,0.006238703484342694,1.4916707291668803,-0.0027862626321409093,-0.0679303595846245,-0.03359075234997376,-0.010925124211368925,0.004435027345378183,-0.006164818655444178,0.0,0.0,1.5,0.013327834454099697,10834.60043177231,10816.060947711547,10783.50833987789,10802.219485183707,0.0,0.0,0.0,0.0,0.0,0.0,nan,0,-0.0022800114972997094,0.008337025755783474,-0.008719418566616843
18.794895240000187,-0.004033305121053819,-0.009757193112199136,1.5126714477439143,0.013583804618847447,-0.06908674877679917,-0.01518235927393629,-0.008355132046917107,0.010955929235226316,-0.0009090345285821988,0.0,0.0,1.5,0.016493512529325436,10834.60043177231,10816.060947711547,10783.50833987789,10802.219485183707,0.0,0.0,0.0,0.0,0.0,0.0,nan,0,0.002013327210877917,-0.007658870840758357,0.012281300010417162
18.805141717999504,-0.011487979780251597,-6.955512671574576e-05,1.4970384535259125,0.014258259289656372,-0.0528765626010782,0.0004261507280357167,-0.00836670596519548,0.004307666185043518,0.00294300469059098,0.0,0.0,1.5,0.011863779956881459,10893.467740823138,10866.235271214384,10830.229093247845,10865.71820491068,0.0,0.0,0.0,0.0,0.0,0.0,nan,0,-0.005346795636063909,0.0025401501997452487,-0.0033124537346327365
18.815543714999876,-0.004079089961406267,-0.00878855297181877,1.4925666192319549,-0.004254847229974203,-0.07438934618677044,-0.039323029939235594,-0.012618775290302999,0.00818312449317521,-0.008159131284723018,0.0,0.0,1.5,0.012211993608516708,10908.329166042828,10881.863498101786,10856.505074963774,10884.249491626959,0.0,0.0,0.0,0.0,0.0,0.0,nan,0,0.002150816641835838,-0.005677555648419123,-0.0077546229982077275
18.82618679799998,-0.01129443818801335,0.01636167252964344,1.505538819591525,-0.029499194342364365,-0.05782239080344724,0.015208941344417951,-0.01455809300313911,0.002293095984895073,-0.003025493365491652,0.0,0.0,1.5,0.020638487939226634,10886.860315945842,10850.82462022939,10839.746132255199,10877.789582951971,0.0,0.0,0.0,0.0,0.0,0.0,nan,0,-0.004981696639763759,0.019963563214549587,0.00523782881089474
18.836461165999935,-0.012447842944789973,-0.017988815001064425,1.4893817371555769,-0.015867070136637247,-0.031627937670614226,-0.012320636635917316,-0.014991476274043439,0.0059156084977014835,0.0013860383361313606,0.0,0.0,1.5,0.024316532749426568,10897.601020950617,10863.256492831495,10862.006870381068,10892.172328005563,0.0,0.0,0.0,0.0,0.0,0.0,nan,0,-0.005987203751555746,-0.013437459785947256,-0.010900703725878369
18.847632003999934,-0.004041108494833014,-0.0071150979042646605,1.5028721390302104,-0.011450184721798077,-0.017239641997809762,0.029085159640473666,-0.011096149134735058,0.007216369426425969,0.005075463829570111,0.0,0.0,1.5,0.008672044664503354,10897.601020950617,10863.256492831495,10862.006870381068,10892.172328005563,0.0,0.0,0.0,0.0,0.0,0.0,nan,0,0.002484563417315051,-0.002105759256640286,0.002587466715875175
18.8576050089996,-0.01687085534696202,0.0005827934746740863,1.500425501601564,0.014780112166149582,-0.036240301986081906,-0.03802690198543037,-0.011916630347767191,0.005412103591606816,-0.00024165763479287828,0.0,0.0,1.5,0.01688628022938069,10860.184594710725,10845.77760511638,10833.744275999712,10844.182786145879,0.0,0.0,0.0,0.0,0.0,0.0,nan,0,-0.010345183434813953,0.005592132122298461,0.00014082928722869426
18.868045162999806,0.0063848136667686165,-0.011725176096233362,1.5074056858955516,0.012236891315604563,-0.04097193023050262,-0.03816877131939284,-0.011364718032618338,0.007014666534011727,0.004364346119781146,0.0,0.0,1.5,0.015267278199817054,10870.09655606333,10863.5078274562,10843.765329100912,10851.733744964802,0.0,0.0,0.0,0.0,0.0,0.0,nan,0,0.01296959268243213,-0.006269376179139363,0.007113224853909417
18.87871539600019,-0.008537524522995582,0.009707620817849923,1.4741652796581364,-0.03164821874133163,-0.020354748384887465,-0.02475278012955908,-0.015818247984327585,0.00471717082236396,-9.117114064318419e-05,0.0,0.0,1.5,0.028888752172189894,10839.211417940229,10836.3629013876,10803.705648558529,10814.93835149737,0.0,0.0,0.0,0.0,0.0,0.0,nan,0,-0.0018995379468505968,0.015598112245325863,-0.02613831613982054
18.88905500599958,-0.014305393118364181,0.013012005706183868,1.5210699115112025,0.027935867373357955,-0.042814410452406144,-0.06387060078209343,-0.011695978626738246,0.0032285255603919354,0.0009005637871401423,0.0,0.0,1.5,0.028598911445343638,10880.045923661664,10866.455409774075,10835.863861218319,10859.98241290087,0.0,0.0,0.0,0.0,0.0,0.0,nan,0,-0.007578628442611284,0.019735525253380872,0.020732335776093347
18.8995565919995,-0.02273894691574186,-0.0021235774764218193,1.4859036491452216,-0.010323084501632445,-0.06475098835674936,0.019531989744373562,-0.01199243396390578,0.009318328900148226,-0.0025957157417379182,0.0,0.0,1.5,0.026837965562916753,10909.765644372139,10910.997188567673,10866.235737254998,10874.270082434225,0.0,0.0,0.0,0.0,0.0,0.0,nan,0,-0.015976604838040732,0.004997717509512851,-0.014463916699847257
18.90996153800006,-0.013977887568394087,-0.005974836025286793,1.491085553688529,0.00130369781519054,-0.062271225438510304,0.01555399913309554,-0.012003569716112343,0.010066314752345241,0.0037883306297109708,0.0,0.0,1.5,0.017622353969995876,10917.454837701232,10912.288545901676,10868.713056962082,10883.328810441268,0.0,0.0,0.0,0.0,0.0,0.0,nan,0,-0.007185824774035024,0.001531399144213263,-0.009325025044510937
18.920617687999766,-0.0041250448530188635,-0.02514272033418858,1.4817274008122117,0.0013898560707639575,-0.05748391323599888,-0.020346616944429043,-0.010503006833645183,0.011089948683255817,-0.0009912374205031716,0.0,0.0,1.5,0.03135379182683014,10886.961130862663,10884.308325019061,10857.665233343901,10865.319577684419,0.0,0.0,0.0,0.0,0.0,0.0,nan,0,0.0026909294272317464,-0.017264549820068628,-0.018737573470262392
18.930776979000257,-0.005264653907852629,-0.014424763327905047,1.4977136186513986,0.00019356439236402914,-0.02862351526596002,0.08991786667667125,-0.01665719213712255,0.0055255675187823915,-0.004423599603307866,0.0,0.0,1.5,0.015524751769570246,10886.961130862663,10884.308325019061,10857.665233343901,10865.319577684419,0.0,0.0,0.0,0.0,0.0,0.0,nan,0,0.0015513203723979806,-0.006546592813785097,-0.002751355631075425
18.941367700000228,0.005508647321731497,-0.0005056978413783692,1.4849355128121848,-0.05505090005939756,-0.04683460130644837,-0.021252738885405454,-0.01360738502044945,0.007462884852864757,-0.002966857119442678,0.0,0.0,1.5,0.016048043489903737,10881.250217162074,10869.490378958624,10869.683339599536,10887.770501042462,0.0,0.0,0.0,0.0,0.0,0.0,nan,0,0.012355247708127511,0.008076780729676377,-0.015662049353997176
18.951936716999626,0.007789968897908054,0.01308685459880583,1.5012316777612573,0.0006094160741078599,-0.019632535569219428,-0.005102773821331722,-0.011171346176662942,0.005365312658109654,-0.0031728537371643207,0.0,0.0,1.5,0.01527960761368681,10809.630014647195,10796.359276066154,10789.347739132198,10801.376377449795,0.0,0.0,0.0,0.0,0.0,0.0,nan,0,0.014643409539728125,0.02200145106419014,0.0005609879907146897
18.96227763800016,-0.006873405143688573,-0.004789795220719081,1.4921537153174143,0.0017462305459363349,-0.05699738478983568,0.021077430570486697,-0.01401866722487282,0.007205432861705902,0.001061717827246725,0.0,0.0,1.5,0.011478241147749407,10809.630014647195,10796.359276066154,10789.347739132198,10801.376377449795,0.0,0.0,0.0,0.0,0.0,0.0,nan,0,-1.9964501868502404e-05,0.00412480124466523,-0.008516974453128379
18.972806329999912,-0.012491814038882887,-0.008547029788060635,1.5259054128105431,-0.017228273663802994,-0.03479027669451153,-0.015696102076212876,-0.014337643326239165,0.0050680727054298776,0.0016183144884364122,0.0,0.0,1.5,0.03000312565491603,10848.51620096999,10837.813362200757,10820.974692608634,10822.111002151321,0.0,0.0,0.0,0.0,0.0,0.0,nan,0,-0.005641277016293288,0.000991121516502557,0.02508794959349303
18.98323895700014,-0.012767484979664167,-0.010696107794779103,1.5247102464798776,-0.000733276530642009,-0.030185253824251905,-0.009352992563582529,-0.012185339915793441,0.005212683249201574,0.004292673045194595,0.0,0.0,1.5,0.029799524757280767,10848.51620096999,10837.813362200757,10820.974692608634,10822.111002151321,0.0,0.0,0.0,0.0,0.0,0.0,nan,0,-0.005916947957074568,-0.0011579564902159112,0.02389278326282751
18.993938943000103,-0.0003798677738485936,-0.029846959678656006,1.4997294636357907,0.002544884633026706,-0.031168530226315078,0.0005959598902350285,-0.01429212626958042,0.006713014827374657,-0.007895327734582226,0.0,0.0,1.5,0.029850602866764445,10814.489723934461,10815.495804681852,10802.286270219956,10798.591290261875,0.0,0.0,0.0,0.0,0.0,0.0,nan,0,0.006446054083947129,-0.019740495581597087,-0.0012373409984178796
19.00464517799992,-0.011140771627158725,-0.027981457450227055,1.5058329550340033,-0.04782350384620798,-0.016185013840297163,0.04298677120745029,-0.01280141162735598,0.006813467228031888,0.004059490401131887,0.0,0.0,1.5,0.03067738772966297,10798.835111953214,10804.323076744377,10788.575180237154,10786.983250484767,0.0,0.0,0.0,0.0,0.0,0.0,nan,0,-0.004335108399615817,-0.01761181114960858,0.004795895826968266
19.015168089000326,-0.02348013612685683,0.011711615995260473,1.497546184101957,0.02249898207639189,0.0120514751160727,-0.04641717878073959,-0.01797899761026362,0.0019878603116708447,0.0038047193015659,0.0,0.0,1.5,0.026353367037584712,10809.220697532775,10803.869579797069,10797.339277559942,10797.000552231928,0.0,0.0,0.0,0.0,0.0,0.0,nan,0,-0.01669993968862971,0.02233031739444082,-0.003556927851329439
19.025559101999534,0.004618575573919303,-0.00931221026902844,1.4996392513519676,0.0495232642550095,0.011428210934096392,-0.027340288651246058,-0.014743312105684402,0.004343536174696656,-0.0024087858595882067,0.0,0.0,1.5,0.010400896115895971,10809.220697532775,10803.869579797069,10797.339277559942,10797.000552231928,0.0,0.0,0.0,0.0,0.0,0.0,nan,0,0.011398772012146424,0.0013064911301519065,-0.001463860601318867
19.036038754999936,-0.0080664467825639,-0.02579196529480455,1.5155594053601058,0.008672672970475493,-0.0478668725097741,-0.012880907118874933,-0.015901353413347384,0.0045050489236536225,0.008530448688947066,0.0,0.0,1.5,0.031183138594830812,10832.156238191435,10846.034683678254,10804.349947040151,10796.375254739185,0.0,0.0,0.0,0.0,0.0,0.0,nan,0,-0.001352533494272063,-0.014717911342685722,0.014341650937936379
19.04662197899961,-0.02480413053323649,-0.017813524449488395,1.4838781576953888,-0.009356150349282782,-0.04305550670639539,0.004219305612782057,-0.01639187061488264,0.0036379303393893714,-0.0052522079187338035,0.0,0.0,1.5,0.034532308699493405,10869.75110511453,10857.492466540547,10808.548178033638,10821.971276032675,0.0,0.0,0.0,0.0,0.0,0.0,nan,0,-0.018130962360164118,-0.006533490005859111,-0.017396173459265585
19.056762336999782,-0.015302117622723013,-0.012567952445470924,1.512877735652413,-0.007551935639866966,-0.0027494454652815413,-0.02834546368551187,-0.014560917234735942,0.007985536592924003,0.002311917893107579,0.0,0.0,1.5,0.02362084477627119,10847.131603269161,10839.5670849244,10804.181518467693,10823.130954827373,0.0,0.0,0.0,0.0,0.0,0.0,nan,0,-0.008674705806739886,-0.0010965429481049598,0.011544623317101488
19.067454091999934,-0.0025629358077798488,-0.009498949056857442,1.5324524425957067,-0.01778844869104634,-0.03832941642209558,-0.018630986314780686,-0.013804461650260572,0.003421287803831822,-0.004396505761677947,0.0,0.0,1.5,0.03391105577193388,10846.094593196614,10848.462298420707,10828.0573776393,10830.550945876885,0.0,0.0,0.0,0.0,0.0,0.0,nan,0,0.004013768980800152,0.0021491800011863224,0.03105837455553706
19.07797789399956,-0.01595427358822449,0.0069959907094769656,1.4896204273547804,-0.001168145856519996,-0.023897495439565146,0.014180534718714713,-0.013437530797082767,0.0058299279527146645,-0.00033461248397012415,0.0,0.0,1.5,0.020278517204973267,10851.510653071644,10855.036809411145,10827.043392730247,10830.788417792306,0.0,0.0,0.0,0.0,0.0,0.0,nan,0,-0.009433168323320189,0.018806129986075632,-0.01183788556701404
19.0883864110001,0.005729606259152894,-0.018210216516117497,1.5184089524565096,0.009715391234835833,0.013213915320867064,0.03556725707869649,-0.015159599408605971,0.004753709583109984,-0.0022048420893755706,0.0,0.0,1.5,0.026520367719826868,10822.341989647877,10828.467058974999,10813.68971944412,10806.600239085112,0.0,0.0,0.0,0.0,0.0,0.0,nan,0,0.012190293002783221,-0.006252772980748873,0.01688506742684215
19.098735984000086,-0.0190707936503216,0.0015935663816205037,1.501162803504994,0.0022100362005409444,-0.03572532323703705,-0.029921772308024362,-0.015500614908323737,0.006734050950821535,-0.0011521266957026154,0.0,0.0,1.5,0.019172551636571594,10822.341989647877,10828.467058974999,10813.68971944412,10806.600239085112,0.0,0.0,0.0,0.0,0.0,0.0,nan,0,-0.012610106906691274,0.013551009916989128,-0.0003610815246735122
19.110249741999723,-0.00530039298063536,-0.004146400175743121,1.500919987744371,-0.02518998691698328,-0.0204746898340871,0.012295584723625349,-0.014303357919853342,0.0025056978052640667,-0.0024329574115281266,0.0,0.0,1.5,0.006792140871357437,10824.533738161712,10830.607966722278,10812.745884495935,10804.798888527122,0.0,0.0,0.0,0.0,0.0,0.0,nan,0,0.0010951278105021372,0.007943656087336529,-0.0006688065122235631
19.119812904000355,-0.015771940612117095,-0.019659239003407682,1.4976382303041673,0.02248995466352167,-0.020040751115772873,0.04495672785227261,-0.01889080402476887,0.005079609262699992,-0.0066759154809845865,0.0,0.0,1.5,0.025314378225850385,10823.785772297628,10819.205447374767,10795.803235743095,10795.355530318368,0.0,0.0,0.0,0.0,0.0,0.0,nan,0,-0.009520702463510989,-0.0073478572404115615,-0.0040660652626480775
19.130510113000128,-0.006860882336345345,0.005684578944503145,1.480263970227158,-0.03781768597050657,-0.010495469474246672,-0.0357319471639137,-0.0171548791923762,0.0008088603798421491,-0.001619129612469167,0.0,0.0,1.5,0.0216540300037653,10810.997501182752,10817.346706353113,10797.551392780388,10783.280842677155,0.0,0.0,0.0,0.0,0.0,0.0,nan,0,-0.0006886524276664644,0.01808467944359211,-0.021492537654957067
19.14093604699974,-0.020399233295103555,-0.008972504472358218,1.4979257056936799,-0.0037714512345984113,0.0006023874012511615,0.005666752879738116,-0.01780261443144728,0.006245545850229912,-0.005003088852750538,0.0,0.0,1.5,0.022381627563780558,10792.206631099,10786.788479663614,10769.590737407209,10762.848398187127,0.0,0.0,0.0,0.0,0.0,0.0,nan,0,-0.01431050377836776,0.0035017599602608623,-0.0038772184844892976
19.151347992999945,-0.00936942465075919,-0.015139509753558683,1.493473926036559,0.01721272502320988,-0.016443240357685043,0.07172511754591743,-0.01699147492305415,0.003938436544201573,-0.004980246103138848,0.0,0.0,1.5,0.018962608344862648,10792.206631099,10786.788479663614,10769.590737407209,10762.848398187127,0.0,0.0,0.0,0.0,0.0,0.0,nan,0,-0.003280695134023395,-0.002665245320939603,-0.008328998141610144
19.162274239999533,0.017433770973016984,-0.016243294843226397,1.4810400115352966,0.010196972080922791,-0.010271208445746432,-0.01870468742487752,-0.011770391109115768,0.0037399633334392803,-0.0002521671586321598,0.0,0.0,1.5,0.030450979627678315,10842.553245112518,10854.300641315898,10828.23864353543,10807.125317562432,0.0,0.0,0.0,0.0,0.0,0.0,nan,0,0.023434547243250815,-0.0037094187651447817,-0.02080662180838888
19.172933693999767,-0.007259664953525122,-0.01987738501114006,1.4936903135257213,-0.010476339805109085,0.011376873620042475,0.025423906438786534,-0.017338394811921103,0.0033922360768440605,-0.005379690491882122,0.0,0.0,1.5,0.022082239775942824,10796.622614824051,10794.878836141934,10771.764100945506,10759.644899184927,0.0,0.0,0.0,0.0,0.0,0.0,nan,0,-0.0014480029903323841,-0.007267790646145324,-0.008243500710008567
19.183236290999957,0.005414388762245235,0.0008227324274859924,1.509957226828632,0.00830323439135358,-0.0040752340075744286,-0.011315247571750732,-0.013197327111145072,0.005802417505093892,0.010758046858745422,0.0,0.0,1.5,0.011363928037117941,10838.880997286133,10828.07868848599,10810.973087097831,10813.263995149713,0.0,0.0,0.0,0.0,0.0,0.0,nan,0,0.011124988880322166,0.013448684172688661,0.007984913513841452
19.193649783999717,0.0036667449469868565,-0.004205285184407137,1.4886888531481453,0.06905946195021175,-0.006205516455690363,0.016839084796571833,-0.013103361139477682,0.006098953536342331,0.004231232368340074,0.0,0.0,1.5,0.012612354462695352,10826.983343201222,10820.34655154378,10799.317931873878,10794.124880445785,0.0,0.0,0.0,0.0,0.0,0.0,nan,0,0.009271983790034813,0.008422797023746613,-0.013321001772599761
19.204084746999797,0.008991239163241413,-0.008679899325916984,1.5276762955954908,-0.001690712378841787,0.02218649513044266,-0.003601533012485732,-0.013370746114414115,0.003023255277934535,0.005214823470753017,0.0,0.0,1.5,0.03036709356997543,10826.983343201222,10820.34655154378,10799.317931873878,10794.124880445785,0.0,0.0,0.0,0.0,0.0,0.0,nan,0,0.01459647800628937,0.003948182882236766,0.025666440674745772
19.21452208000028,-0.0053184936073410035,0.0012049838738403575,1.5038025751764557,0.007790729837916857,-0.036802363418816576,0.025151493738195096,-0.010088615787959117,0.0035237843904110523,-0.0025583101195999903,0.0,0.0,1.5,0.006648153003664944,10829.413482784166,10821.757164041508,10791.996854781692,10803.35938079589,0.0,0.0,0.0,0.0,0.0,0.0,nan,0,0.00017712659006071784,0.013821107275772406,0.0017570921684584295
19.22512062900023,0.0020760347310566684,-0.009715527033562377,1.5042682402163552,0.018933869709179332,0.005611631011274149,0.025468977030940504,-0.011790005566592807,0.0036641037487983408,0.0013139750633015359,0.0,0.0,1.5,0.010812920987825015,10819.492727200184,10795.35410704178,10757.170642825706,10794.093914524285,0.0,0.0,0.0,0.0,0.0,0.0,nan,0,0.007339827713161015,0.0028349935140971807,0.002158406836179738
19.235479529999793,-0.003319078190861956,-0.00944264711205322,1.5169030685806486,0.003572510380160618,0.003594892779399885,0.009735028199239076,-0.013139582072115439,0.0048246758557193405,-0.0009958571194653323,0.0,0.0,1.5,0.01964417450446652,10795.503368823649,10774.164768513308,10757.112062738708,10786.602685722028,0.0,0.0,0.0,0.0,0.0,0.0,nan,0,0.0018226525453073844,0.003054617908332228,0.014769499891613469
19.246184484999503,0.004499820117379942,-0.00937154806801849,1.5034955028244719,0.030149374720286764,-0.02018008926163568,0.019739558708715844,-0.012211887610865646,0.005405350109742349,-0.0017427471196645133,0.0,0.0,1.5,0.010967809000700601,10786.100846663221,10763.616053028192,10746.723073215078,10776.880688263744,0.0,0.0,0.0,0.0,0.0,0.0,nan,0,0.009515512112460075,0.0030591012795423665,0.0013469319989616313
19.25649142600014,-0.004094523213109788,-0.0011638812756085588,1.5026621757679093,0.030043453016152598,0.03285345020502039,-0.023656725529004743,-0.015507710528478094,0.006297533121937518,0.0004708777451895392,0.0,0.0,1.5,0.005020649339044749,10775.300811941235,10757.74911547711,10742.18766079019,10766.121764828005,0.0,0.0,0.0,0.0,0.0,0.0,nan,0,0.000791259222704661,0.011186998070939171,0.0005089456526188307
19.267050466,-0.004130222342884017,-0.015377566810693227,1.4989917039402327,0.003802816461041061,-0.013485186795779449,-0.023202354069333214,-0.01486241182550933,0.0034004751018693736,0.006549977698469861,0.0,0.0,1.5,0.015954465160673184,10775.032963966481,10746.706006054545,10744.737649904522,10774.103595645487,0.0,0.0,0.0,0.0,0.0,0.0,nan,0,0.0006218937923150409,-0.0031194125064194014,-0.003155141954388485
19.277641447999486,0.005386752515322678,0.00022474476060635636,1.4925925798130426,0.020158207285977444,-0.026147056633043786,-0.0418650468359788,-0.012258251217552155,0.004711120401549429,0.0003073962158424014,0.0,0.0,1.5,0.00916174037478137,10816.812804307618,10786.058172636966,10765.048191605772,10797.46472710933,0.0,0.0,0.0,0.0,0.0,0.0,nan,0,0.010001558820411222,0.012377373835832744,-0.009539763306910531
19.28811034299997,-0.022738433464629344,-0.01572352261862015,1.523112316911097,0.0322135275673396,-0.023545302554475962,-0.012647219924464909,-0.014048896051818065,0.004972006032619793,0.002917782618346326,0.0,0.0,1.5,0.036033938349320255,10816.812804307618,10786.058172636966,10765.048191605772,10797.46472710933,0.0,0.0,0.0,0.0,0.0,0.0,nan,0,-0.0181236271595408,-0.003570893543393761,0.020979973791143802
19.29858435299957,0.006733216063914708,-0.013111768603710685,1.489891414079815,-0.0053701049658088935,0.022056427543155184,-0.061274963695402036,-0.0108978292263085,0.00215447378004147,-0.002448463604372533,0.0,0.0,1.5,0.01787283368093531,10865.454519779287,10846.31424203323,10838.724704474796,10865.310845780983,0.0,0.0,0.0,0.0,0.0,0.0,nan,0,0.01106297062397984,-0.0012080562399164278,-0.01220861326931999
19.309013867999965,-0.01984138683475424,-0.01586735646835529,1.5012412552812615,0.00864375481959516,-0.028593745171820777,0.001863801260210773,-0.011607557495978204,-7.683025040820948e-05,-0.005198853278167283,0.0,0.0,1.5,0.02543608357223012,10865.454519779287,10846.31424203323,10838.724704474796,10865.310845780983,0.0,0.0,0.0,0.0,0.0,0.0,nan,0,-0.01551163227468911,-0.003963644104561034,-0.0008587720678734367
19.31969929800016,4.688540397010648e-05,-0.019129897221475154,1.4917281589806262,0.04246725832962173,0.019793533983423105,0.05217727691542163,-0.011438502082641997,0.0024928934412209443,-0.0006414506490566333,0.0,0.0,1.5,0.020841749441807993,10886.167488970344,10878.160546388515,10873.250056877014,10885.441307604699,0.0,0.0,0.0,0.0,0.0,0.0,nan,0,0.0040786963517041135,-0.007524452845323826,-0.010356490784790173
19.32992993300013,-0.01829386443898961,-0.01709175184191755,1.5212597171796927,0.0027077140148801335,0.0031237782169319275,0.033049070621461216,-0.0088322308772299,-2.598774826514624e-06,0.006595018188368879,0.0,0.0,1.5,0.03284461952433518,10886.167488970344,10878.160546388515,10873.250056877014,10885.441307604699,0.0,0.0,0.0,0.0,0.0,0.0,nan,0,-0.014262053491255602,-0.00548630746576622,0.019175067414276326
19.340676861000247,0.012733747519156301,-0.011897065987646982,1.5138366239054193,0.009690476125472042,0.026166202030664946,0.00757861709972868,-0.012103386005036035,0.004183018152150892,-0.00471177323301381,0.0,0.0,1.5,0.022251756472154428,10824.465507834244,10815.285295791897,10816.633103699303,10826.439198522854,0.0,0.0,0.0,0.0,0.0,0.0,nan,0,0.016456133909978826,-0.0006376754251058454,0.01173943392719301
19.35118957099985,0.0004833356678853964,-0.011578005106667254,1.495958204516889,-0.008904518536623794,0.037005779230543,-0.04616357058878946,-0.01007745028516171,0.0051875710520243095,-0.005595743638942584,0.0,0.0,1.5,0.012272731005980654,10769.976955721555,10779.812346294504,10780.460384250133,10778.703800773961,0.0,0.0,0.0,0.0,0.0,0.0,nan,0,0.004047208881164938,-0.000508884222378176,-0.00614278164819293
19.361594277000222,-0.022036413678142255,-0.006874109309529832,1.5220954773875477,0.022279096853399388,0.01261198720295483,-0.0004558854830026742,-0.013804088705849019,0.0016508324200010531,-0.0014891097279976888,0.0,0.0,1.5,0.03195413944354019,10774.146150128909,10774.921847331267,10766.868139739825,10768.81520880458,0.0,0.0,0.0,0.0,0.0,0.0,nan,0,-0.01863331970396575,0.003993598971600598,0.019999214373872087
19.37255132900009,0.010419419485682768,0.008100967370848615,1.5134441337402267,0.04108419068233045,-0.009094643349998098,-0.01294649924290696,-0.010427463777219665,0.0013358816818301355,0.0004207172820801279,0.0,0.0,1.5,0.018839710899779784,10827.327767910867,10831.543295378237,10816.934348924084,10809.411475248637,0.0,0.0,0.0,0.0,0.0,0.0,nan,0,0.013659644499577706,0.018756275591377995,0.011356910906637374
19.382496913999603,-0.013948405551245411,-0.00709886345804012,1.5288540904851702,0.0012584971077957698,0.028742671567506272,0.02909268649507786,-0.011858766375775702,0.002521243364410231,0.002190652947359943,0.0,0.0,1.5,0.032825453805610964,10827.327767910867,10831.543295378237,10816.934348924084,10809.411475248637,0.0,0.0,0.0,0.0,0.0,0.0,nan,0,-0.010708180537350473,0.00355644476248926,0.026766867651580872
19.393214288999843,-0.0036553763562609137,-0.015692137537090034,1.4794488425597845,0.05515154770458151,-0.016813260999511057,-0.01761335178299503,-0.010986153654811245,-0.0006647764032595386,-0.004032278568601698,0.0,0.0,1.5,0.026114268684406746,10813.536190974077,10807.229628224144,10793.026092330383,10797.003824257119,0.0,0.0,0.0,0.0,0.0,0.0,nan,0,-0.0007464373878064527,-0.005493807999046533,-0.02261295646680872
19.40373459700004,-0.018719189967233825,-0.03898026881280887,1.4907982902351893,0.03450364662020717,0.011060273401279479,0.018329813604315483,-0.008058792015357622,0.002815944297046953,0.00043783160245277047,0.0,0.0,1.5,0.04421018991526772,10768.22365383387,10773.862866730671,10750.835620798602,10746.728107501402,0.0,0.0,0.0,0.0,0.0,0.0,nan,0,-0.015978299490711667,-0.0290260130100196,-0.011241686883859847
19.414099835999878,0.006823321288226553,-0.012426721430363857,1.5038508448832062,0.02332387737937193,0.02013051295696555,-0.002898328686576926,-0.012134104308740422,0.004071925390802707,0.0020270426502016913,0.0,0.0,1.5,0.01469047736544818,10816.265004146499,10807.663695495523,10802.972776770492,10807.585410396267,0.0,0.0,0.0,0.0,0.0,0.0,nan,0,0.009394798053453186,-0.002726612205035575,0.0018391582504202475
19.42450307800027,0.02027612319334119,-0.0094965329907076,1.4921152283550254,0.0342353904586984,0.07352225221487262,-0.0046395881907620624,-0.008132908787375754,0.0007819530969260218,0.0037409170166393425,0.0,0.0,1.5,0.023737626976775533,10816.265004146499,10807.663695495523,10802.972776770492,10807.585410396267,0.0,0.0,0.0,0.0,0.0,0.0,nan,0,0.022847599958567822,0.0002035762346206827,-0.009896458277760534
19.434948977000204,-0.006270870801117372,0.0006358447263677194,1.4890356649054683,0.017760606288793303,0.05860227728953678,-0.027457432466103562,-0.0062812910246723315,-0.0010510050542485063,0.005644468011886097,0.0,0.0,1.5,0.012646927025389785,10816.223001973583,10805.751700651213,10802.414989743194,10815.603595682096,0.0,0.0,0.0,0.0,0.0,0.0,nan,0,-0.004041616765234252,0.009798286625533639,-0.012912658187772097
19.44549793399983,-0.004845917413039909,0.001159859230270198,1.4880691162859245,0.024153829879467497,0.06893064566789044,-0.00991846453678145,-0.0074375977275821575,-0.002255461896615278,-0.006990911776903687,0.0,0.0,1.5,0.012929585268168411,10844.224185871437,10826.664702600074,10799.656065697143,10824.452687304018,0.0,0.0,0.0,0.0,0.0,0.0,nan,0,-0.0027891039783576803,0.010039253619511768,-0.013845752696050928
19.456141298000148,-0.017828445431420217,-0.0011437426835841005,1.5006428284796351,-0.009019819731293082,0.05757485454017913,0.02357802806501729,-0.0065149019055996266,0.0006823321259268032,-0.002827098740428293,0.0,0.0,1.5,0.017876656350716443,10871.121343107,10866.734596737491,10827.341620165636,10844.31547195691,0.0,0.0,0.0,0.0,0.0,0.0,nan,0,-0.01594470340083068,0.0074434193491013535,-0.0012418031362579907
19.46663794699998,-0.0009996115507818772,-0.002173258523544876,1.4601251203875512,0.02163746114761933,0.02640821361450094,-0.00040840312714449285,-0.013257961163993762,0.001342541628673688,0.006901081995229971,0.0,0.0,1.5,0.03994656806247447,10871.121343107,10866.734596737491,10827.341620165636,10844.31547195691,0.0,0.0,0.0,0.0,0.0,0.0,nan,0,0.0008841304798076596,0.006413903509140578,-0.04175951122834198
19.47720754399961,0.0016406585243221024,-0.008472907762673256,1.4902670301140488,0.028461581222746953,0.024751693039399763,0.02544331547763976,-0.009804632943701123,-0.0016902288248533722,-0.004548546449956051,0.0,0.0,1.5,0.013008175473487127,10850.103275638528,10863.805061064993,10816.389342629493,10800.743537790688,0.0,0.0,0.0,0.0,0.0,0.0,nan,0,0.0031771834327145388,-0.0004967511545897474,-0.01157493597090542
19.487711349000165,-0.001417901527038131,0.011903482701658218,1.5212480269138973,-0.023979743816811495,0.021822826112880563,0.03376777223673094,-0.009572321884158859,0.001987516726408199,-0.0010265408953717917,0.0,0.0,1.5,0.02439635204088423,10882.223286871415,10896.45200837507,10848.61839273259,10839.749896720692,0.0,0.0,0.0,0.0,0.0,0.0,nan,0,-5.510735145364395e-05,0.019561479302662093,0.019419701282116675
19.49807226699977,-0.0003400141472294755,-0.017100923508408375,1.4964193891965214,0.01317488100533846,0.003436144411487389,0.041052440226651235,-0.008898829984493532,0.003743352832006182,0.0021009356293401386,0.0,0.0,1.5,0.017475067043841008,10882.223286871415,10896.45200837507,10848.61839273259,10839.749896720692,0.0,0.0,0.0,0.0,0.0,0.0,nan,0,0.0008492347869099552,-0.009769092865382906,-0.005401556136105157
19.50862550199963,0.003934131952725197,-0.010925177500276802,1.506179937391796,0.009798542042238945,0.030065361750082818,-0.02888148350293776,-0.006042078831081231,0.0008330169171852274,0.000809817114523686,0.0,0.0,1.5,0.01315403070547294,10799.84498197891,10820.290116209593,10788.345708478711,10767.448707830388,0.0,0.0,0.0,0.0,0.0,0.0,nan,0,0.004950212030881291,-0.003927107262216386,0.004366827917091198
19.519022081999537,-0.012117233050721403,-0.010636925304054048,1.485005885181265,0.04128092391749183,0.0258860881172131,0.04113903155839799,-0.008464889919288262,-0.0009104296065920644,0.005304595238438413,0.0,0.0,1.5,0.022018060675884386,10775.887335944128,10789.239167967084,10774.854639168743,10763.86995615259,0.0,0.0,0.0,0.0,0.0,0.0,nan,0,-0.011273764428600863,-0.0039797904791331684,-0.016792814998562333
19.52950405899992,-0.003252816114047731,-0.0024894943497279186,1.5134301197113975,0.02893376689583049,0.025238903821627346,-0.04108746898168649,-0.012502495539194143,0.0019212721689220856,0.0008472066221614023,0.0,0.0,1.5,0.014040887089197885,10775.887335944128,10789.239167967084,10774.854639168743,10763.86995615259,0.0,0.0,0.0,0.0,0.0,0.0,nan,0,-0.002581226680548586,0.003819905213689933,0.011651394906848633
19.54008457999953,-0.017895853238855335,-0.014782699618007662,1.5010674061451215,0.0024421366199173815,0.02958597014771965,0.010636836745259158,-0.005106163537430738,-0.001510770945001737,0.0010469298144384581,0.0,0.0,1.5,0.023236375083509387,10790.901671888723,10798.59092528315,10792.30608349918,10791.303022555627,0.0,0.0,0.0,0.0,0.0,0.0,nan,0,-0.017395241480772063,-0.008827457910377931,-0.0006872071773800226
19.550479823999922,-0.006885790452170062,-0.01087660477412223,1.501866294259051,0.007787657205652541,0.029895374830297455,-0.04317111341008104,-0.006337282702806251,0.0032828628438713384,0.0010778133307062009,0.0,0.0,1.5,0.013007601463183817,10790.901671888723,10798.59092528315,10792.30608349918,10791.303022555627,0.0,0.0,0.0,0.0,0.0,0.0,nan,0,-0.006385178694086792,-0.004921363066492499,0.00011168093654956301
19.561527279000074,-0.00575318868483842,0.002796562058474148,1.5032323261696519,0.029316210595145997,0.03384250449015601,0.0014558590087990538,-0.007163391972995994,-0.0017416430860587946,0.003690393141033885,0.0,0.0,1.5,0.00716713833111,10802.678098781951,10817.476065377887,10813.88659072058,10805.179981460562,0.0,0.0,0.0,0.0,0.0,0.0,nan,0,-0.005591164229687169,0.008025748856241537,0.0015327364126622722
19.57181811999999,0.005219058737912752,-0.02008820619893709,1.5249240822579317,0.018004607571218852,0.031778882827312435,-0.051633692428942016,-0.008017754197473387,-0.006627998744000058,-0.0020946055693205437,0.0,0.0,1.5,0.03243431021003755,10802.678098781951,10817.476065377887,10813.88659072058,10805.179981460562,0.0,0.0,0.0,0.0,0.0,0.0,nan,0,0.005381083193064003,-0.014859019401169701,0.023224492500942162
19.582133242000054,-0.009318968852412731,-0.006781050493483365,1.4864624322776487,0.016076333115737095,0.03548548070081026,-0.02536018479175852,-0.0026254622040715707,-0.0012679045739153046,0.0019032686913633002,0.0,0.0,1.5,0.017778964145997268,10826.73768430731,10838.951638193861,10832.720510821202,10827.616759489203,0.0,0.0,0.0,0.0,0.0,0.0,nan,0,-0.009489952598771324,-0.002299011241099642,-0.015185584066133462
19.592688177000127,-0.014384633859319191,-0.009822349452107993,1.4900268023041607,0.019482125654408124,0.057656651478894816,-0.011621783934352512,-0.0035057077388732562,-0.0016094078069316424,-0.00034737875002387663,0.0,0.0,1.5,0.020071395375167417,10834.245061666965,10847.439862630925,10847.10364629252,10836.882883321308,0.0,0.0,0.0,0.0,0.0,0.0,nan,0,-0.014719641541285487,-0.005720820530954941,-0.011599710625830317
19.603014756999983,0.002505727255699732,-0.011332605080322944,1.5086244970549725,0.053636250952803666,0.00514286359552764,-0.006912172237114258,-0.005045933635170536,0.0017945983773771954,0.002931369762079734,0.0,0.0,1.5,0.014459894758875214,10834.245061666965,10847.439862630925,10847.10364629252,10836.882883321308,0.0,0.0,0.0,0.0,0.0,0.0,nan,0,0.0020085484291621036,-0.007615697271072676,0.007013420752530974
19.613672833000237,3.5646721329444706e-05,-0.002782141614638312,1.5235781905041497,0.01998516018836407,0.016815979012147698,0.02127466333070298,-0.005951846438094293,-0.0023487902790299254,-0.00023079538207415384,0.0,0.0,1.5,0.023741791215125645,10863.739557136063,10879.469653315215,10876.653734399772,10862.786457302971,0.0,0.0,0.0,0.0,0.0,0.0,nan,0,-0.000621708299186745,0.0005464186028095916,0.02197390060847848
19.623979133999455,-0.006529255947084095,0.005781679909570509,1.4998863354906737,0.015627238254598223,0.05814362190644622,0.022293007586234356,-0.00291027096315002,-0.001317854469813302,0.00047545543360608046,0.0,0.0,1.5,0.008721922117282671,10863.739557136063,10879.469653315215,10876.653734399772,10862.786457302971,0.0,0.0,0.0,0.0,0.0,0.0,nan,0,-0.007344664673273738,0.008718564512074775,-0.001718578979215346
19.635228893000203,-0.015120276242947154,-0.015506512747209409,1.507207049795629,0.040393093415900416,0.0407454006850377,0.020413284965906477,-0.003151150257745222,-0.0018731436026671229,-0.0034783716528702354,0.0,0.0,1.5,0.022825780556184158,10801.831069948686,10800.245670780474,10809.805290848084,10815.165822899235,0.0,0.0,0.0,0.0,0.0,0.0,nan,0,-0.016091501997859012,-0.01296422298293164,0.00560001629489304
19.64504260099966,-0.0037682113711159106,-0.017480030610716152,1.5089840045083438,0.033827688121807815,0.04590212310237128,0.040084076613322604,-0.001075167502476184,-0.0004393609224936213,0.0009473533538746148,0.0,0.0,1.5,0.020011577251554228,10801.831069948686,10800.245670780474,10809.805290848084,10815.165822899235,0.0,0.0,0.0,0.0,0.0,0.0,nan,0,-0.004739437126027769,-0.014937740846438383,0.007376971007607924
19.655790283999522,-0.0016820411911629266,0.003619765841287208,1.494294500547052,0.015502280184740749,0.04265648159344384,0.005146748581938067,-0.001200934768792675,-0.0013720371884061188,0.003614602212034461,0.0,0.0,1.5,0.006963094952828659,10781.741647800896,10777.038620721683,10782.939015183567,10783.131887595708,0.0,0.0,0.0,0.0,0.0,0.0,nan,0,-0.002957719593273414,0.0053656785666769,-0.007303513501081493
19.666145500999846,0.013784412031083168,0.002873080930663314,1.50088853869618,-0.013785669047468843,0.03702357013096177,0.033705842323391355,-0.0042028318442816626,-0.0014656202061333837,0.008063103413660098,0.0,0.0,1.5,0.014108653730651307,10756.57097115984,10747.825280344541,10755.592485127045,10762.391500044725,0.0,0.0,0.0,0.0,0.0,0.0,nan,0,0.012360339619897106,0.004217973661352671,-0.0006924116098443456
19.676716920000217,0.009363781663568773,0.003353775046727681,1.4961362666352807,-0.005675485034743468,0.0416305409163445,0.03913672152245413,-0.0023848638811020833,-0.0036045114826286184,0.004327880712451291,0.0,0.0,1.5,0.010670363143805628,10775.893160251795,10773.200108908384,10774.580422940033,10779.552616057972,0.0,0.0,0.0,0.0,0.0,0.0,nan,0,0.007794039564348019,0.004296256737707264,-0.0054177369392278685
19.68729008399987,0.005728218728191032,-0.007948758246772141,1.5413023492989553,-0.01379075834860328,0.0549915455169374,0.001404689703242907,-0.002464968845383112,-0.004159579333093197,-0.0037359560264306423,0.0,0.0,1.5,0.04244854891602936,10759.301005938654,10770.118282840363,10764.197661349292,10762.088949063284,0.0,0.0,0.0,0.0,0.0,0.0,nan,0,0.004015665958551758,-0.007409713846953092,0.03978453969158702
19.697870719000093,0.004641538703490608,-0.013978073338180153,1.4847679223583379,0.03818338502213247,0.041745976925732,-0.024723843425194916,-0.0036695654302198195,-0.005024714031046156,-0.0003624459710983388,0.0,0.0,1.5,0.021188360131571465,10749.909848609126,10767.910719193158,10756.957857088602,10749.449595397828,0.0,0.0,0.0,0.0,0.0,0.0,nan,0,0.0027891610352103503,-0.01384312553726367,-0.0167026849162224
19.708249682000314,0.009744158495071115,-0.007654906012272075,1.5041121139177909,0.043410700347532305,0.00958774067676504,-0.017065670711879588,0.0019022342024552865,-0.007361133482327668,0.0006249782617348275,0.0,0.0,1.5,0.01305586809471799,10727.645874220849,10751.614442389522,10739.69946675277,10718.80458789785,0.0,0.0,0.0,0.0,0.0,0.0,nan,0,0.007755059666066625,-0.007924346759651184,0.002702418376953286
19.71861811999952,0.005790348474551121,-0.004303012856194562,1.498998067154528,0.025023818580408686,0.01761370534947382,-0.049212704713400335,-0.0009824588600812068,0.0007063676853842814,0.007652564359949247,0.0,0.0,1.5,0.007283400615382063,10727.645874220849,10751.614442389522,10739.69946675277,10718.80458789785,0.0,0.0,0.0,0.0,0.0,0.0,nan,0,0.0038012496455466314,-0.004572453603573671,-0.0024116283863095944
19.729347383999993,0.0026576121735400293,0.0034821693449895086,1.516878373449339,0.056914016225602014,0.04711112432108409,-0.0025112620520627016,-0.0016356249505439574,-0.00502965224350877,0.001963970855557239,0.0,0.0,1.5,0.0174375427198755,10798.455889103887,10802.837064540583,10814.54323729853,10812.558986707149,0.0,0.0,0.0,0.0,0.0,0.0,nan,0,0.0004048969664369544,0.0024045564409625225,0.015615020841431404
19.73968246899949,0.0005262056053509149,-0.007789041051305278,1.4897592456437065,0.015379484096869057,0.05585099862674595,-0.03534145585899598,0.004658365298994299,-0.0029448082804876563,0.0017585151739647133,0.0,0.0,1.5,0.01287707663345858,10836.284454134364,10836.984746558826,10851.432634894065,10860.648581578023,0.0,0.0,0.0,0.0,0.0,0.0,nan,0,-0.001853151555883638,-0.00926968720460754,-0.01143024319462782
19.750168057999872,0.009392049861395378,0.010792433007490776,1.475567685021409,-0.008225210836658645,0.03696248466843525,0.03607736536758783,-0.0011224306527156068,-0.005841507161155454,0.010302085210270782,0.0,0.0,1.5,0.028312986879402095,10825.230528425158,10815.783980310696,10820.279139690445,10838.477860112427,0.0,0.0,0.0,0.0,0.0,0.0,nan,0,0.006889646786813903,0.008909947520283843,-0.025550583477582878
19.760685872000067,0.006630178744436051,0.009706931400052202,1.4965275507197404,-0.014047956257726474,-0.007491701346204061,-0.02337905553385206,0.0002175083390875275,-0.006240638336434441,-0.004488491303037121,0.0,0.0,1.5,0.012257311752275304,10856.805466233669,10850.138285592915,10855.727558371416,10869.162537413524,0.0,0.0,0.0,0.0,0.0,0.0,nan,0,0.004008441348401474,0.007424161025839056,-0.004523399997143018
19.771194594000008,0.004008307268259772,0.0039817861280980775,1.5014350702448083,-0.012840618976177345,0.0472983276851141,0.04344833228248187,0.001089638591946716,-0.006225343153974348,0.00023323985545242742,0.0,0.0,1.5,0.005829285936907921,10856.805466233669,10850.138285592915,10855.727558371416,10869.162537413524,0.0,0.0,0.0,0.0,0.0,0.0,nan,0,0.0013865698722251955,0.0016990157538849318,0.00038411952792483106
19.781959494999683,0.005797656727873426,0.00535311188648791,1.4953484897151998,0.016166852953802918,0.04697489763188863,-0.030472936650475797,0.0003925159438554985,-0.004547248407016827,-0.0009956934969742196,0.0,0.0,1.5,0.00915997698321976,10837.42394872167,10860.122597625303,10874.667971874593,10858.727649792952,0.0,0.0,0.0,0.0,0.0,0.0,nan,0,0.0029488720612783964,0.0022758531006909642,-0.005584528452608151
19.792382345000078,0.004631480446246998,0.001296522965734878,1.5134302314749846,0.009793236545089118,0.035928790938847634,-0.04000587747003994,0.002721677231005418,-0.005512608590286016,-0.001668132750681894,0.0,0.0,1.5,0.014265437266214884,10793.784881879807,10825.679139843178,10834.508625813543,10806.669459153574,0.0,0.0,0.0,0.0,0.0,0.0,nan,0,0.0016751997814841014,-0.0021742528093120226,0.012550671610338515
19.802738006000254,-0.0033027226297050235,0.008888663480561255,1.5179362479612628,0.01661983237876819,0.045159462775148,-0.010439651226619563,0.0007409487563529524,-0.003304667967256333,0.00210609820548862,0.0,0.0,1.5,0.02028855111059765,10828.507905376307,10851.67585756501,10855.54162470758,10834.012856736792,0.0,0.0,0.0,0.0,0.0,0.0,nan,0,-0.006362354982346222,0.005027299854747625,0.017108575455482056
19.81502390300011,-0.009524391909915554,0.017115137667052697,1.504095685105267,0.03810298476445513,-0.011095113828633629,0.00959359086044006,0.00021044329780301065,-0.005631199510478375,0.0031440202357863696,0.0,0.0,1.5,0.020010412666842635,10838.248481445713,10858.514787863454,10865.79064154839,10844.51902376687,0.0,0.0,0.0,0.0,0.0,0.0,nan,0,-0.012683134373030723,0.012866455043994779,0.0033150764335780902
19.834834102999594,-0.009684243985373368,-0.00969894758321789,1.4893339633987113,0.018216560251222248,0.03550254857900583,-0.02723042873781503,0.00694017003473305,-0.0037421184070107623,-0.003821428597872646,0.0,0.0,1.5,0.01736716737324424,10824.35278878479,10841.859568966584,10841.341396626774,10826.318893311156,0.0,0.0,0.0,0.0,0.0,0.0,nan,0,-0.0129377869931393,-0.014331356526027668,-0.011403482041296487
19.84528459000012,0.0018293634885428484,-0.0006270898972598939,1.4876230099294538,-0.007398409905618564,0.041083411793901674,0.004559451838855647,0.006456321505324264,-0.005232894740604706,0.001753258020077977,0.0,0.0,1.5,0.012527158325767949,10806.728900157124,10818.203770528211,10829.543962418215,10822.236770399119,0.0,0.0,0.0,0.0,0.0,0.0,nan,0,-0.0015146213817833528,-0.0056393193458858445,-0.013072226463598735
19.855766857000162,0.00029167758974541673,0.007835201972408393,1.518691207160123,0.008582027635947292,0.051707892207098934,0.041931470722739166,0.005470692050530735,-0.0038081554662908568,0.005198750426281533,0.0,0.0,1.5,0.020269106809808566,10794.100832141337,10801.253650270495,10821.090731423346,10819.311801519034,0.0,0.0,0.0,0.0,0.0,0.0,nan,0,-0.0031383453025678283,0.0024473674213598418,0.018039435389516134
19.866067658000247,-0.003830042843893765,0.012921942335180603,1.4842572631346485,0.01789130844253894,0.03271387243186181,-0.0068724603909732914,0.0032316460549963546,-0.005688153659093808,0.0003983691404610582,0.0,0.0,1.5,0.02072388925639908,10823.996532054995,10830.396331940481,10857.894443846279,10852.410627868663,0.0,0.0,0.0,0.0,0.0,0.0,nan,0,-0.0073416391622281585,0.007163035790993053,-0.016351943018665605
19.876737196999784,-0.008265883902211803,0.008726247821259808,1.4851957279145374,0.004626128545424648,0.03532707825299534,-0.014809123709678998,0.002911147417136266,-0.005121835920535234,-0.00319132481707299,0.0,0.0,1.5,0.01906931329920651,10823.535096449472,10839.543600923593,10862.434648912438,10849.276999265265,0.0,0.0,0.0,0.0,0.0,0.0,nan,0,-0.01185452721603755,0.0026011112915868585,-0.015374851059676287
19.88676964499973,-0.017015589330370944,0.02196536142856019,1.4976608839293968,0.013739272614147433,0.027351033170042893,0.008296492810707058,0.0036056107622647266,-0.004859192270243297,-0.0003755322094742883,0.0,0.0,1.5,0.027883307675720028,10773.744406929414,10791.987943918635,10801.893462875376,10791.343381579298,0.0,0.0,0.0,0.0,0.0,0.0,nan,0,-0.020744661738613494,0.0151233202382391,-0.002827598085776817
19.898276916000214,-0.0007442200529303362,-0.003471190380482844,1.4848406323945496,0.017400589344811587,0.025916303593032496,-0.011317014550139465,0.005103027559316452,-0.002909318588980978,0.00916552519584061,0.0,0.0,1.5,0.015569503920867893,10831.193569559626,10847.591196516363,10854.830421048733,10838.25038118336,0.0,0.0,0.0,0.0,0.0,0.0,nan,0,-0.004536599413336267,-0.010663357896960058,-0.015607171746041981
19.908390845000213,-0.0026823058008186755,0.02790763690648125,1.4963868765182526,0.01948229303516818,0.035298047478232446,0.012827903861113122,0.004904955732519365,-0.006743098497199894,-0.003761949766893416,0.0,0.0,1.5,0.02826810257883352,10824.245230285156,10839.559039015578,10842.90270962042,10825.213129087926,0.0,0.0,0.0,0.0,0.0,0.0,nan,0,-0.006533345322605854,0.020371255507210466,-0.004023322133033913
19.91888083199956,-0.011882754776158036,0.010653553437706995,1.4906841156617225,-0.03042857409021225,0.02755579325635212,0.00993984047237661,0.005220906832776904,-0.007322058700597924,0.001470217645921892,0.0,0.0,1.5,0.0184792792858528,10824.245230285156,10839.559039015578,10842.90270962042,10825.213129087926,0.0,0.0,0.0,0.0,0.0,0.0,nan,0,-0.015733794297945213,0.003117172038436212,-0.009726082989564011
19.929081979999864,0.025613704500485585,0.00534702349899472,1.4990025897548518,0.018581459372949312,0.02011908413087832,-0.05242651664921757,0.004378786070096822,-0.003869229236996233,0.005061511888341748,0.0,0.0,1.5,0.026184868640765104,10839.579939805086,10854.709205165293,10858.737169992139,10853.21574709029,0.0,0.0,0.0,0.0,0.0,0.0,nan,0,0.0217086665410371,-0.0025273979164609876,-0.001373961172249194
19.939634714999556,-0.001382616392158505,0.015283773987313013,1.5377606020688384,0.005834309996523578,0.03565111582702578,0.019582412409845335,0.008780992969049764,-0.002673295300491533,-0.0007340688438239848,0.0,0.0,1.5,0.04075988768365647,10830.162749719519,10842.199057489714,10842.411768452504,10833.835071406313,0.0,0.0,0.0,0.0,0.0,0.0,nan,0,-0.005336986283364732,0.007077740558998373,0.03741349078395673
19.950196027999482,0.009723317905064982,0.015433404452390267,1.5178700705483563,0.020171230448692287,0.029201718172824877,-0.06607850420066431,0.003747535591632214,-0.005905469012459045,0.005789147072058746,0.0,0.0,1.5,0.025535706480872014,10856.906993242002,10869.407174914902,10875.881114970543,10869.670362797338,0.0,0.0,0.0,0.0,0.0,0.0,nan,0,0.005684255195107276,0.0065844168811570805,0.017570894508704082
19.960536816000058,-0.0011857440059446448,-0.0013589618378024582,1.5026856852027644,-0.02988674061127299,0.021653745790028035,-0.003924849135979486,0.006269051283747078,-0.006298620210489123,0.0015919750701006072,0.0,0.0,1.5,0.003235068953296745,10797.984194092025,10805.332634091537,10811.032208167293,10805.422304772572,0.0,0.0,0.0,0.0,0.0,0.0,nan,0,-0.00526020485187948,-0.010518802828881946,0.0024050919042055696
19.970949561999987,0.015685929935261946,0.003968153783107661,1.5049204548087527,-0.009319794094420082,0.04661846988032504,-0.036297675280643454,0.009761991550949494,-0.00623953719397566,-0.005750109808763412,0.0,0.0,1.5,0.01691169766479155,10797.984194092025,10805.332634091537,10811.032208167293,10805.422304772572,0.0,0.0,0.0,0.0,0.0,0.0,nan,0,0.011611469089327111,-0.005191687207971828,0.00463986151019391
19.981508382000357,0.006573984684487139,0.012356832764532805,1.4967446182023723,0.01734642563092246,0.014399897101069283,0.028259618668126756,0.004403696946222046,-0.007888658799309601,-0.004753266062995432,0.0,0.0,1.5,0.014370320151298958,10819.060954314244,10838.32722316123,10846.191244771291,10832.444793479328,0.0,0.0,0.0,0.0,0.0,0.0,nan,0,0.0024424524551280398,0.002597673267320846,-0.0035022407176148462
19.992030245000024,0.00567378845069691,-0.0020955282426451116,1.484369578209691,0.02189984692075775,0.029580784067473345,0.014256523166057758,0.010018806175420631,-0.0032865357206677097,-0.0020083478067006214,0.0,0.0,1.5,0.016759868714937756,10819.060954314244,10838.32722316123,10846.191244771291,10832.444793479328,0.0,0.0,0.0,0.0,0.0,0.0,nan,0,0.0015422562213378115,-0.01185468773985707,-0.015877280710296038
