time,x,y,z,vx_body,vy_body,vz_body,roll,pitch,yaw,ref_x,ref_y,ref_z,position_error,rpm_0,rpm_1,rpm_2,rpm_3,disturbance_fx,disturbance_fy,disturbance_fz,disturbance_tx,disturbance_ty,disturbance_tz,obstacle_clearance,local_point_count,position_noise_x,position_noise_y,position_noise_z
0.012620664,-0.0008545405152509886,0.005624317088125523,-0.01592278007681535,0.04059343168637754,0.0043543057839035395,0.03852480791348178,0.0020628021783765226,0.0011864598882573814,0.0022265885494173075,nan,nan,nan,nan,0.0,0.0,0.0,0.0,0.0,0.0,0.0,0.0,0.0,0.0,nan,0,nan,nan,nan
0.013192243000000001,-0.006303924018810583,-0.009695498128145835,-0.006257089604883506,0.0006363202719136885,0.050622918446334375,0.0563903996915857,0.001142845761070172,-0.0027852700839287223,0.0029622017583152277,nan,nan,nan,nan,0.0,0.0,0.0,0.0,0.0,0.0,0.0,0.0,0.0,0.0,nan,0,-0.006303924018810583,-0.009695498128145835,-0.006257089604883506
0.027874792000000002,-0.014298670149888228,-0.015126087314114536,-0.01798843584904938,0.032337862812451,0.029760803426891674,0.02047871998151342,0.0030430531153947497,0.0028203781302248328,-0.0036302188507614215,nan,nan,nan,nan,0.0,0.0,0.0,0.0,0.0,0.0,0.0,0.0,0.0,0.0,nan,0,-0.014298670149888228,-0.015126087314114536,-0.01798843584904938
0.042592272,-0.014299214009346767,-0.006705626383035975,0.007449871437642637,-0.017241770752886878,-0.01890266231550825,0.005256506671257352,0.00016089335533493333,0.00040179599462904876,0.0063541585494851305,nan,nan,nan,nan,0.0,0.0,0.0,0.0,0.0,0.0,0.0,0.0,0.0,0.0,nan,0,-0.014299214009346767,-0.006705626383035975,0.007449871437642637
0.057541087000000005,-0.01933114449747719,-0.002876192842186869,0.006209274850186001,-0.03381457370849175,0.0001482349875366129,-0.0029002876049081965,-0.0020463751669328126,-0.000546371239558418,-0.0021706417835328385,nan,nan,nan,nan,0.0,0.0,0.0,0.0,0.0,0.0,0.0,0.0,0.0,0.0,nan,0,-0.01933114449747719,-0.002876192842186869,0.006209274850186001
0.072595984,0.0077120793055440095,-0.023256428093217527,0.005788160518661861,-0.018183364592028496,0.006033463509101113,-0.014314527412593073,0.00019905516201502218,0.002761194947275109,0.00012101642092063662,nan,nan,nan,nan,0.0,0.0,0.0,0.0,0.0,0.0,0.0,0.0,0.0,0.0,nan,0,0.0077120793055440095,-0.023256428093217527,0.005788160518661861
0.087583062,0.00950480411496573,-0.0010916231880510536,0.012267848756581453,0.00013666984514627815,0.018411838412736692,0.05423625044423403,0.0011163891662718877,-0.0013966926098766058,-0.0014478924487738138,nan,nan,nan,nan,0.0,0.0,0.0,0.0,0.0,0.0,0.0,0.0,0.0,0.0,nan,0,0.00950480411496573,-0.0010916231880510536,0.012267848756581453
0.102145278,0.007623141302620059,-0.004341803184943136,0.01426966176653518,-0.0273172101358781,0.044775823368517584,-0.02277935305954649,-0.0038911155255031216,0.0007022956997086363,0.0030425238598548454,nan,nan,nan,nan,0.0,0.0,0.0,0.0,0.0,0.0,0.0,0.0,0.0,0.0,nan,0,0.007623141302620059,-0.004341803184943136,0.01426966176653518
0.11688211700000001,0.007126727581297837,-0.018197121718115883,0.01978228987287863,-0.0018415758403964233,0.022936160609265354,0.044194783073124695,-0.0016859247971733643,-0.0006188398534219528,0.00118552265097561,nan,nan,nan,nan,0.0,0.0,0.0,0.0,0.0,0.0,0.0,0.0,0.0,0.0,nan,0,0.007126727581297837,-0.018197121718115883,0.01978228987287863
0.131884855,0.0020142228601425245,-0.0032795887891673365,-0.0017632160742557367,-0.04386986140481183,0.014047535788611183,-0.020708724077367187,0.001284908491500936,0.002178305712384331,-0.006975638533647092,nan,nan,nan,nan,0.0,0.0,0.0,0.0,0.0,0.0,0.0,0.0,0.0,0.0,nan,0,0.0020142228601425245,-0.0032795887891673365,-0.0017632160742557367
0.146430597,-0.004613533494779469,-0.009879025280523352,0.02574639275101387,-0.011520102203101545,0.028269707733039908,0.045904246462091486,0.005021438193439261,-0.0009665665699517,0.0032886469408788454,nan,nan,nan,nan,0.0,0.0,0.0,0.0,0.0,0.0,0.0,0.0,0.0,0.0,nan,0,-0.004613533494779469,-0.009879025280523352,0.02574639275101387
0.16126173600000002,-0.007726007629113333,-0.007805805841561417,0.0019852658357758183,0.007890755719752103,0.005088013273001555,-0.008280564842159438,-0.0015252099642714804,0.00112110640646387,0.004298139265052039,nan,nan,nan,nan,0.0,0.0,0.0,0.0,0.0,0.0,0.0,0.0,0.0,0.0,nan,0,-0.007726007629113333,-0.007805805841561417,0.0019852658357758183
0.17616468000000002,0.01344080894580967,0.006434277895071488,-0.0026965470504986865,-0.007564912949599135,0.01405281305162019,0.00643890733225422,0.00021350129798632884,0.0012237348662921445,-0.005254948472431806,nan,nan,nan,nan,0.0,0.0,0.0,0.0,0.0,0.0,0.0,0.0,0.0,0.0,nan,0,0.01344080894580967,0.006434277895071488,-0.0026965470504986865
0.190950375,-0.002757025243278505,-0.012665544508069941,0.008351297287310846,-0.012103061122985075,0.006901212793278999,-0.05013415989693938,0.0005180156578146738,-0.00043108245817220737,-0.001445878911767117,nan,nan,nan,nan,0.0,0.0,0.0,0.0,0.0,0.0,0.0,0.0,0.0,0.0,nan,0,-0.002757025243278505,-0.012665544508069941,0.008351297287310846
0.205619971,-0.00699590363975854,0.00743517007565977,0.009434707512017563,0.006552157350229541,-0.011014315838445317,-0.01930935512023716,0.002203054595554497,0.00046280492808556124,-0.0015504431618344689,nan,nan,nan,nan,0.0,0.0,0.0,0.0,0.0,0.0,0.0,0.0,0.0,0.0,nan,0,-0.00699590363975854,0.00743517007565977,0.009434707512017563
0.22071627600000002,0.017024423674987715,0.0059174052731636615,0.0077955459358072954,0.019071351075178124,0.020688305700168143,-0.019642553616914936,-0.0007279163877938124,0.0025256406846806204,-0.0053359097508263835,nan,nan,nan,nan,0.0,0.0,0.0,0.0,0.0,0.0,0.0,0.0,0.0,0.0,nan,0,0.017024423674987715,0.0059174052731636615,0.0077955459358072954
0.23559358100000002,-0.006813858577717854,0.0036736821095600227,0.011752720281984173,-0.0020001352424170054,-0.005365206625069732,-0.06275897005587254,-0.004183772008099059,2.367331838480911e-05,-0.008461966126733384,nan,nan,nan,nan,0.0,0.0,0.0,0.0,0.0,0.0,0.0,0.0,0.0,0.0,nan,0,-0.006813858577717854,0.0036736821095600227,0.011752720281984173
0.250433469,-0.0068205989298185015,-0.0023714767547744686,-0.001449662218147344,0.014390756385241184,0.0126743728980325,-0.05265279865980059,-0.003324230423854643,-0.0006697001685526706,0.0009043984780049242,nan,nan,nan,nan,0.0,0.0,0.0,0.0,0.0,0.0,0.0,0.0,0.0,0.0,nan,0,-0.0068205989298185015,-0.0023714767547744686,-0.001449662218147344
0.26059223000000004,0.0006889946375519643,-0.00023805970980826156,0.015195772729483924,0.021297361369297267,0.03153509525058597,-0.05883086624576803,0.0017715067282928786,-0.00032410473231839155,-0.004613889286594927,nan,nan,nan,nan,0.0,0.0,0.0,0.0,0.0,0.0,0.0,0.0,0.0,0.0,nan,0,0.0006889946375519643,-0.00023805970980826156,0.015195772729483924
0.27529480300000003,0.023066349036664536,0.004397421851985537,0.009472917980048803,0.0065255930288524,0.02213542446993433,-0.02982145388322955,0.00048455488802597187,-0.002009802221324579,0.00269677037857074,nan,nan,nan,nan,0.0,0.0,0.0,0.0,0.0,0.0,0.0,0.0,0.0,0.0,nan,0,0.023066349036664536,0.004397421851985537,0.009472917980048803
0.29001008,-0.01337381723929927,0.0016090731192857533,0.0013707601185828904,0.011820791815277917,-0.006505426463004473,0.017190927819882042,0.0012717886942515827,0.000365623616670847,-0.0023440769177258754,nan,nan,nan,nan,0.0,0.0,0.0,0.0,0.0,0.0,0.0,0.0,0.0,0.0,nan,0,-0.01337381723929927,0.0016090731192857533,0.0013707601185828904
0.30477233000000004,-0.0051046303392942366,-0.00931139324001815,0.016070466767043292,0.00836271347433415,-0.003482014513821691,0.03855038882279335,-0.0020397508415292034,-0.0029359984235303536,-0.004136024563961216,nan,nan,nan,nan,0.0,0.0,0.0,0.0,0.0,0.0,0.0,0.0,0.0,0.0,nan,0,-0.0051046303392942366,-0.00931139324001815,0.016070466767043292
0.319627053,-0.003973340592549345,0.023439946313557957,0.00288695466551225,0.05209109983485257,-0.04305715940895324,-0.009614091690913037,0.0005758057706234972,-0.002975050531367075,0.008278727061883593,nan,nan,nan,nan,0.0,0.0,0.0,0.0,0.0,0.0,0.0,0.0,0.0,0.0,nan,0,-0.003973340592549345,0.023439946313557957,0.00288695466551225
0.33457341900000004,0.005837535841167808,0.007998443434803392,0.006336682664798181,-0.027221627149334397,-0.02693902580318757,-0.0004760412269148853,0.0005181254699714351,0.001867639787768961,-0.0017656704479275915,nan,nan,nan,nan,0.0,0.0,0.0,0.0,0.0,0.0,0.0,0.0,0.0,0.0,nan,0,0.005837535841167808,0.007998443434803392,0.006336682664798181
0.34948766000000003,0.010448194967351063,0.0029363795072105793,0.00575366547973786,-0.0037115370595631196,0.011672572732286156,0.028650605259863487,0.002511666297106489,0.0008001827239239012,-8.883806297964318e-05,nan,nan,nan,nan,0.0,0.0,0.0,0.0,0.0,0.0,0.0,0.0,0.0,0.0,nan,0,0.010448194967351063,0.0029363795072105793,0.00575366547973786
0.36415381300000005,0.0036687611293859867,-0.00030842052803581674,0.023438130838724727,0.0301875603948747,-0.005530159637980935,-0.033196759996554796,0.0003226565112014248,0.002871360589293474,0.0005236928762621563,nan,nan,nan,nan,0.0,0.0,0.0,0.0,0.0,0.0,0.0,0.0,0.0,0.0,nan,0,0.0036687611293859867,-0.00030842052803581674,0.023438130838724727
0.379163128,0.00950524516316936,0.007325472089060124,-0.020328571610491883,-0.012127436924939535,-0.02738448755086549,0.008281230126631275,-0.0019240128261319338,-0.0010541104612331726,-0.002770416256362129,nan,nan,nan,nan,0.0,0.0,0.0,0.0,0.0,0.0,0.0,0.0,0.0,0.0,nan,0,0.00950524516316936,0.007325472089060124,-0.020328571610491883
0.39385965100000003,-0.013338470490787348,0.0024689522885814074,0.014356274135734735,0.04568176185069721,0.04132463611148886,-0.030353204423922836,0.001381362296621066,0.000938956499864542,0.0019086589431812644,nan,nan,nan,nan,0.0,0.0,0.0,0.0,0.0,0.0,0.0,0.0,0.0,0.0,nan,0,-0.013338470490787348,0.0024689522885814074,0.014356274135734735
0.409110636,-0.008523028684533118,0.00935749953667742,0.0032790584142399523,-0.01098075542390977,-0.004028039312341923,0.01466806391818363,-0.0027535285096211702,-0.0040120964851745435,0.00046319590879286064,nan,nan,nan,nan,0.0,0.0,0.0,0.0,0.0,0.0,0.0,0.0,0.0,0.0,nan,0,-0.008523028684533118,0.00935749953667742,0.0032790584142399523
0.423761557,-0.004762650219339264,-0.013931113623399626,-0.003123854472074291,0.021499346886994355,-0.005365567064399563,-0.017918307994620623,0.0032150377852348954,0.0017139655594067785,0.002435755421400127,nan,nan,nan,nan,0.0,0.0,0.0,0.0,0.0,0.0,0.0,0.0,0.0,0.0,nan,0,-0.004762650219339264,-0.013931113623399626,-0.003123854472074291
0.438371169,0.005939026087961026,0.0005962152636486689,0.004139522844252341,0.007098019881507148,-0.02184432743355913,0.001697688741496251,-0.0020361096732478194,-0.0007106074121962475,-7.246312055845397e-05,nan,nan,nan,nan,0.0,0.0,0.0,0.0,0.0,0.0,0.0,0.0,0.0,0.0,nan,0,0.005939026087961026,0.0005962152636486689,0.004139522844252341
0.45345815,0.002784971698987852,0.011095239595203888,0.013953048077349794,0.0030883177687044804,-0.007768114745188981,-0.037556674370647254,-0.0002705689908722989,0.001334651421559999,-0.0050477322251097695,nan,nan,nan,nan,0.0,0.0,0.0,0.0,0.0,0.0,0.0,0.0,0.0,0.0,nan,0,0.002784971698987852,0.011095239595203888,0.013953048077349794
0.468066692,-0.029411998772482212,0.008112925777618045,-0.0031242300433940292,-0.012968788868216934,0.01661189248329139,-0.02014030195570776,-0.0030075569088662524,0.00029944266635571667,0.0032170778584134,nan,nan,nan,nan,0.0,0.0,0.0,0.0,0.0,0.0,0.0,0.0,0.0,0.0,nan,0,-0.029411998772482212,0.008112925777618045,-0.0031242300433940292
0.48293911900000003,0.0032841134968739708,0.005039823828645646,-0.012361717875231465,-0.011601053754342207,0.013145414441409623,0.04170527748191208,-0.0006746343467934771,0.0015606445597139732,-0.003741970051602294,nan,nan,nan,nan,0.0,0.0,0.0,0.0,0.0,0.0,0.0,0.0,0.0,0.0,nan,0,0.0032841134968739708,0.005039823828645646,-0.012361717875231465
0.49778232800000005,0.0017820904067174462,0.012666367435769495,0.026739118892718565,0.04380913404339975,0.01352515773443968,0.06679000069970663,0.001882288241373595,-0.0003165039461763746,-7.50913375631407e-05,nan,nan,nan,nan,0.0,0.0,0.0,0.0,0.0,0.0,0.0,0.0,0.0,0.0,nan,0,0.0017820904067174462,0.012666367435769495,0.026739118892718565
0.512659088,0.006158660572617886,-0.0018997892736001927,0.013630146896908639,0.04369587034307774,-0.028806176092993775,-0.006352649152490558,-0.00022890651620779208,-0.0035051266684796916,-0.002250856348552156,nan,nan,nan,nan,0.0,0.0,0.0,0.0,0.0,0.0,0.0,0.0,0.0,0.0,nan,0,0.006158660572617886,-0.0018997892736001927,0.013630146896908639
0.527485796,-0.006636701335336087,0.00702290902152114,0.005965351718812079,0.013898081625280811,0.021695295821212483,0.028229298339610756,0.0001453233129817795,0.0022683009295332013,-0.000408336318904989,nan,nan,nan,nan,0.0,0.0,0.0,0.0,0.0,0.0,0.0,0.0,0.0,0.0,nan,0,-0.006636701335336087,0.00702290902152114,0.005965351718812079
0.542357804,-0.006998986198108157,-0.008533027880621333,0.0011590674325503085,0.015261660837097239,-0.008095414818440012,0.029261866009365495,-0.0005637377762351664,0.004778348154679954,0.003110887812044011,nan,nan,nan,nan,0.0,0.0,0.0,0.0,0.0,0.0,0.0,0.0,0.0,0.0,nan,0,-0.006998986198108157,-0.008533027880621333,0.0011590674325503085
0.5572197790000001,-0.004310507448533488,-0.00395599818748193,-0.01574007775854294,-0.018501611271615027,0.023283952279116848,-0.025067585930009732,0.0019874917169162435,-0.00160432238220005,-0.007485543330927062,nan,nan,nan,nan,0.0,0.0,0.0,0.0,0.0,0.0,0.0,0.0,0.0,0.0,nan,0,-0.004310507448533488,-0.00395599818748193,-0.01574007775854294
0.57203499,-0.0018817094176157424,-0.00884322799453594,0.002164214396235004,0.05300518525357627,-0.015257418067176667,-0.001459269075296852,0.0003906793836694492,0.0004386570427431222,0.004012894990757102,nan,nan,nan,nan,0.0,0.0,0.0,0.0,0.0,0.0,0.0,0.0,0.0,0.0,nan,0,-0.0018817094176157424,-0.00884322799453594,0.002164214396235004
0.586993129,0.009316800306567582,0.0020613976837899413,-0.01727680134757464,0.0018061221062445224,-0.02503866443785493,0.01631601554649204,-0.0029308427230868746,-0.0018167101787933,-0.0061460124225230905,nan,nan,nan,nan,0.0,0.0,0.0,0.0,0.0,0.0,0.0,0.0,0.0,0.0,nan,0,0.009316800306567582,0.0020613976837899413,-0.01727680134757464
0.601648947,0.012425791477944327,-0.0020004377981196943,0.016437695571961966,-0.01422430253490252,-0.013228939530063688,0.023870534858774023,0.0028653270604708553,-0.00011570259876746326,-0.006569419010468257,nan,nan,nan,nan,0.0,0.0,0.0,0.0,0.0,0.0,0.0,0.0,0.0,0.0,nan,0,0.012425791477944327,-0.0020004377981196943,0.016437695571961966
0.6166453080000001,-0.013445278906177175,-0.014893634681572301,0.016669866189364984,0.020281016206498078,-0.009843118870027813,-0.01861820174395426,0.002413417595101805,-0.002357910240730841,-0.0003753665946852958,nan,nan,nan,nan,0.0,0.0,0.0,0.0,0.0,0.0,0.0,0.0,0.0,0.0,nan,0,-0.013445278906177175,-0.014893634681572301,0.016669866189364984
0.631459832,-0.002939730324644867,-0.013207772887767852,0.00296260637777888,-0.009284817736986662,-0.0028770133453686272,-0.017523089981929838,-0.0006266579130405796,0.002654274371605373,0.004793925553166831,nan,nan,nan,nan,0.0,0.0,0.0,0.0,0.0,0.0,0.0,0.0,0.0,0.0,nan,0,-0.002939730324644867,-0.013207772887767852,0.00296260637777888
0.646281722,0.00024040357854423228,0.02263355956046886,0.02491913346427654,0.009254283949431301,0.001690261146142276,-0.010198213265414124,-0.00168612635989656,0.0029803020001558335,-0.0002512638840969373,nan,nan,nan,nan,0.0,0.0,0.0,0.0,0.0,0.0,0.0,0.0,0.0,0.0,nan,0,0.00024040357854423228,0.02263355956046886,0.02491913346427654
0.661241403,-0.005188374457233947,0.00282147680307173,-0.0025784143347338502,0.0018853271940149452,-0.045858718961929765,-0.010495952935795106,-0.0014442332416207918,-0.000329618345081347,-0.0072658075158104326,nan,nan,nan,nan,0.0,0.0,0.0,0.0,0.0,0.0,0.0,0.0,0.0,0.0,nan,0,-0.005188374457233947,0.00282147680307173,-0.0025784143347338502
0.675943324,-0.00795084597913047,0.017741554302434678,-0.010780354997888316,-0.009711377855814772,0.011190923176840782,0.07276458883297202,0.0003798739730160546,-0.001523693134853247,-0.0004933090944289098,nan,nan,nan,nan,0.0,0.0,0.0,0.0,0.0,0.0,0.0,0.0,0.0,0.0,nan,0,-0.00795084597913047,0.017741554302434678,-0.010780354997888316
0.6906739860000001,-0.0005127314705507245,-0.0037608647620772516,-0.01619032178635969,0.0018160376148201659,0.014970172011743369,-0.03485636786254732,-0.0004912762910030724,-0.0026438923338349437,-0.004184926352489196,nan,nan,nan,nan,0.0,0.0,0.0,0.0,0.0,0.0,0.0,0.0,0.0,0.0,nan,0,-0.0005127314705507245,-0.0037608647620772516,-0.01619032178635969
0.705598483,0.0068310714330234446,-0.000607591651352602,0.007482477187083455,0.0035237581741117533,-0.014639774796713285,0.039240366489433826,0.002244096262342406,-0.0011791394110262728,-0.0007108196474512121,nan,nan,nan,nan,0.0,0.0,0.0,0.0,0.0,0.0,0.0,0.0,0.0,0.0,nan,0,0.0068310714330234446,-0.000607591651352602,0.007482477187083455
0.7205004850000001,0.015294741025692985,0.014862899230541212,0.009522581539040216,-0.010248260475596963,0.04693634623057494,0.010017555714664722,0.0016287897517795566,-0.000762093283931269,0.0048955042675235694,nan,nan,nan,nan,0.0,0.0,0.0,0.0,0.0,0.0,0.0,0.0,0.0,0.0,nan,0,0.015294741025692985,0.014862899230541212,0.009522581539040216
0.7354439030000001,0.0018283338791755925,0.007898176944950349,-0.00907600704706833,-0.007982846078374541,0.06497325953999859,-0.024478665084156425,-0.00255212435838827,0.0024639267732124138,-0.002620306890997693,nan,nan,nan,nan,0.0,0.0,0.0,0.0,0.0,0.0,0.0,0.0,0.0,0.0,nan,0,0.0018283338791755925,0.007898176944950349,-0.00907600704706833
0.750206848,0.0028882995648157107,-0.0026438114912848798,-0.004021935801801767,-0.0043086213225945295,-0.0062094344032454585,-0.05569883747504205,-0.003998343111564504,0.0031379096320265716,-0.0028410719323529025,nan,nan,nan,nan,0.0,0.0,0.0,0.0,0.0,0.0,0.0,0.0,0.0,0.0,nan,0,0.0028882995648157107,-0.0026438114912848798,-0.004021935801801767
0.7652275470000001,0.00262470281738623,0.0010399403326711483,-0.02193045905406306,-0.014813930545551083,0.021827326668593633,-0.08374069020686646,-0.0008906374288669317,-0.0017741121068917923,-0.00091388423080239,nan,nan,nan,nan,0.0,0.0,0.0,0.0,0.0,0.0,0.0,0.0,0.0,0.0,nan,0,0.00262470281738623,0.0010399403326711483,-0.02193045905406306
0.780525365,0.01955294859045933,-0.010134973204237199,0.00900609468012217,0.0014591231463930415,0.003531472734337347,-0.004560339001712528,-0.0010663058494199587,0.0010110553154427098,-0.001219152383398375,nan,nan,nan,nan,0.0,0.0,0.0,0.0,0.0,0.0,0.0,0.0,0.0,0.0,nan,0,0.01955294859045933,-0.010134973204237199,0.00900609468012217
0.7948187840000001,0.00868614313077065,0.0013158760086808882,0.002919386511175028,-0.00898912921460149,0.02772197517187319,-0.026988833526897748,0.00084761437779556,-2.621899674463474e-05,-0.005512781882585205,nan,nan,nan,nan,0.0,0.0,0.0,0.0,0.0,0.0,0.0,0.0,0.0,0.0,nan,0,0.00868614313077065,0.0013158760086808882,0.002919386511175028
0.8096143280000001,0.020678789039197648,-0.016584625520580324,0.008628901479023222,0.00023737357159585854,0.050274256291448875,0.002289532101956054,-0.0012927857564791294,-0.004581289796521176,0.0032961684643918092,nan,nan,nan,nan,0.0,0.0,0.0,0.0,0.0,0.0,0.0,0.0,0.0,0.0,nan,0,0.020678789039197648,-0.016584625520580324,0.008628901479023222
0.8245648050000001,0.007577365836325258,0.00010862580355834729,0.003115010836725813,-0.026402705731560044,-0.008781911483523445,0.023795034387195893,0.004375157700076002,0.00013634040716986156,-0.00836597230161762,nan,nan,nan,nan,0.0,0.0,0.0,0.0,0.0,0.0,0.0,0.0,0.0,0.0,nan,0,0.007577365836325258,0.00010862580355834729,0.003115010836725813
0.839225836,-0.009124704988905592,-0.01146095123165597,-0.003818474142482086,0.01150844870518581,0.01801528477047001,-0.029084233975197358,-0.002390511969603071,0.0006918964527348417,0.0025192127643630592,0.0,0.0,1.5,1.5038898286831026,3891.588854810391,3890.385704095284,3901.1067178493618,3892.7661078865976,0.0,0.0,0.0,0.0,0.0,0.0,nan,0,-0.009124704990536869,-0.01146095123437356,-0.003818474142482086
0.854027925,-0.002218057719751478,-0.014452740099899398,-0.020254048329287472,0.007105528612818384,-0.022525549086495577,-0.015834758611153965,-0.00011782590960549538,0.0027689407109537066,0.006448046113765414,0.0,0.0,1.5,1.5203243643834794,7767.492495394829,7766.6186146895025,7767.232345883334,7766.087814329308,0.0,0.0,0.0,0.0,0.0,0.0,nan,0,-0.002218058042281986,-0.014452740625254965,-0.020254048329287472
0.869008281,-0.004447442429967392,-0.017327657707088003,0.016640544076094034,-0.025371542346768396,-0.02764266720740468,0.022309725099913063,0.0012896574873997168,-0.0006703335085098136,-0.00228854244235545,0.0,0.0,1.5,1.4834673245288041,10113.416237575491,10112.560497455677,10115.324212965628,10122.258107722015,0.0,0.0,0.0,0.0,0.0,0.0,nan,0,-0.004447445395715137,-0.017327662409372616,0.016640544076094034
0.883879814,0.0034996701796839213,0.006742943747533348,0.009091049777513849,-0.008109236698234955,-0.022982529892955152,-0.00908568937227617,0.0011364184674583571,0.00044036302906904035,-0.0006788123469019366,0.0,0.0,1.5,1.4909283057327956,11528.400142894561,11534.383264868624,11552.179097664939,11547.501523011586,0.0,0.0,0.0,0.0,0.0,0.0,nan,0,0.0034996609492130076,0.0067429210605740465,0.009027757573339543
0.8992876360000001,0.0006160640431355048,0.0011140322334186182,8.685969522671485e-06,-0.005357392259921354,-0.006297166424296076,0.052517360112972124,0.0013739586387947363,0.00019990572811715961,0.0022348308434596703,0.0,0.0,1.5,1.4999918542344155,12392.739767671797,12399.18607340018,12416.784906926352,12410.432887039346,0.0,0.0,0.0,0.0,0.0,0.0,nan,0,0.0006160409937969015,0.0011139291884183214,-0.0005570471406440993
0.913672861,-9.47773406264108e-05,0.006514087204546611,-0.005040409269312342,-0.005699565652328489,0.03303035412470752,0.12720377461267265,0.0005398664175248084,-0.0035834302299950988,0.0026909106842242163,0.0,0.0,1.5,1.505054509261506,12771.991233434966,12778.710530728315,12791.785920227492,12787.155432558004,0.0,0.0,0.0,0.0,0.0,0.0,nan,0,-9.484881922553827e-05,0.006513710747372111,-0.006888906745008085
0.9283779520000001,-0.004399537937708839,-0.00687405015755962,0.013753356947537102,-0.005022496983175881,-0.02225034241998315,0.15071323035681436,-0.0010356783999727775,-0.003096596114724684,-0.006005240180727181,0.0,0.0,1.5,1.4862690511762495,13240.922989909324,13251.246554993975,13250.005347778206,13245.262172896511,0.0,0.0,0.0,0.0,0.0,0.0,nan,0,-0.004399750299856436,-0.006875109843922797,0.009624646856335045
0.9433709010000001,0.017486771303715884,0.02561940508798119,0.015080603915716612,0.015799453034275778,-0.012446914651464726,0.23580369593352357,0.0009457648605922458,-0.001712808888706952,-0.001199181065516813,0.0,0.0,1.5,1.48524333156389,13435.118044943778,13440.515796955391,13447.49111512625,13435.609685764164,0.0,0.0,0.0,0.0,0.0,0.0,nan,0,0.01748623432520113,0.025616977620410895,0.0075390466761366525
0.9582697910000001,-0.005683899002076527,-0.0029720690099956115,0.013159033752148924,-0.015913018942907815,-0.005733477629080048,0.34475459296402183,-0.0012926269042794435,-0.0040920376400089,0.0016206234095766901,0.0,0.0,1.5,1.4868548008514177,13556.616485099375,13554.70016681817,13561.209363493223,13554.156009313701,0.0,0.0,0.0,0.0,0.0,0.0,nan,0,-0.00568507802321797,-0.0029768483578798965,0.0009889598598155878
0.9729633980000001,0.004182474325951742,0.0015154210576079677,-0.0005455450907186285,-0.01239772930540093,-0.014726668534059474,0.4051159245954691,0.0012893543888523628,0.0011732661121398355,-0.0052523834862579916,0.0,0.0,1.5,1.5005521392087884,13623.313276948309,13630.17576561145,13633.792057636403,13622.856916622884,0.0,0.0,0.0,0.0,0.0,0.0,nan,0,0.00418016305598365,0.0015069877500238239,-0.018610293176847648
0.9879693100000001,0.00686610139887802,-0.007091398078247914,0.027025670633723266,0.03272633882188571,-0.03188107679387672,0.47066933998041366,0.0018352260155073507,0.00024830053100028966,-0.0017163840110904936,0.0,0.0,1.5,1.4730074019661805,13668.558865617442,13670.293467270263,13677.024519864039,13666.372619046431,0.0,0.0,0.0,0.0,0.0,0.0,nan,0,0.0068619615121516325,-0.0071051158167523614,0.0017696929015872283
1.002714906,0.00685948875991352,0.0014609438751993986,0.03779299715089764,-0.008576265983323266,0.04189119516546501,0.5844897131581356,-0.0011383858996491362,0.0006815153162713672,-0.0017745143268931625,0.0,0.0,1.5,1.462223822170877,13698.034214409588,13685.423903334948,13698.796369859794,13704.2631171246,0.0,0.0,0.0,0.0,0.0,0.0,nan,0,0.006852575875250604,0.0014399737484694078,0.0040311108131798265
1.017862596,0.009675186882884126,0.0023007612693381747,0.02357509388092993,0.007952522997467107,-0.03983110640588933,0.7106730024462233,0.0030949114154314237,-0.0017473962805472293,-0.0034036039161404,0.0,0.0,1.5,1.476458399736458,13720.074170639102,13706.94199193103,13707.797467446504,13715.009980163606,0.0,0.0,0.0,0.0,0.0,0.0,nan,0,0.009664308638555176,0.0022702059627634323,-0.020017994979167363
1.03242256,0.004525496140939661,0.008326822548023393,0.025583534179468913,-0.019198619074219797,-0.05084566178523333,0.8443997305391735,2.1846670069986934e-05,0.0020681173128562613,0.007796432870696231,0.0,0.0,1.5,1.4744469236875815,13665.668293313274,13653.120141762456,13664.62429190511,13671.637495914863,0.0,0.0,0.0,0.0,0.0,0.0,nan,0,0.004509269372180739,0.008283959670686394,-0.029160029247413326
1.04732472,-0.013189185217257862,0.0012702514366744698,0.06611362999210514,0.01243744480235918,-0.002957443120019438,0.8768376066988067,-0.0024597000987625238,-0.00011268195694116349,0.0006494889228779643,0.0,0.0,1.5,1.4339475897813787,13552.481662817841,13548.136328178447,13559.508953295943,13567.939570239143,0.0,0.0,0.0,0.0,0.0,0.0,nan,0,-0.013212267232961069,0.0012119696525782107,-0.0010694202463239905
1.0619270140000001,-0.030185068652534265,-0.014981783454620744,0.05007369307993258,-0.03879350638768136,-0.013775978389712768,0.9238076057567229,-0.0012386496948589892,-0.0012610288675791947,0.00011778115031235923,0.0,0.0,1.5,1.4503178574725972,13438.28136430252,13436.2345877438,13437.212485550832,13444.370770391153,0.0,0.0,0.0,0.0,0.0,0.0,nan,0,-0.030216567700039776,-0.015058985389732176,-0.030765652845355748
1.077125621,-0.0017258437794840952,-0.010156662130275723,0.08129508585947456,-0.015767044748386003,0.0021951305613469832,0.9893937697212054,-0.0020515351103181493,0.0021318990720322435,-0.0015366646691100632,0.0,0.0,1.5,1.4187423197074427,13272.847074301928,13286.933999263045,13282.621305416422,13273.789078272783,0.0,0.0,0.0,0.0,0.0,0.0,nan,0,-0.001767344107854851,-0.01025669364434564,-0.014345004912963005
1.0916195720000001,0.004278391557110544,-0.0032322958750680033,0.13396459152553206,0.024954124742877115,-0.007406832314327151,1.0744595197802256,-0.004778900654769735,0.0028522830209963016,-0.0006800437393166835,0.0,0.0,1.5,1.3660459324550351,13115.252816021439,13123.537128221933,13116.626043058532,13111.540037614042,0.0,0.0,0.0,0.0,0.0,0.0,nan,0,0.004225282555940008,-0.0033594518680114998,0.022448879145299222
1.1066530250000002,-0.006912431863178151,-0.0022777685255432607,0.14917658202819598,0.00041604611440206854,0.03135453050559432,1.1822135235031441,-0.0013921655989448168,0.0009683744442104257,-0.0008433768447522365,0.0,0.0,1.5,1.3508430243683927,12933.270167680761,12927.985800087812,12915.940598709056,12923.593170766419,0.0,0.0,0.0,0.0,0.0,0.0,nan,0,-0.006978809288157094,-0.0024366792708313016,0.020788924672397735
1.121507571,0.01853510316952544,-0.0054251603314661575,0.13528529103519402,-0.007196120640080821,-0.0025396720196473664,1.188887872638114,-0.0016919900397321633,-7.243617627751037e-05,-0.002959389622554563,0.0,0.0,1.5,1.36485135427966,12676.479084907727,12671.888651401981,12650.929538010947,12656.036641129816,0.0,0.0,0.0,0.0,0.0,0.0,nan,0,0.018453755885923587,-0.005620679499249122,-0.010856491068074348
1.136429806,-0.006916844801143221,-0.008452850345098581,0.16610967975868457,-0.0021084263790463117,-0.03751439383260013,1.216587334844139,-0.00657038877510468,0.00026464400238214333,-0.0009896260422502991,0.0,0.0,1.5,1.333935035844864,12525.20302403366,12518.459508705959,12501.337573516641,12505.613279671512,0.0,0.0,0.0,0.0,0.0,0.0,nan,0,-0.007014884157666656,-0.008689979018053838,0.001436912034676191
1.151055664,-0.0022265902996464054,-0.0012800835111091498,0.1933905459401034,-0.011555748939888864,-0.026577121861759673,1.2273792262389671,-0.004874115243800895,0.0016745974431546296,-0.003149971698439825,0.0,0.0,1.5,1.3066119782693173,12369.06740155786,12365.981816176132,12360.600066966414,12361.128627949494,0.0,0.0,0.0,0.0,0.0,0.0,nan,0,-0.0023430579576344973,-0.0015639228895544385,0.009482535937514719
1.166025714,0.005888351758177449,-0.003537179702671917,0.20992256689601715,-0.017596235151270477,0.006711705448899748,1.331015590882387,-0.0019192959133800677,0.002045419460644668,0.006182933152185631,0.0,0.0,1.5,1.2900957203753673,12245.624872894647,12244.995911799391,12245.619622817228,12241.541324243422,0.0,0.0,0.0,0.0,0.0,0.0,nan,0,0.005751717310342018,-0.0038728827026887464,0.006137182947702019
1.180641931,0.00344592076726883,-0.004173966923935804,0.21336256213871238,0.004797236703735447,0.018128693732201835,1.3611926237925847,-0.0030295159817070576,-0.0001407816865856182,-0.005359468412716472,0.0,0.0,1.5,1.2866488226692143,12104.638364308701,12108.374736955539,12100.907858515586,12099.5578837241,0.0,0.0,0.0,0.0,0.0,0.0,nan,0,0.003287390024389977,-0.004566690334376786,-0.010870060011089366
1.1956770730000001,0.004214397148672859,0.00166928953895007,0.23116815325738432,-0.015274925925497592,-0.01707268331221619,1.3407070695575767,0.000914548019624385,0.003623117957589988,0.003299927668897586,0.0,0.0,1.5,1.2688399437987314,11915.916998436807,11915.863648803197,11898.420003312869,11898.849340179655,0.0,0.0,0.0,0.0,0.0,0.0,nan,0,0.004032247612203264,0.0012144193290367174,-0.014004409935380574
1.210430187,-0.004087238668011214,-0.00107713820413915,0.25733285848393234,0.023231972643517652,0.00696267781922841,1.3594585194430884,-0.0027811347725643226,-0.0022604185955599765,0.0043009299440406904,0.0,0.0,1.5,1.2426743299635488,11811.532316959352,11811.91017053753,11805.448322961878,11810.184229560333,0.0,0.0,0.0,0.0,0.0,0.0,nan,0,-0.004294739264413465,-0.0015992436494205115,-0.009213980539501843
1.225444044,0.02003799999743276,0.007246185833262105,0.24307170803337422,0.007360441469632533,-0.003401872147177118,1.4630551085928523,-0.0039632972799371075,0.0010227530161923061,0.0018519468131439757,0.0,0.0,1.5,1.2571088893962872,11719.031089950658,11718.137482318116,11706.908408857687,11717.650551644787,0.0,0.0,0.0,0.0,0.0,0.0,nan,0,0.019803399479964064,0.006651802219314143,-0.04524236848419158
1.240179147,-0.004011467062886946,0.004785390575687706,0.3043958755304483,0.011658746023349867,0.01527824706915593,1.549504669220079,-0.003053798811773308,0.0003949042055926084,-0.001721274367470156,0.0,0.0,1.5,1.1956204306884195,11580.339153328841,11566.873351823364,11548.869989012364,11569.388638412687,0.0,0.0,0.0,0.0,0.0,0.0,nan,0,-0.004274910559331354,0.0041137739871027834,-0.006024390098195109
1.2550502760000002,0.02491478886658213,-0.005121812627679729,0.31583125314650073,-0.022631020882109137,0.012290237588086209,1.4909300473404492,-0.0005336467886785217,-0.0010159760309107562,0.0018591475629067167,0.0,0.0,1.5,1.184441894182001,11380.885328033635,11364.966662760284,11340.222175011857,11357.817024370004,0.0,0.0,0.0,0.0,0.0,0.0,nan,0,0.02462080858129708,-0.005875473736917283,-0.016967953556051574
1.269838499,-0.012784204437291852,-0.0027843740453409346,0.35585201318998544,0.0180227712271593,0.00748353173256736,1.494504139226616,-0.0025575480450180555,-0.0011661313724485524,-0.002732718409979583,0.0,0.0,1.5,1.1442227948888837,11243.375717715997,11240.246147840486,11221.443082786025,11228.928903073001,0.0,0.0,0.0,0.0,0.0,0.0,nan,0,-0.013110303251052948,-0.0036246646923318087,0.00048292970128449575
1.2847580570000001,-0.014482205205888376,-0.008981106983998706,0.37847650902231594,0.014733672450347556,0.004865579208005889,1.553367209898838,0.002081954506240712,-0.00024688761642361685,0.0007294765514113386,0.0,0.0,1.5,1.121652947825242,11125.069702953879,11123.281141906136,11107.944342722696,11110.235040904241,0.0,0.0,0.0,0.0,0.0,0.0,nan,0,-0.014841878542597765,-0.009912387212817219,0.0003982159001357233
1.2994555620000001,-0.007202360793817541,-0.007948001306449766,0.4233680623523642,0.008007758230563567,0.029613971211714808,1.498039531670639,-0.0020433737354144475,0.00021175008417126482,-0.0013483898049919864,0.0,0.0,1.5,1.076685364388629,10993.202143522365,10994.036806081169,10989.682495866133,10989.764123407798,0.0,0.0,0.0,0.0,0.0,0.0,nan,0,-0.0075969250921555575,-0.008974348638511773,0.022502437154309385
1.314423549,-0.011422938684989609,-0.002434142287032116,0.403624210228592,0.009410423668820188,-0.008091558680954946,1.4795818552013902,-0.0016248258930860883,-0.0011955266559363323,0.0014405754231337489,0.0,0.0,1.5,1.0964379968670153,10837.507732147802,10838.16592421755,10832.820951502883,10830.606426980095,0.0,0.0,0.0,0.0,0.0,0.0,nan,0,-0.011853574516351491,-0.0035593378237605833,-0.020046422354827287
1.329259041,-0.004144149119975251,0.010649079130280036,0.44343560084027933,-0.00737205673132567,-0.00362810928187173,1.5137372220449121,-0.0009126209865860608,-0.002616478431124093,-0.0007493870761091697,0.0,0.0,1.5,1.056626190490276,10809.366122143538,10813.51216609524,10815.556744989231,10809.123751381521,0.0,0.0,0.0,0.0,0.0,0.0,nan,0,-0.004611925012701256,0.009421496525225058,-0.0030262966805612024
1.344164543,-0.0054862257768549146,-0.0030743407905601625,0.4813747429329298,0.01041933897189599,0.014533122234973014,1.5205339280129915,0.0009824540287617382,0.001395741497794357,0.0020739161996452694,0.0,0.0,1.5,1.018644670422187,10730.171721057199,10741.54665134778,10743.733285668597,10727.524470742988,0.0,0.0,0.0,0.0,0.0,0.0,nan,0,-0.005992117578331978,-0.0044076338870338355,0.012150137571617092
1.3589146140000001,-0.004644004841746908,0.010608741199644915,0.5011449559164689,-0.005996973978602026,0.009562172999810378,1.4920416404763068,-0.0036784789055964114,0.0015424136318408714,-2.9108536566415637e-05,0.0,0.0,1.5,0.9989221747773567,10606.339010175388,10608.375081019478,10609.148127368526,10606.474046620971,0.0,0.0,0.0,0.0,0.0,0.0,nan,0,-0.005188905102948285,0.009166665185476094,0.009228532441319992
1.373806383,-0.013484146892504408,0.018715873310996306,0.5380821627050472,-0.013328506653327892,-0.0010940474028863674,1.4911114353216488,-0.003977130080585924,-0.0007969119052557127,0.000727808014961031,0.0,0.0,1.5,0.962194383603132,10535.838392431398,10536.57047603219,10527.98059149791,10525.12630975243,0.0,0.0,0.0,0.0,0.0,0.0,nan,0,-0.014068887442685042,0.017162185900959605,0.02358774866459523
1.388563325,-0.010727903455901428,0.013955164598893115,0.5461959899225841,-0.004627666198483247,0.022105048413425903,1.491343441692712,-0.0003461203720548063,0.0006153163258984878,-0.004303051021240943,0.0,0.0,1.5,0.9539664166894454,10465.022195521533,10478.44887253118,10460.851843328559,10447.437077285846,0.0,0.0,0.0,0.0,0.0,0.0,nan,0,-0.011353267442800552,0.012287268297242516,0.009271136475062725
1.403690096,0.003360921405081644,0.016654136528155214,0.5478881555917958,-0.037966742951107746,0.03890671610883621,1.4642307350482207,0.0011549601537044975,0.00011635255609903507,0.0024825805880685048,0.0,0.0,1.5,0.9522634196054062,10375.425137882057,10395.035830567975,10368.020007615396,10344.074150477241,0.0,0.0,0.0,0.0,0.0,0.0,nan,0,0.002694176964313697,0.014869688567133487,-0.011287665830383098
1.418286022,0.0028284702569183195,-0.01565711845669698,0.5840253221202562,0.0021189761020823155,-0.022250839667584472,1.4789638127969418,-0.00030664164825088284,-0.0013242704506952515,-0.007325412930384415,0.0,0.0,1.5,0.916112851192069,10356.929546775395,10390.167157823274,10347.918911850647,10317.420571787638,0.0,0.0,0.0,0.0,0.0,0.0,nan,0,0.0021195628608957203,-0.01756017109559856,0.0027968789244918746
1.433268299,-0.008923491855756548,0.008702688193427613,0.6122740194271773,-0.006339187032905679,0.03837941754100336,1.4268207051647483,-0.00330974089588385,0.003825677328066881,-0.0021654867328143065,0.0,0.0,1.5,0.8878134838313008,10289.938594173027,10311.650397829104,10304.0907672613,10277.20415862567,0.0,0.0,0.0,0.0,0.0,0.0,nan,0,-0.009675434468213156,0.00667933240617586,0.009201774652798811
1.4480184790000001,-0.013929725038762235,0.012060553760783566,0.6368339421761774,0.002644353572846711,0.020617302908455287,1.4229318912162068,0.0003520295039852133,0.0025729159651234077,0.00038025011993688567,0.0,0.0,1.5,0.8633626917905307,10272.777389857732,10276.07720451279,10248.56903195296,10233.740655792757,0.0,0.0,0.0,0.0,0.0,0.0,nan,0,-0.014725726575639038,0.009915630607767806,0.01214807966927145
1.462902233,-0.005889252366100902,-0.009458101549948288,0.6749029503628233,0.009578522184149844,-0.0018568285102687977,1.4061820946135624,0.0006537499274655403,0.0034113387066025806,-0.0005604694474425981,0.0,0.0,1.5,0.8251722731032195,10232.34594899754,10229.323599856682,10198.13453678411,10192.995505799487,0.0,0.0,0.0,0.0,0.0,0.0,nan,0,-0.0067305316108077495,-0.011725379596896578,0.028848363342618644
1.4778555020000002,-0.004572294636669384,0.013755931022823326,0.6407088169032152,0.004395796454474201,-0.0037859173060792303,1.409969594790231,0.0025809251385348815,0.0036293349462707064,0.005256640250470573,0.0,0.0,1.5,0.8594134446611952,10174.98549023067,10160.108385594578,10151.863744618282,10160.902369967504,0.0,0.0,0.0,0.0,0.0,0.0,nan,0,-0.00546027034970899,0.011366054914112841,-0.02644735520114838
1.492593711,0.004354075837393874,-0.01407175738649391,0.685858058611948,0.020962394375938106,-0.009415969580179226,1.3620997535723371,0.0004631083123364033,-0.0009744279218646684,0.001415470719324452,0.0,0.0,1.5,0.8142751826375703,10133.277693224314,10112.043983734713,10125.333747721996,10151.389679579277,0.0,0.0,0.0,0.0,0.0,0.0,nan,0,0.0034178016123509285,-0.01658389519511768,-0.002112761883571679
1.507429074,-0.02112906124477024,-0.011050685119358621,0.6949084876147579,0.006988354999774174,-0.00016555161416583776,1.3288114238009179,0.0017979906303294993,0.00039078147908128667,0.0010680149913510119,0.0,0.0,1.5,0.8054445345183299,10118.801193488966,10091.128549382443,10123.97336423097,10157.45044351126,0.0,0.0,0.0,0.0,0.0,0.0,nan,0,-0.02211538849735347,-0.01368418360498734,-0.013587540517088437
1.522355128,-0.005103567782619718,-0.0035441169751204192,0.7409788992250333,-0.03933331901724193,0.01358665855852522,1.3521879569925115,-0.0011535161557325866,0.003835908881167258,0.005789532160985027,0.0,0.0,1.5,0.7590465325596891,10119.682694558333,10104.100501510524,10145.129672281755,10167.584960419348,0.0,0.0,0.0,0.0,0.0,0.0,nan,0,-0.006141797937566149,-0.006297563484805334,0.012247746760871703
1.537167686,-0.009166294501896165,-0.003943360134200201,0.7730106501543299,0.010657675577466882,0.017584334095093166,1.3017518577058889,-0.0006307061507467828,-0.0027786571579536522,-0.004114093276278945,0.0,0.0,1.5,0.727057828396802,10036.928258888618,10052.564046356378,10070.990246738322,10071.534388409826,0.0,0.0,0.0,0.0,0.0,0.0,nan,0,-0.010258306338608872,-0.00681492343505148,0.024342614384118222
1.5520983270000002,-0.010103885087907986,-0.003765694383799049,0.7661709511397984,0.0060758979014390565,-0.004359224485482657,1.298190723479058,0.0014706697970015875,-0.00025149038304557957,-0.0006999595899322656,0.0,0.0,1.5,0.7339082653159931,10002.480565064661,10020.952023052008,10028.760244405814,10018.838127828598,0.0,0.0,0.0,0.0,0.0,0.0,nan,0,-0.011251551622392667,-0.006753222879756909,-0.0021132738054363553
1.5668129190000002,0.008094644981554294,0.00570024665240175,0.7777493226674466,-0.011349905649892286,0.009287150890542757,1.2745527865703699,0.001341851824696077,0.0017114230646437666,-0.004780636129893912,0.0,0.0,1.5,0.7223185287645665,9992.461932284217,10001.744463861232,10025.310961828223,10016.846067254271,0.0,0.0,0.0,0.0,0.0,0.0,nan,0,0.0068894245617837635,0.0025991827425159114,-0.009820121824522965
1.5816755290000002,0.004128777272411691,-0.004415220120755476,0.7981759262398559,0.001539573232557351,0.008584270792978905,1.3009974065471799,0.00402431652564718,0.00021630716671781403,0.005886778785205401,0.0,0.0,1.5,0.7018501061336132,10000.924474332818,9999.785849063162,10023.077373688227,10016.493570211906,0.0,0.0,0.0,0.0,0.0,0.0,nan,0,0.002864044632883909,-0.007627143974975088,-0.008345481093199103
1.5964884080000001,-0.0018832081032902558,0.00043615861311054787,0.8418723747214958,0.015518531745767903,0.0015543146195668804,1.2915906945282998,0.0020002194895356934,0.001595695625131245,0.0077672897509765484,0.0,0.0,1.5,0.6581304641648336,9945.90836553934,9942.674110649958,9964.912388749068,9970.583707810189,0.0,0.0,0.0,0.0,0.0,0.0,nan,0,-0.0032094789933960117,-0.002883761872496597,0.016739720401572344
1.611455105,0.014828676424625951,-0.0055946837176581565,0.8354710068216074,-0.0030740866420974305,0.01163930419950156,1.1403580475025294,0.0002394877588699585,0.0027114917188185354,-0.004728681313951805,0.0,0.0,1.5,0.6647179649333205,9878.817336880422,9870.197466480877,9884.90840678417,9907.419991485793,0.0,0.0,0.0,0.0,0.0,0.0,nan,0,0.013438787661130786,-0.00901961680310883,-0.00791274346544657
1.62630008,-0.017723942071156032,0.016959669848140853,0.8577894434674492,0.01868078575177356,-0.01834434953996318,1.2105997002785323,0.0005245586152412588,0.0006713874982971613,0.0025897751158569207,0.0,0.0,1.5,0.6426788991757456,10005.49423447576,9979.863050166201,9989.834866921747,10014.05649372169,0.0,0.0,0.0,0.0,0.0,0.0,nan,0,-0.01917958595310806,0.013432809350815537,-0.003484579659212672
1.6411773660000002,-0.0029264218340803575,-0.009056071325165426,0.9045428816672654,-0.0069172104604331925,0.004380559524257114,1.153653212345144,-0.0008539164865077417,-0.001644989649937915,0.00020951335932109988,0.0,0.0,1.5,0.595533169643574,9996.672730455883,9974.244481797761,9982.050273959238,10004.738630316446,0.0,0.0,0.0,0.0,0.0,0.0,nan,0,-0.0044500089435349265,-0.012681663309972113,0.02571273424471754
1.655968582,-0.01192738259699013,0.013458723089797533,0.9191824788727588,0.015169296345476889,0.03761910366167172,1.1615536116271614,0.0022248217927196483,0.005897254497603498,0.003128604088909357,0.0,0.0,1.5,0.5810958548563362,9947.620872151345,9944.415141234642,9950.247271207283,9955.522504557257,0.0,0.0,0.0,0.0,0.0,0.0,nan,0,-0.013521057782968622,0.009737626637142182,0.023140803853399228
1.6708291610000001,0.00754809405557918,0.01695143544306322,0.8847078151010868,0.01110675310482257,0.004488670223974455,1.0551784185013589,-0.0006262817832818588,0.0007505485467343657,-0.0023846841737767705,0.0,0.0,1.5,0.6155719273043002,9916.892818135071,9906.079092817507,9889.747576033267,9903.308376632122,0.0,0.0,0.0,0.0,0.0,0.0,nan,0,0.0058822654186072776,0.01313807020075504,-0.028186383613029387
1.685604155,-0.0006555756188604924,-0.0007260407124548311,0.9840331663904953,-0.005823306063184825,0.0009475125297071767,1.045164883711693,-0.0009246445920662199,0.004966296021546907,0.007644482118700293,0.0,0.0,1.5,0.5159677609110151,10050.196763551734,10029.925239655464,10008.745946886116,10026.765002065295,0.0,0.0,0.0,0.0,0.0,0.0,nan,0,-0.0023955546287597173,-0.0046283933765907895,0.05463768729938978
1.700650186,0.011247127925260147,0.009522445715204,0.9286325029829017,0.02663590804905847,0.020384263359754566,1.0579157347525163,0.004068018783914698,-0.0002716087555707049,-0.003043477066346827,0.0,0.0,1.5,0.5715575137346635,10027.902535083518,10012.384726214865,9993.118871545968,10014.572289621856,0.0,0.0,0.0,0.0,0.0,0.0,nan,0,0.009431076344775701,0.005534503913757118,-0.016942645734369988
1.7152589850000002,0.003552845798061137,-0.01627023478561999,0.9703014551536129,0.029486007433469377,-0.008111814698573345,1.0861776279027866,0.00037594553015056183,-0.0038923151961699166,0.002979181646370287,0.0,0.0,1.5,0.5299602736673986,10055.5779067293,10022.939970481631,10005.688586073473,10037.851976845794,0.0,0.0,0.0,0.0,0.0,0.0,nan,0,0.0016589525666576277,-0.020340265094958645,0.008872618949546607
1.730142002,-0.003324109848078251,0.009738779471822119,0.9725942770788696,-0.003045546138611043,0.021974207322144078,1.0388180318024234,-0.0015792216849735018,0.0014096543743984892,-0.0015645034926821727,0.0,0.0,1.5,0.5275061043266164,9993.498239146938,9961.120862593303,9961.628085880224,9994.043985546616,0.0,0.0,0.0,0.0,0.0,0.0,nan,0,-0.005297412246189426,0.005590307494324229,-0.0043616847446695806
1.7452311870000001,-0.009057975623038665,0.008043519957226939,0.9802582683210581,0.01128262537958136,0.031611396385611064,1.0090102098591132,0.001785076012244126,0.0010341064944988543,0.0030273516819110274,0.0,0.0,1.5,0.5198828837193191,9984.82411974632,9970.503989234989,9953.135512723386,9963.18918462682,0.0,0.0,0.0,0.0,0.0,0.0,nan,0,-0.011111974063739836,0.003820396058029971,-0.011882299063346258
1.759898929,0.00018111184119829144,-0.00818612010323963,1.0136753652023163,0.022389188087172218,-0.023060583353697827,0.941028180021962,0.0017367741071662333,0.0005736778451958848,0.00035087664510682296,0.0,0.0,1.5,0.4863935605812891,9994.433362692404,9988.63641487956,9960.482695678931,9964.475551611768,0.0,0.0,0.0,0.0,0.0,0.0,nan,0,-0.001954550922174327,-0.012479916654129475,0.006695198919322021
1.774688081,0.002752074013865508,0.005285414147390202,1.0128703423044023,-0.010661798224115646,-0.013362124561224448,1.0312023914851902,0.002562833929638635,0.0006957914281853821,0.0026569918299774046,0.0,0.0,1.5,0.487166104035079,10012.711505054678,9999.990390897969,10014.419209468006,10024.721162646138,0.0,0.0,0.0,0.0,0.0,0.0,nan,0,0.0005341132894435699,0.0009251814819753691,-0.008612776245783937
1.7896109160000002,0.00777289664528058,-0.004041626214621342,1.042588966039637,0.0455927834224738,-0.014565120890321078,0.9369407421710748,0.0029133541987035184,0.0004663122823383113,-0.0063886296262014,0.0,0.0,1.5,0.4574949252761229,9951.893239171239,9951.383882527667,9980.681627138592,9982.451443497754,0.0,0.0,0.0,0.0,0.0,0.0,nan,0,0.005472357874100275,-0.008463785644249256,0.006934026164650442
1.8044110370000002,-0.008323722203560641,-0.006628612952816238,1.0453176024018043,-0.03769852517681774,0.011947989623891478,0.899851626475958,0.001954458777590434,-0.0009542122718095632,0.005538412825149767,0.0,0.0,1.5,0.45480688819172915,9966.60251742197,9933.969676166524,9980.772112216326,9999.871762177647,0.0,0.0,0.0,0.0,0.0,0.0,nan,0,-0.010706744139603899,-0.01110799966834835,-0.0041654999075178
1.8193724530000002,0.007341277699604856,0.0009115041247345387,1.0852427019979893,0.04480170281280902,-0.017861797289317572,0.9024541271593075,-0.0002913276990982644,0.0037777032356827982,-0.0007407914725493839,0.0,0.0,1.5,0.41482326531182023,9975.052184691122,9958.722708198395,10001.719640158035,10007.197206878398,0.0,0.0,0.0,0.0,0.0,0.0,nan,0,0.004876267508156819,-0.003620255223074248,0.022272546367350765
1.8340987290000001,0.010989109246625769,0.0021350587275418328,1.0628821197110903,0.0006092664777786558,-0.018396847679623907,0.8283631663104111,0.0034234236319071417,-0.0015868790772461878,0.0012965361671023973,0.0,0.0,1.5,0.4372612037056043,9965.079619411565,9933.68635599314,9969.063993544098,9994.313608215332,0.0,0.0,0.0,0.0,0.0,0.0,nan,0,0.00844304169274036,-0.0024441439142391854,-0.013236716695780748
1.8492434320000002,-0.006737257501265951,-0.009043622215125939,1.0915127558523214,0.010604566279322932,-0.028386399921409813,0.8561609701272926,-0.0006175361488225456,-0.0045100926106054345,0.0010804066379869253,0.0,0.0,1.5,0.4086428836683363,10017.62726096785,9996.66635789043,10031.910515353347,10052.12140948786,0.0,0.0,0.0,0.0,0.0,0.0,nan,0,-0.009362990194488153,-0.013665349346386333,0.0025858681983392806
1.8638018490000001,-0.001127376710824511,0.008518023582785372,1.0939163102400953,0.02399204725398043,0.04431494270133811,0.7630742199002473,0.0030497463166518418,0.002980110806072152,0.0043698544498810684,0.0,0.0,1.5,0.4061745816678138,9998.642889490484,10004.305656397612,10046.005795647581,10038.508792900044,0.0,0.0,0.0,0.0,0.0,0.0,nan,0,-0.0038308524868863993,0.0038586581572180763,-0.007494533628336297
1.8786497690000001,0.003367293323745403,0.000432647548966404,1.104200417317008,0.013722649249288326,-0.00921459358490882,0.7751149094818718,-0.0017046889634624595,-0.00016166306203470738,-0.0006529819144955659,0.0,0.0,1.5,0.39581414262284825,10081.402021073007,10084.82612680553,10093.210451340563,10091.539855379504,0.0,0.0,0.0,0.0,0.0,0.0,nan,0,0.0005885455576304442,-0.004259608447175571,-0.009376898484994678
1.8934069100000002,0.010336784724210655,0.00377448542200178,1.1450870661514199,0.012067522432270215,0.02400709009142223,0.7927417283569558,0.00414071444725345,0.0018199259759439086,-0.0072566033698346286,0.0,0.0,1.5,0.3550834922544868,10124.031403034855,10127.472786278511,10130.63644159417,10127.149310237317,0.0,0.0,0.0,0.0,0.0,0.0,nan,0,0.007485802516016415,-0.0009460784309966294,0.01963650365093894
1.908513182,-0.0181982962418286,0.0005258396797842395,1.1323418414925588,0.018078836607480334,0.02061059515286927,0.7796720208430129,-0.001584700832913331,-0.0046387122610791484,-0.003211270729591195,0.0,0.0,1.5,0.3681086470195409,10104.141957615193,10099.144579192376,10093.761371176444,10090.46340057473,0.0,0.0,0.0,0.0,0.0,0.0,nan,0,-0.021117934651434658,-0.004218676337940317,-0.004697678332363564
1.9230899650000002,0.0015879575992678707,-0.005965423788730342,1.1779299319860315,-0.023312920375722142,0.0162159690868941,0.6783085358377892,0.0018471033523656734,0.00023893609292813267,0.0020349779289808617,0.0,0.0,1.5,0.3221292234505254,10098.097778712714,10107.018983011643,10089.034504436622,10070.250995537448,0.0,0.0,0.0,0.0,0.0,0.0,nan,0,-0.0013962598390667358,-0.010729803649438008,0.02959598552478715
1.9380423820000001,0.0037030187332103702,0.01994629125240868,1.159439657220313,-0.039736144409943594,0.0031929606335125917,0.7607410515744569,0.002406211370056516,-0.003903427573048289,-0.003153621843970911,0.0,0.0,1.5,0.34116405724619114,10112.119569055549,10145.505769629966,10118.961826806435,10081.619723866312,0.0,0.0,0.0,0.0,0.0,0.0,nan,0,0.0006587966058286903,0.015165926828258954,0.00010614331022007484
1.9529725910000002,0.00018256491477951654,0.02151013151435099,1.1763605746812476,0.025071834077137686,0.013041083273465235,0.6963203366329486,0.004611262443125581,-0.003964516548204121,0.0007981929242169964,0.0,0.0,1.5,0.3243535057747413,10066.523089608188,10124.750082845057,10101.839541944582,10033.38323235629,0.0,0.0,0.0,0.0,0.0,0.0,nan,0,-0.002916640548131048,0.016717520900722732,0.006319954462487676
1.968074885,0.0020156264817442378,0.002420046883867079,1.2115035474793425,0.02192157711843176,0.02066366497529127,0.6417181552308433,0.0027156978211384623,-0.004483895466207152,-0.0009197455958240605,0.0,0.0,1.5,0.2885136435145451,10084.333350035933,10130.88992881202,10104.918970124927,10052.80954962117,0.0,0.0,0.0,0.0,0.0,0.0,nan,0,-0.001133219334348528,-0.0023811665695618366,0.031054898757226335
1.982526833,0.003533786875057631,0.013967413349453336,1.1868211293821178,0.003950082829894162,0.0357113059312583,0.6322415964916365,0.002502454222328479,-0.0022705070620122197,-0.0018241598937523969,0.0,0.0,1.5,0.31351009758354675,10111.545842072786,10141.602907378621,10117.516316287589,10081.010277658146,0.0,0.0,0.0,0.0,0.0,0.0,nan,0,0.00034087715649047234,0.009161235769729745,-0.003744775939694911
1.9976210150000002,-0.01137228412311148,0.005116114984097255,1.1951992417506656,0.01458821025849644,0.004096151477961552,0.6655847062652975,0.0010929716107532152,-0.0058407257231071225,-0.003629289134383229,0.0,0.0,1.5,0.30505574196870394,10156.814258358758,10173.449129205026,10145.435571247426,10122.738012389955,0.0,0.0,0.0,0.0,0.0,0.0,nan,0,-0.014603529060972549,0.00030867558433887374,-0.005204980967589146
2.0123123410000003,-0.005569021577586699,0.011006292162021064,1.2096122437267938,0.012052066529158986,0.024210518439593442,0.6156732689740272,0.0017934741780294028,-0.0006836271606140889,0.009335775696051297,0.0,0.0,1.5,0.2906496197518146,10165.910894553255,10185.622054001193,10164.18738929892,10140.612465510449,0.0,0.0,0.0,0.0,0.0,0.0,nan,0,-0.008832773606557837,0.006201422088787431,-0.00036344525022236063
2.027474401,0.018627473252174034,0.002067075292919546,1.2006458803893338,0.02506640768921569,0.00899055504707378,0.6377984523104867,-0.0009256447818187106,-0.001422041763935671,0.0005985757005186602,0.0,0.0,1.5,0.29994023486005356,10186.614288670318,10205.014430034635,10177.045501157907,10168.318764355998,0.0,0.0,0.0,0.0,0.0,0.0,nan,0,0.015337066086741475,-0.00273122045674963,-0.01863603064670305
2.041942386,0.012075217437669716,0.012660465076088041,1.2239717806861596,-0.000806281026733714,0.012859170880192823,0.567006077474856,0.0015632140997071495,-0.00457231343836922,0.0016942607082506213,0.0,0.0,1.5,0.2765821326652888,10208.024715320016,10198.895982541244,10176.598141090475,10196.042827528227,0.0,0.0,0.0,0.0,0.0,0.0,nan,0,0.008764006899786566,0.007872987020398806,-0.004358600817285785
2.0570400490000003,0.016035497482220863,0.010505434224848741,1.263635774424956,-0.0021739396903629987,0.01706284613391514,0.5512763775038884,0.0010018371394290352,-0.002681044542977789,-0.007216341835364501,0.0,0.0,1.5,0.23714035603297304,10243.37264709704,10233.802573280356,10213.628074065571,10232.420132512992,0.0,0.0,0.0,0.0,0.0,0.0,nan,0,0.01270932642396477,0.005733300643606849,0.02650812473094133
2.071651933,0.002744732026670125,0.010239051829014608,1.265950987704053,0.017562658497264204,-0.023648870332342444,0.5220176753438607,0.001233864251192155,-0.0014892412646284271,-0.0008795836283725485,0.0,0.0,1.5,0.2342889495750149,10240.965419126504,10227.939921463461,10212.639175044385,10221.586794097013,0.0,0.0,0.0,0.0,0.0,0.0,nan,0,-0.0005905259566989837,0.005487118011506958,0.02026818591458457
2.086587101,0.0034656103575317733,-0.013344188050195011,1.2026452122916111,0.031059173514057868,-0.027460848276321233,0.5876715379848897,-0.0019495052307581954,-0.0028809902530735074,0.004659506109297728,0.0,0.0,1.5,0.2976742306330365,10250.583215750237,10233.413953041565,10236.152461064763,10248.449954130469,0.0,0.0,0.0,0.0,0.0,0.0,nan,0,0.00012717665372327484,-0.01807072000453683,-0.051351623631189725
2.1014192510000003,0.011572476521980062,-0.0012954918489986467,1.262316249650439,0.007485570071659645,-0.015613837174943574,0.5150674775921894,0.0028577619375054044,-0.0035945770296929337,0.004437620576726143,0.0,0.0,1.5,0.23796883344718706,10275.253647769738,10254.9347871306,10280.645448162877,10304.304493080193,0.0,0.0,0.0,0.0,0.0,0.0,nan,0,0.00823687278543302,-0.0059910202903727785,0.0002359881011526621
2.116421444,-0.016821736765047085,-0.003537321637679511,1.2663588477218142,-0.005231096797841471,0.014157651989125945,0.4891602320003001,0.005268580723895625,-0.005972196382492297,-0.009092013707546264,0.0,0.0,1.5,0.2342726435374804,10282.100645701028,10268.918938042823,10305.154043901231,10327.441977662613,0.0,0.0,0.0,0.0,0.0,0.0,nan,0,-0.020148366538082788,-0.00819586266174677,-0.0035857963056364905
2.131097973,-0.009753789092542266,0.01301726804806647,1.2832061402742865,-0.022234159567792802,-0.016466863334183842,0.5048980664533594,0.005082270359162831,-0.0009578215663122112,0.0018257622295157513,0.0,0.0,1.5,0.2174032273998465,10302.445373667366,10314.162795514048,10350.763975488777,10332.99017083425,0.0,0.0,0.0,0.0,0.0,0.0,nan,0,-0.013065124491716101,0.008402002139744449,0.005607531479453476
2.145931086,0.007376771450245951,0.0020119839579016466,1.2655705704828752,-0.005179600673100333,0.011829246808053678,0.4695701773308227,0.0008969723714183763,-0.004321094407275299,-0.005309614252588311,0.0,0.0,1.5,0.23455409239704297,10282.274805273672,10314.298906649761,10348.823048938173,10313.631410875758,0.0,0.0,0.0,0.0,0.0,0.0,nan,0,0.004087232735568121,-0.0025535053043230795,-0.01947858867559904
2.160961754,0.012887965949974257,0.007935975536234631,1.302558826365328,-0.030702886782650415,0.03014306206535744,0.5260775491046548,0.004929738998261239,-0.0012419700722108354,0.00662837381577663,0.0,0.0,1.5,0.19802044445025388,10338.07450816741,10362.390778428367,10383.436912248106,10346.855569583535,0.0,0.0,0.0,0.0,0.0,0.0,nan,0,0.009626849337333824,0.0034268896674878235,0.010259235826966417
2.1756837360000003,0.005726221889187817,0.006421792747786368,1.3130746606964705,0.0069379424733007535,0.032933319225539735,0.4576218379624474,0.0003229986847257319,-0.0012619026065632379,-0.0026565987518997105,0.0,0.0,1.5,0.18712325219747375,10291.015818127858,10322.657811496174,10320.305714153883,10287.55650602415,0.0,0.0,0.0,0.0,0.0,0.0,nan,0,0.0025002131615001096,0.00197581343038385,0.013718446888645763
2.1904350740000003,-0.013596486469641221,0.007488657086198011,1.2912444648601582,-0.01159380123461562,0.0287223133042234,0.4626041083295857,-0.0008234769186726853,-0.004082537616526915,0.003736189034602976,0.0,0.0,1.5,0.20933183675875852,10305.61208236963,10316.992902686052,10296.362319342968,10279.27451532348,0.0,0.0,0.0,0.0,0.0,0.0,nan,0,-0.01678078821968183,0.0031124662497874845,-0.014958181729966435
2.205508946,0.010934729294556385,0.013675677069708559,1.3077777124285481,0.0069457575770197014,0.007249907290245823,0.44941230331895443,0.005837509326667664,-0.0005436702646275332,-0.0019288353054320222,0.0,0.0,1.5,0.19301813460724906,10322.709182404618,10341.562806118058,10304.821150421483,10286.03285146467,0.0,0.0,0.0,0.0,0.0,0.0,nan,0,0.007798640521375173,0.009376009495650473,-0.005059860043048925
2.2202823720000002,2.980142358974475e-05,0.02471822342687211,1.3447725131182955,0.03669389503912288,0.00563848840551091,0.43923783778872544,0.00713571910761396,-0.0005870646446104721,-0.0011511322858168199,0.0,0.0,1.5,0.15718321838261032,10331.7195829443,10329.553721956943,10310.845303256909,10309.183658009188,0.0,0.0,0.0,0.0,0.0,0.0,nan,0,-0.0030516750335099286,0.020501951990096023,0.02550624199268503
2.234986948,-0.004387873298980896,0.013606710628602163,1.3059986786423887,-0.0008317084777935803,0.012887981397291057,0.40851467315154966,0.00449646682364988,-0.00371312518773998,-0.0022862066702132667,0.0,0.0,1.5,0.19452739831375318,10321.730606630728,10306.675651915632,10295.572961370804,10305.994715883257,0.0,0.0,0.0,0.0,0.0,0.0,nan,0,-0.007408484058458797,0.009480894687716233,-0.01948998088488052
2.2498823160000003,0.0007187582606458329,0.006958914497290629,1.3408539919588984,-0.048445797373419204,0.012924439401374404,0.39333552446268255,0.004007212072439211,-0.0074711616745848745,-0.0001856970162051045,0.0,0.0,1.5,0.15929970175689664,10361.33204204841,10353.140614616703,10347.04211575867,10350.9783199263,0.0,0.0,0.0,0.0,0.0,0.0,nan,0,-0.0022348599500685686,0.0029308490813618167,0.009347204849354807
2.2647638370000003,-0.005397394530677271,0.021227181013557198,1.357557619633614,-0.022219307570682523,0.02142672323414956,0.42018485186416193,0.0009336164541448132,-0.006575038226566289,0.005032781955380626,0.0,0.0,1.5,0.14411646958604096,10355.490293476496,10380.956651628,10375.961783568411,10348.668009451565,0.0,0.0,0.0,0.0,0.0,0.0,nan,0,-0.00827795048929893,0.01730447268998086,0.0202211417520497
2.279589215,0.01461316586643216,0.0020636965444865915,1.3336717874606452,0.00441940358705377,-0.008556026323646463,0.3414699101074287,0.003334653104245383,-0.0029667652511096996,0.0020866199618334307,0.0,0.0,1.5,0.1669816688939369,10300.906665615712,10346.463184779384,10322.879763969966,10282.999644064781,0.0,0.0,0.0,0.0,0.0,0.0,nan,0,0.011811609563185006,-0.0017458000884237003,-0.009300008046142949
2.294326856,0.012522368795092033,0.012854940974884536,1.3533423829557418,-0.003368761379098753,0.026606462211400162,0.39380347097216667,0.004924455181268972,-0.0012038821561062404,0.005435063770214502,0.0,0.0,1.5,0.14775153422150425,10321.952536888924,10361.246334132957,10343.234169978594,10311.821250754949,0.0,0.0,0.0,0.0,0.0,0.0,nan,0,0.009805538553711069,0.009166774345294722,0.004938617234149234
2.309314214,0.010270312418478662,0.007286118441736522,1.3378649845058856,-0.008819254642482849,-0.034655642585021185,0.31142058225899705,0.006487673224732495,-0.0037976281133749804,0.001237700978325029,0.0,0.0,1.5,0.16262327658855258,10342.641202063825,10358.311905091614,10338.517734531924,10340.027465292065,0.0,0.0,0.0,0.0,0.0,0.0,nan,0,0.0076436979769869216,0.0037277887892317066,-0.015779807882474906
2.324098203,-0.007591232388184448,0.011578082685715663,1.3541107338144445,-0.014816964446430452,-0.019496814970627975,0.3528695711391004,0.003943015200468618,-0.003307624171970376,0.007094888909477551,0.0,0.0,1.5,0.14654472626474338,10397.587350756608,10407.229338266543,10412.318752263192,10418.787829559615,0.0,0.0,0.0,0.0,0.0,0.0,nan,0,-0.010122455018378128,0.0081584692957989,-0.004586580729597056
2.338950715,0.021120787348065724,-0.0052975066135704735,1.3739314774387015,-0.030979402863782392,-0.01870132544699839,0.28252050005403995,0.0029182049974514133,-0.003061858924067899,0.0018986210946213625,0.0,0.0,1.5,0.1279352321110634,10390.02228901403,10410.839363224855,10427.327510291723,10425.683130765394,0.0,0.0,0.0,0.0,0.0,0.0,nan,0,0.018689846732292487,-0.00856906635157229,0.010350880313753308
2.354037389,0.013355697843220046,0.0011423001299754416,1.376270879783178,-0.0026494919794286713,0.011450256317061341,0.3846262197187761,0.004159218019133948,-0.0017215714600890726,0.0030352471247050007,0.0,0.0,1.5,0.12445310242856597,10418.32338508537,10439.574424884657,10470.422039691799,10464.17978607908,0.0,0.0,0.0,0.0,0.0,0.0,nan,0,0.011029593017709971,-0.001971506651879279,0.007970411822677326
2.3686384520000003,0.0022438595157057667,0.016875562498519407,1.381287316301146,-0.01880955216938479,-0.0400056670373683,0.3247649506533748,0.0017637727600196172,0.0016793310353308774,-0.0014450579768025178,0.0,0.0,1.5,0.1199271478279701,10360.448655631382,10364.31007358175,10381.068318533895,10392.370997306001,0.0,0.0,0.0,0.0,0.0,0.0,nan,0,2.6764081000660474e-05,0.01392946188933469,0.008432194167640628
2.3835802160000004,-0.003269339426585297,0.006985179455298612,1.376120384117167,-0.020488067133952657,0.013374597355667582,0.26740317862311264,0.0046911699900677945,-0.0021111487615077277,0.0014285261851531594,0.0,0.0,1.5,0.12411946077705627,10354.08444412746,10353.232344325364,10379.979673505142,10389.203321078618,0.0,0.0,0.0,0.0,0.0,0.0,nan,0,-0.005373679105001269,0.00421683014337601,-0.0011051395849763779
2.398311898,-0.0027935873585857884,-0.0016969544793167739,1.393216054298414,-0.03492480463631087,-0.026148986620853455,0.264711512059049,0.0023756612275598423,-0.004658705899576314,0.003313291026069297,0.0,0.0,1.5,0.10683395922848779,10431.938608435647,10441.28961608765,10455.829033650842,10454.125243971448,0.0,0.0,0.0,0.0,0.0,0.0,nan,0,-0.004781781942195981,-0.00427732079822007,0.011791989147560189
2.413285873,-0.010307073518217183,0.014340749887954505,1.4034605542554988,0.00761921045033553,-0.00612251017193699,0.27818730686926246,0.0016222655104106778,0.002988606387265559,-0.0010462244086418483,0.0,0.0,1.5,0.09814151749649228,10450.984902775195,10477.572732610819,10499.805215150394,10482.737674964139,0.0,0.0,0.0,0.0,0.0,0.0,nan,0,-0.012176074701932597,0.01195878353395194,0.017986326464735303
2.428021524,-0.0030444375156936216,-0.0014539923679938406,1.381168891937442,0.06626090071379337,-0.019554359598466763,0.25630106291609406,0.005812650399427067,-0.0020935345456301576,-0.009234812069003518,0.0,0.0,1.5,0.11887899283291588,10455.3340510931,10458.486735503839,10472.328192337722,10470.729724760396,0.0,0.0,0.0,0.0,0.0,0.0,nan,0,-0.0047915937958874074,-0.0036270994299215783,-0.00821232245612924
2.4431165690000003,0.000906173826327928,-0.011137096709482572,1.38492668045243,-0.015004777626924034,-0.028862374988973816,0.23563215334825255,0.00636743880639469,-0.002542877161717604,0.004275251607328276,0.0,0.0,1.5,0.11561455334782482,10499.457163676823,10462.98256128163,10493.363691946764,10517.295410760777,0.0,0.0,0.0,0.0,0.0,0.0,nan,0,-0.0007169195423880047,-0.013090922196108374,-0.008217798069729776
2.4577915800000003,-0.0014070391458294608,-0.014517395558101396,1.3934891729535224,0.027145633108766682,-0.04596687207534772,0.23671813967765007,0.001151022124560825,0.0036033357018107454,-0.0036166715070079705,0.0,0.0,1.5,0.10750484087273908,10526.23232531569,10512.045659188074,10555.451282937613,10570.376550545554,0.0,0.0,0.0,0.0,0.0,0.0,nan,0,-0.002904251882797169,-0.016241512685458745,-0.003291107622768852
2.472614586,0.01373676159685427,0.018602998207940133,1.3832851774489114,-0.004422770028183081,0.002946182581071629,0.25659060506605036,0.005822118451768281,-0.001720331118480792,-0.0004523010837496912,0.0,0.0,1.5,0.1189836962134961,10547.081953099603,10518.24000357305,10575.88297994802,10602.927336865429,0.0,0.0,0.0,0.0,0.0,0.0,nan,0,0.01236689167009758,0.0171189369898056,-0.017018740361641083
2.487443068,0.002904248349927022,-0.014048388634164723,1.4059514004617502,0.04133444877501738,-0.014967302282767036,0.22522798424910825,0.005591002140994322,-0.0006360657850199183,0.005292460929396921,0.0,0.0,1.5,0.09513638082668832,10561.597727586244,10537.179590105941,10566.129993498242,10589.15116521513,0.0,0.0,0.0,0.0,0.0,0.0,nan,0,0.0016628636172578038,-0.015282295402181963,0.0022309558520290373
2.502373404,0.017697929603154465,0.006346294715321,1.4075561164566703,0.0031587231195295555,-0.06228937491899915,0.207148820555352,0.004410611696675296,0.00032519123035963866,-0.0017274866166534211,0.0,0.0,1.5,0.09433643926619564,10570.417923436024,10535.896927949407,10558.640353087263,10597.989278553661,0.0,0.0,0.0,0.0,0.0,0.0,nan,0,0.016585910970236352,0.005372263401786956,0.0005251358183675503
2.517290096,0.010375011374302488,0.01839382177685974,1.4108126807272319,-0.05384793546503444,-0.015487186581547048,0.24268907381618307,0.00015903276128955402,-0.002230223013458281,0.004328564375280632,0.0,0.0,1.5,0.09165343124858154,10579.406002088353,10541.490031480405,10588.877374267973,10623.785674264554,0.0,0.0,0.0,0.0,0.0,0.0,nan,0,0.009393048855430929,0.017688950039847433,0.0005736695664930735
2.532060754,0.00550628587500555,0.02179869197012586,1.3962008065967142,0.01767663708894834,-0.014321823364785428,0.1389563521840943,0.002495905735626028,-0.0003721130224385961,0.005225667249610281,0.0,0.0,1.5,0.10620628374497644,10553.181586905526,10548.443092993071,10576.698318369286,10583.035354424841,0.0,0.0,0.0,0.0,0.0,0.0,nan,0,0.00465496648234524,0.021371740863463082,-0.017146898154490886
2.546876433,-0.009481043118940788,-0.006965457446071661,1.4238069287503436,-0.005531889671109609,0.006621250400950258,0.19718099639815798,0.00047433064293352393,-0.0001778921080418417,-0.0008967978297877966,0.0,0.0,1.5,0.07709599135176523,10667.255910005182,10656.3900854781,10660.205465315734,10677.502977503085,0.0,0.0,0.0,0.0,0.0,0.0,nan,0,-0.010201163293826062,-0.007106325477133853,0.007439351380772452
2.5617129750000003,0.024417065687751458,-0.002587507936733174,1.4148019038560757,0.00992617706678437,-0.00013166792805707075,0.1461690435068709,0.00029356988652340897,0.0033595456466269566,0.0025794687831770524,0.0,0.0,1.5,0.08866568603846693,10678.366969259561,10669.73465629432,10663.710477631339,10677.80045539019,0.0,0.0,0.0,0.0,0.0,0.0,nan,0,0.02382870730067576,-0.00243473145062755,-0.00452256606038226
2.576472409,0.011518237750480807,-0.0026335009878240335,1.4125747912679498,-0.0014343731969979894,-0.007011836004306823,0.203031308061408,0.004508895673100453,-0.0016491842525801215,5.162757522076378e-05,0.0,0.0,1.5,0.0882200218214211,10707.556370028475,10688.738952974481,10667.640021855126,10697.131047887322,0.0,0.0,0.0,0.0,0.0,0.0,nan,0,0.011062235100854464,-0.0021802252855329233,-0.009644364636158587
2.59136843,1.6902827610680842e-05,0.01440618435742107,1.4168719006483073,0.004908094922277537,-0.009717607877051303,0.17817612795898202,0.002727732315303651,0.00015205075866587018,-0.006690256958665285,0.0,0.0,1.5,0.08436716977160301,10684.992170416368,10668.964170136192,10653.05676138991,10677.885872450956,0.0,0.0,0.0,0.0,0.0,0.0,nan,0,-0.00030607647285449163,0.015166151175472747,-0.008185998620382495
2.606228797,-0.00584641798025811,0.0167745110362184,1.4334362822067261,-7.739088448369011e-05,-0.01208372316048618,0.20556386242794306,0.001761114315394485,0.0035776637344810155,0.002803928240392632,0.0,0.0,1.5,0.06889334764813436,10679.757509489236,10663.529500615294,10650.888759681446,10661.117385866659,0.0,0.0,0.0,0.0,0.0,0.0,nan,0,-0.00603557838943806,0.017846696729605243,0.005603005801099847
2.6212923540000004,0.0020475092691060017,-0.007376604578124627,1.4330082818654037,-0.015039780870250907,-0.021762516960256308,0.22703467899509697,0.002158526768940743,0.00019421805942391933,0.002563591678547297,0.0,0.0,1.5,0.06742771602193179,10637.678564093654,10629.27533965525,10610.294449687357,10617.815902054219,0.0,0.0,0.0,0.0,0.0,0.0,nan,0,0.0019931373588212174,-0.0059872911222096205,0.002469208524589872
2.635973227,-0.002878849317863657,-0.002767582292951169,1.4502150009999335,-0.0341376600655715,-0.006706838989967993,0.15440019479353445,0.00196020724760387,-0.0038355725443472806,0.00043509108610602023,0.0,0.0,1.5,0.049944903749830606,10560.078001982147,10571.3524388383,10567.543639225241,10559.435695801429,0.0,0.0,0.0,0.0,0.0,0.0,nan,0,-0.0027972704686145687,-0.0010568355522946526,0.017060500703452997
2.650980905,0.006346179975145333,-0.022257295580299583,1.4396171101468358,0.01077624448255662,0.0018793737027826601,0.1629564792893836,-0.001408914601700144,-0.0026071406659561335,-0.004704295365989727,0.0,0.0,1.5,0.06466648740920694,10548.115140013575,10580.588092938222,10580.32861086558,10549.415602393929,0.0,0.0,0.0,0.0,0.0,0.0,nan,0,0.006565065040541432,-0.020221365027128884,0.003954093416505433
2.665652256,-0.001079973632344453,0.012375976506928135,1.4389551192585361,0.00131029014285112,-0.019412731971786872,0.15848728874984597,0.0007032364870317409,-0.00022357565268874932,-0.00018053555964418137,0.0,0.0,1.5,0.06229613633513832,10577.07978275576,10593.170038041915,10593.127721645526,10573.191546216049,0.0,0.0,0.0,0.0,0.0,0.0,nan,0,-0.0007222604616997658,0.014740334733336411,0.000885879382393151
2.680477295,-0.0232067325291653,0.005395322540573852,1.4287307707600856,-0.017706196199804392,-0.038971700431945415,0.18981392456339724,0.0012768802880696096,0.0007597527306152776,0.0017786954035335597,0.0,0.0,1.5,0.07514629050358052,10596.858135796421,10606.159814695407,10605.251528305389,10591.001752126402,0.0,0.0,0.0,0.0,0.0,0.0,nan,0,-0.02270856039353378,0.008090849630070675,-0.011649429222149621
2.695197195,0.0033186315504414696,0.01739475817450445,1.4402350829301553,-0.026188843177081766,-0.002216573059866411,0.1346564338506182,0.0006437193233428379,0.0010715473227805976,0.0010057220537712565,0.0,0.0,1.5,0.062333267519699975,10580.763095276656,10602.697847549034,10610.318198840978,10586.361188261139,0.0,0.0,0.0,0.0,0.0,0.0,nan,0,0.00395895725208541,0.02042369097648539,-0.0023638465270452436
2.7102387930000003,0.015913612577587617,-0.018930434787503614,1.4410355387150569,-0.002739305165140692,0.01977567621512654,0.10214160888029582,0.0003544156919108894,-0.00029971171621850993,-0.0012790804381503083,0.0,0.0,1.5,0.06394069221659272,10602.702301966896,10632.929024869987,10632.617337106325,10602.341051595658,0.0,0.0,0.0,0.0,0.0,0.0,nan,0,0.016697800273294996,-0.015566373460156742,-0.0036906724185967743
2.725064041,0.0167193397618562,-0.005780917925959387,1.4365728714882353,-0.006945714321467414,-0.02042097046690388,0.12295920735286181,0.0016498556461754365,-0.0007111043399234515,-0.001129806971647055,0.0,0.0,1.5,0.0658479761677379,10674.036133070427,10684.793271108292,10676.910555122626,10662.424353935618,0.0,0.0,0.0,0.0,0.0,0.0,nan,0,0.0176490542387995,-0.002080526057400749,-0.010205573033928772
2.740044175,0.010832238506862314,-0.017010884225707394,1.4232292052653752,-0.029240060745125515,0.0020183243312221284,0.14262161073504553,-0.0013772300848308111,-0.00026118983629230905,0.0008206207558757968,0.0,0.0,1.5,0.07937545273821034,10700.057091022794,10700.180178176604,10699.392325050796,10694.458139098128,0.0,0.0,0.0,0.0,0.0,0.0,nan,0,0.011909043184698572,-0.012973478768638833,-0.025544570030045177
2.7546576170000003,0.00846074052484796,-0.006065064413681263,1.4541106136233553,-0.02863850150929076,-0.01888152079446163,0.15241295247486836,-0.0007632325740277158,0.0009892106964662498,0.001132570678172853,0.0,0.0,1.5,0.04705533889577139,10707.484560078525,10714.042837934885,10708.416597566855,10698.65434918527,0.0,0.0,0.0,0.0,0.0,0.0,nan,0,0.009686062081162256,-0.0016904704903191467,0.003391412503254365
2.76976973,0.00601213657295939,-0.0026594651187211962,1.4486494097111204,0.009529415020885107,-0.04578012662760863,0.11952018295346932,0.0044168871029003935,-0.0032899475034704057,-0.00042017645049807344,0.0,0.0,1.5,0.05176969831770302,10672.282313221953,10684.077129549178,10680.162500409697,10667.27946546358,0.0,0.0,0.0,0.0,0.0,0.0,nan,0,0.007387244661289618,0.0020519977629568716,-0.0039649887849197984
2.78440146,-0.004078532415203312,0.006836907313194054,1.4572784264733503,0.011801456226168697,-0.025798637298777988,0.1668065050493232,-0.001071629572995068,-0.002784460561313783,0.0028314784442891507,0.0,0.0,1.5,0.04345699682288239,10670.134385104277,10673.012616719072,10696.654984538956,10691.33320991643,0.0,0.0,0.0,0.0,0.0,0.0,nan,0,-0.0025525532555522867,0.011884442589279688,0.0028271473004450876
2.7992895570000003,-0.009287964563465865,-0.0036132762849659644,1.453126285274863,-0.004656779741112856,-0.042031227528355426,0.13349993639999802,-0.0025668093440380994,-0.00017595534445046093,0.0014716385252067689,0.0,0.0,1.5,0.04792146891923517,10636.445308583814,10634.661307373291,10652.96336444255,10654.975973788738,0.0,0.0,0.0,0.0,0.0,0.0,nan,0,-0.007610231964086307,0.0017690429689916605,-0.003101226827225023
2.814078337,-0.00013797536741742638,0.00492777905983469,1.4526433896191018,0.03063704731726989,-0.01855867798479671,0.10694668277427756,0.0015669803969627358,-0.0005796951230730011,0.0007606205065714562,0.0,0.0,1.5,0.04761250455954567,10631.184004374703,10636.259800319822,10654.962683467189,10653.944094636616,0.0,0.0,0.0,0.0,0.0,0.0,nan,0,0.0016921818025339428,0.010643054856494716,-0.0052885129989932445
2.8290120770000002,-0.023647649261428063,0.0021768983658560876,1.4623848618405932,-0.020044730067693212,-0.023882324703615794,0.12850618791577018,-0.002450230020027223,0.0010282998140670558,0.009452883409451482,0.0,0.0,1.5,0.04448425362797542,10660.737060171426,10652.181543088076,10664.308543900139,10675.121670788069,0.0,0.0,0.0,0.0,0.0,0.0,nan,0,-0.021664603460422677,0.008222706261660497,0.0028195837672813084
2.843794468,0.008198811468753751,-0.006945194976561119,1.4618655404958134,-0.01263992446880623,0.008242015132511809,0.11670566743443087,-0.004478901840331786,-0.0020644488832981226,-0.0010288140422826894,0.0,0.0,1.5,0.0396193544172424,10637.593057250746,10654.026828300792,10650.741997818504,10649.261766308751,0.0,0.0,0.0,0.0,0.0,0.0,nan,0,0.010335004271455072,-0.000571924839563919,0.0007348069460142437
2.858664417,0.006126355719249102,0.007758180863689612,1.4671780310611005,-0.00044270910755894125,-0.033978893720665294,0.11009778388681321,-0.004100226380462586,0.0011940726897117888,-0.003526951443735251,0.0,0.0,1.5,0.03427832040428152,10646.434825188348,10661.979773482704,10644.319933702418,10637.891114552644,0.0,0.0,0.0,0.0,0.0,0.0,nan,0,0.008415747357491817,0.014455181825857526,0.004553431056163015
2.873491817,-0.009648374681115176,-0.015506099323289843,1.449483242321398,-0.037137964132426135,-0.013919570235042146,0.07163057921221345,-0.004315457500621659,0.0004557388770946215,0.006828554770688948,0.0,0.0,1.5,0.05371659945091011,10658.255218144848,10654.746369503455,10644.346822537684,10644.345408201596,0.0,0.0,0.0,0.0,0.0,0.0,nan,0,-0.0072059615239676725,-0.008489763206996926,-0.014564426209487058
2.888541596,0.009637375556767113,-0.011818812447662478,1.4454406860387037,-0.01661578087565195,-0.004842674293500941,0.032084357644189924,-0.0023757445331446113,0.0034686773136198778,0.006826319003204882,0.0,0.0,1.5,0.056650525815940114,10694.376719377009,10707.772332465609,10695.262198587503,10687.294210261827,0.0,0.0,0.0,0.0,0.0,0.0,nan,0,0.012232388355958006,-0.004488182218354628,-0.01996437680952523
2.9032237590000003,0.008374558621376139,0.0038593966886378787,1.430034608175074,-0.002913480139055078,-0.021255245847550498,0.047858131083864004,-0.0028637576065002695,0.0014854142149638167,-1.2241565309015824e-06,0.0,0.0,1.5,0.07057042034817805,10785.644345817343,10795.99003865562,10775.775887748643,10781.364926314447,0.0,0.0,0.0,0.0,0.0,0.0,nan,0,0.011121493725940053,0.01149860606193908,-0.03668972772654211
2.918042986,0.009679493002094993,-0.0037968693725885638,1.4737737720079116,-0.006421652652261851,-0.02033401637198172,0.06222465544531156,-0.0006808224600100479,0.002106807808619544,0.0018296523430728938,0.0,0.0,1.5,0.028212122155256387,10846.928051660158,10848.436607417867,10829.803889601886,10841.639467520004,0.0,0.0,0.0,0.0,0.0,0.0,nan,0,0.012577397205245122,0.004144539045368042,0.005737889030317023
2.9328836270000003,-0.012246254679341893,-0.011597640843837135,1.4836986660887732,-0.02265383649898785,-0.02798662831919972,0.09886050353576763,-0.005563391929654945,0.002336831196337507,-0.0016944793249046239,0.0,0.0,1.5,0.023456545229407825,10812.691196765565,10806.5142467201,10796.642604069879,10811.157367649314,0.0,0.0,0.0,0.0,0.0,0.0,nan,0,-0.00919860604101449,-0.003360994251862079,0.014350169333782414
2.9477835640000003,-0.005915410497386113,0.007500617904626531,1.4776615070087147,0.015794496081962633,0.007974068095652565,0.08978270897698795,-0.006019681834561133,0.0037190708287273997,-0.0013201318644073376,0.0,0.0,1.5,0.024295259196507726,10751.316074091576,10750.22853112624,10747.3528605977,10751.261444988791,0.0,0.0,0.0,0.0,0.0,0.0,nan,0,-0.0027194833031983006,0.016025057795396674,0.007013476611990477
2.962589999,0.01811811230142144,-0.0005969332761973489,1.4601968613189669,-0.0003318078835553642,0.008180846290663506,0.1037201733790577,-0.0025622807330873167,-0.00011983880771784108,0.000254628197701073,0.0,0.0,1.5,0.04373685141347862,10741.062028856846,10723.029479022724,10697.07006910682,10714.074498560314,0.0,0.0,0.0,0.0,0.0,0.0,nan,0,0.021460641763755492,0.00820741556392129,-0.011716878486870197
2.9774670270000003,-0.0016467341567708924,-0.013029556708313673,1.4554860397357092,-0.004129702252153998,-0.03497830360623287,0.04292951565493022,-0.0009136197217176821,-0.0010682117429507787,0.004809340970216012,0.0,0.0,1.5,0.04641092263475373,10737.110411888136,10714.420964742558,10681.762565379846,10701.883698435206,0.0,0.0,0.0,0.0,0.0,0.0,nan,0,0.0018405337092689928,-0.003953616836447562,-0.017648999305060364
2.9924154570000003,-0.01101300085081747,-0.009625270308050903,1.5129976837688877,-0.01564455945228182,-0.012822380985270884,0.07578277586390929,-0.00454113403952452,-0.0005689238910600319,-0.0014333234096705325,0.0,0.0,1.5,0.019567110149410368,10764.397557753104,10751.237124190242,10735.54247429415,10750.733934746559,0.0,0.0,0.0,0.0,0.0,0.0,nan,0,-0.0073830111864631705,-0.00028648143376366376,0.038678626946757166
3.007441404,-0.02218477203927552,-0.009525570540864375,1.4857000775057871,-0.0006335656405896109,-0.03151419054602566,0.017157195247178198,-0.001842786432066684,0.002772889730401223,0.00039178436061671016,0.0,0.0,1.5,0.028060441691179754,10725.889467944853,10728.299380350178,10727.797645063154,10724.896089379557,0.0,0.0,0.0,0.0,0.0,0.0,nan,0,-0.018414190350196185,6.693765437311254e-05,0.010221634349428577
3.02211218,-0.00025121143820110766,-0.017770751600274887,1.4798098612130561,-0.044593811174619885,-0.019986858418155614,0.10128382353202468,-0.00475819100631421,0.00225204887356302,-0.004195933767621877,0.0,0.0,1.5,0.02689803754665776,10755.398544311778,10762.455382497694,10776.521945507735,10768.105753720532,0.0,0.0,0.0,0.0,0.0,0.0,nan,0,0.003657755878389792,-0.007933950098565921,0.003203666451901732
3.0370458300000003,-0.018645007831615646,-0.012864011300991011,1.5049226566532452,-0.005112374202615021,-0.0018687167499329088,0.0863095653625905,-0.005529608021124139,-0.0021434401207261096,-0.003170182896492086,0.0,0.0,1.5,0.02318084666958419,10718.710286084586,10735.14069215369,10755.283730739146,10731.126787776135,0.0,0.0,0.0,0.0,0.0,0.0,nan,0,-0.014599960090759626,-0.002792709332311403,0.027213754458936812
3.0516354380000004,-0.003283710361375651,-0.009559952324126654,1.482820746439135,0.003824287850204299,-0.035316025488204124,0.12239286847774569,-0.004369145459032219,-0.0017268586376190315,0.008036790884567711,0.0,0.0,1.5,0.019932440770900943,10666.647208327253,10685.564868961166,10692.640474855145,10663.528048142889,0.0,0.0,0.0,0.0,0.0,0.0,nan,0,0.0008950103169924261,0.0007357704986287825,0.004053388254431578
3.066629261,-0.017278427654390468,0.003011048772593731,1.4662507139559622,-0.02466222435074616,-0.05482847162696772,0.14009603112200214,-0.003370780481550421,-0.0019435120943561732,4.62310700671404e-06,0.0,0.0,1.5,0.03803452096978782,10639.037354739961,10657.256355423142,10661.438780408163,10638.988537601255,0.0,0.0,0.0,0.0,0.0,0.0,nan,0,-0.012968593732159868,0.013520811219015091,-0.013510672075807362
3.08138412,-0.014676898796596687,-0.008377867708159068,1.4963427232630004,0.008235207822273546,-0.003326815050152376,0.07847011570668522,-0.005722202950347468,0.002211059362217189,0.0022684791275880143,0.0,0.0,1.5,0.017290913762781707,10590.750469763101,10619.870271942962,10640.024891908744,10611.039934413997,0.0,0.0,0.0,0.0,0.0,0.0,nan,0,-0.01023872506063244,0.002335218753644258,0.015665301198948267
3.096345533,0.006160336373799981,-0.017442562603024684,1.4806805417073914,-0.004228040966874686,-0.0058117634399520125,0.05410404246203007,-0.006517756484159068,0.00078743776352977,0.0038864238892531893,0.0,0.0,1.5,0.026747601819950926,10604.083246622196,10622.43819855463,10630.287619495764,10614.1417631327,0.0,0.0,0.0,0.0,0.0,0.0,nan,0,0.010723797607958665,-0.006537262025131267,-0.0008288238899885059
3.1111494270000004,-0.015552212856631073,-0.007925314352142573,1.455344020077016,-0.024494868731085098,-0.052438588675506555,0.0295009925957639,-0.005540323514469172,0.0017570986254306336,-0.0011244311094304857,0.0,0.0,1.5,0.04794620397070227,10668.677982863723,10676.066850011723,10666.574762167951,10668.183761665732,0.0,0.0,0.0,0.0,0.0,0.0,nan,0,-0.010866882036618078,0.0031605724745575603,-0.026922826115327148
3.126089029,0.004565562215493254,-0.01182697916752245,1.4961298368765854,-0.01581016998005323,-0.006938606368463047,0.06651595726097316,-0.006682710897087622,0.001320907109746451,0.0019586334083374637,0.0,0.0,1.5,0.01325518604827514,10735.424796613122,10746.186802303995,10746.093814694976,10742.329593772996,0.0,0.0,0.0,0.0,0.0,0.0,nan,0,0.009368924192060354,-0.0005727307380920289,0.013158948493176448
3.140737042,-0.008972431955748518,0.001840601367222838,1.4782169196474904,-0.01895334157537915,-0.01973584245504089,0.03960614473096159,-0.00485401918857729,0.0034815151246160385,0.0006582924428760735,0.0,0.0,1.5,0.023630381677777687,10714.100354688448,10719.392912949856,10707.56610340831,10710.740505795122,0.0,0.0,0.0,0.0,0.0,0.0,nan,0,-0.004055302371624195,0.01325042539590355,-0.0054195871476039326
3.155660091,-0.017232134516050934,-0.015079289384144733,1.484592598243366,0.0038117400692000577,0.0070560420902216195,0.052234528102852194,-0.006144293275178314,0.0038969724579717927,-0.005870598944967154,0.0,0.0,1.5,0.027599265519219523,10736.4509960212,10737.80679711986,10724.187077268574,10725.657369260458,0.0,0.0,0.0,0.0,0.0,0.0,nan,0,-0.012205899136835976,-0.0035271152492151424,0.00033395090248111714
3.170550222,-0.016924861320723343,-0.0093659953896736,1.4844227061644861,-0.0060295063764749714,-0.005697709317742106,-0.014031981768566773,-0.003980756574600491,6.150684485158296e-05,-0.002871740467064415,0.0,0.0,1.5,0.02483595948625788,10751.410016112239,10741.335038429,10721.932085786113,10726.680591061859,0.0,0.0,0.0,0.0,0.0,0.0,nan,0,-0.01179460563317198,0.0023148180310152908,-0.00042129030454862715
3.1855353660000003,-0.015520714757671089,0.01278543993423511,1.5191840316032121,-0.0018949979114119173,-0.037134294820491714,0.037502966421315585,-0.006452028759345768,0.0027662144381271755,-0.0011078688341753162,0.0,0.0,1.5,0.027791853652715665,10800.639567404596,10790.179524482523,10773.970166185774,10773.943271048294,0.0,0.0,0.0,0.0,0.0,0.0,nan,0,-0.010291940404831475,0.024580739539102687,0.03378513508195535
3.200253768,-0.0064347174970419,0.0016386050944999474,1.4732154073674892,-0.03235142994865083,0.01197279010185053,0.05521603939985177,-0.005479663409278687,0.006001621925090759,-0.006829973546345074,0.0,0.0,1.5,0.02759538038172346,10749.11759409215,10737.352153788372,10730.000955651483,10730.356312996719,0.0,0.0,0.0,0.0,0.0,0.0,nan,0,-0.001113324935001784,0.013533851758673388,-0.0127144011348308
3.215115791,-0.005190013937500732,-0.008764440044288445,1.5000565041114802,0.007560084977953485,-0.028958186969457313,0.0024739788148343098,-0.008280205457005925,-0.0009167995358368299,0.0010787003776667155,0.0,0.0,1.5,0.01018601230492055,10755.458342762313,10745.584642701408,10730.70787252267,10722.598649450545,0.0,0.0,0.0,0.0,0.0,0.0,nan,0,0.00021776314919205557,0.0032159987803425678,0.01363162145803054
3.2298742920000003,-0.01727813667458672,-0.008891436551141175,1.4986211208926588,-0.05282119248949597,0.02691794086697331,-0.006715200039046272,-0.0029260066353870504,0.005175280755125632,0.002791816418654141,0.0,0.0,1.5,0.019480579007856262,10773.419688322743,10760.921285501287,10752.844659014501,10752.955332545987,0.0,0.0,0.0,0.0,0.0,0.0,nan,0,-0.01179058005036183,0.003159142560672356,0.011730429397461828
3.2447475320000003,-0.016529316864406847,-0.011174210379628468,1.5077423915247883,-0.025538063963382804,-0.010940366100591873,0.03194517989328769,-0.008654308451604887,0.0034019326707838667,0.010738896688120286,0.0,0.0,1.5,0.021401540134655606,10800.081219242305,10806.494111311073,10789.837970132192,10780.639003976035,0.0,0.0,0.0,0.0,0.0,0.0,nan,0,-0.010968958956910918,0.0009311741271148567,0.020404332794656366
3.2595389110000004,0.0009192487521643197,-0.01936747755330417,1.4450213930754587,-0.01615762812560178,0.030441222611399137,0.056031022318330244,-0.008358496190819152,0.004995544746184638,0.0017463297061577968,0.0,0.0,1.5,0.058297439261165776,10761.15315617031,10781.29976962064,10758.338282100862,10751.961421568842,0.0,0.0,0.0,0.0,0.0,0.0,nan,0,0.006545093626149308,-0.007222809031103929,-0.0427473646541805
3.2745179550000003,-0.00530611940158938,-0.02143957138323464,1.5082584010280815,-0.0011952908357477793,0.033940293854252165,0.06347376839353959,-0.0053074500328090125,0.004228697844572818,-0.0024992655540344963,0.0,0.0,1.5,0.023579892106228025,10793.669313165401,10806.153288776784,10772.012437006219,10773.73602403017,0.0,0.0,0.0,0.0,0.0,0.0,nan,0,0.0003775666960326796,-0.009271229414107556,0.020081492458880135
3.2893025000000002,0.020470083197644304,-0.01441392565216367,1.4853358512481238,0.005535602590229142,0.0038466214350628973,0.03454335822468112,-0.010772741646707516,0.004455450544734252,-0.0003717350863950905,0.0,0.0,1.5,0.02901418303936426,10746.449130615118,10742.638496145511,10704.819477632578,10712.599474019487,0.0,0.0,0.0,0.0,0.0,0.0,nan,0,0.026203595295197616,-0.0022375831676025443,-0.003224461518309907
3.304423232,-0.017615683184350125,-0.011817953528286882,1.4751940718202623,-0.03705233764758586,0.024888708088617453,0.03509630639989827,-0.0076776482621717145,0.00696005727340522,0.00015697886798315242,0.0,0.0,1.5,0.03263909300986241,10762.12366418281,10736.795290442344,10703.41030827071,10727.834564768427,0.0,0.0,0.0,0.0,0.0,0.0,nan,0,-0.011840683974301517,0.00035082481854451474,-0.013709869043749379
3.3188063600000004,-0.009138222324578815,-0.01166423034106198,1.492380179629964,0.015282692850851017,0.01565918532275117,0.01680873158353324,-0.0051218883971057335,0.005456262135100208,0.0001446311271960884,0.0,0.0,1.5,0.016662023861896136,10779.858301224722,10768.850544505092,10732.51391178655,10743.314831596173,0.0,0.0,0.0,0.0,0.0,0.0,nan,0,-0.003330458016739349,0.00048145215401465546,0.003163873713472931
3.3338505850000004,-0.0029266965376762884,-0.03406265780987651,1.4980303463966953,0.004749342761498185,0.011362414053805158,-0.005651182670657623,-0.00676980006698975,0.0028165904688363685,-0.00354325922491716,0.0,0.0,1.5,0.034244849904962335,10804.625232482844,10791.493318269338,10759.633164505538,10771.940431984147,0.0,0.0,0.0,0.0,0.0,0.0,nan,0,0.0029047551355430978,-0.02195549126157375,0.00852203689595088
3.3486095000000002,-0.013640975126042346,-0.007541401160856576,1.4884882230430911,-0.012394784440655166,-0.00747301794968424,-0.01821780711262312,-0.004119109320485681,0.002294736554725757,-0.003918660614131016,0.0,0.0,1.5,0.019377046796761697,10823.01440494826,10802.008809391526,10790.549425799425,10806.054506034863,0.0,0.0,0.0,0.0,0.0,0.0,nan,0,-0.0077952384382839746,0.004512058203098463,-0.001299625254623793
3.363548042,0.0026795621171756137,-0.018246652666202144,1.4894391512437843,-0.040414740845236594,0.002171007028272195,0.08107865308584081,-0.005686161792251273,0.005887050491857396,-0.00550285992818486,0.0,0.0,1.5,0.021252103733806833,10846.3686082089,10830.947764242273,10832.942286339754,10838.850617932121,0.0,0.0,0.0,0.0,0.0,0.0,nan,0,0.0085298848382878,-0.006261805617413376,-0.0006253812257470681
3.378351004,-0.003632998607709961,7.3100551066483666e-06,1.4801190458838265,0.05072460101683412,-0.005959353910107264,0.03388509537814815,-0.0032875750369883326,0.006129326353895277,0.0022399704754010566,0.0,0.0,1.5,0.020210172411187517,10765.537174933306,10759.376614098548,10771.644255329213,10762.600512551055,0.0,0.0,0.0,0.0,0.0,0.0,nan,0,0.002212013065241283,0.011909039894296279,-0.010216218267800725
3.393248573,-0.01631292957000524,-0.006863983768143294,1.5013526382982458,-0.034509569741972675,0.015127280319892666,0.03585354772431586,-0.005837042292438874,0.006457619289862478,-0.0010257833000987386,0.0,0.0,1.5,0.017749804919805944,10773.300099784827,10745.933490944899,10757.060171143721,10776.38486135948,0.0,0.0,0.0,0.0,0.0,0.0,nan,0,-0.010483231238734085,0.004940629673333578,0.010771961623492698
3.4079956470000003,-0.005316905804118604,-0.021765734146096685,1.486368045901339,0.005211779648686985,0.0006087581360646295,0.0437736140887395,-0.004671586080028052,0.0019416137260559378,0.0005109572919930189,0.0,0.0,1.5,0.026226834402886434,10753.092951906463,10746.783110144961,10749.989965330036,10745.691332937326,0.0,0.0,0.0,0.0,0.0,0.0,nan,0,0.0004873037633157124,-0.010071867072969433,-0.004431707952395891
3.4230746450000002,-0.012902184625180672,-0.006506199153175247,1.4934773223216253,0.01387722368106261,0.028567374683225098,-0.011443478543179793,-0.005733236614930184,0.005775117638459609,-0.00023062151086395173,0.0,0.0,1.5,0.015853779348123712,10748.955823375514,10744.506602197587,10752.664002521624,10749.161318063061,0.0,0.0,0.0,0.0,0.0,0.0,nan,0,-0.007133771997700161,0.005063666994696626,0.002488373656907683
3.437736585,-0.006396962453833713,-0.017136806174933336,1.4885357267137072,0.032214709930073304,-0.0024058882742459737,0.028163361620843708,-0.008421343245815264,0.005510381139511153,-0.003167560828748246,0.0,0.0,1.5,0.021587515292311885,10811.971226204152,10793.56159207492,10785.453040507764,10796.239210546404,0.0,0.0,0.0,0.0,0.0,0.0,nan,0,-0.0006748400576527622,-0.005703889631435196,-0.002620698831357071
3.452587669,0.01965818159672579,-0.029700099982199128,1.48553001096864,0.02564941250279128,0.027444436582032786,0.034082809616403725,-0.006429131948776949,0.005223081261107244,-0.0018846267246600394,0.0,0.0,1.5,0.038443733237163005,10825.102541244265,10790.106596870837,10784.79586246609,10810.74732147546,0.0,0.0,0.0,0.0,0.0,0.0,nan,0,0.025323324369820432,-0.01841679697878368,-0.005785892276960913
3.46743294,-0.0016191053328804932,-0.004917258104478266,1.4975819778573545,-0.010233052305295327,0.0017544349162670568,0.05564186084059189,-0.004027335926572318,0.006828350977814685,-0.0004861853467612614,0.0,0.0,1.5,0.005713821875710102,10826.76073004793,10772.822645635359,10766.91665904312,10814.96463241574,0.0,0.0,0.0,0.0,0.0,0.0,nan,0,0.003978295073374504,0.006204167175351994,0.006115232229090051
3.482225736,-0.01787965326338436,-0.02338840416499395,1.5095259626340214,-0.014239139511772102,0.019424051254656644,-0.004409630572732049,-0.004390732901190921,0.005149061793276841,-0.000405190051266624,0.0,0.0,1.5,0.030942582541034436,10806.487859309125,10755.366917240484,10751.885194002867,10797.00622970815,0.0,0.0,0.0,0.0,0.0,0.0,nan,0,-0.012360708149781723,-0.012440671316843267,0.017922041861461624
3.4971187940000004,-1.2172352496716242e-05,-0.013134345063289025,1.4880616528807593,0.007004111496746564,0.05465394746065978,0.03024771416167078,-0.0028315502648254562,0.0031480140041987674,-0.003799742069399256,0.0,0.0,1.5,0.017749233796059832,10787.046488054593,10772.239583510569,10771.843866420892,10782.6024635323,0.0,0.0,0.0,0.0,0.0,0.0,nan,0,0.005417788746687703,-0.002371643840615315,-0.0036591909389367405
3.511978139,0.0037988263146826497,-0.007180679868055269,1.4637131696012131,-0.0007945812972179521,0.01844283215358742,0.03841408845612991,0.0015147934637973898,0.004602623609328257,-0.004670302989482568,0.0,0.0,1.5,0.03718504141623273,10796.390240310187,10785.400722928698,10772.874214850166,10776.458040083582,0.0,0.0,0.0,0.0,0.0,0.0,nan,0,0.009129490614003791,0.003386081556411456,-0.028108039010880548
3.526812987,0.010474056355702529,0.00178183724843416,1.51663981004876,0.039485701331835585,-0.00736718520460457,0.011364546762422338,-0.0036424668442050167,0.0031475567498888304,4.018904626623658e-05,0.0,0.0,1.5,0.01974244359194554,10817.109957103234,10804.032724124401,10803.012803472877,10805.48544307381,0.0,0.0,0.0,0.0,0.0,0.0,nan,0,0.015695351498164044,0.012142192819707187,0.024729837571728197
3.541759154,-0.011484544227309226,-0.006390221015742542,1.4821563329416487,-0.0058931544861213145,0.02828108956953991,-0.03703071349978598,-0.0024651349044829225,0.006827714039185126,0.0005314692259326317,0.0,0.0,1.5,0.022161365815949834,10804.68667367119,10777.36270916816,10782.114788423009,10802.437188768074,0.0,0.0,0.0,0.0,0.0,0.0,nan,0,-0.006382431053537775,0.0037537311995586966,-0.009836072534161078
3.556579532,-0.003574272883100085,-0.013711798921890358,1.4734818858583567,0.004128119619568879,0.02406497175938748,0.004914098000015108,-0.002090938745961876,0.0050785808588804425,0.0032376259524633656,0.0,0.0,1.5,0.030066580017461913,10871.360914337332,10857.218486851956,10856.796947040575,10863.076454609807,0.0,0.0,0.0,0.0,0.0,0.0,nan,0,0.0013991345189021875,-0.0037937697093824597,-0.018592954454483168
3.5714312710000002,-0.0038969931645530813,-0.006592986857374302,1.4513229925127191,-0.010213665315929068,0.013455869246627856,0.04871266118236948,-0.003994655335331077,0.00424306180586627,0.005075782113718719,0.0,0.0,1.5,0.04927580632869321,10888.180630742127,10881.977823598483,10880.51322648319,10884.136015687869,0.0,0.0,0.0,0.0,0.0,0.0,nan,0,0.0009384562164735199,0.003090022350133762,-0.04085519301977292
3.586228788,-0.016217834071862117,-0.011204616172222369,1.4928147368340585,-0.00411592521483854,0.01920531478238716,0.030853546738222264,-0.004550480078286743,0.0014537148887319596,-0.012146458679141344,0.0,0.0,1.5,0.020980695229498813,10871.493210801968,10879.91109307595,10873.961272389808,10873.523047698709,0.0,0.0,0.0,0.0,0.0,0.0,nan,0,-0.01152922287592065,-0.0017652125974238868,0.0005091677634461167
3.601227054,-0.020195815853220198,-0.016501703339533574,1.4840824024019512,0.0036867890792206507,0.027237217479167374,0.015576144689737333,-0.006336721900956762,0.002818420286994924,-0.00039642016853412673,0.0,0.0,1.5,0.030554003082682343,10852.048729523769,10862.46946701468,10860.785847282712,10850.82914590225,0.0,0.0,0.0,0.0,0.0,0.0,nan,0,-0.01566251464582614,-0.00731394012704766,-0.008369195095388138
3.615929221,0.014679895087317868,-0.025056223270979852,1.5128815049513447,0.009186659767122246,0.005145720601069536,0.034772347779402496,-0.0034580722295656625,0.003519822423103138,0.005985824831129072,0.0,0.0,1.5,0.03176864514252014,10836.944630453301,10849.94710759515,10844.64544833116,10827.766892490812,0.0,0.0,0.0,0.0,0.0,0.0,nan,0,0.019049816982886672,-0.016127567566303465,0.020274868958184866
3.6309292810000002,-0.006361693884023363,-0.002881072274811558,1.501593715002862,0.02359776168988322,0.05238686241928479,0.0634140388774221,-0.0009283097858591811,0.005560268241191373,-0.006031618262396365,0.0,0.0,1.5,0.007163215342083154,10792.255258535992,10797.719433855871,10798.803697715437,10799.763467731465,0.0,0.0,0.0,0.0,0.0,0.0,nan,0,-0.00216287247459856,0.005781567044226545,0.008828535873539378
3.645692383,0.0014757086010684433,-0.013598345275301581,1.4903347440591743,-0.008794601761489069,0.0019388399072300746,-0.009578534822664275,-0.0018989944842907813,0.006699146714709431,-0.003482847077482437,0.0,0.0,1.5,0.016748429254806265,10756.537732743278,10742.352233287214,10728.481695465569,10740.513933567672,0.0,0.0,0.0,0.0,0.0,0.0,nan,0,0.005496079280581504,-0.005208017660622958,-0.002571074422313968
3.6605122750000003,-0.001563581672038457,0.003175541247795073,1.4931371080112124,0.02860291231294637,0.027747594723807556,0.047063552839805976,-0.003116462742174484,0.003237027790336192,-0.002000346584217832,0.0,0.0,1.5,0.007721925686727897,10781.62324435528,10765.998847901206,10762.942553304216,10772.175905243577,0.0,0.0,0.0,0.0,0.0,0.0,nan,0,0.002271333767768409,0.011287857094407787,0.00012171745273437118
3.675338366,0.0004935318196404195,-0.023313630478259323,1.507399800890467,0.041994521100945995,0.025912062087698546,-0.02345474940169859,-0.001420281757407574,0.002999308063288164,-0.003517290358704782,0.0,0.0,1.5,0.024464790883070627,10773.436255727853,10750.09532866601,10735.424127036538,10753.927081221558,0.0,0.0,0.0,0.0,0.0,0.0,nan,0,0.004136300208616838,-0.015484456005179949,0.014299033167677333
3.6902331680000002,-0.0033750364761697196,-0.013176429752182316,1.519915409448204,0.014211189752739231,0.01627015464897771,0.0318713201084173,-0.002515063707179118,0.0013564133897629811,0.0006852856950338252,0.0,0.0,1.5,0.02411706254333809,10799.191521193829,10766.652207384728,10761.470673542173,10788.614990747717,0.0,0.0,0.0,0.0,0.0,0.0,nan,0,6.927643700740168e-05,-0.005634901781127584,0.026754904452512607
3.7053637370000003,0.002265124818097037,-0.006586385547534508,1.5094694028501554,0.022259867068170163,0.03165678941768085,-0.015103919553227188,-0.0028464510220882243,0.0036871272042863323,0.0018289357984905986,0.0,0.0,1.5,0.011755035319422137,10746.581086398031,10727.507347070788,10730.726788680986,10747.271434732414,0.0,0.0,0.0,0.0,0.0,0.0,nan,0,0.005505109161018247,0.0006636442506475215,0.016273523458753658
3.719888445,-0.002530079891580247,-0.01494825288430444,1.509516073926938,0.026490605312786922,0.02475560283512427,0.004742255021970099,-0.0018311939574464683,0.00031117572742671583,-0.011081537432026611,0.0,0.0,1.5,0.017899922668376075,10764.295738261611,10747.560851141621,10746.412826153417,10766.91107789658,0.0,0.0,0.0,0.0,0.0,0.0,nan,0,0.0005002274547834936,-0.007992889780695941,0.01631796496865201
3.734696495,0.005413661436750452,-0.01628440154563472,1.4890473879471868,0.004703978335717613,0.038861577686430435,-0.0011679923583025637,-2.8045243302484696e-05,0.0008336951828841552,-0.008348430856853693,0.0,0.0,1.5,0.020358024821447135,10773.513747537861,10751.214614498582,10763.160077943558,10770.680564767012,0.0,0.0,0.0,0.0,0.0,0.0,nan,0,0.008229472194167631,-0.009626223053660076,-0.004127495304609319
3.7495758340000003,0.0005616101092180692,-0.005108180251843353,1.5069574976902045,0.04349077196683106,-0.030098583410777455,0.036204177875816694,-0.0008098241088041658,-0.0007009436133145159,-0.001957311037336115,0.0,0.0,1.5,0.008649606089834328,10801.383073153258,10782.170075166408,10796.283598027188,10792.355713092647,0.0,0.0,0.0,0.0,0.0,0.0,nan,0,0.003158684657395635,0.0012509441916577803,0.013825755732937317
3.7644070430000003,-0.015700214151054246,0.003751634721762957,1.4752257453290913,0.05885860981409187,-0.022317306254320976,0.018175676355299306,-0.0038151102275377742,0.008181456437369979,0.005843845689106433,0.0,0.0,1.5,0.029569159304477035,10753.871226445188,10732.018252029095,10771.019112622702,10780.196215568798,0.0,0.0,0.0,0.0,0.0,0.0,nan,0,-0.013325494966179002,0.009810474100176996,-0.017845528789141474
3.779298959,-0.005587215314406971,-0.011427888058930032,1.489339117794875,0.02391547775617601,0.02794849553930329,0.03120515166199416,0.0015604999444963918,0.00012715938372609894,-0.002371295792761042,0.0,0.0,1.5,0.01659722898102366,10776.666341585844,10747.771653990661,10786.026378532779,10815.370651737441,0.0,0.0,0.0,0.0,0.0,0.0,nan,0,-0.00343780391458948,-0.00566996389258897,-0.0036478186444435234
3.794089345,-0.011960727778326038,0.0019043134167897663,1.5017720132032688,0.043543813403718316,0.01043075815531192,-0.04329028331620041,-0.0012176300780926295,0.00035962453597563037,-0.0042358022590221305,0.0,0.0,1.5,0.012240320639964651,10776.124085868083,10760.358801014056,10785.043243574379,10799.63224529451,0.0,0.0,0.0,0.0,0.0,0.0,nan,0,-0.010038880481121684,0.007361195304417527,0.008886174557543924
3.8089884520000004,0.0025585589345127465,-0.019335097190268154,1.5177602326617825,0.024688094793154237,0.02908062823554958,-0.014945878157539927,0.0007681640867750702,-0.0011727483815015506,-0.0015776669670843472,0.0,0.0,1.5,0.026378363697908493,10798.757321305613,10787.093265416639,10805.549332209826,10815.788876791601,0.0,0.0,0.0,0.0,0.0,0.0,nan,0,0.004251345794343198,-0.014178965717357318,0.024988174881410252
3.823757564,0.0022939368298068056,-0.0048575476994310845,1.4708924729745911,0.01316621455395695,0.03442126355017654,-0.015988078643480248,0.0009578460461310024,-0.0007616667889421576,-0.0024563385785972384,0.0,0.0,1.5,0.029599088590128917,10809.026037489448,10803.672695723093,10815.7508872252,10819.14213035489,0.0,0.0,0.0,0.0,0.0,0.0,nan,0,0.003756960688749381,-1.5119633218528897e-06,-0.02176346314468902
3.8386538150000002,-0.0045013174184450324,-0.006738897738130805,1.4722503810697434,0.002810910254782266,0.018226786931635625,0.0004986614403001659,-0.0004780302717151284,0.002280158268653772,-0.0028606855790004044,0.0,0.0,1.5,0.028908752169559966,10849.42524036458,10851.817594917307,10854.451510108835,10849.53252231552,0.0,0.0,0.0,0.0,0.0,0.0,nan,0,-0.003267936978152069,-0.0021819780100279474,-0.02028937163349931
3.8535222040000003,-0.012952327864224065,-0.003550732330076712,1.490202759858881,0.020887661873706928,0.05252452004984562,-0.03283266894109906,-0.00037110353298632024,0.00025863425779529785,0.004748770262298444,0.0,0.0,1.5,0.016623970992664824,10868.489034042035,10881.05759363071,10881.981695756518,10867.672113746483,0.0,0.0,0.0,0.0,0.0,0.0,nan,0,-0.01194764050699801,0.0007083601040489686,-0.0022363561569413992
3.8683557740000003,0.0025066845866787515,-0.002879455902181033,1.490445632326357,0.021922091487559088,0.002110049095667278,-0.005656977777778078,0.004792445559859296,-0.002826688508162526,0.004033287172682204,0.0,0.0,1.5,0.010288861722894858,10893.147504902352,10913.009780746872,10895.640537550596,10880.565585472654,0.0,0.0,0.0,0.0,0.0,0.0,nan,0,0.0032844453925176993,0.0010834018450658288,-0.0019176716116091619
3.883215605,0.008130074959394907,-0.009353288640192105,1.4836368160415097,0.025519772306449577,0.06062504017889434,0.00853649888740581,0.000940699222864192,-0.002761810332329889,0.0036498262861468316,0.0,0.0,1.5,0.020526468680499396,10870.142634949067,10893.833226841532,10890.418378824777,10881.717048504715,0.0,0.0,0.0,0.0,0.0,0.0,nan,0,0.00868345024838519,-0.005684761077415933,-0.008679120593968026
3.8981087710000004,0.002043036635406769,0.010701444480734443,1.50829239733019,0.021855090628534198,-0.020059771680425005,0.0420871927944338,0.0015100244888143072,-0.0031353476223963503,0.0004033684491380629,0.0,0.0,1.5,0.013691558207508702,10867.542504126865,10886.871974536185,10870.92881558643,10868.433912600645,0.0,0.0,0.0,0.0,0.0,0.0,nan,0,0.0023752868328039372,0.014077866113170832,0.01599927463330153
3.9130214150000002,-0.007729351640664074,-0.009800308487006415,1.4812707499504498,0.035488184652888013,0.019377530593304323,-0.016628464156465645,0.0014369474608139994,-0.0011328695754175729,0.00823351843468651,0.0,0.0,1.5,0.022507192864595564,10788.267355519294,10803.135867902567,10806.772672101266,10803.823509170046,0.0,0.0,0.0,0.0,0.0,0.0,nan,0,-0.007614310340102657,-0.006713465594901958,-0.011009291968237411
3.9278753450000004,-0.012659729017991646,-0.006222820111167807,1.4926399776325507,0.05826594822364473,0.04983015949658889,-0.05956772979872165,0.004038176953273362,-0.0019148416140925934,5.5686262234221176e-05,0.0,0.0,1.5,0.015911070303228744,10810.0868102571,10824.360223107116,10826.695434989879,10830.809667614158,0.0,0.0,0.0,0.0,0.0,0.0,nan,0,-0.012757368125976772,-0.003422738122642468,0.00038129466013225866
3.9425889370000005,-0.02136363680086384,-0.01447807286326152,1.4804603489251722,0.007035934168049736,0.040989687582982735,0.003373338955080738,-0.0005735525433380226,-0.0036423238151731996,-0.00428077118639647,0.0,0.0,1.5,0.0323700098133929,10891.340630580324,10891.69182755884,10880.61947590316,10893.232692034173,0.0,0.0,0.0,0.0,0.0,0.0,nan,0,-0.021668763140548664,-0.011961626178856974,-0.011787919341533781
3.9574383550000003,0.009996673600756083,0.003533822885510211,1.4743113020864371,0.042220599173365625,0.025478543517313355,-0.009338853514368473,0.0009842536331769501,-0.004252664266681652,-0.005426363956504742,0.0,0.0,1.5,0.02779083639908124,10898.020728424615,10910.159321991167,10894.260412338512,10885.207826852375,0.0,0.0,0.0,0.0,0.0,0.0,nan,0,0.009489924802542665,0.005770059040144497,-0.017957236086668438
3.972599363,0.01169501660645952,-0.01325933938102859,1.504278647164818,0.029131109028777344,-0.019031958509488352,0.027148644387334903,0.001454737755553046,0.0003022772705530465,-0.000423612997648847,0.0,0.0,1.5,0.018190390754672214,10918.939764244062,10914.902169961264,10902.7365338647,10900.546026710614,0.0,0.0,0.0,0.0,0.0,0.0,nan,0,0.010993147980453673,-0.01129959122801756,0.011956504161396264
3.9876112170000004,0.007815226886045858,0.0005658966740005424,1.4920605408842618,0.023374501902216828,8.538990722008693e-05,-0.0024121368364481838,-4.244216213497294e-05,-0.0042950601507985905,0.005753666159990367,0.0,0.0,1.5,0.01115495501454389,10866.186965609988,10852.829873862062,10863.217672229739,10870.053922348527,0.0,0.0,0.0,0.0,0.0,0.0,nan,0,0.006925357423335712,0.0022532086239966716,-0.0003473648920568895
4.002237024,-0.0124513985012546,0.0013897352207474678,1.4963462873637408,-0.007754982969961506,0.03952964313407528,0.03241018435106557,0.003314496306597601,-0.005622836283299069,-0.000380603639018541,0.0,0.0,1.5,0.013050605528066188,10855.596697586023,10854.491892942326,10858.82398569917,10867.450512244366,0.0,0.0,0.0,0.0,0.0,0.0,nan,0,-0.013521570512307604,0.002808990436553178,0.003835051300449255
4.017360773,0.0036395867235181137,-0.0054961870337046186,1.5123079787049576,0.020228319681628016,0.042246599516041226,0.016047330284430873,0.0029872707391738348,-0.0025458456843004593,0.0016713828008597525,0.0,0.0,1.5,0.013962127460711765,10817.45055298729,10839.743807207207,10835.411710981778,10819.497690348351,0.0,0.0,0.0,0.0,0.0,0.0,nan,0,0.002397433394130641,-0.004340280843358078,0.019680919728127133
4.031781825,0.001351386763956937,-0.0034488389145414435,1.472108314554853,0.03814155206213632,0.009955049635726743,-0.007291964503080848,0.002762420133362355,-0.004287225498182866,0.002044651627373033,0.0,0.0,1.5,0.028136575005058395,10789.025281043345,10808.413223644788,10793.01544447498,10782.757161857155,0.0,0.0,0.0,0.0,0.0,0.0,nan,0,-5.3851873110401195e-05,-0.002551283049688154,-0.020632354674366082
4.046587297,-0.007329662001694245,-0.0031921964249317144,1.4955971052842305,0.02266967396276473,-0.02606977847451439,-0.009555374966117568,0.00521383027842692,-0.00843381119850211,-0.003350518537344255,0.0,0.0,1.5,0.009126858438289608,10822.360274958937,10834.418968391465,10825.296378360614,10823.08731583308,0.0,0.0,0.0,0.0,0.0,0.0,nan,0,-0.0088885301230474,-0.002547676498938695,0.0027520401884570944
4.061428939000001,-0.0035567241911040118,-0.002198382130689985,1.496877485237922,0.029596935314421667,0.03573738529380732,0.015932317124115865,0.002838971108928079,-0.007008096691647063,0.0006892311904872575,0.0,0.0,1.5,0.005218550507901218,10817.663041041431,10836.255599397495,10859.46814532632,10842.502012761719,0.0,0.0,0.0,0.0,0.0,0.0,nan,0,-0.005259158573802486,-0.0018012009602484448,0.003924666580872094
4.076214208000001,0.0021256046672376806,-0.0038754215135386764,1.5132866498209387,-0.005501595154416407,0.014358876049587481,-0.0015163962652738636,0.0027740455931971643,-0.005616609518843044,0.0006589570983025528,0.0,0.0,1.5,0.014002576569090154,10809.714470660329,10828.573180386758,10844.680946323422,10827.313739708987,0.0,0.0,0.0,0.0,0.0,0.0,nan,0,0.0002902009937487957,-0.0037195396762681166,0.020219471974417758
4.091727709000001,-0.011580767134850383,-0.004072514080650762,1.4899375545494695,0.004614045020233035,0.017767614730023213,-0.0025858837366829553,0.0013167505652898128,-0.003828000240912553,0.0024308767093538563,0.0,0.0,1.5,0.015873006861134756,10788.576012261423,10815.920867557395,10829.696379928038,10801.828106645708,0.0,0.0,0.0,0.0,0.0,0.0,nan,0,-0.013538107414191607,-0.0041516364617697225,-0.0032438893472919172
4.106024947,-0.004550842518940923,0.013729060061996262,1.4820808703152264,0.02404748776933337,0.04377716848534951,-0.029969785582325922,0.0020427895603273086,-0.006931844843352434,0.0012802150326705001,0.0,0.0,1.5,0.02302807995638881,10800.41094450513,10833.569338709,10839.14464073053,10808.43523015594,0.0,0.0,0.0,0.0,0.0,0.0,nan,0,-0.006618702774600757,0.013421443477271252,-0.011210444323297875
4.120704828,0.01466585699557411,0.011085951940492169,1.5124464243288362,0.0392870571513268,-0.0020615814653430673,-0.02423332640159229,0.0024371896120091363,-0.0050582581399124535,0.0018919934065893262,0.0,0.0,1.5,0.022201332627006402,10867.267498199399,10894.312981122126,10876.566855680969,10852.654295989794,0.0,0.0,0.0,0.0,0.0,0.0,nan,0,0.012499285841324568,0.010556584826536182,0.019037274750802302
4.13564076,-0.006021344677266909,-0.014626488576397534,1.510593961852935,-0.004185048554079972,0.01879428734623994,0.029681090196453753,-0.002166138684539677,-0.007976161869431557,-0.00025481001924709205,0.0,0.0,1.5,0.019037404958118072,10873.522454286021,10883.246293573262,10868.595884004559,10863.494518403824,0.0,0.0,0.0,0.0,0.0,0.0,nan,0,-0.00827448919448586,-0.015370613951627752,0.017044386780944443
4.150434945000001,-0.00835375949510178,0.0033362226951937028,1.495858727500985,-0.020664126857862876,0.03925955192647837,0.045559538323230765,0.0051504269485701,-0.006494662367917795,-0.0014664162620462075,0.0,0.0,1.5,0.009902818663644572,10800.3135780292,10826.254420980737,10816.242068849917,10792.824975356636,0.0,0.0,0.0,0.0,0.0,0.0,nan,0,-0.010681211328294119,0.0023845392743065937,0.0021579751048728113
4.165356635,7.059671312637352e-05,-0.01338605779293225,1.4948888980778277,-0.023679182420291836,0.049142846351780185,0.009231874236508744,-0.0011210559467620528,-0.00463166416140277,-0.003403791896583456,0.0,0.0,1.5,0.014328813279209842,10759.854803110567,10797.847675790446,10787.852033969317,10747.040031914974,0.0,0.0,0.0,0.0,0.0,0.0,nan,0,-0.0023188667573082102,-0.014537891799502661,0.001047189449138175
4.18021594,0.001512334704409184,0.0018901552158551937,1.497769013235071,-0.01841881780698535,0.025719224007114815,0.07738988940781585,0.004325584309956788,-0.011083383188080562,-0.0008436698687523516,0.0,0.0,1.5,0.003291981917245843,10781.975175049785,10821.20673771002,10800.303858897307,10754.66681770302,0.0,0.0,0.0,0.0,0.0,0.0,nan,0,-0.0009268129196376008,0.0005458567636677653,0.0038027811632066477
4.19525475,0.0001912280702499971,-0.012191814781417155,1.5067704044023198,0.008916182850554134,-0.004135306922802467,-0.0004949979189209573,0.0035395468607951983,-0.002240148924561367,-0.001266528932935795,0.0,0.0,1.5,0.01394687390099246,10735.398312364476,10782.170958144723,10763.649768102741,10711.877944447164,0.0,0.0,0.0,0.0,0.0,0.0,nan,0,-0.002285314564836214,-0.013720549154303884,0.012695909034653896
4.2102931880000005,0.006608315372874888,0.0221244272396661,1.5092521150236742,-0.0002162268330308131,0.025589637410308293,0.03703121918834296,0.005934338344238438,-0.00542659269295722,-0.0027384920811993193,0.0,0.0,1.5,0.024874922013183306,10751.780022180914,10775.596638248515,10787.797599033172,10758.452630630967,0.0,0.0,0.0,0.0,0.0,0.0,nan,0,0.004106459875039361,0.02041965243955546,0.015094749987934808
4.224969732,-0.0004622506214471533,-0.011289549867006332,1.4873223765066426,0.014645883508143453,0.0236665094175256,-0.0348277755252922,0.006842215179884196,-0.007491339648844421,-0.0046050319455592905,0.0,0.0,1.5,0.016982041964262704,10741.340698220953,10755.454187561832,10765.274955319208,10744.913305152319,0.0,0.0,0.0,0.0,0.0,0.0,nan,0,-0.0029775787525387017,-0.013161536586399111,-0.0068954574662880574
4.239669023,0.0012540394223158275,0.02174249972585275,1.4967421496710673,-0.008615966804021017,0.009428657821441032,-0.014743928155729915,0.0046309584231272105,-0.0056473431535087526,-0.0021881412902544604,0.0,0.0,1.5,0.022020955882230814,10820.445140228263,10821.68545535062,10842.673088672862,10830.840591347102,0.0,0.0,0.0,0.0,0.0,0.0,nan,0,-0.0012632042439452568,0.01971255780580458,0.0024789898469339544
4.254452039,-0.0027275879728130494,0.001464298201837595,1.4655065451568805,0.020218649949969168,0.01268317111406304,-0.07280318564048109,0.007470883639182559,-0.0047016062213390405,0.001228301052549173,0.0,0.0,1.5,0.034632099739803,10847.388394900743,10847.045891258847,10864.070992046874,10853.912366599341,0.0,0.0,0.0,0.0,0.0,0.0,nan,0,-0.00523542886115518,-0.0007138766519284548,-0.02880972743260668
4.269516885000001,0.01424615638479678,0.0032347027762939912,1.5036670794937552,-0.01602027171735817,0.011095079633323339,0.04055630202979441,0.005604510842406258,-0.00030998315163835644,-0.001797624391729976,0.0,0.0,1.5,0.015061996740292112,10950.577659528257,10944.108537892434,10961.551784261112,10962.686693509317,0.0,0.0,0.0,0.0,0.0,0.0,nan,0,0.011758769629127672,0.0009184458767063672,0.009267971497612049
4.284175154000001,-0.0029827339657456744,0.030309065629834396,1.4847636093526648,-0.0022173215549530266,0.024318533032846135,0.04027849225740377,0.004747272412985261,-0.003407176700508455,-0.007547602333680516,0.0,0.0,1.5,0.03405412987028481,10897.693131600667,10890.143190678904,10908.044008026587,10911.452348774596,0.0,0.0,0.0,0.0,0.0,0.0,nan,0,-0.005438884260535674,0.027865277778554402,-0.00977116315694948
4.298983879000001,0.019021967266957946,0.011713732982540576,1.5030747090034131,-0.0047033328062619575,0.04169788937656191,0.025687357099433008,0.0034999297324669293,-0.004980022810679928,0.002514345019993671,0.0,0.0,1.5,0.02254995819391132,10857.173569155339,10847.84619435512,10851.291791586224,10845.400166730318,0.0,0.0,0.0,0.0,0.0,0.0,nan,0,0.016607341228482852,0.00915309473204418,0.00837809651684518
4.313920453000001,0.0030885381894270652,-0.012730780143336066,1.496890890002425,-0.023266128310567763,0.027848548191391955,-0.01861371162665191,0.005552242997218707,-0.004538066564663483,0.0040195181787046706,0.0,0.0,1.5,0.013463966584277108,10826.628043278639,10816.531680949622,10803.502198481703,10802.511610306488,0.0,0.0,0.0,0.0,0.0,0.0,nan,0,0.0007252815848717412,-0.015397449025254795,0.0020256194726828713
4.32867114,0.012791980290567943,0.0008040892402804162,1.4821828138901734,0.019387107064868812,0.02523814895576521,-0.005454484604857589,0.0012723468503997818,-0.008814558805418267,0.006542283450312622,0.0,0.0,1.5,0.021948426825921092,10834.954088975102,10844.26132691953,10838.782351464597,10832.795571414672,0.0,0.0,0.0,0.0,0.0,0.0,nan,0,0.010489566719905004,-0.001957566846849345,-0.01285217257861282
4.34371605,0.0034414167425130962,0.013116351535419301,1.5030575641953365,-0.015327583447294292,-0.003489932814584207,-0.006875873518236695,0.005767755899084098,-0.0037948686165379915,0.0016566757348150094,0.0,0.0,1.5,0.01390074550536588,10857.35746090136,10864.056800231687,10851.797611480864,10857.400969593398,0.0,0.0,0.0,0.0,0.0,0.0,nan,0,0.001209006645756728,0.010271074420783583,0.00784350167324388
4.358309238,0.01316001153996225,0.0053999091370900846,1.4789048510047083,-0.004604823626472954,0.03457672775501911,-0.05372615011240136,0.0009013759599878964,-0.0028219992071307244,-0.0004311146362509697,0.0,0.0,1.5,0.02544307830342718,10837.708226914929,10847.573025501828,10848.729755356608,10849.604674769927,0.0,0.0,0.0,0.0,0.0,0.0,nan,0,0.011006415191802309,0.0024826862600303445,-0.016500944357854763
4.373434731000001,0.003766984702129295,-0.0024698293664240896,1.5008024105673134,-0.01777420224976473,-0.013026931969851026,0.05741035390833895,0.004121529165909313,-0.0023039798814627217,0.006420963536131272,0.0,0.0,1.5,0.0045753790623142086,10893.780896228329,10895.70827279253,10890.865579571557,10895.064871327353,0.0,0.0,0.0,0.0,0.0,0.0,nan,0,0.0017006455987969688,-0.005447021797923163,0.00519062151407379
4.388132296,0.014366473684863207,0.0076565734077547,1.4812624231039648,0.018075211570754035,0.010109463646089663,-0.05912662527961997,0.0060126690244593104,-0.0024181622565456738,-0.0007309880452963278,0.0,0.0,1.5,0.02482167340090177,10792.961313204816,10802.945677151178,10815.321680315188,10819.152263340571,0.0,0.0,0.0,0.0,0.0,0.0,nan,0,0.012395457007897237,0.004631666709151596,-0.014569820864631433
4.402860804,0.008971204045374763,-0.00011638634643604869,1.473148207319386,-0.002205047493366747,0.01206427536768171,0.040151059598454296,0.006638173516112928,-0.0018356357106580484,-0.008442735798145634,0.0,0.0,1.5,0.0283110370344864,10811.543038613065,10814.26370023885,10830.394959961846,10840.1014784917,0.0,0.0,0.0,0.0,0.0,0.0,nan,0,0.007103128109041986,-0.00317659831287046,-0.0229008810578315
4.417664341,-0.015507757856071433,0.008573664856302806,1.482912967891489,-0.03307198584807037,-0.01621089796319063,0.008327006968127645,0.008726760676783686,-0.007372388659060554,0.002088070515724734,0.0,0.0,1.5,0.02461635531649708,10838.794751709946,10825.005548437499,10847.242127126257,10858.627992854674,0.0,0.0,0.0,0.0,0.0,0.0,nan,0,-0.017265607635245185,0.005490830246369129,-0.0133625011549392
4.432604111,0.00016832607214771977,-0.009071388005518844,1.5202598837313066,0.01242702718392893,0.006823885644155039,0.04216767924125589,-6.756158580060957e-05,-0.0020502199437227755,-0.0015234443764426204,0.0,0.0,1.5,0.02219867795206052,10820.184409391039,10828.363443086535,10860.978164609145,10849.429764403267,0.0,0.0,0.0,0.0,0.0,0.0,nan,0,-0.0014723741634358656,-0.012164040160949364,0.023751770229030855
4.447383538,-0.011471339274472445,0.007278877548000167,1.5091440242322474,-0.03852417808202269,0.030190655922909912,-0.01469066328886517,0.0051480124022802885,-0.0021782847468103245,0.006811248834499766,0.0,0.0,1.5,0.01637641176414302,10757.755703464823,10751.888284956878,10773.422471176813,10773.621867665477,0.0,0.0,0.0,0.0,0.0,0.0,nan,0,-0.012988331011978698,0.004189224010923228,0.012408248737136418
4.462391363,0.020949941665842787,0.027623068577592832,1.5056412743322012,0.0189528354363827,0.0003075013972970361,0.04320744933550601,0.005865250630034065,-0.003262926221632988,-0.0005515856118940005,0.0,0.0,1.5,0.03512489074055269,10760.42945706931,10774.118287114195,10775.856037102254,10766.093805658227,0.0,0.0,0.0,0.0,0.0,0.0,nan,0,0.019562826753035327,0.024549123496535985,0.008702823910376578
4.477237648,-0.012896568079211702,-0.009435405255500766,1.4926655371728799,0.001846536934373635,-0.0034824237713036556,0.04946695071795698,0.004419368138417069,-0.002243958477287504,-0.004290617437557021,0.0,0.0,1.5,0.01758245391063718,10745.633243066291,10733.910971460324,10732.753596549652,10746.516747132335,0.0,0.0,0.0,0.0,0.0,0.0,nan,0,-0.014147972432506714,-0.012480968599394274,-0.0044491071917922564
4.492328071,0.028887057541960946,0.019241447229456105,1.4811927438186248,0.0005112238468988968,0.006483224679582445,0.0059213137992673,0.008234340245650503,-0.003512040593937746,-0.0018579232362640225,0.0,0.0,1.5,0.039476680078096536,10730.73869446601,10720.253607691415,10728.401633996305,10738.999510884352,0.0,0.0,0.0,0.0,0.0,0.0,nan,0,0.027776848416250523,0.01623685255876939,-0.016063166286905073
4.506838404000001,0.010303212240505642,0.005976595538746707,1.4825861150102118,0.0006369926577996366,-0.014425350710932127,0.031868443242647364,0.008225018797282433,-0.005568231920689766,-0.00027126244134490754,0.0,0.0,1.5,0.021097849822772095,10791.877845487257,10770.67152722256,10778.412647112009,10795.886679820835,0.0,0.0,0.0,0.0,0.0,0.0,nan,0,0.009339406175825583,0.00302555208880677,-0.014782817992942121
4.5216410410000005,0.01150343650287037,0.005800747947552505,1.4856008377551657,-0.016200616420593495,0.01971414216427443,-0.06316227742760591,0.0064623232984622825,0.001159276638923169,0.0068773428079448645,0.0,0.0,1.5,0.019321325044614986,10802.272307511053,10781.275677833393,10795.046035513898,10811.252689031102,0.0,0.0,0.0,0.0,0.0,0.0,nan,0,0.010691026391478812,0.0029158716390480423,-0.011868969602330637
4.5365154510000005,-0.01810994294099802,0.004818573190903914,1.5079180840317252,-0.019723066782065247,0.011325546693636387,-0.0077474695523550826,0.0013685428035115287,-0.0019409704869501811,-0.004756872617122203,0.0,0.0,1.5,0.02034415728546562,10886.945431934104,10879.519424596861,10882.41242952142,10896.838458955219,0.0,0.0,0.0,0.0,0.0,0.0,nan,0,-0.018766130951658366,0.002012495103596371,0.010342398172129341
4.551483418,-0.0031534407229257136,0.005462435120191275,1.5092754225430598,0.013983503179187303,-0.011323559525585255,-0.012468842858958672,0.003845700794198529,-0.0009708722346065649,0.00021489332879854933,0.0,0.0,1.5,0.011216766431891467,10878.2548288517,10884.638703220568,10883.07188812729,10877.4885780585,0.0,0.0,0.0,0.0,0.0,0.0,nan,0,-0.003648695572102196,0.002747809329912708,0.011565034248506745
4.566235133,0.00991305864675305,0.0007352934319681305,1.501054336260977,-0.014772294867818468,-0.007788693548519036,0.005706027705583954,0.0029551718698323224,-0.0029952382422110246,-0.0009729229148816885,0.0,0.0,1.5,0.009996049875639464,10855.466439556694,10852.952098913074,10859.174860664965,10861.714371085422,0.0,0.0,0.0,0.0,0.0,0.0,nan,0,0.009583280949642602,-0.0018753949071624715,0.0031881354186231725
4.5813419920000005,0.0006993049017553921,0.0008778657676491546,1.483867266936229,-0.042072900155363135,-0.032473535211266426,0.012768951273957213,0.008926732648366964,-0.00034090384926886296,-0.0006462134521661211,0.0,0.0,1.5,0.016171726925672505,10833.122852053453,10832.72524017768,10842.853965773771,10843.233825458306,0.0,0.0,0.0,0.0,0.0,0.0,nan,0,0.0005393788689698188,-0.0016165817556861332,-0.014166991947666796
4.595957524,-0.015842743553741486,-0.013715250672762056,1.4789603299460603,-0.007941252047744799,0.002212778544790068,-0.014222719335657842,0.005172775154708987,-0.0049437808300277645,0.0023339527738809544,0.0,0.0,1.5,0.029694584359862056,10814.216683556617,10833.233422283674,10864.609145654662,10846.759177859807,0.0,0.0,0.0,0.0,0.0,0.0,nan,0,-0.015828599750592694,-0.01608133398877313,-0.019249410032198266
4.61089429,-0.02287218470252899,0.005994582082892528,1.4771042502361797,0.004246011852541551,-0.010403561719365347,-0.030821594637827698,0.005376362631620707,-0.004276580141507012,-0.0016364015992647797,0.0,0.0,1.5,0.03291332867794767,10831.863248473337,10862.612390894492,10893.31862297549,10868.69924183022,0.0,0.0,0.0,0.0,0.0,0.0,nan,0,-0.022679914383284296,0.00376879464683482,-0.02129089165809983
4.625643418,-0.0017513475957948847,0.013919358377921222,1.4954200832278175,-0.030340975895415997,0.02343802626263149,0.028688662143205496,0.008168114138800052,-0.0004167928472898968,-0.0019710064126143728,0.0,0.0,1.5,0.014757757068552823,10879.347901108806,10908.812346064613,10932.434484138637,10905.324090941014,0.0,0.0,0.0,0.0,0.0,0.0,nan,0,-0.00137709256086907,0.011845580174196688,-0.0031844712657078666
4.640526299,-0.00826760737216099,0.0012807340276604446,1.4718195314378975,-0.006805536622188412,-0.013386646815144437,0.002734039362976017,0.008620498054703303,-0.0009143368514665738,0.0074162720276353174,0.0,0.0,1.5,0.029396129331758423,10855.089101182424,10883.919267346208,10891.714694914224,10862.927852702524,0.0,0.0,0.0,0.0,0.0,0.0,nan,0,-0.007707793522338146,-0.000629651463787547,-0.02702744714452665
4.655354381,0.008437838501782733,0.009886716640796494,1.4755406977387946,0.00238871118111249,-0.017991540165162828,0.06016825997473509,0.005796812505832619,-0.0030623184394849134,0.003727657233243514,0.0,0.0,1.5,0.027698407023194985,10866.18392230076,10892.586655554533,10900.345124311187,10887.047749371617,0.0,0.0,0.0,0.0,0.0,0.0,nan,0,0.009186394305377897,0.008150631693675327,-0.02357307002364828
4.670266938,0.004657305372645108,-0.0013158548704132929,1.5086946660613374,-0.0003399593969580465,0.014304653700333167,0.00727319269429675,0.002231838595740767,-0.0004816383774271743,-0.0014771446511332906,0.0,0.0,1.5,0.009950838421571911,10835.492940473054,10850.591056841084,10857.299083960368,10859.421555086701,0.0,0.0,0.0,0.0,0.0,0.0,nan,0,0.005597341912497501,-0.0028671987081497503,0.009290449987507277
4.685097978,0.001997896752873817,0.01344926474758117,1.479612429263339,-0.0341603051066111,-0.006564628781682391,-0.029142731496951495,0.0011929599646594386,-0.005693231924827625,7.439819459319083e-05,0.0,0.0,1.5,0.024505659636664106,10821.418350683272,10821.57307085403,10815.041877958392,10823.776269438353,0.0,0.0,0.0,0.0,0.0,0.0,nan,0,0.003131650320555255,0.012092529320566696,-0.020090060197887505
4.69991534,-0.011889760943505141,0.0006171248727788301,1.4764686596336105,-0.000272636237258981,-0.05887221880168958,-0.02434484885683392,0.0033101594854631974,-9.926591551945672e-05,0.0023975297340327363,0.0,0.0,1.5,0.02637178867352713,10856.46657368515,10864.170187156915,10851.047243646775,10847.541083757778,0.0,0.0,0.0,0.0,0.0,0.0,nan,0,-0.01056054975851935,-0.0005356791463138473,-0.023534078791980884
4.714646824,0.010576030339756216,-0.008475492396615214,1.5017843613668285,0.014254853033729658,0.007207507232962554,-0.0008797420374564522,0.0008474605072881929,0.00098864204471768,0.0014240508138846618,0.0,0.0,1.5,0.013670052472465359,10875.973432303566,10881.308792655853,10889.441291089073,10889.780001926465,0.0,0.0,0.0,0.0,0.0,0.0,nan,0,0.012101967043517693,-0.009415476805728136,0.0014618972716282652
4.729704062000001,0.004708051138797349,0.0013698741257745666,1.4962811580332953,-0.02635244379707388,-0.03521119708456056,0.03217545354354092,0.002795109688531539,-0.0010538435536127464,-0.0008556030079453073,0.0,0.0,1.5,0.006154030079494384,10879.650552810219,10866.62122480193,10877.591843850909,10896.743323141702,0.0,0.0,0.0,0.0,0.0,0.0,nan,0,0.006431494086880238,0.0006511228030365986,-0.004391097507611352
4.744494319,-0.022684188198646326,0.005159822262623464,1.464259170509914,-0.01050813814051447,-0.007276366943494008,0.030640188556326053,0.00502744525455972,0.000723378271508247,-0.00013542808792987689,0.0,0.0,1.5,0.04264508239706983,10821.08883719823,10819.421022375593,10837.81506379496,10842.29181687677,0.0,0.0,0.0,0.0,0.0,0.0,nan,0,-0.020762944452556584,0.004670101831589241,-0.03677918384280443
4.759346228,-0.01052694591645622,0.007348699751650457,1.4816584083478415,0.002863459328932873,0.002715626184483646,-0.01699006262156383,0.002085191477043446,-0.0015971537242853767,0.009535834452509925,0.0,0.0,1.5,0.022388255016915312,10821.34667846625,10827.414513824402,10839.796950427379,10835.334626889267,0.0,0.0,0.0,0.0,0.0,0.0,nan,0,-0.008408064026334167,0.00709514921206243,-0.019748189013166773
4.77393943,0.006046907727420817,0.004433927130086476,1.4897082274880484,0.02428094427165251,-0.0445511270925683,-0.005904361579760593,0.004486242305099889,0.0007733970912889854,0.004117983668917414,0.0,0.0,1.5,0.012733632015125158,10865.515384721988,10876.49569072175,10860.101719590588,10866.812692402937,0.0,0.0,0.0,0.0,0.0,0.0,nan,0,0.008300312121407631,0.004413679144497221,-0.012076164321902061
4.788858066,-0.004057364972079449,-0.0035056647570913123,1.5054687446967776,0.07195068279549843,-0.020539114075135513,0.04120397049611639,0.00492181655504248,0.00029695537327280574,0.004636344009304167,0.0,0.0,1.5,0.007658920580884916,10875.88305630878,10869.52725473403,10862.138949419437,10888.45377669856,2.5,0.375,0.0,0.0,0.0,0.0,nan,0,-0.0021703616663017126,-0.0033617169917756263,0.0032861578866412167
4.8034644470000005,-0.002730965449717074,0.001573238636561073,1.4874057087985468,0.0708867997486673,0.0016347626911507084,0.06637140560159147,0.001882154362295149,-7.8265662161842e-05,-0.007064899514304847,0.0,0.0,1.5,0.012982658547544011,10820.74773602978,10778.343438738973,10779.827185532562,10842.584178211288,2.5,0.375,0.0,0.0,0.0,0.0,nan,0,-0.00177382306142454,0.0018022802436782098,-0.015185301554827113
4.8183710060000005,0.0146320709766316,0.0030710624281715176,1.53464489600754,0.10497570089630767,-0.0016805902569965348,-0.026548750609222935,0.000647428534215296,0.0016615324766779554,0.0034508470177471526,0.0,0.0,1.5,0.03773324455803101,10797.451349773593,10726.162871733257,10725.870360331312,10802.460890172904,2.5,0.375,0.0,0.0,0.0,0.0,nan,0,0.014095966844759588,0.0033054444714225905,0.03165803787919241
4.832972777,-0.004655704347198041,-0.005455396490710741,1.5113990188370805,0.17963750664103958,0.008025019708963407,0.03226548273007492,-0.0010674364792908897,0.001690186441101284,0.004000933998436048,0.0,0.0,1.5,0.01346753742476678,10824.984524589398,10717.962590029296,10703.368250853917,10819.249384897534,2.5,0.375,0.0,0.0,0.0,0.0,nan,0,-0.007248210709674954,-0.005296064184369176,0.008038996801018161
4.847720303,-0.003663126208608386,-0.005010484140938181,1.4988952552029529,0.19966298996487214,-0.01112756413153855,0.050996045123024185,0.00048155922826786105,0.0014529400793104456,-0.0003366817471069879,0.0,0.0,1.5,0.006304276803360509,10833.106712914809,10684.250807973294,10659.4988815269,10817.846466411185,2.5,0.375,0.0,0.0,0.0,0.0,nan,0,-0.00887473061777648,-0.005007201655537101,-0.004814024352515878
4.862398671,0.013072801244176315,-0.003908329988939341,1.4977840098113546,0.2400322512098812,0.0072619260778513835,-0.03971320645222528,-0.0013238363045571951,-1.051781372014925e-05,-0.006621548447780771,0.0,0.0,1.5,0.01382330597897453,10828.6486256452,10640.12635634154,10626.671166342236,10817.363466528532,2.5,0.375,0.0,0.0,0.0,0.0,nan,0,0.004680198969947131,-0.004142679934753048,-0.006242134677012734
4.877250630000001,0.01253149026022113,-0.010887186598489484,1.5156811315816145,0.255791039288224,0.015378999882518918,-0.00331606919030615,0.0013808930403277167,-0.0019558526078748027,-0.0019918269561450632,0.0,0.0,1.5,0.022835651246510474,10900.722215232168,10677.07193060951,10664.911638807253,10879.724691988995,2.5,0.375,0.0,0.0,0.0,0.0,nan,0,0.000397217098308561,-0.011441279889607123,0.011371457517089345
4.891865462,0.025301367734807123,-0.002246539459403423,1.5283562280131096,0.25560042893686197,0.02828800972534648,0.04664305105044091,0.00023716086571792602,-0.0024025352788311985,0.0002798044559782669,0.0,0.0,1.5,0.03806943414244628,10912.903778513293,10666.421201062452,10649.601524479605,10886.040860607423,2.5,0.375,0.0,0.0,0.0,0.0,nan,0,0.008866502947057497,-0.003202964371307314,0.023780840947722037
4.906715767000001,0.025009323192153654,-0.0012661320408875422,1.5049130384541705,0.3126578848318198,0.006084305326741101,0.060695644440698575,0.0019736287908796142,-0.0012366729431473565,-0.008837224840319792,0.0,0.0,1.5,0.025518763365937513,10874.904074443355,10616.31138929862,10588.071796496104,10840.729941406034,2.5,0.375,0.0,0.0,0.0,0.0,nan,0,0.003717297691178536,-0.002707920567828408,9.360003819414153e-05
4.9214190250000005,0.029627669209875303,0.002722962374704057,1.5206968494796704,0.388821324360743,0.03249828634094865,-0.007135756226841714,-0.0008242236840883797,-0.0033933322954595294,-0.0030678200574579925,0.0,0.0,1.5,0.03624324606444601,10857.022254418558,10565.49851293993,10550.1007226981,10823.319386612822,2.5,0.375,0.0,0.0,0.0,0.0,nan,0,0.0029248753719028284,0.0007123974226846516,0.015674120603904607
4.936180538,0.04020114056751555,0.01751846830192486,1.5200543611448396,0.4189846919448373,0.04620590928773872,0.007943178955537308,0.0007766296576315701,-0.007776641144651105,0.005486401700021071,0.0,0.0,1.5,0.04822038817245609,10891.68955876165,10569.485089380085,10544.257783621093,10847.322896065876,2.5,0.375,0.0,0.0,0.0,0.0,nan,0,0.00753762209370247,0.014855414100882225,0.01487708187690151
4.950877138,0.03687318971951527,0.007226376678925978,1.4854651110631631,0.4732731091589049,0.033037846571933975,0.027650307078169345,0.0020876521565347792,-0.006113686554948651,-0.0018181534277063028,0.0,0.0,1.5,0.04028790930792108,10917.519605301695,10579.021064065577,10522.48153826241,10862.002933728552,2.5,0.375,0.0,0.0,0.0,0.0,nan,0,-0.0022965512584827985,0.00382689722301369,-0.019824096813450653
4.965726271,0.03498335665800501,-0.002374787337710152,1.497795131301617,0.46241133958492053,0.03431223171549325,-0.04425495282673043,-0.001714286821930886,-0.010098928310887162,0.004899124144057802,0.0,0.0,1.5,0.03513312260442618,10951.84776730686,10593.445167780996,10533.4308826384,10894.172383041494,2.5,0.375,0.0,0.0,0.0,0.0,nan,0,-0.011232798338469123,-0.006594739832528824,-0.007567970631864762
4.98038672,0.06501885878761264,0.00308140661204652,1.5113811697752322,0.49633264594702564,0.05862284473858801,0.013292796654261587,-0.003038155075850779,-0.013138727531250486,-0.0056202809881278045,0.0,0.0,1.5,0.06607933179296638,11013.12751143989,10678.231803753153,10619.317825151902,10962.439890121821,2.5,0.375,0.0,0.0,0.0,0.0,nan,0,0.011222481423828451,-0.002043031011740725,0.005963497266398221
4.995479942,0.05855743377292426,-0.00906863460026468,1.5139263339989724,0.5383958864693592,0.0729948629340545,-0.040907049510314916,-0.0004622546539184792,-0.021387098089615936,-0.002297656595149053,0.0,0.0,1.5,0.06086999229698047,11010.82991518959,10672.551108007252,10607.109508113632,10951.262762754674,2.5,0.375,0.0,0.0,0.0,0.0,nan,0,-0.0033455665836170587,-0.015181380618078558,0.00845334943988263
5.009991316000001,0.07445295932525094,0.0005896074643310474,1.4977306395352663,0.618288408315247,0.07539854995393623,-0.0787386591697408,0.0013255522297494458,-0.024238110583139096,0.003831629071362004,0.0,0.0,1.5,0.07448987035945466,11031.033513587437,10700.93313181341,10634.88592155715,10967.744411025762,2.5,0.375,0.0,0.0,0.0,0.0,nan,0,0.003925037037036408,-0.006594925158654586,-0.007797947640184599
5.024734155,0.08081468306881048,0.016268235687771568,1.4991948654180243,0.6275356828369512,0.07746627978728048,-0.016115453371709554,-0.004461411986425202,-0.021896688116158736,-0.0002134666444953072,0.0,0.0,1.5,0.0824397764043563,11089.244100060878,10754.796750153626,10683.83034860188,11026.373482741432,2.5,0.375,0.0,0.0,0.0,0.0,nan,0,0.0011527769256383102,0.007928954265253365,-0.006400455551638151
5.039417516,0.08055538816401756,0.003650036055308584,1.521355924509619,0.632628632192146,0.09567240570836567,-0.06664575058837424,-0.0023212152583035983,-0.025107330449143435,-0.0016014374440735104,0.0,0.0,1.5,0.08341803664149104,11088.063739657222,10745.230733674593,10656.290719410865,11013.063272305551,2.5,0.375,0.0,0.0,0.0,0.0,nan,0,-0.008739304888973384,-0.005926257448164096,0.015669495782934417
5.0541421500000006,0.09664751885546521,0.007382059314366392,1.497796716691396,0.683185320288864,0.09193056977319403,-0.0016635664878424873,-0.0015024958602559658,-0.03517298801691898,-0.0026915802698387983,0.0,0.0,1.5,0.09695407241563554,11092.820730714018,10760.031524287288,10663.610371306415,11012.895135922421,2.5,0.375,0.0,0.0,0.0,0.0,nan,0,-0.0027679157219264033,-0.0035126161537641885,-0.008003028871595097
5.0689804270000005,0.10426621638714371,0.015847373695898545,1.5246042815849161,0.7172222316493897,0.04568711954287755,0.05897608823064461,0.0023026834316072064,-0.03791631602271869,-0.00036266394929906323,0.0,0.0,1.5,0.1082956776840977,11064.756112612484,10734.516528875682,10645.206765970659,10986.739062697412,2.5,0.375,0.0,0.0,0.0,0.0,nan,0,-0.005746162016566234,0.003554064161948072,0.018671184235831806
5.083819630000001,0.12454642657263561,-0.0024789556600134065,1.5047113896498872,0.7343706579914401,0.11724534143035002,-0.036452857147850765,0.0050747334298009055,-0.04697146968078444,0.0022943212585791674,0.0,0.0,1.5,0.12466015716984433,10978.556861431054,10633.672550514615,10565.32342810361,10917.831550519983,2.5,0.375,0.0,0.0,0.0,0.0,nan,0,0.0034730105886875695,-0.016249830610202895,-0.0013601440936730214
5.098442166,0.12945704794925628,0.020351470762529633,1.4988834457056508,0.7719719307012765,0.11606889100304582,-0.05998013668037048,0.006217770814650925,-0.05059389993234233,-0.0003423550914868431,0.0,0.0,1.5,0.13105173146290883,11005.092533755522,10688.373246066198,10615.605918340829,10951.424931998037,2.5,0.375,0.0,0.0,0.0,0.0,nan,0,-0.00312874755292461,0.005025607387956382,-0.007313812297075506
5.113170048000001,0.1420701285569857,0.01660334056170318,1.5009418631281246,0.8330331084406726,0.12242384663422123,-0.07218285325954504,0.0038454906228871273,-0.0611220475923171,0.0007900198449223315,0.0,0.0,1.5,0.14304013231313253,11035.288720985653,10748.30204652944,10675.757658927936,10982.293559212052,2.5,0.375,0.0,0.0,0.0,0.0,nan,0,-0.00246434561085096,-0.0003531744372707313,-0.005381559355807086
5.127820669,0.1716592996936215,0.00841279740113773,1.4975069825272784,0.8198111998269229,0.13659082682271909,-0.05598600783140863,0.005584743053229974,-0.06730355961510516,-0.0027499214476673665,0.0,0.0,1.5,0.1718834066090629,11046.955407081601,10812.512666673554,10739.436871021659,10997.12735727663,2.5,0.375,0.0,0.0,0.0,0.0,nan,0,0.014756157832409161,-0.010248067520319662,-0.008960664776798355
5.142664679,0.15200711440993647,0.018248282808340753,1.528609786659093,0.8802955979631116,0.09319898845718927,-0.06194861747368894,0.004666914892047796,-0.07367481668412416,0.005048476179934981,0.0,0.0,1.5,0.1557487802500152,11038.166513867247,10847.086423328332,10778.545219503498,10990.492990548388,2.5,0.375,0.0,0.0,0.0,0.0,nan,0,-0.017667801818945533,-0.002188501074250244,0.021968268353333542
5.157434575,0.19025553957582605,0.022092414550661833,1.526799230512006,0.8781998438976277,0.14363599739461966,-0.08028781402755046,0.009158421815054333,-0.0840540467024958,-0.0036616076063206264,0.0,0.0,1.5,0.19339969978260732,10971.022010096593,10824.730557448212,10772.266875131849,10946.721899614908,2.5,0.375,0.0,0.0,0.0,0.0,nan,0,0.007422266650474213,-0.00018964055168256208,0.01995788586287217
5.172315966,0.18904408488308724,0.040150402757080525,1.50609585696192,0.9469860249397601,0.11430170789316818,-0.10303969213386388,0.006242352266510038,-0.08816397284153477,-0.0026293629614344022,0.0,0.0,1.5,0.19335687301707136,10938.016173724332,10833.912380807233,10787.246818671418,10916.19199536921,2.5,0.375,0.0,0.0,0.0,0.0,nan,0,-0.00731779528972154,0.015956012004968805,-0.000959455413000132
5.186994106,0.21254615497351817,0.018496825826755894,1.5111740006300731,0.9226754957560721,0.16497179507887275,-0.08813162041533298,0.010481622850466743,-0.09339741947259445,0.0016315700764586597,0.0,0.0,1.5,0.21364189394819785,10948.538764152361,10893.990556798752,10860.98724787192,10931.297944791262,2.5,0.375,0.0,0.0,0.0,0.0,nan,0,0.0023032948313861656,-0.007674482026760222,0.0038876418380806577
5.2017662190000005,0.20662221097127462,0.022291402035699712,1.5118823600470117,0.9461423111577618,0.1264179439196548,-0.11182659651256086,0.010234838801636535,-0.10069567804251353,0.004125673067030118,0.0,0.0,1.5,0.20816059942184528,10937.390735708334,10921.482324811981,10887.681404521203,10922.065479549625,2.5,0.375,0.0,0.0,0.0,0.0,nan,0,-0.017835166255945445,-0.0059187750234431895,0.004337887304264987
5.216345089000001,0.24366729938894557,0.03824898120822904,1.5076496998356292,0.9681597271997902,0.16138356723686087,-0.035907159803068196,0.008578906710413878,-0.1110568606815783,-0.0008572545416739348,0.0,0.0,1.5,0.24676964007459412,10926.745116947224,10949.661939545811,10926.900486987472,10927.823687597262,2.5,0.375,0.0,0.0,0.0,0.0,nan,0,0.004680178829757603,0.007940617650830283,-0.00018217373241924406
5.231080135,0.24763507517202243,0.031920949190953736,1.5085120609520293,0.9717981597394648,0.1208374051712196,-0.12995934379288343,0.011510427364864153,-0.11886889925182757,-0.0012363120304359299,0.0,0.0,1.5,0.2498290067913566,10874.488567023944,10919.771347604441,10889.773161922743,10867.539215628087,2.5,0.375,0.0,0.0,0.0,0.0,nan,0,-0.006179140416457174,-0.0005422835033661796,0.00036546612183308014
5.245794051000001,0.26796299247727706,0.018784802872548453,1.531945675107393,1.020768598721827,0.15412464293481512,-0.06053152730074254,0.010667106425422457,-0.12841817293125588,-0.0010789053811728945,0.0,0.0,1.5,0.2705135122584542,10885.978113038005,10964.313706473671,10953.952330659991,10893.152004288027,2.5,0.375,0.0,0.0,0.0,0.0,nan,0,-0.0009587778457844642,-0.015887413571373424,0.023466716430434076
5.260583185000001,0.3057860772816605,0.041605683545020505,1.5092166569437269,1.0299343627391564,0.16761120137971164,-0.15586618617500225,0.0156212985394229,-0.1363322183692525,0.0022265717774874742,0.0,0.0,1.5,0.3087411613759532,10821.31045456968,10914.445420506312,10907.07776421378,10830.189926507612,2.5,0.375,0.0,0.0,0.0,0.0,nan,0,0.021494285333623575,0.004673085409094703,0.0003862293288163787
5.275370645000001,0.2967075869375905,0.06083777617649368,1.519045715799619,1.0688394872099254,0.15530834966170196,-0.16882119352591674,0.017991733850786205,-0.14319568623485623,0.0029135114480524794,0.0,0.0,1.5,0.3034787742936049,10852.881099276128,10980.21307876005,10972.873948908276,10863.747802444492,2.5,0.375,0.0,0.0,0.0,0.0,nan,0,-0.003200625024251613,0.021595926311970694,0.009856281774770936
5.2902312810000005,0.3208038063298723,0.05187132818278953,1.5076069641792174,1.0292220913878085,0.17127348250629587,-0.13098823170587665,0.02346545691544124,-0.15318984097340926,-0.0028510776900276076,0.0,0.0,1.5,0.3250593526530267,10861.68907798981,11013.638607045837,11006.184428575583,10878.417646181913,2.5,0.375,0.0,0.0,0.0,0.0,nan,0,0.005051752764893724,0.010274228686205401,-0.0019608298507574062
5.304763481,0.32514271285457647,0.04987807961155648,1.536298465085252,1.057262072097553,0.19423775751514427,-0.12335194209781387,0.023286383903144248,-0.15978140694697154,-0.00956760246714182,0.0,0.0,1.5,0.33094287288853286,10839.542131276912,11006.259863042775,11007.244633610555,10856.837949104998,2.5,0.375,0.0,0.0,0.0,0.0,nan,0,-0.006663487193706241,0.0058824252770573945,0.02633209206873688
5.3196297910000006,0.33230089082570186,0.024852397424948602,1.5236542710583538,1.0943650854624039,0.15242649293290478,-0.15933436339608037,0.018599259562500147,-0.1658898176382321,-0.004876074779243163,0.0,0.0,1.5,0.33406743067923383,10793.97856325229,10962.117500214668,10965.561789182042,10804.031951733097,2.5,0.375,0.0,0.0,0.0,0.0,nan,0,-0.01575478916693368,-0.021582649097226306,0.013279160251366218
5.334320717000001,0.36848964068419526,0.05892755754836551,1.5095491462309503,1.0985658063538208,0.15388138273213542,-0.16753252220951578,0.016968869610794888,-0.17039703850582053,-0.0009679058453808158,0.0,0.0,1.5,0.37329379652483285,10782.97838240034,10955.929964436913,10975.956375824604,10805.654943259438,2.5,0.375,0.0,0.0,0.0,0.0,nan,0,0.00400257285737704,0.010014584486948912,-0.0012289796093714056
5.349110166,0.36943684482567496,0.05320840097963974,1.485293217022831,1.1059443444790809,0.17855546642346687,-0.23151505229843283,0.02144163232708004,-0.17795110623564356,-0.0038292478956755125,0.0,0.0,1.5,0.3735384929496524,10793.197787928884,10973.760624844203,10993.550028478821,10819.123091315085,2.5,0.375,0.0,0.0,0.0,0.0,nan,0,-0.011648443495757554,0.001781475609695722,-0.025879764598608634
5.3638112090000005,0.38946694356623535,0.055911089517721085,1.5014189822623651,1.0822838543355464,0.233394027314197,-0.19280940799185867,0.025866050369526328,-0.18550716382098636,-0.013840231532114881,0.0,0.0,1.5,0.3934622771912762,10879.55697492314,11083.30840296863,11098.825344920526,10904.407967526522,2.5,0.375,0.0,0.0,0.0,0.0,nan,0,-0.008365221965052072,0.0019370708431329861,-0.010158133300657068
5.3786034460000005,0.42369544859306707,0.05686673568435542,1.5242221927083897,1.0992323627619616,0.18802425611536044,-0.13948374862131907,0.024762574806282318,-0.1915198008608671,-0.00909920507529532,0.0,0.0,1.5,0.42818030478465147,10898.549123630404,11105.353065881858,11114.72990191531,10908.943658517153,2.5,0.375,0.0,0.0,0.0,0.0,nan,0,0.008987081530469065,0.0003155195470953068,0.012206208444568212
5.393282719,0.4520958279073601,0.042748975319360547,1.5097260811781297,1.1111013942450694,0.19247796012497143,-0.2046839787640515,0.025663860062868284,-0.19568451058882436,-0.00845261246076137,0.0,0.0,1.5,0.4542165883773734,10816.470345580366,11001.305509581607,11014.718729546366,10824.014237739906,2.5,0.375,0.0,0.0,0.0,0.0,nan,0,0.02039302773932211,-0.016407510625934235,-0.002747856067021104
5.408172206000001,0.44373447144262473,0.059371683914489305,1.4953716430598925,1.166696819429567,0.2036441193139017,-0.22563986761532775,0.028737714853082207,-0.20561941313879928,-0.010290198155066188,0.0,0.0,1.5,0.44771274237536796,10813.392877963666,10993.202527214748,11011.713480836317,10825.214549326667,2.5,0.375,0.0,0.0,0.0,0.0,nan,0,-0.0050731140726835156,-0.0024164915381089808,-0.017551077235888224
5.422813853,0.467266527357419,0.051937017797068274,1.5380040399598427,1.1226360013114112,0.13124290970303462,-0.19658796342345938,0.02854798500136224,-0.20527101862188998,-0.0025707149587314696,0.0,0.0,1.5,0.4716776107253597,10843.83104632649,11031.425834674857,11053.948939821983,10858.182299694441,2.5,0.375,0.0,0.0,0.0,0.0,nan,0,0.0012575735389441234,-0.012506840302233008,0.024637118535147717
5.437598239000001,0.49397451106605306,0.0733236572940256,1.5137532585991467,1.1135780691570882,0.1712148226736858,-0.24725998446317415,0.02961876094151569,-0.21021960803211906,-0.009508630959788822,0.0,0.0,1.5,0.49957614877415124,10812.82962081049,10989.258487655936,11025.720667213816,10845.354965222938,2.5,0.375,0.0,0.0,0.0,0.0,nan,0,0.010680938376719962,0.006202514099780343,-5.823781728198085e-05
5.4521978540000005,0.47644733199386424,0.08349866507744606,1.4936519113187245,1.1396376947259315,0.19647397451481305,-0.24206132628134314,0.030767981133622453,-0.2194447940258687,-0.0007823011538569937,0.0,0.0,1.5,0.4837503338124867,10849.557289542601,11025.15501431489,11063.745945963394,10882.1204648363,2.5,0.375,0.0,0.0,0.0,0.0,nan,0,-0.02420352534888992,0.013680669645834143,-0.020598898992566284
5.467100659000001,0.5187189247855506,0.08340495231278705,1.4968901804342567,1.1633382297835841,0.14783103288837815,-0.20240279514337337,0.031244616610194318,-0.22360520710953224,-0.010345228709713243,0.0,0.0,1.5,0.5253906927027805,10874.462037396821,11060.049349611625,11087.091803847983,10905.244715857742,2.5,0.375,0.0,0.0,0.0,0.0,nan,0,0.0006514217808804013,0.010872903072512652,-0.01780396481113411
5.481861011,0.5339848935858957,0.09004407306725719,1.4638419289192288,1.138534999013441,0.19262066733643227,-0.2880575293806807,0.032203131664243226,-0.22850881642452656,-0.003055218683613646,0.0,0.0,1.5,0.5427294056680216,10848.020905835407,11020.275348682871,11056.915064977806,10881.740499600253,2.5,0.375,0.0,0.0,0.0,0.0,nan,0,-0.0015479462904272046,0.014782755614726736,-0.05129917439774023
5.49659775,0.55541981027857,0.07211045435802663,1.5252966988849261,1.1619017749976686,0.1915803278694572,-0.2645532529014619,0.03410727623468981,-0.22988028383543524,-0.006034665627499644,0.0,0.0,1.5,0.560652304242191,10909.5223716634,11094.074341695432,11125.500688123295,10944.226387548426,2.5,0.375,0.0,0.0,0.0,0.0,nan,0,0.0023823367876387724,-0.005893554268781631,0.009708811101173387
5.511306713000001,0.5714054875868824,0.08232952180288981,1.5055366573450615,1.1698859006064064,0.1892301464585649,-0.2764901086116121,0.029065825976485264,-0.23557850308891595,-0.002319149024494081,0.0,0.0,1.5,0.577332690897763,10886.502296974753,11057.1229565374,11086.457327693228,10921.509146102062,2.5,0.375,0.0,0.0,0.0,0.0,nan,0,0.000836820119366366,0.0015716103803751075,-0.01051069341004629
5.526068472,0.5920690195137913,0.07689102942893696,1.5117515465800593,1.147465418670817,0.15169712280854053,-0.2631735625442749,0.03410862041178784,-0.23637438742309716,-0.010424396211430273,0.0,0.0,1.5,0.5971566403563533,10893.860361643228,11061.030850452182,11082.424043780378,10924.092705403318,2.5,0.375,0.0,0.0,0.0,0.0,nan,0,0.003949795997120531,-0.006630564021849417,-0.004759308449442612
5.540797165000001,0.6175958096806888,0.07808067195866618,1.515264516841395,1.1336722351925104,0.184324543905691,-0.28834585517097927,0.03253954887987607,-0.2399796939078843,-0.0057243316642961685,0.0,0.0,1.5,0.6226991094766908,10894.126638445628,11042.992532152368,11076.210915393463,10925.49366515392,2.5,0.375,0.0,0.0,0.0,0.0,nan,0,0.011915040631014673,-0.00821281491944556,-0.0017123582769027479
5.555579965000001,0.6275782099286217,0.08436664311400616,1.5275246794565969,1.1647677734367026,0.19434217045264054,-0.29483223860494373,0.03386176832596657,-0.246234940634716,-0.010720639626106098,0.0,0.0,1.5,0.6338215427284936,10907.947452304892,11050.231890997571,11079.37223143447,10937.200618839817,2.5,0.375,0.0,0.0,0.0,0.0,nan,0,0.004332573405639084,-0.004705501282077695,0.010081731897029433
5.570268142000001,0.6517304053526024,0.10345783221622387,1.5270092073369035,1.145831509398726,0.1701017986675518,-0.30251903273316627,0.035764227590829256,-0.24782713520010277,-0.006910446607228811,0.0,0.0,1.5,0.6604434431417391,10902.252499007347,11037.18334815931,11061.42331747979,10922.708184426609,2.5,0.375,0.0,0.0,0.0,0.0,nan,0,0.010924099509162177,0.011601660604538835,0.009101362533225021
5.585106351,0.6536685566567385,0.0914356811866804,1.5456717180365656,1.1419329294992522,0.15845280334830025,-0.259400905961606,0.03568824890719226,-0.25409007611082113,-0.008553731016353332,0.0,0.0,1.5,0.6616108913736136,10906.128145233713,11035.188383236164,11057.697778403211,10924.690392058263,2.5,0.375,0.0,0.0,0.0,0.0,nan,0,-0.00468808787663455,-0.0032087080131454893,0.027305188056086394
5.599865096,0.6715905603628942,0.0809968769626367,1.5059636104087235,1.1203567606767637,0.1870202039086233,-0.3194723633807532,0.0389179971620277,-0.254311990538031,-0.006196479055669991,0.0,0.0,1.5,0.67648351014297,10848.93423133604,10963.723417535923,10985.353534275548,10868.30375827667,2.5,0.375,0.0,0.0,0.0,0.0,nan,0,-0.004302125396153045,-0.016439055348971818,-0.01284365866310555
5.614663105,0.6845612515381434,0.10113798896670022,1.5428044042447706,1.0942619871889627,0.17303170562031092,-0.2863570454793323,0.039407341421687836,-0.2563260786298996,-0.007256169065789564,0.0,0.0,1.5,0.6933146594025309,10883.15901218241,11002.416293909731,11025.574023278912,10907.27217478802,2.5,0.375,0.0,0.0,0.0,0.0,nan,0,-0.00885055259608436,0.0009078528519261553,0.02358962110374252
5.629278677,0.7116648955620175,0.11947625768897083,1.515144802141576,1.1326155399899769,0.16217094604794097,-0.2663973058674847,0.038036357706266774,-0.26205442644225285,-0.007471925269817801,0.0,0.0,1.5,0.7217831147641002,10869.190796241573,10981.01567795548,11002.303924665528,10894.77671101439,2.5,0.375,0.0,0.0,0.0,0.0,nan,0,0.0007592087349423959,0.01645070510849292,-0.004452288153734996
5.644292516,0.7052255915647173,0.10022173360192863,1.5197849444855371,1.1549752954130659,0.23587716033686537,-0.28782940045481153,0.04119210947018548,-0.2627698144709895,-0.020843964065821223,0.0,0.0,1.5,0.7125861175410853,10862.83292044719,10970.813458325161,10990.363575080755,10886.550380776176,2.5,0.375,0.0,0.0,0.0,0.0,nan,0,-0.023144448056452882,-0.005599587020574948,-0.0001632435453207126
5.658733727,0.7420609188089293,0.114895120018931,1.5006100322083877,1.145032698226296,0.1827521834423886,-0.29703168170612054,0.038832317958992536,-0.26222939890926,-0.011619235797510924,0.0,0.0,1.5,0.7509032347559919,10875.102689001056,10969.402545251683,10986.499799007617,10876.252061826284,2.5,0.375,0.0,0.0,0.0,0.0,nan,0,-0.003739389156835138,0.006278556077949193,-0.01965430743853247
5.673802117,0.7632062868676547,0.1103070114775029,1.5416455002131733,1.1014347904716215,0.1784911627886046,-0.35593361311407934,0.03431214113408556,-0.26512594880251805,-0.003354469418899019,0.0,0.0,1.5,0.7722602027706829,10905.141007117321,10994.459791778834,11010.504844780602,10902.897672304509,2.5,0.375,0.0,0.0,0.0,0.0,nan,0,1.5248281668656105e-05,-0.0011032723902931751,0.021099179023961856
5.6881928660000005,0.7888568184569427,0.11871952118496014,1.5242543852040362,1.130529325641247,0.15496355691485128,-0.28620960687577585,0.04083078969024278,-0.2709165745747646,-0.012088622219150295,0.0,0.0,1.5,0.7981088145973716,10938.227147517264,11037.51753207426,11041.06750985676,10943.538414738605,2.5,0.375,0.0,0.0,0.0,0.0,nan,0,0.008322861370580803,0.004518458477257348,0.0034480734777460054
5.703165037000001,0.7988828616536546,0.09821362416387798,1.5039016278619026,1.1231357935954667,0.1908765607859825,-0.277505500439984,0.04052489271230771,-0.27129351798585044,-0.008677373050327368,0.0,0.0,1.5,0.8049068053602906,10922.828557775292,11014.918608422291,11024.609191956371,10932.002338377404,2.5,0.375,0.0,0.0,0.0,0.0,nan,0,0.0010605760481842141,-0.018774047371871744,-0.017150327429695134
5.717736391000001,0.8185453062768703,0.10214042207944482,1.5436220164450118,1.1070103765345103,0.18721907723710274,-0.34763277814026156,0.03649784391611163,-0.27202924731692807,-0.008383704928482536,0.0,0.0,1.5,0.8260459821155185,10916.993355699577,11003.503702254557,11015.258101752876,10928.886409372797,2.5,0.375,0.0,0.0,0.0,0.0,nan,0,0.0034914796276352966,-0.01762909271031801,0.02234671936093191
5.73258176,0.8251062251436216,0.11968449326695874,1.519943525613061,1.1222206156319958,0.17662603735888108,-0.3211044384747,0.04632069621086695,-0.27447157999294614,-0.014140996429506824,0.0,0.0,1.5,0.8339798588174683,10926.910712202622,11011.424952094903,11019.647258104633,10939.134281361856,2.5,0.375,0.0,0.0,0.0,0.0,nan,0,-0.0071190278035807575,-0.002861333868495866,-0.0015299703326077108
5.747251272000001,0.8542892396800866,0.13000077084340073,1.5263082952592726,1.1221661657540967,0.17676766601660787,-0.2237695502388321,0.0452556157537927,-0.27551061431752916,-0.012934021972594224,0.0,0.0,1.5,0.8645243963315946,10933.249994960837,11012.378812433028,11033.636998300775,10949.477562635277,2.5,0.375,0.0,0.0,0.0,0.0,nan,0,0.004957301579216478,0.004685116323257632,0.004659015259000698
5.762100296000001,0.8637498151483243,0.148914584147185,1.4851763860010365,1.1127790658972692,0.1669257235961947,-0.2610201313005737,0.041816633881441675,-0.2754541614164409,-0.00904558463757395,0.0,0.0,1.5,0.8766179533140327,10878.12952844743,10937.409976546003,10961.996094087988,10893.13213748472,2.5,0.375,0.0,0.0,0.0,0.0,nan,0,-0.002621754922443431,0.02083619956114116,-0.03662166978158199
5.77674395,0.8831569884416091,0.1353079974569308,1.5011170099398246,1.0858243561942889,0.1674379472364592,-0.3169559629220502,0.04328443499621633,-0.27785540122413716,-0.011442384874119022,0.0,0.0,1.5,0.8934627961590023,10901.934926434637,10961.765321931081,10979.524518601003,10915.813160588716,2.5,0.375,0.0,0.0,0.0,0.0,nan,0,-0.00018831548173192658,0.004474065940872685,-0.020786852457369775
5.791434749,0.9057868176323384,0.12006140697737075,1.5187594701731113,1.046096225837057,0.16563703397806206,-0.27128698676608,0.043439420746585196,-0.2802096871953963,-0.00895999576436693,0.0,0.0,1.5,0.9139017552029762,10925.068074695866,10985.698822835895,11002.25795427916,10937.848280557304,2.5,0.375,0.0,0.0,0.0,0.0,nan,0,0.0055388910363782795,-0.013519902616380336,-0.0032143992179665126
5.806181063,0.9144663191492076,0.1560891823895272,1.5098361219772878,1.0926514549313961,0.16331509655211332,-0.3028340974911481,0.039562844302752816,-0.2791387286372109,-0.010144159607798544,0.0,0.0,1.5,0.9277441624784731,10921.447586645665,10975.680500267106,10991.62427080938,10934.96383638347,2.5,0.375,0.0,0.0,0.0,0.0,nan,0,-0.0026084117276491403,0.019769558364873735,-0.012177961069140153
5.821044477,0.929861533469622,0.14393218643279637,1.518584939455364,1.0674450901424613,0.18108226580987993,-0.38987771009288286,0.03922030119405235,-0.2811645698519331,-0.010142894208904735,0.0,0.0,1.5,0.9411186671681535,10932.830918717416,10984.723937646726,10995.297355257442,10941.105439689833,2.5,0.375,0.0,0.0,0.0,0.0,nan,0,-0.003962873165904934,0.004883694006354439,-0.003434352248249395
5.835583207,0.9578793435039298,0.11832144915912339,1.5144330606977428,1.0883310554698404,0.19181797938381542,-0.3056021550430412,0.04665209745481391,-0.2824278904530607,-0.010505787001018646,0.0,0.0,1.5,0.9652673802028842,11012.62707589181,11076.932064410712,11078.32211112838,11014.956421022123,2.5,0.375,0.0,0.0,0.0,0.0,nan,0,0.007389404241204711,-0.02344526122443337,-0.007571503978224037
5.850676193,0.9694614891947327,0.13953214581656528,1.5072388738784894,1.051087233783616,0.1900407520909141,-0.3256958696015657,0.04337808331379988,-0.2848203335368215,-0.01699131383472451,0.0,0.0,1.5,0.9794780242776623,11006.8130312208,11066.89193514643,11072.399307829333,11013.768611207275,2.5,0.375,0.0,0.0,0.0,0.0,nan,0,0.00239875579342963,-0.004940688820139677,-0.01475203799952407
5.865235795,0.9698250808675561,0.16142993173476305,1.5145989128676776,1.0903599201745375,0.16351298838680445,-0.3765907404177979,0.04822575763937151,-0.28400785177738797,-0.012473512825291428,0.0,0.0,1.5,0.9832768880618369,11019.098446116473,11077.401839700673,11082.816410050993,11017.700659004842,2.5,0.375,0.0,0.0,0.0,0.0,nan,0,-0.013716206805906017,0.014263487235436828,-0.00737662997619859
5.879990877,1.0023110614951964,0.1513927639168841,1.5056872196750386,1.0073005587549813,0.15348651923558054,-0.3124760666386714,0.04435998749918442,-0.28741301853814494,-0.011999105145450308,0.0,0.0,1.5,1.0136959985270007,11041.06064660589,11099.10947075077,11112.386036650978,11043.76567723805,2.5,0.375,0.0,0.0,0.0,0.0,nan,0,0.002388660336492654,0.001545910401818451,-0.01627489799286086
5.894748253,1.0221949709542433,0.1506129051646083,1.5071876711107732,1.0679199576947627,0.1601323280205868,-0.27838928906972227,0.04605000872933235,-0.2842837528944846,-0.012009559992318957,0.0,0.0,1.5,1.0332562453052323,11036.710852422502,11092.319119042417,11108.747590718162,11043.55056328628,2.5,0.375,0.0,0.0,0.0,0.0,nan,0,0.005992521492903302,-0.0019003913943827222,-0.014768696501259226
5.9097164950000005,1.0180081768857543,0.15181740542182823,1.5168252631610333,1.0328265078461996,0.14788274113884692,-0.2963976794154479,0.04625961979069344,-0.28974266794738124,-0.007262033066493645,0.0,0.0,1.5,1.0294038382849129,11006.994761237704,11050.291813911539,11068.211791557684,11016.768675357402,2.5,0.375,0.0,0.0,0.0,0.0,nan,0,-0.014372764586236375,-0.00334806513635888,-0.0051287481244046695
5.924272305000001,1.0641036518898228,0.16380954067822423,1.5308714828225767,1.0116191942267583,0.19487349530772205,-0.3263074397800021,0.041224760968728125,-0.286633214752257,-0.007143021367438234,0.0,0.0,1.5,1.077080867917601,10981.728417978338,11021.00991044952,11038.910623642874,10999.308060227215,2.5,0.375,0.0,0.0,0.0,0.0,nan,0,0.015643098704761327,0.0060059855351122515,0.008930824059090625
5.939036448,1.0587619572775555,0.16076470635461948,1.5111491679625526,1.0281941632717477,0.1737081367888503,-0.277162725555917,0.04706385952614847,-0.28845239878691675,-0.014356720840745863,0.0,0.0,1.5,1.0709558706752322,10983.739600893816,11023.73175140919,11026.577591906498,10993.209927106247,2.5,0.375,0.0,0.0,0.0,0.0,nan,0,-0.005680322096295987,0.000337199887389783,-0.010758961425478608
5.95371844,1.0747039214824976,0.1537771420236311,1.5358463038855616,1.0029793696468252,0.20082663770544176,-0.3342770937942596,0.04954605670546162,-0.2885738233543194,-0.018823132089899233,0.0,0.0,1.5,1.0862416332294902,10967.469829167127,10997.22029653418,11000.356810568768,10971.233859882219,2.5,0.375,0.0,0.0,0.0,0.0,nan,0,-0.005622193499594363,-0.009260015325293997,0.013994258396818005
5.968600738,1.1032117727545527,0.17327458281963676,1.5242201713729118,0.9780382325395185,0.22058445778342614,-0.29908000219855174,0.045119377682085446,-0.2889252931823039,-0.014846493095401772,0.0,0.0,1.5,1.1169990659337614,10976.230039279611,10998.91416648979,11005.05699508166,10972.778469578596,2.5,0.375,0.0,0.0,0.0,0.0,nan,0,0.007099139214546302,0.007642151254853513,0.002453727742116829
5.983321796,1.1184743970319722,0.1716634593339386,1.4697981478127715,1.0091471759243995,0.16526799331354763,-0.34347718543939937,0.045861402224985644,-0.2937594786630299,-0.015166924768430219,0.0,0.0,1.5,1.1319741480979448,10982.276016824137,11004.016106528326,10995.578892422564,10966.530979981413,2.5,0.375,0.0,0.0,0.0,0.0,nan,0,0.0066740374704039596,0.0034505173137938105,-0.05185440455148793
5.998258635,1.124839885897391,0.17938886161695455,1.5378441635686884,0.9496561013848099,0.19175623929452135,-0.3694713569417757,0.05196358800092518,-0.29106471541296314,-0.02369246344054404,0.0,0.0,1.5,1.1396829880690929,11040.670648535553,11075.480063015131,11072.20027651777,11028.781669301416,2.5,0.375,0.0,0.0,0.0,0.0,nan,0,-0.0025466530796418585,0.008610775473986976,0.016328018889645746
6.012655176,1.1387401179097594,0.17816576045100765,1.5455684738401956,1.0383613422088445,0.19506088907286395,-0.27853867319393893,0.046059487074830686,-0.28981604798434074,-0.01756157370678699,0.0,0.0,1.5,1.1534940746021816,11063.214914012073,11094.443831924957,11103.814349824486,11049.2790217434,2.5,0.375,0.0,0.0,0.0,0.0,nan,0,-0.004123332123920687,0.00483928923160995,0.024188582726103247
6.027561607,1.1608559772756497,0.16111116637895156,1.5177218325890238,0.9727043326844934,0.1352600469971979,-0.2966344434200831,0.045802623981857554,-0.2868740762108411,-0.013505853172287112,0.0,0.0,1.5,1.1721166628194069,11007.391427070264,11020.705201421455,11028.7601275854,10990.80148227092,2.5,0.375,0.0,0.0,0.0,0.0,nan,0,0.0026261050132183605,-0.014746478519959194,-0.003523255800117253
6.04221069,1.187046877204544,0.18553776781378387,1.5424101994303252,0.9158635251519196,0.1603897010190666,-0.2796096650371534,0.051080963551316104,-0.2955739895545674,-0.0175716986557882,0.0,0.0,1.5,1.2022076264032353,11006.718600840333,11012.511747360173,11030.25318146874,11006.547257922091,2.5,0.375,0.0,0.0,0.0,0.0,nan,0,0.0135560140702502,0.0071656888014070275,0.021317733528899208
6.057069022,1.1938243145688439,0.1828558694027533,1.5051683215546852,0.9276067657010729,0.14630940787018173,-0.30441373252068865,0.0500200850202904,-0.2899358931922139,-0.010809141071808961,0.0,0.0,1.5,1.2077580364371414,10979.474604657584,10981.981724402029,11002.687574630783,10982.029082838386,2.5,0.375,0.0,0.0,0.0,0.0,nan,0,0.00517744944620091,0.001986322876005031,-0.015750087820367575
6.07172029,1.198349682857046,0.18467112276193048,1.5129653769035434,0.938789431297749,0.16446632530479413,-0.30527626969867727,0.04853752108475934,-0.2910501906939825,-0.010625056462374827,0.0,0.0,1.5,1.2125648382597878,11016.18737117649,11026.986082163121,11044.593240274276,11027.106779245341,2.5,0.375,0.0,0.0,0.0,0.0,nan,0,-0.00534799887913473,0.0013213769507919582,-0.0077562018800401145
6.086433380000001,1.2155857359732527,0.19172278931366785,1.5160214672849448,0.9588290996221122,0.1685285077583649,-0.28420791849365606,0.0481445283778537,-0.29265516724240553,-0.016299371666044633,0.0,0.0,1.5,1.230716456726654,11029.476476373453,11045.580528847793,11059.77500789805,11044.304451447615,2.5,0.375,0.0,0.0,0.0,0.0,nan,0,-0.003053417003559211,0.00591098614758237,-0.004492483537693603
6.101208625,1.233986710752798,0.180262672147883,1.5141900257017913,0.9791752001994568,0.14911415798144503,-0.3443325500689868,0.04744940149243725,-0.2925992586849169,-0.017893522991955207,0.0,0.0,1.5,1.2471644599305347,11012.062414520175,11022.01354148297,11033.867804602269,11019.121690665384,2.5,0.375,0.0,0.0,0.0,0.0,nan,0,0.0005158680611179189,-0.007992773651010504,-0.006105236187399443
6.116158201,1.248337495719666,0.2183420817983815,1.5248538446094893,0.9278957956367812,0.1683396442317462,-0.25736166188090365,0.04894008959021806,-0.2901110952100114,-0.01232065027403485,0.0,0.0,1.5,1.267532043577428,11033.047745541448,11044.329393421696,11059.938116677775,11039.232582601904,2.5,0.375,0.0,0.0,0.0,0.0,nan,0,0.00014397810172583902,0.02766146775157083,0.004792445126618139
6.13062717,1.2464121139762023,0.20011284783809163,1.5103237697557965,0.915636144568698,0.16294606122058425,-0.3554722876030996,0.04923924210107051,-0.2913576286286798,-0.015048086045668855,0.0,0.0,1.5,1.2624162902776832,10995.451336691456,10999.006267560466,10998.780597439934,10995.283645903533,2.5,0.375,0.0,0.0,0.0,0.0,nan,0,-0.01639484753848741,0.007025727427701273,-0.009487885904195803
6.1455018820000005,1.2884029192197866,0.2101542821097591,1.5359516167070641,0.9402686832267586,0.18368199798136187,-0.23122294562877985,0.05038029688235897,-0.29530010444926164,-0.016369957385450617,0.0,0.0,1.5,1.3059247387529604,11038.922755073098,11050.202908262681,11050.22715460394,11040.183939183351,2.5,0.375,0.0,0.0,0.0,0.0,nan,0,0.011089822453814957,0.01467916459293575,0.016413280744883352
6.160211230000001,1.2832565737636616,0.19053942318024858,1.529578608057202,0.8784553070289154,0.1399464746511228,-0.3403722550930384,0.04585912021847362,-0.29289435141746867,-0.007665480874134101,0.0,0.0,1.5,1.2976623597639392,10955.945019490664,10954.210454579463,10947.677614520027,10949.465222872923,2.5,0.375,0.0,0.0,0.0,0.0,nan,0,-0.008455035463563965,-0.007304990352494989,0.010337383089091157
6.175043261000001,1.31278539948427,0.20493505735196213,1.5430044745770386,0.8924566286320854,0.1560048158813459,-0.2963981721392375,0.04443233353454622,-0.2938284779646113,-0.012868162109639071,0.0,0.0,1.5,1.3293807835472022,10961.449031700517,10964.064314078068,10956.8952847631,10957.454110553668,2.5,0.375,0.0,0.0,0.0,0.0,nan,0,0.006777058439415784,0.004739303573279535,0.024104703234717695
6.189722899,1.3194178057781298,0.22147854423052366,1.51855214143971,0.8695784217321201,0.10987382062646782,-0.30955648222315457,0.046411237132663874,-0.29309811422787974,-0.010352114547290594,0.0,0.0,1.5,1.3380060813429981,10980.96563812497,10989.16381251291,10978.688196679774,10975.585175709331,2.5,0.375,0.0,0.0,0.0,0.0,nan,0,-0.0007818144181350739,0.018950139583429892,2.7215805995517428e-05
6.2044859400000005,1.342740644154169,0.21003570518692707,1.5207916880724266,0.8859390473532878,0.15895895629314183,-0.3118257217670913,0.05112561470058119,-0.2925305470219403,-0.014291411929628085,0.0,0.0,1.5,1.3592276222950384,11008.448600854512,11022.22850142768,11017.044860419748,11009.124940670546,2.5,0.375,0.0,0.0,0.0,0.0,nan,0,0.008456419472765209,0.00519371441085964,0.00267211501911202
6.219184923,1.3560025683053538,0.20481755173145186,1.5068146834195246,0.8920062728942753,0.16258254197801483,-0.2623779170506329,0.05114122510358573,-0.2925650486643758,-0.01773243233901732,0.0,0.0,1.5,1.371400610565013,11031.446834095841,11045.81715324566,11050.771826713004,11035.608313934872,2.5,0.375,0.0,0.0,0.0,0.0,nan,0,0.007744881608586107,-0.002318062276353672,-0.010882705446672025
6.2339524850000005,1.3896069447941417,0.20069321824363498,1.5023390295207286,0.8642361140383407,0.13093428533327062,-0.29557239430503646,0.05152925846246098,-0.2965496874383242,-0.014537671211790585,0.0,0.0,1.5,1.4040266022865078,11032.101545080792,11043.949090301476,11053.601013055742,11036.962218523091,2.5,0.375,0.0,0.0,0.0,0.0,nan,0,0.027489454724221263,-0.008715452900553866,-0.014926681465257996
6.248650808000001,1.384925446306116,0.1995938308760286,1.5110250342849811,0.8752161580116171,0.15289592090391144,-0.2248386751339472,0.049346372692214244,-0.2968640826305099,-0.01700744866473934,0.0,0.0,1.5,1.3992775780848303,11049.683658869917,11065.672099619127,11086.818088404403,11063.566791394824,2.5,0.375,0.0,0.0,0.0,0.0,nan,0,0.009062924241369563,-0.012066955112077282,-0.005802349494629544
6.263502709,1.3989929073800957,0.20499921692250217,1.5234500453591107,0.8422962553488933,0.15045494676367094,-0.2753216724310848,0.047662031995552016,-0.2923416921625927,-0.018874761390490605,0.0,0.0,1.5,1.4141272002426077,11016.813401991749,11026.119596976396,11046.40526924578,11027.950454385322,2.5,0.375,0.0,0.0,0.0,0.0,nan,0,0.009501589496407892,-0.008892337708850923,0.007063469762359942
6.27822229,1.3984754921998004,0.21162246330127119,1.5268849814900947,0.8064295824797312,0.12811459568905836,-0.3445809957738911,0.04759666561525259,-0.2932227601862651,-0.009976023286143982,0.0,0.0,1.5,1.4146521026340344,11021.048293917474,11023.097066295088,11040.633258019905,11025.027121676334,2.5,0.375,0.0,0.0,0.0,0.0,nan,0,-0.004531780267314822,-0.00447890697151937,0.010953370991042544
6.293060202,1.4345115947800002,0.22787538695805182,1.5177076513415086,0.8721312314609083,0.13897217320054955,-0.2822231719813251,0.05365852747180635,-0.29637386130994753,-0.018190105270175973,0.0,0.0,1.5,1.452606026579669,11062.910794556356,11072.91409369214,11088.5819463367,11070.304847038555,2.5,0.375,0.0,0.0,0.0,0.0,nan,0,0.018102170867910106,0.009585404733319314,0.002242345432172721
6.307674296,1.4329407726070442,0.22102033797700885,1.5343082697648958,0.816414155197516,0.11618466471867359,-0.366443382261821,0.04887408779762489,-0.2938200036661414,-0.018352189553420797,0.0,0.0,1.5,1.4502917999400688,11044.669165278276,11050.1432974353,11073.967520759574,11054.556066601575,2.5,0.375,0.0,0.0,0.0,0.0,nan,0,0.0032462187398274445,0.0005635231489083958,0.01931025098596484
6.322765410000001,1.4339047374483858,0.2149467951098676,1.5092128833682927,0.8322295556948444,0.1597102089248931,-0.23721613872406466,0.0487513782108443,-0.2922823194850862,-0.011931277009658106,0.0,0.0,1.5,1.44995510207209,11084.791650148209,11093.153846364623,11117.032059433282,11090.927737530987,2.5,0.375,0.0,0.0,0.0,0.0,nan,0,-0.008957919980602469,-0.007655031962730041,-0.005316760540956533
6.337263172,1.4445118100701035,0.23388107418837117,1.5307598767222754,0.7780621714582603,0.15155746504610507,-0.3044295092285039,0.05242368209487611,-0.29324286086553736,-0.013984815394429945,0.0,0.0,1.5,1.463646438287431,11050.110879841777,11052.90944162334,11063.008556453966,11051.201662349784,2.5,0.375,0.0,0.0,0.0,0.0,nan,0,-0.0114003254391839,0.009156305188927155,0.01669441084832557
6.351897480000001,1.4668978848861478,0.22179304230539834,1.5210860177647185,0.8462474245236559,0.14672442317493645,-0.26663046024532044,0.045704930285641376,-0.29648237966496377,-0.011719631019587421,0.0,0.0,1.5,1.4837203841842008,11057.897675161325,11063.340217689914,11067.625293193878,11058.284153704357,2.5,0.375,0.0,0.0,0.0,0.0,nan,0,-0.0019480886732503588,-0.005033091068285533,0.007490224578433624
6.366647380000001,1.4852885021167115,0.2251188335054868,1.524474488767949,0.7883417832382285,0.14985895762301604,-0.3089040399848496,0.04992340518178604,-0.2969873847613131,-0.015043195889581756,0.0,0.0,1.5,1.502451138746092,11037.607374771904,11044.759922023575,11037.707551398113,11033.666273203677,2.5,0.375,0.0,0.0,0.0,0.0,nan,0,0.0036240860561302934,-0.0037871605629422878,0.011354452862104347
6.381457522000001,1.5078063519750031,0.22336538284046759,1.5066939069846872,0.7995103796943676,0.1200027207720545,-0.2787214156447496,0.051245870481988365,-0.292966862021039,-0.009384663486500947,0.0,0.0,1.5,1.5242758601048418,11054.904077327277,11067.500285593376,11060.238793322676,11050.016113710204,2.5,0.375,0.0,0.0,0.0,0.0,nan,0,0.013437572924678953,-0.00759920366250344,-0.00594023117744813
6.396156272000001,1.4996961625230025,0.2418904380615667,1.5099559032963614,0.7960729571605162,0.12934575843756965,-0.2736088360797012,0.04931517743947034,-0.2965356259538056,-0.017903199823767754,0.0,0.0,1.5,1.519111149298261,11071.990719120577,11084.742461760978,11084.114848385881,11078.777965768442,2.5,0.375,0.0,0.0,0.0,0.0,nan,0,-0.007260065842860541,0.00888895865900502,-0.0021918803849887425
6.4109744420000006,1.5294381935473083,0.25335011496883114,1.5302938696394113,0.7756606104063151,0.15508554361354146,-0.2649072636498559,0.051732380797527074,-0.2910050206083914,-0.012664013788466193,0.0,0.0,1.5,1.5505757598949181,11078.579363598637,11090.441041036434,11091.953221026382,11081.425582614691,2.5,0.375,0.0,0.0,0.0,0.0,nan,0,0.010013379881283813,0.018333746639109916,0.018626028183334586
6.425589189,1.5266393950432893,0.23693172866901951,1.5129775776751002,0.7857576903724719,0.16343222794805518,-0.27425544285194103,0.049553098989587305,-0.2929662140588136,-0.015009347775583595,0.0,0.0,1.5,1.544970195204601,11062.147089448703,11065.408570489151,11059.06694571085,11060.951310137836,2.5,0.375,0.0,0.0,0.0,0.0,nan,0,-0.005136113760180416,-7.767969412991738e-05,0.0017859354180942422
6.440297362000001,1.549410727918328,0.2306026450197861,1.4975175111048704,0.7651607799909572,0.12984020527611737,-0.2739630654989137,0.05160451975783017,-0.2948883092218289,-0.018111186084863125,0.0,0.0,1.5,1.5664792837537427,11063.037936826593,11065.730305187677,11057.235036556616,11059.298026106426,2.5,0.375,0.0,0.0,0.0,0.0,nan,0,0.005400421188371585,-0.008378265344166358,-0.013195710465451205
6.455073356000001,1.5616427097030563,0.23434912024503377,1.5233978959408396,0.7869769721809762,0.11799405104220896,-0.24318150347395284,0.05067317759321086,-0.2937848409629633,-0.016961700784126284,0.0,0.0,1.5,1.5793020371236097,11095.574535560549,11101.546035939493,11105.406311041073,11091.466963928395,2.5,0.375,0.0,0.0,0.0,0.0,nan,0,0.0055154174335962924,-0.006581441411764727,0.013158393170594529
6.469948276,1.5670274224435619,0.2419904998658158,1.5134280310178794,0.7848413854082259,0.10011850662335514,-0.27245311458443866,0.050851322608114244,-0.2934493703384409,-0.02030205484116769,0.0,0.0,1.5,1.5856590606850005,11074.128080043172,11069.327977068815,11079.499448900353,11070.370309729688,2.5,0.375,0.0,0.0,0.0,0.0,nan,0,-0.001097209466615956,-0.0008675491776501121,0.0036508408273494553
6.48462615,1.5628455881692371,0.2509409119948995,1.5127170094230107,0.7383899868279343,0.08833498640859455,-0.2695651425366803,0.05080486638370829,-0.291874410147384,-0.01693585738333082,0.0,0.0,1.5,1.5829148417086578,11080.301965592555,11071.26924864255,11090.725943635947,11077.335561605369,2.5,0.375,0.0,0.0,0.0,0.0,nan,0,-0.017159060965943107,0.006177204453804375,0.003397645045448705
6.499445012000001,1.5897635164446728,0.26346655309678607,1.5313849652293627,0.7272006714750031,0.16581052995494233,-0.2487011444336158,0.04630031185976161,-0.29230402320279103,-0.01563204045885875,0.0,0.0,1.5,1.611752983202352,11086.932268059463,11076.974902690647,11100.537384707653,11085.767601975336,2.5,0.375,0.0,0.0,0.0,0.0,nan,0,-0.002003360049348313,0.016819103165794408,0.022516627755480245
6.514106407000001,1.5969370247587795,0.26724507368921585,1.5111987387287724,0.7272294407996052,0.14968430075671202,-0.293037127865252,0.04313934859671288,-0.2947748389291772,-0.011422638328240886,0.0,0.0,1.5,1.6191828810253932,11071.83703100089,11062.853096059853,11060.364734583105,11055.83458538257,2.5,0.375,0.0,0.0,0.0,0.0,nan,0,-0.006474910175737092,0.018735689832649755,0.0027758843379026565
6.528924521,1.6014544036184573,0.25106443639033643,1.4951474434251193,0.7247089151738029,0.1621734591505654,-0.252538523816166,0.04966467034794212,-0.2929027647903576,-0.015132458622243845,0.0,0.0,1.5,1.6210222408697106,11097.482439824247,11101.161027623562,11082.578939236775,11076.875642695954,2.5,0.375,0.0,0.0,0.0,0.0,nan,0,-0.013487262805516709,0.0007146210522505636,-0.012830193521755628
6.543622677,1.6520386074073896,0.2563431788782636,1.5129299636381492,0.7395140796532719,0.1091296167738595,-0.27326070992280577,0.04678419012742217,-0.29388897511377976,-0.013313787118847394,0.0,0.0,1.5,1.6718584179533997,11113.941793536833,11120.621432282413,11103.45103483095,11094.779097711793,2.5,0.375,0.0,0.0,0.0,0.0,nan,0,0.025685761267610463,0.004174955191772023,0.005385846650930004
6.558381669,1.6261819820866326,0.270474258923225,1.5289375388305761,0.7430117114959526,0.08279707588572488,-0.24429984769498736,0.05409839685974938,-0.2917130320900579,-0.025872316724295845,0.0,0.0,1.5,1.6487757715216607,11117.424295635521,11125.293472795202,11111.405614907993,11102.73674405205,2.5,0.375,0.0,0.0,0.0,0.0,nan,0,-0.011461802034000268,0.016509986810428978,0.021808826101622714
6.573089400000001,1.655444967530287,0.25500124896043214,1.486261279940341,0.7140346360707809,0.12593931167132424,-0.20607005251563898,0.04781238629082733,-0.29488947983781993,-0.02121239205171839,0.0,0.0,1.5,1.6750260982807434,11081.004947202247,11067.323434401553,11078.671114619825,11072.157653595563,2.5,0.375,0.0,0.0,0.0,0.0,nan,0,0.006628743192268027,-0.0007368621416496968,-0.020465301099485966
6.588156164000001,1.679964138757238,0.257893080912342,1.5063314757972583,0.6899463759491162,0.11382070183929247,-0.3182231322465876,0.04983258032922594,-0.29484843721464576,-0.01446461581232082,0.0,0.0,1.5,1.6996553875061202,11074.742606806103,11057.629008578355,11071.3172245745,11062.287978650991,2.5,0.375,0.0,0.0,0.0,0.0,nan,0,0.02009017574480021,0.0004028884605251637,5.3468456129301956e-06
6.602559984,1.6600876915943583,0.265242967159544,1.4827515388446506,0.7026947243702837,0.11631345352046733,-0.1987943966398939,0.05340020132096156,-0.29245248343335517,-0.015103202879761022,0.0,0.0,1.5,1.6812324303388013,11142.2390374124,11146.34084664634,11160.889598336418,11139.286233064075,2.5,0.375,0.0,0.0,0.0,0.0,nan,0,-0.01072607325662367,0.00602309586490396,-0.023187410560351784
6.617563076000001,1.6680574111937077,0.25889388650061074,1.4796480073745204,0.6783405109636466,0.12777534426974038,-0.23424320065195722,0.04692520059994728,-0.29431371894357544,-0.01831237323933922,0.0,0.0,1.5,1.6881515853469653,11134.252647038138,11137.61546777718,11154.491033513303,11136.28295693238,2.5,0.375,0.0,0.0,0.0,0.0,nan,0,-0.013572101187757424,-0.0020321709656421216,-0.02593818445900209
6.632083972,1.693027631647897,0.2698547585733584,1.5234126056764423,0.6957989759908749,0.1112056218054679,-0.17947209873273665,0.05328887729234872,-0.29393037708398795,-0.018819588538715327,0.0,0.0,1.5,1.7145589235580483,11151.61059182481,11157.861020554814,11165.26363522528,11145.654547687494,2.5,0.375,0.0,0.0,0.0,0.0,nan,0,0.000705659850179341,0.007246003851530736,0.018146212080593083
6.646912994,1.6868321166112807,0.2833231451143096,1.5307695741184328,0.6830698375863511,0.10479574987473526,-0.208546656090966,0.05029356000115353,-0.2942682196923641,-0.01858749198340416,0.0,0.0,1.5,1.7107370811671172,11090.920329373732,11083.199953299476,11092.066661627045,11084.894019387268,2.5,0.375,0.0,0.0,0.0,0.0,nan,0,-0.016060245339559964,0.019055096587264286,0.025792856925292096
6.661573177,1.7002073940790403,0.26094500685995414,1.4918524897755494,0.6780644579005701,0.09445621764465152,-0.20818428135861633,0.05007130950918255,-0.2937990660463838,-0.014448032042738153,0.0,0.0,1.5,1.7201348381475914,11046.17178264323,11029.447944104973,11034.44488024783,11041.180072223846,2.5,0.375,0.0,0.0,0.0,0.0,nan,0,-0.013142035139958264,-0.004960202604369746,-0.012837020032904656
6.676352932,1.7207537123197163,0.2699006361620039,1.4895046121302793,0.631994290880161,0.09117387586627584,-0.20545556539275464,0.046646252794172775,-0.2942842113403333,-0.010270257758834599,0.0,0.0,1.5,1.7418237123857496,11048.892955721538,11033.924777003549,11040.424392298457,11048.955432440234,2.5,0.375,0.0,0.0,0.0,0.0,nan,0,-0.002944134340051141,0.002379764640302262,-0.0148859260118408
6.69105633,1.7227522050525022,0.2744421952785765,1.5212521032131312,0.6431758463240672,0.11021289325957058,-0.2508041348564424,0.04991663674228237,-0.2890586889647062,-0.021348071764457573,0.0,0.0,1.5,1.7446046344239614,11073.551130769963,11071.514800893387,11070.181636668622,11075.931205538038,2.5,0.375,0.0,0.0,0.0,0.0,nan,0,-0.011183473985404202,0.005327560465294534,0.01716478492791018
6.706023272,1.7387854793680193,0.276282795411756,1.4668141993251909,0.6523072797635053,0.12497326140012088,-0.22083513896561277,0.048843962437855076,-0.28961998514996956,-0.007649264556763244,0.0,0.0,1.5,1.7609112480951545,11095.052089143113,11088.201556142514,11089.081641398876,11091.400040560726,2.5,0.375,0.0,0.0,0.0,0.0,nan,0,-0.005274724261665531,0.005596811802837942,-0.03697569139395651
6.7206082380000005,1.7422022981574388,0.26921715619979525,1.497998366214312,0.6601663619334591,0.11798409054699774,-0.20484746371380508,0.04900416766344983,-0.29225486046344396,-0.014699203336595775,0.0,0.0,1.5,1.7628813719122391,11135.31489521186,11141.896628417524,11136.280961340883,11140.574909860046,2.5,0.375,0.0,0.0,0.0,0.0,nan,0,-0.011865741601476909,-0.0030171431322149056,-0.005512075290013518
6.735389088000001,1.7575724107893032,0.2674812860683209,1.4854476298763002,0.5999060856387767,0.10765875867482236,-0.1984359383201716,0.048843575833600016,-0.2941418613118491,-0.018306056076473298,0.0,0.0,1.5,1.7778691709573862,11124.800218815264,11130.286795009486,11124.876449484225,11130.951034224086,2.5,0.375,0.0,0.0,0.0,0.0,nan,0,-0.006383429876452462,-0.006277680946631059,-0.017813400383023037
6.750102719,1.7710995659392987,0.28582585642935776,1.5132972406336138,0.5664978109699215,0.08929973480914984,-0.1604156407820491,0.0453514328042876,-0.29242170189805133,-0.007791727458374462,0.0,0.0,1.5,1.7940643548330188,11126.397537945577,11133.259042016467,11134.004704298935,11128.767354509238,0.0,0.0,0.0,0.0,0.0,0.0,nan,0,-0.002250531560612723,0.01062196998542353,0.010259338575712373
6.764902581,1.773955692077695,0.27150517240775945,1.4750854286963966,0.5024546949381107,0.07160154054516785,-0.20582029138662147,0.050885073102766486,-0.2902588417819667,-0.017898529523354488,0.0,0.0,1.5,1.7947853888312841,11090.99097650386,11094.100778755357,11088.90041043531,11093.27634864697,0.0,0.0,0.0,0.0,0.0,0.0,nan,0,-0.008109256515748342,-0.0050359324555806495,-0.027752392367114354
6.779479086,1.8067462002499224,0.27757847333915214,1.5114311022990252,0.503263451606619,0.07794376999610073,-0.15572672825885198,0.04801076398971203,-0.28897872150234505,-0.011814396415613162,0.0,0.0,1.5,1.8279803913277073,11135.10323962267,11138.690016962717,11141.88313987842,11137.942277818476,0.0,0.0,0.0,0.0,0.0,0.0,nan,0,0.01664483495738045,-0.00019221541498826156,0.008771090360686129
6.794428216,1.79260124149678,0.26337518271902877,1.4973953247568392,0.468076601620327,0.05650745955634509,-0.12162837011326065,0.05331124200185388,-0.29207567880161994,-0.017978080935193742,0.0,0.0,1.5,1.811847808791125,11132.985902367653,11128.181739406462,11133.572310831893,11136.989583675746,0.0,0.0,0.0,0.0,0.0,0.0,nan,0,-0.004854493106982716,-0.015516797646097369,-0.005123610620091812
6.8090313280000005,1.7973043578988532,0.2726109602209066,1.4945822912624611,0.3578019639391828,0.05788924612468303,-0.12521272735077218,0.05157124681279053,-0.2929824043462788,-0.018657949740536167,0.0,0.0,1.5,1.8178693688278977,11090.600453928146,11074.45985586961,11094.067871237308,11100.528878548155,0.0,0.0,0.0,0.0,0.0,0.0,nan,0,-0.006829039464612219,-0.007294797540869924,-0.007817071448216417
6.823828086000001,1.8158647214811392,0.28171567039489465,1.483156269501744,0.3551565272866242,0.054903844839221914,-0.10691928961431922,0.05395780709521374,-0.28714129255332255,-0.019954893138366934,0.0,0.0,1.5,1.8376648543526422,11088.695338179621,11074.436521663329,11096.075033026591,11097.893308675975,0.0,0.0,0.0,0.0,0.0,0.0,nan,0,0.005725913777569813,0.0009029817070015378,-0.01913266935251401
6.838580605000001,1.8204308320438778,0.282996917110913,1.529202885281193,0.34030185593359275,0.06736737561192523,-0.12214866896261103,0.05220292815701784,-0.29194067473795654,-0.017179120105916903,0.0,0.0,1.5,1.8425277414082515,11101.31082170207,11082.274654233399,11107.041220544608,11106.8404876537,0.0,0.0,0.0,0.0,0.0,0.0,nan,0,0.004958923142376559,0.001384144540633181,0.027012706577208778
6.8534092200000005,1.8236469440612895,0.29367893328907263,1.5100764055724636,0.282568302066709,0.0447582500870299,-0.08834645211240803,0.05157616182702012,-0.2922263495443081,-0.016438555017062453,0.0,0.0,1.5,1.84717000473458,11080.30644617884,11061.012146877085,11078.64590569289,11083.986504603088,0.0,0.0,0.0,0.0,0.0,0.0,nan,0,0.003513805519327562,0.011372796484026837,0.007972543742766236
6.868063789000001,1.8155003634643758,0.2573476131204656,1.5023910233792843,0.17424063238451185,0.008605986930957916,-0.13189623772441772,0.054031832442468425,-0.29274952958144235,-0.01880159189790706,0.0,0.0,1.5,1.8336507521092675,11066.744085851511,11048.686640203443,11060.344515339733,11065.514858164537,0.0,0.0,0.0,0.0,0.0,0.0,nan,0,-0.008625609855080763,-0.025545822838349552,0.00037045871287877397
6.882832788000001,1.827645881904406,0.2917830402893664,1.5278671462383668,0.19574225882183327,0.07019270897198043,-0.07667641894731367,0.04596314827847312,-0.29075205866648096,-0.011892368914893071,0.0,0.0,1.5,1.851000645619042,11103.465211150924,11095.991618357983,11115.398699462885,11109.672896601878,0.0,0.0,0.0,0.0,0.0,0.0,nan,0,0.00019472889271177074,0.008408119315890583,0.025927306541321027
6.897453738,1.806667954205126,0.28707719371348484,1.4921855506490502,0.15871131862876792,-0.007425837235013716,0.006678991684169608,0.04772156621850042,-0.29010581086035236,-0.011458373167934953,0.0,0.0,1.5,1.8293505616805117,11082.897123258155,11078.141065469485,11077.466210921984,11078.824894235091,0.0,0.0,0.0,0.0,0.0,0.0,nan,0,-0.02343902573637302,0.0033267136390399132,-0.009683703371029528
6.912337101,1.8453825132150687,0.2715766400201153,1.4749733526482973,0.08061201259194592,-0.022616021847518014,-0.009692474374551596,0.05154693752520326,-0.2919982186715417,-0.017112848521341418,0.0,0.0,1.5,1.865426713800959,11043.342792694923,11035.116736174463,11022.45571168887,11036.892464620332,0.0,0.0,0.0,0.0,0.0,0.0,nan,0,0.01328484504000027,-0.012444306187304466,-0.026823333558994245
6.926970925,1.840245499477963,0.2764850310900906,1.517000664137197,0.07551271351414839,-0.01757860868450528,0.015951579595368186,0.05065652953694467,-0.2911873547563564,-0.018755123266697222,0.0,0.0,1.5,1.860977295226057,11059.160175861225,11052.215444792053,11054.402471037449,11060.713597187183,0.0,0.0,0.0,0.0,0.0,0.0,nan,0,0.006820520317031731,-0.007701711516465259,0.01528255871150841
6.942069978,1.8326677792822001,0.2841968624014668,1.500143285146612,-0.014208007076849515,0.0375589467700065,-0.04967492815286749,0.049627656672526825,-0.29330740026709445,-0.014667224351955251,0.0,0.0,1.5,1.8545724753561459,11033.632779964624,11016.776262640156,11034.237066546852,11041.456557778223,0.0,0.0,0.0,0.0,0.0,0.0,nan,0,-0.0014202706857935343,-5.101021142439599e-05,-0.0014948411749564627
6.9564712570000005,1.8291876339309627,0.2648100017146012,1.4967156173301919,-0.021918618387300522,-0.019877963876173348,-0.014386842863497692,0.04848043066625368,-0.29017566062231664,-0.01234227630660687,0.0,0.0,1.5,1.8482593227963338,11090.645856143745,11094.651274487132,11089.454499508283,11084.697003726678,0.0,0.0,0.0,0.0,0.0,0.0,nan,0,-0.004900061797815436,-0.019394627807800213,-0.0048401020176152
6.971376318000001,1.8407865664223826,0.2855483188460394,1.5095590278434363,-0.03353163030574578,-0.018176544496296066,0.028267343603811484,0.049796730522755094,-0.2921814378674969,-0.014587226747689884,0.0,0.0,1.5,1.862826991572276,11107.38888833301,11114.880377695043,11109.672555311618,11105.714890620731,0.0,0.0,0.0,0.0,0.0,0.0,nan,0,0.00736715082948769,0.0014918336673040988,0.008071537357926761
6.986026306,1.8239033053619107,0.27330088527466956,1.5080877225655287,-0.11889544916575905,-0.06331262932291402,0.005865908371365583,0.04980026823560892,-0.291127819131386,-0.013428755109334008,0.0,0.0,1.5,1.8442836149731197,11066.80433833098,11064.809318109497,11061.304478767652,11068.150048621332,0.0,0.0,0.0,0.0,0.0,0.0,nan,0,-0.008181274600771893,-0.010502932678318255,0.0066571551072429624
7.0009841370000006,1.8408025710528202,0.2879484878917176,1.5333974604783283,-0.19285301691286424,-0.021506340308046233,0.06614772139759316,0.049171365882957244,-0.2914570811065985,-0.015275756634133884,0.0,0.0,1.5,1.8634870076392271,11068.826673053407,11065.25792991589,11073.200817278546,11078.020951836217,0.0,0.0,0.0,0.0,0.0,0.0,nan,0,0.010715518131071633,0.0045011011408866985,0.03202365973433219
7.015587898000001,1.8386562354509581,0.3005357176516662,1.517220879986938,-0.19506540605545827,-0.05176122795986027,0.08773962461215717,0.04760542960078024,-0.2924094842893687,-0.013355175545257156,0.0,0.0,1.5,1.8631358051560856,11029.917928486457,11017.118663721869,11012.893684234046,11027.154578810863,0.0,0.0,0.0,0.0,0.0,0.0,nan,0,0.011227361365548694,0.017548048480669765,0.01590882044547004
7.030400672000001,1.8247922565477828,0.3008783781301323,1.5030602242469688,-0.21054602194910121,-0.08403246210109902,0.04639296160675486,0.05288590565571951,-0.29332207491410067,-0.014481471805045476,0.0,0.0,1.5,1.8494334113331599,11004.907235082486,10989.43137155833,10980.493114541305,11000.30383260361,0.0,0.0,0.0,0.0,0.0,0.0,nan,0,0.0006770928607633397,0.01845274472989389,0.0018303400148800275
7.04516849,1.8111761032509088,0.25573939527108647,1.4974832730561374,-0.30734240175480865,-0.07846698213287019,0.09073781173139217,0.045177994460747384,-0.2904155175611719,-0.014585043578097855,0.0,0.0,1.5,1.8291440209002892,11036.01600585492,11028.5371844762,11037.80485668572,11045.749940931206,0.0,0.0,0.0,0.0,0.0,0.0,nan,0,-0.008970216048134416,-0.026022109063828125,-0.0036441000794118494
7.060031846,1.8212824037933906,0.2550122671878124,1.5050368260170734,-0.28485778216709917,-0.04005066410078275,0.13611536932518017,0.05353444755897036,-0.2933307824719835,-0.01999623269072029,0.0,0.0,1.5,1.8390557958909308,11053.606597671056,11046.76950748453,11062.333714153381,11067.442991081241,0.0,0.0,0.0,0.0,0.0,0.0,nan,0,0.005763610183312062,-0.025982632273619355,0.0040192182826421785
7.074626259,1.8245972639918169,0.29108637908943763,1.4997182035216001,-0.34180210819775975,-0.05793163764368518,0.12750204008893526,0.04900063740889199,-0.28765517510704025,-0.008873331116214495,0.0,0.0,1.5,1.8476705700062115,11013.948362354715,10997.323828177334,11015.283119007941,11023.270157727287,0.0,0.0,0.0,0.0,0.0,0.0,nan,0,0.014363591196953074,0.01096018659180592,-0.0011799906052984976
7.089298134000001,1.7955738776759917,0.2773289507019189,1.5153917083439494,-0.4132608773061141,-0.07500237610610147,0.08781387214477425,0.04726040513443489,-0.29328382197798725,-0.02120110760463219,0.0,0.0,1.5,1.8169297734848118,11010.269039110304,10992.55174183896,11000.067770398846,11018.001283248475,0.0,0.0,0.0,0.0,0.0,0.0,nan,0,-0.008721182248002224,-0.0018273175897863259,0.014635078787458955
7.104001748000001,1.8122083558040236,0.2736061839469505,1.5285885262237962,-0.427818825054642,-0.05777812554105957,0.15464707953077933,0.047509648810068014,-0.29250484041666214,-0.00981325156951118,0.0,0.0,1.5,1.8329693866978751,11050.623162891774,11043.247233555036,11045.327862961196,11043.291616033062,0.0,0.0,0.0,0.0,0.0,0.0,nan,0,0.014506733042747744,-0.004479023781861435,0.027990186758073854
7.118830993,1.7854928001264314,0.2879189834273741,1.5160287281244558,-0.4936840116294066,-0.0894453339803843,0.15857676490557177,0.04595421426522718,-0.2903269987868801,-0.012323199886062614,0.0,0.0,1.5,1.8086289836355232,11025.730185067965,11020.697466426387,11011.906670979179,11014.897747436484,0.0,0.0,0.0,0.0,0.0,0.0,nan,0,-0.004958333445091556,0.01100601377184346,0.0155971131277588
7.133553637,1.7947967990156135,0.2804637659244677,1.5075746585697893,-0.5373233568965966,-0.09048486804740478,0.09095778633242528,0.047715440523501684,-0.2940991928776802,-0.022329586083122507,0.0,0.0,1.5,1.8165937490825175,11020.325063582448,11015.523925392506,11000.002827329692,11009.117868884749,0.0,0.0,0.0,0.0,0.0,0.0,nan,0,0.012249955423210945,0.0048234218259901596,0.0073281359641326205
7.148454562,1.7841143909344745,0.2624788245308597,1.475375296148233,-0.5589845116603966,-0.0759354942444697,0.16726926334569636,0.04988915783781779,-0.29338407660027793,-0.0193174134972681,0.0,0.0,1.5,1.8034870859827026,11071.156346374359,11076.566905488333,11062.806211542787,11055.151021338894,0.0,0.0,0.0,0.0,0.0,0.0,nan,0,0.010126118615521928,-0.011788693457578991,-0.024670173560598307
7.163100738000001,1.7910351887228821,0.2733877734817812,1.4870692848779594,-0.6122996566722033,-0.1318995666987763,0.1867381505347752,0.043962087092806544,-0.2918941858763809,-0.008068340561704473,0.0,0.0,1.5,1.811826461150875,11101.434610079525,11114.102493274024,11103.812260856363,11083.544812659642,0.0,0.0,0.0,0.0,0.0,0.0,nan,0,0.0262659767979323,0.0005940094359374037,-0.012780546018797967
7.177938954,1.7618816998883053,0.262492439479113,1.4948366360771923,-0.6504224620174859,-0.08762475817747808,0.19153974428815262,0.050884385355204405,-0.29324788036993116,-0.013120925840036988,0.0,0.0,1.5,1.781335472479005,11103.269701246398,11116.664431898975,11118.422265302108,11100.80559093883,0.0,0.0,0.0,0.0,0.0,0.0,nan,0,0.006995132557404915,-0.008726347946387492,-0.004834099638831635
7.192470574000001,1.7424311485900448,0.2677994697040796,1.5040883727898338,-0.6642041429988572,-0.06081590776079648,0.23362237080707662,0.049201639541707226,-0.29440110573421246,-0.017166218097137767,0.0,0.0,1.5,1.762895226138717,11091.539950518558,11114.598700105207,11115.080494803662,11094.585275118594,0.0,0.0,0.0,0.0,0.0,0.0,nan,0,-0.0019092632011252775,-0.0017432708736526692,0.004579403827178696
7.207353826,1.7352204028205538,0.27985488761508154,1.485939446523523,-0.7397521203566889,-0.10193451404126633,0.2818338251819267,0.05099064673379899,-0.2898559197217835,-0.011909623498767462,0.0,0.0,1.5,1.7576991504949986,11049.520197607013,11088.498160878244,11071.094488051114,11039.160439937212,0.0,0.0,0.0,0.0,0.0,0.0,nan,0,0.0020876413014430106,0.012088828225750303,-0.013419618217859641
7.221964847000001,1.7186543895614916,0.2550168810072287,1.5079970080552747,-0.7543864276483525,-0.09799682355283082,0.21763262915216303,0.04502366945828716,-0.2947429687455455,-0.0014481815276718105,0.0,0.0,1.5,1.7374897042847404,10959.83390334793,11047.370481422156,11034.374294270498,10956.890786987145,0.0,0.0,0.0,0.0,0.0,0.0,nan,0,-0.002616268992716053,-0.010873041870852918,0.008797832449814358
7.236773977,1.7004293572895808,0.2561337221618709,1.522129790549502,-0.8378547797542635,-0.15323332331375633,0.2036797463858839,0.04993824526200476,-0.2935916569537441,-0.023438523628447623,0.0,0.0,1.5,1.7197541133518233,10918.106411496714,11051.998798469853,11040.877326967717,10931.284043740827,0.0,0.0,0.0,0.0,0.0,0.0,nan,0,-0.008330994260791202,-0.0077816138488430164,0.02311916948252013
7.251446395,1.6927026434844188,0.26341498636923394,1.500699347945134,-0.8424436387740186,-0.16616396816718643,0.19181742048883293,0.05244976073479415,-0.2923920596474541,-0.02204148456081095,0.0,0.0,1.5,1.7130762339693442,10876.891397109766,11062.433827894594,11093.565949458369,10902.16370573172,0.0,0.0,0.0,0.0,0.0,0.0,nan,0,-0.002900877750739994,0.0015724337235554775,0.001908553743050767
7.2661713830000005,1.66491328090145,0.2726466254628113,1.4710899926691836,-0.909668741870909,-0.2046019121771304,0.28768670871850555,0.04782021096005287,-0.28909136141936304,-0.019790400649652873,0.0,0.0,1.5,1.687337608133641,10871.998673575663,11079.99591480085,11131.364086584359,10904.796511880817,0.0,0.0,0.0,0.0,0.0,0.0,nan,0,-0.016887563392742777,0.012974983891027747,-0.0274518693699084
7.280946135000001,1.6451773291898844,0.2690732001758571,1.4915101528823589,-0.9466580753570918,-0.1374647936902043,0.23868232121613225,0.04805907423289992,-0.2918300101251238,-0.014270005953792254,0.0,0.0,1.5,1.6670575602052013,10803.829912708034,11077.655012826863,11164.80739445242,10859.121695294065,0.0,0.0,0.0,0.0,0.0,0.0,nan,0,-0.022176158441991944,0.011670446321277617,-0.006756190351544067
7.295790646,1.6584860754674682,0.2501995159852101,1.4937851477205097,-0.9625117209839982,-0.1410121171366114,0.27298768486532304,0.04803910833181843,-0.2863743134353406,-0.01353221518577489,0.0,0.0,1.5,1.6772639877811641,10779.409899380522,11102.112120229367,11176.88679013686,10828.334843839812,0.0,0.0,0.0,0.0,0.0,0.0,nan,0,0.0062196395799922755,-0.004837151966134656,-0.004171367286741168
7.310395502,1.629230240838472,0.2432643755572914,1.4925106236085854,-1.0110655562348019,-0.19457327222259652,0.28374096443480185,0.047401142208287825,-0.28656952081734394,-0.017171532710913137,0.0,0.0,1.5,1.6473083575446938,10742.964324338185,11080.590872389092,11145.355421905379,10787.00309929171,0.0,0.0,0.0,0.0,0.0,0.0,nan,0,-0.007314422207504778,-0.009309842006390512,-0.00509697889216798
7.325297174,1.6186162936318425,0.25779046857280213,1.4887478065341417,-1.0658067442669061,-0.2157748354798847,0.30448320004694424,0.04542136060493939,-0.28702598434172166,-0.008062054821012184,0.0,0.0,1.5,1.6390549849090665,10696.913241204917,11058.50691195578,11136.478962803385,10752.720693538533,0.0,0.0,0.0,0.0,0.0,0.0,nan,0,-0.0015793468967961743,0.0077738334448753665,-0.008461853099088312
7.339867170000001,1.6212005664422646,0.2399515248326967,1.501848432193744,-1.1042923912098292,-0.17308120907233346,0.26965493670724544,0.04522597444721991,-0.2831091605257998,-0.013803087247929486,0.0,0.0,1.5,1.638862845879371,10651.312743493432,11042.270699162878,11131.243239536874,10723.637067689106,0.0,0.0,0.0,0.0,0.0,0.0,nan,0,0.017972488788833063,-0.007413821719191249,0.005096568945632818
7.354693764,1.5916525199598333,0.26316563325289294,1.5007228992982562,-1.1481887907923283,-0.17002813947543363,0.29034012845379437,0.04437394114566172,-0.2814677031238798,-0.00950673881095477,0.0,0.0,1.5,1.6132620423859476,10619.594851471413,11033.083035188602,11126.50961903976,10699.401261830708,0.0,0.0,0.0,0.0,0.0,0.0,nan,0,0.0060015783827911395,0.01854378246395544,0.004496811486997654
7.369412084,1.5755432532943137,0.2501307785488882,1.4930904964444782,-1.1866858388399855,-0.18383714821593028,0.2815592414015999,0.04521853497268488,-0.27294124292514155,-0.01490496940591575,0.0,0.0,1.5,1.5952898453315894,10596.144188084445,11035.957053513177,11100.235954937472,10655.972603181528,0.0,0.0,0.0,0.0,0.0,0.0,nan,0,0.008070420050532823,0.008343134451889972,-0.0025388247666799924
7.384246163,1.5382940882577756,0.2518998981504995,1.4960944081117717,-1.2417042245524668,-0.1862439085184526,0.30224712536585535,0.042226964690368546,-0.27300044831124154,-0.010486942117704671,0.0,0.0,1.5,1.5587871933991024,10592.355017077725,11038.198921976398,11094.783604227954,10642.297411607655,0.0,0.0,0.0,0.0,0.0,0.0,nan,0,-0.01040971651417033,0.013035436541676604,0.001136829109541937
7.398962791000001,1.53532545238561,0.22322975338061093,1.4906300496435483,-1.280122509898524,-0.1983241770386461,0.31858235425653925,0.04123695171432658,-0.2641227698954511,-0.013453752948813232,0.0,0.0,1.5,1.5514972006120824,10556.013147577862,11027.983035240863,11075.999688173391,10597.762367614007,0.0,0.0,0.0,0.0,0.0,0.0,nan,0,0.005970758493668349,-0.012624374660388321,-0.0035782387936282856
7.413849058,1.5137330325713303,0.25163405857821564,1.498288978218803,-1.2859279472194458,-0.19182379187806445,0.3149070112321978,0.04272063194180586,-0.26413120576393795,-0.0038072330290414855,0.0,0.0,1.5,1.5345065398784317,10524.773143277609,11002.310774407222,11054.934803591028,10569.323970013415,0.0,0.0,0.0,0.0,0.0,0.0,nan,0,0.004294350222286969,0.018875296598867275,0.0049141813446218485
7.428397392000001,1.496587460535961,0.2303505379664026,1.4687462672791465,-1.3300034994840797,-0.24384501748656395,0.33458998628428516,0.04229526461243561,-0.250279264142506,-0.008014637879622465,0.0,0.0,1.5,1.5145336553486932,10499.915445590152,10971.73968988854,11017.122030465312,10548.487640739226,0.0,0.0,0.0,0.0,0.0,0.0,nan,0,0.00761690643221602,0.0007698911366929018,-0.023702691961731803
7.443193549,1.4679346724357862,0.22286894929180082,1.529744330804456,-1.4049973816286445,-0.23456502341786076,0.27389154181650965,0.036189370437918277,-0.25126731897031307,-0.010877771630673725,0.0,0.0,1.5,1.4850547115553,10485.111367522186,10943.41320200717,11008.921546278303,10554.462677045234,0.0,0.0,0.0,0.0,0.0,0.0,nan,0,-3.089514743881416e-05,-0.003453118048914655,0.03831908091211611
7.457863927000001,1.451417938025979,0.23738920851080317,1.4687322916250982,-1.379592640001047,-0.22242229301091299,0.30468805546374267,0.03450655388265647,-0.23928264769984722,-0.006622517330208226,0.0,0.0,1.5,1.4710354641299401,10463.926045923266,10928.093047029348,10996.587699589547,10533.014754252294,0.0,0.0,0.0,0.0,0.0,0.0,nan,0,0.0049785545420504285,0.01440388929574865,-0.0215686771766046
7.4727440960000004,1.4185206273953959,0.21939745973514896,1.4982351836930674,-1.4502516972601012,-0.22420151427837204,0.24784096116497797,0.036099187474642656,-0.2342525801649626,-0.010047765779618535,0.0,0.0,1.5,1.43538814620334,10482.394692019714,10925.455853930527,10986.839366725053,10543.722458196438,0.0,0.0,0.0,0.0,0.0,0.0,nan,0,-0.005887921518684225,-0.00017535831662504608,0.009160700409803768
7.48731361,1.4050740854741286,0.20266293205613423,1.5054246570387533,-1.47528956942442,-0.22753595063153892,0.3301500662183976,0.038117312156606624,-0.22719263610471954,-0.012521424357239748,0.0,0.0,1.5,1.4196249070104878,10511.349696553467,10939.894785584987,11001.185977344465,10569.238472708501,0.0,0.0,0.0,0.0,0.0,0.0,nan,0,0.003186656211482397,-0.013423710678607398,0.017666684216302242
7.502311392,1.3660052058826853,0.1971351103632114,1.4930163529012546,-1.5461032015722989,-0.24432305307094304,0.2408511519011049,0.03506029961668104,-0.21899161615510654,-0.00597650855203459,0.0,0.0,1.5,1.380174353320374,10473.20639312611,10887.520989079756,10954.925833623738,10532.43955925846,0.0,0.0,0.0,0.0,0.0,0.0,nan,0,-0.012887534584715477,-0.015394100470101035,0.006657514882130178
7.516947373000001,1.358103797211202,0.20956911893491295,1.4934406558204272,-1.5779794801886375,-0.24305698987642949,0.2277276708260036,0.03325150261293477,-0.21162183044106192,-0.011126555276814092,0.0,0.0,1.5,1.374193641597394,10504.11485147256,10920.292626566094,10991.873516057116,10577.978535238406,0.0,0.0,0.0,0.0,0.0,0.0,nan,0,0.002658572140080695,0.000665582807640841,0.008568787608015604
7.531724331,1.3236959064829714,0.18754444631272538,1.483036794885092,-1.5950947619104472,-0.22314391447359697,0.22796417277415718,0.03227196436976793,-0.19963876412211817,0.00047308696735022337,0.0,0.0,1.5,1.3370233814373975,10542.549029466287,10942.92921796348,11010.432254650064,10607.98964132565,0.0,0.0,0.0,0.0,0.0,0.0,nan,0,-0.007866236120987358,-0.01766766986879284,-0.0002756288332990131
7.546441056000001,1.315736577628949,0.18674923095129348,1.488219544300938,-1.6238477887829665,-0.2859813699254556,0.2295744046579485,0.030161818245203215,-0.19214984671455235,-0.012126273073456675,0.0,0.0,1.5,1.3289758448173978,10571.88585523425,10953.271450477216,11009.593390625303,10642.188407841375,0.0,0.0,0.0,0.0,0.0,0.0,nan,0,0.008474310308334454,-0.014708468373442724,0.006524869564642266
7.561173994000001,1.2774947840851556,0.199814052337205,1.4721339782045937,-1.6667797353028235,-0.2656388656559066,0.15551316780539665,0.0259734096447457,-0.18275495977357945,-0.00573043761317956,0.0,0.0,1.5,1.293327141154509,10581.378049686704,10938.820470161649,11005.821391694652,10656.243234597483,0.0,0.0,0.0,0.0,0.0,0.0,nan,0,-0.005071663021672501,0.0021706868015319014,-0.00789434028578273
7.5758630590000005,1.2601177606093257,0.1875972882765698,1.488399319681257,-1.649936863433929,-0.27772147273091796,0.24200723542915,0.024694051612908902,-0.16758237966119152,-0.0026975134931675956,0.0,0.0,1.5,1.2740581183586728,10682.044451002834,11008.757178385515,11062.648634923979,10742.135493848491,0.0,0.0,0.0,0.0,0.0,0.0,nan,0,0.0026224046291465353,-0.006174905417829224,0.010069136167349502
7.5907480750000005,1.2143026343435654,0.1796899085463277,1.4603489206530806,-1.7301961148099867,-0.2995465668083499,0.18476754536924378,0.0261660058789728,-0.1587042721832414,-0.006686448533860562,0.0,0.0,1.5,1.2281659330483345,10654.74274596358,10956.903862047944,11010.807014428503,10719.389964313159,0.0,0.0,0.0,0.0,0.0,0.0,nan,0,-0.01776727816354251,-0.010157424397216536,-0.016273038605591372
7.605450418,1.2053416057176378,0.20265092214837865,1.4822765837557088,-1.7405076167705997,-0.26367655937912104,0.17299511817099117,0.024850853457026416,-0.1465596487117748,-0.008184503038724493,0.0,0.0,1.5,1.2223869690915925,10679.88885027057,10972.944748641226,11036.253572059464,10756.857022026577,0.0,0.0,0.0,0.0,0.0,0.0,nan,0,-0.0009749041103273015,0.016778130592627893,0.007377664462467015
7.620241807,1.1772546169170568,0.1802306940279172,1.4507013837273,-1.7755381718013927,-0.2332505409323626,0.09918458616975097,0.022556853987014003,-0.13366143292139215,-0.006397518521505301,0.0,0.0,1.5,1.1919907255044873,10693.460458983498,10969.023306172023,11016.27833084302,10752.417544748048,0.0,0.0,0.0,0.0,0.0,0.0,nan,0,-0.0030053699233703046,-0.0016217005128158213,-0.022469166429276433
7.634874213000001,1.165629217708896,0.17724678921657203,1.4814149108359147,-1.786826025237189,-0.25914156038907216,0.07820862199072069,0.0163737923498918,-0.1213394721980274,-0.007127794170452505,0.0,0.0,1.5,1.1791748398789188,10816.832874004536,11052.972775875442,11070.338927238956,10844.769487422393,0.0,0.0,0.0,0.0,0.0,0.0,nan,0,0.011704058957766605,-0.0005432368168788171,0.009961630069478478
7.649691221,1.1132222812298425,0.16220674809075067,1.4632054292585084,-1.767052956612872,-0.27992622226810915,0.1188163181308192,0.012144801450388498,-0.11324922620112071,-0.003177802490860774,0.0,0.0,1.5,1.1255792806323335,10873.20002154231,11076.75334219929,11078.13326037868,10883.387056899286,0.0,0.0,0.0,0.0,0.0,0.0,nan,0,-0.01411373054147802,-0.01148271110325741,-0.006572159451732507
7.664359354,1.0818981702397308,0.16154426132184005,1.478729302258573,-1.785356333268045,-0.2567133872736183,0.05672420983378491,0.015034991995729427,-0.09867473171393958,-0.003498875260609584,0.0,0.0,1.5,1.094099009101326,10866.50520946718,11045.418893953633,11048.568868345219,10882.737205331248,0.0,0.0,0.0,0.0,0.0,0.0,nan,0,-0.018622089827961874,-0.008010728224375957,0.010578275597541875
7.679249317000001,1.0731935897890905,0.15953258204406792,1.4623525800431123,-1.80716419734747,-0.26881374769409694,0.038545315331825036,0.011919178591535488,-0.08402465359969918,-0.005507545889432067,0.0,0.0,1.5,1.0856391915030759,10878.906870431634,11041.427985900631,11040.981761283581,10893.468074343646,0.0,0.0,0.0,0.0,0.0,0.0,nan,0,-0.0003134660136656642,-0.005858493557165889,-0.004220299993673349
7.693946400000001,1.0586168666588354,0.15053802480170378,1.4525684972674453,-1.8468978788988735,-0.28777559300486216,0.08432739583559318,0.014689137022277317,-0.07233721937224412,-0.0008684534061633578,0.0,0.0,1.5,1.0703182305918353,10958.431325600164,11061.575409134843,11053.825548705323,10962.970586602254,0.0,0.0,0.0,0.0,0.0,0.0,nan,0,0.012292071908713842,-0.01066399464602083,-0.01248680774491362
7.708759628,0.9947071907306743,0.15480326431103017,1.4791862915341427,-1.8348829089044258,-0.2827576322064017,-0.02383321952083435,0.00892749799444783,-0.05506076289915398,-0.006397325542141785,0.0,0.0,1.5,1.006896050440542,10972.266182296109,11049.218862167863,11043.712429448791,10980.672840622465,0.0,0.0,0.0,0.0,0.0,0.0,nan,0,-0.024295106817797563,-0.002188879334604127,0.015574860539718127
7.723353007,0.978205700957702,0.15992045959255838,1.4824248343199076,-1.8284217062355228,-0.31037710542186814,0.005975817672192731,0.00690790914526344,-0.04219813175063868,-0.005981480174828323,0.0,0.0,1.5,0.9913474835954984,11041.00372161042,11046.171930014258,11037.86780074241,11046.55312573178,0.0,0.0,0.0,0.0,0.0,0.0,nan,0,-0.01336359862141212,0.007154583320113123,0.020177576419615484
7.738200356,0.9746164880521095,0.1436822653445904,1.452205947756517,-1.87446369099177,-0.30685654368261517,-0.0709126014273507,0.007163772226508759,-0.03145772651364227,-0.00026462953401179036,0.0,0.0,1.5,0.9863093650510644,11052.478701096132,11013.530542766395,11006.185976626231,11057.571150206715,0.0,0.0,0.0,0.0,0.0,0.0,nan,0,0.010561056358783794,-0.004845357905806452,-0.008767475239663591
7.752944779000001,0.9279995836901722,0.1498423561915495,1.4705650867617663,-1.8164096443960625,-0.29814252525886087,-0.04050574450685464,0.0028595718308978228,-0.019756348330981735,-0.014580751004114201,0.0,0.0,1.5,0.9404798632376509,11159.550294271363,11070.287021945232,11059.599171114573,11169.635563093576,0.0,0.0,0.0,0.0,0.0,0.0,nan,0,-0.008490944366017827,0.005560527619242778,0.010764338551779495
7.767815424,0.8941643202950401,0.145194940277186,1.4475590478130707,-1.8503214131799919,-0.2560294941476193,-0.06829735301778252,0.0005038353816549661,-0.005616420503200781,-0.0029233279174221945,0.0,0.0,1.5,0.9073926690452477,11185.959522951502,11057.271333382432,11043.89832642606,11179.735562689526,0.0,0.0,0.0,0.0,0.0,0.0,nan,0,-0.014739779597618852,0.005162022031383606,-0.011193747624571815
7.782353119000001,0.8816515452875495,0.1372301256186743,1.4734440840133587,-1.8396255501945062,-0.25815441447429893,-0.05095025179210334,-0.003436259778393586,0.00709451575233802,-0.006160983671899915,0.0,0.0,1.5,0.8926627422263856,11236.06095383503,11076.701352636272,11036.681304143289,11207.820340905166,0.0,0.0,0.0,0.0,0.0,0.0,nan,0,0.00032553446889316273,0.0014447122469264106,0.015611893855058012
7.797304761,0.8579828863389791,0.14069168091144896,1.4651598770419885,-1.8216604479562442,-0.28128476680687065,-0.05735811098962632,-0.0021999581340877315,0.021451807444284,-0.00916475114685834,0.0,0.0,1.5,0.8701394235960027,11219.42804911751,11042.03322221233,10987.807215854782,11177.241448653349,0.0,0.0,0.0,0.0,0.0,0.0,nan,0,0.004197214353169221,0.009147901807872533,0.008118213268041963
7.811899531000001,0.8341346033111411,0.13263476043145775,1.47865899251779,-1.856403982826676,-0.28824588538536805,-0.07388834173045396,-0.005838060992584234,0.030138926094561428,-0.008633206312687491,0.0,0.0,1.5,0.8448833971123475,11195.747052463408,10990.86260216041,10941.207588876949,11149.535214687183,0.0,0.0,0.0,0.0,0.0,0.0,nan,0,0.00782298123851477,0.005322443777321245,0.02229488937451385
7.826770412,0.7905442067515149,0.10964503644113949,1.4800382004018893,-1.7880521842675863,-0.3053574459557843,-0.13461525554527765,-0.006052477010786911,0.04456192083024174,-0.0055875306929916825,0.0,0.0,1.5,0.7983612279461948,11170.73705645854,10950.628022389441,10904.852146635545,11122.300578806131,0.0,0.0,0.0,0.0,0.0,0.0,nan,0,-0.008387248904959677,-0.013450101198701311,0.024253836212412505
7.8414001970000005,0.7641527729588291,0.11856664353960136,1.459921497873653,-1.8191682777509122,-0.28118607887028646,-0.12346270526595589,-0.005190075912366605,0.05438194302252358,-0.003328802107052033,0.0,0.0,1.5,0.7743344211086101,11188.650552851395,10950.440820111184,10917.874326261597,11163.578648293987,0.0,0.0,0.0,0.0,0.0,0.0,nan,0,-0.007519370949593762,-0.0003295772588660373,0.00462582860162275
7.8561593080000005,0.76310108182369,0.12046657726701225,1.4452165771573746,-1.760564178569428,-0.23609064135829702,-0.09137848186676342,-0.011880914104618407,0.06667835162896601,-0.00397684810059342,0.0,0.0,1.5,0.7744912399357844,11204.809223887956,10955.949327022601,10923.88938111382,11185.39307000232,0.0,0.0,0.0,0.0,0.0,0.0,nan,0,0.01854068611443649,0.005747080991552453,-0.009685792727444964
7.870762684000001,0.7383376393524475,0.12105396481265258,1.4636829941010128,-1.8139883235129817,-0.28856944352692504,-0.13851969296248964,-0.011612312621180402,0.07790090331656886,-0.005073486524618792,0.0,0.0,1.5,0.7490764026445331,11202.569985726292,10947.153054426632,10895.345496907808,11160.484104113071,0.0,0.0,0.0,0.0,0.0,0.0,nan,0,0.020715737695210623,0.010485194091231567,0.009079620752513895
7.885679577,0.6927865787769407,0.1054207192280981,1.4397927194699065,-1.7553061615510104,-0.28340290222682873,-0.18719054895961268,-0.01579195976518912,0.08783206704925264,-0.010567153693895782,0.0,0.0,1.5,0.7033432223351961,11199.167556873446,10937.855843675947,10884.52401078068,11154.600808675943,0.0,0.0,0.0,0.0,0.0,0.0,nan,0,0.0019054429071715395,-0.0010269647913171143,-0.014599044175839238
7.900647119,0.6678925962849326,0.10230141430033177,1.459237392748506,-1.7463113553598266,-0.2938729633414379,-0.21016324818530505,-0.012793276827963182,0.09681698579536707,-0.0065541297863542895,0.0,0.0,1.5,0.6769104000456897,11272.473931134196,10991.036564996817,10942.620116820368,11225.552636235583,0.0,0.0,0.0,0.0,0.0,0.0,nan,0,0.003529700622153409,-5.849064206576993e-05,0.00496306924912604
7.915418039,0.6428270126711096,0.09723983556018585,1.4473179762896557,-1.7174188072369339,-0.27496002617323295,-0.1782011795572316,-0.01713163277922274,0.10764473470818296,-0.005080547703099342,0.0,0.0,1.5,0.6522710705386621,11299.877016035965,11012.280451649507,10973.670004989423,11264.226303884176,0.0,0.0,0.0,0.0,0.0,0.0,nan,0,0.0047346124643832255,-0.001069310636722609,-0.006951415138801487
7.929978144000001,0.6044269799554002,0.09017134711260844,1.4555848064671417,-1.7086898540387145,-0.2795105787822106,-0.2115099639465435,-0.017519118371503484,0.1138784866576406,-0.008478668538707292,0.0,0.0,1.5,0.6127279619494034,11285.97169414296,10999.505644372548,10962.126163829096,11255.12598377326,0.0,0.0,0.0,0.0,0.0,0.0,nan,0,-0.0076657220507162505,-0.004127448291859126,0.0012050297925068065
7.944863348,0.5750671838772795,0.09377742566011286,1.4807219246934384,-1.690111712291032,-0.27540474496794015,-0.16654098560164812,-0.01749135605492908,0.12969831357229597,-0.0014450866797105935,0.0,0.0,1.5,0.5829820886815549,11286.220110918595,11003.105135361657,10967.598262416466,11257.128022394674,0.0,0.0,0.0,0.0,0.0,0.0,nan,0,-0.01131793787531854,0.003445421245177119,0.026121777799541723
7.959300736,0.5520430994642765,0.08628511258713858,1.4532068858269527,-1.701831628053089,-0.23789536984186405,-0.19725358433269674,-0.01800376831921104,0.1363678168518034,0.005387933215822338,0.0,0.0,1.5,0.5607016139216224,11188.740935050799,10922.65856732183,10886.809752133911,11170.576216110687,0.0,0.0,0.0,0.0,0.0,0.0,nan,0,-0.008945536642504193,-0.00012649586477277153,-0.0017076728135261288
7.974241802000001,0.5354934666086204,0.09098247135293634,1.4502398827836207,-1.6268946209192319,-0.2632022931695116,-0.23780279660993234,-0.02116314666084809,0.1421081913810955,0.0004060586613785833,0.0,0.0,1.5,0.5454421437140637,11173.225647467387,10918.380102833433,10870.797547593433,11154.27563304549,0.0,0.0,0.0,0.0,0.0,0.0,nan,0,-0.0004260958550247329,0.008442386611670502,-0.0050553039113105935
7.989031468,0.5052019587326269,0.07455464424273124,1.444651509347835,-1.6215797976388018,-0.2517446660791388,-0.22737399419246115,-0.024445195997086385,0.14997163707994762,-0.002732906740617437,0.0,0.0,1.5,0.5136641602281746,11224.540384724573,10968.954846743012,10919.296695137311,11205.634934614443,0.0,0.0,0.0,0.0,0.0,0.0,nan,0,-0.005995566503590899,-0.004165796431082447,-0.011094377943071887
8.003931082000001,0.4777179622185288,0.08820783238821761,1.4505888368381101,-1.6204787694069185,-0.27850361785671096,-0.2994058831309578,-0.023704916143070243,0.16095732918527084,-0.002832182432173429,0.0,0.0,1.5,0.4882996376876216,11246.944619747173,10992.666196173208,10942.811907709984,11223.826606028788,0.0,0.0,0.0,0.0,0.0,0.0,nan,0,-0.009124872952373797,0.013252020619907226,-0.005691222710449972
8.018414196,0.4655253689321792,0.06151005191600068,1.505859787163939,-1.5545367745831788,-0.2554740910613014,-0.18692174739788533,-0.024289622899934898,0.16647491645586854,-0.0035053599114968133,0.0,0.0,1.5,0.469608020280486,11303.794995397546,11041.3090134089,10996.994339967981,11283.786551726324,0.0,0.0,0.0,0.0,0.0,0.0,nan,0,0.0026504245762779544,-0.009739174065633079,0.04895055787595237
8.033360827000001,0.4362643230640697,0.07571675548411769,1.4605553855752536,-1.5653884678376475,-0.24034946041865593,-0.2282682222831431,-0.02620948828386398,0.17408182076630357,-0.006535605494709305,0.0,0.0,1.5,0.44453960931137465,11198.095847002629,10959.231160996213,10922.91425508252,11187.11276342759,0.0,0.0,0.0,0.0,0.0,0.0,nan,0,-0.003047036281936144,0.00811331410563046,0.0029179803267211923
8.047789234,0.4005693047089662,0.06968334816767482,1.4629494776629424,-1.5077164661246372,-0.23789338908570506,-0.1671203716735318,-0.02802662841991614,0.17923094076394014,-0.010770463447280663,0.0,0.0,1.5,0.4082698593973486,11181.577982096853,10950.408466917163,10910.531027837946,11158.087865010286,0.0,0.0,0.0,0.0,0.0,0.0,nan,0,-0.015593042227051712,0.005663188312142284,0.004518443002293759
8.062634741,0.39857109743709346,0.06727459985889009,1.464096273917197,-1.5000632834705092,-0.24172743209528497,-0.27324444915641055,-0.028782543817472223,0.18181200782321869,-0.010872378626572855,0.0,0.0,1.5,0.4058002822140613,11124.825617413466,10908.082430548557,10868.34132396797,11094.708876968183,0.0,0.0,0.0,0.0,0.0,0.0,nan,0,0.005130652142373182,0.006773148621578337,0.004820540408757346
8.077395712000001,0.3629389391630065,0.059153990042849894,1.4718512352823452,-1.484021154590871,-0.2465132558824947,-0.2533459014142425,-0.02883220779455312,0.18991219654947364,-0.0052652442146841,0.0,0.0,1.5,0.36880377039001105,11173.148859933146,10957.773861633643,10920.017935077565,11137.511373042524,0.0,0.0,0.0,0.0,0.0,0.0,nan,0,-0.008219337378595981,0.0021045842741759663,0.011689189082065843
8.092094932,0.35168502467103613,0.05455624648299061,1.419816860957235,-1.4154678423202214,-0.23311497219660413,-0.19081030330463442,-0.03136054331885685,0.19844085692723215,-0.003087788295331231,0.0,0.0,1.5,0.36481238519947684,11169.916724525374,10965.04509030221,10929.047252855755,11140.412619307159,0.0,0.0,0.0,0.0,0.0,0.0,nan,0,0.0023536045883289503,0.0008896897304760953,-0.041282996939950856
8.106857402000001,0.33604632930056566,0.04912762107691314,1.4646770705954242,-1.4091609000774934,-0.2057297773911625,-0.2192689691235013,-0.03014292644970713,0.20259954088441065,-0.0019925395813118205,0.0,0.0,1.5,0.3414503886815501,11167.35968578159,10968.796187201744,10932.701397384655,11145.934816660394,0.0,0.0,0.0,0.0,0.0,0.0,nan,0,0.008073805293959846,-0.0012273645482079876,0.0025901458608967864
8.12164223,0.3150053867306354,0.035672511325537906,1.4625892977546977,-1.3677298858429308,-0.2285674886893411,-0.22206230170346422,-0.03255905922725473,0.20635722488859978,-0.004164716615997935,0.0,0.0,1.5,0.3192185495488545,11139.954453123519,10952.98386645337,10914.056414480108,11120.44547350257,0.0,0.0,0.0,0.0,0.0,0.0,nan,0,0.007912171942810131,-0.011444108041280592,-0.0005298425785738026
8.136320450000001,0.30221757848826875,0.038046164338392384,1.4521521381062195,-1.3091702709799,-0.25729046238260833,-0.14014679818626613,-0.033949702231828825,0.21170290069543005,-0.010675954310526009,0.0,0.0,1.5,0.3083381151528029,11114.525738207913,10940.85805115641,10907.756103161952,11106.13884918566,0.0,0.0,0.0,0.0,0.0,0.0,nan,0,0.015514629487187348,-0.0059068963524174165,-0.012033002330227527
8.151320124,0.25571669895938454,0.06067376105354568,1.451674608187694,-1.316656238114362,-0.24118263662722084,-0.17809464690575272,-0.03411227150353665,0.22039330358536835,-0.006329428301965808,0.0,0.0,1.5,0.2672221527135805,11050.057313768742,10887.13699603527,10871.95123576656,11057.291878284532,0.0,0.0,0.0,0.0,0.0,0.0,nan,0,-0.011093730565192306,0.01980795265080238,-0.013598671571549037
8.165861809,0.24962949921405497,0.02760341892960997,1.4444461463415417,-1.2697375910458752,-0.19921302934251714,-0.2691620254744612,-0.03712771040299,0.22193757376361184,-0.011344302248017623,0.0,0.0,1.5,0.25722182308421815,11027.764014477167,10869.584229635813,10853.110315486752,11030.37807892464,0.0,0.0,0.0,0.0,0.0,0.0,nan,0,0.002207674384818059,-0.010252586471937067,-0.021917201035042133
8.180815925000001,0.22878067285752854,0.022235306995077336,1.4667801434507342,-1.234869703783708,-0.21717571335133046,-0.19838384022459687,-0.036211325119779314,0.22703207966118005,-0.0027029837099980416,0.0,0.0,1.5,0.23224677396997925,11096.059766020022,10929.644353499412,10907.231008678824,11085.890940246756,0.0,0.0,0.0,0.0,0.0,0.0,nan,0,0.00023426637582293908,-0.012690017874541763,-0.000671716699401248
8.195321233000001,0.21402629526901312,0.02534470061268827,1.483297088417857,-1.153198589069645,-0.2290321969805699,-0.26338259467662534,-0.0385409287627461,0.23218696604693767,-0.012726085131401957,0.0,0.0,1.5,0.21616798137339044,11059.099780420738,10905.825031386898,10887.193992168237,11061.711326097373,0.0,0.0,0.0,0.0,0.0,0.0,nan,0,0.0038300044162823677,-0.006731225173686014,0.014747009976314729
8.210159816,0.20314025251878426,0.02969339394788169,1.4719642703430393,-1.2085733441103659,-0.1832717357929765,-0.20426398044385372,-0.03618040620502094,0.23260403707922966,-0.009003541534087351,0.0,0.0,1.5,0.20720439661102202,11077.702181362683,10920.99738440227,10911.22465421107,11083.868876232178,0.0,0.0,0.0,0.0,0.0,0.0,nan,0,0.010761102648517595,0.0003840722893382678,0.0023123392981914126
8.224812483000001,0.18914212997534652,0.028573037413960944,1.4460466178247346,-1.131328883854756,-0.15826440510616266,-0.2258245690923464,-0.036040666234802246,0.24187660320791438,-0.009431031900095916,0.0,0.0,1.5,0.1987514308044617,11053.909472141451,10910.48725003117,10890.725543452007,11044.019286545408,0.0,0.0,0.0,0.0,0.0,0.0,nan,0,0.014038444133024908,0.001945798951176244,-0.024711300777258582
8.239687856,0.1632203034763744,0.03812105721979566,1.4873762190962185,-1.1075316465127012,-0.1908433505848792,-0.18461273376627854,-0.04103769184777091,0.24022074801384433,-0.01261733806397804,0.0,0.0,1.5,0.16808760309666315,11091.555385652618,10944.49562164204,10914.07796521539,11065.468766492188,0.0,0.0,0.0,0.0,0.0,0.0,nan,0,0.0048435187891816,0.014089891904856992,0.015513329919867536
8.254302147,0.13634011432495538,0.019204792354111544,1.4869555454012486,-1.0732606633732595,-0.16065178277976452,-0.15606785600390338,-0.04194542289703084,0.24338146724243603,-0.01098951023561377,0.0,0.0,1.5,0.13830259802073613,11035.148749524436,10907.118405767831,10873.103805378205,11003.557032708932,0.0,0.0,0.0,0.0,0.0,0.0,nan,0,-0.005865776362722258,-0.0023178966844613867,0.01398959172687575
8.269309484,0.10928740914521191,0.02578647211033986,1.504632456954456,-1.0287445558537935,-0.12565112522192887,-0.20133876449549012,-0.03881777762345363,0.24635278098643576,-0.009558769687581044,0.0,0.0,1.5,0.11238389385941906,10988.207423165837,10871.652082248584,10835.082668199098,10947.830595266723,0.0,0.0,0.0,0.0,0.0,0.0,nan,0,-0.01730624218684286,0.006683854307367589,0.030583793857466235
8.283809501,0.10641173620740917,0.001517669156097334,1.458051404086658,-1.0145300535748742,-0.18098528923422094,-0.15570455499416846,-0.03946099467687345,0.2513837603269812,-0.006559158644967077,0.0,0.0,1.5,0.11439163265485577,10988.42349208838,10878.440968056519,10829.506003604,10930.496582875116,0.0,0.0,0.0,0.0,0.0,0.0,nan,0,-0.005131663522461485,-0.01525415158412794,-0.017045775433823795
8.298647098,0.10854544837226134,0.001318216324162581,1.4731060689552213,-0.9312118962278381,-0.11859076452522967,-0.16749251215574693,-0.043536278957735985,0.2515813346091161,-0.00991225788099354,0.0,0.0,1.5,0.11183530562239212,10985.828823656564,10879.872702272174,10842.504186284494,10948.610155826113,0.0,0.0,0.0,0.0,0.0,0.0,nan,0,0.011484544032846877,-0.01321326127259753,-0.0030027307723672347
8.3132581,0.09473822523605183,0.021922600780042732,1.5076881013820025,-0.9271096259396876,-0.16852621449678898,-0.2167129485162328,-0.041345659726163456,0.25716813078928696,-0.009284824671588374,0.0,0.0,1.5,0.0975450595811903,11001.90374000458,10898.377379442625,10857.973722004752,10960.19066314838,0.0,0.0,0.0,0.0,0.0,0.0,nan,0,0.011584868168088111,0.009539694853780523,0.030600540659587505
8.328187414,0.07436224058223656,0.022634044838577172,1.4874006741194492,-0.8529923096882506,-0.13825588092040172,-0.16205127368895755,-0.04239350262834514,0.25454127719485303,-0.004582233168127324,0.0,0.0,1.5,0.07874506856184373,11011.412780986608,10911.032295677054,10879.372841137034,10981.891232114805,0.0,0.0,0.0,0.0,0.0,0.0,nan,0,0.004534249040479582,0.012306684523053724,0.009361930400362484
8.342792081,0.05049222871157284,-0.004660166012275415,1.461486629017167,-0.8049308504112136,-0.17370060230378662,-0.19588339734029928,-0.04778692947956257,0.2585409612421054,-0.012503369964859143,0.0,0.0,1.5,0.06367465784741261,11008.344474491807,10898.027695366532,10864.531838190398,10983.978617484003,0.0,0.0,0.0,0.0,0.0,0.0,nan,0,-0.006598087529426477,-0.013025922474326546,-0.017475518468107243
8.357634483,0.06222435433691943,0.0015249266560254477,1.4633965439786591,-0.7778737833003222,-0.13231117383373364,-0.2213499387524823,-0.045085205430424664,0.26339975975528446,-0.011292707162789272,0.0,0.0,1.5,0.07220809280585519,11057.63538345316,10923.375965863526,10902.785526762864,11046.83880956832,0.0,0.0,0.0,0.0,0.0,0.0,nan,0,0.017278550025081822,-0.004974038431801988,-0.016462049941617263
8.373176545,0.04825999015331178,0.02182873328252946,1.4663912358147415,-0.7669553804104078,-0.1464500009178515,-0.18968715976639977,-0.047082375080011424,0.2657873877771881,-0.009950946304953946,0.0,0.0,1.5,0.0627301305305343,11143.849692701078,10968.275899844128,10946.336257660718,11125.107357908659,0.0,0.0,0.0,0.0,0.0,0.0,nan,0,0.014854814942677687,0.017100052277128096,-0.014358425886716875
8.387661936,0.0178916788357181,-0.009882504286485738,1.4808480341920716,-0.7070876299368378,-0.11183696950029831,-0.09988993957817731,-0.04137880177600998,0.2670607920563575,-0.007028888023163416,0.0,0.0,1.5,0.028010245569094035,11170.114693863161,10974.482470867088,10950.293198682368,11146.596869174331,0.0,0.0,0.0,0.0,0.0,0.0,nan,0,-0.004586138605603571,-0.012938906339624398,-0.0008053545579174148
8.402632817,0.012424628708266657,-0.0012982095362823586,1.4858259711285116,-0.6625329317453821,-0.14078392548696483,-0.14329047759092722,-0.0454983664161382,0.2701342770851696,-0.01266773258236201,0.0,0.0,1.5,0.01889338087765571,11083.198309603504,10872.762998216243,10846.793336917259,11060.764057398237,0.0,0.0,0.0,0.0,0.0,0.0,nan,0,0.00026068917593136814,-0.0027803917968195957,0.0032698615955359944
8.416583228,0.007264761619169153,-0.012162515353687524,1.458204206620356,-0.6271281677702961,-0.09422052850478252,-0.1282246651701103,-0.046716069956209604,0.2710165148510574,-0.009961352878985011,0.0,0.0,1.5,0.04413152937918571,11057.222599082072,10828.09520241439,10809.025022994127,11042.208975474112,0.0,0.0,0.0,0.0,0.0,0.0,nan,0,0.004805936600992901,-0.012167829204195521,-0.02522442286332205
8.431232577000001,0.014530681251757719,0.003094305940609362,1.469298348137622,-0.5934022632878221,-0.0948922105208274,-0.10822002863328113,-0.04468275630339236,0.27249356744009207,-0.00913899322602777,0.0,0.0,1.5,0.034107284470812516,11091.975538762128,10832.79095484074,10803.152918750655,11061.890030407241,0.0,0.0,0.0,0.0,0.0,0.0,nan,0,0.021167063886415906,0.004468242730269034,-0.01496716792722208
8.44608028,-0.0069595827464066,-0.010288033448994344,1.4651736645819506,-0.5396786326089662,-0.08194699866045872,-0.1525587620629742,-0.04743375717146055,0.27624241514638503,-0.013975953129231314,0.0,0.0,1.5,0.03697503296688437,11093.254458063398,10809.726757916467,10770.573541373304,11052.005477038487,0.0,0.0,0.0,0.0,0.0,0.0,nan,0,0.008159799510888072,-0.007632960280598103,-0.019894432076680957
8.460730259,-0.04868099156404114,-0.004256705421007949,1.4828551915046984,-0.5140470062790287,-0.10353185874114498,-0.05960366727968245,-0.04514651687558352,0.2701820103662363,-0.010300150218935869,0.0,0.0,1.5,0.05178709239801024,11144.325022660149,10832.496024916434,10788.076389479427,11089.918445428788,0.0,0.0,0.0,0.0,0.0,0.0,nan,0,-0.025691949586516605,-0.00041894926414453226,-0.0029810931359575132
8.475549003000001,-0.03411738221628879,-0.0051136246656982905,1.5208545301796497,-0.4662524714674498,-0.08498590314386588,-0.10922883985171673,-0.048720999205928345,0.2734356752970914,-0.011421178661128338,0.0,0.0,1.5,0.04031198773972694,11090.026960784502,10781.856545860015,10739.636022668825,11039.724846235718,0.0,0.0,0.0,0.0,0.0,0.0,nan,0,-0.0038732766866068358,-0.00019201097867164573,0.03428104613296745
8.490340381000001,-0.025128428384293074,-0.019401188635630846,1.4840761411607588,-0.38082966421569747,-0.058442129802803645,-0.045701902127815136,-0.04563326379844633,0.2758896228306042,-0.012234865875709386,0.0,0.0,1.5,0.0355163809230608,11034.090243547267,10721.160079103165,10674.857061619861,10979.353849098894,0.0,0.0,0.0,0.0,0.0,0.0,nan,0,0.011763664917898691,-0.013493506696093156,-0.003178759690440458
8.505187455,-0.04520515507721304,-0.013383701062754907,1.5057579578927338,-0.39606729343237285,-0.05466554586946357,-0.10871602876388645,-0.04766965311413929,0.26458073956574507,-0.014574716043726427,0.0,0.0,1.5,0.047495090049252064,11008.579662776272,10658.588990461267,10610.365085746358,10948.409948521443,0.0,0.0,0.0,0.0,0.0,0.0,nan,0,-0.002264818504153887,-0.006586737006729262,0.01789842972693334
8.519763390000001,-0.05489716813243427,-0.007781106696609527,1.4653130255517135,-0.34209528188273974,-0.03690900252233205,-0.1166485356869231,-0.04621658398281958,0.2671004444820855,-0.012296740118234516,0.0,0.0,1.5,0.06540207096691097,11015.414448559348,10681.734440217879,10630.94243876785,10945.710080015968,0.0,0.0,0.0,0.0,0.0,0.0,nan,0,-0.006503464769915555,-0.00019104211333085142,-0.02306531650489485
8.53446128,-0.04033906554967564,-0.028651327305562,1.47579934524541,-0.3175163444179176,-0.03415220581142383,-0.046064636780203776,-0.047230089897191505,0.271013865529503,-0.00971419408867863,0.0,0.0,1.5,0.05508003682226742,11045.434171191731,10714.495810115548,10659.803509194164,10970.15869883823,0.0,0.0,0.0,0.0,0.0,0.0,nan,0,0.012914201972762218,-0.020364349351070368,-0.013019943016945312
8.549339588,-0.053811864534037405,-0.012716086416985984,1.4720668472371896,-0.25300118021229684,-0.022046121582677193,-0.06703693277559923,-0.04558709930602429,0.2707585675190968,-0.017406521370461208,0.0,0.0,1.5,0.06194898418589566,11042.389586304507,10693.084447329775,10636.99945709295,10964.09485754337,0.0,0.0,0.0,0.0,0.0,0.0,nan,0,0.0037086975962436278,-0.0038282916332623897,-0.01712513576933805
8.564025175000001,-0.07177515828355165,-0.004100926854841483,1.474784986278627,-0.24701767477195583,-0.02098327847176002,-0.09124176945609058,-0.04691159800694189,0.2632576039060464,-0.011698804147056303,0.0,0.0,1.5,0.07618587706830365,11054.96036083687,10685.06025938936,10629.25683573033,10969.473237839286,0.0,0.0,0.0,0.0,0.0,0.0,nan,0,-0.010572523801862209,0.00529260572609402,-0.014704391767646152
8.57877026,-0.0627658719847505,-0.005363724678530506,1.5020908613206005,-0.19079567679036322,-0.016003692088956696,-0.06786179337242454,-0.04220767798302383,0.2589165934570034,-0.007906638535305932,0.0,0.0,1.5,0.06302932594828496,11081.995710798601,10738.386960543074,10672.605898507201,10991.012703802482,0.0,0.0,0.0,0.0,0.0,0.0,nan,0,0.0015374417510023997,0.004440990785836738,0.012371136062324872
8.593784945000001,-0.04565921924537636,-0.013747158194665484,1.475937857337661,-0.16048496940109785,-0.056185307137516495,-0.009051760093306148,-0.04319814973296447,0.2544119191620136,-0.015127906873714788,0.0,0.0,1.5,0.0534110042035278,11061.587113211826,10726.999437376306,10659.458721349589,10973.639075586912,0.0,0.0,0.0,0.0,0.0,0.0,nan,0,0.021167708942019636,-0.0036251664010139174,-0.013955228838376854
8.60817065,-0.07353119810412519,-0.008626095417034442,1.4810068546110184,-0.10598584396138994,-0.021637095784741715,-0.008025069372281365,-0.045424290997064576,0.2515267365971589,-0.010268537186737845,0.0,0.0,1.5,0.07643288682588717,11021.557640706787,10678.884580789652,10634.0566422779,10952.142064747253,0.0,0.0,0.0,0.0,0.0,0.0,nan,0,-0.004746925009361511,0.001721027484689417,-0.008991845227387607
8.623302672000001,-0.055342200346577344,-0.009318567047156582,1.506679218817873,-0.056075932110360174,-0.03418441354919216,-0.02888892305064999,-0.04043886097918148,0.2514975624419568,-0.013159597947067735,0.0,0.0,1.5,0.0565173141172693,10977.81977322218,10632.670810625532,10596.595294093051,10917.991924881502,0.0,0.0,0.0,0.0,0.0,0.0,nan,0,0.014845402937601504,0.0011635687772283618,0.016655859845128962
8.637773434000001,-0.06444993950221618,-0.013579321310419303,1.477935305468318,-0.017711805163103674,-0.00018267718038985988,0.01081636774052489,-0.04192753016556008,0.24395827781086574,-0.0035420704190594543,0.0,0.0,1.5,0.06946253244640144,10950.684477793464,10590.481493525247,10568.483481675523,10901.191109383082,0.0,0.0,0.0,0.0,0.0,0.0,nan,0,0.006598872687333043,-0.003050343325285936,-0.012023007119931872
8.652728201,-0.04787906704438742,-0.01857167879787503,1.4828721516361079,-0.027666671706469102,0.03271403896054513,0.006739293961855193,-0.04402104087402193,0.236981478918502,-0.011784829539335332,0.0,0.0,1.5,0.054135713757083405,10939.000643282307,10581.26285436388,10547.979607250767,10889.268677725673,0.0,0.0,0.0,0.0,0.0,0.0,nan,0,0.023500979792926965,-0.008082080225236958,-0.0069248972952220544
8.667302678,-0.06902074941281414,-0.010712660207712655,1.4718408028565593,0.06420708848951906,0.003421698168834202,-0.018454884640017197,-0.034821038534953025,0.23181815724249177,-0.009858694008333498,0.0,0.0,1.5,0.0753097956576404,10929.41635559934,10595.035717178103,10543.509631305662,10856.927200048725,0.0,0.0,0.0,0.0,0.0,0.0,nan,0,0.002172355863239203,-0.0003468233859620657,-0.017697067135734157
8.682073598,-0.07696692207290966,-0.011852550308811601,1.4809926969452754,0.09150080058939859,0.020667778403021097,0.014324923892334076,-0.04211079427233512,0.22771099800337405,-0.0074494997608062835,0.0,0.0,1.5,0.0801602620480647,10953.71136941813,10625.33384925107,10580.401336433528,10885.969724868308,0.0,0.0,0.0,0.0,0.0,0.0,nan,0,-0.006467470958102378,-0.0016930923660760135,-0.008191344781847798
8.696709590000001,-0.07081160655469536,0.006635115430244143,1.4830061054999466,0.1169498065044403,0.014220232488458072,-0.03556163377364008,-0.037650170990248644,0.22662790220328677,-0.010265003604945687,0.0,0.0,1.5,0.07312387318727437,10942.395738665695,10627.261721351702,10573.274615969825,10872.512093160427,0.0,0.0,0.0,0.0,0.0,0.0,nan,0,-0.001501912853498738,0.016507220437699793,-0.005739946412324448
8.711535711,-0.07088669576778572,-0.003785592146965562,1.4760242603017317,0.183758292163819,-0.015604178234893622,-0.042264497316358646,-0.03868141958428858,0.2143478933270463,-0.010824526425388814,0.0,0.0,1.5,0.07492723429339225,10964.496141455578,10661.249032207626,10608.959686500526,10896.136893535999,0.0,0.0,0.0,0.0,0.0,0.0,nan,0,-0.003249930019661035,0.005720228012130263,-0.012204020297543083
8.726354434000001,-0.05940632907788515,-0.009691674668122341,1.4803847719828194,0.1818847173259661,0.04757899931837597,0.03355733901368289,-0.03647482711624212,0.2107425686615948,-0.0072477348400522175,0.0,0.0,1.5,0.06330716912442615,11001.152748194894,10709.214590624171,10678.570650962063,10956.329891355133,0.0,0.0,0.0,0.0,0.0,0.0,nan,0,0.006084621847477517,-0.0006294360258680895,-0.007266042170332998
8.741340497000001,-0.056897800033187035,-0.018250035558659145,1.478398527038238,0.1493795280815708,0.0407955300056461,-0.061322342303405164,-0.03374251706924811,0.20427698929186924,-0.005340468734976898,0.0,0.0,1.5,0.0635377610608573,10975.997087225673,10692.242311334121,10653.46546542557,10927.732347486446,0.0,0.0,0.0,0.0,0.0,0.0,nan,0,0.005986577433842996,-0.009706732993411623,-0.00863110574044601
8.755643979,-0.06481592802243678,-0.005111746580434789,1.4643156986058474,0.22103497442779865,0.00919412189353335,-0.02880092122864873,-0.034789014642703654,0.19632004280993526,-0.0014711150219567479,0.0,0.0,1.5,0.07416605587801614,10995.998778393587,10753.616686339124,10717.369994269717,10952.159512352267,0.0,0.0,0.0,0.0,0.0,0.0,nan,0,-0.004983422462647637,0.0028397313977881616,-0.022053616619063465
8.770546974,-0.04593037020405584,-0.027288955100234557,1.4922535414792037,0.21638392757908484,0.055996582450528534,0.010189111087675083,-0.028113391834732403,0.18934666321017019,-0.005373382398624143,0.0,0.0,1.5,0.0539841976615255,11016.193833376088,10817.193724081337,10788.017946473195,10985.917065315356,0.0,0.0,0.0,0.0,0.0,0.0,nan,0,0.010417787959687418,-0.020000163234053316,0.006562478488546297
8.785163363,-0.05737671926346974,0.019569127168976644,1.484169302602993,0.2776801968134218,0.06474852853935761,0.00375035950960369,-0.03369945399272517,0.1776700729028703,-0.01702836092951763,0.0,0.0,1.5,0.06265500484135489,10968.935229056457,10781.151653972107,10755.561338695301,10940.905050988365,0.0,0.0,0.0,0.0,0.0,0.0,nan,0,-0.004928033693495801,0.026127141009823465,-0.0008272872256775976
8.800040775000001,-0.04395155345393913,0.001286621194203059,1.4648427476508994,0.3146713087944281,0.06861202048761494,-0.023441145148470757,-0.03207035899170394,0.17400442868348154,-0.00771279962302281,0.0,0.0,1.5,0.05629766280983768,10939.494245178084,10760.940727846595,10725.950236689492,10888.312585065605,0.0,0.0,0.0,0.0,0.0,0.0,nan,0,0.004203099847310328,0.0070490551296112924,-0.019430104988992003
8.814891424,-0.05397442197738455,-0.01482311124720947,1.4525301769102137,0.30466939295849316,0.05812314420247692,0.06464933642226943,-0.03231807790215111,0.16544108594419735,-0.005873130604956349,0.0,0.0,1.5,0.07339173631285426,10987.150124517324,10815.338280575406,10773.506613018439,10930.982304513458,0.0,0.0,0.0,0.0,0.0,0.0,nan,0,-0.010491139139593882,-0.00991831451403476,-0.03099701083806461
8.829545786,-0.017513918875371053,0.0016904695228755007,1.488073117934998,0.34282689492796053,0.0345015984726055,-0.01671489707172592,-0.026209520401332287,0.1556554515050707,-0.0063328781849734716,0.0,0.0,1.5,0.021256659130101243,10960.536810753718,10802.448029088702,10761.530953298758,10908.83322216786,0.0,0.0,0.0,0.0,0.0,0.0,nan,0,0.020937152474146275,0.005678239602424285,0.005299155609598483
8.844152523,-0.04405187590831077,-0.012843106872435088,1.4907175800324541,0.41228849973700715,0.06370143818961994,0.0066266111275543925,-0.024611868448647576,0.1472873791813215,-0.013766726706283478,0.0,0.0,1.5,0.04681534455316862,10947.242613832097,10798.373275050128,10780.35287406784,10921.538464915748,0.0,0.0,0.0,0.0,0.0,0.0,nan,0,-0.010974031116416795,-0.009828479020249591,0.008707268472070151
8.859013031,-0.011974934316306756,0.00816323908768935,1.4750007826440048,0.4233029452273464,0.06901192151364541,0.03861297549460413,-0.022351393675566426,0.13943152067878553,-0.005743230320187146,0.0,0.0,1.5,0.028896338742043635,10932.015830895263,10780.303565214104,10775.720914454389,10913.68984713793,0.0,0.0,0.0,0.0,0.0,0.0,nan,0,0.01540800575595182,0.010151833859255636,-0.006237696370372081
8.873730425,-0.02952517956914966,-0.008103757851720203,1.471368938740933,0.3611968396699602,0.05605088196646147,0.007664488029349701,-0.023091649015703104,0.1301149823981391,-0.006264092829940845,0.0,0.0,1.5,0.041918310900253324,10911.506437426775,10757.445022798336,10744.44137503304,10890.892992046241,0.0,0.0,0.0,0.0,0.0,0.0,nan,0,-0.008138207403568746,-0.00719066471371366,-0.00908502129559996
8.88848987,0.004113220998851617,0.008159404126180242,1.4913980410174807,0.44448925986947946,0.0862293078059243,-0.006112764519876063,-0.019474265804447374,0.11898295684440682,-0.002069110456237268,0.0,0.0,1.5,0.01254942871276078,10897.925588267088,10786.30394466028,10779.713263554544,10886.548237749012,0.0,0.0,0.0,0.0,0.0,0.0,nan,0,0.01922383877583827,0.00795093371726148,0.011744346122337213
8.903195209,-0.009086164555923865,-0.0076043132765753274,1.483090165386748,0.462470855856278,0.06874329679219211,-0.01967484827081948,-0.018367987240401427,0.11305953174635278,-0.00026333646263345225,0.0,0.0,1.5,0.020647674769648013,10903.076757610334,10804.897537739684,10783.0919895411,10884.395707085723,0.0,0.0,0.0,0.0,0.0,0.0,nan,0,-0.0005126739034050955,-0.008977197444126955,0.004244968642828972
8.918137238,-0.0029305984253024907,0.0030091075088558294,1.4696863742298232,0.4534520951678479,0.0919599275852491,-0.04534442340021565,-0.01918125127891184,0.10203571142584975,-0.011073841773440044,0.0,0.0,1.5,0.03060325215503356,10914.181465462001,10832.57776183646,10814.900215987018,10904.737839092135,0.0,0.0,0.0,0.0,0.0,0.0,nan,0,-0.0011349432837117457,0.0004322381529625035,-0.008348708248666403
8.932757085,-0.0024391913713482215,0.010457742307100327,1.4782270888782425,0.48553226715799486,0.07897538804707895,-0.011913333982624574,-0.012730235575508503,0.09520596404504912,-0.006141880151792838,0.0,0.0,1.5,0.02427701973932812,10966.136014801426,10911.468282444712,10897.752416844432,10945.709548256073,0.0,0.0,0.0,0.0,0.0,0.0,nan,0,-0.007642983418715311,0.0066404452600859355,0.0009845748825221268
8.947671228,0.025525778169705908,0.00179209311814416,1.4569540564117864,0.4676782822619724,0.08039846685638241,-0.02883662388082143,-0.013604054116150583,0.08577109642325713,-0.008741661714363184,0.0,0.0,1.5,0.050077242419214726,10963.500628250187,10924.416871231837,10917.70269077327,10950.002909194818,0.0,0.0,0.0,0.0,0.0,0.0,nan,0,0.013120299866609803,-0.003298885921195595,-0.019534238484987254
8.962204796,0.03751910742977627,0.0006954232163254035,1.4641968976168092,0.5254254509636269,0.07585045181446368,-0.03902109079726662,-0.013275066541937781,0.0748006332064687,-0.010512147833391458,0.0,0.0,1.5,0.05186549118670471,10983.155350376854,10966.622072816885,10971.79870931318,10978.468896731269,0.0,0.0,0.0,0.0,0.0,0.0,nan,0,0.01773053893180318,-0.005699040237462456,-0.011584344549900427
8.977022102000001,0.01923301224473748,0.0064358074292812165,1.4602044561985394,0.5021985274275621,0.11251299362666725,-0.03385281255211267,-0.009078395937242053,0.0657125275115887,-0.007846896005451992,0.0,0.0,1.5,0.044665576048305684,11001.2804723738,10988.265332983987,11001.070938663366,11002.386805916196,0.0,0.0,0.0,0.0,0.0,0.0,nan,0,-0.008099426335946722,-0.0012885163623185336,-0.01493064137317579
8.991782522000001,0.044573738971758925,0.0034624200907770308,1.4847468649576798,0.5092086255262425,0.06246950209493261,-0.03637050223589533,-0.011355265554499703,0.054515319597051755,-0.001689783792287251,0.0,0.0,1.5,0.047238381507274066,11006.544615560504,11022.892787356956,11027.013631623642,10999.917802517384,0.0,0.0,0.0,0.0,0.0,0.0,nan,0,0.009557714679353548,-0.005614647369203566,0.010186905341372343
9.006436707,0.03445054830996522,0.017712166968950917,1.4805168917259197,0.509426618147926,0.05125269081757967,0.03575100128474679,-0.006982102793528322,0.04737184716608855,0.0007862224048489923,0.0,0.0,1.5,0.04336072699589778,10993.04610134945,11022.096450250621,11029.141974386188,10993.770359570124,0.0,0.0,0.0,0.0,0.0,0.0,nan,0,-0.008367335664546185,0.007263025221959877,0.006456210699206766
9.021248988,0.05011237034103543,0.012112466789061702,1.4718615160087762,0.52117844057663,0.1298728292988428,0.0042343305885965835,-0.0062256925121662665,0.03505820513698584,-0.0036780170938277893,0.0,0.0,1.5,0.05873445151048545,10886.483113809976,10935.245082957459,10955.600374292759,10915.143253999,0.0,0.0,0.0,0.0,0.0,0.0,nan,0,-0.0006033483052618888,0.0002756225517701466,-0.0017597765370238605
9.036161822,0.06144155362357565,0.006853205617575167,1.440642166962924,0.5074331810096823,0.10470039574684013,0.02669310548922798,-0.0029201459997013845,0.026667398072857906,-0.006975710729403518,0.0,0.0,1.5,0.08570521152049558,10869.655077269988,10931.15274700636,10935.226933932237,10884.303940645574,0.0,0.0,0.0,0.0,0.0,0.0,nan,0,0.002754166677613454,-0.006383312264926728,-0.0325764770790864
9.050734112,0.057968226933624696,0.02251724805368162,1.469957111660443,0.5541012317136301,0.09791085629183348,0.007694765076049302,-0.0032625121894767142,0.01948385443654837,-9.525775980041883e-06,0.0,0.0,1.5,0.06906458523383982,10879.830917998328,10960.050757050301,10964.791184537293,10890.92587806379,0.0,0.0,0.0,0.0,0.0,0.0,nan,0,-0.008743765691703285,0.007872509420637176,-0.0028959995331339083
9.065531933,0.07626935101319726,0.021996094564760097,1.455857230364129,0.5671338427456208,0.10965381459141034,0.0408858818822591,-0.0016416205721591956,0.01115944555179318,-0.0057266297376022506,0.0,0.0,1.5,0.09082635185452366,10878.153095349797,10962.237657434072,10959.490287967286,10885.687974055892,0.0,0.0,0.0,0.0,0.0,0.0,nan,0,0.0015003631967273473,0.005937958542799219,-0.016672871973851144
9.080157443000001,0.07662480158575499,0.027743891347339095,1.463789659014992,0.5841920504051449,0.09769837211291073,-0.04246833680100517,-0.0015322303363589,-0.0007278291883886374,-0.0018509272529278148,0.0,0.0,1.5,0.0891755152460575,10868.622243641435,10935.876239214294,10927.150850968135,10868.392849211523,0.0,0.0,0.0,0.0,0.0,0.0,nan,0,-0.006213116449012124,0.01027055861901435,-0.008455450367973238
9.094929732,0.09823476903975659,0.005156686109200214,1.4406569988246756,0.5439858379515274,0.11950224555752309,-0.01804578162293428,0.00299532546161803,-0.013008472276168156,-0.01507992637308144,0.0,0.0,1.5,0.11488365004828882,10904.987315865934,10975.065526745757,10963.096492916273,10905.112174463597,0.0,0.0,0.0,0.0,0.0,0.0,nan,0,0.00733614748713364,-0.013730276405545598,-0.0313386587895772
9.109876757,0.1078331256979612,0.0255686451595736,1.4682778114165174,0.534501806950482,0.11518273153854962,0.007956218916294638,0.0014060512985928787,-0.02033688952253894,-0.0033727580838808424,0.0,0.0,1.5,0.1152737431578177,10938.596452845508,11028.262137695852,11032.820667140886,10936.880661927396,0.0,0.0,0.0,0.0,0.0,0.0,nan,0,0.008902124654339358,0.005273023568520684,-0.0035230751593047227
9.124417034,0.11353467547296714,0.03937609286420432,1.4815765650364978,0.5510025007599306,0.13028318187393906,-0.007940728991595043,0.004350878145460942,-0.02667601677086495,-0.009107703197657956,0.0,0.0,1.5,0.12157311454370494,10915.859934070215,11024.489463090693,11022.519201757685,10912.443228368098,0.0,0.0,0.0,0.0,0.0,0.0,nan,0,0.006619626951086574,0.01768021900171715,0.009903615014664968
9.139157498000001,0.1289405136058134,0.040498098450648265,1.465400087012072,0.520065505434901,0.09858434807005965,-0.011013843514407953,0.003712089358845169,-0.03376311674099137,-0.007125963236667597,0.0,0.0,1.5,0.13950951940932754,10891.833045312665,11004.930175089848,10988.19317859411,10875.57369926934,0.0,0.0,0.0,0.0,0.0,0.0,nan,0,0.014109038618323064,0.017413742405893152,-0.006200792809073263
9.154004697000001,0.11080910769102317,0.01289043230785511,1.4785598065057775,0.5245273442596564,0.09823094549209815,-0.07549479108687225,0.008022499895055286,-0.04613227114027965,0.004010878512271135,0.0,0.0,1.5,0.11359799069276652,10884.15837600995,11009.685402204153,10994.653923631355,10870.423693094424,0.0,0.0,0.0,0.0,0.0,0.0,nan,0,-0.011852322898689649,-0.011567269283895475,0.006984320925088605
9.168618912000001,0.12888608056530598,0.04218403788592314,1.4654255663410172,0.5084758502363026,0.11264061336426216,-0.03562498677600511,0.010566512098931105,-0.052318192492367736,-0.007930095421016622,0.0,0.0,1.5,0.13995179984082715,10902.566848990165,11066.162843975968,11067.326858753522,10919.429023504332,0.0,0.0,0.0,0.0,0.0,0.0,nan,0,-0.001499731221811046,0.016371642710666347,-0.006179141635526797
9.183358468,0.1296948109216552,0.02271601036128966,1.4499272636583944,0.5275249719063261,0.07298448955491915,0.056497027794293254,0.012770940875773434,-0.06172130697688301,-0.0015617115590056733,0.0,0.0,1.5,0.1408688753113123,10906.749985997609,11083.817237965362,11088.735588414562,10928.631607890566,0.0,0.0,0.0,0.0,0.0,0.0,nan,0,-0.00829069662360618,-0.004428822616570589,-0.02177548398638507
9.198141052,0.14694148471616897,0.026163074539271202,1.427310543166653,0.467076712393572,0.10107517341726742,-0.045114314545984566,0.014980034397899302,-0.06598058584531755,-0.0030104818012855004,0.0,0.0,1.5,0.16601223911105648,10824.07535166519,11006.10393823838,11037.26233660217,10873.159779458867,0.0,0.0,0.0,0.0,0.0,0.0,nan,0,0.001498382231759382,-0.0022885849267031966,-0.04454974198739814
9.212999214,0.15615683413486567,0.02925818328113752,1.4864992898869405,0.46663865787700554,0.09946627608684835,0.019987721289547327,0.014888208402448203,-0.07248209821555607,-0.0022732367994301233,0.0,0.0,1.5,0.15944675383805545,10860.133027031241,11063.786568443982,11102.218595232955,10915.63130388824,0.0,0.0,0.0,0.0,0.0,0.0,nan,0,0.0034146786308554,-0.0004714910751517226,0.014437121057968128
9.227552495000001,0.1498641870140437,0.04739473229266024,1.4727275960945478,0.4278388228853566,0.08206269585368665,-0.012346142248818484,0.014558252428482006,-0.0811707337918893,-0.0075794315454440035,0.0,0.0,1.5,0.1595284276022782,10787.713576200422,10997.222911360346,11027.716879520849,10838.049683909683,0.0,0.0,0.0,0.0,0.0,0.0,nan,0,-0.010001477455369723,0.016419132827571577,0.0004159323079218069
9.242434073,0.1753380695900371,0.02993876030467305,1.4540165978451995,0.4812651587768458,0.07362823292742086,-0.017430948638603484,0.01351802704943094,-0.08948504552549923,-0.0010781320375694834,0.0,0.0,1.5,0.18372327367503405,10770.042873130837,11000.015640111158,11029.504160707693,10813.550905358894,0.0,0.0,0.0,0.0,0.0,0.0,nan,0,0.008538971213389868,-0.002247869317682203,-0.018571277124025176
9.2571059,0.16813317142987544,0.02969789994446328,1.461398493439403,0.45882354717171275,0.059191222633896846,0.028958731572676873,0.01604178079077896,-0.09268151110117233,-0.006573789424180031,0.0,0.0,1.5,0.1750451510466001,10795.640390947823,11019.434875989931,11054.414658056105,10846.405536602857,0.0,0.0,0.0,0.0,0.0,0.0,nan,0,-0.00539344341089712,-0.003661820755063435,-0.011495812748712364
9.271983115000001,0.1874086733705213,0.037123559177586085,1.4562004695026518,0.44110569877354916,0.08079310203590338,-0.054087616008097666,0.01927742485141444,-0.10442210920685445,-0.012159317475439827,0.0,0.0,1.5,0.1960065518606422,10786.328635112035,10999.938544217344,11050.848392302236,10847.015424489433,0.0,0.0,0.0,0.0,0.0,0.0,nan,0,0.007376010182925163,0.0026316778674387517,-0.017037285677982128
9.286572731,0.19126105343510186,0.04355396998247692,1.4937390749184116,0.4296208277116094,0.1000879158125949,-0.0175961751965885,0.019192885782706132,-0.1069444622002659,0.0013380389680297349,0.0,0.0,1.5,0.1962573260931083,10846.650917421395,11065.307234410766,11116.700377676541,10893.344698489123,0.0,0.0,0.0,0.0,0.0,0.0,nan,0,0.0049583973527080605,0.00797365021999627,0.020118711692051372
9.301405235,0.1804478214345114,0.05285456248934981,1.4736188284271645,0.36484193621936584,0.031944451166991364,-0.033131453181766905,0.02165454877141134,-0.11976299234808079,-0.00775634669853291,0.0,0.0,1.5,0.18987097526993765,10828.228034565893,11050.758581917142,11083.788578093132,10864.529518242594,0.0,0.0,0.0,0.0,0.0,0.0,nan,0,-0.011873733472019837,0.01623237099531869,-0.0004353522506135299
9.315997718,0.19836773863624815,0.05356098923254618,1.4897463421783377,0.37214329779474464,0.04010555850506572,-0.031705123054088395,0.021166416269723876,-0.11714659699984237,-0.0057000665270509785,0.0,0.0,1.5,0.20572719022519,10807.545931659579,11058.512437194218,11108.389289162407,10856.961608629175,0.0,0.0,0.0,0.0,0.0,0.0,nan,0,0.0002904326288316883,0.01594577401986822,0.015216873458720359
9.331223328,0.2061044646761697,0.04121793783634226,1.490291739845677,0.3055482533044296,0.08220249420406583,-0.0016907494263901683,0.023762762105643057,-0.12786838271781922,-0.002866658744145893,0.0,0.0,1.5,0.21040964586766234,10779.858702935571,11046.622571653053,11111.512405827189,10840.559265814842,0.0,0.0,0.0,0.0,0.0,0.0,nan,0,0.0025465999860941613,0.002660826976389835,0.015248672375553829
9.345618254000001,0.21541771152962347,0.04907432028855306,1.4726739606454036,0.3733693026781604,0.025302400400073026,-0.01047375356851407,0.025544901688513196,-0.1295377591687159,-0.004502856382740796,0.0,0.0,1.5,0.22262028609103104,10728.866166996158,11023.478320477056,11071.869244083391,10777.959038037287,0.0,0.0,0.0,0.0,0.0,0.0,nan,0,0.006664512276894241,0.009628328148374589,-0.0029082662085559985
9.360440405,0.22247046594202638,0.03860172481690848,1.4968842442694748,0.3215735736782721,0.08695223521797246,0.001058159602372041,0.023306698504813643,-0.13145307019622157,-0.006984474610031026,0.0,0.0,1.5,0.22581609621343415,10729.423062728052,11004.258575016145,11062.482605799043,10786.419847116276,0.0,0.0,0.0,0.0,0.0,0.0,nan,0,0.008816083409271175,-0.001678462799781337,0.020751534856755294
9.375072151000001,0.23745987345582228,0.04394465054800696,1.4824718817413984,0.29322591299149176,0.04705830092086146,0.025374376968153835,0.026472675977796574,-0.1374239131189084,0.0018858599838729357,0.0,0.0,1.5,0.24212715408051427,10710.474011786635,10971.047666319211,11010.904133702428,10747.753616597023,0.0,0.0,0.0,0.0,0.0,0.0,nan,0,0.019207322601266785,0.002886623583109857,0.005784958378372673
9.390031498,0.229028849539896,0.0301655104405424,1.5001981756009932,0.2733877124854065,0.038194645819733024,-0.00019763378550652572,0.025976050652151073,-0.1446482758630162,-0.005016950137480042,0.0,0.0,1.5,0.2310069505778465,10684.16361538688,10943.482746859934,10984.513499661096,10730.049241632052,0.0,0.0,0.0,0.0,0.0,0.0,nan,0,0.006488397054870199,-0.011612619674450528,0.022966511176909732
9.404609136000001,0.22560598660683728,0.042328657554475735,1.461297173371109,0.27410438025972617,0.09272064895814881,-0.02155307054526304,0.02411561124299553,-0.14198201050203413,-0.0012989160684146585,0.0,0.0,1.5,0.23278248480561098,10657.11767188468,10922.963677961705,10982.476335364952,10716.118613147099,0.0,0.0,0.0,0.0,0.0,0.0,nan,0,-0.000905229481577785,-0.00011050605632789007,-0.016459723944418414
9.419367419,0.2311730686883293,0.05599614608676765,1.4769557567514504,0.20108198549074352,0.038009647843415546,-0.0395058091034881,0.028064072879037467,-0.150524220258544,-0.002076421903995234,0.0,0.0,1.5,0.23897195067674357,10706.988244321083,10973.453858256902,11011.289752624954,10752.394255220239,0.0,0.0,0.0,0.0,0.0,0.0,nan,0,0.0010155043081939985,0.012956428828573903,-0.0013049876076647315
9.434083286,0.23452582181874443,0.03853511895242663,1.4824276256994393,0.24332105297733403,0.04863705283748753,-0.01736984045765414,0.02930755410791596,-0.15124289309063463,-0.008244580385303912,0.0,0.0,1.5,0.2383193337331114,10732.787492460946,11030.135091559325,11069.2965425489,10784.93278220995,0.0,0.0,0.0,0.0,0.0,0.0,nan,0,0.0010558872278246811,-0.005042845182540098,0.0036660418460559008
9.449164402000001,0.23810516344188154,0.046639684379414514,1.4740370775936729,0.21621253671278107,0.03799087935711239,-0.04142315530874984,0.02849418735219698,-0.15311809494112488,-0.0030498630168806647,0.0,0.0,1.5,0.24401516829200084,10743.387748447729,11027.622425514077,11072.19020423124,10793.54838022272,0.0,0.0,0.0,0.0,0.0,0.0,nan,0,0.0016647850002163012,0.0025873240210387075,-0.0052345676934257845
9.463632879,0.23744565566655773,0.05496284304627873,1.4592119498059088,0.14469563558121157,0.039461616277984154,0.040790836947856686,0.03263807258426981,-0.15582151007618106,-0.010573169821456516,0.0,0.0,1.5,0.24711337185447305,10779.98029253515,11049.265718726436,11094.444877026033,10831.150983454458,0.0,0.0,0.0,0.0,0.0,0.0,nan,0,-0.0016172719402737235,0.01050113500733546,-0.02058325663718885
9.478409494000001,0.23562658387111918,0.03428850935392608,1.4738929068550777,0.13119464809693354,-0.013298657731489928,-0.04338005148141901,0.030686928061065207,-0.15699932529840457,-0.007322035437661324,0.0,0.0,1.5,0.23953531934344355,10749.903271644998,11029.757568952791,11079.01629914433,10798.258396283203,0.0,0.0,0.0,0.0,0.0,0.0,nan,0,-0.005705713970195814,-0.010516413890729825,-0.006444210083143442
9.493071017,0.2250774131243837,0.0438128393115682,1.4778647228729294,0.13672118782310408,0.031184155594864867,0.0005705560504709965,0.03327367728540944,-0.1592031255348193,-0.007947758935390145,0.0,0.0,1.5,0.23036791721244085,10764.322009086916,11049.73457553028,11131.283155228517,10835.877831527285,0.0,0.0,0.0,0.0,0.0,0.0,nan,0,-0.018167855523212706,-0.0012684628675148982,-0.0030292460704133273
9.508020247000001,0.23551210876966464,0.05821425825081035,1.4888103937218984,0.10759593037511633,0.006031505287127945,0.03496209498193328,0.030324657983569488,-0.1598432603916779,-0.007413190911583087,0.0,0.0,1.5,0.24285810781088887,10748.272100701843,11032.946418729074,11115.649143569472,10818.070996194168,0.0,0.0,0.0,0.0,0.0,0.0,nan,0,-0.00928585567709761,0.012924220490681433,0.007338868266715037
9.522617151,0.26728662001784015,0.03808717165895772,1.471545463304045,0.07349003036915644,0.008621569167324192,0.022946700004513185,0.029682088856691914,-0.15998598275106052,-0.0034902692693993104,0.0,0.0,1.5,0.27148191568522867,10686.196841362247,10966.340510509173,11039.828869914052,10747.519770351459,0.0,0.0,0.0,0.0,0.0,0.0,nan,0,0.021295570975912198,-0.007344062915121366,-0.010507122776858724
9.537413004000001,0.26332369850467435,0.0416454902516035,1.4763358756343268,0.04300304460270766,-0.014031630605860788,0.04020183018598285,0.02832849082550381,-0.16065090615170527,-0.010016419082915272,0.0,0.0,1.5,0.2676447418397587,10675.814414264622,10950.98570466312,11018.376942090637,10737.409070696955,0.0,0.0,0.0,0.0,0.0,0.0,nan,0,0.016497089861474024,-0.0038598244663317627,-0.006280503553815597
9.552078704000001,0.25601269856378384,0.03196253072383049,1.4909200769229605,0.014381393237033415,-0.04944398792987629,-0.00932633194280049,0.03217480767870938,-0.16331082926021318,-0.00315763735102131,0.0,0.0,1.5,0.2581599314364404,10663.017157339877,10931.087428974046,11006.053657969307,10724.128017036763,0.0,0.0,0.0,0.0,0.0,0.0,nan,0,0.008707585812980312,-0.01354990009519074,0.007763060947511002
9.566871404,0.2614895083899067,0.015957166344316813,1.4991228223741733,0.022003056400312467,-0.009532171882649824,0.07314697365588424,0.03201353971486433,-0.16218703481727773,-3.067374801900603e-06,0.0,0.0,1.5,0.26197741046953366,10654.931880258595,10925.297047414413,11019.267552243651,10736.23776872192,0.0,0.0,0.0,0.0,0.0,0.0,nan,0,0.014061918339350998,-0.029495712446373605,0.015452936543751461
9.581569874000001,0.2492542595362231,0.054330861574744226,1.4734550306215457,-0.0345100654986084,-0.0017547706096387,0.005991489481215554,0.030830443576665353,-0.1583639846965976,-0.005722879626324794,0.0,0.0,1.5,0.2564842369731675,10578.198688710188,10839.882115976126,10933.848775006269,10672.307575702542,0.0,0.0,0.0,0.0,0.0,0.0,nan,0,0.0020576512947108327,0.009003557848522636,-0.010690500097521927
9.596336875,0.24288543125683107,0.05447788360331639,1.4815631705875116,-0.03711929762776484,0.02242622321103859,0.03640424392217034,0.030799884960130756,-0.16119336385624689,0.0019772864701790094,0.0,0.0,1.5,0.24960186136625362,10611.872758326263,10875.735015317572,10950.248839549635,10687.82335266032,0.0,0.0,0.0,0.0,0.0,0.0,nan,0,-0.0037314276814021663,0.009341037967217171,-0.0030027189000501053
9.611054723,0.2627198418096095,0.06010185627636676,1.4719432239987074,-0.050637855348342024,-0.004828390330158167,0.05097193892871776,0.030540516359578666,-0.15831719939547417,-0.003740754559917214,0.0,0.0,1.5,0.27096333901086694,10627.445642740962,10898.1584365118,10934.005663543301,10676.028503607806,0.0,0.0,0.0,0.0,0.0,0.0,nan,0,0.017030651862375512,0.015219827276720443,-0.012997686484082838
9.62586462,0.23484284606533065,0.05195024188052717,1.48564202888048,-0.10239752322379429,-0.0029493444352087874,1.9758300672713435e-05,0.028676253290925626,-0.15557133933402312,-0.007069814417106712,0.0,0.0,1.5,0.24094842044341946,10643.138674703261,10903.266590214855,10923.736566735231,10676.154404137753,0.0,0.0,0.0,0.0,0.0,0.0,nan,0,-0.009573552895441595,0.007386463998060644,0.00036912572441161196
9.640537304,0.24995863166275795,0.0466656578946523,1.4674823078650368,-0.12691380151743123,-0.062488866418476924,0.03085163921062204,0.022367288666118885,-0.15399559601839968,0.006396299106352925,0.0,0.0,1.5,0.2563482035654693,10678.43514246075,10944.248063993462,10956.250345715333,10699.402932141142,0.0,0.0,0.0,0.0,0.0,0.0,nan,0,0.007157320970720776,0.0024826656542758785,-0.018086196679758304
9.655436395,0.2189684781331507,0.03445884195671769,1.4733028727253747,-0.15919166490378264,-0.01385728240358802,0.053900247715456893,0.029302352347760977,-0.15018391116858548,0.00023870472788230425,0.0,0.0,1.5,0.22326518494754996,10688.174349187251,10956.671219658383,10977.601084652642,10725.496730247038,0.0,0.0,0.0,0.0,0.0,0.0,nan,0,-0.02187825659702594,-0.009281663408905724,-0.01253614411602677
9.670131086000001,0.23797694743459066,0.05669382178973799,1.4814849198605344,-0.1477289064012631,-0.019229794744437468,0.06311152930503394,0.03151751115547299,-0.145823660425304,-0.010485910833275065,0.0,0.0,1.5,0.24533655482211233,10656.882178515256,10940.413701668653,10963.528133037718,10697.06335123928,0.0,0.0,0.0,0.0,0.0,0.0,nan,0,-0.0005808008401593234,0.013456332926696707,-0.004600941649345547
9.68491429,0.2437980068135414,0.04409972618053789,1.4753763962950308,-0.18660672131755102,-0.0868486295527619,0.03347443194847938,0.026661481888789005,-0.14726602046282386,0.0033509102172927544,0.0,0.0,1.5,0.2489750506273136,10644.287485538063,10905.235065138275,10931.317263831515,10673.6540440047,0.0,0.0,0.0,0.0,0.0,0.0,nan,0,0.007856522173795427,0.001424295365407717,-0.010925269043699837
9.694898108,0.2440076856031573,0.03729333362308791,1.4867624590601873,-0.18103506032356384,-0.02973732833761926,0.037983810379863335,0.02583218137419366,-0.14576119847015154,0.0005152566427550471,0.0,0.0,1.5,0.2471958249167356,10651.657835546028,10902.402645524871,10947.341403882336,10705.527511056753,0.0,0.0,0.0,0.0,0.0,0.0,nan,0,0.009988592062961432,-0.004975317721756564,0.0003362781179938601
9.709417994,0.24250544937810445,0.05015948562634219,1.490956789159262,-0.19955082720808678,-0.05727460831918623,0.07464596336663905,0.025175963513517686,-0.14092448486171072,-0.005252624982514092,0.0,0.0,1.5,0.24780364532969576,10658.50857211347,10887.767819493945,10927.415732119503,10707.886417867285,0.0,0.0,0.0,0.0,0.0,0.0,nan,0,0.011632158145990584,0.008548096088011915,0.004370983732270073
9.724223558,0.21607421556201628,0.04799070994853394,1.4652409276293001,-0.25152030879634624,-0.04710640392640263,0.03188162870592271,0.025302746073793396,-0.1374531098636677,-0.00648097772998119,0.0,0.0,1.5,0.22405215460730687,10636.860179090123,10844.857338476517,10887.530979776706,10681.624579356443,0.0,0.0,0.0,0.0,0.0,0.0,nan,0,-0.0113460888228481,0.007091622830563665,-0.021468344388962946
9.738803137000001,0.21809248023376163,0.0420522239413078,1.4976876386288318,-0.24965418672195197,-0.06241198350850894,0.10022936483493333,0.022946369264263782,-0.1325701769944647,-0.005958175325085104,0.0,0.0,1.5,0.22212173799075696,10680.553667071947,10894.043922898441,10932.9630277888,10716.6768471964,0.0,0.0,0.0,0.0,0.0,0.0,nan,0,-0.005576165538179689,0.0019187962607548487,0.010892171154439856
9.753820511,0.20968832534469575,0.01900544335018548,1.4815958850909747,-0.28708423401119093,-0.0620819750494469,0.023600807032306315,0.020624614907572857,-0.12872089118616795,-0.0038857879750704132,0.0,0.0,1.5,0.2113506851381956,10631.438346234414,10838.97580693859,10880.471984285967,10665.744019021851,0.0,0.0,0.0,0.0,0.0,0.0,nan,0,-0.009937853896836407,-0.020310542597703138,-0.005255976555815556
9.768392270000001,0.2103249789174529,0.030812022356752164,1.4571830632981284,-0.2908550349693334,-0.04955917405536065,0.07563620990370602,0.024105694470402613,-0.12854066706235123,-0.0096776150885421,0.0,0.0,1.5,0.2168392666167087,10667.110498218874,10868.961205958929,10913.871694485284,10705.676159980745,0.0,0.0,0.0,0.0,0.0,0.0,nan,0,-0.004978601904551655,-0.007636814166552486,-0.02968621328016141
9.783174961,0.20508201035383852,0.03939728522753945,1.4952852069279852,-0.3287269849369995,-0.042897891048368025,0.02841979694809217,0.022426610966699092,-0.12074691115899758,0.0037529558877693278,0.0,0.0,1.5,0.20888515104665517,10680.421569083885,10872.704503467445,10917.896050003817,10714.522812564262,0.0,0.0,0.0,0.0,0.0,0.0,nan,0,-0.005627521855343848,0.0018635808168228699,0.008427389654971806
9.797843054000001,0.2170677083323652,0.022234472578995378,1.5023027353034246,-0.3275505275156899,-0.09347492132859093,0.01511603913351333,0.022249012077264128,-0.11607232792199274,-0.003952112416180736,0.0,0.0,1.5,0.21821563729808297,10683.420258125352,10876.212463629707,10901.082171572281,10713.745040134827,0.0,0.0,0.0,0.0,0.0,0.0,nan,0,0.011213427439617396,-0.014338132608943926,0.015483069815227957
9.812700381,0.19172069828638108,0.02960612524877487,1.4842091896677265,-0.36069872936270697,-0.04224724314259344,0.0626233009929812,0.01781275840931664,-0.11024128178956911,0.0004261355733177687,0.0,0.0,1.5,0.1946347823350532,10690.817071172862,10861.04393327467,10898.449865976045,10731.972811146974,0.0,0.0,0.0,0.0,0.0,0.0,nan,0,-0.00902806306805548,-0.005961551192731725,-0.0025463602040070032
9.827361146000001,0.19220502679386658,0.03239790278128471,1.5050305341986079,-0.33985887905855694,-0.07894466782281044,0.04199233953313856,0.017863194928120402,-0.1044544874742086,0.0008123221858970738,0.0,0.0,1.5,0.1949812880862672,10681.078641700135,10846.894025059477,10864.722662072181,10704.316687967272,0.0,0.0,0.0,0.0,0.0,0.0,nan,0,-0.00319959003136136,-0.0021232716954053335,0.01836658373605271
9.842129919000001,0.201816753099636,0.03266937928702226,1.4842356141618607,-0.37114768742040843,-0.08552934747538993,0.016367507087440607,0.016340197375493717,-0.09823114737111717,-0.005397397911028903,0.0,0.0,1.5,0.2050507401487068,10673.585053927478,10818.184943893413,10835.60011062491,10697.872681606275,0.0,0.0,0.0,0.0,0.0,0.0,nan,0,0.011982374081397823,-0.0007661303366915048,-0.0023031558476356295
9.856905213000001,0.18609607366837394,0.03560250850731736,1.4994577439096488,-0.36153238644860525,-0.11501672538710575,0.03411992408855432,0.018136627977777528,-0.09446895078461238,-0.005268800532691933,0.0,0.0,1.5,0.18947184827426472,10728.58102380748,10842.544502317985,10863.343447543804,10753.350221432389,0.0,0.0,0.0,0.0,0.0,0.0,nan,0,0.0020460961038825387,0.0032895385824424084,0.0130745678952926
9.871737402,0.18950138524901058,0.01984317438125585,1.4800218367819422,-0.39552579498117735,-0.06188194832462721,-0.021992046918474267,0.017268167730576694,-0.08726411267942669,0.0005240594550411767,0.0,0.0,1.5,0.19158197615221065,10731.938653946452,10821.848726805509,10857.328737000602,10765.540378171467,0.0,0.0,0.0,0.0,0.0,0.0,nan,0,0.011438534172425685,-0.011312581212380154,-0.006187063298249029
9.886415445,0.19284056315621692,0.03533193935820408,1.4634045406781078,-0.38882128952309125,-0.08718516861053537,0.004119203250879578,0.014324965462397634,-0.08200024282558624,0.0002302415971206518,0.0,0.0,1.5,0.1994368481003422,10813.117406901561,10885.124405617784,10908.221855278185,10840.882751346759,0.0,0.0,0.0,0.0,0.0,0.0,nan,0,0.020955605478658934,0.00536575954705755,-0.022621822765083177
9.901159462,0.17685431429332799,0.018783040956374113,1.4905379070516958,-0.4372391060767173,-0.06279311661863861,0.03758713041239218,0.011713289669356518,-0.07414263488937493,-0.004307823459438925,0.0,0.0,1.5,0.1781004837576092,10864.828832038147,10916.075916504618,10931.697788949332,10888.359325628557,0.0,0.0,0.0,0.0,0.0,0.0,nan,0,0.011326816911248927,-0.009963430121341498,0.004679355340538205
9.915829516,0.161889744809914,0.03798181202305137,1.4858506778380698,-0.42726506908459144,-0.09492189280105735,-0.0013998542556645764,0.009796858740748588,-0.07550085088481895,-0.005987286733873122,0.0,0.0,1.5,0.16688652083621244,10825.538919869869,10879.6211936206,10882.574603189118,10829.902148887673,0.0,0.0,0.0,0.0,0.0,0.0,nan,0,0.002886167547791141,0.01048259560811697,0.00014205940308675835
9.930708524,0.1622451587772372,0.012292851360060877,1.5080068794228523,-0.46458126484443857,-0.06923901262631008,-0.019711172709811094,0.011244448752415861,-0.06593741495788129,-0.0021584104515961666,0.0,0.0,1.5,0.16290707737634835,10831.959342085198,10884.52316746607,10885.434537071316,10829.568087929818,0.0,0.0,0.0,0.0,0.0,0.0,nan,0,0.009917690203537832,-0.013934356212795235,0.0224410779204558
9.945344654000001,0.15192833463980235,0.03211849475952189,1.4965764776966206,-0.4693730048818377,-0.09796210269089892,0.03547543874971608,0.007937997195246438,-0.05531555010825009,-5.535958842012968e-05,0.0,0.0,1.5,0.15532397457251387,10832.842468903553,10890.259849014272,10889.719326220345,10831.74390952414,0.0,0.0,0.0,0.0,0.0,0.0,nan,0,0.006415854746207095,0.007185436037741327,0.011142774759524077
9.960249815000001,0.127933256366921,0.01599532186104883,1.4834661539647829,-0.4473050062244845,-0.05545468472453684,0.09388663959311967,0.008273060876621422,-0.05216376355950721,0.0005702515873538744,0.0,0.0,1.5,0.1299851394229323,10818.491815019806,10875.678457176813,10875.095345017138,10818.601339357976,0.0,0.0,0.0,0.0,0.0,0.0,nan,0,-0.010639044861584651,-0.007624096409098745,-0.0018456804038702312
9.974932851,0.11780079194765661,0.0331633547144511,1.4938437083586438,-0.5137728950562451,-0.10274955664406597,-0.022317484455079327,0.0062523158307965275,-0.048444226442508356,-0.002239759781217386,0.0,0.0,1.5,0.12253462615189642,10744.540263790655,10797.791110374465,10781.61724072311,10735.996033978185,0.0,0.0,0.0,0.0,0.0,0.0,nan,0,-0.013720878666449832,0.010874287443914325,0.008662000964171357
9.989651486000001,0.11882118690652203,0.005177027369716862,1.4913724098802041,-0.4730701532099969,-0.1257922601685902,-0.012450638558241056,0.005579828105414476,-0.04091286620347534,-0.0024005585954654887,0.0,0.0,1.5,0.11924643131572803,10770.679396536474,10832.529591029846,10816.171595449896,10761.83492086966,0.0,0.0,0.0,0.0,0.0,0.0,nan,0,-0.005553939645027775,-0.01576768535463212,0.00634499678712519
10.004393555,0.11257494714215002,0.025654016503448993,1.4855281166012688,-0.4864718168770165,-0.08756598961120822,-0.03460692552165154,0.0041058838544371905,-0.031838353333955335,-0.0019386873671091022,0.0,0.0,1.5,0.1163644391380957,10806.76477346326,10847.428417676741,10857.434600737177,10825.631851950824,0.0,0.0,0.0,0.0,0.0,0.0,nan,0,-0.004570804034638942,0.006065223983964415,0.0006616536669654671
10.019293239000001,0.10111350343129144,0.016617866774961985,1.5053458104078061,-0.4913146732970126,-0.08848393775270422,0.02218483690266349,0.006398184807652566,-0.029875892903781436,0.004080525416471079,0.0,0.0,1.5,0.10260931615217198,10862.80250009171,10883.055703978473,10890.497573784518,10876.227886515699,0.0,0.0,0.0,0.0,0.0,0.0,nan,0,-0.008733459776325184,-0.0016059112430210493,0.020630648766479354
10.033823054,0.10174109044931622,0.015180943915769317,1.4863976091040711,-0.503684546745171,-0.08749356191998522,-0.01991576731117069,0.003479095732654612,-0.020509707922599776,-0.006913495268160414,0.0,0.0,1.5,0.10376288152357432,10813.862560737014,10837.055404218501,10842.168357493758,10831.870394316467,0.0,0.0,0.0,0.0,0.0,0.0,nan,0,-0.0007516359911984155,-0.0016712988123360542,0.0018194640435329479
10.048765655,0.09178168584941224,0.012794339885094886,1.4830536443606859,-0.49426805708825977,-0.07196591289065898,-0.007400332642712718,-0.0003597157541743261,-0.013912982107326635,-0.003969793557627325,0.0,0.0,1.5,0.0942059019377748,10842.353890907892,10850.860004617645,10854.094303634944,10849.838428930529,0.0,0.0,0.0,0.0,0.0,0.0,nan,0,-0.0033157450316465,-0.0026824980958077976,-0.0013916772311513004
10.063342486,0.06224118449424111,0.012789941324286873,1.4970685426808756,-0.5073444425788377,-0.08222476489261367,-0.02751708500807874,0.0026441743007454507,-0.008822184573432751,-0.0016278061092391517,0.0,0.0,1.5,0.0636092846079777,10883.517087134818,10868.15476869473,10856.08367879902,10869.607893863978,0.0,0.0,0.0,0.0,0.0,0.0,nan,0,-0.025433851686187392,-0.001310246693183829,0.012741870205032368
10.078076398,0.07716770954372398,0.014382390797517044,1.4946345539807113,-0.4949605064642506,-0.08619990575883205,-0.02422497167864031,-0.004880922889003574,-0.005058800614869532,-0.004995135927991077,0.0,0.0,1.5,0.0786797087708321,10898.37781162321,10881.157613862095,10866.909170326706,10881.331923130434,0.0,0.0,0.0,0.0,0.0,0.0,nan,0,-0.003071890723447032,0.0016574637566039545,0.01040489247477172
10.092962774,0.06235974602836991,0.01622601058039755,1.462100176681529,-0.4759589107351442,-0.1111196822649511,0.003550539583136386,-0.0038575685664225725,0.006318985101112615,-8.953450705198086e-05,0.0,0.0,1.5,0.0747557218656157,10917.325376423965,10885.426179332073,10863.261804392381,10889.988363613349,0.0,0.0,0.0,0.0,0.0,0.0,nan,0,-0.010445462551858922,0.004872351853898511,-0.02205854551143238
10.107717333,0.07467688158458953,0.007013863005987665,1.4790686232002752,-0.4711458823157032,-0.08618959008676248,-0.05465999758696388,-0.005711635059646764,0.013068685880011376,-9.324631073397584e-05,0.0,0.0,1.5,0.07787139046015312,10939.917761829509,10887.757182381218,10867.018170273961,10916.997804238845,0.0,0.0,0.0,0.0,0.0,0.0,nan,0,0.009290972665201569,-0.002975072310798137,-0.005048625831405751
10.122339219,0.05700582673582913,0.008936140805658811,1.5088266532039536,-0.46502737114756354,-0.07502767332406331,0.003410917448547299,-0.00537079379230511,0.017257662263029046,-0.0020609905496299205,0.0,0.0,1.5,0.058373184777916615,11003.633924772665,10917.848791611043,10891.205098601482,10979.753171108216,0.0,0.0,0.0,0.0,0.0,0.0,nan,0,-0.0009899250972341955,0.0003028655824894571,0.024710137462972126
10.137208092,0.05303586755582125,0.006852539017397522,1.489138139900014,-0.472470632767004,-0.10167629429992811,0.036142726974709,-0.0058160421201283305,0.025945258622629697,-0.0034665021995293533,0.0,0.0,1.5,0.054568677308646896,10971.992167723194,10870.976433224647,10840.146379396894,10944.383640131891,0.0,0.0,0.0,0.0,0.0,0.0,nan,0,0.002387228826885565,-0.0004365927198815237,0.004973014528551145
10.151878007,0.041033165770286026,-0.0014703369037217025,1.4410817808857488,-0.5061557287514767,-0.12345600677955737,0.01170730168290055,-0.003651916267463534,0.029166968900138725,-0.0041597777272320505,0.0,0.0,1.5,0.07181392015018492,10911.966475313107,10798.89296485296,10783.00302249559,10895.097783050405,0.0,0.0,0.0,0.0,0.0,0.0,nan,0,-0.002324409556938835,-0.007429055504559206,-0.04315787571194907
10.166823179000001,0.030229731577859534,-0.010861961191595625,1.5110942320233578,-0.4680575504642546,-0.08114187957208899,-0.020659457272385003,-0.007909526329844516,0.03090162611524077,-0.005202677708384243,0.0,0.0,1.5,0.033983832279265755,10923.29962443589,10817.773415510068,10822.988490692072,10926.782445329582,0.0,0.0,0.0,0.0,0.0,0.0,nan,0,-0.005905507262360936,-0.015506155427064346,0.02676953961074835
10.181375413000001,0.026263571690320568,-0.0004051165325931962,1.4626261165251238,-0.44831904192455646,-0.06083365701821406,-0.024220978709594818,-0.007864015858896265,0.03838616499516173,0.005862970847347647,0.0,0.0,1.5,0.04568092034242761,10911.04329853311,10804.961447870235,10808.281004771032,10909.91755892512,0.0,0.0,0.0,0.0,0.0,0.0,nan,0,-0.0027309080983234126,-0.0037529246304295444,-0.021799392583950583
10.196222871,0.024108913427246064,0.014550288720928046,1.493679110258811,-0.4610160657285695,-0.08029865519018213,0.0010926420912967586,-0.010228012387538087,0.04462991773989557,-0.012214221808754797,0.0,0.0,1.5,0.028860080658672464,10949.781701230388,10839.180361002724,10823.342895971933,10938.896407158054,0.0,0.0,0.0,0.0,0.0,0.0,nan,0,0.0021612818401906438,0.012478530080488501,0.009138768565431166
10.210791446,0.023934406642514915,0.015233196453440134,1.4675614994977755,-0.47393388980549406,-0.09451327228049657,-0.02134788021687703,-0.011984984711551416,0.05090683608652197,-0.0008472533275691824,0.0,0.0,1.5,0.04309480723186012,10934.72626015764,10816.224425250479,10793.12599234187,10899.35712150749,0.0,0.0,0.0,0.0,0.0,0.0,nan,0,0.008927395020532677,0.014414902676033507,-0.01711341029431379
10.225636107000001,0.009862050081626285,-0.003715160310658193,1.4732069922904052,-0.4383911445486069,-0.09606383209897999,-0.042226497026255944,-0.012734562599950136,0.05576094237589384,-0.007767613553386406,0.0,0.0,1.5,0.02879110470393246,10959.400086369456,10839.911676731108,10811.350973172735,10922.700404765072,0.0,0.0,0.0,0.0,0.0,0.0,nan,0,0.0016779035141149656,-0.0033046669244222626,-0.011617178310292742
10.240143945,0.01970677270362817,-0.014682190322587212,1.4823875652928578,-0.4342045173904126,-0.055756012084200834,0.024062078056801953,-0.012683370581449296,0.06133959111243622,0.0012522013779516033,0.0,0.0,1.5,0.03023444160844527,10992.189343890544,10860.691933550039,10838.622402935312,10961.256530679259,0.0,0.0,0.0,0.0,0.0,0.0,nan,0,0.018215561415613254,-0.0130698006876164,-0.002614001523664644
10.255207409,0.00685702234747038,0.010479428817123587,1.4714323827455869,-0.4609321709042952,-0.08641861291146472,-0.016373425232030732,-0.013049466496796412,0.06786646277485237,-0.0011706459751940424,0.0,0.0,1.5,0.031192081357317474,10980.852835966774,10835.612850172607,10809.088632923636,10950.625316673892,0.0,0.0,0.0,0.0,0.0,0.0,nan,0,0.011917195433986729,0.013264736681000717,-0.013783120098193269
10.269785156000001,-0.0043742511812852785,-0.0019746422762660313,1.4992129125306033,-0.4108954665720237,-0.07281492545519419,-0.03310939716729656,-0.013790780668072537,0.07230892866632171,-0.0009802904825032656,0.0,0.0,1.5,0.004863413636600743,10989.410698570327,10850.861780882624,10820.890410622285,10961.013274825762,0.0,0.0,0.0,0.0,0.0,0.0,nan,0,0.007085560086373905,0.0019528045136574098,0.013755838239930318
10.284646472,-0.020878994960010167,0.014319310918562075,1.4904802342552403,-0.4389980773693731,-0.06567996422010415,-0.021199293786490225,-0.01808926327385281,0.07546623271168604,-0.006902005518346821,0.0,0.0,1.5,0.027048124436967535,10986.757542426678,10840.486677283807,10808.844856280044,10958.144057398351,0.0,0.0,0.0,0.0,0.0,0.0,nan,0,-0.0031816790472317495,0.01935627263100204,0.00475305416347771
10.299282907,-0.0136140541725125,-0.03745535295677324,1.4877184562157355,-0.3907789406786644,-0.053973703108378325,-0.048191873725787905,-0.01781984865484617,0.07654616623507794,-0.0019171237649439942,0.0,0.0,1.5,0.04170230513836583,10980.617120754974,10843.992471607855,10799.344070178486,10927.659224186244,0.0,0.0,0.0,0.0,0.0,0.0,nan,0,0.010149078158200904,-0.03134317479400586,0.0016974917644787535
10.314116978000001,-0.0213732598024352,-0.0054169170321817384,1.4707750058215876,-0.3858574106350886,-0.09969840074121587,-0.0012626596503203969,-0.015248964587404613,0.0831732393023726,-0.008987260543869674,0.0,0.0,1.5,0.03660955489273492,10997.62916488047,10853.023774998448,10812.462747471849,10950.327641289588,0.0,0.0,0.0,0.0,0.0,0.0,nan,0,0.008274694053086493,0.001734580022591933,-0.015560974380984582
10.328706988,-0.027048221140380496,-0.018254921507063586,1.4685967496671588,-0.3925029515984335,-0.06744755549270093,-0.02710444413289108,-0.016345430298832047,0.08898378064654211,-0.005293217343066768,0.0,0.0,1.5,0.04528810613787101,10987.83554006676,10825.454200792285,10810.382616719497,10960.894240000896,0.0,0.0,0.0,0.0,0.0,0.0,nan,0,0.008294231136155211,-0.010101553306049477,-0.01807831941164828
10.343656396,-0.05503227352999551,-0.0035736353428100784,1.4801231794154028,-0.3440549396329465,-0.0661617358718006,-0.012581981053924144,-0.01791899575394246,0.08671150222924315,0.000585877535965445,0.0,0.0,1.5,0.05862090067540665,11003.159838183721,10834.954051538056,10823.621015073779,10982.242218567899,0.0,0.0,0.0,0.0,0.0,0.0,nan,0,-0.014194249215666407,0.005542765126732606,-0.006914076789374501
10.358289718,-0.043929764957392835,0.003259633300544521,1.4829082987896947,-0.33958119957068683,-0.04637570443838652,-0.0028441346789385216,-0.01872629803467286,0.09145783310335888,-0.004837787642264246,0.0,0.0,1.5,0.04725013977469433,10994.645352750653,10831.328206552009,10807.613983529696,10972.20940763408,0.0,0.0,0.0,0.0,0.0,0.0,nan,0,0.0021964803158793234,0.013298838441068175,-0.004516438340524509
10.373175267,-0.03136260727632334,-0.006439352730607935,1.4850349216115928,-0.3393048400900475,-0.10909774499214533,0.014544672133775114,-0.0197062834666939,0.09647327889917581,-0.004626677502244103,0.0,0.0,1.5,0.03534164639528343,10987.57567406981,10818.674222888863,10781.118395539783,10952.655286712334,0.0,0.0,0.0,0.0,0.0,0.0,nan,0,0.019837175397070875,0.004481216859198737,-0.002797994321177999
10.387668221,-0.04914727065800781,0.0026089371681503187,1.4823374073020494,-0.33314019092484926,-0.06516541908485864,0.004306129021781018,-0.01777535010030185,0.10132963479737912,-0.00212019590756702,0.0,0.0,1.5,0.05228984554473773,10955.469579597418,10780.836205358697,10759.771305033742,10940.146356661737,0.0,0.0,0.0,0.0,0.0,0.0,nan,0,0.0069051881896224215,0.014368422579255921,-0.005913170087240571
10.40255509,-0.07350677983228422,-0.018821930421538083,1.5103749876160852,-0.32072566236034183,-0.041561579554298615,-0.0563726231329736,-0.022148771053425054,0.10438664636110347,0.0016055225673381388,0.0,0.0,1.5,0.07658428111655191,10933.598934758507,10754.747094885235,10737.20399286587,10922.515127653433,0.0,0.0,0.0,0.0,0.0,0.0,nan,0,-0.01282805233958969,-0.006266893353491091,0.021709225293331746
10.41721747,-0.07498252340356673,-0.025433193025003954,1.4794763214115154,-0.27423395534700334,-0.06044700748026568,-0.02328561701282613,-0.02056355088333046,0.10568971415005807,-0.007419558657886415,0.0,0.0,1.5,0.08179515576253256,10953.253115559126,10791.793915919743,10755.699731000434,10929.885439903177,0.0,0.0,0.0,0.0,0.0,0.0,nan,0,-0.00991015746204195,-0.012127075909918423,-0.009602227902279381
10.432187239000001,-0.07579157121080227,-0.0018254192528890777,1.5086195379707548,-0.2669414059905185,-0.0475432522057601,0.001415956040925941,-0.02116963222876008,0.10819920673147546,-0.003259631457125953,0.0,0.0,1.5,0.07630197151371787,10975.651347466432,10804.286795435542,10774.620355582545,10950.782356178312,0.0,0.0,0.0,0.0,0.0,0.0,nan,0,-0.006564624957824908,0.01218612113984117,0.019123925359977978
10.446818668,-0.07123840346106927,-0.01996643510439822,1.4853038131289662,-0.26998123928938567,-0.040390513121220196,-0.0007439684053691545,-0.018604659346872263,0.10933930308765707,0.004291920169798312,0.0,0.0,1.5,0.07542908303173636,10937.249352255192,10756.998587034963,10717.48055374388,10898.994435083052,0.0,0.0,0.0,0.0,0.0,0.0,nan,0,0.00189920668480012,-0.005296022592865199,-0.004609560350843367
10.461577787000001,-0.07641131556115723,-0.027905562821776447,1.5049930681452162,-0.24521209372777994,-0.02900772734996115,0.015920385029749816,-0.02136570605996323,0.11408192977338043,-0.004172593549969255,0.0,0.0,1.5,0.08150055405756229,10927.95995916718,10751.952323903715,10710.20233089605,10895.090246736912,0.0,0.0,0.0,0.0,0.0,0.0,nan,0,0.0003898533298045681,-0.012623407391139128,0.014675346659764665
10.476272104000001,-0.08613658620060642,-0.002584834744023391,1.5073207294353828,-0.18669968059538727,-0.044992828529108894,-0.029401204500644307,-0.021126002307424903,0.11121772839627068,-0.001784183058769019,0.0,0.0,1.5,0.08648575566192672,10904.755253938405,10722.675314574108,10681.365441501088,10870.001473484552,0.0,0.0,0.0,0.0,0.0,0.0,nan,0,-0.005922372793538036,0.013261323704859952,0.016619237814306853
10.491085991,-0.08941896822709666,0.001667339441171957,1.4839305507563811,-0.21851777906633077,-0.013043824775711211,0.006568152089733316,-0.023053540319111242,0.11632819520330806,0.001690343825913206,0.0,0.0,1.5,0.09086671061837692,10911.219626566719,10715.195918105319,10673.20216797526,10873.975412345699,0.0,0.0,0.0,0.0,0.0,0.0,nan,0,-0.006044838300662894,0.018029309612655208,-0.007124647930026429
10.505822889000001,-0.10383821303388872,-0.010543505225527095,1.5172409196774481,-0.16551043938889265,-0.01637830007939724,-0.021426988463067828,-0.0255627379310451,0.11398311518017365,-0.0072112715286666625,0.0,0.0,1.5,0.10578652702417352,10930.065298966432,10740.837981069728,10676.00938922002,10871.545644895426,0.0,0.0,0.0,0.0,0.0,0.0,nan,0,-0.017561039740951315,0.006285425597268201,0.02585711198132712
10.520913814,-0.08147569751934658,-0.015576280531079931,1.4919303126911232,-0.14713561730713332,-0.028478477737714517,0.018602274263005807,-0.02152947222180736,0.11907214399564868,-0.004853501326037176,0.0,0.0,1.5,0.08334284405220406,10933.737415811138,10740.699859878965,10671.48291275709,10862.651162437092,0.0,0.0,0.0,0.0,0.0,0.0,nan,0,0.007444670782390084,0.0016702784936092896,0.0002401362566994969
10.535290459,-0.08641400483541929,-0.02229461801648485,1.4915398236283273,-0.12214400756493388,-0.04509723507882093,-0.030912175894412985,-0.02160247618918532,0.12247917990936877,-0.00399677628832842,0.0,0.0,1.5,0.08964376614375731,10925.184874547578,10708.622320206934,10653.676009186534,10866.606386973179,0.0,0.0,0.0,0.0,0.0,0.0,nan,0,0.004888006056749342,-0.004679930901906125,-0.0004310418306812114
10.55024753,-0.09471576232611963,-0.02054228095273227,1.4704448713134441,-0.13996028224069298,-0.037810313922848365,0.0248843013485318,-0.020432751753426036,0.12066516439628398,0.005893693873357096,0.0,0.0,1.5,0.10132406708890955,10950.272140779502,10717.252674425717,10682.44788375678,10911.978448620786,0.0,0.0,0.0,0.0,0.0,0.0,nan,0,-0.0012950504289389875,-0.002609006168687967,-0.02177957162013988
10.564870774000001,-0.09265187733205052,-0.030182190330696457,1.5099256459845076,-0.09558785879261385,0.0004249304513590187,0.02526540242811942,-0.022064477275149923,0.1157461610067975,0.0006421624750218136,0.0,0.0,1.5,0.0979482181283636,10938.181247546443,10723.463896135985,10694.915708765433,10920.810505992738,0.0,0.0,0.0,0.0,0.0,0.0,nan,0,0.002622590374017242,-0.011980000409561542,0.017466072794592336
10.579687726000001,-0.09264196011765373,0.0036657197366166093,1.5097454911241077,-0.09267156466135648,-0.037518478499228146,-0.014978559802837802,-0.018466793602187965,0.1193961670784857,0.00225463941496191,0.0,0.0,1.5,0.0932252373173618,10905.684660095232,10693.487758159412,10660.390748485514,10884.716966575048,0.0,0.0,0.0,0.0,0.0,0.0,nan,0,0.004221149825548248,0.022087338618345692,0.017070747662808694
10.594395416000001,-0.08906243231178217,-0.027865047419429134,1.4754434455962016,-0.11978280561227159,0.03442546348408169,0.008213003179761522,-0.025022201834752008,0.12102732503709378,0.00353216101689872,0.0,0.0,1.5,0.09649664284919204,10901.45007288592,10700.252729223033,10670.295943515199,10890.476607142456,0.0,0.0,0.0,0.0,0.0,0.0,nan,0,0.009125536635203019,-0.009273066925700606,-0.017417519543352356
10.6094386,-0.09682274717753406,-0.03816640384749814,1.488771779969017,-0.05091442184227584,0.005332191238563059,-0.07037966352797993,-0.024621640142889367,0.12256819256845082,0.0031727559285887495,0.0,0.0,1.5,0.10467756053099045,10920.536828692559,10736.537244769675,10687.716636061052,10889.1811380825,0.0,0.0,0.0,0.0,0.0,0.0,nan,0,0.00242684984459883,-0.019452901014096854,-0.004248742125816163
10.623740243,-0.11139079604267364,-0.008969134062295214,1.4949878701395114,-0.08056878497803754,0.027524637310244945,-0.03030110638273153,-0.02074064190602334,0.11953740875564073,-0.001191106478669158,0.0,0.0,1.5,0.11186365028277212,11000.45444350058,10811.196391189602,10762.151756131378,10969.818867957098,0.0,0.0,0.0,0.0,0.0,0.0,nan,0,-0.011343551237535707,0.009817006010119315,0.0018166365893701464
10.638630656,-0.09238773328579661,-0.016274577578560465,1.4792773693918495,-0.021346553937392432,0.008899697664909023,-0.005791811903340783,-0.021440187509861767,0.11623261037512495,0.0013279604685278315,0.0,0.0,1.5,0.09607175732945625,11011.736290663514,10839.950774602741,10782.073512701454,10966.237073067166,0.0,0.0,0.0,0.0,0.0,0.0,nan,0,0.008192370580272543,0.0025352614569617016,-0.014058721081099845
10.653336684000001,-0.09861195523484556,-0.011894475252136567,1.4877766282171418,-0.03537860839408532,0.004202247426984044,-0.004674840743072954,-0.02025739873852585,0.11692153097674574,-0.003140809386104563,0.0,0.0,1.5,0.10007600648759345,11005.571368370584,10828.856015045423,10774.954163979923,10962.167868544964,0.0,0.0,0.0,0.0,0.0,0.0,nan,0,0.0022385390663808985,0.006890671376281569,-0.005739777425526338
10.66804016,-0.09075785541957243,-0.026569364354772126,1.4860032289635834,-0.013485891443344075,0.01109930422270437,0.03272884551939472,-0.02293334394671199,0.11548061307633,-0.010454616894304849,0.0,0.0,1.5,0.09559722298279652,10986.265038144411,10817.287180216083,10770.991298422607,10945.151061113429,0.0,0.0,0.0,0.0,0.0,0.0,nan,0,0.010103881643350701,-0.007856528493991956,-0.007706016177812192
10.682749595,-0.08569416607869239,-0.03329931643696413,1.4909481717007202,0.022021180547900265,0.008986337254460448,0.027558346156113675,-0.02576447882312492,0.11526096228591291,-0.0063829112059338505,0.0,0.0,1.5,0.09238111371190122,10940.422582252057,10768.143352341785,10734.804492412517,10896.219212911965,0.0,0.0,0.0,0.0,0.0,0.0,nan,0,0.014924348980716873,-0.014705349342638108,-0.002955833504513672
10.697600864,-0.1044718244489789,-0.014374873662516843,1.4904265823180889,0.05164728416153494,-0.0005918412195270557,0.06077165623229563,-0.017764324298541082,0.1092736069394775,0.0022042376863088426,0.0,0.0,1.5,0.10588979848230855,10914.62905463079,10733.653378704768,10707.38870411643,10872.20352400714,0.0,0.0,0.0,0.0,0.0,0.0,nan,0,-0.004345417176190747,0.004054917353200259,-0.0036594140217478532
10.712341958000001,-0.09521344113595417,-0.030971245091403754,1.480214156780271,0.04199174811023218,0.012227027888014429,0.06386496564665073,-0.01848743943315037,0.11021740578549225,-0.0014996483594125287,0.0,0.0,1.5,0.10206026154864248,10857.909960761834,10685.981162474469,10664.963393319355,10834.894765576866,0.0,0.0,0.0,0.0,0.0,0.0,nan,0,0.0041778688753156545,-0.012749615801444264,-0.01402706134164955
10.727141602000001,-0.09734767841142034,-0.017556014587533236,1.4763406976615872,0.08490509214531515,0.006595953673341017,0.03793165538350281,-0.020983074920035025,0.10832130470492415,-0.006209537334107326,0.0,0.0,1.5,0.10170814484313152,10829.496883656568,10664.185904239981,10649.749016378248,10816.070395395298,0.0,0.0,0.0,0.0,0.0,0.0,nan,0,0.001071866591451212,0.0004148576997708431,-0.018014726286625926
10.741621733,-0.10904484101766804,-0.03157516128242509,1.4823011378663826,0.06484019429872273,0.0009625168033071571,0.0013969512713777252,-0.018416398703176486,0.10796179246472182,0.004728471797954901,0.0,0.0,1.5,0.11489568261429343,10848.11312351916,10676.618413773915,10666.15476183483,10830.636104330622,0.0,0.0,0.0,0.0,0.0,0.0,nan,0,-0.011828455414926178,-0.013896471425459824,-0.012126558971656154
10.756475238,-0.08898864514674686,-0.008129589351030732,1.501402776409885,0.09381373753570317,0.034281275349683595,0.044356176109941255,-0.015424203316029636,0.09934027839642674,0.003463396015755087,0.0,0.0,1.5,0.08937022417856047,10868.51730254901,10704.925750826682,10699.197606440872,10855.139376784491,0.0,0.0,0.0,0.0,0.0,0.0,nan,0,0.006797807555394289,0.009216503963891606,0.0069353681906219045
10.771097517000001,-0.09626403101744875,-0.03084044125881927,1.5016280512128886,0.13346426602557424,0.042358355401663376,-0.004574237386325844,-0.021838864670855617,0.09776372969480532,-0.0022436360930270668,0.0,0.0,1.5,0.10109672119074291,10845.617758721375,10704.685031006191,10688.226203288294,10831.957808569396,0.0,0.0,0.0,0.0,0.0,0.0,nan,0,-0.002128623387321907,-0.013866207505742766,0.007149813003677341
10.786063533,-0.09713437115667742,-0.024607424502230673,1.4761254616107387,0.12600781051540028,0.04510348923518335,0.042957413085533316,-0.014461793761677132,0.09566375549632834,-0.0032580868149423075,0.0,0.0,1.5,0.1030077908895073,10849.253884526652,10716.665775121304,10686.65328475539,10825.24207314749,0.0,0.0,0.0,0.0,0.0,0.0,nan,0,-0.004863896550140412,-0.008042922154419794,-0.018326829748497975
10.800716034,-0.1100957315716353,-0.02992847605061401,1.475275695797462,0.1483095636538441,0.02984838429812267,-0.010394017720935624,-0.020285143206459116,0.09550031901286098,-0.006654843181835069,0.0,0.0,1.5,0.11673934644028716,10853.734444558784,10727.939501715442,10702.05931382335,10827.117808882955,0.0,0.0,0.0,0.0,0.0,0.0,nan,0,-0.019897942573666963,-0.013810388512616931,-0.019120423566610922
10.815603345000001,-0.0840887488810934,-0.029203350101420496,1.5106060899683378,0.18320794375723629,0.051084157436800524,0.046238426096270796,-0.0163492369679333,0.09004962812441798,-0.0061401949708125465,0.0,0.0,1.5,0.08964509183413333,10894.12349863175,10772.773990126478,10753.868488000911,10866.098886957863,0.0,0.0,0.0,0.0,0.0,0.0,nan,0,0.003835025958567731,-0.013567113730366683,0.01628887400340706
10.830184253,-0.11440747325201481,-0.01710580197084172,1.4668624141102087,0.16242015603652601,0.03950440934097584,0.01691782996806185,-0.013626402787644718,0.08636397495524338,-0.0024430260578463883,0.0,0.0,1.5,0.12033194918881449,10842.854079224238,10704.54726372438,10687.962345781054,10812.909880915047,0.0,0.0,0.0,0.0,0.0,0.0,nan,0,-0.028951927523794066,-0.001985474985485139,-0.027356761438929178
10.845095501000001,-0.08382715312448312,-0.026440481650079124,1.5079386961892596,0.18575631170779053,0.00640197638991082,-0.02534547085903744,-0.015376496403459098,0.08543396722948995,0.006344972890284015,0.0,0.0,1.5,0.08825595485874636,10858.396147922931,10740.757985882521,10725.059527539772,10830.800907199864,0.0,0.0,0.0,0.0,0.0,0.0,nan,0,-0.0010252222471646422,-0.01186843820804619,0.01384881694905804
10.859551439,-0.0904282532031638,-0.012449176392889514,1.510760813300004,0.1844786149552502,0.0447725094444345,-0.02994372795310623,-0.011715485097781843,0.07673087796466659,-0.0016967797633235394,0.0,0.0,1.5,0.09191325297863373,10865.26558261873,10758.179355037459,10751.25234471263,10858.998254885522,0.0,0.0,0.0,0.0,0.0,0.0,nan,0,-0.010458451357632112,0.0015435509834961798,0.01681716318920623
10.874616381000001,-0.06181231216640618,-0.025554935877906835,1.4974935546525474,0.1883725365559851,0.0036143496494078723,-0.005253965203594807,-0.013264714191142219,0.07421695185787833,-0.004202721213189245,0.0,0.0,1.5,0.06693354130300401,10878.813404576353,10791.84037792618,10787.163115655028,10878.019417933,0.0,0.0,0.0,0.0,0.0,0.0,nan,0,0.015154383155206765,-0.012171116573169478,0.0037024208503626532
10.889140710000001,-0.056549575515500966,-0.018820356956465282,1.505254326748922,0.22846733295144606,0.059081419575499936,0.03538858901258414,-0.016553935782309195,0.0710977640729911,0.0010823967635230694,0.0,0.0,1.5,0.05983032906926515,10871.961593995498,10788.69391842048,10801.654147819132,10883.16997878428,0.0,0.0,0.0,0.0,0.0,0.0,nan,0,0.017251267157807837,-0.006073521452060382,0.011616225190644869
10.904078583,-0.06948723450800452,0.0009317216433539985,1.4831820426589306,0.20397556867237351,0.04489097016326413,-0.006060810615977974,-0.010818552119668912,0.0637793107731455,-0.0072461907543960626,0.0,0.0,1.5,0.07149956331277232,10847.309507037313,10758.291548487727,10760.581262178432,10849.198694426444,0.0,0.0,0.0,0.0,0.0,0.0,nan,0,0.000993997931121024,0.013015085502170867,-0.010301161903957023
10.918691701,-0.07902644812654834,0.0015469461312927531,1.4995628549188726,0.2340544871587211,0.057035135684280175,-0.0035890186825292872,-0.01168121897527594,0.06347010059649905,-0.005413954914368898,0.0,0.0,1.5,0.07904279626666247,10877.917346528948,10812.36885525273,10805.596402399391,10862.20531866195,0.0,0.0,0.0,0.0,0.0,0.0,nan,0,-0.012009252992407696,0.012941924196881102,0.006239809140140773
10.933578678,-0.05852379935625174,-0.019623624707846628,1.4757484460217107,0.23757676929652674,0.07913271036804174,0.010207450506671463,-0.006449163349205643,0.056326320075554055,-0.0031192992677626964,0.0,0.0,1.5,0.06631937581225489,10885.10305042004,10828.861795478748,10810.631401952165,10854.406311188253,0.0,0.0,0.0,0.0,0.0,0.0,nan,0,0.004893551967011495,-0.008940527297751426,-0.017419306106057686
10.948238064,-0.05578330904284117,-0.021787640999788006,1.5157456917817038,0.28546857173310597,0.06022766641913496,-0.06282494450728021,-0.01131891747177374,0.05218808832126832,-0.00720027838138306,0.0,0.0,1.5,0.06192257809385188,10894.897500676192,10847.549097129422,10827.11702527213,10864.965435463424,0.0,0.0,0.0,0.0,0.0,0.0,nan,0,0.003907618341991721,-0.011838380914324483,0.022724863849103327
10.963115161000001,-0.05047813277676013,0.004773074734580815,1.487791150844593,0.25535643634561545,0.049343854308920396,0.04316455393920035,-0.007646902743078244,0.04970926462939495,0.002169877431274391,0.0,0.0,1.5,0.05215247001580657,10919.63936666046,10865.480451721043,10849.680456887887,10890.139755917915,0.0,0.0,0.0,0.0,0.0,0.0,nan,0,0.005368995305299343,0.013968117090147995,-0.005097536581232687
10.977788947,-0.04879748733876959,-0.011009710703752687,1.4965230760873849,0.2613971889675436,0.007770247284451793,-0.049019079984419164,-0.009385635317509005,0.04373032501031139,0.0026811585758796516,0.0,0.0,1.5,0.05014476543221456,10882.285114071929,10834.178789423611,10812.853365028695,10856.242651759858,0.0,0.0,0.0,0.0,0.0,0.0,nan,0,0.0030981792072213993,-0.002587555418151857,0.0037528863100158016
10.992845990000001,-0.05815243945830013,0.00014988609303536165,1.4737686326158026,0.27609184896666916,0.04599154050709637,-0.047623833826097826,-0.013100945898258862,0.04045937481501575,0.0008712223134348779,0.0,0.0,1.5,0.06379508849148877,10879.113779621446,10846.66573875159,10838.947636045004,10875.408258978121,0.0,0.0,0.0,0.0,0.0,0.0,nan,0,-0.010305672572599608,0.007782327515949526,-0.018886885208336812
