time,x,y,z,vx_body,vy_body,vz_body,roll,pitch,yaw,ref_x,ref_y,ref_z,position_error,rpm_0,rpm_1,rpm_2,rpm_3,disturbance_fx,disturbance_fy,disturbance_fz,disturbance_tx,disturbance_ty,disturbance_tz,obstacle_clearance,local_point_count,position_noise_x,position_noise_y,position_noise_z
0.01255501,-0.0051046303392942366,-0.00931139324001815,0.016070466767043292,0.00836271347433415,-0.003482014513821691,0.03855038882279335,-0.0020397508415292034,-0.0029359984235303536,-0.004136024563961216,nan,nan,nan,nan,0.0,0.0,0.0,0.0,0.0,0.0,0.0,0.0,0.0,0.0,nan,0,nan,nan,nan
0.023728367,-0.003973340592549345,0.023439946313557957,0.00288695466551225,0.05209109983485257,-0.04305715940895324,-0.009614091690913037,0.0005758057706234972,-0.002975050531367075,0.008278727061883593,nan,nan,nan,nan,0.0,0.0,0.0,0.0,0.0,0.0,0.0,0.0,0.0,0.0,nan,0,-0.003973340592549345,0.023439946313557957,0.00288695466551225
0.038417087,0.005837535841167808,0.007998443434803392,0.006336682664798181,-0.027221627149334397,-0.02693902580318757,-0.0004760412269148853,0.0005181254699714351,0.001867639787768961,-0.0017656704479275915,nan,nan,nan,nan,0.0,0.0,0.0,0.0,0.0,0.0,0.0,0.0,0.0,0.0,nan,0,0.005837535841167808,0.007998443434803392,0.006336682664798181
0.053000783,0.010448194967351063,0.0029363795072105793,0.00575366547973786,-0.0037115370595631196,0.011672572732286156,0.028650605259863487,0.002511666297106489,0.0008001827239239012,-8.883806297964318e-05,nan,nan,nan,nan,0.0,0.0,0.0,0.0,0.0,0.0,0.0,0.0,0.0,0.0,nan,0,0.010448194967351063,0.0029363795072105793,0.00575366547973786
0.068019538,0.0036687611293859867,-0.00030842052803581674,0.023438130838724727,0.0301875603948747,-0.005530159637980935,-0.033196759996554796,0.0003226565112014248,0.002871360589293474,0.0005236928762621563,nan,nan,nan,nan,0.0,0.0,0.0,0.0,0.0,0.0,0.0,0.0,0.0,0.0,nan,0,0.0036687611293859867,-0.00030842052803581674,0.023438130838724727
0.08271418600000001,0.00950524516316936,0.007325472089060124,-0.020328571610491883,-0.012127436924939535,-0.02738448755086549,0.008281230126631275,-0.0019240128261319338,-0.0010541104612331726,-0.002770416256362129,nan,nan,nan,nan,0.0,0.0,0.0,0.0,0.0,0.0,0.0,0.0,0.0,0.0,nan,0,0.00950524516316936,0.007325472089060124,-0.020328571610491883
0.09750765800000001,-0.013338470490787348,0.0024689522885814074,0.014356274135734735,0.04568176185069721,0.04132463611148886,-0.030353204423922836,0.001381362296621066,0.000938956499864542,0.0019086589431812644,nan,nan,nan,nan,0.0,0.0,0.0,0.0,0.0,0.0,0.0,0.0,0.0,0.0,nan,0,-0.013338470490787348,0.0024689522885814074,0.014356274135734735
0.11216511600000001,-0.008523028684533118,0.00935749953667742,0.0032790584142399523,-0.01098075542390977,-0.004028039312341923,0.01466806391818363,-0.0027535285096211702,-0.0040120964851745435,0.00046319590879286064,nan,nan,nan,nan,0.0,0.0,0.0,0.0,0.0,0.0,0.0,0.0,0.0,0.0,nan,0,-0.008523028684533118,0.00935749953667742,0.0032790584142399523
0.12725850600000002,-0.004762650219339264,-0.013931113623399626,-0.003123854472074291,0.021499346886994355,-0.005365567064399563,-0.017918307994620623,0.0032150377852348954,0.0017139655594067785,0.002435755421400127,nan,nan,nan,nan,0.0,0.0,0.0,0.0,0.0,0.0,0.0,0.0,0.0,0.0,nan,0,-0.004762650219339264,-0.013931113623399626,-0.003123854472074291
0.141830741,0.005939026087961026,0.0005962152636486689,0.004139522844252341,0.007098019881507148,-0.02184432743355913,0.001697688741496251,-0.0020361096732478194,-0.0007106074121962475,-7.246312055845397e-05,nan,nan,nan,nan,0.0,0.0,0.0,0.0,0.0,0.0,0.0,0.0,0.0,0.0,nan,0,0.005939026087961026,0.0005962152636486689,0.004139522844252341
0.15704500600000001,0.002784971698987852,0.011095239595203888,0.013953048077349794,0.0030883177687044804,-0.007768114745188981,-0.037556674370647254,-0.0002705689908722989,0.001334651421559999,-0.0050477322251097695,nan,nan,nan,nan,0.0,0.0,0.0,0.0,0.0,0.0,0.0,0.0,0.0,0.0,nan,0,0.002784971698987852,0.011095239595203888,0.013953048077349794
0.171353318,-0.029411998772482212,0.008112925777618045,-0.0031242300433940292,-0.012968788868216934,0.01661189248329139,-0.02014030195570776,-0.0030075569088662524,0.00029944266635571667,0.0032170778584134,nan,nan,nan,nan,0.0,0.0,0.0,0.0,0.0,0.0,0.0,0.0,0.0,0.0,nan,0,-0.029411998772482212,0.008112925777618045,-0.0031242300433940292
0.186248771,0.0032841134968739708,0.005039823828645646,-0.012361717875231465,-0.011601053754342207,0.013145414441409623,0.04170527748191208,-0.0006746343467934771,0.0015606445597139732,-0.003741970051602294,nan,nan,nan,nan,0.0,0.0,0.0,0.0,0.0,0.0,0.0,0.0,0.0,0.0,nan,0,0.0032841134968739708,0.005039823828645646,-0.012361717875231465
0.200928933,0.0017820904067174462,0.012666367435769495,0.026739118892718565,0.04380913404339975,0.01352515773443968,0.06679000069970663,0.001882288241373595,-0.0003165039461763746,-7.50913375631407e-05,nan,nan,nan,nan,0.0,0.0,0.0,0.0,0.0,0.0,0.0,0.0,0.0,0.0,nan,0,0.0017820904067174462,0.012666367435769495,0.026739118892718565
0.21567158500000003,0.006158660572617886,-0.0018997892736001927,0.013630146896908639,0.04369587034307774,-0.028806176092993775,-0.006352649152490558,-0.00022890651620779208,-0.0035051266684796916,-0.002250856348552156,nan,nan,nan,nan,0.0,0.0,0.0,0.0,0.0,0.0,0.0,0.0,0.0,0.0,nan,0,0.006158660572617886,-0.0018997892736001927,0.013630146896908639
0.23016295,-0.006636701335336087,0.00702290902152114,0.005965351718812079,0.013898081625280811,0.021695295821212483,0.028229298339610756,0.0001453233129817795,0.0022683009295332013,-0.000408336318904989,nan,nan,nan,nan,0.0,0.0,0.0,0.0,0.0,0.0,0.0,0.0,0.0,0.0,nan,0,-0.006636701335336087,0.00702290902152114,0.005965351718812079
0.24507930800000002,-0.006998986198108157,-0.008533027880621333,0.0011590674325503085,0.015261660837097239,-0.008095414818440012,0.029261866009365495,-0.0005637377762351664,0.004778348154679954,0.003110887812044011,nan,nan,nan,nan,0.0,0.0,0.0,0.0,0.0,0.0,0.0,0.0,0.0,0.0,nan,0,-0.006998986198108157,-0.008533027880621333,0.0011590674325503085
0.259720766,-0.004310507448533488,-0.00395599818748193,-0.01574007775854294,-0.018501611271615027,0.023283952279116848,-0.025067585930009732,0.0019874917169162435,-0.00160432238220005,-0.007485543330927062,nan,nan,nan,nan,0.0,0.0,0.0,0.0,0.0,0.0,0.0,0.0,0.0,0.0,nan,0,-0.004310507448533488,-0.00395599818748193,-0.01574007775854294
0.274756274,-0.0018817094176157424,-0.00884322799453594,0.002164214396235004,0.05300518525357627,-0.015257418067176667,-0.001459269075296852,0.0003906793836694492,0.0004386570427431222,0.004012894990757102,nan,nan,nan,nan,0.0,0.0,0.0,0.0,0.0,0.0,0.0,0.0,0.0,0.0,nan,0,-0.0018817094176157424,-0.00884322799453594,0.002164214396235004
0.289340197,0.009316800306567582,0.0020613976837899413,-0.01727680134757464,0.0018061221062445224,-0.02503866443785493,0.01631601554649204,-0.0029308427230868746,-0.0018167101787933,-0.0061460124225230905,nan,nan,nan,nan,0.0,0.0,0.0,0.0,0.0,0.0,0.0,0.0,0.0,0.0,nan,0,0.009316800306567582,0.0020613976837899413,-0.01727680134757464
0.30427238700000003,0.012425791477944327,-0.0020004377981196943,0.016437695571961966,-0.01422430253490252,-0.013228939530063688,0.023870534858774023,0.0028653270604708553,-0.00011570259876746326,-0.006569419010468257,nan,nan,nan,nan,0.0,0.0,0.0,0.0,0.0,0.0,0.0,0.0,0.0,0.0,nan,0,0.012425791477944327,-0.0020004377981196943,0.016437695571961966
0.31902355400000004,-0.013445278906177175,-0.014893634681572301,0.016669866189364984,0.020281016206498078,-0.009843118870027813,-0.01861820174395426,0.002413417595101805,-0.002357910240730841,-0.0003753665946852958,nan,nan,nan,nan,0.0,0.0,0.0,0.0,0.0,0.0,0.0,0.0,0.0,0.0,nan,0,-0.013445278906177175,-0.014893634681572301,0.016669866189364984
0.333650013,-0.002939730324644867,-0.013207772887767852,0.00296260637777888,-0.009284817736986662,-0.0028770133453686272,-0.017523089981929838,-0.0006266579130405796,0.002654274371605373,0.004793925553166831,nan,nan,nan,nan,0.0,0.0,0.0,0.0,0.0,0.0,0.0,0.0,0.0,0.0,nan,0,-0.002939730324644867,-0.013207772887767852,0.00296260637777888
0.348646359,0.00024040357854423228,0.02263355956046886,0.02491913346427654,0.009254283949431301,0.001690261146142276,-0.010198213265414124,-0.00168612635989656,0.0029803020001558335,-0.0002512638840969373,nan,nan,nan,nan,0.0,0.0,0.0,0.0,0.0,0.0,0.0,0.0,0.0,0.0,nan,0,0.00024040357854423228,0.02263355956046886,0.02491913346427654
0.363645496,-0.005188374457233947,0.00282147680307173,-0.0025784143347338502,0.0018853271940149452,-0.045858718961929765,-0.010495952935795106,-0.0014442332416207918,-0.000329618345081347,-0.0072658075158104326,nan,nan,nan,nan,0.0,0.0,0.0,0.0,0.0,0.0,0.0,0.0,0.0,0.0,nan,0,-0.005188374457233947,0.00282147680307173,-0.0025784143347338502
0.37836922700000003,-0.00795084597913047,0.017741554302434678,-0.010780354997888316,-0.009711377855814772,0.011190923176840782,0.07276458883297202,0.0003798739730160546,-0.001523693134853247,-0.0004933090944289098,nan,nan,nan,nan,0.0,0.0,0.0,0.0,0.0,0.0,0.0,0.0,0.0,0.0,nan,0,-0.00795084597913047,0.017741554302434678,-0.010780354997888316
0.392859724,-0.0005127314705507245,-0.0037608647620772516,-0.01619032178635969,0.0018160376148201659,0.014970172011743369,-0.03485636786254732,-0.0004912762910030724,-0.0026438923338349437,-0.004184926352489196,nan,nan,nan,nan,0.0,0.0,0.0,0.0,0.0,0.0,0.0,0.0,0.0,0.0,nan,0,-0.0005127314705507245,-0.0037608647620772516,-0.01619032178635969
0.40784784700000004,0.0068310714330234446,-0.000607591651352602,0.007482477187083455,0.0035237581741117533,-0.014639774796713285,0.039240366489433826,0.002244096262342406,-0.0011791394110262728,-0.0007108196474512121,nan,nan,nan,nan,0.0,0.0,0.0,0.0,0.0,0.0,0.0,0.0,0.0,0.0,nan,0,0.0068310714330234446,-0.000607591651352602,0.007482477187083455
0.422853085,0.015294741025692985,0.014862899230541212,0.009522581539040216,-0.010248260475596963,0.04693634623057494,0.010017555714664722,0.0016287897517795566,-0.000762093283931269,0.0048955042675235694,nan,nan,nan,nan,0.0,0.0,0.0,0.0,0.0,0.0,0.0,0.0,0.0,0.0,nan,0,0.015294741025692985,0.014862899230541212,0.009522581539040216
0.437311757,0.0018283338791755925,0.007898176944950349,-0.00907600704706833,-0.007982846078374541,0.06497325953999859,-0.024478665084156425,-0.00255212435838827,0.0024639267732124138,-0.002620306890997693,nan,nan,nan,nan,0.0,0.0,0.0,0.0,0.0,0.0,0.0,0.0,0.0,0.0,nan,0,0.0018283338791755925,0.007898176944950349,-0.00907600704706833
0.451910939,0.0028882995648157107,-0.0026438114912848798,-0.004021935801801767,-0.0043086213225945295,-0.0062094344032454585,-0.05569883747504205,-0.003998343111564504,0.0031379096320265716,-0.0028410719323529025,nan,nan,nan,nan,0.0,0.0,0.0,0.0,0.0,0.0,0.0,0.0,0.0,0.0,nan,0,0.0028882995648157107,-0.0026438114912848798,-0.004021935801801767
0.46677069800000004,0.00262470281738623,0.0010399403326711483,-0.02193045905406306,-0.014813930545551083,0.021827326668593633,-0.08374069020686646,-0.0008906374288669317,-0.0017741121068917923,-0.00091388423080239,nan,nan,nan,nan,0.0,0.0,0.0,0.0,0.0,0.0,0.0,0.0,0.0,0.0,nan,0,0.00262470281738623,0.0010399403326711483,-0.02193045905406306
0.481706057,0.01955294859045933,-0.010134973204237199,0.00900609468012217,0.0014591231463930415,0.003531472734337347,-0.004560339001712528,-0.0010663058494199587,0.0010110553154427098,-0.001219152383398375,nan,nan,nan,nan,0.0,0.0,0.0,0.0,0.0,0.0,0.0,0.0,0.0,0.0,nan,0,0.01955294859045933,-0.010134973204237199,0.00900609468012217
0.496260729,0.00868614313077065,0.0013158760086808882,0.002919386511175028,-0.00898912921460149,0.02772197517187319,-0.026988833526897748,0.00084761437779556,-2.621899674463474e-05,-0.005512781882585205,nan,nan,nan,nan,0.0,0.0,0.0,0.0,0.0,0.0,0.0,0.0,0.0,0.0,nan,0,0.00868614313077065,0.0013158760086808882,0.002919386511175028
0.5113193580000001,0.020678789039197648,-0.016584625520580324,0.008628901479023222,0.00023737357159585854,0.050274256291448875,0.002289532101956054,-0.0012927857564791294,-0.004581289796521176,0.0032961684643918092,nan,nan,nan,nan,0.0,0.0,0.0,0.0,0.0,0.0,0.0,0.0,0.0,0.0,nan,0,0.020678789039197648,-0.016584625520580324,0.008628901479023222
0.526025776,0.007577365836325258,0.00010862580355834729,0.003115010836725813,-0.026402705731560044,-0.008781911483523445,0.023795034387195893,0.004375157700076002,0.00013634040716986156,-0.00836597230161762,nan,nan,nan,nan,0.0,0.0,0.0,0.0,0.0,0.0,0.0,0.0,0.0,0.0,nan,0,0.007577365836325258,0.00010862580355834729,0.003115010836725813
0.5408426550000001,-0.009124704990536869,-0.01146095123437356,-0.003818474142482086,0.011508436483949057,0.01801527320644469,-0.029084245509749255,-0.002390049835963997,0.0006916174636792753,0.0025190028289797045,nan,nan,nan,nan,0.0,0.0,0.0,0.0,0.0,0.0,0.0,0.0,0.0,0.0,nan,0,-0.009124704990536869,-0.01146095123437356,-0.003818474142482086
0.555300252,-0.002218058042281986,-0.014452740625254965,-0.020254048329287472,0.007105488411445821,-0.022525650576401213,-0.01583471422476412,-0.0001153406848047321,0.0027673155654598662,0.006446694728400239,nan,nan,nan,nan,0.0,0.0,0.0,0.0,0.0,0.0,0.0,0.0,0.0,0.0,nan,0,-0.002218058042281986,-0.014452740625254965,-0.020254048329287472
0.570143437,-0.004447445395715137,-0.017327662409372616,0.016640544076094034,-0.025371701046702073,-0.027643031951967902,0.022309914748094916,0.00129488405896191,-0.0006720841292326674,-0.0022908494556860967,nan,nan,nan,nan,0.0,0.0,0.0,0.0,0.0,0.0,0.0,0.0,0.0,0.0,nan,0,-0.004447445395715137,-0.017327662409372616,0.016640544076094034
0.585188106,0.0034996609492130076,0.0067429210605740465,0.009027757573339543,-0.00810544746979572,-0.022995792257047388,-0.018785480629096324,0.0011573009334120972,0.00043831445563935543,-0.0006807620050055591,nan,nan,nan,nan,0.0,0.0,0.0,0.0,0.0,0.0,0.0,0.0,0.0,0.0,nan,0,0.0034996609492130076,0.0067429210605740465,0.009027757573339543
0.600013318,0.0006160409937969015,0.0011139291884183214,-0.0005570471406440993,-0.005349040116978949,-0.006370916728592644,0.004446372983217492,0.0014362014551636184,0.00018898750272175807,0.0022334747599546613,nan,nan,nan,nan,0.0,0.0,0.0,0.0,0.0,0.0,0.0,0.0,0.0,0.0,nan,0,0.0006160409937969015,0.0011139291884183214,-0.0005570471406440993
0.6150216900000001,-9.484881922553827e-05,0.006513710747372111,-0.006888906745008085,-0.006083286769354309,0.03295097000878306,0.021254594516666035,0.000665963467093713,-0.003611868761658119,0.002690170643663866,nan,nan,nan,nan,0.0,0.0,0.0,0.0,0.0,0.0,0.0,0.0,0.0,0.0,nan,0,-9.484881922553827e-05,0.006513710747372111,-0.006888906745008085
0.6294531990000001,-0.004399750299856436,-0.006875109843922797,0.009624646856335045,-0.00558128318950792,-0.02213112851952791,-0.025391555085544727,-0.0008309493740956903,-0.003149357867205637,-0.006003538492122699,nan,nan,nan,nan,0.0,0.0,0.0,0.0,0.0,0.0,0.0,0.0,0.0,0.0,nan,0,-0.004399750299856436,-0.006875109843922797,0.009624646856335045
0.6440949530000001,0.01748623432520113,0.025616977620410895,0.0075390466761366525,0.015335835653295197,-0.012802333553861681,-0.018075587699801495,0.0012328261485053536,-0.001804158887282718,-0.0011944579674882066,nan,nan,nan,nan,0.0,0.0,0.0,0.0,0.0,0.0,0.0,0.0,0.0,0.0,nan,0,0.01748623432520113,0.025616977620410895,0.0075390466761366525
0.6588538540000001,-0.00568507802321797,-0.0029768483578798965,0.0009889598598155885,-0.01734019514385844,-0.005477989808359033,0.008454261071502333,-0.0009181455664916493,-0.004233143161705428,0.0016237479757647052,nan,nan,nan,nan,0.0,0.0,0.0,0.0,0.0,0.0,0.0,0.0,0.0,0.0,nan,0,-0.00568507802321797,-0.0029768483578798965,0.0009889598598155885
0.6735321400000001,0.00418016305598365,0.0015069877500238239,-0.018610293176847648,-0.011993661422355417,-0.015554857398573632,-0.01642629295928499,0.001755729175584578,0.0009781238072322969,-0.00525079877394293,nan,nan,nan,nan,0.0,0.0,0.0,0.0,0.0,0.0,0.0,0.0,0.0,0.0,nan,0,0.00418016305598365,0.0015069877500238239,-0.018610293176847648
0.6886177910000001,0.0068619615121516325,-0.0071051158167523614,0.0017696929015872272,0.032702993758144,-0.033228156623745495,-0.03780888084288458,0.002394170875988262,-1.8817474556968344e-05,-0.0017209509247176698,nan,nan,nan,nan,0.0,0.0,0.0,0.0,0.0,0.0,0.0,0.0,0.0,0.0,nan,0,0.0068619615121516325,-0.0071051158167523614,0.0017696929015872272
0.7031901890000001,0.006852575875250604,0.0014399737484694078,0.004031110813179824,-0.008382532328259695,0.04203023985115271,-0.011965331209483239,-0.00047815470643998225,0.00034377878685597414,-0.0017879829752119735,nan,nan,nan,nan,0.0,0.0,0.0,0.0,0.0,0.0,0.0,0.0,0.0,0.0,nan,0,0.006852575875250604,0.0014399737484694078,0.004031110813179824
0.7179600100000001,0.009664308638555176,0.0022702059627634323,-0.020017994979167363,0.006475667294501705,-0.04262760513804237,0.025757075359149405,0.003868640439880869,-0.002138261109688785,-0.0034310464021880035,nan,nan,nan,nan,0.0,0.0,0.0,0.0,0.0,0.0,0.0,0.0,0.0,0.0,nan,0,0.009664308638555176,0.0022702059627634323,-0.020017994979167363
0.732964869,0.004509269372180739,0.008283959670686394,-0.029160029247413326,-0.017963565540660736,-0.051682082841322766,0.07206100360781634,0.0009079936525513053,0.001628918328488793,0.007757453022353824,nan,nan,nan,nan,0.0,0.0,0.0,0.0,0.0,0.0,0.0,0.0,0.0,0.0,nan,0,0.004509269372180739,0.008283959670686394,-0.029160029247413326
0.747589182,-0.013212267232961069,0.0012119696525782107,-0.0010694202463239955,0.011857819493959164,-0.0019297514454481178,0.0196319047938316,-0.0014371193556217067,-0.0005704886305074414,0.0005924090907340896,nan,nan,nan,nan,0.0,0.0,0.0,0.0,0.0,0.0,0.0,0.0,0.0,0.0,nan,0,-0.013212267232961069,0.0012119696525782107,-0.0010694202463239955
0.7623390010000001,-0.030216567700039776,-0.015058985389732176,-0.030765652845355745,-0.04057569142488841,-0.013977805678494815,-0.012615641694745,-7.073388987296097e-05,-0.0017346237755051465,4.499817458786539e-05,nan,nan,nan,nan,0.0,0.0,0.0,0.0,0.0,0.0,0.0,0.0,0.0,0.0,nan,0,-0.030216567700039776,-0.015058985389732176,-0.030765652845355745
0.7774385100000001,-0.001767344107854851,-0.01025669364434564,-0.014345004912962998,-0.014321445481499665,0.0026250685791733585,-0.022020819743281173,-0.0007403625784066516,0.0016444509814207673,-0.0016171360592324559,nan,nan,nan,nan,0.0,0.0,0.0,0.0,0.0,0.0,0.0,0.0,0.0,0.0,nan,0,-0.001767344107854851,-0.01025669364434564,-0.014345004912962998
0.79199591,0.004225282555940008,-0.0033594518680114998,0.02244887914529921,0.027226279034159678,-0.004155468704404553,-0.006844705150025282,-0.003330722956706077,0.0023346670201572395,-0.000769237165519244,nan,nan,nan,nan,0.0,0.0,0.0,0.0,0.0,0.0,0.0,0.0,0.0,0.0,nan,0,0.004225282555940008,-0.0033594518680114998,0.02244887914529921
0.806764326,-0.006978809288157094,-0.0024366792708313016,0.020788924672397745,0.0006222566457160762,0.03078308273362753,0.03645814223434731,0.00018319016071736087,0.0004171005747492576,-0.0009440249720357943,nan,nan,nan,nan,0.0,0.0,0.0,0.0,0.0,0.0,0.0,0.0,0.0,0.0,nan,0,-0.006978809288157094,-0.0024366792708313016,0.020788924672397745
0.82137174,0.018453755885923587,-0.005620679499249122,-0.010856491068074337,-0.008318683720744971,-0.0030822720106493014,-0.012809417842527744,-9.641726368858145e-06,-0.0006464563581528794,-0.003069842131382603,nan,nan,nan,nan,0.0,0.0,0.0,0.0,0.0,0.0,0.0,0.0,0.0,0.0,nan,0,0.018453755885923587,-0.005620679499249122,-0.010856491068074337
0.836105273,-0.007014884157666656,-0.008689979018053838,0.0014369120346761958,-0.0029426773855640493,-0.03223972917341896,-0.03511860182642254,-0.004813357700350769,-0.00033199578892902266,-0.0011077580489747276,nan,nan,nan,nan,0.0,0.0,0.0,0.0,0.0,0.0,0.0,0.0,0.0,0.0,nan,0,-0.007014884157666656,-0.008689979018053838,0.0014369120346761958
0.8510133780000001,-0.0023430579576344973,-0.0015639228895544383,0.009482535937514717,-0.010679788772312024,-0.02361458995654049,-0.0697359152707564,-0.003059708817349671,0.0010681852149260504,-0.003274724047439988,nan,nan,nan,nan,0.0,0.0,0.0,0.0,0.0,0.0,0.0,0.0,0.0,0.0,nan,0,-0.0023430579576344973,-0.0015639228895544383,0.009482535937514717
0.8658299330000001,0.005751717310342018,-0.0038728827026887464,0.00613718294770203,-0.016268811036381434,0.005700664977216071,-0.007705617108179462,-6.128486265963465e-05,0.0014090875023739914,0.006048532774896716,nan,nan,nan,nan,0.0,0.0,0.0,0.0,0.0,0.0,0.0,0.0,0.0,0.0,nan,0,0.005751717310342018,-0.0038728827026887464,0.00613718294770203
0.880715247,0.003287390024389977,-0.004566690334376786,-0.010870060011089366,0.0031153801009595073,0.018344589435329833,-0.013606505617876845,-0.001120854452011009,-0.0007708690110917348,-0.005508583000234052,0.0,0.0,1.5,1.5108805379088366,2108.008456536971,2110.0760233337414,2108.514522353131,2108.908772707277,0.0,0.0,0.0,0.0,0.0,0.0,nan,0,0.003287390024389977,-0.004566690334376786,-0.010870060011089366
0.8953123770000001,0.004032247634757112,0.0012144192545321137,-0.014004409935380584,-0.01184741510972052,-0.022738191367111547,-0.06537058623880043,0.002848043058813279,0.002958072820759824,0.003149460648835436,0.0,0.0,1.5,1.5140102665236104,6688.523897661004,6686.022635380344,6682.255224319449,6679.840853719154,0.0,0.0,0.0,0.0,0.0,0.0,nan,0,0.004032247612203264,0.0012144193290367174,-0.014004409935380584
0.910010355,-0.004294739014867314,-0.0015992466686155938,-0.009213980539501837,0.01818977567974241,0.006220532760899846,-0.07462757210674589,-0.0008274672386447035,-0.002944897648124902,0.004132972632523989,0.0,0.0,1.5,1.5092209385736075,9463.021076495103,9459.688079839209,9458.098649797617,9455.979038614096,0.0,0.0,0.0,0.0,0.0,0.0,nan,0,-0.004294739264413465,-0.0015992436494205115,-0.009213980539501837
0.9249445300000001,0.019803399974939694,0.006651777001422277,-0.04522757483702515,0.007000248226126362,-0.002544132955730029,0.006664877481757769,-0.001986442495109022,0.00032876417166604607,0.0016875840571224062,0.0,0.0,1.5,1.545368784085067,11144.540467519219,11144.39697936276,11138.926964465523,11141.639972776817,0.0,0.0,0.0,0.0,0.0,0.0,nan,0,0.019803399479964064,0.006651802219314143,-0.045242368484191574
0.9397502470000001,-0.00427491291740682,0.004113669403868642,-0.005698979138530605,0.010345662870174167,0.01463602110012746,0.10162488801971242,-0.0010596832395809246,-0.0002952711807524728,-0.0018880284565023732,0.0,0.0,1.5,1.5057106670722729,12166.356179406019,12165.045472967617,12157.492876244834,12164.169217591018,0.0,0.0,0.0,0.0,0.0,0.0,nan,0,-0.004274910559331354,0.0041137739871027834,-0.006024390098195135
0.9542188100000001,0.024620788811597582,-0.005875777580878098,-0.015649088642337897,-0.026096992665456304,0.007610032434345525,0.07910616009449863,0.0014592900828516685,-0.0016980523370783397,0.0016892323979245524,0.0,0.0,1.5,1.5158604381361216,12788.317295584606,12785.376619345856,12776.699831126685,12779.420060214554,0.0,0.0,0.0,0.0,0.0,0.0,nan,0,0.02462080858129708,-0.005875473736917283,-0.016967953556051595
0.9691623420000001,-0.013110381594228842,-0.0036253852141760593,0.003731262581392281,0.014365049516355444,0.00531443192828903,0.13796398874672813,-0.0005732190849153397,-0.0018115450280738535,-0.002901688487250768,0.0,0.0,1.5,1.4963305651158008,13162.310343647487,13161.35248457272,13154.354327291716,13154.025147996479,0.0,0.0,0.0,0.0,0.0,0.0,nan,0,-0.013110303251052948,-0.0036246646923318087,0.0004829297012845053
0.9836635570000001,-0.014842095963395056,-0.009913886220646272,0.006670630088256741,0.012294925125445598,-0.0035181966259503323,0.264302025081901,0.0040426009266568965,-0.000867019948715845,0.0005660053206220788,0.0,0.0,1.5,1.4934360314367627,13325.483809771908,13324.278154780033,13320.497117125871,13318.231953897031,0.0,0.0,0.0,0.0,0.0,0.0,nan,0,-0.014841878542597765,-0.009912387212817219,0.0003982159001357389
0.9988511330000001,-0.007597403698954714,-0.008977170399852852,0.03299134488780744,0.006061346019515662,0.026114326162219315,0.286388251383269,-0.00010848878020687915,-0.00036955733441265714,-0.0015048841812480122,0.0,0.0,1.5,1.4670557945441056,13523.545755904246,13523.455767597377,13526.63785367737,13522.164244273103,0.0,0.0,0.0,0.0,0.0,0.0,nan,0,-0.0075969250921555575,-0.008974348638511773,0.02250243715430941
1.013249308,-0.011854472248190693,-0.003564229211765119,-0.004088958041853337,0.0057875764474945674,-0.012411371576686444,0.35233589407895116,0.00028253397784414654,-0.0017463739967909161,0.00128981371558619,0.0,0.0,1.5,1.5041398957362926,13585.115481204433,13584.519109061554,13586.112459843025,13581.577510696112,0.0,0.0,0.0,0.0,0.0,0.0,nan,0,-0.011853574516351491,-0.0035593378237605837,-0.020046422354827297
1.0284405840000002,-0.004613425333668597,0.009413580271578249,0.01968784746053439,-0.012385887431579564,-0.008918184744210952,0.47417062390687176,0.0009695369980238197,-0.0031281100924116802,-0.0008925799753628636,0.0,0.0,1.5,1.4803492723485445,13658.576086460977,13658.777154402995,13661.200177531375,13655.811624577005,0.0,0.0,0.0,0.0,0.0,0.0,nan,0,-0.004611925012701256,0.009421496525225058,-0.003026296680561213
1.043074818,-0.005994417035401418,-0.004419745897712619,0.042930649112901446,0.00938490774353285,0.0072397985539133574,0.5711045958808609,0.0028374519270088104,0.0009128686607603008,0.0019499020247873793,0.0,0.0,1.5,1.4570883845820561,13685.096953012158,13691.338768022244,13696.76621615816,13684.30541302346,0.0,0.0,0.0,0.0,0.0,0.0,nan,0,-0.005992117578331978,-0.0044076338870338355,0.012150137571617071
1.057751268,-0.005192182994725854,0.009148974647854588,0.04939780699298173,-0.007086614377519621,0.006147541865127168,0.6368183191826299,-0.0018526246907178269,0.0011026891878447322,-0.00013953371156208135,0.0,0.0,1.5,1.4506403361474989,13702.072209207558,13708.888430063907,13716.492553339775,13704.802570521568,0.0,0.0,0.0,0.0,0.0,0.0,nan,0,-0.005188905102948285,0.009166665185476094,0.009228532441319992
1.072599588,-0.014073252172003864,0.017137341891839138,0.07446975962134295,-0.016400190832928613,-0.004781069033758332,0.7323114154823803,-0.0021885653890716256,-0.001187423974864387,0.0006285391188985257,0.0,0.0,1.5,1.4257027078419422,13689.592446254803,13693.388889708316,13696.254793365968,13687.348651451573,0.0,0.0,0.0,0.0,0.0,0.0,nan,0,-0.014068887442685042,0.017162185900959605,0.023587748664595273
1.087458764,-0.011358710281365326,0.01225352420243564,0.0721800435297353,-0.006706109281972479,0.015462148705639235,0.8303439500961919,0.0013923404543454325,0.0002837404638357662,-0.0043825084651171985,0.0,0.0,1.5,1.4279177137529264,13641.22265250468,13646.733689510018,13645.401004931906,13636.316227156889,0.0,0.0,0.0,0.0,0.0,0.0,nan,0,-0.011353267442800552,0.012287268297242516,0.009271136475062738
1.102009704,0.002687813333000919,0.014825148235924497,0.06490817504238651,-0.04048134059816887,0.03116826780675369,0.897889707749881,0.002818149987980379,-0.00018870539872917614,0.0024218145332816155,0.0,0.0,1.5,1.4351709150553824,13476.402184831335,13481.223742690538,13479.00880031976,13466.74409827499,0.0,0.0,0.0,0.0,0.0,0.0,nan,0,0.002694176964313697,0.014869688567133485,-0.011287665830383084
1.116960929,0.002112617426179191,-0.017617557808326082,0.09346651413850521,-0.0010327959729611517,-0.029408993149377144,1.0038775937776172,0.0012570563006923897,-0.0015922929307795465,-0.007365866207561685,0.0,0.0,1.5,1.4066454024896278,13356.925214175104,13365.176316426981,13359.32432290634,13345.316922037058,0.0,0.0,0.0,0.0,0.0,0.0,nan,0,0.00211956286089572,-0.01756017109559856,0.002796878924491847
1.131743696,-0.009682406058226872,0.006606880912415889,0.11544861165326878,-0.0074186980616653,0.032026651401068196,1.0371370925200136,-0.0018902791977704334,0.0035490091765779932,-0.002171729696393087,0.0,0.0,1.5,1.384601006368018,13131.036629384189,13132.988192583794,13151.952659404928,13138.142847169323,0.0,0.0,0.0,0.0,0.0,0.0,nan,0,-0.009675434468213156,0.006679332406175859,0.009201774652798839
1.1467152120000002,-0.014731919792431696,0.009825749804779182,0.13498305111986156,0.0008702015832275543,0.012535225334614935,1.1147096534158218,0.0015793955843096976,0.0022809797962628393,0.0004015629143063884,0.0,0.0,1.5,1.365131805193198,12980.676472236923,12977.172475813557,12998.508981232808,12987.486975081603,0.0,0.0,0.0,0.0,0.0,0.0,nan,0,-0.014725726575639038,0.009915630607767806,0.012148079669271478
1.161379186,-0.006734873416970419,-0.011835131577743902,0.16920223202942827,0.007835548109155389,-0.010403777166408768,1.1747072118776636,0.001636088249707917,0.0031046652457257643,-0.0005073167096791557,0.0,0.0,1.5,1.3308674344557616,12800.69009461067,12795.881028826721,12801.575432111798,12797.780628163022,0.0,0.0,0.0,0.0,0.0,0.0,nan,0,-0.0067305316108077495,-0.01172537959689658,0.028848363342618588
1.176160423,-0.005461427345487012,0.011233967725754765,0.13226781757526873,0.002420497040835032,-0.013008008331261678,1.25125113898849,0.003290800356945178,0.0033072618955145077,0.005341061631700143,0.0,0.0,1.5,1.3677892206256896,12628.55937186443,12621.19947599114,12624.805149954673,12628.996923854727,0.0,0.0,0.0,0.0,0.0,0.0,nan,0,-0.00546027034970899,0.011366054914112841,-0.02644735520114838
1.190933296,0.003421397349374743,-0.016740791883675967,0.17571656679968703,0.018357399040960943,-0.018743232632050917,1.2708171826154697,0.0009021392899182551,-0.00129190069966282,0.0015276099851806633,0.0,0.0,1.5,1.3243936618398333,12439.64067571776,12433.55592558558,12440.235837784645,12454.80034027938,0.0,0.0,0.0,0.0,0.0,0.0,nan,0,0.0034178016123509285,-0.01658389519511768,-0.0021127618835717066
1.205694709,-0.022105274351082057,-0.013868359862915,0.18403279831132408,0.004477514200434379,-0.009922377979754506,1.300580918750617,0.001973885753420272,8.944357556477815e-05,0.0012086936671968952,0.0,0.0,1.5,1.3162259116427346,12298.615939128838,12291.37182923797,12303.062705714803,12323.283406344413,0.0,0.0,0.0,0.0,0.0,0.0,nan,0,-0.02211538849735347,-0.013684183604987339,-0.013587540517088464
1.220469084,-0.006123254739363291,-0.006511436942465155,0.23026771064719168,-0.042028343931523035,0.0034844945316146393,1.3821669102265028,-0.0012251110929829437,0.003565830388133236,0.0059549577862051456,0.0,0.0,1.5,1.269763749555319,12141.655262679624,12140.13887194007,12158.282411114415,12171.800223085136,0.0,0.0,0.0,0.0,0.0,0.0,nan,0,-0.006141797937566149,-0.006297563484805334,0.012247746760871703
1.23547573,-0.0102293312761657,-0.007060783646638121,0.2633049004382529,0.008379793182699689,0.007082743475455811,1.3869257538498552,-0.0009369571820975025,-0.0030158076586908806,-0.003923766078561512,0.0,0.0,1.5,1.236757560382835,11985.216346337393,11994.984985724384,12009.302845189015,12013.932547065373,0.0,0.0,0.0,0.0,0.0,0.0,nan,0,-0.010258306338608872,-0.006814923435051479,0.024342614384118194
1.249994576,-0.011210085591189693,-0.007033135726352375,0.258252936022779,0.00353750923161952,-0.014932247367893784,1.4337951430885567,0.000928419858867078,-0.000458612768308362,-0.00048702882954949764,0.0,0.0,1.5,1.2418175799662186,11786.914120153759,11800.260514002004,11803.921023829624,11799.405706327425,0.0,0.0,0.0,0.0,0.0,0.0,nan,0,-0.011251551622392669,-0.006753222879756909,-0.0021132738054363553
1.2652713580000001,0.006945504894544685,0.002283426824654676,0.2723286123535278,-0.014205231100163536,-0.0015302614503193252,1.4560358813921856,0.0005778471117957845,0.001529140171067467,-0.004546279562637492,0.0,0.0,1.5,1.227693157968276,11639.771060704828,11649.902945498072,11654.053834203356,11645.606770964925,0.0,0.0,0.0,0.0,0.0,0.0,nan,0,0.006889424561783763,0.002599182742515911,-0.009820121824522965
1.2799380310000001,0.0029369644386336435,-0.007980260319081682,0.29589923206010826,-0.0011891606664183676,-0.0018262858276659026,1.5242129154777717,0.003055695286063012,7.358440920152932e-05,0.006144599761956374,0.0,0.0,1.5,1.2041307942529793,11502.8115912286,11504.219144416793,11511.506201129727,11505.103424232917,0.0,0.0,0.0,0.0,0.0,0.0,nan,0,0.0028640446328839094,-0.007627143974975088,-0.008345481093199159
1.294275303,-0.0031173701008040504,-0.0032754809982424005,0.3433357644479397,0.012371781120937841,-0.009425771581709739,1.5536887958665455,0.0008479578873955285,0.001489353273928276,0.00804704721046116,0.0,0.0,1.5,1.156673074199165,11371.508624338361,11368.449070252778,11375.84665899037,11374.404654740552,0.0,0.0,0.0,0.0,0.0,0.0,nan,0,-0.0032094789933960117,-0.002883761872496597,0.016739720401572344
1.3091673590000001,0.013552537920554,-0.009450896563269102,0.3412126936470936,-0.006497472323245066,0.00022004331163502603,1.4367194386877422,-0.001075503322799051,0.0026251966477161756,-0.004425801848819112,0.0,0.0,1.5,1.158905091927101,11143.893005828868,11138.093646444117,11138.667566558488,11156.284842966701,0.0,0.0,0.0,0.0,0.0,0.0,nan,0,0.013438787661130786,-0.00901961680310883,-0.00791274346544657
1.3240122630000002,-0.019041667512811614,0.012961297015459387,0.3682690759748583,0.015722823718508663,-0.029845750616867908,1.535701916803794,-0.0009438289905645949,0.0006338145159202543,0.0029172652565650045,0.0,0.0,1.5,1.1319653107391552,11054.915289155637,11042.670039152916,11040.312416158715,11065.6618930988,0.0,0.0,0.0,0.0,0.0,0.0,nan,0,-0.01917958595310806,0.013432809350815538,-0.003484579659212672
1.3389270500000001,-0.004285326507314782,-0.013193802157099864,0.4201527489570156,-0.009087500051244606,-0.007571499209978206,1.5039063022745747,-0.0024718973900249475,-0.0016399128324016265,0.0005569680409569197,0.0,0.0,1.5,1.0799363527651642,10935.193226383182,10927.919226824315,10926.001760169083,10947.556699421184,0.0,0.0,0.0,0.0,0.0,0.0,nan,0,-0.0044500089435349265,-0.012681663309972113,0.02571273424471754
1.353770039,-0.013326995159531663,0.009184749519899334,0.4402858077884736,0.010153265405160627,0.026731960204099927,1.5356502409451118,0.00045929175660619205,0.005954924731425237,0.003474470110947429,0.0,0.0,1.5,1.059837788342279,10846.823309222027,10846.187913289614,10844.300190354483,10858.61411982422,0.0,0.0,0.0,0.0,0.0,0.0,nan,0,-0.013521057782968622,0.009737626637142182,0.023140803853399172
1.3682939680000001,0.006108300664142235,0.01254462656157064,0.4116379740638269,0.008040016154380065,-0.007309211211016553,1.45060144083346,-0.0025316244166153174,0.0008353330497803981,-0.002021953886850918,0.0,0.0,1.5,1.0884514589509557,10733.27526483586,10719.383027075472,10694.132566143177,10718.530858896625,0.0,0.0,0.0,0.0,0.0,0.0,nan,0,0.0058822654186072776,0.013138070200755038,-0.028186383613029387
1.3829437560000002,-0.0021350134615941304,-0.0052619741910461875,0.5170727805058744,-0.0107653006367696,-0.010897523134133554,1.4580159325502422,-0.0029570023021637734,0.005098577057654997,0.008003318977329562,0.0,0.0,1.5,0.9829436227359744,10709.513034445668,10688.63082334291,10654.174170494167,10681.657461857561,0.0,0.0,0.0,0.0,0.0,0.0,nan,0,-0.0023955546287597173,-0.0046283933765907895,0.054637687299389726
1.3976407290000001,0.00972857169490697,0.004861408211220946,0.46801455652795326,0.02398581678321352,0.010658336705578888,1.48571408634386,0.0019133789201530424,-0.00013822233538820835,-0.0026730055506179826,0.0,0.0,1.5,1.0320427481142513,10605.424795921877,10594.965312832961,10568.580016293157,10594.866861463215,0.0,0.0,0.0,0.0,0.0,0.0,nan,0,0.009431076344775701,0.005534503913757118,-0.016942645734369988
1.412581547,0.0019957027299034548,-0.021052131648194163,0.5162351268544138,0.028343771805588225,-0.019381043564871078,1.5273106514733024,-0.0018987544380489293,-0.0037161914306836916,0.003353942130555576,0.0,0.0,1.5,0.983992124313742,10562.680050722141,10550.326267347666,10528.893409295046,10556.747965006443,0.0,0.0,0.0,0.0,0.0,0.0,nan,0,0.0016589525666576282,-0.020340265094958645,0.008872618949546607
1.427274995,-0.004919285026248303,0.004840494835397136,0.5252727604389549,-0.0064993565349936765,0.010016748097889794,1.4926235161036074,-0.003978190638904816,0.001616712302247735,-0.0012106548637758406,0.0,0.0,1.5,0.9747516716054998,10518.086121536866,10500.815151384633,10489.185527371412,10517.359146689392,0.0,0.0,0.0,0.0,0.0,0.0,nan,0,-0.005297412246189426,0.005590307494324228,-0.0043616847446695806
1.442479813,-0.010690591454865901,0.003033510703673132,0.5398563835807226,0.007917099482588223,0.021365745027016436,1.47400149776363,-0.0007508356865983261,0.0012972332394749241,0.0033695614489793035,0.0,0.0,1.5,0.9602079228393883,10405.901356464872,10394.288029233525,10393.50595842138,10411.125020068297,0.0,0.0,0.0,0.0,0.0,0.0,nan,0,-0.011111974063739838,0.0038203960580299704,-0.011882299063346258
1.456885964,-0.0014883082366390712,-0.01330294351549966,0.5803498687082034,0.019242844192371666,-0.03306633164813667,1.4160139090206372,-0.0009585600025203623,0.0008717361130060089,0.000678867006133113,0.0,0.0,1.5,0.9197475454452719,10383.06389789471,10379.044844557391,10360.451686339726,10368.884662797629,0.0,0.0,0.0,0.0,0.0,0.0,nan,0,-0.001954550922174327,-0.012479916654129475,0.00669519891932191
1.472097205,0.0010465329666408019,6.699460568359e-05,0.5867602213848668,-0.013943574798854663,-0.0230752076377624,1.5150304927922573,-0.00028208881007846264,0.0010444001058692138,0.0029669900870314407,0.0,0.0,1.5,0.9132403807128465,10364.468312129571,10360.212256500397,10347.737896811217,10355.715172206716,0.0,0.0,0.0,0.0,0.0,0.0,nan,0,0.0005341132894435699,0.0009251814819753689,-0.008612776245783826
1.486476788,0.0060319721317068165,-0.009356139717321832,0.6238157649788474,0.04252477352425994,-0.023689442449348598,1.4285236878732326,-5.9778988598660267e-05,0.0008374928135845458,-0.006097275098633082,0.0,0.0,1.5,0.8762549490518214,10261.844542166464,10266.320536046751,10275.042822329737,10275.245374112203,0.0,0.0,0.0,0.0,0.0,0.0,nan,0,0.005472357874100275,-0.008463785644249256,0.006934026164650553
1.501187155,-0.010099231067985815,-0.012033534908541041,0.6339790498835829,-0.04020477501865388,0.0027530829229078574,1.39735217663914,-0.0011175054672008349,-0.0004799636204962082,0.005811683223055483,0.0,0.0,1.5,0.8661634294237442,10189.932586805779,10188.427884703362,10211.391573554109,10212.49882174491,0.0,0.0,0.0,0.0,0.0,0.0,nan,0,-0.010706744139603899,-0.01110799966834835,-0.004165499907517911
1.515820884,0.005532090642683061,-0.004577950449774467,0.6814169663172742,0.03991278596203371,-0.027964145063308864,1.404813363749832,-0.0034526251579496126,0.004323194340616122,-0.0005082699633022057,0.0,0.0,1.5,0.8186145275344275,10180.388454773649,10185.555040715399,10209.621432926124,10202.692512806283,0.0,0.0,0.0,0.0,0.0,0.0,nan,0,0.004876267508156819,-0.0036202552230742476,0.022272546367350765
1.5309428980000002,0.00914731099135794,-0.0034328855804297907,0.6666432138082398,-0.0016604179979094243,-0.026067664156474272,1.3357335326420476,0.00019352309869911087,-0.0009021654766779416,0.0015168655521635322,0.0,0.0,1.5,0.8334140574130244,10147.638562082006,10172.213696527737,10187.327027659268,10167.597585123405,0.0,0.0,0.0,0.0,0.0,0.0,nan,0,0.008443041692740358,-0.0024441439142391854,-0.013236716695780748
1.545680082,-0.00861036064639183,-0.014683894657007274,0.7029255052608806,0.009662576839096413,-0.03787544570188997,1.3673492151517523,-0.0039025014411765736,-0.0036453119260218894,0.001278231874424121,0.0,0.0,1.5,0.7972562356208833,10145.92445892702,10153.723516492992,10173.382914203525,10169.525655997955,0.0,0.0,0.0,0.0,0.0,0.0,nan,0,-0.009362990194488153,-0.013665349346386331,0.0025858681983393916
1.5605174050000001,-0.0030301366301978576,0.0028117371195238248,0.7130361199534707,0.019133026040986417,0.03738237244143221,1.278231474438851,-0.00027447596655404084,0.004055783462582059,0.004508503483693599,0.0,0.0,1.5,0.7869747366285116,10149.121946498748,10161.52494197,10190.046386644442,10182.18985284112,0.0,0.0,0.0,0.0,0.0,0.0,nan,0,-0.0038308524868863993,0.003858658157218076,-0.007494533628336297
1.5749268250000001,0.001436903997228382,-0.005333243981179176,0.7310704049246979,0.010388079322343336,-0.01827461703153963,1.2924088238361655,-0.005067406250301388,0.0010976136335933123,-0.0005399450807312183,0.0,0.0,1.5,0.7689494329064351,10152.02991063998,10158.431549559162,10172.898311566223,10170.167033480533,0.0,0.0,0.0,0.0,0.0,0.0,nan,0,0.0005885455576304441,-0.004259608447175571,-0.009376898484994678
1.589859785,0.008381201527959587,-0.0020444751850949103,0.7797324751545514,0.007661138558102703,0.01830926592702756,1.3115962212557046,0.000754075916441063,0.0032437467542978738,-0.0071875385322260395,0.0,0.0,1.5,0.7203191874195938,10199.304952313336,10186.563158548703,10166.099445407304,10182.465274052522,0.0,0.0,0.0,0.0,0.0,0.0,nan,0,0.007485802516016417,-0.0009460784309966294,0.01963650365093894
1.6046873650000002,-0.020176263075851634,-0.0053396261073784595,0.7747638851565948,0.016988839906858573,0.012453893909920138,1.2979173920606781,-0.004955333191529404,-0.0030373496457048164,-0.0031577130378302952,0.0,0.0,1.5,0.7255363639899998,10102.942237200125,10076.066833050356,10054.776867831375,10071.11634280597,0.0,0.0,0.0,0.0,0.0,0.0,nan,0,-0.021117934651434658,-0.004218676337940317,-0.004697678332363564
1.619443216,-0.0004092765346142503,-0.01187091703742532,0.8281071071278352,-0.0267424110355262,0.010659570098294883,1.194625838136973,-0.0014903475925224562,0.0019877460636363777,0.002036354857835614,0.0,0.0,1.5,0.6719978762397375,10048.61159900964,10024.447821016503,9998.854836987366,10006.08885100117,0.0,0.0,0.0,0.0,0.0,0.0,nan,0,-0.0013962598390667358,-0.010729803649438008,0.02959598552478726
1.634279083,0.0016898898690539223,0.01400717692725104,0.8173371588692321,-0.04103077758027095,-0.0019015957104858946,1.274478752690298,-0.0009106959386870839,-0.0020792214457550184,-0.0031721383942410353,0.0,0.0,1.5,0.6828086198884523,10036.69922528462,10040.512103379175,10013.5205722811,10000.276838521797,0.0,0.0,0.0,0.0,0.0,0.0,nan,0,0.0006587966058286903,0.015165926828258954,0.00010614331022007484
1.6489327850000002,-0.0018429031051219826,0.015543747231036785,0.8419437234759172,0.024067928213174713,0.009763771856840598,1.2080700382344562,0.0013327253544757655,-0.0020702200508153196,0.0007463109259770092,0.0,0.0,1.5,0.6582424078123328,10035.577548740828,10054.046021357904,10028.443316385297,10006.042391831472,0.0,0.0,0.0,0.0,0.0,0.0,nan,0,-0.002916640548131048,0.016717520900722732,0.006319954462487676
1.6636575040000001,-1.8527883605760562e-05,-0.0035673444961715284,0.8847368235162948,0.021517943772163376,0.017043725323894525,1.150880324721203,-0.0005354234133799528,-0.0025819206806945274,-0.001004928674315629,0.0,0.0,1.5,0.6152735185483411,10000.798120434549,10018.887394400073,9992.0384898838,9970.580354881116,0.0,0.0,0.0,0.0,0.0,0.0,nan,0,-0.0011332193343485278,-0.0023811665695618366,0.031054898757226335
1.6788851100000002,0.0014946555349663131,0.007965222037350525,0.8676550562509094,0.0027095525268753863,0.03246196832931929,1.137799723660256,-0.0007185768694106966,-0.00039299690779389046,-0.00195306875635667,0.0,0.0,1.5,0.6323968743141548,9994.250490118182,9997.478500151903,9969.498088256401,9964.45514630927,0.0,0.0,0.0,0.0,0.0,0.0,nan,0,0.00034087715649047234,0.009161235769729744,-0.003744775939694911
1.6933576860000001,-0.013412687117027424,-0.0008947112357393049,0.8835720175310923,0.015381719977131532,0.00048418667331758073,1.1667007790872592,-0.0020976380667623424,-0.004013667733275181,-0.0037844453370411966,0.0,0.0,1.5,0.6165745358467074,10021.149238137736,10022.173082749254,9986.694241177236,9981.56222392721,0.0,0.0,0.0,0.0,0.0,0.0,nan,0,-0.014603529060972549,0.00030867558433887395,-0.005204980967589257
1.70824981,-0.007607049746783237,0.0049929639648988765,0.9054589614365247,0.010616294874553267,0.02159604650302377,1.1126028249880024,-0.0013294173640127135,0.0011214643217451001,0.009126424788199904,0.0,0.0,1.5,0.5946106654199373,10022.172717882095,10027.713596734837,9991.858102261735,9981.4478411039,0.0,0.0,0.0,0.0,0.0,0.0,nan,0,-0.008832773606557837,0.006201422088787432,-0.00036344525022236063
1.7229305940000001,0.01659535526246764,-0.003942705833432843,0.9038967485507747,0.02431259940540412,0.00543106690321232,1.1297708341723007,-0.00400566302881669,0.0002795691745418711,0.00035441620266653576,0.0,0.0,1.5,0.5963472454316485,10005.854527121654,10015.479081487534,9979.128506109759,9976.757842657034,0.0,0.0,0.0,0.0,0.0,0.0,nan,0,0.015337066086741475,-0.00273122045674963,-0.01863603064670294
1.73776919,0.010052424816579447,0.006660186652829997,0.9345475998482614,0.0003952779766101478,0.011214071084932569,1.0535252230906484,-0.001444014546665206,-0.002942931201147118,0.0014219211210620736,0.0,0.0,1.5,0.565580963406925,10002.548230101718,10002.847046173394,9967.129552998798,9981.48202703367,0.0,0.0,0.0,0.0,0.0,0.0,nan,0,0.008764006899786566,0.007872987020398806,-0.004358600817285674
1.752358518,0.01402532140489889,0.004520500379863074,0.9814496640062346,-0.0015707125663309523,0.015668239718253797,1.0318193642446811,-0.0019379175876622927,-0.001145742413269125,-0.007532925750652598,0.0,0.0,1.5,0.518759670293906,10008.287681097861,10002.168385866777,9973.074231738736,9990.578833602844,0.0,0.0,0.0,0.0,0.0,0.0,nan,0,0.01270932642396477,0.0057333006436068494,0.02650812473094133
1.7671810280000002,0.0007503513843629052,0.004275185331300894,0.9909135522329736,0.017910294193902325,-0.024360100294679693,0.9965846471450075,-0.0016098423183045429,3.987358221990031e-06,-0.001239457873611699,0.0,0.0,1.5,0.5091049513969259,10016.160077822,10011.663661459772,9991.367843553293,9997.08659210608,0.0,0.0,0.0,0.0,0.0,0.0,nan,0,-0.0005905259566989834,0.005487118011506958,0.02026818591458457
1.7820134650000001,0.0014900953104553894,-0.019281413879821227,0.9346634368299833,0.03221620610176104,-0.029371184803555436,1.055834551738444,-0.0046977059436655215,-0.0014270422404569908,0.004262474004387636,0.0,0.0,1.5,0.5656672369530742,10002.457987955026,9988.962815391724,9991.908016011594,10001.232149733933,0.0,0.0,0.0,0.0,0.0,0.0,nan,0,0.00012717665372327463,-0.01807072000453683,-0.051351623631189725
1.796942113,0.00961882693803503,-0.007200626696838949,1.0012862074489617,0.009313369553968845,-0.014636299193307072,0.9760415648256348,0.00019872278838109183,-0.002191512783497347,0.004002178301952862,0.0,0.0,1.5,0.4988585147485519,10002.057614576126,9981.815993348602,10008.062151133165,10026.048173617542,0.0,0.0,0.0,0.0,0.0,0.0,nan,0,0.00823687278543302,-0.005991020290372779,0.0002359881011526621
1.8116784830000001,-0.01875058410513728,-0.009405037757201019,1.0121693412703598,-0.0020806181864961378,0.016733057394329866,0.9426882088838444,0.002682744104936946,-0.004651112671655807,-0.009559693795313353,0.0,0.0,1.5,0.488281466713711,9999.223529781346,9984.044010616311,10024.795455989979,10043.320295135403,0.0,0.0,0.0,0.0,0.0,0.0,nan,0,-0.02014836653808279,-0.00819586266174677,-0.0035857963056364905
1.826551252,-0.011654959267045477,0.007192163514451236,1.0357399795187416,-0.021113707604647775,-0.013626040310949602,0.9503537153464503,0.0025951939296200003,0.0003346686319998655,0.0013065346494691545,0.0,0.0,1.5,0.46446198112309856,10000.75658294555,9999.70469196248,10045.397471458811,10045.896645467403,0.0,0.0,0.0,0.0,0.0,0.0,nan,0,-0.013065124491716101,0.008402002139744449,0.005607531479453476
1.8411839200000002,0.005506068961508724,-0.003765447660915928,1.0247067852160097,-0.0023148236563778034,0.01332113114765704,0.907053793307202,-0.0015257656700860265,-0.0031176636774243958,-0.005860513923094661,0.0,0.0,1.5,0.47534002083897414,9978.138566527696,10003.197498604206,10046.009917452324,10018.474896106929,0.0,0.0,0.0,0.0,0.0,0.0,nan,0,0.004087232735568121,-0.0025535053043230795,-0.01947858867559904
1.856106014,0.011050408332629946,0.0022111564890072554,1.0681706566643416,-0.029001834885579607,0.03359806382256694,0.9549528743662746,0.002581243864155741,-8.544652180355416e-05,0.006028990306857008,0.0,0.0,1.5,0.43197636799140143,10011.012029548436,10037.368771572821,10068.18212955955,10031.387289444261,0.0,0.0,0.0,0.0,0.0,0.0,nan,0,0.009626849337333822,0.0034268896674878226,0.010259235826966417
1.870509736,0.003924353480466084,0.0007544269503467153,1.0850347604502126,0.008937165773403906,0.03499003212733666,0.8781262302670537,-0.0019854068882705013,-0.0002016415568680308,-0.0032971587910571097,0.0,0.0,1.5,0.41498448133017635,9997.153799657865,10026.325924773713,10040.190483752185,10003.070143864965,0.0,0.0,0.0,0.0,0.0,0.0,nan,0,0.0025002131615001096,0.00197581343038385,0.013718446888645763
1.885657641,-0.015360269089224266,0.0018834562899944715,1.0694196329144892,-0.00821421845885956,0.030641183094933,0.8739121448206785,-0.0030816810826180094,-0.0030714518732169903,0.003059424664872918,0.0,0.0,1.5,0.43085837324297527,9945.044661867827,9975.478129592188,9955.805859621323,9926.704784380825,0.0,0.0,0.0,0.0,0.0,0.0,nan,0,-0.01678078821968183,0.0031124662497874845,-0.014958181729966435
1.9003828020000002,0.0092113067471601,0.00813727080181223,1.092032343684978,0.009079915860080988,0.012271212550751686,0.8517785101060175,0.003613143521645556,0.0004059277060578378,-0.0026577215503989413,0.0,0.0,1.5,0.4081527556531553,9985.700734294496,10015.79334939202,9977.789798619748,9948.984642668436,0.0,0.0,0.0,0.0,0.0,0.0,nan,0,0.007798640521375172,0.009376009495650473,-0.005059860043048925
1.914878391,-0.0016510966969108093,0.019251173354027217,1.1349778178860894,0.039025542221177045,0.0115298749696945,0.8331776132340809,0.004962222370007699,0.0003374021667902769,-0.0019252618022669137,0.0,0.0,1.5,0.3655332094776209,10012.722678478214,10036.476372041518,9997.437918967285,9973.975337465163,0.0,0.0,0.0,0.0,0.0,0.0,nan,0,-0.0030516750335099286,0.020501951990096027,0.02550624199268503
1.9297110960000001,-0.006024146088469388,0.008215490917107698,1.1020265374895168,0.0028693345118464032,0.018108765194361356,0.7938442003856533,0.0023898150841027677,-0.002798782066559541,-0.0030999667501169187,0.0,0.0,1.5,0.39810383254835324,9991.976322975263,9977.758247357386,9956.681385297119,9966.021187089516,0.0,0.0,0.0,0.0,0.0,0.0,nan,0,-0.007408484058458797,0.009480894687716235,-0.01948998088488052
1.9445389720000001,-0.0008707927817807072,0.0016479036024349663,1.1425663068845677,-0.04318943376683076,0.018275318514270795,0.7690000418241264,0.0019816599457331027,-0.0065648898434883226,-0.001037823212015139,0.0,0.0,1.5,0.35743855253803936,10008.388258025036,9982.846153546448,9971.358935388198,9988.888838404038,0.0,0.0,0.0,0.0,0.0,0.0,nan,0,-0.0022348599500685686,0.0029308490813618167,0.009347204849354807
1.9593312850000002,-0.006938133344667874,0.016000664239948163,1.1648110187034904,-0.01721263337971802,0.02593697525789252,0.7865218370540408,-0.0010013672799500683,-0.005676716270484882,0.0041337653050305435,0.0,0.0,1.5,0.3356423872710654,10013.07215060711,10037.276861960907,10029.751086339338,9998.750193485239,0.0,0.0,0.0,0.0,0.0,0.0,nan,0,-0.00827795048929893,0.01730447268998086,0.0202211417520497
1.9740382120000002,0.01312324823692912,-0.0030742295804617494,1.1463392187934678,0.008314228994972875,-0.0026646430442540782,0.6997809674398568,0.0014809602235724268,-0.0020867038123341115,0.001138322989107941,0.0,0.0,1.5,0.3539175309241068,10002.15097390278,10052.088850968788,10038.9983638444,9985.051822902253,0.0,0.0,0.0,0.0,0.0,0.0,nan,0,0.011811609563185005,-0.0017458000884237,-0.009300008046142949
1.988801558,0.011085192774600145,0.007809497058748435,1.171317912767841,-3.238929491920506e-05,0.033240250008807475,0.7454185133690807,0.003142086870543888,-0.000333860984732488,0.004444664429485127,0.0,0.0,1.5,0.3289616758992591,10093.424164949256,10110.52611266164,10119.016403733842,10100.16795573988,0.0,0.0,0.0,0.0,0.0,0.0,nan,0,0.009805538553711069,0.009166774345294722,0.004938617234149234
2.0038371500000003,0.008887739380102273,0.0023369245208106956,1.1610551280985486,-0.0043364226346192325,-0.027069025287036072,0.6570168514797804,0.0047468550662215,-0.0029612890863130463,0.00021716808420143313,0.0,0.0,1.5,0.33906943140866574,10120.74996176031,10120.518081121736,10129.696437975212,10132.842298321608,0.0,0.0,0.0,0.0,0.0,0.0,nan,0,0.0076436979769869216,0.003727788789231707,-0.015779807882474906
2.018400456,-0.008917408687804886,0.006728833063904814,1.1824235335287219,-0.010393771468463986,-0.012638301043839862,0.6921365201198073,0.002231031610632709,-0.0024970170221371452,0.006043206426529326,0.0,0.0,1.5,0.31777288970031736,10153.606837341493,10150.23409267975,10173.112571710913,10180.8371498418,0.0,0.0,0.0,0.0,0.0,0.0,nan,0,-0.010122455018378128,0.0081584692957989,-0.004586580729597056
2.033359001,0.019852731486876607,-0.010043118974813388,1.2072749872577195,-0.0264842962970536,-0.011827242342538164,0.615864324935069,0.0012098233565566616,-0.0023080871708078027,0.0008207654293605956,0.0,0.0,1.5,0.2935692904089264,10171.042045229735,10172.991763491531,10209.937726000744,10213.210465260036,0.0,0.0,0.0,0.0,0.0,0.0,nan,0,0.018689846732292487,-0.00856906635157229,0.010350880313753308
2.0478337,0.012147382029717985,-0.003495971295865213,1.214551687702755,0.0014388926834518158,0.018820074490448164,0.7115711568544842,0.002447837518860824,-0.0010259443745762233,0.0019336914590824827,0.0,0.0,1.5,0.2857280519984396,10167.593853684733,10175.171285064936,10214.417343435294,10212.024661751648,0.0,0.0,0.0,0.0,0.0,0.0,nan,0,0.011029593017709971,-0.001971506651879279,0.007970411822677326
2.062792427,0.0010967605727372418,0.012348328496718014,1.224418213942888,-0.015617071574282961,-0.03308337368579525,0.6462838958413962,3.2764418221969555e-05,0.002306945891276707,-0.002569671071035727,0.0,0.0,1.5,0.2758604808718432,10154.652094816147,10157.99450621945,10194.696484634174,10193.802507015964,0.0,0.0,0.0,0.0,0.0,0.0,nan,0,2.6764081000660257e-05,0.01392946188933469,0.008432194167640628
2.077698045,-0.0043538939968735604,0.0025726792818948655,1.2240155876843628,-0.01597257073874932,0.021537843512285045,0.5829207781702996,0.002934394253059239,-0.0015330440216783112,0.00029729960833573574,0.0,0.0,1.5,0.276030742695141,10116.420603899027,10113.62254175371,10149.192704898242,10149.941487651226,0.0,0.0,0.0,0.0,0.0,0.0,nan,0,-0.005373679105001269,0.00421683014337601,-0.0011051395849763779
2.0924321800000003,-0.0038143623105162242,-0.005990875496582643,1.2457683517914464,-0.02946637184315055,-0.018501860812161854,0.5724398711715899,0.0005821516446094828,-0.00413153182700434,0.0021774848089266647,0.0,0.0,1.5,0.2543308296292237,10132.73281307947,10133.165325128819,10164.59695279435,10159.181587675192,0.0,0.0,0.0,0.0,0.0,0.0,nan,0,-0.004781781942195981,-0.00427732079822007,0.011791989147560189
2.107003428,-0.011262934615254575,0.010169407320539017,1.2605510082040992,0.01079616651873223,0.0015813139937161905,0.5781102460903673,-0.0002183756333209449,0.0034509946490378354,-0.0022012230399426525,0.0,0.0,1.5,0.23992934421089873,10156.672726495133,10169.86530635258,10195.758234826188,10180.46515353569,0.0,0.0,0.0,0.0,0.0,0.0,nan,0,-0.012176074701932597,0.01195878353395194,0.017986326464735303
2.1222017230000003,-0.003934383793051739,-0.005498678654883377,1.2426836277869229,0.07100230193607643,-0.010238688607112377,0.548752164610347,0.003916473176820123,-0.0016904163702642406,-0.010383685769468834,0.0,0.0,1.5,0.2574051869168132,10166.61583564846,10189.056869422942,10212.414800466255,10189.444954855093,0.0,0.0,0.0,0.0,0.0,0.0,nan,0,-0.0047915937958874074,-0.0036270994299215783,-0.00821232245612924
2.136834682,8.302723481980797e-05,-0.015050977820627994,1.2507599546845356,-0.009950552761703134,-0.019280552881523583,0.5210882298046452,0.004412956591692637,-0.0021469205892401676,0.0031258779637964094,0.0,0.0,1.5,0.2496940908706762,10237.529261374206,10197.302171173838,10236.153486707206,10256.55885645058,0.0,0.0,0.0,0.0,0.0,0.0,nan,0,-0.0007169195423880047,-0.013090922196108374,-0.008217798069729776
2.1516016970000003,-0.002162583720551626,-0.01829616628872411,1.2635325085623188,0.030507683739565156,-0.03752712867356283,0.5148468074130422,-0.0008680242268317087,0.003931552283101486,-0.004774543600113715,0.0,0.0,1.5,0.23718410776450194,10274.191374730251,10219.329865936137,10265.361461066386,10298.877014200109,0.0,0.0,0.0,0.0,0.0,0.0,nan,0,-0.002904251882797169,-0.016241512685458745,-0.003291107622768852
2.16630921,0.013049504795778747,0.014963792174175844,1.2574271827804766,0.00045886985491251685,0.012838898920387596,0.5273306687839595,0.003755268398058676,-0.0014674725513342962,-0.0015892198146995936,0.0,0.0,1.5,0.243384009962576,10292.247258614549,10236.29922459871,10289.931680907854,10328.912761284157,0.0,0.0,0.0,0.0,0.0,0.0,nan,0,0.01236689167009758,0.0171189369898056,-0.017018740361641083
2.180890359,0.0022857866942936397,-0.0175434880734907,1.284082434341596,0.046079906195206514,-0.0047913758615376065,0.4886916067294655,0.003476701602362604,-0.000480983430000755,0.004168568036890396,0.0,0.0,1.5,0.21664116403501837,10306.248602149622,10248.913370334589,10292.98210991062,10334.423421479982,0.0,0.0,0.0,0.0,0.0,0.0,nan,0,0.0016628636172578038,-0.015282295402181963,0.0022309558520290373
2.195706223,0.017148538357854123,0.002999916259608289,1.289568191444874,0.0077218378167686185,-0.05212807802205906,0.46334218344519995,0.0022436947509511815,0.00033073768688533957,-0.002833976052458213,0.0,0.0,1.5,0.2111506995421911,10317.124382657874,10262.442069308894,10286.351175499934,10336.105157932907,0.0,0.0,0.0,0.0,0.0,0.0,nan,0,0.016585910970236352,0.005372263401786956,0.0005251358183675503
2.210494153,0.009894688755198926,0.015200863995212584,1.2965966456029234,-0.04857469164713021,-0.006271581154487792,0.49167827627999716,-0.002045026901604516,-0.0023659788255180987,0.0032483473632152434,0.0,0.0,1.5,0.20421042018404922,10325.94870939201,10271.702931460073,10297.806551055348,10350.721821135046,0.0,0.0,0.0,0.0,0.0,0.0,nan,0,0.009393048855430929,0.017688950039847433,0.0005736695664930735
2.2251522240000003,0.005094721015440948,0.018763907350926614,1.285644366246786,0.022509767047742116,-0.003907950137832365,0.3804133575890837,0.00029146405012431617,-0.0006622145579137211,0.0041606746517401285,0.0,0.0,1.5,0.21523563395274803,10290.480734393323,10295.282041763041,10288.517117670111,10289.086440111327,0.0,0.0,0.0,0.0,0.0,0.0,nan,0,0.00465496648234524,0.021371740863463082,-0.017146898154490886
2.240135179,-0.009824465334800147,-0.00983730610144043,1.3167834178482316,-0.0008070399301570834,0.01677298732357893,0.42966655572407425,-0.001690072502370047,-0.0006107204513876454,-0.0019439312673758939,0.0,0.0,1.5,0.18374332283330413,10326.82319655794,10350.781949508313,10324.926904271288,10309.837978567597,0.0,0.0,0.0,0.0,0.0,0.0,nan,0,-0.010201163293826062,-0.007106325477133853,0.007439351380772452
2.254654948,0.024140906690639733,-0.005291713090645925,1.31118077364006,0.013844842904453434,0.010440079364166138,0.37032330422643184,-0.0018028219663617448,0.0028407987964949566,0.0015427163745200423,0.0,0.0,1.5,0.19042973992117446,10369.153308618444,10387.599842915186,10353.79356169682,10339.542822866762,0.0,0.0,0.0,0.0,0.0,0.0,nan,0,0.02382870730067576,-0.00243473145062755,-0.00452256606038226
2.264852819,0.011330523857776177,-0.005122535454169554,1.3101939485810623,0.0035856651175814685,0.004785612025034238,0.4226467943337956,0.002578752039243422,-0.0022017476263296236,-0.0009571859204224294,0.0,0.0,1.5,0.19021292883402874,10368.041163022579,10386.567859620434,10349.931768624701,10331.905428501563,0.0,0.0,0.0,0.0,0.0,0.0,nan,0,0.011062235100854464,-0.0021802252855329237,-0.009644364636158587
2.2795723850000003,-0.00010516609902554708,0.012094188185281862,1.3177065296187065,0.009374077174650233,0.002079951219090131,0.390057481714949,0.0009081417787254136,-0.00043557483571088985,-0.007680532324670211,0.0,0.0,1.5,0.18269425221233682,10423.11585447385,10425.432735144772,10384.628143094247,10388.2771717457,0.0,0.0,0.0,0.0,0.0,0.0,nan,0,-0.00030607647285449163,0.015166151175472747,-0.008185998620382495
2.29428375,-0.00590402253372103,0.014643419943459534,1.3373811525303996,0.0037296796117361245,-0.0002833405382748186,0.4106902048225417,6.570717028943994e-05,0.0030043039827961026,0.0018311512708227458,0.0,0.0,1.5,0.16338352665449588,10441.363267454937,10434.364842648529,10406.22845701362,10403.916417836519,0.0,0.0,0.0,0.0,0.0,0.0,nan,0,-0.00603557838943806,0.017846696729605243,0.005603005801099847
2.3092801460000003,0.0020531829200877935,-0.009323237906853098,1.3399694094502723,-0.01060382855505073,-0.009641266380313714,0.4261773733418581,0.0006111699562967887,-0.0003718644918115023,0.0016217001511052986,0.0,0.0,1.5,0.16031509048391457,10434.487242204032,10426.413001007213,10398.403412054387,10396.448461249367,0.0,0.0,0.0,0.0,0.0,0.0,nan,0,0.0019931373588212174,-0.0059872911222096205,0.002469208524589872
2.323906618,-0.002811057223715396,-0.004526571517551206,1.360107976594937,-0.029084820013336565,0.005737042974150797,0.34799839447266495,0.0005758484086511357,-0.004392585224509318,-0.0004733878742867925,0.0,0.0,1.5,0.13999346450738756,10382.340706235593,10387.11874705171,10371.473824389535,10361.897474854452,0.0,0.0,0.0,0.0,0.0,0.0,nan,0,-0.0027972704686145687,-0.0010568355522946526,0.017060500703452997
2.338764754,0.006474973732009266,-0.023825829158553222,1.352357576262522,0.015429241036571846,0.013976517258251222,0.35085518357936385,-0.0026196039826295882,-0.003159812169377779,-0.005585596242598459,0.0,0.0,1.5,0.14969262074998818,10330.476654945222,10348.037355263798,10344.690117860617,10327.533655719784,0.0,0.0,0.0,0.0,0.0,0.0,nan,0,0.006565065040541432,-0.020221365027128884,0.003954093416505433
2.3534641190000003,-0.0008912682749346887,0.011000349597971606,1.3544577664270256,0.005509624716232739,-0.006722623558343265,0.3407778084327816,-0.0003345819659358736,-0.0007672965667614738,-0.001034825337875292,0.0,0.0,1.5,0.14596007606131794,10379.599995157003,10389.385956718555,10386.29424917679,10371.172999318453,0.0,0.0,0.0,0.0,0.0,0.0,nan,0,-0.000722260461699766,0.014740334733336411,0.000885879382393151
2.3684807610000003,-0.02295920277191625,0.00421468240035537,1.3469143201462046,-0.013698276180715185,-0.026038481878711713,0.3667366290112815,0.00041738691066422166,0.00021388806622987027,0.0009539891043059395,0.0,0.0,1.5,0.1548551384874153,10406.618332328128,10408.609370501163,10405.237775429689,10396.224260726894,0.0,0.0,0.0,0.0,0.0,0.0,nan,0,-0.022708560393533778,0.008090849630070675,-0.011649429222149621
2.383144982,0.003623888161759917,0.01641080135741042,1.3610213234089417,-0.022373677810077493,0.010810334834963978,0.3064891421104632,-3.2628602468433364e-05,0.0005141813844509245,0.00021197525468144335,0.0,0.0,1.5,0.13999114083970926,10391.041292760465,10413.155742889852,10422.474383020073,10398.160018663297,0.0,0.0,0.0,0.0,0.0,0.0,nan,0,0.00395895725208541,0.02042369097648539,-0.0023638465270452436
2.3979343340000003,0.01627547679066483,-0.01971640389799155,1.3643473311434213,0.0011711887809248477,0.032930901118022396,0.2687573018362325,-0.00013946177599418843,-0.0008726045368585285,-0.0020406614457144094,0.0,0.0,1.5,0.13804084285219645,10405.286563055533,10435.653104140063,10442.314840525001,10411.823761428801,0.0,0.0,0.0,0.0,0.0,0.0,nan,0,0.016697800273294996,-0.015566373460156744,-0.0036906724185967743
2.4132757650000003,0.01713665351138965,-0.006367975868477841,1.3623330740538075,-0.0030030209273104727,-0.006967093762061272,0.2845036293480494,0.0013299921817613684,-0.0012987337986180882,-0.0018600457780097988,0.0,0.0,1.5,0.13887547843195852,10491.55240691523,10501.372041254384,10496.86421292779,10483.358974550683,0.0,0.0,0.0,0.0,0.0,0.0,nan,0,0.0176490542387995,-0.002080526057400749,-0.010205573033928772
2.427512613,0.011303792692405107,-0.01739848036419964,1.3513654118983904,-0.0254296217808732,0.01504208292169145,0.2995162507553366,-0.0015252815859908026,-0.0008650540183509792,0.00012144201216537214,0.0,0.0,1.5,0.15007572631292326,10535.002972670032,10533.056952408977,10528.326543441692,10525.067038925268,0.0,0.0,0.0,0.0,0.0,0.0,nan,0,0.011909043184698572,-0.012973478768638833,-0.025544570030045177
2.44225241,0.008985278027831502,-0.006253025276042704,1.384554546150808,-0.025076960721770656,-0.0057015624691183564,0.3047999282690073,-0.0007344488482053297,0.0003664313722092702,0.00046466877881870024,0.0,0.0,1.5,0.1159633060963087,10547.004857003129,10552.189465427,10543.689920614152,10535.246564801106,0.0,0.0,0.0,0.0,0.0,0.0,nan,0,0.009686062081162256,-0.0016904704903191467,0.003391412503254365
2.4573875210000002,0.006588352116175429,-0.002648002588292331,1.3813372045728198,0.013620439098462722,-0.031774134914768416,0.26773980106624845,0.004627501109551996,-0.003933131788257131,-0.0010575014274937073,0.0,0.0,1.5,0.11887504918992516,10532.942534939844,10543.228658318956,10535.113456950347,10523.392217482537,0.0,0.0,0.0,0.0,0.0,0.0,nan,0,0.007387244661289618,0.0020519977629568716,-0.0039649887849197984
2.471981494,-0.003451986843735718,0.007047188475377673,1.3921473564020286,0.01577838538056713,-0.012593058767276608,0.31078627881169757,-0.0006717456111691824,-0.003447947342554628,0.0022248129945284176,0.0,0.0,1.5,0.10813774461143466,10516.812884435489,10525.07801047074,10530.23409104326,10520.869781725605,0.0,0.0,0.0,0.0,0.0,0.0,nan,0,-0.0025525532555522867,0.011884442589279688,0.0028271473004450876
2.486902917,-0.008612482088537663,-0.003205192198550179,1.3901156726487147,-0.0011790719227514012,-0.02907426902396567,0.27370373150774974,-0.0019706981519762756,-0.0008565092981698446,0.0008969070573042549,0.0,0.0,1.5,0.11026791692146656,10500.11832003789,10498.857244876548,10522.91147991579,10523.707696798987,0.0,0.0,0.0,0.0,0.0,0.0,nan,0,-0.007610231964086306,0.0017690429689916605,-0.003101226827225023
2.5014106590000003,0.0005850118701015128,0.0055322369398111545,1.3916979827794993,0.034033408776146995,-0.005083061136767918,0.24333921661066488,0.0023525993953136307,-0.001276448426896481,0.0002165793494996569,0.0,0.0,1.5,0.10844480079042979,10493.8905246695,10497.416726081243,10521.22854490546,10520.504129113036,0.0,0.0,0.0,0.0,0.0,0.0,nan,0,0.0016921818025339428,0.010643054856494716,-0.0052885129989932445
2.5167818470000003,-0.02287862567497542,0.002975891690629946,1.4034468588508235,-0.016829939994982248,-0.011070912103806518,0.2610429595704398,-0.0014894325200682057,0.0003099421924333706,0.008941008730511018,0.0,0.0,1.5,0.09927132773315162,10504.775876826308,10504.236757918798,10523.838986302426,10528.980150921969,0.0,0.0,0.0,0.0,0.0,0.0,nan,0,-0.021664603460422677,0.008222706261660497,0.0028195837672813084
2.531113672,0.009012367450282211,-0.005953899362047581,1.4048782476737809,-0.009284925056435694,0.020708926232593957,0.24556533573071784,-0.0033389843256953888,-0.0027878192598564232,-0.0015128376612562552,0.0,0.0,1.5,0.0957330635166496,10510.562466099582,10512.385771765987,10522.285179549295,10528.860207029285,0.0,0.0,0.0,0.0,0.0,0.0,nan,0,0.01033500427145507,-0.000571924839563919,0.0007348069460142437
2.54594916,0.006982906220712259,0.00893917637791932,1.412085725872034,0.002378397354955562,-0.02158980111010598,0.23524462146540426,-0.00279674821803643,0.00045532286693122036,-0.00397602887858316,0.0,0.0,1.5,0.08864304512509683,10500.359937153506,10519.757261611252,10509.684425079391,10504.796249890029,0.0,0.0,0.0,0.0,0.0,0.0,nan,0,0.008415747357491817,0.014455181825857526,0.004553431056163015
2.560775178,-0.008750410421538261,-0.014138359055513947,1.39622953872425,-0.03423417184172282,-0.001817763814195425,0.1930489530691295,-0.002869490568727383,-0.0003153280865432029,0.006407969300387843,0.0,0.0,1.5,0.10509410788769236,10517.726589908534,10516.46903110061,10511.2907534314,10512.780243709629,0.0,0.0,0.0,0.0,0.0,0.0,nan,0,-0.007205961523967671,-0.008489763206996924,-0.014564426209487058
2.575548698,0.010575127450101845,-0.010267619793281758,1.3939672648767283,-0.01420828815678125,0.007245090495763781,0.14939894668050013,-0.0007872782104343639,0.002675006849414848,0.0064397510965487305,0.0,0.0,1.5,0.10705231550287546,10544.476427286929,10546.547975046919,10540.800051707258,10539.372739839508,0.0,0.0,0.0,0.0,0.0,0.0,nan,0,0.012232388355958006,-0.004488182218354629,-0.01996437680952523
2.59038657,0.009350404097319354,0.0055903873542778705,1.3802761257079457,-0.0004472743385026157,-0.00939969326352384,0.16082187110439433,-0.0011338544212581396,0.0006785593403006889,-0.00036033839767954,0.0,0.0,1.5,0.12021850341379926,10629.643837000616,10640.771002863023,10626.252566402358,10629.28067387146,0.0,0.0,0.0,0.0,0.0,0.0,nan,0,0.011121493725940054,0.01149860606193908,-0.03668972772654211
2.6051503670000002,0.01069165526528148,-0.0018900846565417535,1.4256686300553414,-0.00410391574821408,-0.008469106436274335,0.17116639445471815,0.0011782140860042503,0.0012749304250896565,0.0015022160786302423,0.0,0.0,1.5,0.07512014689928537,10679.047089769689,10689.169461631263,10670.009404388764,10679.689380138627,0.0,0.0,0.0,0.0,0.0,0.0,nan,0,0.012577397205245122,0.004144539045368042,0.005737889030317023
2.619859662,-0.011199615338345233,-0.009519360668048009,1.4371966828867473,-0.02048560314387608,-0.016836042723245872,0.20483658847390382,-0.003573038162183136,0.001492797285559041,-0.00199203907193119,0.0,0.0,1.5,0.06450043605808459,10710.21175159947,10709.591298893622,10696.655164402087,10710.23901874538,0.0,0.0,0.0,0.0,0.0,0.0,nan,0,-0.00919860604101449,-0.003360994251862079,0.014350169333782414
2.6348595620000004,-0.004836168804625749,0.00974584589088948,1.432719206080764,0.017689385611338336,0.01879533212014033,0.19291213657683068,-0.003903036477041164,0.002855125808762446,-0.0015864714953653823,0.0,0.0,1.5,0.06815478905578459,10656.78181721059,10653.834687053339,10650.612490984608,10660.077399634534,0.0,0.0,0.0,0.0,0.0,0.0,nan,0,-0.0027194833031983006,0.016025057795396674,0.007013476611990477
2.649422277,0.019228053732987523,0.0018104641933525435,1.4167741326347172,0.0018638151742124227,0.019082723970241994,0.2040898191809656,-0.0003224854205883812,-0.0010101825613605864,6.94727084763724e-06,0.0,0.0,1.5,0.08543735031973845,10644.874347857096,10630.61128296381,10610.94055262436,10628.4369519041,0.0,0.0,0.0,0.0,0.0,0.0,nan,0,0.021460641763755492,0.00820741556392129,-0.011716878486870197
2.66446301,-0.0005080371332239102,-0.010465018992007285,1.41354046626047,-0.001966798925551169,-0.024384581029176976,0.14049768147604152,0.0014455944411120906,-0.0019952676414918915,0.004585223043701407,0.0,0.0,1.5,0.08709205301684379,10630.945901101457,10605.60749522557,10569.253227643068,10593.928015556823,0.0,0.0,0.0,0.0,0.0,0.0,nan,0,0.0018405337092689928,-0.0039536168364475615,-0.017648999305060364
2.6792090340000003,-0.009847555894923954,-0.0069089194350782325,1.4724791484513142,-0.013707068028546867,-0.0028270710914853384,0.16983482373069186,-0.002043336795511778,-0.001512976293371914,-0.001630661484463401,0.0,0.0,1.5,0.030035059427756316,10657.354889401751,10643.773908497842,10627.32725710351,10644.866899469907,0.0,0.0,0.0,0.0,0.0,0.0,nan,0,-0.007383011186463171,-0.00028648143376366376,0.038678626946757166
2.694121601,-0.020994666962150417,-0.006663040194136612,1.4465639406398278,0.0008242872493387613,-0.02177957544558949,0.10866649368251172,0.000790590550555401,0.0017868206397120777,0.00022823404533060603,0.0,0.0,1.5,0.05779779048911932,10645.56753213482,10645.491197253084,10645.400377103357,10649.760041738391,0.0,0.0,0.0,0.0,0.0,0.0,nan,0,-0.018414190350196185,6.693765437311167e-05,0.010221634349428577
2.7088498100000002,0.0009613929637482359,-0.014767950852487607,1.4420128214326455,-0.04318683365852912,-0.010664900878264263,0.18962523191647537,-0.0019828387446159026,0.0012386852077293533,-0.004336543370398123,0.0,0.0,1.5,0.059845881454069064,10630.385617892947,10637.085453307604,10645.093814072818,10639.486210624555,0.0,0.0,0.0,0.0,0.0,0.0,nan,0,0.003657755878389792,-0.007933950098565921,0.003203666451901732
2.723770335,-0.01741215674616502,-0.00972716007289651,1.4684224015029828,-0.00347698627246159,0.006956912475387427,0.1720368824496398,-0.00262097591036042,-0.003199799730278466,-0.0033003989121416335,0.0,0.0,1.5,0.03734897016619867,10632.868410418647,10649.700533632318,10673.696135087017,10653.863009868755,0.0,0.0,0.0,0.0,0.0,0.0,nan,0,-0.014599960090759626,-0.0027927093323114023,0.027213754458936812
2.7384654090000002,-0.002032932089411409,-0.006295487329174073,1.4475841467456976,0.005414036163111357,-0.026706099467407315,0.2059980681690251,-0.001350517241890254,-0.00285640234436616,0.007929224291856676,0.0,0.0,1.5,0.05283169168187326,10576.723239111609,10600.11269622267,10616.739527479654,10585.718281247828,0.0,0.0,0.0,0.0,0.0,0.0,nan,0,0.0008950103169924261,0.0007357704986287834,0.004053388254431578
2.753297892,-0.01601210444638691,0.006396487674654618,1.4322435696133642,-0.023265459243185373,-0.04649423027220692,0.2214899194179291,-0.00023111925576895263,-0.0030823776430199696,-8.225023744334684e-05,0.0,0.0,1.5,0.06991592380933714,10535.802290511247,10559.648646273117,10570.236982744142,10544.078611520172,0.0,0.0,0.0,0.0,0.0,0.0,nan,0,-0.012968593732159868,0.013520811219015091,-0.013510672075807362
2.7679281860000002,-0.013397470995806134,-0.004878293806119354,1.4635294916821007,0.009081372555579975,0.00418582420023143,0.15727870965041743,-0.002476753350665625,0.001034829998561112,0.002216308529103006,0.0,0.0,1.5,0.03915849788370659,10509.93088076736,10537.593914403878,10554.913723147836,10530.089602455993,0.0,0.0,0.0,0.0,0.0,0.0,nan,0,-0.01023872506063244,0.0023352187536442573,0.015665301198948267
2.782876409,0.007450369767149359,-0.013835904928231453,1.4490237494473415,-0.00345310366108279,0.0011036966850412047,0.13036673722740497,-0.003175339302856183,-0.00041822885633907396,0.0038505051869668493,0.0,0.0,1.5,0.05334340067203939,10493.628158259444,10524.381126901482,10546.867864480644,10519.297963821326,0.0,0.0,0.0,0.0,0.0,0.0,nan,0,0.010723797607958665,-0.006537262025131266,-0.0008288238899885059
2.7979216890000003,-0.014254139100038556,-0.004218875933613605,1.4248005875354657,-0.02402840588611196,-0.046004819531043656,0.10298460406570194,-0.002109681493025172,0.0005572014427381043,-0.0011361579910002214,0.0,0.0,1.5,0.07665462171739962,10530.71054539648,10550.688033449595,10558.990048067839,10545.964289553665,0.0,0.0,0.0,0.0,0.0,0.0,nan,0,-0.010866882036618078,0.0031605724745575603,-0.026922826115327148
2.812532528,0.0058690553232484755,-0.008028315233940854,1.4666551152896206,-0.015422724829238864,-0.0009529055862021953,0.13675650632299616,-0.0031841825712609004,0.00010611357285197674,0.0019657376232124694,0.0,0.0,1.5,0.03479627842501802,10617.118434578699,10630.579235150477,10631.532431747079,10628.875419367894,0.0,0.0,0.0,0.0,0.0,0.0,nan,0,0.009368924192060354,-0.0005727307380920289,0.013158948493176448
2.827107976,-0.007666167690499243,0.005723747148264322,1.4497740922815463,-0.018930931315734305,-0.014223271920380256,0.10780330798552208,-0.001293236828264473,0.002272349561137761,0.0006926209399353631,0.0,0.0,1.5,0.05112898605115053,10634.920005309348,10648.75912717592,10651.252891223096,10647.155901354294,0.0,0.0,0.0,0.0,0.0,0.0,nan,0,-0.004055302371624195,0.01325042539590355,-0.0054195871476039326
2.8419322940000002,-0.015925741890240267,-0.011119512406690246,1.4571477479544916,0.0036161198538871317,0.012010555780488617,0.11789049974046037,-0.0025276718862547697,0.002718377239222001,-0.005816097515153227,0.0,0.0,1.5,0.047048786554903486,10636.153451323982,10643.435364004796,10636.06989139816,10636.554393440409,0.0,0.0,0.0,0.0,0.0,0.0,nan,0,-0.012205899136835974,-0.0035271152492151433,0.00033395090248111714
2.85678607,-0.015620984099662824,-0.005337573758920244,1.4579388063410843,-0.0062142863402340105,-0.0013723639887823183,0.04927701012575436,-0.000330000403361191,-0.001116815982991701,-0.002814246145641523,0.0,0.0,1.5,0.0451846085507736,10653.32655608365,10651.612459765538,10639.81580548098,10642.591192934498,0.0,0.0,0.0,0.0,0.0,0.0,nan,0,-0.01179460563317198,0.0023148180310152908,-0.00042129030454862715
2.8718114910000003,-0.01422198684356642,0.016874413243694472,1.4936235464657368,-0.0023564616767319567,-0.03330973525698021,0.09827129329155054,-0.0027737195080022306,0.001594602342631472,-0.001024807325137362,0.0,0.0,1.5,0.022971066404765917,10696.74312076344,10687.523910022628,10673.962265197619,10675.863866122052,0.0,0.0,0.0,0.0,0.0,0.0,nan,0,-0.010291940404831473,0.024580739539102687,0.03378513508195535
2.886286739,-0.005143746138121983,0.005779970238080061,1.4485477299553369,-0.033170848821107504,0.015384628318343564,0.11417103444956751,-0.0017693064808406045,0.004865776760132406,-0.006720036071393996,0.0,0.0,1.5,0.052030781976013726,10684.571833985954,10675.871047765382,10671.187695818035,10670.510544401504,0.0,0.0,0.0,0.0,0.0,0.0,nan,0,-0.001113324935001784,0.013533851758673388,-0.0127144011348308
2.901381684,-0.003909360446938299,-0.00457884313835993,1.4762538779509802,0.0069367053438953805,-0.02644194828757,0.059542374452902794,-0.0045618962868240525,-0.0020660012582809917,0.001176592126751997,0.0,0.0,1.5,0.024497494075042387,10670.988418502762,10663.09519061564,10657.965583991441,10652.599366392082,0.0,0.0,0.0,0.0,0.0,0.0,nan,0,0.00021776314919205557,0.0032159987803425678,0.01363162145803054
2.9160301370000004,-0.016010346846596923,-0.004669842040945123,1.4756508565757482,-0.05395390367529116,0.029162501437579837,0.048020529557708795,0.0008009556475344562,0.004039235253254055,0.002925681474839737,0.0,0.0,1.5,0.029513038073544672,10700.35491107821,10690.911738382696,10688.40503262282,10687.269205715651,0.0,0.0,0.0,0.0,0.0,0.0,nan,0,-0.011790580050361828,0.003159142560672356,0.011730429397461828
2.930956514,-0.015276907586890147,-0.00692490769892215,1.4855731356232338,-0.026684531493152967,-0.009403976471254679,0.08473010754079585,-0.004933136208366104,0.00225639142463566,0.010879538966204536,0.0,0.0,1.5,0.022124029194578888,10723.108417854342,10723.195790918337,10718.380613580606,10714.799213922126,0.0,0.0,0.0,0.0,0.0,0.0,nan,0,-0.010968958956910916,0.0009311741271148567,0.020404332794656366
2.94556588,0.0021538124094207956,-0.015098744590010482,1.42362803362644,-0.017533095780567123,0.0315294635455312,0.10716234133168043,-0.004633616653186911,0.0039013572329758446,0.0019074611974599274,0.0,0.0,1.5,0.07787996047670755,10703.921719839656,10723.852946465913,10708.251360569524,10699.470374549002,0.0,0.0,0.0,0.0,0.0,0.0,nan,0,0.006545093626149308,-0.007222809031103927,-0.0427473646541805
2.9606596940000003,-0.004091824796146882,-0.01715964720919097,1.4876153046273999,-0.0026853254154662665,0.03465640913369637,0.11266706352122963,-0.0015945850453259146,0.003172021568415502,-0.002326384115245651,0.0,0.0,1.5,0.021554053029032863,10708.55949085562,10729.845740759074,10705.624456617208,10702.25349668574,0.0,0.0,0.0,0.0,0.0,0.0,nan,0,0.0003775666960326796,-0.009271229414107554,0.020081492458880135
2.975261848,0.02166174488649294,-0.010130983968949894,1.4654218545191613,0.0038469348699882774,0.0036520499204513467,0.08274280793156999,-0.007091377695103286,0.0034207793008745775,-0.00018525923550970823,0.0,0.0,1.5,0.042041838358957015,10710.956618275615,10720.761773204533,10690.406458596803,10692.95319435954,0.0,0.0,0.0,0.0,0.0,0.0,nan,0,0.026203595295197616,-0.0022375831676025443,-0.003224461518309907
2.990119124,-0.01644894055969053,-0.007540043507640203,1.4559881365990486,-0.039001858880268934,0.024322574166330695,0.08162193603576239,-0.004034523826631901,0.005962106397885063,0.00036380213291443915,0.0,0.0,1.5,0.04758638483492255,10688.25260687035,10674.200811467334,10643.166326483079,10659.557749165142,0.0,0.0,0.0,0.0,0.0,0.0,nan,0,-0.011840683974301516,0.0003508248185445156,-0.013709869043749379
3.004763821,-0.007998627355215981,-0.007399363512085655,1.4738558776933735,0.013240986356191703,0.014601878503831761,0.061608945054107196,-0.0015216680008279934,0.004507394780469569,0.0003560534480853234,0.0,0.0,1.5,0.0283239077659747,10720.02475345676,10722.29618585818,10687.781614309459,10688.357052353933,0.0,0.0,0.0,0.0,0.0,0.0,nan,0,-0.0033304580167393483,0.0004814521540146546,0.003163873713472931
3.0195579830000003,-0.0018163784868724317,-0.02981877722590464,1.4801633650168078,0.002670283621895392,0.009621011225397873,0.037603412917527904,-0.00321327454390899,0.001940584394430897,-0.0033321665350116905,0.0,0.0,1.5,0.0358601560720545,10741.326714294702,10742.49970526196,10710.327892360672,10711.475599817953,0.0,0.0,0.0,0.0,0.0,0.0,nan,0,0.0029047551355430978,-0.02195549126157375,0.00852203689595088
3.034188292,-0.012561941568052628,-0.003326367433844733,1.4712545505051098,-0.014593934067401938,-0.009664286081502814,0.023505783642695663,-0.0006083735112058064,0.0014909740622640697,-0.0037016085345028846,0.0,0.0,1.5,0.03154628287021144,10762.600421519088,10748.756443393573,10735.164630806972,10747.098930539281,0.0,0.0,0.0,0.0,0.0,0.0,nan,0,-0.007795238438283974,0.004512058203098463,-0.001299625254623793
3.04912741,0.0037254465065768632,-0.014068251466880045,1.4728144546884285,-0.042797843456699125,-0.0002538813412574932,0.12110745996754693,-0.0022209179737667957,0.005162683129230295,-0.005266769290033145,0.0,0.0,1.5,0.030835831834024583,10784.430391771528,10768.124140296302,10770.450714745037,10780.623752631045,0.0,0.0,0.0,0.0,0.0,0.0,nan,0,0.0085298848382878,-0.006261805617413375,-0.0006253812257470681
3.063793608,-0.002621966975632816,0.004141414659270651,1.4640788976047117,0.04816985104934244,-0.00896632807554831,0.07231833132304252,0.00012246145523859634,0.005449251591924895,0.0024821336607404342,0.0,0.0,1.5,0.03625398769093023,10730.1298005259,10720.372642138607,10731.79825460763,10730.821978963639,0.0,0.0,0.0,0.0,0.0,0.0,nan,0,0.002212013065241283,0.011909039894296279,-0.010216218267800725
3.0787022700000004,-0.015338278068720665,-0.0027816480409146903,1.4858750162086751,-0.03715568272099467,0.011546540651075375,0.07283530862904941,-0.0024798181056790063,0.005856582976798188,-0.0007780581329200359,0.0,0.0,1.5,0.021036052553701997,10721.085650566485,10692.20734859295,10707.46736730168,10730.504784490826,0.0,0.0,0.0,0.0,0.0,0.0,nan,0,-0.010483231238734087,0.004940629673333578,0.010771961623492698
3.093404333,-0.004380007772941509,-0.017742502738825813,1.4714327316907352,0.0026370130443086515,-0.0033969021314089252,0.07948233043496901,-0.001376768590938531,0.0014004599807034444,0.0007474605964483632,0.0,0.0,1.5,0.03391267742573263,10704.099921394887,10696.565001502906,10704.656807738167,10703.524616939707,0.0,0.0,0.0,0.0,0.0,0.0,nan,0,0.0004873037633157124,-0.010071867072969434,-0.004431707952395891
3.108452272,-0.012004268248036676,-0.0025492523065052458,1.4790648090821126,0.011072026403486087,0.023864014746751577,0.02283983039781515,-0.0025041623545391124,0.005301399751089313,2.1821189391066754e-05,0.0,0.0,1.5,0.02426691909290176,10698.43714772181,10697.852486747095,10706.930143367788,10699.385598883286,0.0,0.0,0.0,0.0,0.0,0.0,nan,0,-0.007133771997700163,0.005063666994696626,0.002488373656907683
3.123400138,-0.005539136039450439,-0.013253209143100197,1.4746224532021324,0.029376791912383127,-0.0075510718205208955,0.06087055058859826,-0.005266194449000725,0.0051173232871861265,-0.0029129093538767777,0.0,0.0,1.5,0.02916075208447572,10747.973276821043,10734.269121451503,10735.53714513384,10742.8486955027,0.0,0.0,0.0,0.0,0.0,0.0,nan,0,-0.0006748400576527622,-0.005703889631435199,-0.002620698831357071
3.1381855470000004,0.020474970694578556,-0.025896782483121567,1.4720953375814918,0.02276727373769696,0.02192855599080309,0.06551128896962792,-0.003358776685117561,0.004902611756117531,-0.001628377576055596,0.0,0.0,1.5,0.043226588491492905,10782.583797224714,10753.264702236444,10750.127393252014,10772.390655914056,0.0,0.0,0.0,0.0,0.0,0.0,nan,0,0.025323324369820432,-0.018416796978783682,-0.005785892276960913
3.152860978,-0.0008441105153084247,-0.0012009437195305665,1.4846103430352247,-0.013219508794444598,-0.004056672610740102,0.08614530945311347,-0.001045803708683159,0.006584534314223109,-0.00022330886758884522,0.0,0.0,1.5,0.01545950613289417,10787.253259360463,10735.230707393439,10732.736865305324,10780.515865894122,0.0,0.0,0.0,0.0,0.0,0.0,nan,0,0.003978295073374504,0.006204167175351994,0.006115232229090051
3.167601872,-0.017147028784461206,-0.019765599038647767,1.4970024183875374,-0.01721642357417171,0.012994688749543263,0.02505977912712543,-0.0015029865026895451,0.004986480801172996,-0.00014602348117070949,0.0,0.0,1.5,0.026337900391168394,10751.430868582464,10706.215492483734,10709.077403477142,10749.04570902103,0.0,0.0,0.0,0.0,0.0,0.0,nan,0,-0.012360708149781723,-0.012440671316843267,0.017922041861461624
3.182338278,0.000677688128631883,-0.00961132283770233,1.4759717989908812,0.0040989365459732354,0.047935915298208516,0.058684519967824124,-4.325200963715088e-05,0.0030746287493853483,-0.003545353327503133,0.0,0.0,1.5,0.02588805190864787,10751.284567507071,10734.947598794994,10739.02606198354,10752.716840574833,0.0,0.0,0.0,0.0,0.0,0.0,nan,0,0.005417788746687703,-0.002371643840615314,-0.0036591909389367405
3.197083016,0.004445707334189569,-0.0037634984060434286,1.4520433526886283,-0.00375400573014457,0.011461716311379435,0.06609718794563792,0.004193751051026702,0.004610293970946615,-0.004411795172881108,0.0,0.0,1.5,0.0483090908142645,10757.164392761995,10750.42557978271,10748.273526526209,10751.208974803561,0.0,0.0,0.0,0.0,0.0,0.0,nan,0,0.009129490614003791,0.003386081556411456,-0.028108039010880548
3.21188697,0.011077910297604077,0.005087347939485705,1.5053749152758913,0.036527487787625,-0.014947379088136795,0.0380156923465637,-0.001079091072234578,0.003223224740469042,0.00029393601664196896,0.0,0.0,1.5,0.013322571817864651,10778.303916909179,10765.777332227157,10765.921480388934,10770.199345299972,0.0,0.0,0.0,0.0,0.0,0.0,nan,0,0.015695351498164044,0.012142192819707187,0.024729837571728197
3.226796922,-0.010923577329245752,-0.0032019610551853274,1.4712834307842058,-0.008920784721169353,0.020256801032909378,-0.011173242053196619,-1.9898719713555966e-05,0.006984497088554111,0.0007929333462720928,0.0,0.0,1.5,0.030890426410013133,10780.987772011564,10758.09475436801,10765.62341502722,10780.745676957373,0.0,0.0,0.0,0.0,0.0,0.0,nan,0,-0.006382431053537777,0.0037537311995586966,-0.009836072534161078
3.2414094450000004,-0.003055851286128553,-0.010646111053461879,1.4629920119612072,0.0011432093174320228,0.015803933600425268,0.030165647237639346,0.00023373926026253473,0.005315513600470771,0.0034934595334237912,0.0,0.0,1.5,0.03862989886506315,10846.279901808122,10832.80017369574,10835.35334776603,10840.871450507131,0.0,0.0,0.0,0.0,0.0,0.0,nan,0,0.0013991345189021875,-0.003793769709382459,-0.018592954454483168
3.2563421200000002,-0.0034205781465572794,-0.003654968172197,1.4412075629237744,-0.01317074697509967,0.0049148943131510185,0.073474467091464,-0.0017928516972336526,0.004563022702504351,0.00532874031211007,0.0,0.0,1.5,0.05900516760893427,10873.137126626027,10865.24051560772,10865.918714980908,10868.881391927263,0.0,0.0,0.0,0.0,0.0,0.0,nan,0,0.0009384562164735199,0.0030900223501337623,-0.04085519301977292
3.2709929750000004,-0.01578268192207803,-0.008399086138710139,1.4830677938133967,-0.006796426078272226,0.010241574794863657,0.05520088682559979,-0.0024813672218975615,0.0018928455984156508,-0.011899126077792657,0.0,0.0,1.5,0.02462391729527632,10863.599323825001,10861.824963064972,10861.143471320629,10864.860400040403,0.0,0.0,0.0,0.0,0.0,0.0,nan,0,-0.01152922287592065,-0.0017652125974238868,0.0005091677634461167
3.286106831,-0.019801000175335995,-0.013833185189928317,1.4746981350391957,0.0009414636918510735,0.017929772316024092,0.0395768643551219,-0.004391704031633959,0.0033089890699661297,-0.00014660357215235612,0.0,0.0,1.5,0.03498029432319411,10829.581114784012,10836.523712339733,10837.750826825584,10831.991780755885,0.0,0.0,0.0,0.0,0.0,0.0,nan,0,-0.01566251464582614,-0.00731394012704766,-0.008369195095388138
3.3008734270000004,0.01503545752522005,-0.022528932179890437,1.5038523597728364,0.00642323120084938,-0.004320894810484061,0.0581947158850133,-0.0016441499278759073,0.004067589208491668,0.00623562017423724,0.0,0.0,1.5,0.027357968564536497,10813.024843922509,10820.724632307516,10820.653892581273,10808.72635018412,0.0,0.0,0.0,0.0,0.0,0.0,nan,0,0.019049816982886672,-0.01612756756630346,0.020274868958184866
3.315466048,-0.006044151924712129,-0.0004989119980104966,1.4929122156048078,0.02097889050427516,0.042731673810850586,0.08645096599481916,0.0007413890611673104,0.006194151200319494,-0.005779294014401867,0.0,0.0,1.5,0.009328310313421729,10786.785337661147,10791.471407525269,10791.694789468966,10790.00454232432,0.0,0.0,0.0,0.0,0.0,0.0,nan,0,-0.00216287247459856,0.005781567044226545,0.008828535873539378
3.3302713440000002,0.0017566064958686152,-0.011364874010874736,1.4819965103413792,-0.011334224032169877,-0.008077190778815791,0.013134828002565569,-0.00036259448873078245,0.007393353746928497,-0.0032289425951142333,0.0,0.0,1.5,0.02136285719543264,10742.356698117163,10725.482935965209,10712.045360380549,10725.032629259451,0.0,0.0,0.0,0.0,0.0,0.0,nan,0,0.005496079280581504,-0.005208017660622956,-0.002571074422313968
3.3452147930000002,-0.0013178479382982026,0.005257075736177657,1.4851304735260564,0.026195707617506624,0.01756741581795796,0.0686644226436221,-0.0017095199813813087,0.003988697221069806,-0.0017510984718986052,0.0,0.0,1.5,0.01582644578051855,10740.726800260394,10716.486422869815,10705.55760390978,10722.291190263606,0.0,0.0,0.0,0.0,0.0,0.0,nan,0,0.002271333767768409,0.011287857094407787,0.00012171745273437118
3.35997527,0.000705687311376501,-0.021387011693174314,1.499705754412362,0.039774289665888474,0.015471140115551575,-0.003003841196924435,-0.0001366918028728634,0.0038032595921947045,-0.0032674090021628595,0.0,0.0,1.5,0.021400673919558164,10738.147753199846,10707.487460940833,10689.33250317378,10714.876582551127,0.0,0.0,0.0,0.0,0.0,0.0,nan,0,0.004136300208616838,-0.015484456005179947,0.014299033167677333
3.3746987350000004,-0.0031947605744923526,-0.011407430833553351,1.5125154617738281,0.012050093825079319,0.005715117522724593,0.05096564691354967,-0.0013435910866863435,0.002197968390669545,0.0009341624729541898,0.0,0.0,1.5,0.017232897515008533,10753.460645559842,10716.531595260343,10703.042830907838,10735.485352708218,0.0,0.0,0.0,0.0,0.0,0.0,nan,0,6.927643700740168e-05,-0.005634901781127585,0.026754904452512607
3.389491676,0.0024153121161273623,-0.004977456612098696,1.502343956007746,0.02021209420301574,0.020884752249446706,0.002774797409938936,-0.0017820692743346002,0.004564703381847743,0.002081051329705636,0.0,0.0,1.5,0.006008571935983253,10721.697553071277,10694.560522946455,10690.928408357946,10715.694370556612,0.0,0.0,0.0,0.0,0.0,0.0,nan,0,0.005564014134152949,0.0007075828279128884,0.01637135082567176
3.404433355,-0.0024081105470622087,-0.013501591151167787,1.5026465127205433,0.02475090659354817,0.013855635248655237,0.021290777206254406,-0.0008863437586706796,0.0012343724287187572,-0.010832240583901476,0.0,0.0,1.5,0.01396767659992749,10709.872484553616,10691.648230335888,10695.004550297273,10715.916716870857,0.0,0.0,0.0,0.0,0.0,0.0,nan,0,0.0005002274547834936,-0.007992889780695941,0.01631796496865201
3.4192620820000004,0.005509366725490018,-0.015001971906560514,1.4824157115129077,0.0030697686568723383,0.027869039554099796,0.014347054673637963,0.0008085181704312131,0.0017827280787983649,-0.008099615283741821,0.0,0.0,1.5,0.023761723094053024,10738.48342182049,10715.026217457455,10726.273871583311,10741.421021079346,0.0,0.0,0.0,0.0,0.0,0.0,nan,0,0.008229472194167631,-0.009626223053660074,-0.004127495304609319
3.434188459,0.0006330868494019187,-0.003991705389467,1.500548883164037,0.04189429468651119,-0.04118570017126277,0.050774396209379576,-8.2131762647997e-05,0.00026545465621252755,-0.0017124189863093546,0.0,0.0,1.5,0.00407869876344758,10762.677858516266,10738.253899489444,10756.519413114076,10760.736022471061,0.0,0.0,0.0,0.0,0.0,0.0,nan,0,0.003158684657395635,0.0012509441916577803,0.013825755732937317
3.4489316810000004,-0.015650859222867596,0.004700682509959822,1.4690313770116166,0.05720992744255738,-0.03354832044932582,0.032363722149111464,-0.0031917462796173897,0.009162131610295133,0.006091852807871094,0.0,0.0,1.5,0.03501573104006387,10744.417219000294,10719.969295108938,10756.15677162008,10765.899522051177,0.0,0.0,0.0,0.0,0.0,0.0,nan,0,-0.013325494966179,0.009810474100176996,-0.017845528789141474
3.4635978940000003,-0.005557836645697407,-0.0106474867875728,1.4833506022537073,0.02261592063290864,0.016716247114221802,0.044648297256415614,0.002064550673932106,0.001131562116306283,-0.0021298826415051286,0.0,0.0,1.5,0.020529514567715696,10721.821003477335,10695.97198544298,10745.209636818567,10761.645263951865,0.0,0.0,0.0,0.0,0.0,0.0,nan,0,-0.00343780391458948,-0.005669963892588971,-0.0036478186444435234
3.4782538790000004,-0.011949134932889488,0.0025150917410470715,1.495979783707955,0.04248132764631378,-0.0009382113623813557,-0.030332221773347556,-0.0008366589582857772,0.001377099555268727,-0.003995714208386674,0.0,0.0,1.5,0.012855724450419265,10757.938311362619,10730.73307268831,10768.148089387116,10795.928310174415,0.0,0.0,0.0,0.0,0.0,0.0,nan,0,-0.010038880481121684,0.007361195304417527,0.008886174557543924
3.493386795,0.002554590441626038,-0.01889465314007161,1.512154654997917,0.023739569893248783,0.017714088859761997,-0.002795899520345832,0.0010208185005796877,-0.0001519208011625924,-0.0013398067378728948,0.0,0.0,1.5,0.022611269042812573,10759.194040732207,10743.02183071699,10768.916590466168,10784.295695786728,0.0,0.0,0.0,0.0,0.0,0.0,nan,0,0.004251345794343198,-0.01417896571735732,0.024988174881410252
3.5079007950000003,0.0022766551526787523,-0.004587865161669888,1.4654653684434358,0.012375362649830936,0.02303724128993835,-0.004178952132008064,0.0010713189692558175,0.0002571013126225612,-0.002220415508097225,0.0,0.0,1.5,0.03491235371861262,10799.45373959711,10787.552025442605,10805.595503335166,10816.665882845306,0.0,0.0,0.0,0.0,0.0,0.0,nan,0,0.0037569606887493806,-1.5119633218528897e-06,-0.0217634631446888
3.5229352790000004,-0.004529663510647313,-0.006640099155140726,1.4669936886378347,0.0021205308618885677,0.0068276517967583005,0.011549393480851001,-0.0005100452727830344,0.0032898549409329484,-0.002627265697071213,0.0,0.0,1.5,0.03397094873632454,10816.71262154597,10813.385559847455,10822.53551304294,10824.217468437026,0.0,0.0,0.0,0.0,0.0,0.0,nan,0,-0.003267936978152069,-0.0021819780100279474,-0.02028937163349931
3.537546356,-0.012989495113377571,-0.0036226177284493107,1.4851044916468539,0.020324469831302348,0.041152268557261715,-0.0224707745726133,-0.0005477116118517069,0.0012537744273104546,0.004979347130198783,0.0,0.0,1.5,0.020092946812391186,10844.991286496908,10853.58119666392,10858.306518309477,10848.77896210469,0.0,0.0,0.0,0.0,0.0,0.0,nan,0,-0.01194764050699801,0.0007083601040489686,-0.0022363561569413992
3.5525882060000002,0.0024629182734905697,-0.0031214873548471842,1.4854963956784666,0.021506884349355992,-0.00917450240545103,0.004151858234481355,0.0044556339627707395,-0.001851060260402268,0.004262017238511517,0.0,0.0,1.5,0.015038756200030885,10869.480077214073,10885.969514903962,10878.49847326013,10864.762997419639,0.0,0.0,0.0,0.0,0.0,0.0,nan,0,0.0032844453925176993,0.0010834018450658288,-0.0019176716116091619
3.567065104,0.008081892424626208,-0.0097645724016221,1.478828666866961,0.025251863129413403,0.04936092193630834,0.01785217684667431,0.0004352111146086468,-0.0018083975514065279,0.003876684781355105,0.0,0.0,1.5,0.02467568045626837,10857.782996521675,10877.805158663983,10876.87813861574,10867.703938052136,0.0,0.0,0.0,0.0,0.0,0.0,nan,0,0.00868345024838519,-0.005684761077415933,-0.008679120593968026
3.5819688230000004,0.0019925666786933397,0.010122173969589995,1.5036194655330475,0.02171826143193242,-0.03125237342168179,0.051013876224246815,0.000824182407621421,-0.0022073252422209495,0.000628623046485327,0.0,0.0,1.5,0.010932943729142806,10849.750689814078,10870.510599550977,10866.062983951053,10863.752906175057,0.0,0.0,0.0,0.0,0.0,0.0,nan,0,0.0023752868328039372,0.014077866113170832,0.01599927463330153
3.597109994,-0.007780047493330075,-0.010545916503289702,1.4767287115508692,0.0354458902476085,0.008341481467591106,-0.007934273002860176,0.0005690342623390506,-0.00022125179515617596,0.008454672784957165,0.0,0.0,1.5,0.02670764609574345,10775.871018458294,10791.358187953152,10799.987595722572,10797.63385046841,0.0,0.0,0.0,0.0,0.0,0.0,nan,0,-0.007614310340102657,-0.006713465594901958,-0.011009291968237411
3.6115733650000004,-0.012708652541431852,-0.007132713562934418,1.488220457362615,0.05849659862508643,0.039003077868673686,-0.05163380300361086,0.0029671512546980334,-0.001033234596859946,0.000275089854641693,0.0,0.0,1.5,0.01873881204707711,10769.140926100406,10782.558240512135,10791.658821277872,10793.26032949982,0.0,0.0,0.0,0.0,0.0,0.0,nan,0,-0.012757368125976772,-0.003422738122642468,0.00038129466013225866
3.6263771050000004,-0.02140881090315324,-0.01554974766869082,1.476146723439068,0.007397947112523074,0.03024865561485625,0.01015200103373528,-0.001851773038156734,-0.002786162314100235,-0.004061705964019392,0.0,0.0,1.5,0.035624579148942084,10854.728311470022,10858.231437971153,10850.117087843648,10861.389322581583,0.0,0.0,0.0,0.0,0.0,0.0,nan,0,-0.021668763140548664,-0.011961626178856974,-0.011787919341533781
3.641410195,0.009957189696898797,0.0023033411708567515,1.4700938176874467,0.042732016568191235,0.014966989109489626,-0.0029287533181248404,-0.0005006430599421987,-0.00342177145603884,-0.005209598333847027,0.0,0.0,1.5,0.03160428369257979,10895.767009052537,10900.105367820579,10880.881951417645,10883.961178002884,0.0,0.0,0.0,0.0,0.0,0.0,nan,0,0.009489924802542665,0.005770059040144497,-0.017957236086668438
3.6559275760000003,0.011663101082976588,-0.01464519400767468,1.500154751100516,0.029646237964527027,-0.02936107981900995,0.03333032829293134,-0.00022842167011341287,0.0011070848023427187,-0.0002189944115274116,0.0,0.0,1.5,0.018722542089611414,10919.066717162345,10909.981031876701,10891.565419406112,10897.176679932043,0.0,0.0,0.0,0.0,0.0,0.0,nan,0,0.010993147980453673,-0.011299591228017557,0.011956504161396264
3.670857443,0.007792680664763906,-0.0009714492958911259,1.4880283583752711,0.02400145368023754,-0.009938565665156985,0.0036637090469958246,-0.0019160104495143033,-0.0035190369811746573,0.00596064278150943,0.0,0.0,1.5,0.014317464470653076,10867.707972945012,10851.20709466591,10853.574036438118,10865.334366892495,0.0,0.0,0.0,0.0,0.0,0.0,nan,0,0.006925357423335712,0.0022532086239966716,-0.0003473648920568895
3.685604155,-0.012462866519546534,-0.0002948127925426723,1.492400081329521,-0.006965826707376863,0.02975818663719892,0.03807738220437823,0.0012445112664892816,-0.004906218809108551,-0.00017580661505019066,0.0,0.0,1.5,0.014600298636143543,10844.811247619342,10837.006180599152,10839.897881810568,10852.975463795325,0.0,0.0,0.0,0.0,0.0,0.0,nan,0,-0.013521570512307606,0.002808990436553178,0.003835051300449255
3.700778504,0.003640789486292902,-0.007323235774495354,1.5084441719569088,0.021096810878214647,0.032817996306705476,0.021684955874663448,0.0007297923281076277,-0.0018826070967636879,0.001864557772220126,0.0,0.0,1.5,0.011755388991020034,10826.919087816266,10838.171728919926,10830.832444080432,10829.0799492556,0.0,0.0,0.0,0.0,0.0,0.0,nan,0,0.0023974333941306405,-0.004340280843358077,0.019680919728127133
3.715319424,0.0013666992698128375,-0.005413304590124483,1.4683283880543627,0.03911910527581955,0.000921650523332068,-0.0016263233839765702,0.000319896043557934,-0.0036858721621148495,0.0022364343433002075,0.0,0.0,1.5,0.03215995548371614,10794.302943282231,10814.423379042815,10793.50995543239,10782.453254243817,0.0,0.0,0.0,0.0,0.0,0.0,nan,0,-5.3851873110401195e-05,-0.002551283049688154,-0.020632354674366082
3.730157986,-0.007298928750213115,-0.00528860887708023,1.4918981812423668,0.023794071516015713,-0.03470191948452649,-0.0044239300080282555,0.0025939043157238036,-0.007906919709441908,-0.0031532497932304383,0.0,0.0,1.5,0.01211953843745528,10803.816889224905,10819.93934447089,10796.560038393449,10790.728863151231,0.0,0.0,0.0,0.0,0.0,0.0,nan,0,-0.0088885301230474,-0.002547676498938695,0.0027520401884570944
3.744883814,-0.003509376455841386,-0.004420862190164106,1.4932538959304242,0.030753411465186068,0.027417603929975897,0.020996017231138607,6.96423605084567e-05,-0.006531639054483866,0.0008768944952842212,0.0,0.0,1.5,0.008796002826897176,10820.572088092094,10838.948540856474,10841.97644635149,10827.843768379134,0.0,0.0,0.0,0.0,0.0,0.0,nan,0,-0.005259158573802486,-0.0018012009602484448,0.003924666580872094
3.7597865830000003,0.0021906088070242366,-0.006217749402751082,1.5097373240016287,-0.004280804473342426,0.0065144407771255426,0.003509772599526248,-0.00012968079267888715,-0.0052010916802495005,0.0008361661107617812,0.0,0.0,1.5,0.011759024334251494,10815.468317816527,10836.897172552772,10848.355720341437,10827.785066623308,0.0,0.0,0.0,0.0,0.0,0.0,nan,0,0.0002902009937487957,-0.003719539676268117,0.020219471974417758
3.7743538030000003,-0.011497216267954347,-0.006528195126197954,1.4864644251254584,0.005870964866735472,0.010353242828163052,0.002567310289537431,-0.0017104644519583445,-0.003467722262256256,0.002595909204785533,0.0,0.0,1.5,0.01892128697267051,10797.418101986636,10824.640763571291,10827.949197175827,10800.846281968214,0.0,0.0,0.0,0.0,0.0,0.0,nan,0,-0.013538107414191605,-0.0041516364617697225,-0.0032438893472919172
3.7894237220000004,-0.004447979919463703,0.011166776225117176,1.4786835732716077,0.025389783849238873,0.036906109324841306,-0.02486770681370846,-0.0010973650102337478,-0.006635194172725616,0.0014480835308911283,0.0,0.0,1.5,0.024471850463189573,10795.66680856379,10829.516511429658,10827.717513035821,10794.732659012923,0.0,0.0,0.0,0.0,0.0,0.0,nan,0,-0.006618702774600757,0.013421443477271252,-0.011210444323297875
3.8040796300000004,0.014788698471002143,0.008424097510642168,1.5091183489996094,0.04064611825138556,-0.008473457883453845,-0.019780864284548335,-0.0008096179426003106,-0.004815240964132966,0.002047441156515296,0.0,0.0,1.5,0.019308425876122227,10851.333230994216,10882.696878093435,10860.801799361247,10832.320817279962,0.0,0.0,0.0,0.0,0.0,0.0,nan,0,0.012499285841324568,0.010556584826536182,0.019037274750802302
3.819037433,-0.005877992738014447,-0.01738060319358969,1.507331644508532,-0.0027754858216334196,0.012685970330075586,0.034128365292806606,-0.005510067408084612,-0.007787620380730905,-9.599119831909423e-05,0.0,0.0,1.5,0.019758268578007013,10880.772392082936,10900.426104638284,10871.23265604036,10855.50902217345,0.0,0.0,0.0,0.0,0.0,0.0,nan,0,-0.00827448919448586,-0.015370613951627752,0.017044386780944443
3.8336413470000004,-0.008189527523628537,0.0004973287781545948,1.4926686538954008,-0.019227036438349828,0.03363238385666028,0.05066974645215871,0.001725916374817668,-0.0063561672181292675,-0.0013188993953300052,0.0,0.0,1.5,0.011002923824114736,10824.132104425755,10847.829321906338,10826.090986429803,10805.391167620814,0.0,0.0,0.0,0.0,0.0,0.0,nan,0,-0.010681211328294119,0.0023845392743065937,0.0021579751048728113
3.8484708490000004,0.00025597672135822857,-0.016302148888024004,1.491776775070791,-0.0222183421037509,0.044117135889466745,0.014652218923983554,-0.004613143826091167,-0.004549038844555236,-0.003269520212399377,0.0,0.0,1.5,0.018260531500631144,10773.752013325704,10810.012465564338,10790.350308693029,10753.340068695898,0.0,0.0,0.0,0.0,0.0,0.0,nan,0,-0.0023188667573082102,-0.01453789179950266,0.001047189449138175
3.863204901,0.0017190375857809516,-0.0010954298801557705,1.4947376731218494,-0.016931049530121287,0.020992540010701888,0.08289266166141646,0.0007768428144256515,-0.011043189160364605,-0.000693996431708124,0.0,0.0,1.5,0.005643327122910068,10790.573207835292,10829.691925107732,10799.320143982874,10754.920956039086,0.0,0.0,0.0,0.0,0.0,0.0,nan,0,-0.0009268129196376008,0.0005458567636677653,0.0038027811632066477
3.8779276350000003,0.0004193054858273545,-0.015239072490066848,1.50382462628241,0.010357636036819494,-0.00807046327930068,0.005427716544725204,-5.235285305709877e-05,-0.0022541175391459596,-0.0011559210230914837,0.0,0.0,1.5,0.015717280733258482,10768.145673258301,10812.710704454945,10780.79075845449,10730.123738119799,0.0,0.0,0.0,0.0,0.0,0.0,nan,0,-0.002285314564836214,-0.013720549154303882,0.012695909034653896
3.892821592,0.006857720007281336,0.019023373064277555,1.5063940650266476,0.001249839883529158,0.02206252198475833,0.042925782241514936,0.0023222842523681203,-0.005491349135818871,-0.0026238779182590354,0.0,0.0,1.5,0.021208515129681898,10747.833629288602,10787.239798209377,10770.372435835294,10725.601499110748,0.0,0.0,0.0,0.0,0.0,0.0,nan,0,0.00410645987503936,0.02041965243955546,0.015094749987934808
3.9077446320000004,-0.00019165303617321673,-0.014436474146775662,1.4845519928074882,0.01611115413829618,0.020933879937775537,-0.02882034451614072,0.0032266383002127635,-0.00760000694738586,-0.004490392566627234,0.0,0.0,1.5,0.021144489657986393,10749.811738600456,10767.978694067288,10773.274180527309,10748.868456108006,0.0,0.0,0.0,0.0,0.0,0.0,nan,0,-0.0029775787525387017,-0.013161536586399111,-0.0068954574662880574
3.9224292230000004,0.0015455991536945943,0.018557661130771626,1.4940619614436041,-0.007185615762995725,0.007142136790454365,-0.008672173926394564,0.0010172833934142453,-0.005779843357307195,-0.0020876175075390966,0.0,0.0,1.5,0.01954574033608595,10824.365793635498,10828.649624660444,10844.507914996006,10829.480904260881,0.0,0.0,0.0,0.0,0.0,0.0,nan,0,-0.0012632042439452568,0.019712557805804585,0.0024789898469339544
3.937129076,-0.002415369070243477,-0.001750426759125344,1.4629187745107677,0.02160633647526894,0.011152330842984658,-0.06650155313521951,0.003863379885670946,-0.004851730344393511,0.0013181883225932608,0.0,0.0,1.5,0.03720101188634314,10858.101568552862,10857.288384110072,10873.740412081754,10862.545296300657,0.0,0.0,0.0,0.0,0.0,0.0,nan,0,-0.00523542886115518,-0.000713876651928455,-0.02880972743260668
3.951990562,0.014578704842580793,-1.8147164247950785e-06,1.5011655574258818,-0.014659400250334029,0.009692210303316616,0.04612598064738894,0.002009316316475707,-0.0004976247049872106,-0.0017299010140708298,0.0,0.0,1.5,0.014625223495499565,10928.966786671344,10924.797100135842,10937.427503548495,10934.05536576196,0.0,0.0,0.0,0.0,0.0,0.0,nan,0,0.011758769629127672,0.0009184458767063672,0.009267971497612049
3.966917344,-0.002630276232428125,0.02705889452406712,1.4823476778383995,-0.0008631981136673087,0.023460015333341626,0.04641786271806589,0.0011724023452242601,-0.003638783320131274,-0.007474506081231052,0.0,0.0,1.5,0.03241460478889721,10936.144281046292,10929.183397128565,10941.544350281067,10943.761776222138,0.0,0.0,0.0,0.0,0.0,0.0,nan,0,-0.005438884260535674,0.027865277778554402,-0.00977116315694948
3.9814863280000004,0.01939381457063038,0.008457892957473458,1.5007542412281416,-0.0033805051633563625,0.041400934036858066,0.032312843670306214,-5.674700376316163e-05,-0.0051989943168479205,0.002586485767480517,0.0,0.0,1.5,0.021171322035014793,10868.765473292166,10860.69088885122,10862.426084248138,10857.858733023488,0.0,0.0,0.0,0.0,0.0,0.0,nan,0,0.016607341228482855,0.00915309473204418,0.00837809651684518
3.9963640080000005,0.00347923608138974,-0.01598441919759252,1.4946701310661419,-0.021991067533316068,0.02824443247280866,-0.011794712462179615,0.0020166519794563974,-0.004773850650805994,0.004083458292981521,0.0,0.0,1.5,0.017205064476674137,10834.47306398136,10825.287807366074,10812.147389411182,10806.680662327479,0.0,0.0,0.0,0.0,0.0,0.0,nan,0,0.0007252815848717412,-0.015397449025254799,0.0020256194726828713
4.011228184,0.013200974910687318,-0.0024395448560189602,1.4800588900431004,0.020657593885759187,0.026073636713384432,0.0009497556811592263,-0.002232384715361638,-0.009065216808330877,0.006616285206868947,0.0,0.0,1.5,0.024038822433935566,10826.989161807911,10825.209665132614,10808.712451650968,10804.561941893138,0.0,0.0,0.0,0.0,0.0,0.0,nan,0,0.010489566719905006,-0.001957566846849345,-0.01285217257861282
4.026121088,0.0038681126681645896,0.00989048451705783,1.5010248401609227,-0.014136975777507941,-0.002097389020912434,-0.0009410590802237805,0.002306458209665474,-0.00408569067275135,0.0017095990679992332,0.0,0.0,1.5,0.0106693147367212,10843.623520080306,10854.435062374392,10839.322517598988,10837.844171837502,0.0,0.0,0.0,0.0,0.0,0.0,nan,0,0.001209006645756728,0.010271074420783583,0.00784350167324388
4.040695114,0.013603750044517936,0.00219947964925495,1.4769603836104113,-0.0034818346419790893,0.03661027624411715,-0.04776130986620667,-0.0025062364736660983,-0.003140804994503743,-0.0003846917565829602,0.0,0.0,1.5,0.026846296753567603,10838.407467797855,10848.306187689566,10839.018130165721,10839.98126084709,0.0,0.0,0.0,0.0,0.0,0.0,nan,0,0.011006415191802309,0.0024826862600303445,-0.016500944357854763
4.055513895,0.004227072592755001,-0.005637261675699309,1.4989402648912835,-0.01665324305732279,-0.010853958932354546,0.06255834626343768,0.0007733987200658287,-0.0026187169357532107,0.006462234080922198,0.0,0.0,1.5,0.007125300022130648,10828.13473881894,10839.699664032523,10837.396994082334,10835.927251483377,0.0,0.0,0.0,0.0,0.0,0.0,nan,0,0.0017006455987969688,-0.005447021797923163,0.00519062151407379
4.070488384,0.014842145746416211,0.004529539373222929,1.4794842685678813,0.019089692918183628,0.013172879397265636,-0.05334904538027171,0.0027403060102448294,-0.002774173147979693,-0.0006921859307616941,0.0,0.0,1.5,0.02572355444891435,10816.231270659262,10824.923261030846,10826.32829349364,10829.057047481974,0.0,0.0,0.0,0.0,0.0,0.0,nan,0,0.012395457007897237,0.004631666709151596,-0.014569820864631433
4.085100113,0.009461675310410575,-0.0031958400119211977,1.4714524481380906,-0.0012354961249458356,0.015293216816655013,0.045301088196398,0.0034535066031492565,-0.002230191144360262,-0.008408426855198393,0.0,0.0,1.5,0.030243997923056327,10806.547880895509,10810.209651361109,10820.573364929885,10829.11819872006,0.0,0.0,0.0,0.0,0.0,0.0,nan,0,0.007103128109041984,-0.00317659831287046,-0.0229008810578315
4.099963805000001,-0.01500326013488343,0.005548855644931685,1.4812855632476194,-0.03211087194057161,-0.012415615275779083,0.012567852596533835,0.005627888328370114,-0.007739551791938725,0.002136160408209685,0.0,0.0,1.5,0.024619458901489415,10808.535598015655,10796.838657797449,10816.613968068375,10822.644582720875,0.0,0.0,0.0,0.0,0.0,0.0,nan,0,-0.017265607635245185,0.005490830246369129,-0.0133625011549392
4.114938468,0.0006860505981790097,-0.01203471034600032,1.5186902648812748,0.013309768760624431,0.010935778484718333,0.04581365812707366,-0.0030680491066704656,-0.0024346973191030816,-0.0014947872637259432,0.0,0.0,1.5,0.02224029945543905,10805.771783666036,10802.385978288095,10829.29372441988,10823.691414510386,0.0,0.0,0.0,0.0,0.0,0.0,nan,0,-0.0014723741634358656,-0.012164040160949364,0.023751770229030855
4.1296050520000005,-0.010941229666649045,0.0043836066557486385,1.5076311654601353,-0.0376802834954763,0.03491584996188768,-0.01075397768682146,0.00224454704891539,-0.002543185975222306,0.00683817096334059,0.0,0.0,1.5,0.01404141019309126,10762.004491851472,10761.048585897459,10782.432595850923,10777.028311868853,0.0,0.0,0.0,0.0,0.0,0.0,nan,0,-0.012988331011978698,0.004189224010923228,0.012408248737136418
4.144744446000001,0.02149159295387292,0.024802131989356373,1.5041836688629535,0.019730905104483772,0.005290063152410335,0.04666727680012963,0.0030640867191182577,-0.0036529884848799507,-0.0005228412095172539,0.0,0.0,1.5,0.03308379367707491,10743.423279107827,10747.343304318543,10753.586286740536,10748.072969627274,0.0,0.0,0.0,0.0,0.0,0.0,nan,0,0.019562826753035327,0.024549123496535985,0.008702823910376578
4.159368917,-0.012344220952151649,-0.01217594775021985,1.4912605369316136,0.0025460894849419244,0.0018839668674434534,0.05295613127196666,0.0017202669535240419,-0.0026431867390092397,-0.004265289312824916,0.0,0.0,1.5,0.0194167893652713,10743.431249448371,10739.388560576172,10735.354652659495,10741.461479755213,0.0,0.0,0.0,0.0,0.0,0.0,nan,0,-0.014147972432506714,-0.012480968599394274,-0.0044491071917922564
4.174460092,0.029449253619894127,0.01658710574534234,1.4798396510792833,0.0011543129712698428,0.012361055398736961,0.009317216349588478,0.005640623908508448,-0.0038990734972564095,-0.0018299416817671057,0.0,0.0,1.5,0.03935518116310812,10731.383783710824,10717.970026691715,10717.610839167128,10731.55308716587,0.0,0.0,0.0,0.0,0.0,0.0,nan,0,0.027776848416250523,0.01623685255876939,-0.016063166286905073
4.188834728000001,0.010874438683372423,0.0034140652266965704,1.4812774717989057,0.0012473821613237421,-0.008245397079916648,0.03455994026280201,0.005742940385108437,-0.005944250426062851,-0.00023927393986306408,0.0,0.0,1.5,0.021918994509131515,10771.258436933866,10753.118280939714,10757.135301822218,10772.491220972064,0.0,0.0,0.0,0.0,0.0,0.0,nan,0,0.009339406175825583,0.00302555208880677,-0.014782817992942121
4.203635994,0.012082883444135824,0.003335430877169434,1.4843291981430904,-0.01564863872665768,0.02646744719145919,-0.060799214010585,0.004093835902114033,0.0008097086041640499,0.006891767394669739,0.0,0.0,1.5,0.02006726693646817,10786.014177080155,10768.930531332717,10784.298896975619,10797.061448841718,0.0,0.0,0.0,0.0,0.0,0.0,nan,0,0.010691026391478812,0.0029158716390480423,-0.011868969602330637
4.218544117,-0.017523077740755684,0.002455644782660055,1.5066785546002344,-0.019276989140786988,0.018282185653672383,-0.005654320445135564,-0.0008758840707273763,-0.0023067674722456765,-0.0047364602629275795,0.0,0.0,1.5,0.018912734766698455,10879.306653474236,10872.448719247614,10872.07483485058,10886.261680546851,0.0,0.0,0.0,0.0,0.0,0.0,nan,0,-0.018766130951658366,0.002012495103596371,0.010342398172129341
4.23334757,-0.002559959034997783,0.0032068359483106387,1.5080689407384,0.014406959112826212,-0.004032371991534169,-0.010101207196927711,0.0017226811726210479,-0.0013174488080575778,0.0002309467313312898,0.0,0.0,1.5,0.009052347303327234,10902.320424146168,10905.43761948806,10898.380219671652,10902.371067053058,0.0,0.0,0.0,0.0,0.0,0.0,nan,0,-0.003648695572102196,0.0027478093299127078,0.011565034248506745
4.248023358,0.010512361671546159,-0.001408353491530684,1.4998880589860824,-0.014397623881154908,-0.0002341770821377291,0.008478514678649603,0.0009621301079662348,-0.0033361117013821317,-0.0009562230729881054,0.0,0.0,1.5,0.010606872218571144,10868.228821769893,10869.03610899198,10868.556057206602,10869.221809676987,0.0,0.0,0.0,0.0,0.0,0.0,nan,0,0.009583280949642602,-0.0018753949071624715,0.0031881354186231725
4.2627678300000005,0.0013036630077180394,-0.0011495057336004975,1.48274545716379,-0.04175166907905087,-0.02463133152842922,0.015712953449431657,0.00706960677707012,-0.0006718251173023452,-0.000638500611657069,0.0,0.0,1.5,0.017341861179120354,10844.456924213018,10842.338660619007,10847.910538521277,10850.582013793117,0.0,0.0,0.0,0.0,0.0,0.0,nan,0,0.0005393788689698187,-0.0016165817556861332,-0.014166991947666796
4.277664549000001,-0.015234068454604137,-0.01562232797273024,1.477884245466623,-0.007639152341821979,0.010352153825015788,-0.011201922222014087,0.0034609399876153785,-0.005266765835980129,0.0023457627464794533,0.0,0.0,1.5,0.031068321028785893,10820.778864520267,10834.133971241552,10856.911716933055,10844.585368409746,0.0,0.0,0.0,0.0,0.0,0.0,nan,0,-0.015828599750592694,-0.01608133398877313,-0.019249410032198266
4.292600179,-0.02225991712342176,0.004211507959243946,1.4760718165720952,0.004458420263553844,-0.0019990286629315034,-0.028081169439802423,0.0038188725942571757,-0.004608943243987752,-0.0016298217380134126,0.0,0.0,1.5,0.0329514593271958,10821.298682132432,10848.409116419909,10879.927960262401,10856.722496778139,0.0,0.0,0.0,0.0,0.0,0.0,nan,0,-0.022679914383284296,0.00376879464683482,-0.02129089165809983
4.307415274,-0.0011362126202405746,0.012263694066700094,1.4944248726436649,-0.030171606404802962,0.03197939698526134,0.031019844208355744,0.006762257773460366,-0.0007536643981987523,-0.001973957626834341,0.0,0.0,1.5,0.01351929052574008,10864.282422341816,10894.017186638828,10918.778592713172,10892.25411849245,0.0,0.0,0.0,0.0,0.0,0.0,nan,0,-0.00137709256086907,0.011845580174196688,-0.0031844712657078666
4.322033981000001,-0.007650353113220833,-0.00024446087056856293,1.470860467313904,-0.006612233484663482,-0.004611730542073558,0.005231503800343417,0.007358593625166185,-0.0012434519351384873,0.00741016095856527,0.0,0.0,1.5,0.030128060492475444,10868.905120212889,10898.030861272367,10912.040574507855,10883.321568624728,0.0,0.0,0.0,0.0,0.0,0.0,nan,0,-0.007707793522338146,-0.000629651463787547,-0.02702744714452665
4.336806776,0.009056444368671196,0.008494682815644779,1.474623662989718,0.0025252510729855,-0.009112370158938444,0.06299746296828085,0.004676178135960234,-0.003400669226892253,0.003719990248112297,0.0,0.0,1.5,0.02825132387695581,10873.289911729364,10900.08650376039,10911.667052785226,10898.009690830531,0.0,0.0,0.0,0.0,0.0,0.0,nan,0,0.009186394305377897,0.008150631693675327,-0.02357307002364828
4.351783954,0.005276488098985437,-0.0025723519113535014,1.5078258016753705,-0.00032725199113323145,0.023386023399562854,0.010724019458344138,0.001248152580134534,-0.0008274435452257236,-0.0014918478772566683,0.0,0.0,1.5,0.009782713983185379,10855.578468686856,10875.64513572866,10885.078962998798,10883.820760357592,0.0,0.0,0.0,0.0,0.0,0.0,nan,0,0.005597341912497501,-0.0028671987081497503,0.009290449987507277
4.3664720390000005,0.0026168830077300726,0.01233035802678999,1.4787992043815694,-0.0341766983290187,0.002675964885626218,-0.02532866602589072,0.00033523690460624537,-0.006034907266086837,5.8779577234902015e-05,0.0,0.0,1.5,0.024664945582738185,10826.349580445652,10830.857451394048,10829.064198157339,10836.82912226764,0.0,0.0,0.0,0.0,0.0,0.0,nan,0,0.003131650320555255,0.012092529320566696,-0.020090060197887505
4.3813800370000004,-0.011271725857113966,-0.0003623981178432558,1.4757106576912133,-0.0003356568476676335,-0.04951557824097314,-0.020923232860780353,0.002571733671513497,-0.00043718593184654875,0.0023707802782226323,0.0,0.0,1.5,0.026779755151740303,10837.311251610421,10840.100102594415,10828.784991053944,10831.84004342587,0.0,0.0,0.0,0.0,0.0,0.0,nan,0,-0.01056054975851935,-0.0005356791463138473,-0.023534078791980884
4.3958874,0.011192365936167086,-0.009314071206728483,1.5010740830206393,0.014135412802855258,0.01663699636101449,0.0021607790290706927,0.00023694371318745726,0.0006506904467818218,0.0013902178765816333,0.0,0.0,1.5,0.014600501088260893,10872.905493438233,10878.419385921401,10886.166325062251,10886.247078578624,0.0,0.0,0.0,0.0,0.0,0.0,nan,0,0.012101967043517693,-0.009415476805728138,0.0014618972716282652
4.4110766770000005,0.005321933213248174,0.0006735061656742309,1.4956158994849325,-0.026524899723524762,-0.025715918469633524,0.035219745065623434,0.0023174976129783846,-0.0013874565401960786,-0.0008945847291131142,0.0,0.0,1.5,0.006927981019582167,10880.520034394687,10875.331612484908,10891.356623100331,10902.579510082951,0.0,0.0,0.0,0.0,0.0,0.0,nan,0,0.006431494086880238,0.0006511228030365987,-0.004391097507611352
4.425605574,-0.022073498837841217,0.004606615208059607,1.463641172542051,-0.010729893567966503,0.00228872993888237,0.03377124769533525,0.004676337539080163,0.000404065452462891,-0.00018134900740715898,0.0,0.0,1.5,0.04278346162638322,10819.752956641853,10822.636038927627,10843.955905352484,10843.471344904168,0.0,0.0,0.0,0.0,0.0,0.0,nan,0,-0.02076294445255658,0.0046701018315892405,-0.03677918384280443
4.440579995,-0.00992015140640077,0.006939327491167117,1.4810859665413632,0.002680049374431431,0.012328121904162395,-0.01411300104965718,0.001852887398783946,-0.0018953969822947414,0.009484565645996972,0.0,0.0,1.5,0.022456721301873456,10802.271323594823,10810.406702294398,10829.243290670973,10821.734733474028,0.0,0.0,0.0,0.0,0.0,0.0,nan,0,-0.008408064026334167,0.00709514921206243,-0.019748189013166773
4.455125866,0.006661645689285248,0.004171938900298366,1.4891734299460133,0.026504262617615782,-0.03429937337749518,-0.0036204014411875146,0.0043673601729327174,0.0004971589698899089,0.00406195782737216,0.0,0.0,1.5,0.01337898413973485,10843.90829363297,10855.587432798638,10848.752776113164,10849.225941690956,0.0,0.0,0.0,0.0,0.0,0.0,nan,0,0.008300312121407631,0.004413679144497221,-0.012076164321902061
4.4701257210000005,-0.0033353278012361364,-0.00359510753145328,1.5049660404488308,0.08165607322120967,-0.00844128295136061,0.04321318421695464,0.00491227581294975,5.0833700176013935e-05,0.004577367966845712,0.0,0.0,1.5,0.006979309954704258,10869.398085395545,10871.57803389114,10857.311332747058,10874.881450873896,3.0,0.5,0.0,0.0,0.0,0.0,nan,0,-0.002170361666301712,-0.0033617169917756263,0.0032861578866412167
4.48498585,-0.001789783717635239,0.0016843528852447827,1.4869328707894773,0.08789609013609587,0.015761318867548117,0.06826959394236293,0.001992752148046888,-0.00028704175093307357,-0.007126847334688119,0.0,0.0,1.5,0.013296248952333863,10819.770232767787,10775.96461659926,10771.306481071917,10835.18447073089,3.0,0.5,0.0,0.0,0.0,0.0,nan,0,-0.00177382306142454,0.0018022802436782098,-0.015185301554827113
4.499840886,0.01590424282478958,0.0034104652445327882,1.5342000751449651,0.12957319913790186,0.014070525688897457,-0.024712491150505847,0.0008777144316873719,0.0014833134148757368,0.0033854956913838925,0.0,0.0,1.5,0.03787111502101964,10796.117431885374,10719.016935255286,10716.030795852379,10805.16188852969,3.0,0.5,0.0,0.0,0.0,0.0,nan,0,0.01409596684475959,0.0033054444714225905,0.03165803787919241
4.514357032,-0.0029407104413606937,-0.004860253972663397,1.5109778536540495,0.21171512192236044,0.025577653113492898,0.033761819444999466,-0.000715298250663746,0.0015357028153131795,0.003931486303989264,0.0,0.0,1.5,0.012360546809443556,10820.573117148408,10701.089926807426,10684.584626530308,10811.809657308253,3.0,0.5,0.0,0.0,0.0,0.0,nan,0,-0.007248210709674954,-0.005296064184369176,0.008038996801018161
4.529151239,-0.00139350970973047,-0.004132440791098925,1.4984947852893196,0.23912000143567436,0.008388951832036994,0.05239336230027049,0.0009596458852232127,0.0013096678000681934,-0.00041010230719038383,0.0,0.0,1.5,0.004613524415054092,10842.957489641476,10679.986373530615,10650.929679591722,10823.543637345938,3.0,0.5,0.0,0.0,0.0,0.0,nan,0,-0.00887473061777648,-0.005007201655537101,-0.004814024352515878
4.543838321,0.01600878026230628,-0.002720520716364743,1.497404350671147,0.2867885323495665,0.02881367502397644,-0.03836290505014711,-0.0007129961136389437,-0.00016473093621001205,-0.006699780986320524,0.0,0.0,1.5,0.016444442036546943,10847.090460948319,10628.218413572,10606.889005459803,10828.277382978275,3.0,0.5,0.0,0.0,0.0,0.0,nan,0,0.004680198969947131,-0.004142679934753048,-0.006242134677012734
4.559024405000001,0.016245453449712226,-0.009363045787198264,1.5153174918253365,0.31008666407395574,0.03852065677155488,-0.002774574640454763,0.0021310784149084555,-0.002166873160117371,-0.002076086360131926,0.0,0.0,1.5,0.024211710803228835,10890.326383206848,10631.115511877148,10611.384201792487,10865.352617831943,3.0,0.5,0.0,0.0,0.0,0.0,nan,0,0.000397217098308561,-0.011441279889607123,0.011371457517089345
4.573480847,0.029904731354508433,-0.0003598362193403268,1.5280033278786491,0.31738489913276025,0.05309102674369379,0.04703185620068768,0.0011352343382438862,-0.0027186642755373724,0.00018992611621985935,0.0,0.0,1.5,0.04097082879036249,10938.601761236288,10644.486756114225,10617.815666901754,10902.48596311561,3.0,0.5,0.0,0.0,0.0,0.0,nan,0,0.008866502947057497,-0.003202964371307314,0.023780840947722037
4.588623246,0.03061318664925623,0.001009012593539207,1.504573251729403,0.38161228998353214,0.03326380345739155,0.06140829926376703,0.003035614576563647,-0.001708369733573613,-0.00893093558492898,0.0,0.0,1.5,0.030969338620910336,10927.999976700423,10612.267372208886,10575.072703837583,10883.888892838506,3.0,0.5,0.0,0.0,0.0,0.0,nan,0,0.003717297691178536,-0.002707920567828408,9.360003819414153e-05
4.602992789,0.03634268768484916,0.005412074645092055,1.5203755579032414,0.46525738981357795,0.06093243410608031,-0.006475579462510034,0.00041232791774759064,-0.004103127660369567,-0.003169906955182736,0.0,0.0,1.5,0.042014817148130955,10901.075712851889,10552.222531971185,10516.97892043012,10852.743980808462,3.0,0.5,0.0,0.0,0.0,0.0,nan,0,0.0029248753719028284,0.0007123974226846521,0.015674120603904607
4.618001275,0.04813740206660531,0.02064668950268473,1.5197517175571764,0.5030076686592276,0.07564186076322922,0.007780203772971031,0.0021999356865152874,-0.008802986975917528,0.005371147411933351,0.0,0.0,1.5,0.05597879608924043,10915.583812017183,10533.526978388423,10496.339186507415,10860.743206749888,3.0,0.5,0.0,0.0,0.0,0.0,nan,0,0.00753762209370247,0.014855414100882225,0.01487708187690151
4.632742218000001,0.046140049283737515,0.010818406300345841,1.4851785603113388,0.5643775464149857,0.06477832153920719,0.027180525013866988,0.0037253194656573204,-0.0075092654639935955,-0.0019373170463337745,0.0,0.0,1.5,0.049654980991132316,10954.034840260672,10547.311041336345,10480.526853471982,10886.310098522477,3.0,0.5,0.0,0.0,0.0,0.0,nan,0,-0.0022965512584827985,0.0038268972230136892,-0.019824096813450653
4.647629902,0.045689248741275425,0.0017052757137326381,1.4975237857204888,0.5608168423835926,0.06688979783004409,-0.0453649097746222,0.00013246195023814889,-0.011969583426732027,0.004767393352307316,0.0,0.0,1.5,0.04578806670913328,10992.738445974333,10563.07957948853,10488.453863655463,10921.570611370897,3.0,0.5,0.0,0.0,0.0,0.0,nan,0,-0.011232798338469123,-0.006594739832528824,-0.007567970631864762
4.662093159,0.07727115538505985,0.007673204469044232,1.5111195979963976,0.6016123910458393,0.09396670604394969,0.010876489837627103,-0.0009300723671564935,-0.015548617231561118,-0.005763930099964546,0.0,0.0,1.5,0.07844332336768575,11027.714690806808,10601.20304494764,10526.59241368323,10959.034742594728,3.0,0.5,0.0,0.0,0.0,0.0,nan,0,0.011222481423828451,-0.0020430310117407254,0.005963497266398221
4.677150619000001,0.07246209716173263,-0.0039419877860582386,1.5136731599329345,0.6506410279321231,0.10942261903519439,-0.044834088869546124,0.0018954080037302265,-0.024460155928935967,-0.0024666490776278963,0.0,0.0,1.5,0.07384612444355776,11068.640514899565,10659.4495083548,10579.154055904406,10999.814875571474,3.0,0.5,0.0,0.0,0.0,0.0,nan,0,-0.0033455665836170656,-0.015181380618078557,0.00845334943988263
4.691993579,0.0901143811681109,0.006273632308967448,1.4974874477337814,0.7374926346490588,0.11250343232362492,-0.08415709573110591,0.003934671153926418,-0.0280777976697516,0.003646280355333131,0.0,0.0,1.5,0.0903674337056784,11075.611567730379,10670.74833258638,10585.107173300883,10999.35983543594,3.0,0.5,0.0,0.0,0.0,0.0,nan,0,0.003925037037036408,-0.006594925158654586,-0.007797947640184599
4.706784455,0.0983355726535148,0.022531531927513206,1.4989589803176993,0.7536108500623291,0.1166945892738907,-0.022235141096769148,-0.0015442946478947442,-0.02656735323011463,-0.00040374105499321397,0.0,0.0,1.5,0.10088923878231103,11114.468582749238,10714.11340425222,10624.984446775614,11037.639232375112,3.0,0.5,0.0,0.0,0.0,0.0,nan,0,0.0011527769256383102,0.007928954265253366,-0.006400455551638151
4.721638281000001,0.10003633778357604,0.010513783827498353,1.5211283396870086,0.7649866914344253,0.13631775563971452,-0.07393738870011687,0.0009120001856125499,-0.030696181728941604,-0.001813843093793273,0.0,0.0,1.5,0.10278236845612534,11137.75935451314,10732.957093359824,10628.248307886775,11053.893725995295,3.0,0.5,0.0,0.0,0.0,0.0,nan,0,-0.008739304888973384,-0.005926257448164097,0.015669495782934417
4.736534506,0.1181868931879229,0.014866732765025158,1.4975813932821869,0.8223121964425614,0.13433668507720137,-0.011531139822339187,0.0020646515392394745,-0.041762476410104374,-0.002954448024353129,0.0,0.0,1.5,0.11914281817623595,11139.169302319371,10740.985885553659,10625.10799001395,11048.907719202309,3.0,0.5,0.0,0.0,0.0,0.0,nan,0,-0.0027679157219264033,-0.0035126161537641885,-0.008003028871595097
4.751133996,0.12795995899377258,0.023972705113331997,1.5244071342946173,0.8632496750804038,0.08929390156606642,0.04775466952847244,0.006198130799845205,-0.045592818085039344,-0.0006560374695030406,0.0,0.0,1.5,0.13245433137732499,11122.287371426546,10746.733352059664,10634.783265558359,11034.191742900888,3.0,0.5,0.0,0.0,0.0,0.0,nan,0,-0.0057461620165662475,0.003554064161948072,0.018671184235831806
4.766166603,0.15048779490272457,0.006306009825501134,1.504544032616102,0.8858464638997346,0.16132569074667374,-0.049865905406693604,0.009309215985309087,-0.05576815079421692,0.0019397678786680684,0.0,0.0,1.5,0.15068838842797413,11031.268353375603,10694.494836122862,10605.542073826824,10959.022138143355,3.0,0.5,0.0,0.0,0.0,0.0,nan,0,0.0034730105886875695,-0.016249830610202895,-0.0013601440936730214
4.780834995,0.15773722039683785,0.029814349496517685,1.498751171872906,0.9290409342845487,0.16164353891268657,-0.07587794292775234,0.010847283105575768,-0.06047628697239271,-0.0007424317776297694,0.0,0.0,1.5,0.1605349983838793,10985.125238150325,10708.262363409976,10634.855511951364,10933.151116817995,3.0,0.5,0.0,0.0,0.0,0.0,nan,0,-0.00312874755292461,0.00502560738795638,-0.007313812297075506
4.795728443000001,0.17277808249036064,0.02676158088973106,1.5008423368163344,0.9956810522662369,0.1689796764630696,-0.09200905397497565,0.008832146791706,-0.07204472505723612,0.00030957219259948506,0.0,0.0,1.5,0.17484037729333474,10988.649799466983,10774.177480384846,10708.967019219966,10947.28103944912,3.0,0.5,0.0,0.0,0.0,0.0,nan,0,-0.00246434561085096,-0.0003531744372707313,-0.005381559355807086
4.810400464000001,0.204881544468942,0.01928295708622421,1.4974365877488067,0.9879952662671627,0.18487889185560424,-0.0784656769485136,0.010966312393451964,-0.07914977033316663,-0.003297561893518301,0.0,0.0,1.5,0.20580294162216872,10993.208797094532,10849.422569773655,10792.06081355081,10959.597436919252,3.0,0.5,0.0,0.0,0.0,0.0,nan,0,0.014756157832409161,-0.010248067520319662,-0.008960664776798355
4.825300036000001,0.18782766123342712,0.029846046501435807,1.5285673486594045,1.0541672840532061,0.14119961782507523,-0.08739985512161057,0.010284035048497403,-0.08638812799159751,0.004440578823079054,0.0,0.0,1.5,0.19231773247834666,10992.965546917061,10885.717216058061,10831.46705843331,10963.614009076684,3.0,0.5,0.0,0.0,0.0,0.0,nan,0,-0.017667801818945533,-0.002188501074250244,0.021968268353333542
4.8398606420000005,0.22875632849036917,0.034432718714073315,1.526785665693673,1.0565636375751497,0.19396991773091796,-0.109233922846492,0.015200589494638747,-0.09740970531978128,-0.00437281761865686,0.0,0.0,1.5,0.23287881361147775,10934.469028361977,10885.23487260231,10846.660195959606,10923.557525449572,3.0,0.5,0.0,0.0,0.0,0.0,nan,0,0.007422266650474213,-0.00018964055168256555,0.01995788586287217
4.854943802,0.23030560586860407,0.05324756776953092,1.5061114723167404,1.1302611541394154,0.16539752135620767,-0.13458030557650497,0.012554880858280021,-0.10208177037589163,-0.0033979558559508903,0.0,0.0,1.5,0.23645998744344437,10876.938581372373,10881.35481258996,10856.479469885673,10881.176938375285,3.0,0.5,0.0,0.0,0.0,0.0,nan,0,-0.00731779528972154,0.01595601200496881,-0.000959455413000132
4.869558447,0.2566480195946718,0.032364593446694366,1.5112140560308498,1.1114064093595424,0.21612420564418633,-0.1223874959223597,0.01699039741359269,-0.10777254034390517,0.0008023641427915228,0.0,0.0,1.5,0.2589235947601143,10883.125199341832,10930.488373219512,10916.814167454691,10888.487820421085,3.0,0.5,0.0,0.0,0.0,0.0,nan,0,0.002303294831386138,-0.007674482026760222,0.0038876418380806577
4.884551854000001,0.2536426597460628,0.03694285650480593,1.5119436345835753,1.139616636355627,0.17782220978223132,-0.14865523887987422,0.016937126457398644,-0.11539438573931698,0.0032203675992248447,0.0,0.0,1.5,0.25659700679637254,10886.67020444304,10966.851064006842,10958.537194979177,10894.437975245824,3.0,0.5,0.0,0.0,0.0,0.0,nan,0,-0.017835166255945445,-0.005918775023443193,0.004337887304264987
4.899208131,0.2936835463304194,0.05369665256167481,1.507730736791212,1.167271429933424,0.2152350532824214,-0.0762537581318444,0.015563393918352911,-0.1259128840536613,-0.0018714369750649701,0.0,0.0,1.5,0.2986521725567651,10880.783944364473,10981.838960375442,10975.721058379391,10894.63520903832,3.0,0.5,0.0,0.0,0.0,0.0,nan,0,0.004680178829757575,0.007940617650830283,-0.00018217373241924406
4.914024519000001,0.3007233043154555,0.048176851719000977,1.508615239429805,1.174359963309103,0.1748397846573181,-0.17218638053135757,0.01868098002651959,-0.13380445996921136,-0.0023341261284460834,0.0,0.0,1.5,0.3046797288143626,10852.788527816469,10981.91545439374,10978.439466876574,10872.190502297071,3.0,0.5,0.0,0.0,0.0,0.0,nan,0,-0.006179140416457174,-0.0005422835033661796,0.00036546612183308014
4.928865051000001,0.32419958142842503,0.035860674343763235,1.5320707790871049,1.2290901276340538,0.20949428406613435,-0.1067342670977869,0.017994444305248783,-0.14334239666876938,-0.0022719079188421405,0.0,0.0,1.5,0.3277497390296586,10838.564464160054,10979.534927559687,10978.288221964684,10856.890246662253,3.0,0.5,0.0,0.0,0.0,0.0,nan,0,-0.0009587778457844642,-0.015887413571373424,0.023466716430434076
4.943715268,0.36524698301045444,0.059512863994812204,1.509365223136087,1.2418026025961886,0.22215419950831253,-0.2044601515555782,0.023037226934326558,-0.15118215371426205,0.0009577516981325128,0.0,0.0,1.5,0.3701821808022273,10819.14924988006,10979.683398130735,10990.885326672422,10845.270180786782,3.0,0.5,0.0,0.0,0.0,0.0,nan,0,0.021494285333623575,0.004673085409094703,0.0003862293288163787
4.958626757,0.35946945882396913,0.07958745598978123,1.5192166419801292,1.2854030286557285,0.21027432114138772,-0.2206428566061089,0.025513998508162865,-0.15787950852789914,0.0015731646456111912,0.0,0.0,1.5,0.3686756491919626,10815.373571206323,10993.522541443905,11004.287773565331,10841.988284438428,3.0,0.5,0.0,0.0,0.0,0.0,nan,0,-0.003200625024251613,0.0215959263119707,0.009856281774770936
4.973462997,0.38694405982835806,0.07147446230901316,1.5077946897776697,1.2507282820813739,0.22823560734443407,-0.18570082034546684,0.031172208249551362,-0.1675966620998029,-0.004299684675402862,0.0,0.0,1.5,0.39356709896476944,10833.625784385262,11024.08626016043,11035.382524912995,10861.48091898312,3.0,0.5,0.0,0.0,0.0,0.0,nan,0,0.005051752764893724,0.010274228686205394,-0.0019608298507574062
4.988030493,0.39473844501657107,0.07034530770463296,1.536501821583668,1.2833047042032997,0.2535937672970728,-0.18060418859550043,0.031164187470330923,-0.17384865000745278,-0.011099539188901983,0.0,0.0,1.5,0.4026155551752639,10830.595055078156,11034.409528164715,11048.741590999934,10863.596719986528,3.0,0.5,0.0,0.0,0.0,0.0,nan,0,-0.006663487193706241,0.0058824252770574015,0.02633209206873688
5.002762108000001,0.4054293111589461,0.04619419302000102,1.5238752568049398,1.3251263925659993,0.21148061190049733,-0.2181749485401593,0.02646295311986861,-0.17965763713166227,-0.006459490615688305,0.0,0.0,1.5,0.40875036110453583,10815.287153894504,11024.675080503255,11045.808067768325,10848.2371298504,3.0,0.5,0.0,0.0,0.0,0.0,nan,0,-0.01575478916693368,-0.021582649097226306,0.013279160251366218
5.017880294,0.4452290274994198,0.08115443616076051,1.509788571322353,1.334473390783999,0.21277856626028208,-0.2280641302944013,0.024813735625072605,-0.18381802247528514,-0.0025900278109784554,0.0,0.0,1.5,0.45267068114158093,10772.736416625172,10973.970441573798,11003.975179544594,10803.889917369193,3.0,0.5,0.0,0.0,0.0,0.0,nan,0,0.00400257285737704,0.010014584486948905,-0.0012289796093714056
5.032577246000001,0.44986702470152395,0.07633094327581702,1.4855475910327982,1.3457637881472893,0.23815176293390558,-0.29515435871296786,0.029352412794406608,-0.1909396841665574,-0.005528354954367852,0.0,0.0,1.5,0.456525601626166,10777.463416409895,10979.039333515724,11012.592745683522,10812.605488297844,3.0,0.5,0.0,0.0,0.0,0.0,nan,0,-0.011648443495757554,0.001781475609695729,-0.025879764598608634
5.047107113,0.47367019339931704,0.07993998692978671,1.5016752305863166,1.3268791143849952,0.296229275248185,-0.26015565183595996,0.0339174972803005,-0.19798633211530373,-0.01563118080822302,0.0,0.0,1.5,0.48037137718935563,10848.079702183411,11063.108909525705,11091.571513887624,10882.086858179387,3.0,0.5,0.0,0.0,0.0,0.0,nan,0,-0.008365221965052072,0.0019370708431329792,-0.010158133300657068
5.062118148000001,0.5117539446700866,0.08181237336635869,1.5244706162439958,1.3498676481201795,0.2509027038351425,-0.20903925256500544,0.032746294206353915,-0.20358974861354248,-0.010932324675252559,0.0,0.0,1.5,0.5188296207625307,10893.782592021904,11114.540769410178,11139.064520287144,10920.097861331278,3.0,0.5,0.0,0.0,0.0,0.0,nan,0,0.00898708153046901,0.0003155195470953137,0.012206208444568212
5.076798904,0.544089626780807,0.06862138022347497,1.509972872985154,1.3662060929909206,0.25539801653839783,-0.27537903920113893,0.033613779929534314,-0.20729173498776662,-0.010321187782399169,0.0,0.0,1.5,0.5484905413859299,10863.130091059395,11071.135755167265,11094.951702996608,10881.634844600712,3.0,0.5,0.0,0.0,0.0,0.0,nan,0,0.020393027739322167,-0.016407510625934235,-0.002747856067021104
5.091843289000001,0.5397456825263365,0.08618127438822507,1.4956193791226118,1.4263914908532627,0.2675398830036139,-0.3004724283123511,0.03668122604195884,-0.21672915342855742,-0.012244783266269375,0.0,0.0,1.5,0.5466002229237295,10806.361668690986,10991.142603678605,11018.319350820271,10822.821590934856,3.0,0.5,0.0,0.0,0.0,0.0,nan,0,-0.0050731140726835156,-0.0024164915381089808,-0.017551077235888224
5.106509002,0.5673803441834421,0.07969459674538756,1.5382452569169052,1.3888560868375148,0.1939429232142281,-0.2714498110615582,0.03635292199662684,-0.2159536499045332,-0.004504060648092849,0.0,0.0,1.5,0.5742250285321698,10837.563285397622,11024.039324868956,11054.97246204233,10856.949083498292,3.0,0.5,0.0,0.0,0.0,0.0,nan,0,0.001257573538944179,-0.012506840302233008,0.024637118535147717
5.121431276,0.5982761165607162,0.10203994168677603,1.5139848922983552,1.3841226567321419,0.2361293603456211,-0.32415014844720785,0.03744917813252052,-0.22035918258287013,-0.011494406220398556,0.0,0.0,1.5,0.6070766331848138,10834.754845722064,11015.455660629004,11053.187478112473,10862.889938708213,3.0,0.5,0.0,0.0,0.0,0.0,nan,0,0.010680938376719906,0.006202514099780343,-5.823781728198085e-05
5.135955355,0.5850232383744282,0.11318456913352405,1.4938699154888455,1.4158670256606498,0.25965129836918727,-0.32326727024654545,0.03846688595014078,-0.22915906129055166,-0.0028179513954624015,0.0,0.0,1.5,0.5959031079497391,10845.815259124698,11017.306633979926,11060.554664812735,10880.283047762214,3.0,0.5,0.0,0.0,0.0,0.0,nan,0,-0.02420352534888992,0.013680669645834143,-0.020598898992566284
5.1509998790000004,0.631657221776912,0.11407154457302941,1.4970877245067686,1.4448989892479294,0.21482609511018882,-0.28565435501087433,0.03897847096330732,-0.23276234388243303,-0.012427758086043059,0.0,0.0,1.5,0.6418813320643871,10874.395848209637,11048.59164042145,11087.02149359281,10908.246807083662,3.0,0.5,0.0,0.0,0.0,0.0,nan,0,0.0006514217808804013,0.010872903072512652,-0.01780396481113411
5.166073124,0.6513733704125343,0.12170234746506685,1.4640178680646438,1.4252158837634572,0.25748775489494324,-0.3735641273822571,0.039808543631569035,-0.2372409008719609,-0.00515300703517121,0.0,0.0,1.5,0.6636214605328145,10864.609678400044,11032.149911661016,11070.611422538563,10898.565720058556,3.0,0.5,0.0,0.0,0.0,0.0,nan,0,-0.0015479462904272046,0.014782755614726736,-0.05129917439774023
5.180673312000001,0.6773483572129353,0.10477174638638609,1.525445573398091,1.4544105949577375,0.25815230327736716,-0.35225893477685255,0.04166953825644754,-0.23812065835725488,-0.0081398598840491,0.0,0.0,1.5,0.6858756396501285,10888.739358528259,11056.387627095728,11095.141878952825,10923.795805284011,3.0,0.5,0.0,0.0,0.0,0.0,nan,0,0.0023823367876387724,-0.005893554268781631,0.009708811101173387
5.195180002000001,0.6979645780766974,0.11600517539783839,1.5056541898882436,1.4680719729253335,0.2557928194435615,-0.366280386563118,0.036532082540570124,-0.2433854704976162,-0.004450272539801783,0.0,0.0,1.5,0.7075618155554735,10904.063608028082,11067.405004426611,11101.798439759716,10939.826255048796,3.0,0.5,0.0,0.0,0.0,0.0,nan,0,0.000836820119366366,0.0015716103803751075,-0.01051069341004629
5.2103623830000005,0.7233492557225933,0.11159246232598513,1.5118372878167152,1.4512532135066896,0.2212019418465423,-0.3539770342296697,0.04155751786298461,-0.2436711679448642,-0.012563523996748443,0.0,0.0,1.5,0.7320021480742129,10900.018191237485,11055.126571140616,11084.367705625333,10933.201715708992,3.0,0.5,0.0,0.0,0.0,0.0,nan,0,0.003949795997120531,-0.006630564021849417,-0.004759308449442612
5.224873576,0.7536890929508522,0.11381953519938201,1.5153166930876063,1.4433339763411581,0.2530774686972777,-0.38125334950799117,0.03987629348949361,-0.24686852795087375,-0.007869472986241634,0.0,0.0,1.5,0.7623888355119202,10907.52590446767,11048.74185687572,11080.855977869347,10937.530456055681,3.0,0.5,0.0,0.0,0.0,0.0,nan,0,0.011915040631014673,-0.00821281491944556,-0.0017123582769027479
5.239642832,0.7685773992562708,0.1211547794131213,1.5275415436403754,1.4796417703971705,0.2654276793064995,-0.3910957548421606,0.04116047820737066,-0.2526573646820719,-0.012907243768507356,0.0,0.0,1.5,0.7785552233774236,10916.111629000798,11046.110036306189,11079.197807338207,10944.275300305897,3.0,0.5,0.0,0.0,0.0,0.0,nan,0,0.004332573405639084,-0.004705501282077695,0.010081731897029433
5.254180839,0.7977295694500025,0.1413073128402981,1.52698791516759,1.46703041173839,0.24048877536456045,-0.4003326596310781,0.04295537054812516,-0.25385909498724213,-0.009087457740724794,0.0,0.0,1.5,0.8105976623468176,10914.044633297148,11037.762708224585,11066.90879321943,10935.878566803654,3.0,0.5,0.0,0.0,0.0,0.0,nan,0,0.010924099509162177,0.01160166060453885,0.009101362533225021
5.269233508,0.8047626006347494,0.13035877536273122,1.5456097802769424,1.4689701468741418,0.23050156064650393,-0.3603438276291199,0.042814470227517804,-0.25970791072000177,-0.010762765110403989,0.0,0.0,1.5,0.8165271004390406,10915.550316557066,11030.802702243074,11055.64736847837,10931.37648833109,3.0,0.5,0.0,0.0,0.0,0.0,nan,0,-0.00468808787663455,-0.0032087080131454893,0.027305188056086394
5.283877196000001,0.8278736624422952,0.12100584276306849,1.5058648168608009,1.4534558730593834,0.25835223867741086,-0.4214275681746542,0.04594535432282645,-0.2595550875665402,-0.008385589685981121,0.0,0.0,1.5,0.8366908694525299,10897.124725670741,11005.08959597658,11028.468875196078,10913.085133709472,3.0,0.5,0.0,0.0,0.0,0.0,nan,0,-0.004302125396153045,-0.016439055348971818,-0.01284365866310555
5.298952900000001,0.8461295844881442,0.14224553892698485,1.542668485091177,1.433644878047789,0.24569846460892514,-0.3903392400792589,0.04636088630569046,-0.261186306403883,-0.00944214777210578,0.0,0.0,1.5,0.8590632495402675,10876.444048594658,10976.8090188087,10998.942884710303,10894.970219804738,3.0,0.5,0.0,0.0,0.0,0.0,nan,0,-0.00885055259608436,0.0009078528519261553,0.02358962110374252
5.3134363040000006,0.8786177303390401,0.16169560308073472,1.5149626845554394,1.4779151516903926,0.23609255058083103,-0.3740717509570784,0.044921836460215615,-0.2665583265291585,-0.00967921352668807,0.0,0.0,1.5,0.8934978825105712,10872.82247884159,10968.847995447682,10990.31875620311,10893.559388692996,3.0,0.5,0.0,0.0,0.0,0.0,nan,0,0.0007592087349423959,0.01645070510849292,-0.004452288153734996
5.328438231000001,0.8776620138731397,0.14356612999955579,1.519551170476836,1.5053601165336392,0.3151521130767312,-0.39794462678183856,0.04805804577181397,-0.2668505576894365,-0.02305046253958559,0.0,0.0,1.5,0.8895415069269781,10869.220527610576,10960.930098002498,10981.741345739976,10892.156200239873,3.0,0.5,0.0,0.0,0.0,0.0,nan,0,-0.023144448056452882,-0.005599587020574948,-0.0001632435453207126
5.343248480000001,0.9200802139658457,0.1593779201607942,1.5003210711896307,1.5027029254402655,0.2597414070911683,-0.407994900131525,0.0455762854693108,-0.26605522444346624,-0.013792598065469786,0.0,0.0,1.5,0.9337821076958617,10881.04275899245,10962.62963713045,10982.702652873408,10887.531913916195,3.0,0.5,0.0,0.0,0.0,0.0,nan,0,-0.003739389156835138,0.006278556077949193,-0.01965430743853247
5.358022658,0.9469084116850067,0.15594172874495515,1.5412977783955657,1.4657070345129875,0.2533073468234128,-0.46916222996782486,0.04094564496541644,-0.268705922999837,-0.005521579977859579,0.0,0.0,1.5,0.9605513361524186,10904.592926814474,10979.11286472533,10998.829184595032,10901.45325019321,3.0,0.5,0.0,0.0,0.0,0.0,nan,0,1.5248281668656105e-05,-0.0011032723902931751,0.021099179023961856
5.372977318,0.9783428577470424,0.16551985422842844,1.5238423262235552,1.5003197833046753,0.23374356426694037,-0.4036501526235459,0.04741862614039567,-0.27415836761953694,-0.014282689505249671,0.0,0.0,1.5,0.9925321284312163,10942.980960509321,11025.070484625676,11034.97063587456,10945.684513682027,3.0,0.5,0.0,0.0,0.0,0.0,nan,0,0.008322861370580803,0.004518458477257348,0.0034480734777460054
5.387964966,0.9942529852498672,0.14619316059713286,1.5034249446246808,1.4996418955475208,0.26931803798537785,-0.39651148351322946,0.04701360847545064,-0.2742892569058725,-0.010848504293336902,0.0,0.0,1.5,1.0049493365982853,10949.193741873212,11032.364259948152,11039.47114366335,10955.978182181781,3.0,0.5,0.0,0.0,0.0,0.0,nan,0,0.0010605760481842141,-0.018774047371871744,-0.017150327429695134
5.4024281720000005,1.019899145088391,0.1513127936270136,1.5430844155603483,1.4898327816417378,0.2665052425933446,-0.4678054462717151,0.042901189972769094,-0.2747706981783762,-0.010536999110465415,0.0,0.0,1.5,1.0319622544121556,10935.497400858956,11011.3030605898,11022.84850083665,10944.360755603311,3.0,0.5,0.0,0.0,0.0,0.0,nan,0,0.0034914796276352966,-0.01762909271031801,0.02234671936093191
5.417189905000001,1.032544483593296,0.17006361004819787,1.5193467742494184,1.5109956728122098,0.25817437038730545,-0.44436695880960436,0.052658787801374805,-0.2769336398013797,-0.016291144891320598,0.0,0.0,1.5,1.046634625710152,10939.062058862139,11012.22536352747,11022.27806832824,10948.936474088096,3.0,0.5,0.0,0.0,0.0,0.0,nan,0,-0.0071190278035808685,-0.00286133386849588,-0.0015299703326077108
5.4320654,1.0679133604818667,0.1816007358792643,1.5256532653561217,1.5177660352883835,0.25946467061487866,-0.3488137414460232,0.05151084467719998,-0.2777484191822847,-0.015066844371375407,0.0,0.0,1.5,1.0835478128772147,10946.824929747221,11017.942499382834,11030.967679050647,10957.985419183795,3.0,0.5,0.0,0.0,0.0,0.0,nan,0,0.004957301579216367,0.004685116323257632,0.004659015259000698
5.447201420000001,1.0836601300761544,0.20174942604867546,1.4844695073714178,1.5152758348465645,0.24916471813502963,-0.3865114032470088,0.04798591791625328,-0.2774920111666569,-0.011152965706471715,0.0,0.0,1.5,1.1023898151874065,10921.6395459326,10978.74921726962,11002.543277044872,10934.843412758324,3.0,0.5,0.0,0.0,0.0,0.0,nan,0,-0.002621754922443431,0.020836199561141133,-0.03662166978158199
5.461634259,1.109454763755977,0.18939206343868498,1.5003631400263644,1.4943886228769572,0.2510990085677331,-0.4450709798034753,0.049386218311380334,-0.2796637421695963,-0.013542858457408834,0.0,0.0,1.5,1.1255040463654817,10904.640809630555,10953.522309218786,10975.086652702965,10916.697038820585,3.0,0.5,0.0,0.0,0.0,0.0,nan,0,-0.00018831548173192658,0.004474065940872685,-0.020786852457369775
5.476699656,1.138575462411978,0.17540943616927476,1.5179574240116687,1.4613500878459966,0.24933361492461545,-0.4021375956662395,0.049464679190830786,-0.28182935730910313,-0.011050106801825514,0.0,0.0,1.5,1.1521480039391672,10941.395558709519,10991.347645844608,11008.182909774734,10952.23658832969,3.0,0.5,0.0,0.0,0.0,0.0,nan,0,0.0055388910363782795,-0.013519902616380336,-0.0032143992179665126
5.491335911,1.1538485590541447,0.2127158505335201,1.5089884162259368,1.5146027966386322,0.24895169325665065,-0.4342230115247251,0.045513331577044965,-0.28055857984882965,-0.012203771968234415,0.0,0.0,1.5,1.173326604968018,10942.970776424443,10989.009848349058,11004.552464698772,10953.54428958543,3.0,0.5,0.0,0.0,0.0,0.0,nan,0,-0.0026084117276490293,0.019769558364873735,-0.012177961069140153
5.5059838800000005,1.1759402322465229,0.20185230238922833,1.5176949456919187,1.4957196810560456,0.2672344457748038,-0.5237105711697604,0.04510053417107368,-0.28240103787436277,-0.012190364144095885,0.0,0.0,1.5,1.1932698323928577,10941.841815604157,10984.241896391617,10996.190627697843,10949.983760043904,3.0,0.5,0.0,0.0,0.0,0.0,nan,0,-0.003962873165904934,0.004883694006354439,-0.003434352248249395
5.520905165,1.2107603521694443,0.17755031855469422,1.5134950261167943,1.5232388231138898,0.27860396747718713,-0.4429983105310573,0.05245984126314079,-0.2834934806040412,-0.01253621556132702,0.0,0.0,1.5,1.2237838296587529,11005.698418409738,11056.69599811466,11060.77782066317,11007.90335917598,3.0,0.5,0.0,0.0,0.0,0.0,nan,0,0.0073894042412046,-0.023445261224433384,-0.007571503978224037
5.535589252,1.2292496771245753,0.20008489363953266,1.5062514222674872,1.4918326011218903,0.2810686789666494,-0.46522495523080093,0.04912118345588953,-0.28569356332667734,-0.01901249843131348,0.0,0.0,1.5,1.2454428182995725,11033.193204697456,11086.999500228127,11090.080012642307,11035.907817014795,3.0,0.5,0.0,0.0,0.0,0.0,nan,0,0.002398755793429519,-0.004940688820139677,-0.01475203799952407
5.550390985,1.2366241483752334,0.22332160076960147,1.51356569835254,1.538393537084767,0.2526249501470479,-0.5178107862893547,0.053889355771749,-0.2847594380705756,-0.01446401179175751,0.0,0.0,1.5,1.256700381907661,11026.671731785653,11076.931021567843,11082.749233352173,11028.864724655308,3.0,0.5,0.0,0.0,0.0,0.0,nan,0,-0.013716206805906017,0.014263487235436828,-0.00737662997619859
5.565421536000001,1.2762258045029358,0.21463865676656402,1.5046090820251958,1.4617578913006877,0.2440699029072933,-0.45659402403328886,0.049956279150405895,-0.2880313935368334,-0.013985252552970204,0.0,0.0,1.5,1.2941573709154677,11047.07639050907,11096.505317358433,11106.687108104992,11045.707299494767,3.0,0.5,0.0,0.0,0.0,0.0,nan,0,0.002388660336492654,0.001545910401818451,-0.01627489799286086
5.579913873000001,1.3033300764118732,0.21522837584028728,1.5060666447486042,1.529605619582991,0.2518395695549606,-0.422875508322207,0.05157190031588614,-0.28477523660446336,-0.013953225711412809,0.0,0.0,1.5,1.320995588949915,11052.684847222015,11101.21004621701,11116.391600141369,11056.481399090862,3.0,0.5,0.0,0.0,0.0,0.0,nan,0,0.005992521492903302,-0.0019003913943827222,-0.014768696501259226
5.594990731,1.3064674400628808,0.2178177771923798,1.5156671802483868,1.500983661481643,0.23802919089060692,-0.44470791149491845,0.051722017642094414,-0.29013740545558725,-0.009211721556059002,0.0,0.0,1.5,1.324593226821888,11034.95378509823,11076.555965033052,11092.821604047953,11041.308461059272,3.0,0.5,0.0,0.0,0.0,0.0,nan,0,-0.014372764586236375,-0.00334806513635888,-0.0051287481244046695
5.609679656,1.3599904974381427,0.23121023775840313,1.5296841760120927,1.486951637098355,0.2865837188880691,-0.4743107240253605,0.04662011912652953,-0.2869100363107538,-0.009049460330178996,0.0,0.0,1.5,1.379823712461799,11003.30952643757,11037.118541401886,11052.83281457449,11015.642607403208,3.0,0.5,0.0,0.0,0.0,0.0,nan,0,0.015643098704761327,0.0060059855351122515,0.008930824059090625
5.624728504,1.3621809211949911,0.22958145942150507,1.5099374173827063,1.5094534101060588,0.26945359536677954,-0.4280349322040606,0.05240251645866215,-0.2885795529908697,-0.016247164727716316,0.0,0.0,1.5,1.3814279788834383,10993.731635297834,11026.250956934953,11034.702586090785,11005.457234983456,3.0,0.5,0.0,0.0,0.0,0.0,nan,0,-0.005680322096295987,0.000337199887389783,-0.010758961425478608
5.639455320000001,1.3857596760613682,0.2240258061496547,1.5346150708823905,1.4905469300719365,0.29923754181528517,-0.48701067547656335,0.05482181156682355,-0.28857170843031316,-0.020687650888731545,0.0,0.0,1.5,1.4041779248908963,10984.579972459562,11010.301128310497,11013.181152973839,10988.583504022648,3.0,0.5,0.0,0.0,0.0,0.0,nan,0,-0.005622193499594363,-0.009260015325293997,0.013994258396818005
5.654288496,1.4220095195751001,0.2449712153469663,1.5229732349341285,1.4727489573581058,0.318848356213702,-0.4534311389412217,0.05033280977528458,-0.2888429055164952,-0.016687299307097708,0.0,0.0,1.5,1.4431388497418105,10982.196603872097,11000.041044521951,11005.17678810762,10980.546798619787,3.0,0.5,0.0,0.0,0.0,0.0,nan,0,0.007099139214546302,0.007642151254853513,0.002453727742116829
5.668815595000001,1.4451202852631624,0.24482435647289386,1.468536645092222,1.510026689150628,0.26445483193715763,-0.5018896283792547,0.05101790314255385,-0.29358315109057465,-0.017009176191865975,0.0,0.0,1.5,1.466049640054355,10988.759338943055,11003.865126015737,10998.691480627775,10976.471581082089,3.0,0.5,0.0,0.0,0.0,0.0,nan,0,0.0066740374704039596,0.0034505173137938105,-0.05185440455148793
5.683988635,1.45944145753613,0.254030618125913,1.5365650475938384,1.4568622806527716,0.29544659850141847,-0.5296745539173456,0.05704725985536124,-0.29076643278131553,-0.025495430066933344,0.0,0.0,1.5,1.4818359982218534,11022.75691561019,11044.095165707207,11038.587681177476,11008.938508705665,3.0,0.5,0.0,0.0,0.0,0.0,nan,0,-0.0025466530796418585,0.008610775473986976,0.016328018889645746
5.698946596000001,1.4814055443365266,0.25430506993606483,1.5442669856932096,1.5532147091056787,0.2981513576235257,-0.439604173127375,0.05107887542744668,-0.2894799758967423,-0.019336451570618474,0.0,0.0,1.5,1.503726378503932,11065.446670680034,11090.770474106108,11098.776677790247,11053.165876707888,3.0,0.5,0.0,0.0,0.0,0.0,nan,0,-0.004123332123920687,0.004839289231609978,0.024188582726103247
5.713303876,1.5116905035308823,0.23876433551951354,1.516403289116364,1.4953870088851813,0.2371808920885002,-0.4571442143098228,0.05075365663743287,-0.2864943175323133,-0.015244633778835247,0.0,0.0,1.5,1.5305180999502628,11044.183042860404,11058.89838132173,11071.642146766253,11029.77473572077,3.0,0.5,0.0,0.0,0.0,0.0,nan,0,0.0026261050132183605,-0.014746478519959194,-0.003523255800117253
5.728540979,1.546155393035419,0.2647212458301954,1.5410813436836361,1.4435283346615313,0.26461555760416733,-0.44717372965528984,0.05597883036365757,-0.29511178153337847,-0.019331948010527896,0.0,0.0,1.5,1.5691913567838867,11016.560146398584,11019.28076599279,11033.569506300633,11010.28627492938,3.0,0.5,0.0,0.0,0.0,0.0,nan,0,0.0135560140702502,0.007165688801407055,0.021317733528899208
5.743154419000001,1.561312582643508,0.26358637382541095,1.5038332207358784,1.4637742503690891,0.24810958321491539,-0.47046180438729995,0.05485433534728989,-0.28944530542521985,-0.01251871784133981,0.0,0.0,1.5,1.5834107018612007,11001.850082643345,11000.553585626938,11018.165924861352,11001.86019470081,3.0,0.5,0.0,0.0,0.0,0.0,nan,0,0.00517744944620091,0.001986322876005031,-0.015750087820367575
5.757767372,1.5743247221659342,0.26696568342393795,1.511624128914658,1.4816232820787194,0.2675061314114393,-0.47409001192012645,0.05331902409946321,-0.2905064429855782,-0.01231672875921774,0.0,0.0,1.5,1.596841923085025,11003.274642376744,11004.540345528041,11021.616466315541,11006.297432626052,3.0,0.5,0.0,0.0,0.0,0.0,nan,0,-0.00534799887913473,0.0013213769507919304,-0.0077562018800401145
5.772703041000001,1.6001550484249392,0.2755985502125239,1.5146727509250544,1.5076249612359243,0.27609170023198043,-0.45583987935342524,0.05287370537957357,-0.2920379014864049,-0.017973500581254177,0.0,0.0,1.5,1.6237813983103677,11035.98584630309,11046.195515769603,11059.790577562608,11047.664006281897,3.0,0.5,0.0,0.0,0.0,0.0,nan,0,-0.003053417003559211,0.005910986147582342,-0.004492483537693603
5.787240104,1.6272563015813188,0.2657366104149121,1.5128376268974824,1.5347176077091624,0.25865942484920235,-0.5174271959902758,0.05212679727426219,-0.29193167772540024,-0.01954278302028673,0.0,0.0,1.5,1.64886137131515,11024.940020908049,11032.419040295898,11044.13830377155,11032.819108244414,3.0,0.5,0.0,0.0,0.0,0.0,nan,0,0.0005158680611179189,-0.007992773651010532,-0.006105236187399443
5.8019650920000005,1.6504140001371799,0.30543138148654714,1.5234995365725663,1.4912394407211107,0.2758547091925177,-0.4314948829793579,0.0535683456917836,-0.2894301509328461,-0.013935503998338827,0.0,0.0,1.5,1.6786026715291242,11029.320050182378,11035.534185840845,11048.0325903169,11033.587356453947,3.0,0.5,0.0,0.0,0.0,0.0,nan,0,0.00014397810172583902,0.027661467751570856,0.004792445126618139
5.816782599000001,1.657401337312611,0.2888346395895607,1.5089721316883429,1.485388034976573,0.27271933173294166,-0.5317687431508995,0.053816283668479854,-0.2906281147887029,-0.016644232953929684,0.0,0.0,1.5,1.682404571171719,11025.73738225403,11030.293930970427,11039.06501696048,11028.359572521555,3.0,0.5,0.0,0.0,0.0,0.0,nan,0,-0.01639484753848741,0.007025727427701245,-0.009487885904195803
5.831698446000001,1.7084116763065647,0.300525986761921,1.5346038944553877,1.5159143808948483,0.29566041362077977,-0.41232611834326843,0.05490818823962381,-0.29453222162379805,-0.017959654943340585,0.0,0.0,1.5,1.734988113495684,11021.029111736118,11023.886817631683,11023.82571478765,11021.662513209818,3.0,0.5,0.0,0.0,0.0,0.0,nan,0,0.011089822453814957,0.014679164592935778,0.016413280744883352
5.8464041170000005,1.7123900420523612,0.28257827947862,1.5282414835716522,1.4624912622738195,0.24813009789358745,-0.5206082947960942,0.0503342899214937,-0.2921340590019286,-0.009221030194236616,0.0,0.0,1.5,1.7357787075395044,11012.256094633754,11014.430219173686,11013.957374114227,11011.473826620399,3.0,0.5,0.0,0.0,0.0,0.0,nan,0,-0.008455035463563965,-0.007304990352494989,0.010337383089091157
5.861315745000001,1.7511493958750979,0.29865860125941424,1.5416824432197873,1.4825354486327988,0.2689769921707372,-0.4792773985998739,0.04884517196859218,-0.293019813437033,-0.014401366296673403,0.0,0.0,1.5,1.7769239130735792,10966.674115545631,10965.499481674135,10960.086045161635,10963.465483553951,3.0,0.5,0.0,0.0,0.0,0.0,nan,0,0.006777058439415784,0.004739303573279563,0.024104703234717695
5.875952563,1.7671199956062418,0.31690468267942523,1.5172435427093989,1.4669936247774218,0.22202294018056634,-0.4940239125171,0.05076467731907522,-0.2922799820908782,-0.011856988321812654,0.0,0.0,1.5,1.795393827699294,10986.41743197409,10991.534175313744,10982.289556398178,10982.07925803,3.0,0.5,0.0,0.0,0.0,0.0,nan,0,-0.0007818144181350739,0.018950139583429892,2.7215805995517428e-05
5.890900536,1.7998883849630953,0.3071823936478047,1.519495797101352,1.4897647672895806,0.27391355675320156,-0.4989376828112836,0.0554153806056353,-0.2916809244658048,-0.01576726902376277,0.0,0.0,1.5,1.8260173349113835,11000.546209706728,11008.954324383267,10999.46220445213,10996.469693813287,3.0,0.5,0.0,0.0,0.0,0.0,nan,0,0.008456419472765209,0.00519371441085964,0.00267211501911202
5.905923672,1.8227040377089143,0.3037029381432359,1.505527962096597,1.5021989659338066,0.2811126969732026,-0.45175259481559676,0.05537424688202717,-0.29169185684355337,-0.019182984030043065,0.0,0.0,1.5,1.847840913629243,11029.62935878726,11041.525000366706,11041.760917099165,11031.122999588593,3.0,0.5,0.0,0.0,0.0,0.0,nan,0,0.007744881608586107,-0.002318062276353672,-0.010882705446672025
5.920581611,1.8659692327267705,0.30133533945510765,1.5010613863573223,1.4809638779174628,0.24826289253231815,-0.48935532386423874,0.0557209525586206,-0.29568298125609577,-0.015982974681697213,0.0,0.0,1.5,1.8901442513280453,11036.415183099238,11046.248441478207,11054.235833219893,11039.801573224613,3.0,0.5,0.0,0.0,0.0,0.0,nan,0,0.027489454724221263,-0.008715452900553866,-0.014926681465257996
5.935428566000001,1.871055856437413,0.30201084255471816,1.5097554777205786,1.4983050904729622,0.2737236586548141,-0.42093101030569097,0.053492670711935995,-0.2959849555160615,-0.018430366650102108,0.0,0.0,1.5,1.8952983238200016,11048.22888150608,11061.25197883256,11076.35401518074,11056.9403661185,3.0,0.5,0.0,0.0,0.0,0.0,nan,0,0.009062924241369563,-0.012066955112077282,-0.005802349494629544
5.950328003,1.894997767016364,0.30920917581316143,1.5221905926782964,1.4728628635852674,0.2739463135222298,-0.4700670301647528,0.05176320007563132,-0.29145436332027286,-0.02025530456372563,0.0,0.0,1.5,1.9201873017514395,11039.000438158006,11051.572503849466,11068.708971476117,11048.991560472168,3.0,0.5,0.0,0.0,0.0,0.0,nan,0,0.009501589496407892,-0.00889233770885095,0.007063469762359942
5.964923526000001,1.9044604094422222,0.3176434232244302,1.5256397538847666,1.444821572253339,0.24659468473670698,-0.5419095236367605,0.05167219462854466,-0.2923674635334477,-0.011341281507842426,0.0,0.0,1.5,1.9309386816856309,11024.172944710157,11028.028970079597,11042.064211471537,11027.108240421834,3.0,0.5,0.0,0.0,0.0,0.0,nan,0,-0.004531780267314822,-0.00447890697151937,0.010953370991042544
5.979737251,1.9505839714488074,0.3357257577817669,1.516474616798915,1.5156208637848618,0.2631771417443248,-0.4847111376435318,0.0576994844780808,-0.29548510513919507,-0.01954539503856556,0.0,0.0,1.5,1.9793334805206055,11048.036628337451,11053.462551680606,11065.748252668553,11050.370091726098,3.0,0.5,0.0,0.0,0.0,0.0,nan,0,0.018102170867910106,0.009585404733319314,0.002242345432172721
5.9944146080000005,1.9592074500471381,0.33071844892896635,1.533087034370824,1.4672753328461792,0.24238687191726477,-0.5685269984406632,0.05288704675738866,-0.2929309129366921,-0.019676276887734004,0.0,0.0,1.5,1.9871998582492016,11053.356771671139,11060.071978085225,11078.113400511596,11060.25505824666,3.0,0.5,0.0,0.0,0.0,0.0,nan,0,0.0032462187398274445,0.0005635231489083958,0.01931025098596484
6.009288276,1.9704726118980882,0.3265110283382665,1.5080026169752219,1.4908444828597998,0.2832820336104865,-0.4408964083829858,0.05274805020408204,-0.29141947706507637,-0.013231399570009664,0.0,0.0,1.5,1.9973572058461246,11043.837162530914,11048.296348165284,11070.804240991902,11052.270199781298,3.0,0.5,0.0,0.0,0.0,0.0,nan,0,-0.008957919980602469,-0.007655031962730041,-0.005316760540956533
6.023971962,1.991486840280251,0.3473296672325237,1.5295625946819218,1.4430758498205176,0.27665101705184125,-0.5108472402663654,0.05639932015768296,-0.2923724310378023,-0.015268926816094945,0.0,0.0,1.5,2.021764496610226,11074.4928291665,11080.894115567698,11096.369620986654,11076.884150663484,3.0,0.5,0.0,0.0,0.0,0.0,nan,0,-0.0114003254391839,0.009156305188927127,0.01669441084832557
6.039196535,2.0243857080350782,0.33714424984103003,1.5199045141213083,1.5176575676960173,0.2729515614994453,-0.47641758067105744,0.04966522668092409,-0.29561967069000217,-0.012997801777926588,0.0,0.0,1.5,2.0523644729384594,11052.80986516532,11056.105878373872,11061.39804540903,11053.35053284937,3.0,0.5,0.0,0.0,0.0,0.0,nan,0,-0.0019480886732505809,-0.005033091068285533,0.007490224578433624
6.053541147000001,2.0533949253563044,0.34239097655714884,1.523310746176688,1.4660159820091965,0.2785103021057901,-0.5214427340792482,0.05385687097541678,-0.2961121116648669,-0.016301957850539835,0.0,0.0,1.5,2.0818755225022687,11051.87019481897,11057.486380961458,11057.662851172221,11051.347316618214,3.0,0.5,0.0,0.0,0.0,0.0,nan,0,0.0036240860561305155,-0.00378716056294226,0.011354452862104347
6.068811936,2.0866374764092215,0.3425768892027983,1.5055486728525616,1.485536923813668,0.24577778521635282,-0.4908598709622443,0.05515356787425318,-0.2921146285955197,-0.010607978337069406,0.0,0.0,1.5,2.1145793129466046,11046.435028251946,11056.310158287206,11047.730914331101,11042.019371569391,3.0,0.5,0.0,0.0,0.0,0.0,nan,0,0.013437572924678953,-0.00759920366250344,-0.00594023117744813
6.083150102,2.0893592336823157,0.3630599371368975,1.5088259031894573,1.4869698558790185,0.26277610436663473,-0.49022326442125247,0.053194915869419795,-0.29565728583153816,-0.019119173057244695,0.0,0.0,1.5,2.120686780713859,11067.870603703079,11079.440934418908,11075.76748988923,11073.626476669511,3.0,0.5,0.0,0.0,0.0,0.0,nan,0,-0.007260065842860541,0.00888895865900502,-0.0021918803849887425
6.0979499520000005,2.1300397691311774,0.37649613827460254,1.529177821958737,1.4751446989132606,0.28558520808628884,-0.48029412212150147,0.055587982371957154,-0.2901548722143776,-0.013841045191837292,0.0,0.0,1.5,2.163254517043786,11078.672640917088,11090.657309421396,11089.515755312877,11085.046190943725,3.0,0.5,0.0,0.0,0.0,0.0,nan,0,0.01001337988128359,0.018333746639109916,0.018626028183334586
6.112932745,2.138284760714971,0.3620726464477692,1.511878074844905,1.4912625261679628,0.29725446734594424,-0.4925806595714761,0.05338509065508512,-0.29211545406377376,-0.016176669299715087,0.0,0.0,1.5,2.168755266938525,11067.429060141518,11072.625648169997,11068.568599941898,11069.007221730997,3.0,0.5,0.0,0.0,0.0,0.0,nan,0,-0.005136113760180194,-7.767969412991738e-05,0.0017859354180942422
6.127770014,2.1722053884411636,0.35775693355110383,1.496436087518566,1.4766016687258636,0.26666210660642514,-0.4959107732959583,0.055408752770136405,-0.29403423952391083,-0.01926870044087235,0.0,0.0,1.5,2.201472001763568,11063.15176910656,11065.092095634167,11058.740822435366,11062.151246497893,3.0,0.5,0.0,0.0,0.0,0.0,nan,0,0.005400421188371585,-0.008378265344166358,-0.013195710465451205
6.142393584000001,2.195693511728052,0.3635355094904647,1.5223313511453895,1.5055377255229738,0.2555756270409339,-0.46655422009831204,0.05444945563278539,-0.29294720055819795,-0.01810011447210713,0.0,0.0,1.5,2.225696914080876,11088.13050965098,11093.34625176446,11094.088101201512,11084.975527468017,3.0,0.5,0.0,0.0,0.0,0.0,nan,0,0.00551541743359607,-0.006581441411764755,0.013158393170594529
6.157380707000001,2.2124400353468276,0.3732275538965296,1.5123767233617884,1.5097618422973336,0.24134711166179248,-0.49736905183459906,0.05459874493543747,-0.29261211353279337,-0.02142462550928225,0.0,0.0,1.5,2.2437341420663532,11088.284683547887,11089.283997841527,11095.828806335885,11083.718827483084,3.0,0.5,0.0,0.0,0.0,0.0,nan,0,-0.001097209466616178,-0.0008675491776500843,0.0036508408273494553
6.172056821,2.2197250838404994,0.384247173641435,1.5116829027086793,1.470869883518939,0.22828133781506724,-0.495481867619279,0.054533008266491954,-0.29105935190212373,-0.018040902029671516,0.0,0.0,1.5,2.2527675930947346,11080.641444998575,11074.329409223461,11086.105519356955,11074.428524446239,3.0,0.5,0.0,0.0,0.0,0.0,nan,0,-0.01715906096594333,0.006177204453804375,0.003397645045448705
6.187045833,2.258215710942783,0.39886072382554044,1.5303672343248607,1.4663914687044945,0.30706611751308155,-0.47676469302539654,0.050017697768845494,-0.29150293779086245,-0.016728223012152033,0.0,0.0,1.5,2.293370934471786,11089.454211877774,11081.548714181494,11098.208952152572,11083.88087536005,3.0,0.5,0.0,0.0,0.0,0.0,nan,0,-0.002003360049348313,0.01681910316579438,0.022516627755480245
6.201564331,2.2770666383899143,0.4047457007972,1.5101998490496507,1.4732339331419173,0.2894047486256524,-0.524267981794955,0.04685077750787553,-0.29399578298958134,-0.012518288238184303,0.0,0.0,1.5,2.312780922375225,11085.508698455766,11077.408321784886,11087.315419138029,11076.702809997707,3.0,0.5,0.0,0.0,0.0,0.0,nan,0,-0.00647491017573687,0.018735689832649727,0.0027758843379026565
6.216532799,2.2933667432169975,0.39069020889350653,1.4941675938165662,1.4772601527951583,0.3047186830986611,-0.48561743206543206,0.05335269809212587,-0.29211827018946196,-0.016207790082398043,0.0,0.0,1.5,2.3264143816570764,11083.361805960278,11080.952277812976,11069.048630800286,11065.287218026344,3.0,0.5,0.0,0.0,0.0,0.0,nan,0,-0.01348726280551693,0.0007146210522505636,-0.012830193521755628
6.231184623000001,2.3558400427008346,0.39811295858864093,1.5119655481515801,1.4988773432918459,0.2520598739492795,-0.5087445211160272,0.05045227852942805,-0.29312163008778697,-0.01438070955048709,0.0,0.0,1.5,2.3892717319156977,11108.483626809488,11113.48603131923,11099.877752176331,11092.280657902038,3.0,0.5,0.0,0.0,0.0,0.0,nan,0,0.025685761267610463,0.004174955191772023,0.005385846650930004
6.24603248,2.3419780649484423,0.414406793755532,1.5279873323029594,1.5076539547149042,0.23546053094306743,-0.4811590133832633,0.05772832387736793,-0.2909140092322985,-0.026915010549328607,0.0,0.0,1.5,2.378524235356837,11116.835537157594,11124.203703760571,11113.25874215904,11104.772554094508,3.0,0.5,0.0,0.0,0.0,0.0,nan,0,-0.011461802034000268,0.016509986810428978,0.021808826101622714
6.260872802000001,2.3833408148932778,0.401115284600861,1.4853251351533614,1.4852714566720966,0.27763904133452216,-0.44671197379292477,0.051426134772389005,-0.2941187814531779,-0.022255127345183808,0.0,0.0,1.5,2.416903445141086,11082.31987593858,11069.5563036735,11076.686930916017,11069.938682805454,3.0,0.5,0.0,0.0,0.0,0.0,nan,0,0.006628743192268249,-0.0007368621416496968,-0.020465301099485966
6.275982614,2.42006502894429,0.4062074811795407,1.5054083344085523,1.4689843710482184,0.26043210823260965,-0.5614260362889731,0.05343201304081151,-0.2941135702825251,-0.015495649348977052,0.0,0.0,1.5,2.4539251235859725,11067.237729426142,11045.677285699396,11060.706318176417,11054.717489531966,3.0,0.5,0.0,0.0,0.0,0.0,nan,0,0.02009017574480021,0.0004028884605251637,5.3468456129301956e-06
6.290344209000001,2.4125014575967567,0.415777026304911,1.4818315527201327,1.4887834379823526,0.26430656643068395,-0.4436320446344171,0.05698120910217126,-0.29173437864109886,-0.01611117712335116,0.0,0.0,1.5,2.4481347820301873,11098.41853499279,11088.695622626656,11100.234673914969,11086.319119138954,3.0,0.5,0.0,0.0,0.0,0.0,nan,0,-0.010726073256623447,0.00602309586490396,-0.023187410560351784
6.305437375,2.432890356233492,0.41166659817860607,1.4787260369573472,1.470157111613388,0.2810423863909113,-0.4817009826199949,0.05049565095368997,-0.2936060749368799,-0.019312159000552425,0.0,0.0,1.5,2.4675650862770397,11157.124002956221,11166.503537988312,11178.346174374405,11153.661372133092,3.0,0.5,0.0,0.0,0.0,0.0,nan,0,-0.013572101187757202,-0.0020321709656421216,-0.02593818445900209
6.320044565000001,2.4703843812632664,0.4248848611516318,1.5224886382868579,1.494251477866622,0.2647802082534536,-0.42978388819971625,0.05684915486249229,-0.29324093645247984,-0.019803360778028793,0.0,0.0,1.5,2.5067572429889036,11141.03902548727,11146.805321209491,11157.769119146773,11138.398093847223,3.0,0.5,0.0,0.0,0.0,0.0,nan,0,0.000705659850179341,0.007246003851530736,0.018146212080593083
6.3349746200000006,2.476815926035237,0.4406291744538271,1.5298477194442817,1.488141422549282,0.26006146405269515,-0.4600969937737836,0.0538452595449685,-0.29359541379493487,-0.019558204271432744,0.0,0.0,1.5,2.5158819700450326,11121.49108243488,11122.600234414818,11128.023478938841,11114.008041171874,3.0,0.5,0.0,0.0,0.0,0.0,nan,0,-0.016060245339559742,0.019055096587264286,0.025792856925292096
6.349738674,2.5029196406738343,0.4205452952304122,1.4909426477757868,1.490554801267896,0.24753816193732817,-0.46089887662598805,0.05361788778070935,-0.2931479269754737,-0.015403179588147293,0.0,0.0,1.5,2.538020312889671,11059.809980213251,11047.978482005996,11052.057339349714,11053.990067501214,3.0,0.5,0.0,0.0,0.0,0.0,nan,0,-0.013142035139958264,-0.004960202604369746,-0.012837020032904656
6.364584898,2.536297733778382,0.43181390736780745,1.488609841096476,1.4516594281007724,0.24272900696865418,-0.4601718633131352,0.05019071894423464,-0.2936508368907661,-0.011213237599814614,0.0,0.0,1.5,2.5728193058754547,11044.056220560378,11029.781314506814,11032.328755207916,11040.947280047267,3.0,0.5,0.0,0.0,0.0,0.0,nan,0,-0.002944134340051363,0.002379764640302262,-0.0148859260118408
6.379462303,2.5512331742586665,0.43868746070548487,1.520369104426789,1.468988652788239,0.2717698631523225,-0.5039926068130677,0.053445360744724425,-0.2883924498513996,-0.022254553404243056,0.0,0.0,1.5,2.588754970643867,11068.001689857556,11064.816818717703,11061.68097371779,11068.09943431446,3.0,0.5,0.0,0.0,0.0,0.0,nan,0,-0.011183473985404202,0.005327560465294534,0.01716478492791018
6.394103548,2.5803082217736635,0.4428789690382935,1.4659405563170473,1.4867924499742566,0.2762350001837098,-0.4766524680304211,0.05238274012553211,-0.28900438788895993,-0.008546424328188319,0.0,0.0,1.5,2.618261321234605,11089.053911336676,11088.101408444243,11083.255644498506,11087.004737601064,3.0,0.5,0.0,0.0,0.0,0.0,nan,0,-0.005274724261665309,0.005596811802837942,-0.03697569139395651
6.4088511850000005,2.5968722654411924,0.43818320605130495,1.4971293184531376,1.4994927475821038,0.2765312253608713,-0.46527813376318905,0.05254408372979077,-0.2916195602964133,-0.01559079460103205,0.0,0.0,1.5,2.6335827926791318,11111.552214120551,11111.813969676674,11107.78824109525,11111.104082072994,3.0,0.5,0.0,0.0,0.0,0.0,nan,0,-0.011865741601476909,-0.0030171431322149056,-0.005512075290013518
6.423955373,2.625493962582101,0.43883593687697775,1.4845817778522472,1.4447748023897993,0.27055343241102237,-0.46232770171272647,0.05238622735591546,-0.2934984812061468,-0.019189789016156648,0.0,0.0,1.5,2.6619604145486377,11134.312455737288,11143.02698136229,11136.80189139466,11142.548987362263,3.0,0.5,0.0,0.0,0.0,0.0,nan,0,-0.00638342987645224,-0.006277680946631059,-0.017813400383023037
6.438470212,2.6523010359201953,0.45956890676811296,1.5124363370591676,1.4129700974896169,0.2433178677793765,-0.4221553289288683,0.048902342107006155,-0.2918187311423556,-0.00865870880140415,0.0,0.0,1.5,2.691850483903374,11126.02083344584,11133.502029592666,11130.059468538539,11131.998529828914,0.0,0.0,0.0,0.0,0.0,0.0,nan,0,-0.002250531560612501,0.01062196998542353,0.010259338575712373
6.4535194030000005,2.668427469859262,0.44762697221928727,1.4742326437382853,1.3473329397480416,0.2323433883983568,-0.4659041126264332,0.054430064153412484,-0.28962501133403434,-0.01874392820170352,0.0,0.0,1.5,2.7058342567138935,11108.30288782675,11114.99546825496,11112.107458868759,11111.128430972196,0.0,0.0,0.0,0.0,0.0,0.0,nan,0,-0.008109256515748342,-0.0050359324555806495,-0.027752392367114354
6.468438795,2.7144804829134475,0.4560696756687173,1.510583593997779,1.3488830123807356,0.23362364240856956,-0.4147027687615442,0.051563242313078524,-0.28836818893580546,-0.012645767315173341,0.0,0.0,1.5,2.752547157387953,11136.288088772453,11141.880619840627,11142.550326360122,11138.996529309587,0.0,0.0,0.0,0.0,0.0,0.0,nan,0,0.01664483495738045,-0.00019221541498826156,0.008771090360686129
6.483127404,2.7135897878949238,0.4442263024274695,1.4965517412199223,1.3113669415667655,0.21555357458675084,-0.38351197505158247,0.056871492423979805,-0.29144458524767053,-0.01881057187073962,0.0,0.0,1.5,2.7497124277321463,11149.956152881838,11151.415115406367,11154.903568545413,11152.65987178871,0.0,0.0,0.0,0.0,0.0,0.0,nan,0,-0.004854493106982716,-0.015516797646097369,-0.005123610620091812
6.497741386,2.7315363542137083,0.4558121066613126,1.4937498292120723,1.2002153134242435,0.2171978683800758,-0.3870011683465659,0.05514696960171251,-0.29234373878973335,-0.0194857134693589,0.0,0.0,1.5,2.7693130187115034,11104.814397313537,11094.644113733471,11104.303368660425,11110.501600118885,0.0,0.0,0.0,0.0,0.0,0.0,nan,0,-0.006829039464612219,-0.007294797540869924,-0.007817071448216417
6.512980275,2.7633306140158944,0.46725717580556914,1.4823379745731824,1.1982766804337548,0.21439510269630657,-0.36390916038301935,0.057549775664474105,-0.2864908810456872,-0.020754348277845537,0.0,0.0,1.5,2.802612584329385,11087.57381791792,11074.117605941823,11089.373045074888,11094.46305224774,0.0,0.0,0.0,0.0,0.0,0.0,nan,0,0.005725913777570035,0.0009029817070015378,-0.01913266935251401
6.527367483000001,2.781122317473034,0.4708692635861112,1.528397726167484,1.182141738105983,0.2239406943278083,-0.38282000937345634,0.055831202898923044,-0.2912918935155118,-0.017992906594126022,0.0,0.0,1.5,2.8208448448981005,11099.539683631756,11084.066818351406,11102.763626000256,11104.137708141587,0.0,0.0,0.0,0.0,0.0,0.0,nan,0,0.004958923142376559,0.001384144540633181,0.027012706577208778
6.54209509,2.7975550012228987,0.48387240976880375,1.509285825110937,1.1239210047750747,0.20024123694894916,-0.34867786110757115,0.055237710413922995,-0.2915707263093839,-0.017250441191472975,0.0,0.0,1.5,2.8391077331356613,11092.247629249316,11074.106029059516,11092.239321890369,11095.947327521752,0.0,0.0,0.0,0.0,0.0,0.0,nan,0,0.003513805519327562,0.011372796484026837,0.007972543742766236
6.557260964,2.802615395310769,0.4498523706041221,1.5016184566617048,1.0146045082827546,0.1646065586770523,-0.39261920486465696,0.057723644795765236,-0.2920757504525292,-0.01961225390190307,0.0,0.0,1.5,2.8384895329687323,11070.589016412043,11052.975914540571,11065.444326031977,11071.947034615841,0.0,0.0,0.0,0.0,0.0,0.0,nan,0,-0.00862560985508054,-0.025545822838349608,0.00037045871287877397
6.5718202880000005,2.8279599816293572,0.4865894482589154,1.5271104944690348,1.0370952175670993,0.22183960020863194,-0.33493091125250407,0.049689383537080814,-0.29009587342169263,-0.012694843289349835,0.0,0.0,1.5,2.869644913184275,11085.332784461956,11074.047865255374,11087.325172722594,11088.053816218708,0.0,0.0,0.0,0.0,0.0,0.0,nan,0,0.00019472889271199278,0.008408119315890583,0.025927306541321027
6.586494049000001,2.820172498473064,0.48417540031961964,1.4914451933074742,0.9997697436430232,0.14301012243443106,-0.2505066477196188,0.05147526298577354,-0.28944603203358493,-0.01225629636795159,0.0,0.0,1.5,2.8614457751521374,11081.977676854744,11077.134356124994,11078.259960566838,11081.027244824634,0.0,0.0,0.0,0.0,0.0,0.0,nan,0,-0.023439025736373242,0.0033267136390399132,-0.009683703371029528
6.6014330900000004,2.8720676498590114,0.4709565685942231,1.4742537988966258,0.9197970928862677,0.13093550833870662,-0.2684946675903937,0.05531787579247926,-0.29131189075681907,-0.017914155973403758,0.0,0.0,1.5,2.9105387030135788,11053.343659235303,11047.193629801926,11036.558989630086,11048.679494758644,0.0,0.0,0.0,0.0,0.0,0.0,nan,0,0.01328484504000027,-0.012444306187304466,-0.026823333558994245
6.616049741,2.8801031012081477,0.4781368699946787,1.5163007356873417,0.9140894549412316,0.13709665373869304,-0.24213914723469687,0.05444833789277084,-0.29049012138084795,-0.01955136036383082,0.0,0.0,1.5,2.9195675114682738,11059.778239585436,11054.278316882188,11051.826957591114,11059.789077886788,0.0,0.0,0.0,0.0,0.0,0.0,nan,0,0.006820520317031509,-0.007701711516465259,0.01528255871150841
6.631321914000001,2.8856892366387665,0.48811064966265155,1.4994634799961952,0.8239553494741734,0.18785011090714349,-0.3091598062525754,0.053458437818901354,-0.2926194815742214,-0.015473477922677127,0.0,0.0,1.5,2.9266798022025977,11052.452503842353,11043.265727036995,11048.876236779743,11054.8235676115,0.0,0.0,0.0,0.0,0.0,0.0,nan,0,-0.0014202706857933123,-5.101021142439599e-05,-0.0014948411749564627
6.645547291000001,2.895365407784626,0.47097589009160906,1.496052923676465,0.8168836396947515,0.1282450616626204,-0.2712493711581629,0.05234626438033464,-0.2894934811930031,-0.01313829291787735,0.0,0.0,1.5,2.933423718635772,11056.68361309527,11049.815768966111,11051.963346929633,11056.27815714955,0.0,0.0,0.0,0.0,0.0,0.0,nan,0,-0.004900061797815436,-0.019394627807800213,-0.0048401020176152
6.660739276,2.9201136888816652,0.49395641595624434,1.508908606256845,0.8038646101392087,0.1309531917184036,-0.23049199204617726,0.05369730084435667,-0.29149204088147485,-0.015392965163420064,0.0,0.0,1.5,2.96161041666926,11104.512871150788,11112.77619453344,11105.405030965967,11101.388614030187,0.0,0.0,0.0,0.0,0.0,0.0,nan,0,0.007367150829487912,0.0014918336673040988,0.008071537357926761
6.67512766,2.916370303873864,0.4839408122902667,1.5074530862298166,0.7184660823779034,0.08401000903939758,-0.2513163626551238,0.05373639711129991,-0.29044096577904344,-0.01423287490836714,0.0,0.0,1.5,2.956259462160222,11090.962982405175,11095.758750851555,11089.145541170728,11090.776964378088,0.0,0.0,0.0,0.0,0.0,0.0,nan,0,-0.008181274600771893,-0.010502932678318255,0.0066571551072429624
6.690233717000001,2.946400468797909,0.500809918624722,1.5327804767056594,0.6435422409825619,0.1270548442115357,-0.1912882637963223,0.05314738517395277,-0.2907594568016587,-0.01608430623925843,0.0,0.0,1.5,2.9888393829007422,11064.202252480036,11062.664354263687,11059.504374695485,11067.596099575745,0.0,0.0,0.0,0.0,0.0,0.0,nan,0,0.010715518131071633,0.0045011011408866985,0.03202365973433219
6.704832891000001,2.9573755943877944,0.5156081818359147,1.5166249885500427,0.6408707065211932,0.09487418055244526,-0.169512301691251,0.05162915640960469,-0.2917124205652502,-0.014172995476429383,0.0,0.0,1.5,3.0020324105014238,11040.76381590986,11032.33212780591,11027.527492985713,11040.304148123665,0.0,0.0,0.0,0.0,0.0,0.0,nan,0,0.011227361365548916,0.017548048480669765,0.01590882044547004
6.7198731490000005,2.9566233538395132,0.5181513245648038,1.5024898474973563,0.6245208575117455,0.061323111532287616,-0.21183437937567487,0.05695402845588884,-0.2926112000957396,-0.015308414358471115,0.0,0.0,1.5,3.0016843023472726,11010.944922445655,10996.610877195726,10987.65655400113,11007.10018369388,0.0,0.0,0.0,0.0,0.0,0.0,nan,0,0.0006770928607631177,0.01845274472989389,0.0018303400148800275
6.734327599,2.956109909271265,0.47520229524623697,1.4969406118451252,0.5278743510540883,0.06846846140703515,-0.16371086285234443,0.049288602202509475,-0.28969382271378286,-0.01540554370651216,0.0,0.0,1.5,2.9940628545431274,11040.470712050183,11035.150458796365,11038.524133711753,11047.150592980093,0.0,0.0,0.0,0.0,0.0,0.0,nan,0,-0.008970216048134638,-0.026022109063828125,-0.0036441000794118494
6.7491639370000005,2.979310168030582,0.47665448535608107,1.5045232775390596,0.5482221830895811,0.10881878464334949,-0.12182113680353995,0.057696910263805024,-0.2925751452154725,-0.020835167604625015,0.0,0.0,1.5,3.0172021867584844,11058.168494692594,11056.434937790327,11062.976572144446,11067.509909191635,0.0,0.0,0.0,0.0,0.0,0.0,nan,0,0.005763610183312284,-0.025982632273619355,0.0040192182826421785
6.764031770000001,2.995708798732215,0.5148969326231416,1.4992400598551714,0.4938591770094587,0.08185957364330992,-0.12424840486104863,0.05322644475324261,-0.2869270267327889,-0.009698992318829057,0.0,0.0,1.5,3.0396365959659315,11030.801818584412,11020.709172479594,11028.454735123767,11036.30844770183,0.0,0.0,0.0,0.0,0.0,0.0,nan,0,0.014363591196953074,0.010960186591805976,-0.0011799906052984976
6.778876236,2.979759675133788,0.50329689033329,1.5149531140653298,0.4186868172153227,0.07478600197165887,-0.16802065142673364,0.051552413444096924,-0.29248420273214604,-0.022059001176895444,0.0,0.0,1.5,3.022002494537823,11009.845912559394,10993.744562043537,11000.028382331031,11015.159402398614,0.0,0.0,0.0,0.0,0.0,0.0,nan,0,-0.008721182248002002,-0.0018273175897862703,0.014635078787458955
6.793696549000001,3.0094613730532,0.5017208032629433,1.5281856024221996,0.4054582711625655,0.08159632592717019,-0.10087521999292513,0.05187916565256668,-0.29173492908374277,-0.010682322920471122,0.0,0.0,1.5,3.051126996457205,11038.51843070656,11028.766169170833,11029.78126510744,11035.464021235233,0.0,0.0,0.0,0.0,0.0,0.0,nan,0,0.014506733042747744,-0.00447902378186138,0.027990186758073854
6.808426885,2.995805181240086,0.5181692523278747,1.5156604712657438,0.33927740089849895,0.05181712008313795,-0.09444537703831091,0.050385729370294174,-0.2895328882624416,-0.013194591712755005,0.0,0.0,1.5,3.0403278290939677,11058.115715429216,11053.05389339885,11052.519905371715,11048.228713087767,0.0,0.0,0.0,0.0,0.0,0.0,nan,0,-0.004958333445091778,0.011006013771843404,0.0155971131277588
6.8232956190000005,3.0181590047055233,0.5128382722272727,1.507245764707147,0.29275180798951095,0.05778938542532153,-0.16501376780286126,0.05220558638219552,-0.29324791230504066,-0.023228126493443416,0.0,0.0,1.5,3.061427668956476,11029.446693886897,11023.618357537995,11014.62905622354,11021.306011095852,0.0,0.0,0.0,0.0,0.0,0.0,nan,0,0.013891575265836842,0.00509490302501292,0.007277613440959341
6.838027592,3.020518908442676,0.4969663541000893,1.4750838455647979,0.27115323474252784,0.06874029710932333,-0.08876544743275111,0.05443809155457232,-0.2925354366003073,-0.020226066201190412,0.0,0.0,1.5,3.0612302834185976,11047.055953119796,11046.165086570656,11035.066933716264,11037.651037374912,0.0,0.0,0.0,0.0,0.0,0.0,nan,0,0.010126118615521928,-0.011788693457578991,-0.024670173560598307
6.852880098000001,3.0404759986101446,0.5099771461611687,1.4868085338149621,0.21938227375675687,0.003850617359453543,-0.06717988066335923,0.04857006545783363,-0.29109297349616065,-0.008986826519661468,0.0,0.0,1.5,3.082976646442713,11089.886862205149,11098.34716818837,11093.372813331218,11078.519075378725,0.0,0.0,0.0,0.0,0.0,0.0,nan,0,0.0262659767979323,0.0005940094359374593,-0.012780546018797967
6.867543943,3.0243517050206634,0.5011721395119936,1.4946034816091116,0.17965475509904108,0.04989272241035298,-0.0646180039943843,0.05553685185926118,-0.29242648840095364,-0.014058882294460229,0.0,0.0,1.5,3.0656004096253584,11102.875779341368,11115.894726903773,11114.0311860903,11095.702468939295,0.0,0.0,0.0,0.0,0.0,0.0,nan,0,0.006995132557404915,-0.008726347946387492,-0.004834099638831635
6.882275831,3.0179225054429155,0.5085577598524385,1.5038821895406873,0.16443545591384642,0.07997609473902782,-0.023228862821247812,0.05390114225065273,-0.2935669879641899,-0.018122699378205227,0.0,0.0,1.5,3.060474197793637,11094.75860610745,11110.467164442302,11112.437498541014,11098.090813276845,0.0,0.0,0.0,0.0,0.0,0.0,nan,0,-0.0019092632011252775,-0.0017432708736526692,0.004579403827178696
6.8971489440000004,3.0237241651222817,0.522679778940538,1.4857632198014041,0.09027098925317303,0.03340729381179119,0.029250989212510365,0.05573040876664918,-0.28906450962428,-0.012859113385327966,0.0,0.0,1.5,3.068599788823592,11076.150939323934,11090.799946178453,11090.51555355502,11080.24635341716,0.0,0.0,0.0,0.0,0.0,0.0,nan,0,0.0020876413014430106,0.012088828225750303,-0.013419618217859641
6.911785891,3.020158746586475,0.4998959391151727,1.5078630156659212,0.07539413928400748,0.028501566820410315,-0.03698868839429579,0.0498052434319338,-0.2940764932852377,-0.002440804793005334,0.0,0.0,1.5,3.0612606278365115,11041.80250589897,11044.805228711131,11040.350772749178,11046.668617993888,0.0,0.0,0.0,0.0,0.0,0.0,nan,0,-0.0026162689927162752,-0.010873041870852918,0.008797832449814358
6.9268601940000005,3.0149202095211147,0.5030542059873603,1.5220572301566009,-0.01136871868009604,-0.009838278690636366,-0.048829533261539965,0.054726179764111996,-0.2930223357844866,-0.02444422273652211,0.0,0.0,1.5,3.056680213130349,11037.39181028188,11050.774649170335,11037.093205225647,11049.792423263581,0.0,0.0,0.0,0.0,0.0,0.0,nan,0,-0.008330994260791424,-0.0077816138488430164,0.02311916948252013
6.941329181,3.0201629739172104,0.5123637272834155,1.5007155160050958,-0.016015672195986232,-0.025398793985180766,-0.057619826217004705,0.05727884013222685,-0.2922064189625822,-0.023077017958334854,0.0,0.0,1.5,3.063315440828671,11058.496030670523,11066.550040464252,11064.77745063281,11065.014192316965,0.0,0.0,0.0,0.0,0.0,0.0,nan,0,-0.002900877750739994,0.001572433723555533,0.001908553743050767
6.956355011,3.005322879937059,0.5236100003898103,1.4712297760667885,-0.08269936443750882,-0.06490737918274746,0.044559352391999804,0.05272993999474165,-0.28953594737456334,-0.02086157456070235,0.0,0.0,1.5,3.050731186284128,11096.150498565326,11100.235360752786,11114.504095206754,11097.253045324142,0.0,0.0,0.0,0.0,0.0,0.0,nan,0,-0.016887563392742777,0.012974983891027692,-0.0274518693699084
6.971184024,2.998511467013687,0.5220369193613389,1.4918185240895943,-0.12038373304331185,-0.003773870577524554,-0.003078455125351857,0.0531178044227732,-0.2932185057900481,-0.01542683538586084,0.0,0.0,1.5,3.0436262089055752,11112.730430254964,11112.980322571815,11131.802762242985,11113.256870792724,0.0,0.0,0.0,0.0,0.0,0.0,nan,0,-0.022176158441991944,0.011670446321277672,-0.006756190351544067
6.985971128,3.024714515249819,0.5051484899254495,1.4943181105646732,-0.13566731928382647,-0.008378912072577037,0.040277203362764406,0.05331873129169189,-0.28905046848028493,-0.014756432046015568,0.0,0.0,1.5,3.0666113512319204,11122.912576152521,11124.96638145538,11138.847798216153,11121.125341974628,0.0,0.0,0.0,0.0,0.0,0.0,nan,0,0.0062196395799922755,-0.004837151966134656,-0.004171367286741168
7.000910469000001,3.0083182211359913,0.5001828439322943,1.4933291282106398,-0.18571236246874578,-0.05952848780359967,0.05641996772383214,0.05300459620994575,-0.290919632617662,-0.01852529127122043,0.0,0.0,1.5,3.0496238944357454,11110.582555565541,11109.28454773647,11113.927097697237,11106.748834449005,0.0,0.0,0.0,0.0,0.0,0.0,nan,0,-0.007314422207504556,-0.009309842006390512,-0.00509697889216798
7.015696327000001,3.010523569501949,0.5166618681668662,1.4899178755690348,-0.24040143078048393,-0.08890983947945916,0.08317904922567884,0.05135774804913267,-0.2935531693543625,-0.009557040307613908,0.0,0.0,1.5,3.0545528801737047,11102.31223249073,11100.263667863255,11105.055454724365,11100.182394181258,0.0,0.0,0.0,0.0,0.0,0.0,nan,0,-0.0015793468967961743,0.0077738334448753665,-0.008461853099088312
7.030471439,3.0258796482099175,0.5007582089103486,1.5034437998496135,-0.28064940150201956,-0.042282908605310796,0.058236649833731176,0.05167834741237977,-0.29219992330728434,-0.015470592213242816,0.0,0.0,1.5,3.0670373797851695,11089.988336617238,11094.400968917658,11097.823332748734,11096.584082166115,0.0,0.0,0.0,0.0,0.0,0.0,nan,0,0.01797248878883284,-0.007413821719191249,0.005096568945632818
7.045288244000001,3.0090481466817725,0.5258887599268794,1.502823225166148,-0.3252887846466662,-0.04352948396346133,0.08810361751057957,0.05136346312795582,-0.2936858597462356,-0.011370011019356084,0.0,0.0,1.5,3.0546583618248997,11089.686717335684,11096.128608501309,11098.232754974879,11098.207386486114,0.0,0.0,0.0,0.0,0.0,0.0,nan,0,0.0060015783827909175,0.018543782463955494,0.004496811486997654
7.059755740000001,3.005592145968514,0.5147502239009295,1.4957783177501875,-0.3651347311103375,-0.053724827175647194,0.09477004822539052,0.05295853849879216,-0.28873826063366875,-0.0169815594580264,0.0,0.0,1.5,3.0493556308693637,11086.479882853417,11099.338824054696,11088.547309537544,11090.619237068218,0.0,0.0,0.0,0.0,0.0,0.0,nan,0,0.008070420050533045,0.008343134451889944,-0.0025388247666799924
7.074678629,2.980923770634504,0.5183940653354204,1.4994552496246043,-0.42188944152284064,-0.0603379964498025,0.12547225880695181,0.050666494924198814,-0.2929810930464473,-0.012835891483656825,0.0,0.0,1.5,3.0256634363494204,11085.0786074383,11100.741576880591,11084.315105895344,11087.303479025722,0.0,0.0,0.0,0.0,0.0,0.0,nan,0,-0.01040971651417033,0.013035436541676604,0.001136829109541937
7.089431167000001,2.990453217889238,0.4915754244823557,1.4947518868918834,-0.4617229410821962,-0.07051501209922367,0.15965306054422387,0.050586747440858344,-0.2887771691599959,-0.016071802856814,0.0,0.0,1.5,3.0305914256181588,11088.150758552229,11100.734578550067,11079.326689724256,11081.198545222773,0.0,0.0,0.0,0.0,0.0,0.0,nan,0,0.005970758493668349,-0.012624374660388349,-0.0035782387936282856
7.099430384000001,2.9838417961095063,0.5222413550484313,1.5032570210389489,-0.45605251806586994,-0.07125076687792278,0.16197164023506014,0.05273548840687374,-0.2941627503805885,-0.0067287648118607235,0.0,0.0,1.5,3.0292009681298593,11087.540097132718,11100.035673686327,11077.23425021952,11078.916270769972,0.0,0.0,0.0,0.0,0.0,0.0,nan,0,0.004294350222286969,0.01887529659886733,0.0049141813446218485
7.114527103,2.97921186314749,0.5027938342004795,1.4746629925889865,-0.5016385685694248,-0.12021905865731068,0.20628485503888966,0.05340932883534787,-0.28611681327666993,-0.011219951245616967,0.0,0.0,1.5,3.0214478200315336,11068.020148267802,11072.47929479875,11049.752533026105,11060.397804261207,0.0,0.0,0.0,0.0,0.0,0.0,nan,0,0.00761690643221602,0.0007698911366929018,-0.023702691961731803
7.129160116,2.9629544141790065,0.49711936114308797,1.5367045837588122,-0.584401180541937,-0.11013773486015824,0.16039280567016764,0.04853249137873012,-0.2934814445992173,-0.014565854873622091,0.0,0.0,1.5,3.00459210978713,11051.150215358448,11046.819248037567,11035.124360786098,11055.135577520845,0.0,0.0,0.0,0.0,0.0,0.0,nan,0,-3.089514743859212e-05,-0.003453118048914683,0.03831908091211611
7.14424052,2.958699156823481,0.5134158678906235,1.476828566315033,-0.5609045032927128,-0.10203031137677297,0.2124890457876763,0.04779957067218404,-0.2885286232379863,-0.010573592617047928,0.0,0.0,1.5,3.003004074144569,11039.882664054976,11029.655600916594,11024.009667329314,11047.053957987075,0.0,0.0,0.0,0.0,0.0,0.0,nan,0,0.0049785545420504285,0.01440388929574865,-0.0215686771766046
7.158802475000001,2.937914713371143,0.4971673462721262,1.5075574089980928,-0.6407740041905088,-0.10357436679633095,0.1765638285936768,0.05085128203760788,-0.29099967650114844,-0.014486035076576741,0.0,0.0,1.5,2.9796938345529194,11041.084235713899,11033.4656846022,11020.563556951123,11042.213242229496,0.0,0.0,0.0,0.0,0.0,0.0,nan,0,-0.005887921518684447,-0.00017535831662501833,0.009160700409803768
7.173455039,2.936418150612378,0.4821409274678786,1.5160519169209148,-0.6674414929307997,-0.10547960296200816,0.27914157729483063,0.054405373826053025,-0.29198327882413533,-0.017443952563343357,0.0,0.0,1.5,2.9757804175076896,11052.101735512224,11046.961782795972,11032.169053227477,11050.360806559978,0.0,0.0,0.0,0.0,0.0,0.0,nan,0,0.003186656211482397,-0.013423710678607426,0.017666684216302242
7.188108169,2.9091227854247292,0.4782841564181065,1.5050113771126603,-0.7505279691264106,-0.1303914171922633,0.2155704621920395,0.05232480001867726,-0.2924947508009342,-0.01122678620095236,0.0,0.0,1.5,2.9481818513888314,11002.165054647296,10985.700882492645,10975.553186698695,10999.757255484177,0.0,0.0,0.0,0.0,0.0,0.0,nan,0,-0.012887534584715699,-0.015394100470101035,0.006657514882130178
7.203120381000001,2.9128048266447424,0.49235027757804267,1.5068489546409456,-0.7925624805500847,-0.12725291182882262,0.22428071572614308,0.052477986230844625,-0.2941632877278432,-0.01696600019171614,0.0,0.0,1.5,2.9541306102025615,10970.419713053361,10950.706829219464,10946.82722037534,10971.532559404763,0.0,0.0,0.0,0.0,0.0,0.0,nan,0,0.002658572140080917,0.000665582807640841,0.008568787608015604
7.2177421740000005,2.8897709520903883,0.47191587274006785,1.4978966021262305,-0.8176043184820501,-0.11797412300141707,0.24978705617887365,0.05202062049378752,-0.2920448672443676,-0.005509218913539831,0.0,0.0,1.5,2.92805142898345,11001.795564040478,10993.080056605566,10990.88013308003,11003.569211416869,0.0,0.0,0.0,0.0,0.0,0.0,nan,0,-0.007866236120987136,-0.017667669868792812,-0.0002756288332990131
7.232668372,2.8929523083311994,0.47266542437789244,1.5045728525944624,-0.8581737220372453,-0.17361266272820838,0.2772739697662087,0.05288842411419822,-0.294400212709958,-0.018923542121802514,0.0,0.0,1.5,2.9313148197800247,11036.955622123874,11037.381560614125,11035.798873678023,11032.479255456863,0.0,0.0,0.0,0.0,0.0,0.0,nan,0,0.008474310308334676,-0.014708468373442696,0.006524869564642266
7.247533686000001,2.8655948150267867,0.48722600824861867,1.490021286187561,-0.9203531988521143,-0.1622336606306263,0.23255597485930055,0.049786767162145196,-0.2956810123031701,-0.012838986629930015,0.0,0.0,1.5,2.906737415342438,11039.851887760988,11047.224734946876,11049.229331752753,11045.646976909811,0.0,0.0,0.0,0.0,0.0,0.0,nan,0,-0.005071663021672279,0.002170686801531929,-0.00789434028578273
7.262339395000001,2.8588251390404964,0.47645288826300874,1.507844861837874,-0.9060288174603929,-0.17679649685717383,0.3445017087216084,0.04991429484378216,-0.2915139231916313,-0.010042219365432217,0.0,0.0,1.5,2.89826673586151,11058.37773592328,11070.439697255613,11081.61714933534,11063.766029973045,0.0,0.0,0.0,0.0,0.0,0.0,nan,0,0.0026224046291467573,-0.006174905417829224,0.010069136167349502
7.2769710750000005,2.8233170854307463,0.4699334469192335,1.4813642224591483,-1.0081697752419332,-0.19980967234225472,0.32262801006884145,0.05381835300374531,-0.29381445050909416,-0.014634353597376637,0.0,0.0,1.5,2.8622201350740144,11052.592599786933,11063.694730465098,11072.42551701525,11059.789115994407,0.0,0.0,0.0,0.0,0.0,0.0,nan,0,-0.01776727816354251,-0.010157424397216563,-0.016273038605591372
7.292155363000001,2.824342421354677,0.49422366237141513,1.50485925213374,-1.036376957272684,-0.16614800880792652,0.3377935074707041,0.054690358560167594,-0.2932483277789965,-0.01657293269089733,0.0,0.0,1.5,2.8672618913944214,11008.466176452637,11007.64391815512,11019.22722873771,11024.164123049868,0.0,0.0,0.0,0.0,0.0,0.0,nan,0,-0.0009749041103273015,0.016778130592627893,0.007377664462467015
7.306829048000001,2.8058965896127335,0.4730701409323699,1.474839559869697,-1.1000135379730067,-0.14236027054448694,0.29734776929434587,0.05413856362758272,-0.29235554797694374,-0.015083437491059828,0.0,0.0,1.5,2.845607857310928,11020.593853689445,11024.980011271919,11028.426710664176,11028.270312248129,0.0,0.0,0.0,0.0,0.0,0.0,nan,0,-0.0030053699233700826,-0.0016217005128157935,-0.022469166429276433
7.3216115010000005,2.803541924998303,0.47128653863978764,1.5070827752415146,-1.134393599418247,-0.17303379381954967,0.30675229711329444,0.050153922542015845,-0.2922531109020208,-0.01620230851038009,0.0,0.0,1.5,2.842887351343944,11051.76214235366,11064.911968358247,11056.055956839306,11048.950099314583,0.0,0.0,0.0,0.0,0.0,0.0,nan,0,0.011704058957766605,-0.0005432368168788448,0.009961630069478478
7.336281326000001,2.7600061630891126,0.45737580780224085,1.4903649463395487,-1.129097431393812,-0.19978329661306357,0.36936621967987565,0.04732675230303548,-0.29678013450014745,-0.012609272485876405,0.0,0.0,1.5,2.7976632184935477,11095.71894551303,11117.306071040803,11099.201287018952,11084.063320531826,0.0,0.0,0.0,0.0,0.0,0.0,nan,0,-0.01411373054147802,-0.011482711103257381,-0.006572159451732507
7.351187231000001,2.737122801934524,0.45776683118817785,1.5073466383353868,-1.1822670560562991,-0.18142169467054117,0.3410530827061151,0.05234494820072281,-0.29487626145010126,-0.013192468724578773,0.0,0.0,1.5,2.7751478659164803,11100.687492949393,11123.441108095738,11103.09010318042,11086.424509417433,0.0,0.0,0.0,0.0,0.0,0.0,nan,0,-0.018622089827962096,-0.008010728224375985,0.010578275597541875
7.365752087000001,2.736400188660451,0.4567284939737915,1.4923934809336388,-1.2323288897491635,-0.1978224540855155,0.35906220926144256,0.05175516870952117,-0.2929895440883663,-0.01550004203307785,0.0,0.0,1.5,2.774264725804087,11095.914718204009,11119.819320789045,11098.67877607095,11083.027785750544,0.0,0.0,0.0,0.0,0.0,0.0,nan,0,-0.0003134660136656642,-0.005858493557165889,-0.004220299993673349
7.380892737000001,2.729318758053312,0.4486227913411421,1.4839865750514845,-1.287842903278618,-0.22073560108334966,0.4421694900107443,0.055630737476951776,-0.29444396133666306,-0.010988542819728444,0.0,0.0,1.5,2.765989826762017,11097.195785027157,11122.37938621916,11099.61347467333,11084.170221745455,0.0,0.0,0.0,0.0,0.0,0.0,nan,0,0.012292071908714064,-0.010663994646020802,-0.01248680774491362
7.395384366,2.6723890197017774,0.4536879379620356,1.5119234533238775,-1.3292499203865442,-0.22343904238938053,0.36649298501369443,0.05326022057479292,-0.289954343754302,-0.016787084818697045,0.0,0.0,1.5,2.7106526864233342,11094.284159003377,11113.626098807206,11101.201260799915,11088.176241339756,0.0,0.0,0.0,0.0,0.0,0.0,nan,0,-0.024295106817797674,-0.0021888793346041546,0.015574860539718127
7.410291920000001,2.6623256903570462,0.45951201406209513,1.5164080690240487,-1.3464509793579886,-0.25556566320580015,0.4244714605793431,0.05330523255025799,-0.2901346638397563,-0.01656011779505565,0.0,0.0,1.5,2.7017399203719856,11072.960398460102,11081.770949402935,11083.486678114115,11079.667494699837,0.0,0.0,0.0,0.0,0.0,0.0,nan,0,-0.01336359862141201,0.007154583320113095,0.020177576419615484
7.425280191000001,2.6646044501870256,0.4438832600644647,1.4873497309155768,-1.4431033528143389,-0.26289361641689096,0.3904897629524345,0.05420083900878056,-0.292646716140808,-0.010880210113304057,0.0,0.0,1.5,2.701353226408917,11059.780317537487,11054.365610154688,11061.172191683963,11066.92927766476,0.0,0.0,0.0,0.0,0.0,0.0,nan,0,0.010561056358783905,-0.0048453579058064244,-0.008767475239663591
7.4401715820000005,2.623258784861594,0.45055125969927173,1.5067643593112119,-1.4147122814350306,-0.25465554673090396,0.431918563077727,0.05600232912366935,-0.29311494499229623,-0.026011285689287785,0.0,0.0,1.5,2.661677825456533,11058.246433725224,11059.483380183648,11076.236024828368,11073.36003115185,0.0,0.0,0.0,0.0,0.0,0.0,nan,0,-0.008490944366017938,0.00556052761924275,0.010764338551779495
7.454674767,2.5940688927900597,0.44630568694606554,1.4846860854400226,-1.4918153805061454,-0.22500390973765141,0.44057752334901945,0.05239349416676329,-0.2922981599700629,-0.013877907633712258,0.0,0.0,1.5,2.632226567512872,11031.788205309587,11058.73452311106,11077.631112383773,11031.660221066133,0.0,0.0,0.0,0.0,0.0,0.0,nan,0,-0.014739779597618963,0.005162022031383606,-0.011193747624571815
7.469398192000001,2.585547664955034,0.4386323058825964,1.5113644996689681,-1.515291760150784,-0.23310347836956113,0.48124610881176383,0.05145278137158179,-0.2918759192896245,-0.017301930483247047,0.0,0.0,1.5,2.6225148577979573,11010.435333721183,11077.26399346703,11091.314119706716,11003.958452363677,0.0,0.0,0.0,0.0,0.0,0.0,nan,0,0.00032553446889327375,0.0014447122469264384,0.015611893855058012
7.484249587000001,2.565191453797854,0.4422709732576107,1.503725585964438,-1.540539099469953,-0.26111357548933417,0.4970135583748748,0.055591758552996834,-0.2894490695367018,-0.020322709631225636,0.0,0.0,1.5,2.603041430406854,10911.79620721402,11048.764719464258,11054.500591645123,10905.91177187866,0.0,0.0,0.0,0.0,0.0,0.0,nan,0,0.004197214353169443,0.009147901807872505,0.008118213268041963
7.499183041,2.5439555202853024,0.4342736311487075,1.5177177178644206,-1.6202537909866832,-0.27778829855617615,0.5172821293377395,0.05377426807395536,-0.2924268752018469,-0.019944939331275092,0.0,0.0,1.5,2.580817156140177,10838.03554531859,11021.29447029183,11036.300028803951,10838.339789444475,0.0,0.0,0.0,0.0,0.0,0.0,nan,0,0.007822981238514881,0.005322443777321217,0.02229488937451385
7.513815292,2.5022577915991118,0.4112229429282877,1.5194314230005204,-1.6187083005018996,-0.306030494443422,0.46327517414701286,0.054308282482847456,-0.289281388975658,-0.01653552114851737,0.0,0.0,1.5,2.535897463346831,10727.23030799809,10986.022364927529,11023.263645145506,10740.951960878134,0.0,0.0,0.0,0.0,0.0,0.0,nan,0,-0.008387248904959677,-0.013450101198701325,0.024253836212412505
7.528644750000001,2.477020501082891,0.4199601247102504,1.4994777393464649,-1.6905771802524794,-0.2879472835914237,0.5047520273082521,0.05610351566381288,-0.29003784362709,-0.014170948294305014,0.0,0.0,1.5,2.5123688705856426,10669.21783402166,10973.442564982852,11033.942893060495,10703.458143972037,0.0,0.0,0.0,0.0,0.0,0.0,nan,0,-0.00751937094959354,-0.0003295772588660095,0.00462582860162275
7.543495750000001,2.4763618596411776,0.4215485760243901,1.4847562270260615,-1.672025974150948,-0.2524483100486676,0.532671021961234,0.051179483052008284,-0.2874160403709002,-0.014598937541146781,0.0,0.0,1.5,2.512031774171693,10626.889854190076,10987.249171856782,11069.054964790916,10687.827431865824,0.0,0.0,0.0,0.0,0.0,0.0,nan,0,0.0185406861144366,0.005747080991552467,-0.009685792727444964
7.558346023,2.451209080321684,0.42169398852344486,1.503026014047171,-1.7869439773700826,-0.31438411280959233,0.5299730606445546,0.05325794222373916,-0.2850333063558502,-0.015483216627660648,0.0,0.0,1.5,2.487219518291319,10607.384137582534,10990.636869217373,11068.207382075756,10667.328330297758,0.0,0.0,0.0,0.0,0.0,0.0,nan,0,0.020715737695210734,0.010485194091231553,0.009079620752513895
7.5731521840000005,2.40446920574298,0.40548552598214677,1.4787579274939626,-1.8000207774806445,-0.32319855799630004,0.480972681345487,0.05241628745415461,-0.2827919947740915,-0.02092806054810843,0.0,0.0,1.5,2.4385122306012015,10533.990238401793,10975.022014113538,11061.669563234014,10601.7929764268,0.0,0.0,0.0,0.0,0.0,0.0,nan,0,0.0019054429071716505,-0.001026964791317142,-0.014599044175839238
7.587864766,2.377569746679565,0.40165501551514754,1.4976318670113442,-1.853368046214827,-0.34156297436059435,0.4726117418801006,0.05501677650599526,-0.28121581673149176,-0.016521924067939918,0.0,0.0,1.5,2.4112590611272475,10543.320546710049,11010.61157898053,11109.357850021757,10616.713710695316,0.0,0.0,0.0,0.0,0.0,0.0,nan,0,0.00352970062215352,-5.849064206575605e-05,0.00496306924912604
7.602411398,2.3496604804989953,0.3957427685254994,1.484943409959811,-1.869433118930738,-0.3319601731745025,0.5030389757627451,0.050983900744702194,-0.2766642192976878,-0.014543083045543663,0.0,0.0,1.5,2.3828015891724252,10536.242897797045,11024.200859859557,11139.061646451508,10626.552637572311,0.0,0.0,0.0,0.0,0.0,0.0,nan,0,0.0047346124643832255,-0.001069310636722609,-0.006951415138801487
7.617599831000001,2.30756208868494,0.38768152285281865,1.4922478922281353,-1.9296922754476278,-0.34847632989456506,0.481704024459357,0.05268616024510984,-0.27536081750833286,-0.017836844426996488,0.0,0.0,1.5,2.339914496615718,10521.708385966223,11032.066588344675,11162.2801856661,10628.731464321318,0.0,0.0,0.0,0.0,0.0,0.0,nan,0,-0.0076657220507163615,-0.004127448291859126,0.0012050297925068065
7.632263033,2.273637958047891,0.39015101845674477,1.5162354936212963,-1.9532598211531593,-0.3484196694983004,0.5232094964139211,0.050291624485764935,-0.2641900915496986,-0.00964356974434555,0.0,0.0,1.5,2.306926737616985,10501.702378747726,11033.215998329813,11164.833509410346,10609.105427754126,0.0,0.0,0.0,0.0,0.0,0.0,nan,0,-0.011317937875318762,0.003445421245177105,0.026121777799541723
7.647072262000001,2.24517791268756,0.3813775192806447,1.4873937579886327,-2.0344207277826785,-0.320429435333745,0.5054123595030642,0.047366124923126265,-0.2610911049505391,-0.002273029595033156,0.0,0.0,1.5,2.2773738360599425,10423.954406594583,10968.177818990585,11097.765307261965,10537.0614360752,0.0,0.0,0.0,0.0,0.0,0.0,nan,0,-0.008945536642504415,-0.00012649586477275765,-0.0017076728135261288
7.661845356000001,2.2223227110106274,0.384649607410104,1.4829314133828322,-2.038149833262347,-0.3613140417007494,0.4467725907715453,0.04634231188681164,-0.25711572312950265,-0.006992825639109619,0.0,0.0,1.5,2.255430089584574,10398.673350620778,10968.700294256743,11074.940958752843,10506.199773955324,0.0,0.0,0.0,0.0,0.0,0.0,nan,0,-0.00042609585502484393,0.008442386611670516,-0.0050553039113105935
7.67681515,2.184851685349489,0.3666519197927575,1.4756722425174236,-2.0880967034915754,-0.36134490036377137,0.4551046926872379,0.044249654421379805,-0.25010343952691577,-0.009601977300290407,0.0,0.0,1.5,2.215536584452251,10410.853837412647,10981.599120210336,11077.480829800927,10515.615802671678,0.0,0.0,0.0,0.0,0.0,0.0,nan,0,-0.005995566503591121,-0.004165796431082447,-0.011094377943071887
7.69131356,2.1493069252564485,0.3785896314554288,1.4797615110591067,-2.175059004754954,-0.4009737572872958,0.38781015522531265,0.04473474417380341,-0.23915885758552033,-0.008829525152399237,0.0,0.0,1.5,2.182489396179394,10438.548301722012,10994.044508129846,11090.042870710726,10538.728093959046,0.0,0.0,0.0,0.0,0.0,0.0,nan,0,-0.009124872952373853,0.013252020619907212,-0.005691222710449972
7.706395937000001,2.1281668759893724,0.3500300091985529,1.5330096880632211,-2.13168768676597,-0.38144117892822915,0.4613231137260306,0.044048663399224995,-0.23262630911091364,-0.008970582488934105,0.0,0.0,1.5,2.157012957518785,10488.632232455191,11024.768698629556,11123.8066680249,10587.571260186858,0.0,0.0,0.0,0.0,0.0,0.0,nan,0,0.0026504245762777323,-0.009739174065633072,0.04895055787595237
7.721033096,2.0890738726977114,0.3622290296646884,1.48550053995137,-2.2182859325427953,-0.38086797976338,0.4186434422529688,0.04275819524223794,-0.22286989837406546,-0.0112893082801246,0.0,0.0,1.5,2.120294731838415,10388.735960607715,10903.054914059603,11009.325453683423,10497.016368313394,0.0,0.0,0.0,0.0,0.0,0.0,nan,0,-0.003047036281936144,0.008113314105630431,0.0029179803267211923
7.7360579210000004,2.0426786020154393,0.354044897595575,1.485514379146325,-2.200973845738607,-0.3880058272980989,0.44350836733946963,0.04189377592991907,-0.2145617361746287,-0.014934358630899716,0.0,0.0,1.5,2.0731843849153235,10366.885046834823,10866.676315449604,10970.994740157435,10472.769676524904,0.0,0.0,0.0,0.0,0.0,0.0,nan,0,-0.015593042227051601,0.005663188312142298,0.004518443002293759
7.750684005,2.029120115564146,0.349343854739833,1.4841219896318134,-2.2936436722976623,-0.409376375774676,0.33478238655906134,0.04032338039001395,-0.20821575859839536,-0.014564243153019778,0.0,0.0,1.5,2.059034162767775,10389.458586501096,10867.321022353102,10959.701251412356,10479.415169315851,0.0,0.0,0.0,0.0,0.0,0.0,nan,0,0.005130652142373293,0.006773148621578351,0.004820540408757346
7.765506790000001,1.981076460505979,0.3387909738898684,1.489193106658088,-2.331081034343285,-0.41802530765573254,0.3318300341453437,0.03703893341608771,-0.19589898556026508,-0.008077826672382537,0.0,0.0,1.5,2.0098656809110023,10435.488054669313,10890.818550887197,10975.791677639801,10514.599130076245,0.0,0.0,0.0,0.0,0.0,0.0,nan,0,-0.008219337378595926,0.00210458427417598,0.011689189082065843
7.780356563000001,1.956563323062673,0.33162172247792376,1.4343434900044791,-2.303236823728738,-0.4097653169936081,0.34509603926556626,0.032492414831711856,-0.18210654158335163,-0.005012878481734816,0.0,0.0,1.5,1.98555377194325,10496.266840538236,10937.477824255455,11018.90132870797,10581.317925923917,0.0,0.0,0.0,0.0,0.0,0.0,nan,0,0.0023536045883290058,0.0008896897304760953,-0.041282996939950856
7.795258027000001,1.9268253970252665,0.3234837790197573,1.476283694650188,-2.36655562077977,-0.39155995674247346,0.29979769531824246,0.032043068621494135,-0.1718206612090255,-0.0033143039024835196,0.0,0.0,1.5,1.953934576450789,10556.342215771681,10971.675939779581,11047.857758831455,10642.226367455502,0.0,0.0,0.0,0.0,0.0,0.0,nan,0,0.008073805293959957,-0.0012273645482079876,0.0025901458608967864
7.809844637,1.89085580954507,0.3071834651509588,1.4711981456660317,-2.3850492166410846,-0.4266808608788282,0.26720845284415395,0.029046701295481328,-0.1610057673069781,-0.0048743178824680045,0.0,0.0,1.5,1.9158619262790229,10599.383591854446,10986.10074731005,11052.823736479193,10680.157923048228,0.0,0.0,0.0,0.0,0.0,0.0,nan,0,0.007912171942810131,-0.011444108041280598,-0.0005298425785738026
7.8248366,1.8623256822632102,0.30657882388423663,1.4577102575257286,-2.355375476530198,-0.46608416708999584,0.3055269437242089,0.028466860879934077,-0.14767674664599,-0.010606408224912005,0.0,0.0,1.5,1.8878654465797908,10646.973098803997,10996.156898484185,11049.791514930435,10722.33167846507,0.0,0.0,0.0,0.0,0.0,0.0,nan,0,0.015514629487187293,-0.005906896352417423,-0.012033002330227527
7.8394415120000005,1.7992869080782963,0.3260982320343336,1.4541511471686375,-2.4309001355611737,-0.4559814994054584,0.24757066917704665,0.025122166151530397,-0.13104758618246864,-0.005431026455488383,0.0,0.0,1.5,1.8291734613818957,10658.602067845095,10977.765845734193,11039.471302264456,10741.307214187744,0.0,0.0,0.0,0.0,0.0,0.0,nan,0,-0.011093730565192361,0.019807952650802374,-0.013598671571549037
7.854561028000001,1.7758893718626414,0.28979383770170025,1.4438297184840183,-2.469172228016336,-0.4344789817896937,0.12526803799797795,0.022129829343668382,-0.12045862604715415,-0.00990620289796076,0.0,0.0,1.5,1.800255156912528,10676.233938631734,10936.990656396898,11008.913309016038,10764.84570435186,0.0,0.0,0.0,0.0,0.0,0.0,nan,0,0.002207674384818059,-0.010252586471937053,-0.021917201035042133
7.86931369,1.7369763724060372,0.28106913440218395,1.4630793764854948,-2.4651757787605555,-0.446467033381913,0.15873023789089505,0.018370466506977344,-0.10660623980116508,-0.0008053283448842891,0.0,0.0,1.5,1.7599573600093636,10828.715263353857,11025.185335253445,11073.95985518872,10891.09437214554,0.0,0.0,0.0,0.0,0.0,0.0,nan,0,0.00023426637582302234,-0.01269001787454177,-0.000671716699401248
7.884040892000001,1.7034171077499614,0.28070184880332877,1.476558256463595,-2.455392667492049,-0.48205945206679574,0.049175674719873975,0.01742870422600537,-0.09126534689103968,-0.009985740507352204,0.0,0.0,1.5,1.7265494161004709,10932.64627397219,11073.39686007006,11105.574480193587,10979.509176686888,0.0,0.0,0.0,0.0,0.0,0.0,nan,0,0.003830004416282451,-0.006731225173686017,0.014747009976314729
7.898720831,1.6730071816337504,0.28145767473475825,1.462261611878702,-2.5384833680490764,-0.43521023507594725,0.1038065025829493,0.016708792453280587,-0.08106729652868062,-0.006020236168599393,0.0,0.0,1.5,1.6969371344876614,11009.97167975677,11081.082745214133,11108.921922548914,11049.883139700938,0.0,0.0,0.0,0.0,0.0,0.0,nan,0,0.010761102648517484,0.00038407228933828863,0.0023123392981914126
7.9134194330000005,1.638787777512548,0.2766321705645454,1.433474806670753,-2.5168656640409783,-0.4187386607641047,0.029695602935913275,0.015013336612441183,-0.06156247520762944,-0.0056676989194689095,0.0,0.0,1.5,1.6633028403941543,11068.273782084176,11084.318910479727,11101.607693743503,11094.425133823599,0.0,0.0,0.0,0.0,0.0,0.0,nan,0,0.014038444133025019,0.0019457989511762475,-0.024711300777258582
7.928408559,1.591971474607414,0.2823671180539872,1.4720528760993445,-2.525131382384233,-0.4619706182481037,0.04848491914209728,0.008982183577777253,-0.05268934397809654,-0.00858798065148869,0.0,0.0,1.5,1.6170607307878506,11178.731083425379,11126.21051679427,11112.626834382665,11175.304371715785,0.0,0.0,0.0,0.0,0.0,0.0,nan,0,0.0048435187891815445,0.014089891904856988,0.015513329919867536
7.943198183000001,1.5435473860490498,0.25953418309226645,1.4690200844290002,-2.527148016964504,-0.435044812840472,0.04451603904083224,0.005610195161734403,-0.03917121959125893,-0.0066195367784906,0.0,0.0,1.5,1.5655210890757782,11213.073252403152,11120.176360569018,11088.1908527269,11191.921944094001,0.0,0.0,0.0,0.0,0.0,0.0,nan,0,-0.005865776362722341,-0.0023178966844613624,0.01398959172687575
7.9578161000000005,1.4943313011326567,0.26210093367565285,1.4842327435353428,-2.5375284574132837,-0.4057718216073652,-0.03246033292068822,0.0063685358010388835,-0.02582695855662414,-0.004891752036821625,0.0,0.0,1.5,1.5172249481717897,11176.738146100213,11046.143606966336,11001.133173938817,11136.839154047431,0.0,0.0,0.0,0.0,0.0,0.0,nan,0,-0.017306242186842846,0.006683854307367565,0.030583793857466235
7.973037205000001,1.4687016915263345,0.23372411947600313,1.4353282522636617,-2.550087285868892,-0.4602924933847662,-0.015011680677533923,0.002990307666944586,-0.010537506098664214,-0.001596756905594102,0.0,0.0,1.5,1.488587940859532,11170.401226049475,11013.39597499302,10956.340034566834,11116.861613591385,0.0,0.0,0.0,0.0,0.0,0.0,nan,0,-0.005131663522461416,-0.015254151584127934,-0.017045775433823795
7.987753632,1.4475161394633675,0.2293281700230314,1.4482012440985352,-2.5084528782167803,-0.40973342654827677,-0.06856395685733412,-0.002166670215930709,8.376739130270328e-05,-0.00469446739729711,0.0,0.0,1.5,1.4664847406931936,11204.671265641835,11014.27150276568,10959.57915338986,11164.431813697573,0.0,0.0,0.0,0.0,0.0,0.0,nan,0,0.011484544032846822,-0.013213261272597532,-0.0030027307723672347
8.002314518,1.4098474741636373,0.24565186965417377,1.4807470590118055,-2.550446306936718,-0.4650088143246065,-0.14059359059620274,-0.0020597510206882977,0.015782010551428482,-0.003754912939320991,0.0,0.0,1.5,1.4312181584953687,11235.453988731166,11022.593756003487,10963.875306787862,11194.946183319043,0.0,0.0,0.0,0.0,0.0,0.0,nan,0,0.011584868168088125,0.009539694853780534,0.030600540659587505
8.017228498,1.365090521728923,0.24200269516016698,1.458571513928048,-2.5004392935448396,-0.43081427452045845,-0.11880156879194682,-0.006102126951460981,0.022950279225457993,0.0007730396314664493,0.0,0.0,1.5,1.3869945048330732,11265.618073610349,11028.6931260614,10969.256701731736,11226.44481346428,0.0,0.0,0.0,0.0,0.0,0.0,nan,0,0.00453424904047961,0.012306684523053724,0.009361930400362484
8.032023254,1.316343797854636,0.21027240190752788,1.4309235003625043,-2.4893285551479796,-0.48445034462157377,-0.18523022615826173,-0.011589141049106145,0.03698701450232063,-0.0066864956035293235,0.0,0.0,1.5,1.3348209767442587,11281.838567463323,11032.487701903468,10969.06522315822,11241.783016493626,0.0,0.0,0.0,0.0,0.0,0.0,nan,0,-0.006598087529426477,-0.013025922474326546,-0.017475518468107243
8.046607534,1.3027266910639586,0.21195034941050506,1.4312590444910045,-2.49770836272363,-0.4457633798789852,-0.24001698892959972,-0.011011533247275204,0.0513577447012044,-0.0053197518936611956,0.0,0.0,1.5,1.3216448468442554,11317.371817104091,11055.559073564431,10990.846701368548,11275.48958546659,0.0,0.0,0.0,0.0,0.0,0.0,nan,0,0.01727855002508183,-0.004974038431801997,-0.016462049941617263
8.061404577000001,1.2629587479610447,0.2276795715769676,1.4328407673407995,-2.508673419862735,-0.4602941954851049,-0.2308604808530821,-0.015092507268519031,0.06307171296724373,-0.003943310533375387,0.0,0.0,1.5,1.2850732076018758,11417.870167671239,11124.953768930032,11062.277262749314,11371.361181898876,0.0,0.0,0.0,0.0,0.0,0.0,nan,0,0.014854814942677708,0.017100052277128103,-0.014358425886716875
8.076434406,1.2063512824734712,0.19132999517503857,1.4460457634449322,-2.460603760688685,-0.4222261126391977,-0.17103454573312077,-0.011707337644154037,0.0734604991499187,-0.00109923460559839,0.0,0.0,1.5,1.2226208093359565,11436.99377055648,11135.915462023284,11068.771883057085,11385.245067980277,0.0,0.0,0.0,0.0,0.0,0.0,nan,0,-0.00458613860560364,-0.012938906339624412,-0.0008053545579174148
8.091175222,1.1742358596883231,0.19521702175718714,1.4499502892764755,-2.448139433746025,-0.46509031204942375,-0.2404535766941747,-0.016461432036743717,0.08573154979632706,-0.006502111736399624,0.0,0.0,1.5,1.1914044289430983,11421.837784950934,11117.571615002109,11045.919532871629,11366.950204513363,0.0,0.0,0.0,0.0,0.0,0.0,nan,0,0.0002606891759313612,-0.0027803917968196035,0.0032698615955359944
8.105676251,1.1420471334567972,0.17960161178261524,1.421446705944795,-2.4350746825395575,-0.41641619747376163,-0.24730687170873838,-0.019831442934214717,0.09543733013502662,-0.003923074650654191,0.0,0.0,1.5,1.1587489003225524,11384.236053606766,11083.21363637343,11020.076346862143,11338.98881074829,0.0,0.0,0.0,0.0,0.0,0.0,nan,0,0.004805936600992933,-0.012167829204195513,-0.02522442286332205
8.120871613,1.1219255066919889,0.19005741485854707,1.43184192521636,-2.420805977502097,-0.41823062101532,-0.24792370962908858,-0.01954808866958632,0.10568627397897426,-0.0031705522715476794,0.0,0.0,1.5,1.1399492035468082,11373.448345124269,11073.71283263345,11011.917866184185,11329.577751278937,0.0,0.0,0.0,0.0,0.0,0.0,nan,0,0.02116706388641587,0.004468242730269023,-0.01496716792722208
8.135683120000001,1.07270938336415,0.17182780779610915,1.4271949991110087,-2.3932856769565083,-0.4170905324831696,-0.32086053256881025,-0.023103086683462244,0.11826610025469428,-0.007869200621198627,0.0,0.0,1.5,1.0888208231127643,11360.785870836786,11066.428504881962,10998.7287031261,11312.209501321215,0.0,0.0,0.0,0.0,0.0,0.0,nan,0,0.008159799510887966,-0.0076329602805980945,-0.019894432076680957
8.150620063,1.0029438926407368,0.17296917917125404,1.4445224630738305,-2.3759481846304618,-0.43342937809183013,-0.2336743250861905,-0.02298544716969805,0.12080588077899507,-0.00457636050112192,0.0,0.0,1.5,1.0192607840155166,11366.058278444962,11072.67250518647,11002.02510699743,11313.170527536537,0.0,0.0,0.0,0.0,0.0,0.0,nan,0,-0.02569194958651666,-0.00041894926414454137,-0.0029810931359575132
8.165001894000001,0.9891648885013121,0.16718308968865156,1.4823304335380132,-2.352905591192634,-0.4193055491842042,-0.31021094579529607,-0.02794716190353578,0.13275421305217205,-0.00574410824123517,0.0,0.0,1.5,1.0033491793491494,11314.711240180244,11035.849592313434,10967.45345677972,11264.960083900825,0.0,0.0,0.0,0.0,0.0,0.0,nan,0,-0.0038732766866068635,-0.0001920109786716362,0.03428104613296745
8.180053521000001,0.9695370225507238,0.14793122939467968,1.4455219368135837,-2.2753033121757382,-0.3956804543090886,-0.2756028301370662,-0.026296820267626076,0.14390252427087022,-0.006665072079318229,0.0,0.0,1.5,0.9822695893161343,11251.086516741507,10988.420003727691,10921.268557499687,11204.173169254998,0.0,0.0,0.0,0.0,0.0,0.0,nan,0,0.011763664917898708,-0.013493506696093144,-0.003178759690440458
8.194798505000001,0.9205928003420559,0.1489532264410908,1.467334293273764,-2.3154887729604403,-0.3998309508188272,-0.32775587124482547,-0.029626535835276042,0.14135169420466395,-0.00935741292414475,0.0,0.0,1.5,0.9331372975638492,11218.360200138359,10962.076117982799,10899.332651283854,11172.674703475985,0.0,0.0,0.0,0.0,0.0,0.0,nan,0,-0.0022648185041539426,-0.006586737006729265,0.01789842972693334
8.209712378,0.8818039437657442,0.1495327085748196,1.4271774536908213,-2.2761864343189244,-0.3795115908228496,-0.3594965374530889,-0.030009482279200046,0.15261397846452893,-0.007314395541149459,0.0,0.0,1.5,0.8973524109431558,11205.96870407921,10956.905380090067,10897.51656673118,11159.228190459677,0.0,0.0,0.0,0.0,0.0,0.0,nan,0,-0.00650346476991559,-0.00019104211333084709,-0.02306531650489485
8.224403082,0.8670545310229941,0.12361492311417072,1.4381026402964672,-2.2558664498858465,-0.37147122959486656,-0.31294877288117284,-0.032860936663777304,0.16533833035647036,-0.004984914621128788,0.0,0.0,1.5,0.878006544464388,11259.289392071792,11014.73453446942,10951.965595330597,11206.472638796604,0.0,0.0,0.0,0.0,0.0,0.0,nan,0,0.012914201972762163,-0.02036434935107037,-0.013019943016945312
8.239265637,0.8240849532102765,0.13448182075918977,1.4349697629276563,-2.2020152823335395,-0.37631124430385654,-0.3509619382244113,-0.0320258296373665,0.1741078931943204,-0.012795598047208465,0.0,0.0,1.5,0.8375143592536045,11278.846414303147,11036.40778638528,10972.69491024422,11223.790769793686,0.0,0.0,0.0,0.0,0.0,0.0,nan,0,0.003708697596243593,-0.0038282916332623984,-0.01712513576933805
8.253769385,0.7764581118217052,0.138011593616522,1.4384518486192506,-2.211563386147559,-0.3655798167984176,-0.3733240248784425,-0.03551894920030743,0.17555598902678823,-0.007613620429367526,0.0,0.0,1.5,0.7910262791618793,11265.72215552049,11021.100673855752,10963.963960205367,11209.649011171487,0.0,0.0,0.0,0.0,0.0,0.0,nan,0,-0.010572523801862244,0.005292605726094024,-0.014704391767646152
8.263811106,0.7665772713480751,0.1334771490012482,1.4662817751997463,-2.1739749651183264,-0.35716384322118433,-0.35639232910550994,-0.032375060348146745,0.17824850293605102,-0.004175181181442004,0.0,0.0,1.5,0.7788413066450972,11267.143962749833,11019.769474723806,10966.47988071531,11209.998969400765,0.0,0.0,0.0,0.0,0.0,0.0,nan,0,0.0015374417510023441,0.004440990785836735,0.012371136062324872
8.278665416,0.753591471223666,0.11995546367032787,1.441156507032019,-2.1450053509950635,-0.4119139736150495,-0.3042149317818808,-0.03448345805910652,0.18312348087358174,-0.011666438154047146,0.0,0.0,1.5,0.7653443508840224,11252.259004485342,11024.048619731699,10964.606680082614,11195.717855841536,0.0,0.0,0.0,0.0,0.0,0.0,nan,0,0.02116770894201958,-0.0036251664010139156,-0.013955228838376854
8.293472291,0.6955149474724247,0.11993022920826953,1.4473914802914418,-2.098715684135779,-0.3676162294118779,-0.31518080144208344,-0.03874047375786051,0.1896220540826092,-0.0072762585213935775,0.0,0.0,1.5,0.707737209973761,11184.603348755505,10976.161783730895,10932.838654597354,11143.578714158017,0.0,0.0,0.0,0.0,0.0,0.0,nan,0,-0.004746925009361469,0.0017210274846894136,-0.008991845227387607
8.308261486000001,0.6834086104396975,0.11408685137939105,1.4743592203139575,-2.0529923360659916,-0.38777266349634615,-0.3502875583407423,-0.03529174580107643,0.1991676053941809,-0.010533010009027326,0.0,0.0,1.5,0.6933401676404516,11135.582845907917,10942.640735143776,10907.76158004582,11102.698837363592,0.0,0.0,0.0,0.0,0.0,0.0,nan,0,0.014845402937601504,0.0011635687772283687,0.016655859845128962
8.323276826,0.6439359551371044,0.10467399146676776,1.4470324136838824,-2.020852479814249,-0.33426848543728677,-0.3114906519752894,-0.03894235578135467,0.20131494314371925,-0.0014738383729665599,0.0,0.0,1.5,0.654534738580066,11097.047905997002,10914.532744279477,10886.28733505724,11070.657354555724,0.0,0.0,0.0,0.0,0.0,0.0,nan,0,0.006598872687333057,-0.003050343325285934,-0.012023007119931872
8.337996446,0.6300936117973968,0.09453171998732873,1.4535009082030046,-2.03132721948866,-0.3175892683949077,-0.3158898898449314,-0.042423965520956404,0.20426462107627005,-0.01010802346910735,0.0,0.0,1.5,0.6388398635414017,11070.030826620414,10898.206664965048,10870.468046785652,11048.738850384627,0.0,0.0,0.0,0.0,0.0,0.0,nan,0,0.02350097979292698,-0.00808208022523696,-0.0069248972952220544
8.352752503000001,0.578511434752798,0.09724633817778662,1.4441073520366625,-1.9418489280406326,-0.34583371673825974,-0.3442189644289587,-0.03504521038062404,0.20918777924195267,-0.008674167413193403,0.0,0.0,1.5,0.5892845819509305,11047.730022416947,10892.133289720243,10853.190248752668,11015.599895908173,0.0,0.0,0.0,0.0,0.0,0.0,nan,0,0.0021723558632391615,-0.00034682338596206397,-0.017697067135734157
8.367459706,0.5401177666806003,0.0909707449052151,1.454990672402692,-1.9139485253907602,-0.32084479099010516,-0.3208170880588534,-0.044157662627282025,0.2153555374820562,-0.006770486024825505,0.0,0.0,1.5,0.5495713947099239,11049.213040067902,10899.369280850522,10860.520158996203,11013.667812770545,0.0,0.0,0.0,0.0,0.0,0.0,nan,0,-0.006467470958102406,-0.00169309236607601,-0.008191344781847798
8.382110672000001,0.5158399695536552,0.10433480540362232,1.4588207196388303,-1.8843283081877982,-0.333346834911155,-0.3817584563904197,-0.041494821146992385,0.22471383170499273,-0.01011145326343377,0.0,0.0,1.5,0.527894268711824,11047.779998172087,10904.121938107493,10863.35353018883,11013.433545819109,0.0,0.0,0.0,0.0,0.0,0.0,nan,0,-0.0015019128534987658,0.016507220437699796,-0.005739946412324448
8.397290663,0.4853680468278399,0.08880603421226362,1.4537322752211463,-1.815528790964736,-0.3634634160224332,-0.3791173122889507,-0.04438739952742817,0.22305036778527113,-0.011172984310027936,0.0,0.0,1.5,0.49558990602129266,11053.932861614356,10911.394704654633,10867.954258886339,11017.942423165128,0.0,0.0,0.0,0.0,0.0,0.0,nan,0,-0.0032499300196610625,0.005720228012130263,-0.012204020297543083
8.411883975,0.46650902688869117,0.07781078474541316,1.4600490736464462,-1.8138529592729027,-0.2929543951234324,-0.31021122775085563,-0.044003627108432336,0.2302449360626803,-0.008139926524326874,0.0,0.0,1.5,0.4746380377801991,11094.654310239188,10946.74955125838,10912.306985427096,11067.518585046399,0.0,0.0,0.0,0.0,0.0,0.0,nan,0,0.006084621847477489,-0.0006294360258680826,-0.007266042170332998
8.426785607000001,0.4387597408238638,0.06418598990854253,1.4600786728733488,-1.83795278299446,-0.29467377906741316,-0.40719114577749216,-0.043078152381554075,0.2347169818052111,-0.006764649608750334,0.0,0.0,1.5,0.4452231618277701,11091.867671718477,10947.212784409296,10914.616060332546,11068.718059138208,0.0,0.0,0.0,0.0,0.0,0.0,nan,0,0.00598657743384301,-0.009706732993411626,-0.00863110574044601
8.441518325,0.4006878885319581,0.07228403681002049,1.448060047560531,-1.760619095628782,-0.3168579833116649,-0.3730139971482738,-0.045818658200948575,0.23783884276855274,-0.0033924937577521175,0.0,0.0,1.5,0.4104552651059133,11099.486696006003,10957.182893035486,10919.79621656922,11073.518671553295,0.0,0.0,0.0,0.0,0.0,0.0,nan,0,-0.0049834224626476575,0.0028397313977881616,-0.022053616619063465
8.45615117,0.3895461845321764,0.04509624201388103,1.4780948701268133,-1.756042836449,-0.27877036317914927,-0.33367597093332607,-0.04118046324813217,0.24191909094125924,-0.007877252556486298,0.0,0.0,1.5,0.3927591318379652,11119.39227612287,10978.038252030681,10940.122134600808,11097.745202567728,0.0,0.0,0.0,0.0,0.0,0.0,nan,0,0.010417787959687397,-0.02000016323405332,0.006562478488546297
8.471188165000001,0.3482241265130457,0.08697726331195871,1.4721386423325122,-1.6808498248323533,-0.289388758722098,-0.33036798260346373,-0.04938612992869673,0.24119930197571693,-0.02016816772231435,0.0,0.0,1.5,0.36000186370363024,11068.047311722206,10937.624194507722,10905.156910634358,11051.788624162064,0.0,0.0,0.0,0.0,0.0,0.0,nan,0,-0.004928033693495815,0.02612714100982346,-0.0008272872256775976
8.485802193000001,0.33194751752112056,0.06375454485846527,1.454962106767822,-1.6313045224349667,-0.26450019560845933,-0.36197398840034317,-0.04907110455747707,0.248835556847859,-0.01133660765191915,0.0,0.0,1.5,0.341001771557477,11025.48677304142,10903.12377213565,10873.68740877351,11001.87314598473,0.0,0.0,0.0,0.0,0.0,0.0,nan,0,0.004203099847310321,0.0070490551296112855,-0.019430104988992003
8.500579884,0.29241846668253335,0.04274469977639027,1.4448046279958628,-1.6352876589333019,-0.2702361634670415,-0.2739295784341916,-0.05108021390943527,0.2515040952870359,-0.009993827640206463,0.0,0.0,1.5,0.3006363220015384,11040.599158915998,10917.280487242631,10885.57186834448,11006.08244217348,0.0,0.0,0.0,0.0,0.0,0.0,nan,0,-0.018705190282589934,-0.011254373473241708,-0.030528466427245604
8.515688077,0.2995937408424964,0.054402214645073686,1.4825027824705337,-1.5748356980107632,-0.29252957520155737,-0.34555304909414053,-0.04693066407916179,0.252938856118836,-0.01095695132557845,0.0,0.0,1.5,0.3049953493605485,11056.613738873677,10934.459129805744,10899.355445106185,11017.997741750307,0.0,0.0,0.0,0.0,0.0,0.0,nan,0,0.020937152474146292,0.005678239602424286,0.005299155609598483
8.530420622000001,0.24401535417256018,0.03506027144198612,1.487297368680006,-1.488529680552554,-0.27550887255709233,-0.3121505351985115,-0.048093193800303774,0.25565052152408135,-0.019071140877355834,0.0,0.0,1.5,0.24684827839788032,11023.903728917252,10910.389628498728,10886.48852996722,11000.65439705381,0.0,0.0,0.0,0.0,0.0,0.0,nan,0,-0.010974031116416788,-0.009828479020249595,0.008707268472070151
8.545286749,0.24731987860061186,0.051309497948830995,1.4737162042660576,-1.4653721803287474,-0.25277493569862985,-0.27676742786614583,-0.04685975534462836,0.2592483709003105,-0.01139133613754109,0.0,0.0,1.5,0.2539500440026859,11002.969852620217,10894.465228670617,10883.721643316008,10991.241594485686,0.0,0.0,0.0,0.0,0.0,0.0,nan,0,0.015408005755951831,0.010151833859255638,-0.006237696370372081
8.559635513,0.20128889158692062,0.030340232879807038,1.47220114248397,-1.5032794611003113,-0.26212280731736926,-0.3116666807765789,-0.0495903091032419,0.26122279790366437,-0.012403577459138249,0.0,0.0,1.5,0.20545199947113812,10968.174928768043,10870.091579443195,10862.088940985534,10958.194177943093,0.0,0.0,0.0,0.0,0.0,0.0,nan,0,-0.008138207403568742,-0.0071906647137136605,-0.00908502129559996
8.574721708,0.20676083906086418,0.04195939616767096,1.494319514255777,-1.3995551970071185,-0.22108632445575527,-0.3046876003556916,-0.047275635420095365,0.2615512317798841,-0.008508333471460936,0.0,0.0,1.5,0.21105189744278174,10950.70059239518,10861.401501030121,10852.776335797013,10942.33796763925,0.0,0.0,0.0,0.0,0.0,0.0,nan,0,0.019223838775838276,0.00795093371726148,0.011744346122337213
8.589451392,0.16573268308975608,0.021613521447491284,1.4880622440505338,-1.3558934129076368,-0.23091551283216585,-0.31723553666731436,-0.04779646697676485,0.26703737964612906,-0.007198543627517125,0.0,0.0,1.5,0.167561858937527,10948.346414331763,10868.80819102775,10853.175189987462,10936.05170158926,0.0,0.0,0.0,0.0,0.0,0.0,nan,0,-0.000512673903405092,-0.008977197444126953,0.004244968642828972
8.604172178,0.14442133055471848,0.027710338068855915,1.4766623436984283,-1.3330611485135044,-0.221932962615091,-0.33591850714819543,-0.052306268021147274,0.26703182330994635,-0.018722371905903878,0.0,0.0,1.5,0.14889603673951782,10953.8968594205,10878.819621393002,10859.010658946512,10941.338071441449,0.0,0.0,0.0,0.0,0.0,0.0,nan,0,-0.001134943283711748,0.00043223815296250523,-0.008348708248666403
8.618842015,0.11783272148863339,0.030711804462477805,1.4871472592996977,-1.2810713141671295,-0.2239498316497661,-0.29592545620544597,-0.046973257433186054,0.27168538848954144,-0.014152720545486523,0.0,0.0,1.5,0.12244573545154001,11005.699811045839,10916.948196375182,10899.86127281966,10984.334665328168,0.0,0.0,0.0,0.0,0.0,0.0,nan,0,-0.0076429834187153045,0.006640445260085934,0.0009845748825221268
8.63368114,0.11913229598910782,0.01767277271096973,1.467753588023627,-1.2664727093775783,-0.22105520222638747,-0.3105734886205126,-0.05027491077008973,0.27340964531358125,-0.017249203204240008,0.0,0.0,1.5,0.1246782335786001,11038.177354386113,10940.342012835084,10924.502322998092,11008.52466540729,0.0,0.0,0.0,0.0,0.0,0.0,nan,0,0.0131202998666098,-0.0032988859211955934,-0.019534238484987254
8.648760693,0.10490147224031647,0.012280660596359405,1.4768092939709887,-1.1778013674170777,-0.2229023363155959,-0.3008206503022794,-0.052227195707630555,0.2735227059002303,-0.019408880890795406,0.0,0.0,1.5,0.10813390933926731,11055.452014920189,10955.016430474705,10948.762384550872,11034.368037337998,0.0,0.0,0.0,0.0,0.0,0.0,nan,0,0.01773053893180318,-0.005699040237462455,-0.011584344549900427
8.66349355,0.0608586323881006,0.013807624792210909,1.4745566464562052,-1.1708835945207363,-0.177067092303808,-0.2918361551281849,-0.04938784065810008,0.2755678164001995,-0.01702584410410513,0.0,0.0,1.5,0.06739278802740675,11070.308766030137,10968.85204788553,10967.453530715147,11052.809965183,0.0,0.0,0.0,0.0,0.0,0.0,nan,0,-0.008099426335946722,-0.0012885163623185345,-0.014930641373176012
8.678025393,0.06093559229427341,0.0067068178730816785,1.5007600700365278,-1.132175400418061,-0.21011986849538625,-0.2855377671016069,-0.05211632549118867,0.27552364831622356,-0.01090170470011947,0.0,0.0,1.5,0.061308282643514234,11076.252850171244,10979.609575440072,10974.344677700965,11051.989586685593,0.0,0.0,0.0,0.0,0.0,0.0,nan,0,0.009557714679353548,-0.005614647369203566,0.010186905341372343
8.688419435,0.03164368721235078,0.017795362817060352,1.4977499460529067,-1.1272705880408744,-0.21736035054101366,-0.21407144279462623,-0.04890816783186519,0.27879807901793013,-0.008691610106956332,0.0,0.0,1.5,0.03637390027133104,11082.164734422871,10990.308828045921,10981.198494432689,11051.173652286947,0.0,0.0,0.0,0.0,0.0,0.0,nan,0,-0.008367335664546185,0.007263025221959877,0.006456210699206766
8.703261300000001,0.022887884021357562,0.008215143205347861,1.49060459330126,-1.0736644684614294,-0.13873502096463894,-0.2248164638523516,-0.050939172890380566,0.27692379938596196,-0.013471369998376384,0.0,0.0,1.5,0.026069474100837122,11013.589728692315,10942.780454678033,10939.842825323843,11005.496424771689,0.0,0.0,0.0,0.0,0.0,0.0,nan,0,-0.0006033483052618853,0.0002756225517701466,-0.0017597765370238605
8.717636566000001,0.010358312362654845,-0.0009284749455238488,1.4608246175515918,-1.054709819036368,-0.16412775047285297,-0.19905997420905086,-0.050219276872241835,0.27885105297168156,-0.017193079078881277,0.0,0.0,1.5,0.04053229935133024,10967.609898594408,10913.002835636742,10902.299721077787,10951.133427003018,0.0,0.0,0.0,0.0,0.0,0.0,nan,0,0.0027541666776134564,-0.006383312264926728,-0.0325764770790864
8.732592301,-0.016395087479904348,0.01095034149483065,1.4914958141972003,-0.9678822201622679,-0.15239876218636994,-0.20017394421768672,-0.050422372977890116,0.28231391265685707,-0.010284282327013939,0.0,0.0,1.5,0.021471610291165063,10959.407579631836,10911.130802580565,10895.448250392956,10933.003403099683,0.0,0.0,0.0,0.0,0.0,0.0,nan,0,-0.008743765691703285,0.007872509420637174,-0.0028959995331339083
8.747184773,-0.02077387903302246,0.006746332475566187,1.478659174716771,-0.923333500593249,-0.14414857266037323,-0.15575149508114886,-0.05201562555377734,0.2838675570410159,-0.016479890503071762,0.0,0.0,1.5,0.030536828186942325,10943.279708368707,10902.832706368423,10883.239220345826,10918.19291662011,0.0,0.0,0.0,0.0,0.0,0.0,nan,0,0.0015003631967273508,0.00593795854279922,-0.016672871973851144
8.762019823000001,-0.04247706266723368,0.008916808548252173,1.4877614359215465,-0.8452790089487559,-0.1392351643131493,-0.21751159840775972,-0.05236238630517598,0.2821865460672484,-0.012482849480089098,0.0,0.0,1.5,0.04509537424420261,10929.213995215148,10891.217067668334,10871.339980907738,10903.783097418545,0.0,0.0,0.0,0.0,0.0,0.0,nan,0,-0.006213116449012131,0.010270558619014351,-0.008455450367973238
8.776788341000001,-0.04228299507305185,-0.01713896673930762,1.4657053243966192,-0.846682434742253,-0.13026279928057363,-0.1884021438087963,-0.05330154986396797,0.27906624558127,-0.02620148599329678,0.0,0.0,1.5,0.05707644547429303,10962.980574700923,10919.954572115634,10899.605658104796,10937.208686053367,0.0,0.0,0.0,0.0,0.0,0.0,nan,0,0.007336147487133647,-0.013730276405545597,-0.0313386587895772
8.791589734,-0.05343154020916595,-8.279584935420251e-05,1.4943050456909717,-0.8216633982610506,-0.11141546450318916,-0.15885019970677947,-0.05294583816690773,0.28208616066733494,-0.0142596762385638,0.0,0.0,1.5,0.053734242795989116,11003.715509269801,10954.483811333534,10939.163750841579,10976.604582220481,0.0,0.0,0.0,0.0,0.0,0.0,nan,0,0.008902124654339358,0.005273023568520685,-0.0035230751593047227
8.806556078,-0.0677849568706815,0.010485117508803711,1.5084769632761303,-0.754083533832531,-0.09537391123260032,-0.16038447807566236,-0.05337044556524005,0.284945849579565,-0.020479296748824136,0.0,0.0,1.5,0.06911292913426863,10969.790743063213,10933.379805944569,10911.001834287617,10935.967867643954,0.0,0.0,0.0,0.0,0.0,0.0,nan,0,0.00661962695108656,0.017680219001717148,0.009903615014664968
8.821436971,-0.07172416969328102,0.008486481548851042,1.4930688281944857,-0.7357266508982012,-0.11552148286810042,-0.16574450284748746,-0.0549048446639672,0.28730649631239474,-0.01860961466920825,0.0,0.0,1.5,0.07255630937325241,10952.40693560876,10916.273615865282,10888.79240949706,10908.54630246907,0.0,0.0,0.0,0.0,0.0,0.0,nan,0,0.014109038618323064,0.017413742405893155,-0.006200792809073263
8.836158844,-0.10847166718471297,-0.02212010510410721,1.506896694046574,-0.6665917193070168,-0.0910961386274274,-0.20816782784447885,-0.04823633602163059,0.28472644972224176,-0.006871431315820303,0.0,0.0,1.5,0.11091873611081195,10971.967641970426,10912.300924149278,10887.265702462259,10925.018290062946,0.0,0.0,0.0,0.0,0.0,0.0,nan,0,-0.011852322898689649,-0.011567269283895476,0.006984320925088605
8.850777166,-0.1082606226972035,0.004299517073384881,1.494324761341131,-0.6426401783563632,-0.08434374122880085,-0.16565085531447007,-0.05119056005158989,0.2867282385729671,-0.019456250373387936,0.0,0.0,1.5,0.10849450035686466,10980.514992037444,10910.564995692646,10886.598584453586,10932.215977184322,0.0,0.0,0.0,0.0,0.0,0.0,nan,0,-0.0014997312218110598,0.016371642710666347,-0.006179141635526797
8.865582108,-0.12454462348362812,-0.017914025652872964,1.4792777130102972,-0.6063994964767275,-0.11351400515296906,-0.061576455154521245,-0.04806766304615062,0.28630120613411847,-0.012773141622030547,0.0,0.0,1.5,0.127521326576593,11029.039215154216,10923.829952740156,10899.80046849861,10984.6971660166,0.0,0.0,0.0,0.0,0.0,0.0,nan,0,-0.00829069662360618,-0.004428822616570592,-0.02177548398638507
8.88046014,-0.12359844450130182,-0.01708115825045272,1.4570124713353965,-0.5760605384233681,-0.07184082187412213,-0.16654433360871004,-0.04767945310829572,0.2901789713318214,-0.014498052240517968,0.0,0.0,1.5,0.1319707129290757,11042.04988299105,10918.663491199917,10892.855488601168,10990.963886946545,0.0,0.0,0.0,0.0,0.0,0.0,nan,0,0.0014983822317593959,-0.002288584926703195,-0.04454974198739814
8.895170501,-0.1298771489648491,-0.016466902095267,1.5164580588600056,-0.5466598078979467,-0.06734890926486224,-0.0942368264964157,-0.04866578345580747,0.2915607704366149,-0.013765868652689282,0.0,0.0,1.5,0.13194733945514825,11023.47859409027,10872.889101841516,10860.095570651149,10994.25494742276,0.0,0.0,0.0,0.0,0.0,0.0,nan,0,0.0034146786308554,-0.0004714910751517226,0.014437121057968128
8.910016148,-0.15083509018678076,-0.0006745487361760477,1.5028619844844116,-0.5171908970813106,-0.07806136602817766,-0.12324661786940241,-0.05202389048029502,0.2899109858913918,-0.01911420792637899,0.0,0.0,1.5,0.1508637478085467,11067.482843821153,10879.089105682273,10862.221364942325,11034.20204318837,0.0,0.0,0.0,0.0,0.0,0.0,nan,0,-0.010001477455369723,0.016419132827571577,0.0004159323079218069
8.924838746,-0.13918755423111995,-0.02033675172555193,1.4842521205546901,-0.41274674046685883,-0.07107463148264809,-0.09355280331720264,-0.0515312034488589,0.28891389625356245,-0.012182131936067578,0.0,0.0,1.5,0.14154417837061228,11028.38204211609,10824.801006233454,10804.010563478087,10986.23538311409,0.0,0.0,0.0,0.0,0.0,0.0,nan,0,0.008538971213389868,-0.002247869317682203,-0.018571277124025176
8.939640893,-0.15936859798069083,-0.02264435242015389,1.4916439848473269,-0.39391097282242976,-0.08352755976082618,-0.048927356515688934,-0.05207638802348987,0.2917117839001078,-0.017998545868845472,0.0,0.0,1.5,0.16118604067378442,11026.765683115078,10795.763607971998,10773.554962616052,10982.51011747676,0.0,0.0,0.0,0.0,0.0,0.0,nan,0,-0.00539344341089712,-0.003661820755063435,-0.011495812748712364
8.954301101,-0.1522085577584782,-0.017144529145896686,1.48634510018331,-0.3239118295845508,-0.05097228944567842,-0.11405315900782968,-0.05171893655977278,0.28539952193619567,-0.02323372203635467,0.0,0.0,1.5,0.15377852978733517,10985.018200444172,10708.066157868368,10697.873857006,10952.06301310375,0.0,0.0,0.0,0.0,0.0,0.0,nan,0,0.007376010182925163,0.0026316778674387517,-0.017037285677982128
8.969196245000001,-0.1596033415634795,-0.012498094765543321,1.5236528162035423,-0.2923383006582506,-0.014051758765596426,-0.07542510954352773,-0.04716802691295533,0.28898390067823376,-0.009341529552844487,0.0,0.0,1.5,0.16182980172191944,10996.678684530678,10684.44811951176,10676.300149251872,10960.524944282295,0.0,0.0,0.0,0.0,0.0,0.0,nan,0,0.0049583973527080605,0.00797365021999627,0.020118711692051372
8.983850643,-0.180782363446309,-0.0048377620942590335,1.503162008010921,-0.28726785766253987,-0.07686194136958498,-0.10351473481409242,-0.048791296362412695,0.2800984595924931,-0.018022523114251707,0.0,0.0,1.5,0.180874722307942,11013.163513737862,10679.241957351927,10657.512726399329,10962.263920817155,0.0,0.0,0.0,0.0,0.0,0.0,nan,0,-0.011873733472019837,0.01623237099531869,-0.0004353522506135299
8.999040807,-0.17234025451213403,-0.00562706418195915,1.5187825497726508,-0.2211560104113677,-0.05722418273767507,-0.09298035669368429,-0.04906360338729015,0.2866664649726818,-0.016251579866275942,0.0,0.0,1.5,0.17345204337965328,11011.797240426919,10675.283194905493,10648.454070621456,10960.012258181698,0.0,0.0,0.0,0.0,0.0,0.0,nan,0,0.0002904326288316883,0.015945774019868218,0.015216873458720359
9.013469682,-0.17318445499929971,-0.019320118961387273,1.5186921615337488,-0.2374472639294114,-0.005165615054962834,-0.07456686432318707,-0.04551122803530064,0.27924049830306735,-0.012662398510782175,0.0,0.0,1.5,0.17525843589650794,11011.160648073801,10657.365698561045,10635.388266746782,10963.302070055084,0.0,0.0,0.0,0.0,0.0,0.0,nan,0,0.0025465999860941613,0.002660826976389835,0.015248672375553829
9.028497464,-0.171550747132865,-0.012667536957451568,1.5003220054095223,-0.11099024690116512,-0.05269628742656957,-0.048918442204160945,-0.044664069456109935,0.2797669937619492,-0.014287723426085173,0.0,0.0,1.5,0.17201810666873518,11002.730862775736,10650.551081477446,10625.499287561459,10950.938156411092,0.0,0.0,0.0,0.0,0.0,0.0,nan,0,0.006664512276894241,0.009628328148374587,-0.0029082662085559985
9.043443296000001,-0.17127433004750492,-0.024197655224266982,1.5236747743565815,-0.1046254854426032,0.017681794484970984,-0.044064680782230845,-0.048065751256682915,0.2792081860939864,-0.01671622649287774,0.0,0.0,1.5,0.17458785064376384,10998.391110825569,10629.188698434036,10608.05024422701,10951.512362550066,0.0,0.0,0.0,0.0,0.0,0.0,nan,0,0.008816083409271175,-0.0016784627997813405,0.020751534856755294
9.05801218,-0.16215696775275254,-0.01976595340255566,1.5083054928947532,-0.08159659597064636,-0.01026776389698435,-0.02276242498763678,-0.04115850756387166,0.27460740325421945,-0.007137893677221511,0.0,0.0,1.5,0.16356820081208948,10991.688667807965,10602.861995350506,10579.316388891028,10941.04032702581,0.0,0.0,0.0,0.0,0.0,0.0,nan,0,0.019207322601266785,0.0028866235831098534,0.005784958378372673
9.072970196,-0.17555888491997965,-0.0343106151607694,1.5249809191200099,-0.030803091905684997,-0.009680110841475442,-0.041993921761682124,-0.04432980509786672,0.2668978189822284,-0.01362156672837795,0.0,0.0,1.5,0.18061613080546696,10961.004175540871,10577.799646948873,10546.362824942951,10908.970208155994,0.0,0.0,0.0,0.0,0.0,0.0,nan,0,0.006488397054870199,-0.011612619674450528,0.022966511176909732
9.087604874,-0.1830559165353735,-0.022768012728603085,1.4849375359118346,0.03667505139963534,0.057116500421732636,-0.048047107373372394,-0.04453254041335019,0.2690111812428297,-0.009890067725190447,0.0,0.0,1.5,0.18508033068541543,10944.195776976485,10566.152298869243,10534.132822776111,10897.669392146516,0.0,0.0,0.0,0.0,0.0,0.0,nan,0,-0.000905229481577785,-0.00011050605632789007,-0.016459723944418414
9.10269182,-0.18066857530545707,-0.009576438253825204,1.4993662375050862,0.03556503999386038,0.013747346133775656,-0.08500936330458328,-0.04045235845341843,0.258867181101636,-0.009924773827162493,0.0,0.0,1.5,0.18092330951934552,10985.901516385784,10614.192361361991,10563.261971160568,10921.858570087514,0.0,0.0,0.0,0.0,0.0,0.0,nan,0,0.0010155043081939985,0.012956428828573903,-0.0013049876076647315
9.117608154000001,-0.17959723426911994,-0.027368068977811615,1.5035227827242834,0.12451940821229185,0.031647792201081944,-0.037132949566586936,-0.041279695540015815,0.2553777104045498,-0.015969644756867764,0.0,0.0,1.5,0.18170467180238903,11035.10047316472,10675.079165069284,10608.746198793515,10959.510401535366,0.0,0.0,0.0,0.0,0.0,0.0,nan,0,0.0010558872278246811,-0.005042845182540095,0.0036660418460559008
9.132214138,-0.1774002190561251,-0.019448649087736043,1.4937382439843137,0.1679650641149326,0.0332898053674997,-0.060480746253137936,-0.039352685152394574,0.2507295634543636,-0.010312544977084635,0.0,0.0,1.5,0.1785729466097792,11039.38373247957,10683.807802979596,10627.665962671403,10967.566394372407,0.0,0.0,0.0,0.0,0.0,0.0,nan,0,0.0016647850002163012,0.0025873240210387075,-0.0052345676934257845
9.147039206,-0.1785491555891764,-0.011166146521764732,1.4774402089769099,0.12832327360283338,0.03948418791783909,-0.003706904526403109,-0.03744774553027645,0.24362492394201596,-0.017500355361790034,0.0,0.0,1.5,0.18031480238948475,11047.221741932459,10688.143334420525,10638.760723550187,10978.45932447539,0.0,0.0,0.0,0.0,0.0,0.0,nan,0,-0.0016172719402737235,0.010501135007335462,-0.02058325663718885
9.161728830000001,-0.17997141845632794,-0.03173772800437529,1.4905732629889337,0.20725121427053708,0.002576108876325702,-0.08073880130545857,-0.037194373692856456,0.2380318619632877,-0.013814285603958715,0.0,0.0,1.5,0.18299141567499339,11036.112868851364,10704.418568595938,10662.312624239197,10969.56853913511,0.0,0.0,0.0,0.0,0.0,0.0,nan,0,-0.005705713970195814,-0.010516413890729829,-0.006444210083143442
9.176727405000001,-0.18924845002677412,-0.021969035809998802,1.492929405029076,0.25175232091359956,0.05378847817823966,-0.027413881187359827,-0.0337882340700924,0.23042794894950583,-0.01396522144039897,0.0,0.0,1.5,0.19065048566736012,11034.763232105412,10729.159976780724,10702.818565479593,10980.21881569603,0.0,0.0,0.0,0.0,0.0,0.0,nan,0,-0.018167855523212706,-0.0012684628675148982,-0.0030292460704133273
9.191294698,-0.17667486771677637,-0.007183116207821473,1.5022004315693838,0.26889469659358506,0.036379675126441156,-1.4446380240776789e-05,-0.035345887146405866,0.2237562735589383,-0.013028449159498306,0.0,0.0,1.5,0.17683452134774771,11037.735566094996,10747.574576285378,10731.518568252373,10993.752218189682,0.0,0.0,0.0,0.0,0.0,0.0,nan,0,-0.00928585567709761,0.012924220490681431,0.007338868266715037
9.206366797000001,-0.14191092356783827,-0.026788376196609662,1.483224087788545,0.29693254453905393,0.04850249676805022,-0.014847291410258992,-0.033205364216495115,0.21710851131976897,-0.008688922133132779,0.0,0.0,1.5,0.1453883026851004,11013.595691095585,10734.587710811857,10718.497723347251,10970.725438001968,0.0,0.0,0.0,0.0,0.0,0.0,nan,0,0.021295570975912198,-0.0073440629151213695,-0.010507122776858724
9.220955177,-0.14205438734513637,-0.022574421795268217,1.48628237364658,0.3160462843945005,0.035829748284734175,-0.0030608992206655776,-0.0355638719861109,0.20862305029667427,-0.01483691134722142,0.0,0.0,1.5,0.14448953856997662,10997.444853460549,10732.120264516132,10715.231261439558,10964.344372100713,0.0,0.0,0.0,0.0,0.0,0.0,nan,0,0.01649708986147405,-0.0038598244663317627,-0.006280503553815597
9.235636114,-0.14473357860771432,-0.03147098412007164,1.4991234484260785,0.3602282809387141,0.010162844024600845,-0.05457496122635727,-0.027658246501615955,0.19833088027408272,-0.007377398293501299,0.0,0.0,1.5,0.14811819591374642,10990.462995966225,10735.730461728721,10723.370405404463,10965.521920344097,0.0,0.0,0.0,0.0,0.0,0.0,nan,0,0.008707585812980284,-0.013549900095190737,0.007763060947511002
9.250634466000001,-0.1338312023765187,-0.046562398412835895,1.5055820134633564,0.38956684897389726,0.052508874372976355,0.03509168550303467,-0.025124174816221912,0.1909494840604327,-0.0038903449662974284,0.0,0.0,1.5,0.14180975477662128,10987.435632241128,10757.749015344654,10766.514241270279,10989.2692522591,0.0,0.0,0.0,0.0,0.0,0.0,nan,0,0.01406191833935097,-0.02949571244637361,0.015452936543751461
9.265172657,-0.139866547090457,-0.007150600602510224,1.4781907920463875,0.40869559429474067,0.074923252617135,-0.03712907752245265,-0.026647044081491194,0.1851700273956735,-0.009459220547498044,0.0,0.0,1.5,0.1417371639181043,10957.419038629889,10745.067032971807,10766.827974319749,10982.025196328565,0.0,0.0,0.0,0.0,0.0,0.0,nan,0,0.0020576512947108327,0.009003557848522635,-0.010690500097521927
9.279869945,-0.13928474291315815,-0.005845396924206013,1.4846194964083022,0.44439278264012794,0.10163899746827834,-0.001628404950411276,-0.022283884584257736,0.1729356991292106,-0.0011967050771842973,0.0,0.0,1.5,0.1402532287126407,11000.318821178704,10811.966591797414,10811.679395189389,10999.531786704983,0.0,0.0,0.0,0.0,0.0,0.0,nan,0,-0.0037314276814021663,0.00934103796721717,-0.0030027189000501053
9.294901405000001,-0.11176743275514359,0.0010536620729897552,1.47336982906644,0.4739502529413346,0.08422244452870066,0.014698061921492792,-0.022606389741873848,0.1651444053363052,-0.006684456042470729,0.0,0.0,1.5,0.11490098011936285,11011.71676527264,10840.805128974162,10821.430895036392,10994.324723263539,0.0,0.0,0.0,0.0,0.0,0.0,nan,0,0.017030651862375512,0.015219827276720442,-0.012997686484082838
9.310123494,-0.1312525400931474,-0.005709880003947761,1.4854888155750763,0.4857796715251417,0.09841561168655816,-0.042572888325664957,-0.023594621450979316,0.15684475406895504,-0.009762096166023927,0.0,0.0,1.5,0.13217566524885319,10995.703442816923,10833.044457725133,10799.570326782521,10967.914894994316,0.0,0.0,0.0,0.0,0.0,0.0,nan,0,-0.009573552895441581,0.007386463998060647,0.00036912572441161196
9.324562651,-0.1070603824607828,-0.009497466487025243,1.465790227879966,0.4988622407438673,0.03666490420854839,-0.01806641222930114,-0.0238397457356092,0.14769470137840487,0.00398815015361292,0.0,0.0,1.5,0.11279377585144455,10997.923691782258,10848.377523214293,10808.260157157898,10963.815641669966,0.0,0.0,0.0,0.0,0.0,0.0,nan,0,0.0071573209707207625,0.0024826656542758785,-0.018086196679758304
9.339273091,-0.12831256739050617,-0.020102170572729724,1.4701122320045723,0.502904176951193,0.09458843768383861,0.0015811726987871673,-0.016766013016185674,0.13935446021505757,-0.0019610628189351666,0.0,0.0,1.5,0.13327224350113875,11004.403851122137,10886.948992074254,10856.35949056795,10992.60105171775,0.0,0.0,0.0,0.0,0.0,0.0,nan,0,-0.021878256597025927,-0.009281663408905726,-0.01253614411602677
9.354181425,-0.09892976845736928,0.003835833020794018,1.4768480715009316,0.5511687469037023,0.10271651345335754,0.018958253343653544,-0.015472313257542027,0.13090866255675454,-0.0124832410452266,0.0,0.0,1.5,0.10167509279670262,10994.119200678577,10905.645733330935,10883.806692724349,10999.250278212538,0.0,0.0,0.0,0.0,0.0,0.0,nan,0,-0.0005808008401593234,0.013456332926696709,-0.004600941649345547
9.368835347000001,-0.08212721990235243,-0.006959110641344215,1.469355357911515,0.5628087122498624,0.03302801530757462,-0.021244087522088242,-0.014441299552095064,0.1173255336493811,0.0017173190159961212,0.0,0.0,1.5,0.08793408644285314,10970.466849026285,10886.683474738305,10865.564299281605,10960.882672214086,0.0,0.0,0.0,0.0,0.0,0.0,nan,0,0.007856522173795441,0.0014242953654077187,-0.010925269043699837
9.383596021,-0.07137345594675791,-0.012088016532870031,1.4794723954333755,0.5962634478596692,0.09661454084285724,-0.012580418098772672,-0.014082329659501904,0.10666346214477383,-0.0008431955623200844,0.0,0.0,1.5,0.07524408884906797,10961.08301859663,10881.366741979156,10870.802149470583,10956.780184470079,0.0,0.0,0.0,0.0,0.0,0.0,nan,0,0.009988592062961446,-0.004975317721756564,0.0003362781179938601
9.398280211000001,-0.06087394804249085,0.002736388566800657,1.482390554527121,0.6042570521046682,0.07799008967125266,0.021000918560491615,-0.013928755639864359,0.09785357637960328,-0.006453863796032221,0.0,0.0,1.5,0.06342884156699295,10958.883265999644,10894.344658310838,10884.044306122887,10961.780071941128,0.0,0.0,0.0,0.0,0.0,0.0,nan,0,0.011632158145990577,0.008548096088011917,0.004370983732270073
9.408283673000001,-0.07782908351361811,0.0021624211273801926,1.4558250971392013,0.5922812016712584,0.09579289572970687,-0.028747306973374284,-0.012291891849089895,0.09090222644580809,-0.00759839765478736,0.0,0.0,1.5,0.08951795545287486,10958.36270001914,10897.41584993001,10887.178029556677,10962.963282874642,0.0,0.0,0.0,0.0,0.0,0.0,nan,0,-0.011346088822848086,0.007091622830563668,-0.021468344388962946
9.42311154,-0.062862905351867,-0.0016664253758947691,1.487122064538674,0.6111722296716988,0.08295694635108017,0.04068052308722091,-0.0121559206703465,0.08176811677025872,-0.006968429568354011,0.0,0.0,1.5,0.06419005424952758,10948.379929809355,10905.426111321405,10900.57734484802,10953.412255690226,0.0,0.0,0.0,0.0,0.0,0.0,nan,0,-0.005576165538179696,0.0019187962607548502,0.010892171154439856
9.437786339,-0.05785519968952987,-0.022530585362709226,1.469936742079354,0.6203374035556098,0.08904584906154549,-0.04115923930778282,-0.011646223559644158,0.07135429568659366,-0.004775348859067506,0.0,0.0,1.5,0.0689829753251118,10881.784119890575,10853.215751965763,10853.530222867981,10888.659738005954,0.0,0.0,0.0,0.0,0.0,0.0,nan,0,-0.009937853896836414,-0.020310542597703138,-0.005255976555815556
9.452882884000001,-0.043377416526448706,-0.008473990837416732,1.4444811390937198,0.6331228543076441,0.1094448122596428,0.004696545054173209,-0.0067987393607903185,0.056760341683882796,-0.010299954698028836,0.0,0.0,1.5,0.07096303757275711,10874.523311333098,10864.910438833747,10870.178430880715,10885.781195203082,0.0,0.0,0.0,0.0,0.0,0.0,nan,0,-0.004978601904551648,-0.007636814166552484,-0.02968621328016141
9.467364044,-0.03438068929957676,0.0024236997902491913,1.4815949736793168,0.6316954911978406,0.10898885689966263,-0.04480603756273322,-0.003648461468269364,0.050100355793372145,0.003022212980837032,0.0,0.0,1.5,0.039072382973813186,10901.676473939546,10912.213331484081,10920.128755809745,10911.710564590308,0.0,0.0,0.0,0.0,0.0,0.0,nan,0,-0.005627521855343851,0.001863580816822867,0.008427389654971806
9.482285567,-0.007788830582596379,-0.012369517173512309,1.487696459838166,0.6567643197547071,0.0698249738623755,-0.058171558477404794,-0.0026394836037176455,0.03955651739621581,-0.004571180917042433,0.0,0.0,1.5,0.019106227714126862,10932.051510676833,10974.042861016622,10980.02245580194,10943.493191437403,0.0,0.0,0.0,0.0,0.0,0.0,nan,0,0.011213427439617394,-0.014338132608943926,0.015483069815227957
9.496943036000001,-0.018196563938017895,-0.0025765252471222607,1.468771145563685,0.6382868030856047,0.1191644568701667,-0.011866862682818615,-0.003952346118064123,0.030317530886840263,-0.00019301076963562977,0.0,0.0,1.5,0.036235269709276166,10941.23134596415,10988.473948519775,11016.44667935279,10973.646184615005,0.0,0.0,0.0,0.0,0.0,0.0,nan,0,-0.009028063068055477,-0.0059615511927317245,-0.0025463602040070032
9.51210721,-0.002474131183240619,0.0026827958260074456,1.4888537992931994,0.6806553464471803,0.08539445502325209,-0.02790527139207442,-0.001409502084458131,0.02081534170183163,0.0002126973555609949,0.0,0.0,1.5,0.01172844869333575,10934.25505958717,11001.196679857278,11017.588043374197,10961.49611713879,0.0,0.0,0.0,0.0,0.0,0.0,nan,0,-0.0031995900313613623,-0.002123271695405331,0.01836658373605271
9.526469693000001,0.02263919882315344,0.005462374998831592,1.4674159610691544,0.6677341832247733,0.0882986104784661,-0.05443532776206797,-0.001181337202854239,0.011541243796758836,-0.005961330168945486,0.0,0.0,1.5,0.04005109807519632,10919.811713879531,10988.13212818046,11003.813415848304,10951.113270607137,0.0,0.0,0.0,0.0,0.0,0.0,nan,0,0.011982374081397818,-0.0007661303366915048,-0.0023031558476356295
9.541466125000001,0.022649154172828815,0.010938720210453959,1.4820828418214298,0.6894982341762823,0.0604452137482781,-0.037711565938138805,0.003149629362225421,-0.0001310285070127857,-0.005803938744463291,0.0,0.0,1.5,0.03088145627691589,10920.753709484592,10994.257110521005,11009.21845243593,10955.727515455368,0.0,0.0,0.0,0.0,0.0,0.0,nan,0,0.0020460961038825283,0.003289538582442411,0.0130745678952926
9.556268837000001,0.04198048040359893,-0.002247572805073735,1.4621715469516685,0.672908167971641,0.10998961835389545,-0.0935020417267519,0.005252020624483521,-0.008315663118496158,-6.911706786091389e-05,0.0,0.0,1.5,0.05655443553304092,10914.170331568099,10990.184271144817,11021.801599564153,10957.57336465001,0.0,0.0,0.0,0.0,0.0,0.0,nan,0,0.011438534172425685,-0.011312581212380156,-0.006187063298249029
9.571216408,0.061407004294139506,0.01583872381167562,1.4451546036603105,0.6867872824538536,0.08627012575041931,-0.06708241295420801,0.0047048014274515704,-0.018514420370589323,-0.00037825928824222494,0.0,0.0,1.5,0.08384332321670367,10962.759185782432,11056.594599754531,11083.730652964274,11006.012367489922,0.0,0.0,0.0,0.0,0.0,0.0,nan,0,0.020955605478658927,0.005365759547057546,-0.022621822765083177
9.585680485000001,0.06163593254414825,0.001906607276317215,1.471965982057846,0.6432041753112268,0.11652701081738441,-0.0326184892212349,0.0042816118754614545,-0.026091819358344162,-0.004952869809241662,0.0,0.0,1.5,0.06773868535684699,10997.035542600925,11099.672204842727,11121.038053950202,11038.595980696056,0.0,0.0,0.0,0.0,0.0,0.0,nan,0,0.011326816911248934,-0.0099634301213415,0.004679355340538205
9.600924704,0.06297905015267366,0.023735893971201773,1.4670479038066266,0.6591419507682991,0.0872812038833273,-0.07638033019078211,0.004765320021121649,-0.042765025188468045,-0.0066355860365038604,0.0,0.0,1.5,0.0749372675261278,11013.016359679184,11131.38180012,11141.381216657013,11045.491327714537,0.0,0.0,0.0,0.0,0.0,0.0,nan,0,0.0028861675477911547,0.010482595608116969,0.00014205940308675835
9.61552359,0.07969900131792314,0.000685644041564383,1.489070390089138,0.6255852609484092,0.1090601358822869,-0.08920473664325229,0.008742341450144091,-0.048392910688620935,-0.0028933655748208512,0.0,0.0,1.5,0.08044785448742346,10998.535654655103,11140.984774373352,11145.895413129387,11020.962322735595,0.0,0.0,0.0,0.0,0.0,0.0,nan,0,0.009917690203537846,-0.013934356212795235,0.0224410779204558
9.630463431,0.0857690663750379,0.023152854000436776,1.4775997539513448,0.6214428796566798,0.07822740050254091,-0.025419805322346098,0.007826963942295291,-0.05284926990706819,-0.00086233215475961,0.0,0.0,1.5,0.09161963991553061,10990.453503840687,11155.311855662614,11159.799445875276,11010.867958550869,0.0,0.0,0.0,0.0,0.0,0.0,nan,0,0.006415854746207095,0.007185436037741331,0.011142774759524077
9.645015886000001,0.07814940104474273,0.009668864688969896,1.4645330041101265,0.6429377893800321,0.11988070667015924,0.031895629067300216,0.010490944859076624,-0.06462858816422447,-0.00030931310233054814,0.0,0.0,1.5,0.08636390232891254,10927.890444849501,11105.376760802752,11111.009408031254,10950.813960777747,0.0,0.0,0.0,0.0,0.0,0.0,nan,0,-0.010639044861584665,-0.007624096409098743,-0.0018456804038702312
9.660017695,0.08434732778195005,0.02946849185003529,1.475035566187365,0.5702680671943771,0.07471121367276694,-0.08177101049683157,0.010851537942864977,-0.07565620499459202,-0.0032140630628044436,0.0,0.0,1.5,0.09276899628354696,10876.08816332382,11061.157223849581,11060.929757379072,10897.181351707295,0.0,0.0,0.0,0.0,0.0,0.0,nan,0,-0.013720878666449832,0.010874287443914325,0.008662000964171357
9.674599514,0.10161969993605367,0.0041009811726883845,1.4727778408523409,0.6052748820777911,0.05092256868254309,-0.06719977482622601,0.012498480023942974,-0.08267643056549386,-0.00345760120235575,0.0,0.0,1.5,0.10528260734961313,10890.298224337264,11121.202303114282,11125.825247887105,10914.146905341562,0.0,0.0,0.0,0.0,0.0,0.0,nan,0,-0.005553939645027775,-0.01576768535463212,0.00634499678712519
9.689496194,0.11151428484748027,0.02717891221200102,1.467228384551851,0.5828139459477246,0.08717364703409596,-0.08174802889576335,0.013288232466212356,-0.08790898552837459,-0.0030591662203805106,0.0,0.0,1.5,0.11936543793390943,10894.380254997672,11142.871526825722,11160.256926237389,10929.231341119423,0.0,0.0,0.0,0.0,0.0,0.0,nan,0,-0.004570804034638942,0.006065223983964415,0.0006616536669654671
9.704361467,0.11605023759725319,0.020720766764194834,1.4874128105873572,0.5721834356023092,0.07859595782841171,-0.02580328442682502,0.017433938513247864,-0.1000335266635441,0.002852882924832817,0.0,0.0,1.5,0.1185556627031574,10921.119062670172,11168.092431106841,11183.276118686716,10952.197112955464,0.0,0.0,0.0,0.0,0.0,0.0,nan,0,-0.008733459776325184,-0.0016059112430210493,0.020630648766479354
9.719120995,0.13250018175610992,0.021833886628492186,1.468899489277879,0.543114653059533,0.08886906031914714,-0.05852670639245034,0.017608011072152645,-0.10425173640643487,-0.008245078259535462,0.0,0.0,1.5,0.13784142533318777,10871.8187955152,11121.921550134777,11141.306935804143,10912.19941865216,0.0,0.0,0.0,0.0,0.0,0.0,nan,0,-0.0007516359911984016,-0.0016712988123360542,0.0018194640435329479
9.733744013,0.13815834559282908,0.021964569500467775,1.4660540398232818,0.5402296069371961,0.09928908148699639,-0.041457419661995225,0.015776158638285225,-0.11110719894536226,-0.005366455375650886,0.0,0.0,1.5,0.14395311383435863,10876.995848312305,11128.510226870925,11153.677209807935,10911.463260777233,0.0,0.0,0.0,0.0,0.0,0.0,nan,0,-0.0033157450316465,-0.0026824980958077976,-0.0013916772311513004
9.749085197000001,0.12400072333894632,0.02443982285198778,1.480619939425477,0.5095010894215957,0.08351572012446166,-0.05714415040843144,0.020735842064594803,-0.11913836844990669,-0.0031103646580857127,0.0,0.0,1.5,0.12786348609939677,10877.170529374816,11128.313580628963,11152.074114841153,10905.497392410882,0.0,0.0,0.0,0.0,0.0,0.0,nan,0,-0.025433851686187392,-0.0013102466931838273,0.012741870205032368
9.763417645,0.1540466845601298,0.028469560049318023,1.4787766605346344,0.5035981189888874,0.08018818047225447,-0.052197368250761884,0.015759124353406376,-0.12803068055611663,-0.006632121668830165,0.0,0.0,1.5,0.15808645423132242,10856.51543932458,11122.20764737913,11148.959278832868,10889.485063736156,0.0,0.0,0.0,0.0,0.0,0.0,nan,0,-0.0030718907234470183,0.0016574637566039545,0.01040489247477172
9.778378067,0.15406700299342285,0.032703534205838915,1.4468608887701473,0.5077983103381505,0.04771653051325143,-0.01765000969961346,0.018201188392435213,-0.12909846160777824,-0.001648707796723586,0.0,0.0,1.5,0.16622252465663762,10834.653999686561,11113.497169060081,11140.349903533388,10869.043229551546,0.0,0.0,0.0,0.0,0.0,0.0,nan,0,-0.010445462551858936,0.004872351853898515,-0.02205854551143238
9.793110878,0.1808941030462827,0.025830339007422997,1.4644678255623476,0.4829102441762724,0.06780647338346005,-0.07164541211580504,0.018309532524011175,-0.13429578571817455,-0.0017002352108763414,0.0,0.0,1.5,0.18615160045088333,10837.356576201131,11103.313844836019,11136.200529400709,10879.206337539526,0.0,0.0,0.0,0.0,0.0,0.0,nan,0,0.009290972665201569,-0.002975072310798136,-0.005048625831405751
9.808062660000001,0.17738772797253138,0.03003574258798296,1.49487292906737,0.4740133855655513,0.07838227005411152,-0.013590903110004415,0.020856723645724523,-0.14158319222155738,-0.003792303572789153,0.0,0.0,1.5,0.17998566255237275,10864.786557401403,11120.20263471003,11150.807723548085,10907.576569511155,0.0,0.0,0.0,0.0,0.0,0.0,nan,0,-0.0009899250972341955,0.00030286558248945883,0.024710137462972126
9.822681991000001,0.18721222299719512,0.030175352763689378,1.475823770441306,0.4477480545920428,0.049893845504473844,0.026264396923051304,0.022471008323367785,-0.14394545863893002,-0.005189687462681928,0.0,0.0,1.5,0.19116343381943962,10800.785057018653,11042.273497990034,11064.388083220081,10836.163008240426,0.0,0.0,0.0,0.0,0.0,0.0,nan,0,0.002387228826885579,-0.00043659271988152545,0.004973014528551145
9.837469208,0.18861333129983068,0.024012455030093697,1.4283954641839283,0.38443980315616066,0.023798203607573412,0.01006338935659274,0.026547859145522303,-0.1513536030225781,-0.006016307672995662,0.0,0.0,1.5,0.20317183931349114,10748.066464540305,10978.558581248024,11009.803763255335,10787.555580469803,0.0,0.0,0.0,0.0,0.0,0.0,nan,0,-0.002324409556938828,-0.007429055504559207,-0.04315787571194907
9.852585357,0.19080119768107975,0.016714037332026293,1.499030623970772,0.38807000897246313,0.061302265166490615,-0.027736102761885942,0.024217795706944597,-0.15978318566322902,-0.007244537361724863,0.0,0.0,1.5,0.1915343200848268,10754.593170670374,11019.231090861058,11084.74192315968,10821.272593925118,0.0,0.0,0.0,0.0,0.0,0.0,nan,0,-0.005905507262360943,-0.015506155427064346,0.02676953961074835
9.867088717000001,0.19938959042219162,0.029193393091977025,1.451184182363997,0.3794094357325895,0.06741038095902419,-0.028319837024442362,0.023646637966382767,-0.16237877595051584,0.003977668827653193,0.0,0.0,1.5,0.20734378944261514,10757.445114820383,11037.003566524203,11117.4872992334,10836.005759072035,0.0,0.0,0.0,0.0,0.0,0.0,nan,0,-0.002730908098323409,-0.003752924630429543,-0.021799392583950583
9.881828645,0.2093308851078582,0.04609709827183193,1.4828618408162006,0.33969917939357963,0.05852760780824401,0.006948844210966712,0.02652033013807165,-0.1647481151822284,-0.014317767451134986,0.0,0.0,1.5,0.21503041280091406,10777.029666201184,11068.172652424415,11116.549820866448,10840.776885232148,0.0,0.0,0.0,0.0,0.0,0.0,nan,0,0.002161281840190654,0.0124785300804885,0.009138768565431166
9.897038944,0.22077203903220088,0.04865062118714166,1.4573723233109328,0.29257946071522417,0.029316279508898275,-0.00362641252148226,0.02376205427174924,-0.1676029928550584,-0.0027997461747685873,0.0,0.0,1.5,0.2300528091118168,10772.432380470005,11066.079659767462,11099.74962146132,10821.359435157981,0.0,0.0,0.0,0.0,0.0,0.0,nan,0,0.008927395020532691,0.014414902676033507,-0.01711341029431379
9.911612861,0.2178178419139325,0.03149244557255071,1.4636433349221778,0.2889839378557144,0.026548280070154064,-0.025220019273051605,0.02590339113488814,-0.17070553727794202,-0.009835423859913504,0.0,0.0,1.5,0.22306544662892971,10753.302873710189,11053.714450948677,11085.143984025994,10794.65326021249,0.0,0.0,0.0,0.0,0.0,0.0,nan,0,0.0016779035141149534,-0.0033046669244222657,-0.011617178310292742
9.926469101,0.23826503164009621,0.022232233506590912,1.4734294290803303,0.27505914717204866,0.057189944121440246,0.04293295964684818,0.025106942372608868,-0.1731555883392657,-0.0006935897786818509,0.0,0.0,1.5,0.2407706226850461,10755.501600296751,11059.848574268493,11096.527134853826,10799.018310863552,0.0,0.0,0.0,0.0,0.0,0.0,nan,0,0.018215561415613257,-0.0130698006876164,-0.002614001523664644
9.941489311,0.23548507800631185,0.049014581078667616,1.463048667140478,0.20454992108766823,0.021121689342153478,0.017961662983891583,0.02644732215124026,-0.1736767584621141,-0.003084358555102173,0.0,0.0,1.5,0.2433537592108477,10717.75918580587,11011.397726879855,11045.675716726215,10758.072420865323,0.0,0.0,0.0,0.0,0.0,0.0,nan,0,0.011917195433986727,0.01326473668100072,-0.013783120098193269
9.956106269000001,0.23377956479645765,0.03809330604445983,1.4913600023366094,0.21284618525471402,0.02780127854586855,-0.0061765570369237245,0.026725004962372487,-0.17584087846031907,-0.0028963343958596077,0.0,0.0,1.5,0.2370203249542988,10686.212617171046,10980.223984244314,11010.834902498354,10724.769485349727,0.0,0.0,0.0,0.0,0.0,0.0,nan,0,0.007085560086373899,0.0019528045136574107,0.013755838239930318
9.970715141000001,0.2262434948704517,0.05582999952687437,1.4831055082208282,0.1508671939084052,0.03285956421819265,0.016544730329695376,0.024928757607287248,-0.17848893639173388,-0.00893429522353988,0.0,0.0,1.5,0.23364188766324287,10678.186305821566,10974.569332670619,11008.856933129164,10718.450949733848,0.0,0.0,0.0,0.0,0.0,0.0,nan,0,-0.003181679047231739,0.019356272631002036,0.00475305416347771
9.985726956,0.24190786486243682,0.0054060549624780005,1.4807704087128215,0.15295791726294594,0.03406816396410069,-0.018908242807942184,0.024842784981076553,-0.183127847093943,-0.004007721394383915,0.0,0.0,1.5,0.24273116341671552,10666.496672275054,10968.8604496271,11000.468146701149,10698.64830897343,0.0,0.0,0.0,0.0,0.0,0.0,nan,0,0.010149078158200903,-0.03134317479400586,0.0016974917644787535
10.000453575,0.24196766785599932,0.03870138618681111,1.4642013729820456,0.13107797425578727,-0.01220931322571954,0.03341532287401322,0.03006226213122991,-0.1811524589690992,-0.011028491139242999,0.0,0.0,1.5,0.24764428375559674,10674.65900992241,10984.343761955022,11020.959166460932,10707.976563382286,0.0,0.0,0.0,0.0,0.0,0.0,nan,0,0.008274694053086507,0.0017345800225919347,-0.015560974380984582
10.015383847,0.24351915708092803,0.027024528640938357,1.4623490096948495,0.07889387933350404,0.010449855198245223,0.015549304929737183,0.02868090730116737,-0.1798973358222448,-0.007167752070771294,0.0,0.0,1.5,0.24789010082016008,10677.355297632012,10983.547628643777,11036.298636950012,10721.881032682142,0.0,0.0,0.0,0.0,0.0,0.0,nan,0,0.008294231136155211,-0.010101553306049477,-0.01807831941164828
10.030036096,0.22215954299537283,0.04276971431256505,1.474154396820271,0.08961714367939028,0.0028053403507320614,0.01962943783270971,0.02616648110870347,-0.18623054710583722,-0.001445901984684546,0.0,0.0,1.5,0.22771057553397767,10676.57458300459,10983.656781678505,11046.039813336918,10727.62024060929,0.0,0.0,0.0,0.0,0.0,0.0,nan,0,-0.014194249215666421,0.005542765126732609,-0.006914076789374501
10.044957075000001,0.23927572149373313,0.0505682303435032,1.477171828538355,0.05573362441012697,0.018613021618893204,0.03339787982228217,0.027354422196728054,-0.18445445466583069,-0.006826546809128337,0.0,0.0,1.5,0.24562398545073402,10673.404396135216,10986.322764126378,11045.760492253517,10725.568299420504,0.0,0.0,0.0,0.0,0.0,0.0,nan,0,0.0021964803158793234,0.013298838441068175,-0.004516438340524509
10.059757994,0.2572401553841006,0.04173493536604067,1.479484862860456,0.020620502370814572,-0.05011226803104401,0.05926361616869417,0.02671882643743568,-0.18206515016924513,-0.006465096288597498,0.0,0.0,1.5,0.2614099715464162,10657.249180911342,10967.876987754546,11011.365874172712,10697.976254647718,0.0,0.0,0.0,0.0,0.0,0.0,nan,0,0.01983717539707086,0.004481216859198736,-0.002797994321177999
10.074550697000001,0.24423380215828505,0.05154894868868363,1.4769295982582258,-0.017245272192081114,-0.01418710271662138,0.05201008988503168,0.028263073656775085,-0.17934347421851082,-0.0037711151063126347,0.0,0.0,1.5,0.25067845472662326,10632.394559717835,10935.068924464304,10980.749550725435,10675.586448320548,0.0,0.0,0.0,0.0,0.0,0.0,nan,0,0.006905188189622435,0.01436842257925592,-0.005913170087240571
10.089083855,0.22403286363186006,0.030783677340265703,1.5050659014019625,-0.06312497345340758,-0.0012874069957657824,-0.005027646964334493,0.023089031081278487,-0.17787925119364978,8.725555826489299e-05,0.0,0.0,1.5,0.22619465540700914,10608.193171518944,10906.495859761533,10958.184890617005,10656.894058653066,0.0,0.0,0.0,0.0,0.0,0.0,nan,0,-0.012828052339589696,-0.00626689335349109,0.021709225293331746
10.103974377,0.22609440133577646,0.024737526058006925,1.4742159700320905,-0.05085021179427687,-0.023405368076210773,0.018945592475120593,0.027407984127807105,-0.17699443400664588,-0.008985361318752187,0.0,0.0,1.5,0.22890050177367413,10603.75173356072,10908.682213025526,10953.141395836323,10648.455846032608,0.0,0.0,0.0,0.0,0.0,0.0,nan,0,-0.009910157462041935,-0.012127075909918423,-0.009602227902279381
10.118847044,0.22819874025921036,0.048809380883555104,1.503354048737409,-0.0783950119309424,-0.017211232956626098,0.044497382685203014,0.025696826506206718,-0.17493786560755628,-0.004674031689394274,0.0,0.0,1.5,0.2333843832844422,10625.18054605221,10923.250930621552,10976.460067054479,10672.042390074237,0.0,0.0,0.0,0.0,0.0,0.0,nan,0,-0.006564624957824922,0.012186121139841168,0.019123925359977978
10.133689621,0.23504023570760615,0.031031148581133365,1.4799910699465069,-0.12317161548267612,-0.017970533273816564,0.0480892030576081,0.026099426138485454,-0.17381542698755642,0.003007722601942498,0.0,0.0,1.5,0.23792268043555034,10624.680826960857,10910.2371928821,10967.009547103315,10669.440466313976,0.0,0.0,0.0,0.0,0.0,0.0,nan,0,0.00189920668480012,-0.005296022592865199,-0.004609560350843367
10.148693234000001,0.23153451527696436,0.0233540680575934,1.4995983826209776,-0.1360172626558144,-0.011595438790764181,0.0619595529550825,0.025571705260427294,-0.16778987772975773,-0.005266013186920124,0.0,0.0,1.5,0.23270970232436955,10605.566622232023,10893.191198140777,10940.967437143696,10652.791326916713,0.0,0.0,0.0,0.0,0.0,0.0,nan,0,0.0003898533298045681,-0.012623407391139124,0.014675346659764665
10.163293574,0.22285932050331883,0.04883669999389926,1.5018123737322193,-0.1330704172380731,-0.03689690571192007,0.007702368192100146,0.024929746742562958,-0.16928623515938176,-0.002947222438465924,0.0,0.0,1.5,0.228154738500081,10588.977534356663,10873.804122925138,10917.255736489082,10638.066568701695,0.0,0.0,0.0,0.0,0.0,0.0,nan,0,-0.005922372793538022,0.013261323704859954,0.016619237814306853
10.177915010000001,0.22001582902717798,0.053151561785979906,1.4782797450049956,-0.19431596728237438,-0.009928639525069295,0.05436821046204009,0.021661900247780946,-0.16229575811217475,0.0008458239393476771,0.0,0.0,1.5,0.2273847466736792,10592.423819292379,10863.306932644207,10903.812652224327,10636.837782148947,0.0,0.0,0.0,0.0,0.0,0.0,nan,0,-0.006044838300662908,0.01802930961265521,-0.007124647930026429
10.192936693,0.20542784516296625,0.04090474238083823,1.511419086326961,-0.19123680818581332,-0.021494437310262657,0.017391723666523546,0.021193158157462665,-0.16164420860925224,-0.008138526893050349,0.0,0.0,1.5,0.20977176418690138,10625.199377071818,10878.288767601827,10904.09509563145,10655.442329975665,0.0,0.0,0.0,0.0,0.0,0.0,nan,0,-0.01756103974095133,0.006285425597268204,0.02585711198132712
10.207441697,0.22701939730874265,0.0357382170335677,1.4859087901559969,-0.20251303609640206,-0.03827118224060594,0.05514705224901755,0.023982264680488193,-0.15354577017294388,-0.005445167556061701,0.0,0.0,1.5,0.2302468004251761,10629.852210856026,10877.984784628676,10892.520968558032,10645.674952120362,0.0,0.0,0.0,0.0,0.0,0.0,nan,0,0.007444670782390084,0.0016702784936092896,0.0002401362566994969
10.222478614,0.2207159418337309,0.028789712417357387,1.4852916930023183,-0.23088800111293556,-0.0636233363545986,0.004771420101024407,0.02300749251974298,-0.14652191197085634,-0.004336098583468724,0.0,0.0,1.5,0.2230710846689079,10635.122061051421,10859.196359725498,10872.26209229294,10639.69973447348,0.0,0.0,0.0,0.0,0.0,0.0,nan,0,0.0048880060567493555,-0.004679930901906125,-0.0004310418306812114
10.237024534000001,0.2104631671085834,0.03021688228219036,1.4639472116287289,-0.2724521798612437,-0.05893901308480245,0.06638847660297956,0.020846102105077976,-0.14456435095209225,0.005599745494116781,0.0,0.0,1.5,0.21565622697611797,10657.11673406591,10859.455367616627,10884.177661898802,10673.411132557952,0.0,0.0,0.0,0.0,0.0,0.0,nan,0,-0.0012950504289389875,-0.002609006168687967,-0.02177957162013988
10.252499244000001,0.20999645899534686,0.020157892185050034,1.5031629369555362,-0.2680425198199787,-0.027873211839944057,0.05798141178704756,0.019848037288378674,-0.1445664547275913,0.00024093461129806256,0.0,0.0,1.5,0.21098544399581975,10695.079569163887,10875.029195158513,10917.9956111185,10735.68495050267,0.0,0.0,0.0,0.0,0.0,0.0,nan,0,0.002622590374017242,-0.011980000409561542,0.017466072794592336
10.267004827000001,0.20690689742385399,0.053494588770765086,1.5027060143775315,-0.31294612584618997,-0.0729526948019889,0.0223308857831713,0.02215058199646386,-0.13581042127292003,0.0021338879411966854,0.0,0.0,1.5,0.213727531551576,10663.348972301812,10839.257144113215,10872.174245556824,10699.895022006884,0.0,0.0,0.0,0.0,0.0,0.0,nan,0,0.004221149825548248,0.022087338618345692,0.017070747662808694
10.277210612000001,0.20852384432087542,0.02162439364292943,1.4681517798821222,-0.3641238783585617,-0.004899362846395801,0.05067139205139216,0.014620492877736438,-0.1303978087995416,0.003563429785455627,0.0,0.0,1.5,0.21204744086043067,10652.905559974042,10826.173836946358,10855.388979611444,10686.131985570451,0.0,0.0,0.0,0.0,0.0,0.0,nan,0,0.009125536635203019,-0.00927306692570061,-0.017417519543352356
10.287510282000001,0.1984124200316941,0.010917264901713554,1.4812331313170004,-0.34644781383665824,-0.04217317232214502,-0.03976100356039545,0.014417025872365229,-0.12467140422044638,0.0033575970686864102,0.0,0.0,1.5,0.19959676965304962,10650.669327367827,10823.428566056633,10849.847541418469,10689.22304795542,0.0,0.0,0.0,0.0,0.0,0.0,nan,0,0.0024268498445988163,-0.019452901014096854,-0.004248742125816163
10.297429064000001,0.18110718899845218,0.0396428637329715,1.487192798124702,-0.39503818056391415,-0.02438724238223709,0.006751536752079226,0.018624632384207338,-0.1230303981466969,-0.0010230400601378108,0.0,0.0,1.5,0.18583701184572105,10664.84332106415,10842.186038722331,10857.205465752582,10692.562855113054,0.0,0.0,0.0,0.0,0.0,0.0,nan,0,-0.01134355123753572,0.009817006010119318,0.0018166365893701464
10.307398012,0.19698886907350538,0.03180021522793563,1.4712016830855854,-0.36124765064122244,-0.046431458434842,0.018211544732347422,0.01652054821252586,-0.12160492473020092,0.0014766278350422542,0.0,0.0,1.5,0.20160657549917546,10748.331522731756,10916.144667547644,10920.250548017215,10767.579213272387,0.0,0.0,0.0,0.0,0.0,0.0,nan,0,0.008192370580272529,0.002535261456961705,-0.014058721081099845
10.317490121,0.1872643472614639,0.03557857706079128,1.4794018474720445,-0.4033951843320113,-0.05734558543611292,0.022860382810916326,0.017862996247927445,-0.11561740294688613,-0.002849149048319413,0.0,0.0,1.5,0.19172390249652685,10765.004525452156,10931.231921622291,10929.320333532543,10776.929587241499,0.0,0.0,0.0,0.0,0.0,0.0,nan,0,0.0022385390663808846,0.006890671376281566,-0.005739777425526338
10.327537342000001,0.1912461646454088,0.0202387190469768,1.4773164461420112,-0.40156669543516627,-0.05679811405161092,0.05468791193778653,0.015891565595451473,-0.1113522464248294,-0.01009147769293806,0.0,0.0,1.5,0.1936472175267942,10774.628738553047,10935.130369338478,10933.092557285909,10786.287542616008,0.0,0.0,0.0,0.0,0.0,0.0,nan,0,0.010103881643350715,-0.007856528493991956,-0.007706016177812192
10.337828743000001,0.19207424826909159,0.01278220566051869,1.481947353091219,-0.3960449415844181,-0.062434333218420686,0.04266081344275102,0.011109893940219334,-0.1060141123936153,-0.005915122683257493,0.0,0.0,1.5,0.19334373455092238,10765.651485841427,10918.196549702257,10925.20258718533,10776.608830117577,0.0,0.0,0.0,0.0,0.0,0.0,nan,0,0.014924348980716873,-0.014705349342638105,-0.002955833504513672
10.347955074000001,0.16870760903518112,0.030920368049799328,1.4811217482801993,-0.38725736232036684,-0.07169823488217103,0.0734290583459326,0.016206395568379488,-0.10630285428280103,0.0025603877131098463,0.0,0.0,1.5,0.1725535131334588,10758.533477145727,10905.511468815619,10916.422368239617,10768.239520106245,0.0,0.0,0.0,0.0,0.0,0.0,nan,0,-0.004345417176190747,0.004054917353200259,-0.0036594140217478532
10.357980289,0.173033918706853,0.013479938266431582,1.4706269924561708,-0.4219798415263597,-0.06466186586519614,0.07925345310845111,0.015182669055081406,-0.09895768516148863,-0.0009972199871269307,0.0,0.0,1.5,0.17602618933240152,10736.143015748321,10866.482124586926,10883.708420642435,10750.982005760054,0.0,0.0,0.0,0.0,0.0,0.0,nan,0,0.0041778688753156545,-0.012749615801444264,-0.01402706134164955
10.368268586000001,0.16563545292322404,0.025995371010168897,1.4665029484346752,-0.4100081589322691,-0.07777552066309454,0.04759011688503932,0.012519454576859155,-0.09415409481869723,-0.00565302307525358,0.0,0.0,1.5,0.170976358139387,10710.698266333598,10837.427972909714,10856.15628263799,10735.043234299459,0.0,0.0,0.0,0.0,0.0,0.0,nan,0,0.0010718665914511982,0.0004148576997708431,-0.018014726286625926
10.378141946000001,0.14835168079717378,0.01102248983614907,1.4722427344648918,-0.46209473713967664,-0.08289008396715805,0.016915151374886077,0.011765641091304515,-0.0880531487886842,0.005352510630370209,0.0,0.0,1.5,0.1513280617318581,10705.108163599794,10828.524153887243,10849.674011620744,10732.05155259605,0.0,0.0,0.0,0.0,0.0,0.0,nan,0,-0.011828455414926164,-0.013896471425459824,-0.012126558971656154
10.388604131000001,0.16250765055569202,0.033461989359364036,1.4911457931517467,-0.4488524109220733,-0.052833453766916505,0.05722975616791098,0.013881953418279443,-0.08956795541251232,0.003929856977962442,0.0,0.0,1.5,0.1661530565470547,10730.166816386556,10841.35111015148,10867.753966865941,10761.965896531863,0.0,0.0,0.0,0.0,0.0,0.0,nan,0,0.006797807555394303,0.009216503963891606,0.0069353681906219045
10.398309975,0.1490280253084978,0.009694444278941356,1.4911953528539441,-0.4411439000683735,-0.05319282321497224,0.00218281412771338,0.007331127112183979,-0.08368635654939059,-0.001715662083657426,0.0,0.0,1.5,0.14960232748388078,10742.571472558948,10854.94478126126,10882.278374294698,10778.542913904192,0.0,0.0,0.0,0.0,0.0,0.0,nan,0,-0.002128623387321893,-0.013866207505742766,0.007149813003677341
10.408509886000001,0.14166126564217163,0.01482220336375046,1.465545287408945,-0.4617039281300652,-0.0532031147195566,0.051915834629319986,0.013637685317489283,-0.07825434215493408,-0.002691417063100026,0.0,0.0,1.5,0.14654261876884314,10718.68645650006,10828.894977184344,10838.312111631894,10743.734007165474,0.0,0.0,0.0,0.0,0.0,0.0,nan,0,-0.004863896550140412,-0.008042922154419794,-0.018326829748497975
10.418541788,0.12192181095625824,0.00834915435183069,1.4645706337489148,-0.4694123761385839,-0.07555225939942802,-0.005326281289581539,0.007081395881928097,-0.07062166033153114,-0.005993541112001863,0.0,0.0,1.5,0.1272394449775611,10737.930997449841,10839.438769810866,10845.60236706655,10758.246425708277,0.0,0.0,0.0,0.0,0.0,0.0,nan,0,-0.019897942573666963,-0.013810388512616931,-0.019120423566610922
10.429027608,0.14087970848328538,0.007877411749994016,1.4997942045134542,-0.4459287044442859,-0.05597872508354431,0.04661462790172973,0.009588544578457559,-0.06819746606515158,-0.0055400403066774555,0.0,0.0,1.5,0.1410999228560976,10765.507512281729,10850.495019757367,10854.760555500716,10778.340472492579,0.0,0.0,0.0,0.0,0.0,0.0,nan,0,0.003835025958567745,-0.013567113730366683,0.01628887400340706
10.444170092,0.10080876552688452,0.01837018084394699,1.4558713118212445,-0.4935943150459935,-0.06949217409902346,0.02224841067359857,0.010035686428972575,-0.0615838173570825,-0.0018417337700937027,0.0,0.0,1.5,0.11156707342075228,10803.256426018266,10861.553203696127,10871.077506090132,10810.60149414359,0.0,0.0,0.0,0.0,0.0,0.0,nan,0,-0.028951927523794066,-0.001985474985485139,-0.027356761438929178
10.454138708,0.12380527961325989,0.007751382481975502,1.4968923348324727,-0.495233605606262,-0.1005521612137734,-0.023005733703498923,0.005672618518133008,-0.054439052303314875,0.006968233670057097,0.0,0.0,1.5,0.12408661802665429,10807.610142921461,10857.875987008083,10866.397203664344,10813.024099745604,0.0,0.0,0.0,0.0,0.0,0.0,nan,0,-0.0010252222471646422,-0.01186843820804619,0.01384881694905804
10.464422804,0.10938769555888177,0.02042035354010195,1.4996796727417137,-0.512765004528302,-0.07047968030293608,-0.02395008369282292,0.00906480654162561,-0.054549216037343126,-0.0011817112283067136,0.0,0.0,1.5,0.11127785668288978,10829.578177312942,10876.533873468194,10886.164420483623,10843.170052634056,0.0,0.0,0.0,0.0,0.0,0.0,nan,0,-0.010458451357632112,0.0015435509834961815,0.01681716318920623
10.474273153,0.1299664845538759,0.005956135673273287,1.4863907421437506,-0.5212641827929954,-0.11550501871949095,-0.00027521460060832796,0.006417898051960187,-0.04846036609696236,-0.003675369109656062,0.0,0.0,1.5,0.13081274616354935,10844.027502106668,10885.093888859768,10894.507951612311,10860.744502099185,0.0,0.0,0.0,0.0,0.0,0.0,nan,0,0.015154383155206758,-0.012171116573169478,0.0037024208503626532
10.484447018000001,0.1269842294089107,0.011298320393002452,1.4941387844702263,-0.4924044239473671,-0.05801845853282959,0.033186058834712547,0.0010982105712131294,-0.043010888733505594,0.0015932654902625536,0.0,0.0,1.5,0.12762053286898725,10846.463176572324,10875.80020842836,10901.767319621795,10875.613762984283,0.0,0.0,0.0,0.0,0.0,0.0,nan,0,0.017251267157807837,-0.006073521452060382,0.011616225190644869
10.494534203,0.10560750938682031,0.029626361617003452,1.4720618821322822,-0.5340596184008516,-0.08127328844385628,-0.0022138546198908387,0.006340289420037536,-0.04142072885800034,-0.0068043601380999505,0.0,0.0,1.5,0.1131865971373788,10835.81730693964,10846.71217811309,10853.330642133853,10848.745674815402,0.0,0.0,0.0,0.0,0.0,0.0,nan,0,0.000993997931121024,0.013015085502170867,-0.010301161903957023
10.505052169,0.08744930233161281,0.02878819494103963,1.4884464361341874,-0.5169201559348003,-0.06988578055901006,-0.006698458683902072,0.003850530366941081,-0.032916598033499514,-0.004941820619600594,0.0,0.0,1.5,0.09278806757471854,10848.034853456618,10852.256177702708,10850.180071869263,10849.878460800937,0.0,0.0,0.0,0.0,0.0,0.0,nan,0,-0.012009252992407696,0.012941924196881102,0.006239809140140773
10.514968034,0.09916618335784405,0.0061369820636875995,1.4646376313340064,-0.5240839800393199,-0.04783703887650985,0.008456879332326288,0.007435216946163428,-0.03118703064772681,-0.0027286490969490695,0.0,0.0,1.5,0.10546132745362737,10869.728084658136,10871.07285071953,10863.977638676108,10861.446671439995,0.0,0.0,0.0,0.0,0.0,0.0,nan,0,0.004893551967011495,-0.008940527297751424,-0.017419306106057686
10.525068154000001,0.09296796667520348,0.0024673018460169213,1.504640903089525,-0.4922882374987681,-0.07261502242858235,-0.0695668185708196,0.0014350829826888358,-0.026318913785624048,-0.0068408368689304964,0.0,0.0,1.5,0.09311642383386222,10887.229350859234,10882.759924364154,10871.240984171867,10873.210395979539,0.0,0.0,0.0,0.0,0.0,0.0,nan,0,0.003907618341991728,-0.011838380914324483,0.022724863849103327
10.535228435,0.08919529435643796,0.027499591786974503,1.4766896144667498,-0.5251565178220597,-0.07653538281127059,0.03656096612487938,0.0029458279366938577,-0.01991354716509001,0.0024981190799840294,0.0,0.0,1.5,0.09620500068858483,10917.383101695397,10898.371086960185,10888.378734180145,10901.920484870801,0.0,0.0,0.0,0.0,0.0,0.0,nan,0,0.005368995305299343,0.013968117090147997,-0.005097536581232687
10.545292451,0.0816732611597641,0.010168008356162645,1.4854267860280441,-0.5335576666332913,-0.11995357360854272,-0.05467944950557896,-0.00026931332245018247,-0.016864213052160033,0.002948901394772692,0.0,0.0,1.5,0.08358402088841164,10920.69492312168,10891.621424655099,10879.665620977341,10904.9409978775,0.0,0.0,0.0,0.0,0.0,0.0,nan,0,0.0030981792072213993,-0.002587555418151857,0.0037528863100158016
10.555479495,0.06300573073775974,0.019760961829884287,1.4626870701289678,-0.5254677418472417,-0.08422820743721746,-0.05621603220640795,-0.005348861562563233,-0.011062921885448052,0.0011065824223162458,0.0,0.0,1.5,0.07584505556594835,10924.42788115765,10893.547729240998,10884.651171013458,10918.222838205576,0.0,0.0,0.0,0.0,0.0,0.0,nan,0,-0.010305672572599608,0.0077823275159495265,-0.018886885208336812
10.565483558,0.06434879994810803,0.013049289474032983,1.470930598726814,-0.5513841730142484,-0.07440441971258782,0.0016038570569038688,-0.002415554720603819,-0.003552009950479574,-0.0014375221645370197,0.0,0.0,1.5,0.07180586397307845,10983.506521541382,10944.927026650746,10926.454021895514,10968.728181070504,0.0,0.0,0.0,0.0,0.0,0.0,nan,0,-0.003691030896119246,0.0018479362063762595,-0.010563604575439811
10.575756572000001,0.07157708823152191,0.008917988853184258,1.4665387284528206,-0.5402415283867661,-0.07501418231281132,-0.0004597504254374945,-0.0015967541356799884,-0.004642382478582574,-0.0001983332831937341,0.0,0.0,1.5,0.07951394078048621,10972.300051134616,10934.519933486898,10915.07782171232,10954.02873975154,0.0,0.0,0.0,0.0,0.0,0.0,nan,0,0.00881210984786869,-0.0015063985211814911,-0.014899255812584444
10.585581249,0.04817232603319435,0.005560774463012487,1.4870263048406929,-0.5526210360119292,-0.09016198054107387,-0.03478802271374271,-0.0023440173600106375,0.001759948664377003,0.0004260551123453161,0.0,0.0,1.5,0.05019772877495052,10968.243838438279,10928.290630932688,10908.534079984467,10948.948319879533,0.0,0.0,0.0,0.0,0.0,0.0,nan,0,-0.00931914965032532,-0.004087620736174011,0.005622725020601349
10.595845105,0.05289928752432016,0.010271567176422516,1.5009400461723765,-0.5178765983935989,-0.08494274246832531,-0.04120294398539615,0.0011937399351438765,0.007980809352731252,0.0025475835460922578,0.0,0.0,1.5,0.05389548589303796,10968.49141985959,10926.436152783479,10906.731766225086,10949.476296594317,0.0,0.0,0.0,0.0,0.0,0.0,nan,0,0.000675374705899498,0.0013975440542283654,0.019549424732593135
10.605702546,0.05405668823426976,0.01199668484196755,1.4571066593051072,-0.5272250395098875,-0.07693088559126822,-0.005270520572924827,-0.0027229699016995735,0.011860111586078642,0.005362959783092027,0.0,0.0,1.5,0.07004202071630058,10963.970657033327,10918.126976122398,10907.0258337302,10959.085015854926,0.0,0.0,0.0,0.0,0.0,0.0,nan,0,0.007089837854105635,0.0038947776982789784,-0.02429262328568349
10.615766987,0.026989299118218023,0.003325145798174633,1.4758678547979862,-0.5363762296047421,-0.08608905260059334,-0.0070593918449613985,-0.0022463848913352714,0.018462537855115604,0.005179953602318326,0.0,0.0,1.5,0.03635710788171743,10980.464485428764,10923.235508174555,10905.273253712197,10976.111762856368,0.0,0.0,0.0,0.0,0.0,0.0,nan,0,-0.014735524751721036,-0.004007530914414987,-0.005562080512059309
10.625956322,0.02614619530292277,0.0025225442247200835,1.467906582462044,-0.5057212683153367,-0.0691716519096355,-0.019276739455083885,-0.006423712032818152,0.02129397959548746,-0.007082333936897075,0.0,0.0,1.5,0.04147257174868501,10966.790906357353,10911.13104316118,10895.447351906792,10971.026512790893,0.0,0.0,0.0,0.0,0.0,0.0,nan,0,-0.010356126095315245,-0.0040444090175874485,-0.013575759395646259
10.636100158000001,0.043706092040935854,0.018776548381187155,1.4926721835733825,-0.4850355269308521,-0.10736512085697274,0.03328838572327087,-0.002180537404922912,0.02275278295587025,-0.0003940969104951555,0.0,0.0,1.5,0.048129805154228746,10988.078722445125,10913.373556264418,10895.57741475174,10980.372231345676,0.0,0.0,0.0,0.0,0.0,0.0,nan,0,0.01240230024906823,0.012971195344247632,0.011115882783904185
10.646181914000001,0.03198889223306489,0.015077969588801188,1.4803326084777453,-0.5144776325895928,-0.10627877901144364,-0.015850871171507033,-0.006457605388487555,0.032472440119368555,0.002014337757465672,0.0,0.0,1.5,0.04046530220459387,10937.095448826805,10845.982915264205,10838.225781529245,10938.741455911751,0.0,0.0,0.0,0.0,0.0,0.0,nan,0,0.005855376774709264,0.010029503364400573,-0.0013146386132987242
10.656277882000001,0.026258457440946986,0.02446478751039324,1.4812618480611854,-0.5090502860150082,-0.04889432008965598,-0.02837546958039683,-0.0033910429096615864,0.03926648403140278,-0.002061392799718812,0.0,0.0,1.5,0.040486426777240014,10924.587144971634,10823.725197926813,10820.667920042219,10932.052343986998,0.0,0.0,0.0,0.0,0.0,0.0,nan,0,0.005262855724032674,0.0201679279142793,-0.0004858548576041066
10.666419774000001,0.008869716291942808,-0.012463830597004741,1.4921551884949502,-0.49770411897675054,-0.06192762018629546,-0.032443599289113674,-0.007755744174074074,0.03728713330816757,-0.0024933296009917324,0.0,0.0,1.5,0.017191858765129173,10947.31914262428,10836.764123694165,10825.795982630854,10946.059768648678,0.0,0.0,0.0,0.0,0.0,0.0,nan,0,-0.007024604640150802,-0.016014966872935285,0.01029664313463341
10.676540093,0.011362981732772207,0.00948432207059849,1.483665930991462,-0.5195486572716228,-0.0913384252765048,-0.023998792616776475,-0.010357080595045358,0.041746437254612245,0.0016565862278438803,0.0,0.0,1.5,0.022042493719491907,10965.381394435904,10847.457208894006,10828.755485060688,10952.370550295667,0.0,0.0,0.0,0.0,0.0,0.0,nan,0,0.0005290437865078899,0.006672414263519843,0.0016838468650770544
10.686835542,0.01974344792261402,-0.01020229087565459,1.4752985904253049,-0.515115079376361,-0.058215634957705036,0.013654485341141285,-0.009155717812235762,0.049216292421177865,-0.0037915284329027117,0.0,0.0,1.5,0.03322724950942038,10968.192618480556,10855.21509895353,10835.031355513685,10954.662384401005,0.0,0.0,0.0,0.0,0.0,0.0,nan,0,0.013924839419232117,-0.012282062986294551,-0.006820659603484991
10.696896731,0.0023207599380621253,0.002271469323626975,1.4685802961895953,-0.5095075790680705,-0.07665991794689388,-0.005012546301574198,-0.010935895803741566,0.05348085612069273,0.0004220831317647322,0.0,0.0,1.5,0.031587074684304856,10962.634050629185,10848.720989475192,10826.297945240076,10946.465109812358,0.0,0.0,0.0,0.0,0.0,0.0,nan,0,0.0014683745843818144,0.0009161571986058749,-0.013689809816260556
10.706848302000001,0.0014261756626193058,0.0009747354703492077,1.4970386005213656,-0.46038572988980436,-0.08194296249828184,-0.026844617338081807,-0.007082165439824122,0.05230582776846069,-0.0016473568557192214,0.0,0.0,1.5,0.0034284067917708535,10970.322600110156,10851.97699890181,10828.023209283474,10952.673508276246,0.0,0.0,0.0,0.0,0.0,0.0,nan,0,0.005486969553230026,0.0003356424718340741,0.0146048652189108
10.717168540000001,-0.028424020840448712,-0.016553507533778163,1.4781219987628156,-0.48018570612901257,-0.0593835605346784,0.029676720790762532,-0.012474332354801517,0.0602150100717665,0.004073519025916848,0.0,0.0,1.5,0.03950431002489926,10968.59583262629,10834.51233782508,10816.162759186029,10955.016890622384,0.0,0.0,0.0,0.0,0.0,0.0,nan,0,-0.019506973825642593,-0.016485178265511213,-0.004487656753830782
10.727132079,-0.012953429522561809,-0.006276186563086132,1.4794994154683885,-0.47400610340874594,-0.07037773805730556,-0.05248866392581035,-0.013330928453440886,0.06212930838140454,-0.006544948679669147,0.0,0.0,1.5,0.02504906825230009,10953.04129026276,10821.752508279938,10799.827092037689,10939.66729423323,0.0,0.0,0.0,0.0,0.0,0.0,nan,0,0.0007593173680684566,-0.005509749439968156,-0.0032949728865776517
10.737473304,-0.020868853008895537,-0.0005119713877589779,1.4503289424857257,-0.49817800146773594,-0.0627344809747262,-0.0051168303544234595,-0.010041439197115205,0.06250303380317623,0.0006323177034797675,0.0,0.0,1.5,0.05387935685580437,10983.063919041198,10842.198106411652,10818.219671372928,10961.707316766753,0.0,0.0,0.0,0.0,0.0,0.0,nan,0,-0.0024247511890996866,0.0009427145602095126,-0.0326596981843974
10.747285702000001,-0.013263069675435753,0.009965642817216413,1.5003962271715647,-0.45938587953173665,-0.04059791895529886,0.012269677274433998,-0.013453739165097423,0.06960899947380418,-0.003038205857748335,0.0,0.0,1.5,0.016594578932509457,10999.482833491464,10867.688081929604,10839.226755758837,10976.892154109551,0.0,0.0,0.0,0.0,0.0,0.0,nan,0,0.009844066763540762,0.01209814572721521,0.01719911766668436
10.757474378000001,-0.028745325737751574,-0.0012325887682188218,1.4636614434686026,-0.46109183713162993,-0.07596737039282543,-0.024851912728503865,-0.013155776775059275,0.07208723375596167,0.0006621282028409183,0.0,0.0,1.5,0.04634979738495678,10987.469430232046,10852.597315064768,10814.753937281059,10954.339252258258,0.0,0.0,0.0,0.0,0.0,0.0,nan,0,-0.001047165811917227,0.0015667717966032027,-0.01975964388357654
10.767512465000001,-0.03519200767301266,-0.009972619662430592,1.4595730622560683,-0.46964981786250454,-0.07375791276409087,-0.004594160118166204,-0.011994435024540442,0.0772111621941595,-0.004917080924636819,0.0,0.0,1.5,0.054518509172028974,11007.951836811877,10865.810407018822,10832.866678594592,10980.536527371334,0.0,0.0,0.0,0.0,0.0,0.0,nan,0,-0.0029782486927064644,-0.006517841304240591,-0.024085874840677812
10.777662719,-0.03944189636251328,0.000353124047154851,1.479396860416573,-0.44288467409631466,-0.07731270762817512,-0.008197657604943176,-0.014496739680224503,0.08043013960305115,0.0020983650020216607,0.0,0.0,1.5,0.044500306133307584,11015.757930827705,10869.650612629373,10841.832138583006,10992.117040622768,0.0,0.0,0.0,0.0,0.0,0.0,nan,0,-0.002791597441640689,0.004451372023822082,-0.00451629002749665
10.787761514000001,-0.025894571824175865,0.003856632476315019,1.4775235965235487,-0.43049328081985216,-0.054996714299356125,0.008280483924873381,-0.014562254063101732,0.07998398624960494,-0.0012228161514362557,0.0,0.0,1.5,0.034504944243557364,11001.871932297938,10851.21330075532,10822.870064061613,10981.877413379521,0.0,0.0,0.0,0.0,0.0,0.0,nan,0,0.01510994852993447,0.008585953640984741,-0.00665880287006404
10.797926615000002,-0.054702465234615374,-0.007452119860285367,1.4886784271288152,-0.43867803024722885,-0.11668166958356671,-0.06035747374569575,-0.013555852806473244,0.08892850177016758,-0.0013078732049887538,0.0,0.0,1.5,0.05635664828069455,10988.557958309106,10829.829962749307,10794.514001849624,10960.61246069762,0.0,0.0,0.0,0.0,0.0,0.0,nan,0,-0.009429014883496581,-0.002104525861203377,0.0042153642458664375
10.807899172,-0.04295730662597125,-0.009957297619842091,1.4860062263331606,-0.40917793054019896,-0.06750734382315333,-0.011025099050214161,-0.012614122747165104,0.09148289732433314,-0.0007355791862734977,0.0,0.0,1.5,0.04626341610696895,11000.749766525742,10840.002799497566,10826.726304604272,10993.284184926382,0.0,0.0,0.0,0.0,0.0,0.0,nan,0,0.00649660927880906,-0.004004663292681393,0.0012511380949871143
10.818037932000001,-0.054755187991559144,0.0013827625584932213,1.4711140923246266,-0.362957015324616,-0.06841301895242201,-0.06528462844585707,-0.015130796286054932,0.09509187364094902,0.0008098394191754287,0.0,0.0,1.5,0.06192284155716973,10998.843779834913,10830.914345747347,10825.012059813373,10998.49837392285,0.0,0.0,0.0,0.0,0.0,0.0,nan,0,-0.0012125587274753324,0.007926752980930275,-0.013946686187559898
10.82805856,-0.05985018949468499,-0.017425292667956754,1.4624898640124602,-0.36526828553963636,-0.05481361798903855,-0.03509110725596314,-0.012389984490301343,0.0957022332025836,0.005907998197411916,0.0,0.0,1.5,0.07275091964310403,11026.172466901739,10845.270057535423,10835.740292960912,11023.07008860529,0.0,0.0,0.0,0.0,0.0,0.0,nan,0,-0.0023137889198699274,-0.010304077772325615,-0.022892340710797043
10.838279521,-0.049719782874160644,-0.018680698335333118,1.4841189508279606,-0.41823221619818396,-0.07991607401504952,-0.007010179346220979,-0.015623870544382053,0.09737332052328573,0.005098586397321371,0.0,0.0,1.5,0.05543674793991913,11077.345867060545,10870.906499358944,10852.857296093436,11068.900657401617,0.0,0.0,0.0,0.0,0.0,0.0,nan,0,0.01171207662353902,-0.010996876376220257,-0.0016053602944690049
10.848498312,-0.06564898384132477,-0.02619090272806451,1.4972651748690489,-0.4002632949112638,-0.03591607430120505,0.030890501295910568,-0.013611986047490475,0.10289796649551557,-0.0016363874266720013,0.0,0.0,1.5,0.0707335262347802,11033.276556929331,10842.348336783089,10827.289830887985,11033.06799646006,0.0,0.0,0.0,0.0,0.0,0.0,nan,0,-0.00042255335589795606,-0.017959469320453638,0.011180259028303663
10.858398973,-0.07046324239061418,-0.01395562081481191,1.460185602180994,-0.38542735980460957,-0.056132434896282744,0.013032861249951523,-0.016946936649468173,0.10526404678100144,0.0024436524147645237,0.0,0.0,1.5,0.08212803512939613,10969.518830488194,10787.548354366205,10767.361281790705,10960.144155712296,0.0,0.0,0.0,0.0,0.0,0.0,nan,0,-0.0015448664812131169,-0.0051918360792388395,-0.02626924005942821
10.868679221,-0.07174425345245493,-0.025665471190521885,1.4992613367483516,-0.35944580104920615,-0.0908133347086131,0.06658301954747788,-0.01779813526099309,0.10705389143505717,-0.00915281035444011,0.0,0.0,1.5,0.0762003932947917,10973.858144455457,10792.48822300565,10766.137953649033,10960.035918442993,0.0,0.0,0.0,0.0,0.0,0.0,nan,0,0.0007614791709408264,-0.01638490250690438,0.012432804772943173
10.878786329,-0.0734576677294786,0.007885724262570325,1.486954476303945,-0.35443833552967846,-0.08389790564400988,-0.013380345470326915,-0.014225898109735687,0.10814397123522573,0.0027147855368528768,0.0,0.0,1.5,0.07502265846998561,10896.26531679189,10710.384812852104,10701.252842118387,10892.70447868393,0.0,0.0,0.0,0.0,0.0,0.0,nan,0,0.0025291608157889667,0.01766723989461771,-0.0002445495751319804
10.888820187,-0.06623891234954897,-0.004522645235852275,1.4947438984873989,-0.2957839115105929,-0.054812535133661536,-0.053915042193990154,-0.0171972445250188,0.11024891620175173,0.002077674216491023,0.0,0.0,1.5,0.06660085909574573,10913.104138894812,10726.31317317968,10713.895811419803,10910.010727289606,0.0,0.0,0.0,0.0,0.0,0.0,nan,0,0.013121004224335597,0.005743691650356331,0.007182665054368709
10.898986767,-0.09529175212055373,-0.010118991828338218,1.4863734621953273,-0.36470209341195875,-0.039423568367987,-0.022729357339297946,-0.01293030923913806,0.11311821041713478,0.0032265944820739673,0.0,0.0,1.5,0.09679150040354374,10961.186808380506,10753.237104830458,10728.970673953125,10949.696791603625,0.0,0.0,0.0,0.0,0.0,0.0,nan,0,-0.012669402148876463,0.0006156065605664295,-0.0015458561413890237
10.909193460000001,-0.10693509523295378,-4.952498672972615e-05,1.4802637326539367,-0.3321893857730425,-0.010633858482421134,0.003300028942259377,-0.02016141232788119,0.11374373053958692,-0.00332058417379676,0.0,0.0,1.5,0.1087411481177226,10963.532333356732,10774.91862671037,10745.26159263437,10947.119861571042,0.0,0.0,0.0,0.0,0.0,0.0,nan,0,-0.021163437409242314,0.011136357953455418,-0.008012999507608143
10.919270169,-0.0779452918224244,-0.004141044995654886,1.4753589297643181,-0.2851130458244746,-0.051680552432004256,0.005459765069087732,-0.01883213740761524,0.11907213480074595,-0.009624531589040614,0.0,0.0,1.5,0.08185230059869268,10969.17817996821,10784.741784383627,10735.372832952995,10921.80717459811,0.0,0.0,0.0,0.0,0.0,0.0,nan,0,0.010860562034947077,0.007478795897963388,-0.013274652233450368
10.929324135,-0.1003045882012173,-0.004402524947374518,1.4897587912931582,-0.33520474148869295,-0.05142803043855873,-0.00675688991642579,-0.01517183806900985,0.11612922999004274,0.004664750820659441,0.0,0.0,1.5,0.10092212342150321,10979.908819876711,10768.704213500727,10725.115219848985,10928.010001130137,0.0,0.0,0.0,0.0,0.0,0.0,nan,0,-0.008581416844770262,0.007633634633630982,0.0007697905222410206
10.939540489,-0.1055285801098551,-0.02754079431020574,1.4829779816274062,-0.2878918309993515,-0.033663413331446436,0.04155108722830274,-0.015698763341910303,0.1222006095940981,0.0019746479707852156,0.0,0.0,1.5,0.11038353899343908,10960.325001406689,10772.779504391152,10729.372046091792,10917.791553381932,0.0,0.0,0.0,0.0,0.0,0.0,nan,0,-0.01100661756244753,-0.01510624041238331,-0.00636408249097653
10.949640469,-0.09267240867367604,-0.003006463427257803,1.4921085538348766,-0.2367500966561189,-0.031121038893015412,-0.0166012610489726,-0.01891011197798918,0.12007830629334047,-0.012614748206612942,0.0,0.0,1.5,0.09305637578531256,10935.604415113714,10754.962995611459,10714.173924357332,10900.64460896974,0.0,0.0,0.0,0.0,0.0,0.0,nan,0,0.004528378782965442,0.00980831524176658,0.0024174954947699945
10.959553011,-0.09273768408909781,-0.024019961965284505,1.4852625654675962,-0.24199331600821308,-0.05269282297541655,0.01444055091091254,-0.013943195333730209,0.12349939263332606,0.001458173261588488,0.0,0.0,1.5,0.09692486058602255,10959.43617178039,10750.428545910947,10710.792084206169,10911.152881794613,0.0,0.0,0.0,0.0,0.0,0.0,nan,0,0.007020652412801767,-0.010843346423718233,-0.004771509068722146
10.969629114,-0.0989487182064752,-0.015270932561088192,1.480748565265735,-0.22870170052546637,-0.03480989101813472,-0.006686039756854456,-0.018803519574196084,0.12497002715710794,-0.0046200482199723475,0.0,0.0,1.5,0.10195424442031535,10946.168307227079,10726.366321695808,10699.209427894884,10915.578471588797,0.0,0.0,0.0,0.0,0.0,0.0,nan,0,0.0032445387238644596,-0.0017510868962909796,-0.009621904853612362
10.979944393,-0.10599465844490752,-0.019061489867237533,1.4634013220512088,-0.268141767866624,-0.010723628390151127,0.02512906525349927,-0.0211111315353724,0.12854420281086568,-0.005869969819541603,0.0,0.0,1.5,0.1137438844176281,10963.814068504691,10733.510830672325,10705.78370204663,10929.195925105165,0.0,0.0,0.0,0.0,0.0,0.0,nan,0,-0.001490418687940781,-0.005217230904716926,-0.02729885617311245
10.989887276000001,-0.09556770539925889,-0.019778936779328606,1.4704842675377858,-0.203351569332755,-0.04190187014105609,0.017104606276647966,-0.01936171571014795,0.12897147003805465,-0.0022063337720115623,0.0,0.0,1.5,0.10195867357994227,10966.824824349229,10744.43196926221,10707.65271486728,10917.441936876174,0.0,0.0,0.0,0.0,0.0,0.0,nan,0,0.011122269212501076,-0.0056292931773023625,-0.020539838571030034
11.000014732,-0.09337503732358636,-0.008957821255879357,1.4964203823657047,-0.20218334770565058,-0.01455502341856346,0.038394330900256735,-0.018182940254055348,0.1290390369419005,-0.006973453569432825,0.0,0.0,1.5,0.09387200764467109,10971.113078200451,10733.792783406812,10703.065080840308,10929.148041163975,0.0,0.0,0.0,0.0,0.0,0.0,nan,0,0.015374353621914846,0.005478004688470322,0.005078163888228682
11.010104358000001,-0.13356311202971471,-0.014605996979719451,1.4780951406222822,-0.195490335585036,0.013839122072930577,0.032771677966779454,-0.02049073786554641,0.12841878164255874,-0.0031142137472949627,0.0,0.0,1.5,0.13613325422978503,10939.132138422825,10693.465684816125,10659.954917928542,10887.82215107808,0.0,0.0,0.0,0.0,0.0,0.0,nan,0,-0.022881086447223822,9.673059357991412e-05,-0.013555603817472894
11.020385496000001,-0.11992411039997665,-0.0349675108450363,1.4610595681426934,-0.19063234117817027,-0.024329013593442,0.0037844542895364925,-0.020114407301722297,0.1279680594640981,0.0003248916527836636,0.0,0.0,1.5,0.13084676649866842,10936.75853814979,10702.324101349852,10654.237218158243,10870.61414247255,0.0,0.0,0.0,0.0,0.0,0.0,nan,0,-0.007436549839122827,-0.020017216234967283,-0.030886248181149156
11.030269874,-0.1260756702354922,-0.00997258388892801,1.481348105204319,-0.17995634132802013,-0.05090408691256599,-0.013036878670388958,-0.0152674638903596,0.12906206140783863,-0.0035947702079053693,0.0,0.0,1.5,0.12783747585985666,10948.343471986853,10720.21072436572,10675.695809338202,10890.315790881412,0.0,0.0,0.0,0.0,0.0,0.0,nan,0,-0.01191070829547676,0.005205787871172868,-0.010881921365697433
11.040584714000001,-0.12449334215731467,-0.014422246525948921,1.490121141771884,-0.16373888917046062,-0.019884959560238363,0.019453490771720677,-0.021789942604976225,0.13119547642132512,-0.009166763480332608,0.0,0.0,1.5,0.12571469793244017,10959.959642418122,10741.809807098372,10709.398329168474,10919.067788263423,0.0,0.0,0.0,0.0,0.0,0.0,nan,0,-0.008780250016766009,0.0009645503047424134,-0.002386501882819303
11.050653533,-0.13471142243814754,-0.013499767885517988,1.4799102381675002,-0.13489201462955913,-0.015306265506373398,-0.006601845474701532,-0.020711363555874884,0.12945808525451977,0.00028568904301342235,0.0,0.0,1.5,0.13686858514194727,10952.80365424646,10737.984946098793,10712.616888766359,10915.514431976924,0.0,0.0,0.0,0.0,0.0,0.0,nan,0,-0.017579873114895533,0.0020757542470535763,-0.012867982705018655
11.060764712000001,-0.1197589038468915,-0.007616373378794507,1.496487595560622,-0.12466637691672025,-0.013726814625655627,0.039216116519991066,-0.022329487584559122,0.13006892147664034,-0.0005103941305835569,0.0,0.0,1.5,0.12005224354005208,10961.151467816748,10748.034714198178,10716.883207178553,10919.435122256124,0.0,0.0,0.0,0.0,0.0,0.0,nan,0,-0.0013388833365079456,0.008128139974720597,0.0034460988072930743
11.070955434,-0.12098698714923067,0.001268937732592259,1.4942672931175065,-0.10266073969303163,0.00614465860456922,0.03374869610531142,-0.018394382246980763,0.135644976160171,-0.003474934190233504,0.0,0.0,1.5,0.12112937377291229,10928.736313589405,10711.934945259838,10672.950597642923,10881.826991585163,0.0,0.0,0.0,0.0,0.0,0.0,nan,0,-0.0014084212033871474,0.017162732336851175,0.0009720326517039801
11.080927565000001,-0.114135066262677,-0.041495555327890746,1.4710628171364435,-0.12228492477931321,-0.032186227488359635,0.06181754448820271,-0.0179297530733432,0.1323194946343627,0.0026014193414710452,0.0,0.0,1.5,0.12484412286861814,10918.57290960875,10688.507627638894,10641.785846158584,10861.511718371674,0.0,0.0,0.0,0.0,0.0,0.0,nan,0,0.006472695550104268,-0.025472083015442754,-0.022471472431468298
11.091202803,-0.12912485928915166,-0.017955836796351154,1.5133031697701185,-0.10692383676244281,-0.013497139020210963,0.02665813878833311,-0.0197580840098017,0.13135623839535474,-0.0011088699597873717,0.0,0.0,1.5,0.13104432718524295,10891.614290329122,10668.149506955848,10638.323372859693,10859.271803487922,0.0,0.0,0.0,0.0,0.0,0.0,nan,0,-0.007616844914710652,-0.0018222028942383173,0.019547643792781955
11.101376839,-0.12706905735736224,-0.010931289932765095,1.4982456611006503,-0.07317372404660412,0.00420847357824125,-0.005591172555262128,-0.022265046288480823,0.12992262181617886,-0.003622723512232435,0.0,0.0,1.5,0.12755044548043162,10866.456920856503,10651.186710960788,10628.199493882079,10844.206488670752,0.0,0.0,0.0,0.0,0.0,0.0,nan,0,-0.004789304923193724,0.005293083396723998,0.004289027163573156
11.111217396,-0.13837329452814778,-0.007577990972810075,1.4913556455025685,-0.09216060391857459,-0.03644287670218321,0.02507625741258564,-0.021378318448529818,0.13493433164990654,-0.004003454126181494,0.0,0.0,1.5,0.13884998901849,10891.655161224771,10676.229264665591,10643.358326986605,10855.781406964285,0.0,0.0,0.0,0.0,0.0,0.0,nan,0,-0.015450087839588122,0.00871775975209459,-0.0027819921307921103
11.121376399,-0.13025937519925213,-0.02305487719857001,1.496018059759115,-0.06507784188451661,-0.008583169381633657,0.03314712983748818,-0.021254343611713765,0.12804554119142966,-0.0005983317664986975,0.0,0.0,1.5,0.13234382508459797,10893.915746744166,10684.577638483983,10652.1353876983,10857.594352558446,0.0,0.0,0.0,0.0,0.0,0.0,nan,0,-0.006820995859827678,-0.006707087513736474,0.0017169236770306906
11.131728361,-0.11927724385319519,-0.02268904991987815,1.4903086732637707,-0.009424829163867795,0.011498942461962557,-0.00013712920985259246,-0.01951531904085623,0.13146919332432408,0.00286287103832148,0.0,0.0,1.5,0.12180219908273275,10876.235051919472,10675.369236839095,10644.955864473513,10843.197084326324,0.0,0.0,0.0,0.0,0.0,0.0,nan,0,0.004548623129223245,-0.006308444652026984,-0.004137424522438815
11.141641025,-0.10472253884030536,-0.019745004611255203,1.5101815522581856,0.009086623746179743,0.00099923966891468,-0.0045033206479641145,-0.021283680522222067,0.13029339907486104,-0.00413854086511892,0.0,0.0,1.5,0.10705297452497019,10904.455459657689,10690.432925302965,10654.651473644346,10870.21382409242,0.0,0.0,0.0,0.0,0.0,0.0,nan,0,0.019363579393398278,-0.003350713179282521,0.015608124669173717
11.151758669000001,-0.10460412379200933,-0.013611682637326542,1.4923469269353176,-0.01841110552347795,-0.008637255323283433,-0.04979479591260644,-0.01797863039111323,0.13013971034693453,-0.011051695133184578,0.0,0.0,1.5,0.10576327408815726,10913.038675304082,10680.418573971734,10643.758912663974,10876.149977868332,0.0,0.0,0.0,0.0,0.0,0.0,nan,0,0.019615467567319245,0.0027772619222653713,-0.0023378698087597183
11.161869513000001,-0.1272784816829769,-0.0008095449899115682,1.495326763373573,-0.009535627537164106,0.05697650681234448,-0.015156471951154344,-0.021274512998985102,0.13077355082198575,-0.004162542570485718,0.0,0.0,1.5,0.1273668182973146,10957.053324415063,10722.455031690639,10700.123164533634,10920.031577028756,0.0,0.0,0.0,0.0,0.0,0.0,nan,0,-0.0030519615961559637,0.01555508334563437,0.0005422353061697027
11.172171279,-0.12971310424394222,-0.0025028911379434953,1.4860240888963345,0.009017490217823358,-0.0023369193158398055,-0.045681218822788264,-0.017402712046226447,0.12633372354048045,-0.002575478107952471,0.0,0.0,1.5,0.13048785371760002,10974.405506839115,10749.493528995263,10699.571214292137,10908.0364528337,0.0,0.0,0.0,0.0,0.0,0.0,nan,0,-0.005605909421126029,0.013818523600623253,-0.008853398349031316
11.182015640000001,-0.14087429079010383,-0.024128227983380143,1.499989426106091,0.040961326312095425,0.009727237482131034,0.030378012876397464,-0.018779763455377286,0.1303284948419668,-0.00585492561371607,0.0,0.0,1.5,0.1429256355698303,11000.024022395683,10788.30379480442,10746.295682074298,10943.45239816527,0.0,0.0,0.0,0.0,0.0,0.0,nan,0,-0.017012176658606548,-0.007868815006735048,0.0050215034655811674
11.19216207,-0.14301103421924966,-0.027153600838510216,1.4858401268692334,0.0354472932236922,-0.00031309144407942063,0.05810134024107271,-0.01682723196711644,0.12399638416842518,-0.006244923958170041,0.0,0.0,1.5,0.1462531228864394,10957.617598365669,10744.892596636573,10710.833597711904,10908.879680625032,0.0,0.0,0.0,0.0,0.0,0.0,nan,0,-0.01951855151333856,-0.010974751908648148,-0.009215351413936146
11.20251223,-0.1166781059938942,-0.028237810317172145,1.488311701522626,0.058080632355962995,-0.0004709332181591616,0.06411350377187942,-0.01988995297970772,0.1264181401255892,-0.002945120828057805,0.0,0.0,1.5,0.12061413959866889,10919.103383628772,10711.409292095623,10688.238594459854,10879.985186957038,0.0,0.0,0.0,0.0,0.0,0.0,nan,0,0.006322217110644346,-0.01215773247674819,-0.00682249486324471
11.212787027000001,-0.11848357147940408,-0.009215824322399766,1.50415127533667,0.09769000500847216,0.048850153864998816,0.006803343834567611,-0.019343548745296653,0.12333058537349566,-0.00783369445717936,0.0,0.0,1.5,0.1189139235555586,10884.29602035277,10678.478375439856,10664.690927739906,10855.224111908268,0.0,0.0,0.0,0.0,0.0,0.0,nan,0,0.0039040754060076233,0.006747631645793185,0.00895233403524709
11.222552763000001,-0.11676101281799478,-0.024842099835125725,1.4951811051605848,0.05358226970379584,0.04213777290087732,0.0229990036199421,-0.019506268180714898,0.11917003031577625,-0.003441667806120441,0.0,0.0,1.5,0.1194716944969629,10881.523127535205,10667.261661554898,10647.595775360815,10846.459745888105,0.0,0.0,0.0,0.0,0.0,0.0,nan,0,0.0048954205750563334,-0.009012767524585266,-6.44568221437325e-05
11.2327214,-0.12920028090983815,-0.024745914710254655,1.5031905047969996,0.09960243871619064,-0.014458220602824437,-0.035815790292659085,-0.021158341075612114,0.12170726394617619,0.0030887804145605475,0.0,0.0,1.5,0.13158743178164076,10890.737449808319,10671.271801359717,10644.639672962887,10847.394786557521,0.0,0.0,0.0,0.0,0.0,0.0,nan,0,-0.008392088776506545,-0.009067932423313965,0.007915989986564398
11.243012963,-0.14517070108217686,-0.02102344973967206,1.5056903083746993,0.11298882791186898,0.014322335860109203,0.01062520256017807,-0.016513038796693625,0.11896731120991035,-0.003890986544336939,0.0,0.0,1.5,0.14679542738466492,10898.449630348423,10703.190000181894,10674.425062780345,10859.81093381244,0.0,0.0,0.0,0.0,0.0,0.0,nan,0,-0.025326267174851744,-0.005513766710732554,0.010403166752798176
11.253271248,-0.11381813069105426,-0.024861371435557937,1.4990337084828032,0.09946576594305055,0.06888743909985544,0.018916897378800476,-0.019014075448791933,0.1166199553822011,-0.0013638320946208046,0.0,0.0,1.5,0.11650574399126805,10886.393489311915,10701.343540311971,10679.347275986747,10856.350799972715,0.0,0.0,0.0,0.0,0.0,0.0,nan,0,0.004948500962268412,-0.009536660477262593,0.0037477321998167223
11.262967699,-0.1190548180747243,-0.02145984652919067,1.4815404403741474,0.12120409178710304,0.011248525184696346,0.02416737750296859,-0.010940053480959194,0.11242998533906383,-0.003249191353136275,0.0,0.0,1.5,0.1223737310922672,10883.032433813742,10705.345787163824,10676.134436555338,10847.363201698878,0.0,0.0,0.0,0.0,0.0,0.0,nan,0,-0.0014781252879131762,-0.006336438966767518,-0.013730289644950933
11.273267793,-0.12411637672831002,-0.013616498611856187,1.5131703316434477,0.12775817558892819,0.042602695616636176,0.006482462857629025,-0.019941421855233486,0.1115602345421491,0.005244776484926913,0.0,0.0,1.5,0.12555374005663414,10882.893815784146,10711.67197062692,10697.980883719554,10863.49830167463,0.0,0.0,0.0,0.0,0.0,0.0,nan,0,-0.007839906596611435,0.0012896079627136708,0.01792795188045737
11.283188915,-0.09619419082186637,-0.007665119581994084,1.4776772291129259,0.13085548242433986,0.0164124285367416,0.011820268354444927,-0.019496588434077634,0.11028379955022427,-0.004538473352918436,0.0,0.0,1.5,0.09904737505939626,10872.755242490945,10715.432262737353,10686.238063911473,10846.31361950013,0.0,0.0,0.0,0.0,0.0,0.0,nan,0,0.018673785393255468,0.007008044718064936,-0.017524051314429023
11.293508419,-0.11855379845346307,-0.025432106217724945,1.5026712849595614,0.15164984416297622,0.0024725773488013603,0.05026741414905229,-0.014936069966327377,0.1112060258698101,0.0007493236565964324,0.0,0.0,1.5,0.12128038142151915,10892.976524146707,10737.882795577627,10709.864448727072,10866.62632689296,0.0,0.0,0.0,0.0,0.0,0.0,nan,0,-0.005200614818919938,-0.011007175413241733,0.0075223486694950825
11.303614327,-0.12715949410391916,-0.006790307747375224,1.502416289251968,0.17464349949570332,0.02330523206597554,-0.04824307883294483,-0.017347770622523455,0.10470682945964215,-0.0029824917018143656,0.0,0.0,1.5,0.12736358849301432,10876.615421369403,10724.171566891622,10703.313516681173,10859.393254992628,0.0,0.0,0.0,0.0,0.0,0.0,nan,0,-0.015425439658489762,0.007371449211775302,0.007328570036559956
11.313846170000001,-0.09462803538146623,-0.008785698935808061,1.5021074722933765,0.1696844108106828,0.08228683695847173,-0.0022844111630156753,-0.01727038562315136,0.10409289341610582,-0.0035833384497918745,0.0,0.0,1.5,0.09505837693446081,10878.933806383326,10732.667451071367,10716.669024083261,10867.299407006582,0.0,0.0,0.0,0.0,0.0,0.0,nan,0,0.015385186336241613,0.0050983917112987515,0.007092944043412208
11.323655883,-0.09525821186774709,-0.018458700941297805,1.51617916560833,0.19403782761842656,0.034050006459740885,0.008725262184334882,-0.013773962340383037,0.10047465503848096,-0.008801452740979047,0.0,0.0,1.5,0.09836979195089635,10895.6440455452,10749.736270981688,10711.090406244653,10858.550391062987,0.0,0.0,0.0,0.0,0.0,0.0,nan,0,0.012934509488441326,-0.0048664095543230895,0.02124654175982843
11.33372613,-0.10711593093975813,-0.013950063267072887,1.518853813341914,0.20324361447645717,0.021305438543827198,0.015083658999819484,-0.016465536393299448,0.09710062820951669,-0.006130495883103573,0.0,0.0,1.5,0.10965351432479538,10877.634528335588,10724.180634025628,10700.48812745533,10845.793505731124,0.0,0.0,0.0,0.0,0.0,0.0,nan,0,-0.0008408331476521674,-0.000663269916743996,0.024012701694288596
11.34393839,-0.12283709968984799,-0.007811548323162549,1.5007596247228736,0.22507034376965673,0.07021040091359479,0.018840499402611743,-0.01528750655164526,0.09289257882610255,-0.0019350697595604171,0.0,0.0,1.5,0.1230875719849017,10854.784945538206,10704.599780802131,10688.407524577966,10827.777626736024,0.0,0.0,0.0,0.0,0.0,0.0,nan,0,-0.018573937630699325,0.005156525310985371,0.006022519325447506
11.353922779000001,-0.11197882842416079,-0.011630357811850716,1.4891575578307732,0.1929203082048618,0.022346023521353134,0.005625944889625379,-0.01514889415493575,0.09792074237789435,-0.004013045236870571,0.0,0.0,1.5,0.11310208570257378,10849.855486977101,10705.85949206076,10684.406615838776,10817.51406243619,0.0,0.0,0.0,0.0,0.0,0.0,nan,0,-0.00981911585930835,0.0010062513125882171,-0.005460907004694482
11.36445127,-0.08623859016472643,0.004329805895199207,1.5175282068383622,0.24732667949845702,0.004951036966367498,0.040164032803907526,-0.01548401802232922,0.09274897038326002,-0.0035063095939366832,0.0,0.0,1.5,0.08810834062481349,10860.901309064317,10732.17246410926,10718.49925969332,10837.283797015116,0.0,0.0,0.0,0.0,0.0,0.0,nan,0,0.013728593034244105,0.01662263291983292,0.02304060346492176
11.374232563000001,-0.09660394815688844,-0.01153710728450252,1.500457342263123,0.23811268308900746,0.06399326114309481,-0.021923687357479342,-0.015527203062089106,0.08721416383054006,-0.007586445297740977,0.0,0.0,1.5,0.09729150428448802,10846.952522161291,10717.024541731915,10708.866414143224,10830.274048354062,0.0,0.0,0.0,0.0,0.0,0.0,nan,0,0.0010841255168432956,0.00040005853655402865,0.006110323574636478
11.384543926000001,-0.08646046727200034,-0.009832182091059176,1.5130610215930593,0.22997563814177557,0.007253121786588122,-0.015563173863463417,-0.009075594486726835,0.08378772420444411,0.0056286676950768845,0.0,0.0,1.5,0.08799246837439412,10850.93807190983,10718.988483679657,10707.859100774627,10830.122016449139,0.0,0.0,0.0,0.0,0.0,0.0,nan,0,0.008865024085244672,0.0017379645405897395,0.018867882694587834
11.394569405,-0.10039085695579299,-0.014914565828705355,1.469601161155316,0.23800355199913692,0.032426372833867005,-0.024843632692836057,-0.01167026811029804,0.08548558771878148,0.0028122315145375915,0.0,0.0,1.5,0.10594742959261612,10861.775635517226,10743.093027223827,10734.196746201644,10847.73978218049,0.0,0.0,0.0,0.0,0.0,0.0,nan,0,-0.007508932011376271,-0.003722361998283824,-0.02442904353802544
11.40462557,-0.11225254817002689,-0.00017788462071578227,1.4888065526109868,0.23846611610852742,0.06822582485269885,0.007708704500186596,-0.01183616251461422,0.07308235773925952,-0.005192078687287483,0.0,0.0,1.5,0.11280939445832115,10881.181988564314,10778.561208360423,10775.782366672829,10880.08435795858,0.0,0.0,0.0,0.0,0.0,0.0,nan,0,-0.02189252278822966,0.01062590921156574,-0.005054941083247888
11.414672973,-0.07308790293529564,0.00034443471602069,1.493235648876849,0.2499295566081938,0.0710988394109183,-0.0021011314121175176,-0.007336256411762359,0.07242148331676673,0.0012289862437136175,0.0,0.0,1.5,0.07340106700089633,10881.834182072036,10803.09246330031,10789.087185921597,10862.493850174782,0.0,0.0,0.0,0.0,0.0,0.0,nan,0,0.01467449309734678,0.010749797619503922,-0.00045612533383065923
11.424745282,-0.06910502759248494,-0.014801369538480028,1.49556666424612,0.27148001358167867,0.06701008310986052,0.006976568385635428,-0.010619721999811102,0.07418692219311775,-0.002662556539843708,0.0,0.0,1.5,0.07081129743677472,10885.305568571723,10809.548470915828,10790.469144923067,10862.691037070079,0.0,0.0,0.0,0.0,0.0,0.0,nan,0,0.015986956407874744,-0.004803967158235134,0.002044433659813105
11.434899943000001,-0.08498366724396703,-0.001744044808044411,1.5147655486063707,0.25861818662754027,0.03604317203882895,-0.010806143212934886,-0.005326743071328365,0.06986590834911645,0.004319368591856884,0.0,0.0,1.5,0.08627448531386829,10888.85494533843,10815.584982849236,10788.456591821752,10861.766400178572,0.0,0.0,0.0,0.0,0.0,0.0,nan,0,-0.0026318648134531775,0.007836373224784827,0.021411845058767698
11.445423861,-0.09646303973554257,-0.013350600557834425,1.5047885840885347,0.2820622608255104,0.03757135461498894,0.0369953948023552,-0.005323598576741112,0.06715779021872288,-0.0030596305651751747,0.0,0.0,1.5,0.0975001902964742,10866.844757393548,10806.7763362804,10788.178853090167,10855.147008930291,0.0,0.0,0.0,0.0,0.0,0.0,nan,0,-0.016918012655754724,-0.004195655181774595,0.011603352585283
11.455415366,-0.0792777344284208,0.0016408953990907325,1.5002640333491155,0.2693925517578995,0.03440858276194895,-0.03266961870530603,-0.006926918530732929,0.0648746243655237,-0.004536251477742826,0.0,0.0,1.5,0.07929515387098646,10838.917526942221,10784.505840206346,10776.768041459154,10838.423094887485,0.0,0.0,0.0,0.0,0.0,0.0,nan,0,-0.0026028193814492395,0.010362431608372769,0.007249043020098878
11.465573118,-0.05830592929426949,-0.007626601450778571,1.5026456913295916,0.30372650555389163,0.07932820838678317,0.030316696687950655,-0.005842649731800757,0.06445824413427935,0.004473117096343136,0.0,0.0,1.5,0.05886209411131112,10836.886013163656,10786.853883445565,10788.65857170074,10840.535213187877,0.0,0.0,0.0,0.0,0.0,0.0,nan,0,0.01543889649525032,0.0006541542137736365,0.009805887867960994
11.475500859,-0.06478216994463361,-0.022209631333596748,1.511075034486933,0.28265221566759174,0.05247166297331404,0.0013924844716953733,-0.005583131765193074,0.05558764477324508,-0.007569572207409322,0.0,0.0,1.5,0.06937329209138361,10827.712355873808,10767.948582737143,10754.162890057152,10822.857729367597,0.0,0.0,0.0,0.0,0.0,0.0,nan,0,0.005975758306552045,-0.014376490109244362,0.018415349886443
11.485625610000001,-0.0586688175437859,0.005851501812825966,1.5024182138145448,0.28881245062658245,0.06289014874574146,-0.013135090173629778,-0.004510924926989943,0.05044802769356756,0.0004224257684470412,0.0,0.0,1.5,0.05900947367588023,10819.884676818707,10760.842001038462,10748.190944254324,10813.739551063647,0.0,0.0,0.0,0.0,0.0,0.0,nan,0,0.009048748497239925,0.013230751133408077,0.009946166131525436
11.495739783000001,-0.07255707876287902,0.003220509850212574,1.481483856019097,0.29194059180300985,0.039842845356678626,-0.01579063018237834,-0.004358024564041665,0.052303900793457786,-0.002341410990817396,0.0,0.0,1.5,0.07495164407949619,10832.981531932446,10788.196311916816,10772.785340984286,10823.259069390051,0.0,0.0,0.0,0.0,0.0,0.0,nan,0,-0.007930207143509352,0.010140122614409663,-0.010794654948347082
11.506082021000001,-0.0725952850215245,0.004274296538108689,1.4875053099441045,0.2800658659245537,0.07326959945025555,0.07165436481407815,-0.006083027056911971,0.04616083013280032,-0.00473822108935953,0.0,0.0,1.5,0.07378659971732647,10850.722815415354,10816.980107636078,10806.332142112617,10843.589299536017,0.0,0.0,0.0,0.0,0.0,0.0,nan,0,-0.011106372733512851,0.010729056696177259,-0.0045773375614039935
11.515875000000001,-0.05567440854108812,-0.002612550947058,1.506816575450705,0.30457734592615415,0.05878823802365287,-0.045545435522143025,-0.006652511423260576,0.04624437788811687,-0.0037344219956511483,0.0,0.0,1.5,0.056150965171812624,10836.593214393284,10814.799427300171,10805.647344889006,10826.522874235141,0.0,0.0,0.0,0.0,0.0,0.0,nan,0,0.0026323686871193644,0.003372676256415756,0.014928220559655037
11.526223822,-0.08060045855406742,-0.004836064411415242,1.4967073946513076,0.34723387439238823,0.05491589294238997,0.027775171032291265,-0.007131380357158356,0.038561760369031174,-0.0055554704947477045,0.0,0.0,1.5,0.0808125156649608,10832.514338635612,10818.224991177714,10806.911911902935,10817.281867386086,0.0,0.0,0.0,0.0,0.0,0.0,nan,0,-0.02551651042069942,0.0006755298384497066,0.005016051116478959
11.536430561000001,-0.05944779746117017,-0.003489356898915745,1.510248388731383,0.31455962759800504,0.013127270547755535,-0.035879697490099165,-0.0050617735528471,0.03589153245654867,0.0029199551559195066,0.0,0.0,1.5,0.06042553852587379,10837.80869008665,10822.330742050706,10813.81569001665,10823.012194666208,0.0,0.0,0.0,0.0,0.0,0.0,nan,0,-0.007624218318134278,0.0015450561529133573,0.018753499724994738
11.546142958,-0.06779018854364016,-0.0020259322659303093,1.465306109005466,0.3646452208852779,0.04548582037946988,-0.02932137620930784,-0.00042554704964569703,0.03176916818526114,0.0004155130821838745,0.0,0.0,1.5,0.07617926316701303,10831.955295386799,10821.58407962736,10822.758814304963,10828.599201812349,0.0,0.0,0.0,0.0,0.0,0.0,nan,0,-0.019261181061410768,0.0025283270458768036,-0.025991741386189426
11.556517169000001,-0.05584206257748821,-0.0027190251959303227,1.4869561125516204,0.35814276194409883,0.04281605843199316,0.012737947970734171,-0.0037478572869665844,0.029287521237739974,0.005463585877751888,0.0,0.0,1.5,0.05740968603546102,10878.859763538652,10871.277264152477,10879.728085739127,10887.711063629036,0.0,0.0,0.0,0.0,0.0,0.0,nan,0,-0.010638737558248103,0.0013526665361265262,-0.0041502664930834765
11.56637238,-0.0417368556531175,-0.014211196692312737,1.4743982434875482,0.2819764250307587,0.0448151776877103,0.007489448224451737,-0.001836825393918582,0.027605831188796677,0.001244955752760489,0.0,0.0,1.5,0.050984048169595494,10886.97459523765,10881.428791199254,10891.132342691482,10902.816719577113,0.0,0.0,0.0,0.0,0.0,0.0,nan,0,0.00011277160439201322,-0.010623926607262602,-0.016529359194383142
11.57681275,-0.044016929324542625,-0.004555547077186806,1.4911726471701403,0.3443703271922746,0.07379401741288853,-0.028134175846088065,-0.0046018159787349555,0.02293414417905302,-0.0021579329804621997,0.0,0.0,1.5,0.04512388762415177,10872.044529822771,10879.718707923845,10891.181621662397,10892.494456814497,0.0,0.0,0.0,0.0,0.0,0.0,nan,0,-0.0055456478723774835,-0.0014539783467127508,0.0004124236702454098
11.586683516,-0.022992715200118977,-0.007941753150216094,1.502700292113513,0.31235891377509795,0.07104785471141405,0.012120236000732046,0.0009477403532170834,0.018283350557481964,-0.002584692390911191,0.0,0.0,1.5,0.024475047964632273,10875.679836629442,10893.376859559581,10902.482475568338,10892.214346861858,0.0,0.0,0.0,0.0,0.0,0.0,nan,0,0.012078893094928152,-0.0053266021995495415,0.012095744543142661
11.59694132,-0.01722795941478688,0.005599953062613472,1.5046663693934943,0.3660489498627369,0.04206095032468553,-0.06301254247566782,0.001384480301823033,0.020334950458687353,0.0004328921640000169,0.0,0.0,1.5,0.018706604801982593,10864.727922321377,10885.292931630745,10890.947949070389,10874.706715882325,0.0,0.0,0.0,0.0,0.0,0.0,nan,0,0.014425946947966471,0.007728523592025177,0.01420494196442701
11.612061906000001,-0.023788697866785703,-0.010982764566087462,1.4877074817637783,0.3552986595699215,0.041459507774534346,0.003986295943028856,-0.0008599799222552875,0.010967636081843887,0.0006952668231558012,0.0,0.0,1.5,0.028941825586841677,10881.170422802204,10891.486679693477,10902.203099075756,10896.124423585168,0.0,0.0,0.0,0.0,0.0,0.0,nan,0,0.0027121653694785267,-0.009583171184926709,-0.002557700485541492
11.621929547,-0.041392887166205684,0.006626869979380192,1.4609617363856127,0.3533355060223105,0.08878317957833273,0.008313340023242197,0.001362976620329519,0.005567760750082329,-0.005411585458839865,0.0,0.0,1.5,0.0572823929292784,10882.792629811955,10891.256601918027,10906.334904340629,10903.87746140111,0.0,0.0,0.0,0.0,0.0,0.0,nan,0,-0.018340322498063423,0.007541865797717571,-0.029189723474582818
11.631937905000001,-0.011500742515643007,-0.00044280766070079147,1.4900976194587674,0.3722429001612516,0.04603587950283334,-0.06043424378524459,0.0022552883728569574,0.008357825593108582,-0.001384143014741756,0.0,0.0,1.5,0.015182894895864756,10873.590465743058,10884.764303177219,10902.083105517631,10897.867351371953,0.0,0.0,0.0,0.0,0.0,0.0,nan,0,0.008097005945073293,-1.0679646475040964e-05,4.67713614118459e-05
11.642104597000001,-0.020000877338306685,-0.017406356779282987,1.4792780054100054,0.3681878796623865,0.06915476171183753,0.005724589811574265,0.005801014034720834,-0.00023200343845407198,-0.0025848297325007266,0.0,0.0,1.5,0.03365141022925258,10902.87951260441,10921.870993425036,10929.655493023472,10912.783508686021,0.0,0.0,0.0,0.0,0.0,0.0,nan,0,-0.003861202949636565,-0.017454841408655462,-0.010687350548821195
11.652099107000002,-0.006657233736986078,0.006841393622652829,1.4945887670165714,0.3584673717659719,0.0699185408001844,0.013468433695424923,0.004233912433734021,-0.0017302568637870411,0.00046807878506998344,0.0,0.0,1.5,0.010972915297672085,10916.46246461758,10931.99697733365,10942.681947114237,10929.355891272064,0.0,0.0,0.0,0.0,0.0,0.0,nan,0,0.006024360852932873,0.006315077387532154,0.004689944981491001
11.662275129000001,-0.021482757339640897,-0.003211956352341816,1.4902700830903182,0.3540842909223233,0.04472709441357365,-0.0762575804859124,0.0030326801804341674,-0.0038928125248462657,0.008536251374216784,0.0,0.0,1.5,0.02380119344891252,10895.731245578367,10914.39507368034,10933.310412312168,10913.950094011137,0.0,0.0,0.0,0.0,0.0,0.0,nan,0,-0.012255995472244919,-0.004212819591354758,0.00042117140879227577
11.672498816000001,0.0012446626649362169,-0.008129402741682971,1.4803698625691366,0.3175668772387263,0.03598550586084582,-0.024790057495259518,0.0009380349803461387,-0.010193444611502943,-0.0010957503584299734,0.0,0.0,1.5,0.021283295554038448,10855.021364412765,10878.78970478617,10884.242952135453,10866.799117166629,0.0,0.0,0.0,0.0,0.0,0.0,nan,0,0.007023050139582698,-0.009601046315557962,-0.009440606187564482
11.682529867000001,0.006020318331300097,0.001254059795858215,1.4808596664679552,0.3365535066379887,0.03044164536642235,-0.03265868254912386,0.007058145381107651,-0.014652920541004427,-0.004919058501650294,0.0,0.0,1.5,0.02010396146284843,10874.618271050473,10907.89018499499,10913.733750869635,10891.603216611276,0.0,0.0,0.0,0.0,0.0,0.0,nan,0,0.008360009740092152,-0.0006840998966014145,-0.008925355571183236
11.692639056,0.003332319356049788,0.009280987281783767,1.477406232477373,0.3414359441830432,0.050998220862686086,-0.05339855245960468,0.003829058236651572,-0.016466422252471545,-0.004365828363692318,0.0,0.0,1.5,0.024651965602804474,10872.932765313679,10927.018998461868,10943.987241956915,10897.621734267257,0.0,0.0,0.0,0.0,0.0,0.0,nan,0,0.0022462149047637325,0.006881074012867227,-0.012369555412651279
11.702907826,0.0015930429992944825,-0.00012180748759404699,1.480475055290181,0.33168471847866454,0.04443444701956866,-0.03972390933781696,0.004045458368983275,-0.02068500177116791,-0.004153845415521653,0.0,0.0,1.5,0.019590203903561615,10891.243807300416,10958.415167804873,10985.586632332665,10916.12066683875,0.0,0.0,0.0,0.0,0.0,0.0,nan,0,-0.0029027526636080277,-0.0029782249600345235,-0.009310311305497976
11.712916413,-0.009850402694492884,0.023171211010409865,1.4998435060724213,0.32431868988334817,0.06465094998061695,-0.04361715265652854,0.0040538762271879495,-0.020330549375066037,-0.009552719436345879,0.0,0.0,1.5,0.02517856118371304,10904.178980836774,10973.88464552254,11000.09529285855,10925.043017489821,0.0,0.0,0.0,0.0,0.0,0.0,nan,0,-0.017736568098234626,0.019864024075602723,0.010025103408757507
11.723041142000001,0.00926946273881204,0.00970766238056767,1.4827514860695588,0.36140788634569576,0.049078899699046406,-0.01232639803844242,0.007050143883262897,-0.02505308428909807,-0.008485141130755556,0.0,0.0,1.5,0.021855728795213837,10909.42972922043,10991.439630316605,11011.709999610888,10919.418129738977,0.0,0.0,0.0,0.0,0.0,0.0,nan,0,-0.0019846043802823204,0.0059559010735075624,-0.007125493450273357
11.733021787,0.019546465792344696,0.021152759169179986,1.4865123218621819,0.34171547984229295,0.04547577628447387,-0.030157552255175298,0.01184555518531287,-0.02442468415316902,-0.00209807038960186,0.0,0.0,1.5,0.03180284589451087,10905.263506646412,10990.969261124592,11006.548637438853,10908.194278173176,0.0,0.0,0.0,0.0,0.0,0.0,nan,0,0.004949981617107335,0.016963044229062706,-0.003446867692401101
11.743280791,0.023869510611182695,0.014574668569105073,1.4876388432643366,0.32899370902623376,0.04340312038239141,0.006855978562469452,0.0042691618509946945,-0.03204117208669471,-0.00880003770665414,0.0,0.0,1.5,0.030577323240602,10893.796069290302,10967.667144020546,10988.79657624648,10900.028943551737,0.0,0.0,0.0,0.0,0.0,0.0,nan,0,0.005959034984158593,0.009954034643992145,-0.0024238310051136747
11.753206927,0.0036914378607256562,-0.015251959197792382,1.489589306824142,0.3438583628989656,0.05458843442851738,0.005114019998459848,0.0075408731557970905,-0.036523870224345,-0.0003514502389919668,0.0,0.0,1.5,0.01883166230720433,10892.737418646226,10966.18175049128,10986.98220938508,10902.137416244896,0.0,0.0,0.0,0.0,0.0,0.0,nan,0,-0.01586445722016439,-0.020085283950863484,-0.0005328830388713346
11.763500253,0.03646086138902059,0.0009516465748635279,1.4812278322684072,0.33741804521421087,0.05333718265921936,-0.04239490164031846,0.006344809840728206,-0.03564468142023747,0.001901383977905142,0.0,0.0,1.5,0.041020657305507406,10848.584558715433,10929.004851217673,10950.34208872535,10859.511232822753,0.0,0.0,0.0,0.0,0.0,0.0,nan,0,0.012019147208527557,-0.004508105885242753,-0.009097266212295674
11.773542296,0.027017254103662788,0.004013663584501345,1.5071486499076578,0.37466658105118616,0.03788221056304403,0.0008694942726753032,0.01014216842961919,-0.040782360300707886,-0.004144027360588304,0.0,0.0,1.5,0.02823375125932954,10834.983806316204,10919.3674960294,10942.223585642707,10850.74367296315,0.0,0.0,0.0,0.0,0.0,0.0,nan,0,-0.0006362751465159161,-0.0018535400964930617,0.016673242450029324
11.783751386,0.04554880780271671,0.0023960253799242453,1.5152462372012137,0.32160214580925167,0.0756945731703509,0.056168425175953524,0.00642645473206208,-0.0434143975767258,-0.005827198653690122,0.0,0.0,1.5,0.048092437853219074,10853.12007512244,10940.762790423896,10959.10808430807,10874.089140868458,0.0,0.0,0.0,0.0,0.0,0.0,nan,0,0.014723036857969572,-0.003870034837272434,0.024608178625215693
11.793769196000001,0.0457955385285466,-0.015325199989085669,1.4898099025649398,0.32492913846808696,0.025856765957639836,-0.015432902519734901,0.009889643340924124,-0.04468348834128333,-0.0019072781943144555,0.0,0.0,1.5,0.04935515362716529,10836.575107779561,10915.613173440126,10939.123963052434,10859.999296403937,0.0,0.0,0.0,0.0,0.0,0.0,nan,0,0.011839775610946214,-0.021981151759920835,-0.0010021921489067331
11.803890916,0.052230755253360114,0.006743995060929385,1.526309334027116,0.3102712764391299,0.05563125631349347,-0.013301376218786043,0.00900250927791709,-0.04747693051847973,0.0017372313259948942,0.0,0.0,1.5,0.05887031782374386,10787.625252726182,10859.118263829618,10880.418399868666,10804.921070415938,0.0,0.0,0.0,0.0,0.0,0.0,nan,0,0.01518956563475806,-0.0002925918602161015,0.035319938992404154
11.814093634,0.05576513045765735,0.0005193063804879924,1.4860276215059154,0.30242758380067625,0.028311435745429703,-0.03516217886073812,0.005956701275338234,-0.05013120928220603,0.011661644957786044,0.0,0.0,1.5,0.057491275989130015,10777.76897788571,10858.370170089664,10888.66591648108,10806.790436926796,0.0,0.0,0.0,0.0,0.0,0.0,nan,0,0.01568565601588267,-0.0068883154663130965,-0.005141705049170886
11.824037792,0.04208217351882179,0.008602225715914237,1.502098163784049,0.28716726095249023,0.032066566527715064,-0.027673737405794943,0.00758624979865015,-0.05099826664855758,0.002206650839443681,0.0,0.0,1.5,0.04300360341413795,10765.95816288159,10850.49945821755,10875.416794882995,10792.515212051485,0.0,0.0,0.0,0.0,0.0,0.0,nan,0,-0.0009860078957165605,0.0008334776218841189,0.010748767931938241
11.834410210000001,0.04137142319456612,0.02015277495375644,1.5341558780380256,0.2997495005478383,0.03861868079613253,-0.008074045463671008,0.013791145057819016,-0.05604802869227996,0.0009305444788016248,0.0,0.0,1.5,0.057309274991305836,10800.53812955016,10908.047819291614,10925.6888630906,10841.374572047014,0.0,0.0,0.0,0.0,0.0,0.0,nan,0,-0.004633145095466112,0.012033173928863158,0.04262164391045187
11.844364278,0.03470913942842199,0.02417553206555452,1.5002857897579802,0.2939483095093471,0.06213464344036627,-0.00427206967725647,0.010707749807364957,-0.053086189870367256,-0.0050893385539656335,0.0,0.0,1.5,0.04229967359566808,10798.381546466466,10911.86655561472,10929.499086593321,10836.828235082901,0.0,0.0,0.0,0.0,0.0,0.0,nan,0,-0.014176964697784997,0.015715668493044344,0.0085605996451259
11.854452131,0.06246613545303536,0.00697871283726478,1.486365618806026,0.2877916513529596,0.012752380479288193,-0.03711779803239834,0.012123778483277645,-0.05702903796763775,-4.632214182198589e-06,0.0,0.0,1.5,0.0643165364571551,10754.713497250055,10874.081840058889,10886.712979140164,10779.066044680669,0.0,0.0,0.0,0.0,0.0,0.0,nan,0,0.010755401936558787,-0.001810601921321044,-0.0055504391650607054
11.864615347,0.057868285143784254,0.019130665586034247,1.4662619615205643,0.2626424552158591,0.03049030465275612,-0.0413094617810998,0.01493370350758079,-0.05898111782251781,-0.004997023945923737,0.0,0.0,1.5,0.06966330477149989,10771.759556776246,10891.682556582597,10907.452149121333,10794.470522295007,0.0,0.0,0.0,0.0,0.0,0.0,nan,0,0.0033921292021013294,0.010022979014217597,-0.02584435881622671
11.874694779,0.054501247562704365,-0.00506946575722891,1.4898030042673656,0.24004102925245502,0.008145355491425263,-0.04153211683854977,0.009182382134673905,-0.06539036987499587,0.0031927748008087962,0.0,0.0,1.5,0.055678220076851144,10806.936579246374,10930.478636236405,10956.03465068042,10835.279654161855,0.0,0.0,0.0,0.0,0.0,0.0,nan,0,-0.0026785131759346145,-0.014484116166370098,-0.0024986277335157236
11.884920442,0.07497508328988625,0.015207514617639768,1.4706709068407704,0.24504551821935372,0.02638844915487083,-0.008651229419355908,0.015169312284341744,-0.06356001550415981,-0.0029639268371398665,0.0,0.0,1.5,0.0819312353178803,10841.238287804355,10971.76551270809,11001.839948912831,10870.01909891348,0.0,0.0,0.0,0.0,0.0,0.0,nan,0,0.015156233032152668,0.005497650576555553,-0.021838773477584228
11.895054194,0.08076066737409077,0.011868684366496645,1.4779708934624889,0.2547789883754374,0.022259907276896623,0.021872164895039122,0.014709507890413639,-0.068593359955359,-0.005734345542494525,0.0,0.0,1.5,0.08454840387695717,10835.645523898509,10977.544805600979,11013.68315460248,10871.681898473387,0.0,0.0,0.0,0.0,0.0,0.0,nan,0,0.018369639388617486,0.0018756396666158599,-0.014763282009160106
11.904950849,0.06133081752994044,0.009741712854575407,1.4937098011939274,0.2329342401402523,0.01306866313227169,0.0550561391045396,0.014293834404985495,-0.07013659512907687,0.0008796538295832109,0.0,0.0,1.5,0.0624174394640774,10835.1136974591,10977.774989339105,11015.03537436273,10871.609355378225,0.0,0.0,0.0,0.0,0.0,0.0,nan,0,-0.0035634361248355687,-0.0005222662849568554,0.0007353133749423701
11.915166002000001,0.05697869213924864,0.011504883407017434,1.4888541578210965,0.21534284844928767,0.05207314570284913,-0.0034575202163391106,0.008754823526878631,-0.07461345932342915,0.006956282509451261,0.0,0.0,1.5,0.05918752823007025,10806.864713852794,10947.448286699697,10989.18961884532,10843.208179067004,0.0,0.0,0.0,0.0,0.0,0.0,nan,0,-0.010348216044553715,0.00098234895222047,-0.004371010331152725
11.925386752000001,0.08190014996614381,0.01958212174278281,1.515645425080256,0.2637161154697868,0.03583052121771103,-0.024813742807389245,0.012620035321986038,-0.07193957521433086,-0.005047272007609252,0.0,0.0,1.5,0.08564971326494863,10740.79952720507,10903.438219941665,10936.178969255336,10776.658504433846,0.0,0.0,0.0,0.0,0.0,0.0,nan,0,0.012212442710680005,0.008813479644706993,0.022167906231290946
11.935403877,0.04876309052656502,0.0020516957813991807,1.4844087305141678,0.22893221311535925,0.035320231444704676,0.04004038967772245,0.015447551913677623,-0.07341872926399845,-0.0043389839918300905,0.0,0.0,1.5,0.05123608237815641,10745.650665821928,10905.98344605391,10925.401650393655,10770.284589976645,0.0,0.0,0.0,0.0,0.0,0.0,nan,0,-0.023211835448069013,-0.008950465818549877,-0.009321694448149564
11.945499654,0.053705491239057164,0.009339566743122387,1.483847231597145,0.20013182965107784,0.053018171947940056,0.009866641363300566,0.012240561052299809,-0.07962280151686893,-0.004643044394730574,0.0,0.0,1.5,0.05685436855030541,10735.30686896305,10887.50900731828,10907.943931242504,10754.441804559418,0.0,0.0,0.0,0.0,0.0,0.0,nan,0,-0.020481479563559786,-0.00188340748947367,-0.010135057934992586
11.955599807,0.08229074460044555,0.0022558979293272625,1.492484368781813,0.23122315552490108,0.040645157304127634,0.018021481024747963,0.015767492541314092,-0.08023245708843461,-0.0003752951483131012,0.0,0.0,1.5,0.08266402140575481,10724.011239778056,10888.031587325433,10905.928645920334,10737.188259189139,0.0,0.0,0.0,0.0,0.0,0.0,nan,0,0.005968282064737485,-0.00917509567747372,-0.001745530666432904
11.965734222,0.07804837484435168,0.018432923900122203,1.4794407821921354,0.24805755938935944,0.04293365120345273,-0.059060607229210305,0.014321691611699126,-0.08079501989272254,0.0032217265128360716,0.0,0.0,1.5,0.08278890587647202,10721.158940333677,10889.047312377397,10902.09078153678,10732.198582276309,0.0,0.0,0.0,0.0,0.0,0.0,nan,0,-0.0003314988210259828,0.006806820627146087,-0.01503237976733196
11.976077006,0.06300718844276304,0.019727134268888565,1.5154585414881576,0.18991066157006356,0.01020718383637292,-0.04704247879691067,0.012591568033065333,-0.0791334165846632,0.0013758261556845956,0.0,0.0,1.5,0.06780879092614542,10754.995446687915,10912.238999256186,10920.697004193486,10766.77130014169,0.0,0.0,0.0,0.0,0.0,0.0,nan,0,-0.01735056064301968,0.007918943696207924,0.020746312073203432
11.985907792,0.08448200811298322,0.003221832709391982,1.505760212941456,0.2084009059540994,0.005742683359841862,0.021759851896848675,0.014283673377922258,-0.08277592984585465,0.003646833937938285,0.0,0.0,1.5,0.08473942384711138,10782.836819850772,10939.07542917219,10945.850808190855,10796.838714824327,0.0,0.0,0.0,0.0,0.0,0.0,nan,0,0.0022279016606630148,-0.008755215797795028,0.010805417203756829
11.99612606,0.08086240941164052,0.010303056003135965,1.486343357478321,0.18819533033312372,0.009885095169469206,0.03925077825043208,0.014265726080601457,-0.08105486268098583,-0.0011548663088402414,0.0,0.0,1.5,0.0826521996308898,10777.783485218313,10941.403913624743,10951.376358472979,10797.148528860702,0.0,0.0,0.0,0.0,0.0,0.0,nan,0,-0.0032051533817077787,-0.001829504310313989,-0.008858758297773273
12.006159345,0.0708818382896887,0.011175300097278839,1.497130988766032,0.19530471244701994,-0.0002525256799435006,0.04596983776828987,0.012218091127987935,-0.08359067426811262,-0.0051383045966112125,0.0,0.0,1.5,0.07181471685560317,10741.379081414207,10897.287912336404,10917.41082138193,10770.307745208185,0.0,0.0,0.0,0.0,0.0,0.0,nan,0,-0.01491538435430921,-0.001099380855340169,0.001680338703522688
12.016266908,0.09468592195096097,0.003880019096428813,1.47827747360338,0.13494480022763644,0.021346151132092685,0.020585952429605345,0.01648491258392532,-0.08962557342290482,0.0003390814665185089,0.0,0.0,1.5,0.09722317890783032,10710.683336950726,10860.498369188143,10889.30303012607,10742.179710709395,0.0,0.0,0.0,0.0,0.0,0.0,nan,0,0.00724347181414256,-0.008523384423716899,-0.01741743119193151
12.026359104,0.08126879742884703,0.008310761806872244,1.511204767607582,0.1323145464155537,-0.0005096157487360442,0.0009280852422737903,0.016813497514207427,-0.08602620647704978,0.008917011713892423,0.0,0.0,1.5,0.08245746184840676,10695.338642278502,10852.55365361128,10886.387090338021,10729.953137511939,0.0,0.0,0.0,0.0,0.0,0.0,nan,0,-0.007733866710570733,-0.0042079686595714975,0.015274929930137793
12.036683060000001,0.08128190241621286,0.013080685998442556,1.5240553334309495,0.12786995453059066,0.02383309494580771,0.016116113117657985,0.01597999887503472,-0.09096912042761683,-0.004036191579069004,0.0,0.0,1.5,0.08577010594060588,10684.829443453991,10858.07017012084,10894.378049199375,10729.392395660567,0.0,0.0,0.0,0.0,0.0,0.0,nan,0,-0.009194982017507819,0.000460081271633557,0.02789931577107141
12.046608757000001,0.09697245396133702,0.010295852829486606,1.5206375289078218,0.13676092014802907,0.015019523890096675,-0.02446581521391099,0.016260450824025267,-0.08894836038672366,-0.006194266904936976,0.0,0.0,1.5,0.09967732446344682,10660.96938864476,10842.668044581376,10877.517493478423,10705.402509311592,0.0,0.0,0.0,0.0,0.0,0.0,nan,0,0.0051080323979184605,-0.0024131676424830172,0.024265807016178975
12.056899401,0.09744657354186137,0.01997340242350524,1.497629074026791,0.17283206494685902,-0.00595703132117719,-0.02849447418852918,0.014705017470515148,-0.08934437865765359,-0.00799629173534992,0.0,0.0,1.5,0.09950071753204154,10658.31422806782,10835.32107063804,10869.383798799594,10694.188859869355,0.0,0.0,0.0,0.0,0.0,0.0,nan,0,0.004281692698126352,0.007189377889787966,0.0010560779366164397
12.066997084,0.08906073463682486,0.007017736002922116,1.5203046318921576,0.13732131328194763,0.008029427268182357,-0.03273624935763054,0.013144146525224193,-0.09146061611954513,-0.0005512288794282516,0.0,0.0,1.5,0.09161517968619429,10690.98023641481,10847.974979060007,10886.024317434698,10723.119565437788,0.0,0.0,0.0,0.0,0.0,0.0,nan,0,-0.005316727267640417,-0.005827869505218028,0.023543125510279372
12.077022852,0.08816376991207721,0.019555984809041676,1.4951530259976527,0.07635721031278475,0.011599095627024852,-0.020392975902180015,0.017590440744602896,-0.08956281787072591,4.291274035508235e-05,0.0,0.0,1.5,0.09043660776444785,10715.194559867154,10859.58113842945,10896.796945904971,10745.741454960382,0.0,0.0,0.0,0.0,0.0,0.0,nan,0,-0.0073374138385972065,0.0066622554387239935,-0.0017888646151535958
12.087040545,0.09980112480877075,0.006654191353217982,1.5197556179779783,0.06585110388379799,0.023446832330004937,0.021765391346966458,0.02001470725939319,-0.09111469504085365,-0.0020932608029105007,0.0,0.0,1.5,0.1019550254639412,10723.910360497961,10878.969699809966,10911.01773984395,10753.402181634716,0.0,0.0,0.0,0.0,0.0,0.0,nan,0,0.0032657162836795955,-0.00627422961809642,0.02263974841628036
12.09708739,0.08010866450187057,0.008873490444962037,1.4998887532252456,0.10898861838049648,-0.025751319020003015,0.02935887127938879,0.01357066771046614,-0.09150977898781193,-0.0054958933695541294,0.0,0.0,1.5,0.08059869314570171,10705.423270783924,10874.761053176368,10904.285960945,10733.804222101997,0.0,0.0,0.0,0.0,0.0,0.0,nan,0,-0.017370914833614054,-0.004076232195543152,0.002603602987856668
12.107290815,0.0863185681510292,0.00985902677316973,1.5121019052948468,0.09489907114282864,0.024276918914180903,-0.022084240118305183,0.012493341049339156,-0.08685177691394827,-0.004227232699990364,0.0,0.0,1.5,0.08771859397142313,10676.713966907982,10845.375187997735,10882.773548087682,10708.396028523344,0.0,0.0,0.0,0.0,0.0,0.0,nan,0,-0.012015298855451245,-0.003098760785076274,0.014657427519643829
12.117594633000001,0.09759866634532538,0.010902009060075645,1.5279442185349392,0.07493861902126431,-0.01257337805546666,0.034332408541521094,0.01574712703454151,-0.0939972665965449,0.0006240171222538169,0.0,0.0,1.5,0.10210402941833667,10683.800381459938,10842.1355738592,10879.196673606419,10711.00027439951,0.0,0.0,0.0,0.0,0.0,0.0,nan,0,-0.0014996233800603082,-0.002050739002311416,0.030352941044309967
12.127681184,0.09836191834541476,0.03179315458412794,1.4787355869719547,0.05425457567815377,-0.000759595594480633,-0.022982231764368168,0.012740271701667178,-0.09565425374446133,-0.005195281558590785,0.0,0.0,1.5,0.10553694576037151,10669.354738773847,10824.177286177946,10857.569643492316,10695.384748420905,0.0,0.0,0.0,0.0,0.0,0.0,nan,0,-0.0014107495724494379,0.01885844227925427,-0.018990506102434024
12.137556424000001,0.10476198250060696,0.012116994804622012,1.4902512680767148,0.07855971649317879,0.02052076327261889,0.039553865560607866,0.014045997325677614,-0.09425621777150744,-4.8816093530323035e-05,0.0,0.0,1.5,0.10591001989738646,10627.269526472099,10784.819567977658,10822.053834732176,10661.754506506939,0.0,0.0,0.0,0.0,0.0,0.0,nan,0,0.004404426526555816,-0.0007869023187392146,-0.007591194269114032
12.147693736,0.08469493266705516,0.014766251816852984,1.5035225567745953,0.035872638889927456,-0.0028222655521840246,0.07961283906877316,0.015207083321874374,-0.09324049193062856,-0.008717623791705181,0.0,0.0,1.5,0.08604465246850596,10664.872143246868,10819.381926394766,10845.920317868498,10686.644774292832,0.0,0.0,0.0,0.0,0.0,0.0,nan,0,-0.016157965335465013,0.0019058158200416283,0.005581136169753975
12.157799439000001,0.10426022178505036,0.014939273936069197,1.5018701610393623,0.039950161932034246,0.019133216492640735,-0.0050660330184818135,0.010671553004380455,-0.08934535985677819,0.0012723471797748053,0.0,0.0,1.5,0.10534169760696832,10641.814425512808,10795.824900728057,10819.070107561396,10657.22354691835,0.0,0.0,0.0,0.0,0.0,0.0,nan,0,0.0030013908043027004,0.0021347812098653964,0.0038473360275466106
12.167914750000001,0.09536942671765077,0.0174193303671887,1.5096054637340148,0.04512280803773794,-0.009330725225717519,-0.034720516851843526,0.014649835741470729,-0.08959879477182,-0.002724529133115736,0.0,0.0,1.5,0.09742189464612201,10642.623986289618,10796.368752531826,10811.738741321822,10650.10310852239,0.0,0.0,0.0,0.0,0.0,0.0,nan,0,-0.006206616082812713,0.004683023138386911,0.01152400654628738
12.177847928,0.09996863551909921,0.0028980163533870416,1.489376660587083,-0.013403296565037375,-0.000358903858938492,0.003465920251500945,0.011329473405351745,-0.09237379197884188,-0.0023876124160349117,0.0,0.0,1.5,0.10057326646090917,10661.792691093297,10812.35653390426,10819.952157530706,10664.131316030202,0.0,0.0,0.0,0.0,0.0,0.0,nan,0,-0.0017327220990382558,-0.009799648757222728,-0.008726738096365372
12.188121772,0.08573271604672497,0.00301053260170496,1.496552323644858,0.029829828062822063,-0.022771138745895102,-0.0016798263383075395,0.017354723334730503,-0.09339718131390215,0.001794852847481087,0.0,0.0,1.5,0.08585480988007665,10704.869661724057,10854.306198309929,10867.963689849363,10712.760501413197,0.0,0.0,0.0,0.0,0.0,0.0,nan,0,-0.016211118512499206,-0.009553171513035277,-0.0015965593528202149
12.19830525,0.09956846407954124,0.006254351781061349,1.5012073742092538,-0.021282071125107504,-0.013826269292010415,-0.02532987173486773,0.013309317107292513,-0.09223453945590972,0.001969890380885901,0.0,0.0,1.5,0.09977200863890298,10710.732510537558,10867.036362745635,10886.460705054911,10727.657968921127,0.0,0.0,0.0,0.0,0.0,0.0,nan,0,-0.0024259101325743437,-0.006205195403360758,0.0030403392677103014
12.208611438,0.1099999379131075,0.03941519208318137,1.4743327619728908,0.018974835762208854,0.008622885322108007,-0.021140201100646853,0.016102727774996897,-0.09069258479103058,-0.0012198861384626843,0.0,0.0,1.5,0.11963423764032548,10712.49181665031,10868.45371950347,10896.968465963984,10743.062874271176,0.0,0.0,0.0,0.0,0.0,0.0,nan,0,0.008043509045928904,0.027071478002683377,-0.023844938456622167
12.218572865,0.10386072949015301,-0.02395680732514797,1.4717729183743176,-0.0055231139463448676,0.024052336372515207,-0.019248780307448896,0.007613912873511051,-0.09083844251049157,0.008829425818165775,0.0,0.0,1.5,0.11026217794213908,10726.492796787405,10892.08746303206,10918.478938027942,10759.68005139223,0.0,0.0,0.0,0.0,0.0,0.0,nan,0,0.0020303373450236417,-0.036173194273565246,-0.026410428667289487
12.228785003,0.11137950560816716,0.016802011578137672,1.477357421324616,-0.025665046993875288,-0.0009863438921993313,0.033583849782441555,0.011249678857019687,-0.0869460890290875,-0.006631641422185957,0.0,0.0,1.5,0.11489294247978234,10779.64128283866,10925.907485016529,10937.983506552107,10796.341541062695,0.0,0.0,0.0,0.0,0.0,0.0,nan,0,0.009762993934441841,0.00472427769338234,-0.02083162110112191
12.238794425,0.09937160282721286,0.019280600761230296,1.4796414251284915,0.010733629346752375,0.01997002559081584,-0.01134122402761032,0.012155750648826144,-0.08708687450662292,0.001821694543177606,0.0,0.0,1.5,0.10325177279331386,10790.413214994152,10929.750831486514,10935.895834913015,10801.003193514653,0.0,0.0,0.0,0.0,0.0,0.0,nan,0,-0.001943556075833186,0.007352659761460165,-0.018558021375893574
12.248933084,0.1082878243922957,0.0035721506036986705,1.5168142810168506,-0.09770967079721338,-0.043496002557519925,0.018194339179273697,0.011276905626478009,-0.08582750715892769,-0.0066375551426682815,0.0,0.0,1.5,0.10964366474022016,10802.7831611737,10926.941333516317,10924.960674845852,10800.852064634833,0.0,0.0,0.0,0.0,0.0,0.0,nan,0,0.007360499065021439,-0.00819512010712801,0.01860116020119107
12.258946366,0.0988632013212731,0.024337688303102054,1.4711275910274568,-0.06363206243541746,0.013022156047620234,0.023325334611998805,0.009668803131533014,-0.0886158674544288,-0.00045786840580368086,0.0,0.0,1.5,0.10582944603137312,10816.629131329664,10932.85596223784,10924.618018546189,10808.960191667882,0.0,0.0,0.0,0.0,0.0,0.0,nan,0,-0.0015905702221560708,0.012741739142857263,-0.027104464507524684
12.269068928000001,0.09421879801819036,0.021971607999833567,1.50064574271146,-0.05883304683735483,0.016777683001579877,0.02019606136678945,0.011644823856324267,-0.08605253396031107,-0.011900066054995299,0.0,0.0,1.5,0.09674890408547429,10762.487548962084,10892.229340601907,10905.722637244358,10767.63730057772,0.0,0.0,0.0,0.0,0.0,0.0,nan,0,-0.005676956290034674,0.010557355541965999,0.0023925100284629686
12.279440849,0.10550830485527848,0.01159853854001662,1.4863574903671084,-0.045767370197657746,0.013156340138026726,0.024024668446572795,0.012291763526718482,-0.08585328505819374,-0.0021553632231386204,0.0,0.0,1.5,0.10701703863769625,10772.881220038798,10909.470666082669,10907.268655820919,10763.634006673608,0.0,0.0,0.0,0.0,0.0,0.0,nan,0,0.0062536997262925,0.00037608233433960615,-0.011915982907773737
12.289377785000001,0.10615350031523971,0.02610618374431229,1.488830432070924,-0.08810031833706308,-0.05065407615299818,0.041732196068803754,0.00483280035193495,-0.08158886092547589,0.010655675090373703,0.0,0.0,1.5,0.10988565741984545,10760.635483934364,10890.82511775166,10882.708508155918,10735.196504279613,0.0,0.0,0.0,0.0,0.0,0.0,nan,0,0.007621936822943473,0.015085368530061528,-0.00946101162357249
12.299458031,0.09081659120081229,0.014490430288125538,1.480888975984058,-0.1038733809337646,0.0021793590565808564,0.021706804764521314,0.01180008456788122,-0.0839814832330855,-0.004656209573506351,0.0,0.0,1.5,0.09393006465561701,10762.137712819716,10882.60368347544,10870.860754371106,10737.564793420093,0.0,0.0,0.0,0.0,0.0,0.0,nan,0,-0.006911412057912722,0.0036808450513001467,-0.01741606665788553
12.309715166,0.08257929188912438,0.018135826159912105,1.5136613933882563,-0.11057393334004328,-0.0027203655741709996,-0.032741792175916,0.006815399325064132,-0.08426417350106023,0.0007872099742952712,0.0,0.0,1.5,0.08564392160988689,10734.96400153685,10864.150944727584,10856.753472687897,10730.493366160095,0.0,0.0,0.0,0.0,0.0,0.0,nan,0,-0.01426604649071038,0.007546817285868203,0.015348942323565318
12.319707065000001,0.09426452707972938,0.011299886055856004,1.5026738566162312,-0.07111690490960688,0.006995350396604733,0.04201855821676076,0.009513371088170611,-0.07648437155261618,-0.004397887016696624,0.0,0.0,1.5,0.09497703932869525,10738.023430988213,10870.97150781182,10863.887157737865,10732.739318578451,0.0,0.0,0.0,0.0,0.0,0.0,nan,0,-0.0016204122589969644,0.0009405771155367917,0.004360685225320182
12.329756747000001,0.0901327642112733,-0.011111710332366229,1.5023904035441917,-0.13679299902886832,-0.008152962777234651,0.02641451786075025,0.008080983401105728,-0.07765927933981191,-0.0013386463600856908,0.0,0.0,1.5,0.09084657021582865,10751.784429508178,10896.372772190283,10885.84654897871,10742.961255464981,0.0,0.0,0.0,0.0,0.0,0.0,nan,0,-0.004715267513652657,-0.021232389590325695,0.004081020080765052
12.339929922000001,0.1048121142004053,0.01711886805345466,1.5071461163869533,-0.12613559390946408,-0.015566426344564156,0.017213298775392835,0.009711153048860536,-0.07907338762695579,-0.004513211869071575,0.0,0.0,1.5,0.10644107245798624,10740.91257414477,10873.127280322034,10862.696604910505,10730.782712104832,0.0,0.0,0.0,0.0,0.0,0.0,nan,0,0.011075895533074823,0.0072455231484178356,0.00884674069493463
12.355239504,0.09966482502013604,0.009871222754445167,1.5014151089187957,-0.0787082221302511,-0.03392313566013916,-0.026821312777029538,0.011088051754545181,-0.07645517555753915,-0.0033714850551073584,0.0,0.0,1.5,0.10016247260433553,10715.000419755139,10836.93617856535,10834.15666059347,10710.604754041193,0.0,0.0,0.0,0.0,0.0,0.0,nan,0,0.007732844468096037,0.0003846919081005925,0.0031496383576243847
12.365301536,0.0980895167363139,0.024428870902467353,1.482830478470093,-0.12378870395253073,-0.023297603906361857,0.02193340745728133,0.0073059707958328755,-0.06822053806486808,0.0037439660456177206,0.0,0.0,1.5,0.10253348475838985,10752.915737493755,10847.717028592737,10857.904662396379,10761.047826313328,0.0,0.0,0.0,0.0,0.0,0.0,nan,0,0.007449151290209219,0.015210482800096618,-0.01540154164158114
12.375477973,0.10009228113657057,0.018045758857212005,1.5068515927590143,-0.12870934638870069,-0.011336998888867715,0.011079001988187244,0.00809607142222106,-0.06860706421371589,0.000964938786283038,0.0,0.0,1.5,0.10193654143235537,10771.919780837023,10852.882483411273,10864.060411715698,10784.315669238513,0.0,0.0,0.0,0.0,0.0,0.0,nan,0,0.01081296411442531,0.009103535729482784,0.008656727982124135
12.385486529000001,0.09875187930112803,0.002745324318820598,1.488906347580409,-0.14612530888953792,0.0023274650060080867,0.03810001561357571,0.00656336941050441,-0.06850834604645857,-0.0006742392198110929,0.0,0.0,1.5,0.09941096315360175,10765.057776918178,10839.468835907055,10844.654058018112,10773.96812121368,0.0,0.0,0.0,0.0,0.0,0.0,nan,0,0.010901287092381653,-0.005912920565951136,-0.009247337949910284
12.395526874000002,0.08765033131798398,0.002599670757129564,1.4918888231662075,-0.17330184699605608,0.001147773874126925,-0.011224274892910538,0.010375761656852096,-0.06820708176794338,-0.00572180535293911,0.0,0.0,1.5,0.08806321625870185,10756.120896053166,10830.567946987749,10831.560933576297,10760.539308149375,0.0,0.0,0.0,0.0,0.0,0.0,nan,0,0.0012942305955663536,-0.005767009605772085,-0.006217655383946363
12.40576364,0.08292640101633825,0.02560031916407949,1.4967523235220566,-0.14135810043405644,-0.028764094168940883,-0.012237980683347555,0.006835037482011846,-0.06188810391684362,0.003946641515728525,0.0,0.0,1.5,0.08684878657373785,10752.652919699904,10827.113937388496,10826.480117725625,10755.328227587512,0.0,0.0,0.0,0.0,0.0,0.0,nan,0,-0.0018713010851092865,0.017532570349960412,-0.00130011402250374
12.415788669000001,0.09733117564180921,0.012146795611161606,1.4758614709366034,-0.1614912801442869,-0.03460562948184172,-0.02897375300615575,0.007155069628264215,-0.06378492738334673,-0.0011698767770258359,0.0,0.0,1.5,0.10101272682578416,10783.23544048583,10856.696362529246,10855.16462437104,10789.875877769744,0.0,0.0,0.0,0.0,0.0,0.0,nan,0,0.014154157710521989,0.004385157420846601,-0.02213348310074581
12.425781491,0.07973672448858718,-0.004450924530040007,1.4917762082054233,-0.1363450624490255,-0.04492267504756686,0.053491038114922784,0.009462015298847255,-0.06262962916675444,-0.0031435227037749217,0.0,0.0,1.5,0.08028316581215215,10813.112218953267,10881.550630954056,10883.589231207725,10824.643289143725,0.0,0.0,0.0,0.0,0.0,0.0,nan,0,-0.0017589835697134626,-0.011899461868044824,-0.0061613802289115505
12.436125153,0.08892100595985253,0.007613150102813777,1.4989212153319145,-0.16132358163577157,-0.04933759119142128,0.01697871864013569,0.008765184432594336,-0.05881870649191344,-0.00705206652725665,0.0,0.0,1.5,0.08925283822803731,10771.79002681241,10829.234108696122,10851.908648840148,10798.362419328705,0.0,0.0,0.0,0.0,0.0,0.0,nan,0,0.00916531132230626,0.00048448607551014773,0.0010409364339847293
12.446111085,0.08373224716936262,0.01238840303207641,1.505686952193452,-0.1929049844206528,-0.02708842542332735,0.0017894055720652075,0.004954408308543557,-0.05727205374211441,0.0015084372733159353,0.0,0.0,1.5,0.0848345635396741,10754.22128820499,10803.611411715523,10839.655512154799,10788.031607135912,0.0,0.0,0.0,0.0,0.0,0.0,nan,0,0.005773010649341159,0.005586122814040683,0.00786917170176138
12.456574892,0.06516038092502639,0.0036290740791716796,1.4838591774301386,-0.16747722391568115,-0.033345751570617116,-0.03439814647662107,0.010289365180449477,-0.05313141944035495,0.0020944476268333523,0.0,0.0,1.5,0.06722775895564574,10756.686472325346,10813.598665760264,10839.487533754798,10782.962365918469,0.0,0.0,0.0,0.0,0.0,0.0,nan,0,-0.010947952978894906,-0.0028405561971610693,-0.013890301609403188
12.466445087,0.07026178684059257,-0.008506347959631396,1.517870829599623,-0.17959985846691415,-0.03635055452960617,0.011527576462431395,0.0037513379759453176,-0.0510841150381258,-0.003999904642209911,0.0,0.0,1.5,0.07299618617586782,10782.615458977692,10840.103225765582,10863.84950218545,10808.791881072579,0.0,0.0,0.0,0.0,0.0,0.0,nan,0,-0.003943107922945707,-0.014637308451948865,0.020193961726743925
12.476677556,0.08224666758093718,0.017359703236188566,1.5062455865947872,-0.20408420077299738,-0.031706614790346976,-0.03517789699187596,0.0036793356143502193,-0.05199841583836494,-0.0001636036972984076,0.0,0.0,1.5,0.08429045602279481,10759.483525621126,10812.556021763674,10839.201069425582,10785.313751487718,0.0,0.0,0.0,0.0,0.0,0.0,nan,0,0.00999579530586217,0.011573171182296864,0.008644440365800588
12.486442479,0.060161837783336475,0.008531548029648742,1.507246301049544,-0.1871439074267989,-0.058511778425252674,0.0647716206033812,0.00569207752684622,-0.05137079637493751,-0.0027483863202731047,0.0,0.0,1.5,0.0611943046055049,10788.95256746296,10844.830563549973,10860.587573039713,10808.461907176237,0.0,0.0,0.0,0.0,0.0,0.0,nan,0,-0.010086454368187392,0.0030949233388357696,0.00972351786518999
12.496527755,0.07855354561941728,-0.002366912881519811,1.5097380216427612,-0.23424010598948727,0.005735195637277488,-0.04039042294840406,0.004635891629542123,-0.046355101891581485,0.006094843551228479,0.0,0.0,1.5,0.07919021954436962,10757.669291095008,10814.16504157795,10835.01799882532,10780.726201001055,0.0,0.0,0.0,0.0,0.0,0.0,nan,0,0.010354195385047088,-0.007448458563197932,0.01229884448093288
12.506951402,0.05600633420329601,0.0019215273312169082,1.4669521209301157,-0.2115899775059059,-0.031913424135728355,0.0682595420913655,0.004556151111048441,-0.0405914661374147,0.006806897994261452,0.0,0.0,1.5,0.06505815897482492,10769.763681775288,10835.046021695396,10839.197087424373,10784.423222047142,0.0,0.0,0.0,0.0,0.0,0.0,nan,0,-0.010099868323273684,-0.002800078488821382,-0.03039695851987556
12.516975337000002,0.04984803742999887,0.0013750392664163757,1.4981522243893854,-0.177418528851417,-0.011585441579894992,-0.029544256239544323,0.005214269811721617,-0.04351972240565129,0.008737638540026587,0.0,0.0,1.5,0.049901220859954284,10775.238497854754,10843.99418324973,10840.178880193756,10788.383978585367,0.0,0.0,0.0,0.0,0.0,0.0,nan,0,-0.014122728229606835,-0.002982055327934526,0.0008952047351351577
12.527130605,0.04838265059848426,0.016764519943703437,1.482296059143672,-0.22976371644027574,-0.03753449729212988,-0.023744910469872083,0.0031934066610841165,-0.03833869612673078,0.002233941032524195,0.0,0.0,1.5,0.05417895836689922,10810.590971529244,10866.30384871021,10854.946956646869,10818.705191705272,0.0,0.0,0.0,0.0,0.0,0.0,nan,0,-0.013412464467827082,0.012776200930400269,-0.014868896535952913
12.537147372000002,0.08159503914367663,0.0030218776299537524,1.4914155935821494,-0.19694502389732518,-0.03883476159157368,0.02054798651686254,0.0021187086659124055,-0.0369658447591484,-0.00628402862791527,0.0,0.0,1.5,0.08210099993797501,10838.617296323177,10889.869841124846,10876.247706041711,10843.416004358245,0.0,0.0,0.0,0.0,0.0,0.0,nan,0,0.022013775593598336,-0.0005936996698273694,-0.005661625963811812
12.547373279,0.06591129651758275,0.013132825006594608,1.497477734412375,-0.23313948044193775,-0.01893402231183033,0.044096681036330604,0.0027944398015408854,-0.0300154804867989,-0.008239914947016534,0.0,0.0,1.5,0.06725423350969863,10833.012635850862,10859.120574664154,10854.443832815754,10835.230376493346,0.0,0.0,0.0,0.0,0.0,0.0,nan,0,0.008579908184032675,0.009893643797872415,0.0004829913327146773
12.557393672,0.057957705695041786,-0.009777081608271797,1.494779442214793,-0.19827237272121054,-0.028226110692737685,-0.02782143184976392,0.005647571856032517,-0.034342709939236805,-0.00296878346190084,0.0,0.0,1.5,0.05900797571342852,10806.201979461612,10824.80870347895,10817.82231301011,10795.298588571799,0.0,0.0,0.0,0.0,0.0,0.0,nan,0,0.0029098236993493065,-0.012636542590017816,-0.0021334666340753206
12.567606924000001,0.04406299742205443,-0.027623522215900382,1.515268081527182,-0.20565509890057765,-0.019004289322736238,-0.030836883471792555,0.0029968014997617874,-0.031850388411613945,-0.006972090101212555,0.0,0.0,1.5,0.05420074754972474,10835.386257611282,10844.42123540407,10845.329216185532,10831.75713918933,0.0,0.0,0.0,0.0,0.0,0.0,nan,0,-0.008669986336215692,-0.030100249289214707,0.018436617272302946
12.577810725,0.034105321465703706,-0.0018713518146490928,1.5023224855990713,-0.25402890451112214,-0.04484764809096203,0.015034830127873024,0.004525028000378265,-0.027493205426031335,-0.0010216014941657262,0.0,0.0,1.5,0.034235491076528665,10846.604880915414,10849.295891205666,10857.69706730284,10846.853301570061,0.0,0.0,0.0,0.0,0.0,0.0,nan,0,-0.016283479194284654,-0.003962625471899849,0.005568067671729571
12.587953498000001,0.056025350354091674,-8.470797966855033e-05,1.4968385129140143,-0.19607273502864006,-0.04437482825322976,-0.013321772306244952,0.004785021787475231,-0.026379727638733873,-0.006569478078133289,0.0,0.0,1.5,0.05611454408916992,10814.22769274558,10833.350053925773,10848.339090204798,10823.982270913959,0.0,0.0,0.0,0.0,0.0,0.0,nan,0,0.008007738407212743,-0.0017881198141704848,0.0001580923286401692
12.597870781000001,0.04292677526401026,0.0008419180607557057,1.4813181225081895,-0.2654686000989734,-0.06010591774750384,0.010339027578057278,0.0008351826972751049,-0.02550893578798169,-0.005253043775596204,0.0,0.0,1.5,0.04682338526000534,10813.963889118748,10826.951798617822,10847.867907939393,10827.789809213995,0.0,0.0,0.0,0.0,0.0,0.0,nan,0,-0.002694951117484197,-0.0004715407767624351,-0.01528891356792772
12.608027807000001,0.039383164938428625,-0.019360963002643297,1.4730901299245032,-0.259649730497496,-0.025179295909349128,-0.028615510560887125,0.001628029642476054,-0.02445427186126238,0.00023072190754041275,0.0,0.0,1.5,0.05147836124467557,10816.164869139091,10837.769398785673,10865.286120568557,10833.056059386781,0.0,0.0,0.0,0.0,0.0,0.0,nan,0,-0.0038201897722428824,-0.02028269297164447,-0.023445630282581842
12.618073102,0.03267340052189119,0.024168950963615946,1.5071466320136477,-0.23685188317308561,-0.04750298248417158,-0.0444433304864055,-0.0019131566628228088,-0.018240812175402077,-0.004209770217652446,0.0,0.0,1.5,0.04126455672225362,10838.236738759999,10866.061627161407,10892.734789066199,10855.987253282692,0.0,0.0,0.0,0.0,0.0,0.0,nan,0,-0.008091305704060844,0.023640400541353458,0.010677751505411948
12.628430546,0.02907334618091592,0.02315510988944949,1.4835053786091008,-0.2304150148544125,-0.05264202784281796,-0.03101256644200571,-0.001159643080664858,-0.013350923311325761,-0.0037008281620925856,0.0,0.0,1.5,0.04066314187291692,10867.032510369241,10890.643567374003,10908.846465437802,10877.094620797745,0.0,0.0,0.0,0.0,0.0,0.0,nan,0,-0.009234596154749614,0.023020856118250884,-0.012906888062642619
12.638315056000001,0.049984166917555556,-0.009119810347518477,1.5050904958657159,-0.27121449341956805,0.0013695856583273848,-0.0015601991360116244,-0.00338115294116032,-0.01646421660732233,-0.0011303324952090744,0.0,0.0,1.5,0.05106369582566102,10892.235702806774,10901.656824310148,10911.755441338659,10891.56082920219,0.0,0.0,0.0,0.0,0.0,0.0,nan,0,0.014148842851978337,-0.008859001111433297,0.008722181385430572
12.648644195000001,0.029390350135265277,0.02722423506958704,1.465364160164278,-0.23155713881156867,-0.057089438329576116,0.010308837275077113,-0.0039793149854038205,-0.013548461007326743,-0.0014534241617038528,0.0,0.0,1.5,0.05295840874991818,10894.374425860524,10898.727477071936,10895.847759399825,10882.030448513464,0.0,0.0,0.0,0.0,0.0,0.0,nan,0,-0.003958787090399509,0.0278805164724242,-0.03097485591679594
12.658727205,0.03063230220039087,-0.017272026016156978,1.5261157932005158,-0.22339739926497754,-0.06513667168917613,0.007447877150682783,0.0051674430827029745,-0.00786093496100781,-0.006045301332379652,0.0,0.0,1.5,0.043802916287514274,10891.785105543535,10894.270268576352,10881.155673043733,10872.415856932254,0.0,0.0,0.0,0.0,0.0,0.0,nan,0,-0.00021944238825642032,-0.016220222521977797,0.02979455485021343
12.668669912,0.022247882757385005,-0.009246751847101385,1.5349133941194677,-0.23071225695787353,-0.021245717419679205,0.018568904377467842,0.0009933120013049799,-0.007627807396459528,0.0004839701593563926,0.0,0.0,1.5,0.04241952140052388,10869.150188470505,10858.681749048306,10859.348004816678,10862.557771419475,0.0,0.0,0.0,0.0,0.0,0.0,nan,0,-0.006097585419492398,-0.007799726135616724,0.0385989774848452
12.678671579000001,0.025518326893704337,-0.009638201004864004,1.5266127503796758,-0.2243273434563391,-0.035403015573118764,0.008310165378572909,8.328035701199611e-05,-0.006442089345290016,0.0005696612838673495,0.0,0.0,1.5,0.038109295569913784,10844.911932298262,10826.138733525493,10839.664403946495,10849.383671351892,0.0,0.0,0.0,0.0,0.0,0.0,nan,0,-0.0003143528907224198,-0.007796592261977188,0.030301934999758195
12.688964509000002,0.03873056753676771,-0.002260094906043752,1.4911627909444003,-0.21343481832959438,-0.024405699926123216,0.04387996617492791,-0.002177748697345135,-0.0019493034513798268,-0.00560052586013405,0.0,0.0,1.5,0.03979021430699793,10792.33467607676,10767.564214431743,10776.386008268972,10799.589064751108,0.0,0.0,0.0,0.0,0.0,0.0,nan,0,0.015414861428698832,-2.4878409965849342e-05,-0.005140195153726657
12.698962068,0.012635625097685154,0.012236449082880437,1.48017912922532,-0.2537206296233302,-0.014013564493028157,-0.022181420977351454,-0.003029473006650567,-0.002561604572086172,0.00010845045206698226,0.0,0.0,1.5,0.026500125019209696,10795.87379473339,10749.279622051685,10750.263818801246,10791.781105388567,0.0,0.0,0.0,0.0,0.0,0.0,nan,0,-0.008161186730824449,0.014863959395688168,-0.016108218118716655
12.708988515000001,-0.0018851204007238748,-0.010994833334776525,1.504860750443342,-0.29683962599086716,-0.02552129675444991,0.004790314189650905,0.0008460074125949384,0.0051713475848419255,0.0004872295437333973,0.0,0.0,1.5,0.012168275714216368,10846.78549346059,10809.430525232625,10794.279354831458,10828.57172157372,0.0,0.0,0.0,0.0,0.0,0.0,nan,0,-0.020163339607321622,-0.00797669112474433,0.00859337875039401
12.719322632,0.024048305623257486,0.011386145876620285,1.502454894645115,-0.270916905116599,0.019096615599879168,-0.0016936842092957055,-0.0036877915478422322,0.003860224197971497,-0.0018721563408972265,0.0,0.0,1.5,0.026720625535190775,10827.096054143416,10810.487295956746,10797.956979967958,10811.883660349624,0.0,0.0,0.0,0.0,0.0,0.0,nan,0,0.008286169211092292,0.014792913885830697,0.006208422719141904
12.729139438,0.013927346900503653,-0.017097953346362244,1.4841843533921655,-0.2936994934998012,-0.07059679445550975,-0.005182799456204185,-0.001192252290259694,0.003977099645611326,-0.0070546412295666265,0.0,0.0,1.5,0.027137532642914613,10841.313862495705,10823.319829146736,10786.762417808635,10800.629803634194,0.0,0.0,0.0,0.0,0.0,0.0,nan,0,0.0006765875724848939,-0.013304895170133856,-0.012039711121375252
12.739297565000001,0.009619948428472143,0.003961513404663154,1.4868687587270215,-0.269950810395552,-0.017285518982512044,0.009381663537208004,-0.0052990541942443395,0.005756235786111494,-0.0021000435895962843,0.0,0.0,1.5,0.016753103998691204,10844.204703965557,10833.921227275441,10827.759992571166,10827.72799674077,0.0,0.0,0.0,0.0,0.0,0.0,nan,0,-0.0011263365353934018,0.008138204527375093,-0.009333405881889023
12.749620346,0.011608932004564884,-0.009170670194013577,1.4869962800892158,-0.22368341220356536,-0.08740607527665567,0.007725178030505133,-0.0030414773558946912,0.012658822457054054,-0.006129708708340444,0.0,0.0,1.5,0.019696832882778518,10848.69124432274,10841.862262833032,10839.13250932317,10834.605412945191,0.0,0.0,0.0,0.0,0.0,0.0,nan,0,0.0033580164972482843,-0.004613315501237939,-0.009187313975166811
12.759482087,0.029796540372286823,-0.005421111474448046,1.4776385274587893,-0.26348655120322395,-0.0433379893286566,-0.013456162547858393,-0.0010867231597433548,0.013995508129375842,0.0022005695457964288,0.0,0.0,1.5,0.037646483527509315,10851.864942004095,10816.296656536753,10838.825699341085,10858.467461460235,0.0,0.0,0.0,0.0,0.0,0.0,nan,0,0.024029704905671762,-0.00048636493297189113,-0.018530156980955947
12.769586019,0.004529755547379746,-0.012452447224419605,1.5167582813937468,-0.23506493359576794,-0.02207615127312142,-0.0806726156978231,-0.005081114106245609,0.012179817117012444,-0.0015256777578853838,0.0,0.0,1.5,0.021364038065589876,10867.606996007275,10819.582449143041,10846.108171383696,10883.500795946196,0.0,0.0,0.0,0.0,0.0,0.0,nan,0,0.0012335319351109144,-0.007143886224194481,0.020600251294943916
12.779729434,0.013251741033155271,-0.012628719367401906,1.4941986085240344,-0.24122799603073114,-0.03689578485566624,-0.0048360898199672235,-0.004101350688087329,0.01700393014707932,0.0022594790155336985,0.0,0.0,1.5,0.019202847089111796,10907.737730765904,10852.553243474229,10864.960414947202,10914.295793637162,0.0,0.0,0.0,0.0,0.0,0.0,nan,0,0.012410443092319342,-0.006950252370666298,-0.0019576399716592086
12.78988091,-0.002968824079295943,-0.0027555460076226783,1.46890436703158,-0.22039784230238985,-0.057222018453374185,0.0026672249636032217,-0.008266897112804875,0.018084866984655813,-0.007119406581451516,0.0,0.0,1.5,0.03135833764600128,10916.67790154496,10857.906297852252,10861.519233957111,10921.37423249074,0.0,0.0,0.0,0.0,0.0,0.0,nan,0,-0.001373078064059658,0.0032885797887320036,-0.027262903877481426
12.800139498,-0.0032929247824167226,-0.012784392436177787,1.5167017995078307,-0.2630606445503783,-0.034958142041825936,-0.02777530197254157,-0.004184446594735444,0.01924630895556403,0.0028645020766040587,0.0,0.0,1.5,0.02128929661554433,10930.19352204526,10859.078775368831,10864.63119366448,10930.550604931617,0.0,0.0,0.0,0.0,0.0,0.0,nan,0,0.0007198750920529148,-0.006379182906313939,0.020510577904266247
12.810035201000002,0.010646884030826762,-0.016540561573654394,1.5015627654145802,-0.25058328078631836,-0.04356923820110697,-0.022505918359003653,-0.0072554825002239315,0.024549336522830766,-0.0015979110168833502,0.0,0.0,1.5,0.019732930661174847,10920.068884227261,10853.788225573526,10858.521275088882,10920.785684043503,0.0,0.0,0.0,0.0,0.0,0.0,nan,0,0.017054671197929347,-0.00977917422353439,0.0053342410630523585
12.820546389,-0.006117999586890507,-0.019200438167536086,1.4908713009886645,-0.2161587853183205,-0.05118883038942763,0.06658537738160646,-0.004418965159412285,0.023179479158196927,0.0011559905556935768,0.0,0.0,1.5,0.02212283640065457,10906.83268613625,10845.854275867989,10848.672515888955,10908.037907055794,0.0,0.0,0.0,0.0,0.0,0.0,nan,0,0.002660740694636272,-0.012088095554511201,-0.0054052091300813565
12.830243308,-0.024073090748672404,0.00526568984592665,1.4848642094234101,-0.21062605083289496,-0.015806669824602722,-0.020157951528170643,-0.010394739741155628,0.02817307876300945,0.0008965897375736091,0.0,0.0,1.5,0.02891942848891898,10850.044864151063,10784.872871485224,10790.751781663183,10860.80184541043,0.0,0.0,0.0,0.0,0.0,0.0,nan,0,-0.012949266283517174,0.012723467643362962,-0.011464947569709283
12.840414021,-0.007030437947065307,-0.020156117305198343,1.510639612237199,-0.20843078598756037,-0.055715660500022454,-0.011851688958587635,-0.006039662549642661,0.03343930025305587,0.010746288440738388,0.0,0.0,1.5,0.023851571669523307,10891.726602279727,10818.998940310588,10802.878988840455,10879.358784876938,0.0,0.0,0.0,0.0,0.0,0.0,nan,0,0.006410724400498552,-0.012358741894071244,0.014255534154665073
12.850661765000002,-0.013638783807770527,-6.117494041692727e-05,1.483869009402553,-0.25389938051462246,-0.02983725271661319,0.06271449163449008,-0.005638529228330633,0.0324465212108471,-0.007572974427892736,0.0,0.0,1.5,0.02112413368125093,10898.031983855035,10819.713948123283,10797.958787761097,10887.697343540098,0.0,0.0,0.0,0.0,0.0,0.0,nan,0,0.0020899825204434477,0.00806961317048218,-0.012575583510169963
12.860641164,-0.02016308625376559,0.0012971278391664502,1.4938652181476502,-0.23052898793799861,-0.019582047939725327,-0.027392672065686866,-0.007082306108868572,0.032018215753932364,-0.002475352214320354,0.0,0.0,1.5,0.021115589887186488,10856.70096639548,10785.654524866412,10764.515458955131,10838.089171452068,0.0,0.0,0.0,0.0,0.0,0.0,nan,0,-0.0021781668913921914,0.009754853646454889,-0.002641095880461908
12.870733526,-0.03638504098110128,-0.012000138563291973,1.4868244205315324,-0.1816937139075665,-0.006926685691883387,-0.012867044172879575,-0.012574712684325523,0.037373602677722606,0.0017962264912250883,0.0,0.0,1.5,0.04051506419919054,10886.31758226952,10815.60500293986,10787.48958489949,10859.211786597927,0.0,0.0,0.0,0.0,0.0,0.0,nan,0,-0.016177189502557063,-0.003222250196007968,-0.009743763909572767
12.880897438000002,-0.019623523409582434,-0.021690476193802183,1.4938695177948715,-0.20730860057251269,-0.012936897771303042,0.0019965860337776797,-0.008030368106476428,0.03457516449787434,-0.0016077969515645393,0.0,0.0,1.5,0.029885485450093088,10913.513470655163,10828.895791453573,10788.269225839955,10878.235467346818,0.0,0.0,0.0,0.0,0.0,0.0,nan,0,0.002772156364900122,-0.012599519023803726,-0.002764304927682648
12.890969512000002,-0.01921921330731698,-0.011086686625905217,1.4969892969884921,-0.16959548598792162,-0.0382551574948829,0.01677091139207425,-0.00740301401634048,0.03930494257084641,-0.0003885326423472988,0.0,0.0,1.5,0.02239100518325781,10906.906063420396,10819.18596654256,10783.66714230143,10873.948212151827,0.0,0.0,0.0,0.0,0.0,0.0,nan,0,0.005327448385197695,-0.001690035520269778,0.00028541458941311326
12.901069016000001,-0.04089460374178418,-0.024428315131975957,1.5324814942173663,-0.2554054414620795,-0.03063376416902319,-0.04311611511631654,-0.008542518424491686,0.037582606243306914,0.0066429462489155005,0.0,0.0,1.5,0.057655517185933536,10898.594465116641,10802.415310185701,10772.078285937487,10871.398598697619,0.0,0.0,0.0,0.0,0.0,0.0,nan,0,-0.01423538869428263,-0.014733584539895244,0.03570545433365657
12.911397081,-0.02868438525783411,-0.009330317970949535,1.4873000063013115,-0.20589418412421545,-0.00726817371279746,-0.0020013914361809424,-0.003924880862935422,0.04278608478468461,0.0015111546690949895,0.0,0.0,1.5,0.03272825432261246,10866.45571278476,10797.867651110408,10775.447627021375,10855.617425758996,0.0,0.0,0.0,0.0,0.0,0.0,nan,0,4.7421160787087385e-05,0.0006546525161253026,-0.009548269981785706
12.921483345,-0.05381768523210846,-0.010550357509812187,1.4989266304564242,-0.19922295672916762,-0.038007396281987585,0.029121253233254808,-0.005678407219435076,0.04165104892661015,0.006965614569845944,0.0,0.0,1.5,0.054852578877425916,10865.690019390224,10805.88116611856,10783.270354180224,10857.403497760975,0.0,0.0,0.0,0.0,0.0,0.0,nan,0,-0.02305479475612737,-0.00028321301714770257,0.002006406379340353
12.931429258000001,-0.020897976126857863,-0.02825500965513319,1.488602575433757,-0.17255500888684638,-0.017175530370399462,-0.0793140164533612,-0.005199549989850671,0.04787262938559503,0.004243042753106552,0.0,0.0,1.5,0.03694553103629163,10856.388960581427,10796.10223651685,10773.9667438382,10851.976670258853,0.0,0.0,0.0,0.0,0.0,0.0,nan,0,0.011852940638513568,-0.0177139834554851,-0.008390013507699079
12.941442772,-0.03218553558773666,-0.013314289261233828,1.5156174296278109,-0.18375148922919043,-0.026043525740137106,0.013064574939935346,-0.012171722487407501,0.0444305045340915,-0.0006537284412718895,0.0,0.0,1.5,0.03817175798651268,10842.084461439405,10784.765368176164,10764.150646988617,10842.31529493405,0.0,0.0,0.0,0.0,0.0,0.0,nan,0,0.0025089345502310803,-0.00250787307993559,0.018553610194175674
12.951630141,-0.036431222935243764,-0.01280869409658909,1.5066985643307311,-0.20570476012219888,-0.013192250187391341,0.0187875741694041,-0.012162417652966075,0.04852402297462302,-0.0019840080652497637,0.0,0.0,1.5,0.03919397164246526,10856.890968183552,10778.641504345222,10757.866418789334,10852.918080405292,0.0,0.0,0.0,0.0,0.0,0.0,nan,0,0.0001608334518174992,-0.0017455962069844889,0.009563416760130616
12.96173703,-0.037069085009684914,0.0014303246624048378,1.508965907982947,-0.203753424210675,-0.029391017963075326,-0.02779896335770152,-0.0070063863069431,0.048965967467319384,-0.004724394328872072,0.0,0.0,1.5,0.03816477954939347,10846.459298298338,10765.09704458612,10743.540004941495,10840.182079246993,0.0,0.0,0.0,0.0,0.0,0.0,nan,0,0.0013734336120922314,0.012741240670249995,0.011764375707725705
12.971846311,-0.028561310666620876,0.0002522486144121566,1.4768779170701707,-0.1810229542989326,-0.03062936042531515,0.04768975544068983,-0.010195029904411942,0.050108365842158595,0.0020287195062942687,0.0,0.0,1.5,0.03674837160164526,10856.554721877295,10774.626339425333,10755.648510689314,10842.57477437731,0.0,0.0,0.0,0.0,0.0,0.0,nan,0,0.011683215171399829,0.011801929584117875,-0.020384859542607048
12.981955116,-0.036403281395205926,0.007306610966125959,1.4826803704512639,-0.16487340752716084,-0.03867136824891403,-0.017019527289813586,-0.01104939054137924,0.04949137239890329,-0.004367112031922063,0.0,0.0,1.5,0.04097017241670227,10850.11463991007,10760.929221446966,10739.821091634945,10834.7927447624,0.0,0.0,0.0,0.0,0.0,0.0,nan,0,0.0055934861388128865,0.01908581854770844,-0.014638905063697027
12.992298011,-0.05615993249362109,-0.017264491370073767,1.4886065425402175,-0.16283513715493025,-0.05250804056822902,0.0037591561786976496,-0.012042764025147753,0.051263341446035116,-0.004306520805482576,0.0,0.0,1.5,0.059848237675334294,10887.674055364416,10790.129486918653,10768.75807871815,10868.888024946606,0.0,0.0,0.0,0.0,0.0,0.0,nan,0,-0.012462038399429394,-0.005265187355502762,-0.008766535037677103
13.002194076,-0.04092046051289863,0.0033345670322558196,1.4736131676788866,-0.16387609212885573,-0.05095121658284094,-0.04985414142261766,-0.008044896411741415,0.05202991842933353,8.474423890423777e-05,0.0,0.0,1.5,0.048804388591835245,10898.410669876535,10799.360911446518,10784.037831609405,10884.137160824852,0.0,0.0,0.0,0.0,0.0,0.0,nan,0,0.004426017604228304,0.015544332045989638,-0.02381548095273911
13.012562546000002,-0.04950778965895752,-0.005216072234987978,1.5038298501068215,-0.13000111129356492,-0.05847682896709201,-0.02874817014524966,-0.010941692550589778,0.05302306444744005,-0.0031807973094646062,0.0,0.0,1.5,0.0499289134501935,10946.681199980465,10846.732587091332,10836.15885497301,10939.608996866007,0.0,0.0,0.0,0.0,0.0,0.0,nan,0,-0.002566700363800911,0.007194313139131609,0.006338543284236886
13.022589899000002,-0.047539026175138555,-0.026239412525855925,1.5025644427941867,-0.13864217528110642,-0.009909421273864589,0.017460197027166145,-0.008121070556951238,0.056497219073519296,0.0009778892064560185,0.0,0.0,1.5,0.05436029935740981,10959.779395861984,10854.948613628676,10849.651522525348,10958.781429811157,0.0,0.0,0.0,0.0,0.0,0.0,nan,0,0.0009412369272555482,-0.013638461943304807,0.004996613755892776
13.032460924,-0.0494634413277439,0.0017113418790423076,1.485754329088373,-0.13932011671103875,-0.0403105346723229,0.014056577866672814,-0.011729657157912523,0.055187459438318834,0.0022620738613206284,0.0,0.0,1.5,0.05150242575580787,10921.345943987997,10811.530377970443,10804.789512727715,10920.52124078091,0.0,0.0,0.0,0.0,0.0,0.0,nan,0,0.0004997370291659059,0.014492698456690729,-0.011899956031573566
13.042703223,-0.04758084077359942,-0.010286999839048787,1.4996730414754726,-0.17535540899753385,-0.028975487895826334,-0.004717513782200402,-0.012424688537064124,0.05511011605774,-0.005847880588681405,0.0,0.0,1.5,0.04868126617383706,10911.320914149537,10801.566357963882,10790.490799803909,10909.07719351925,0.0,0.0,0.0,0.0,0.0,0.0,nan,0,0.003808286632785908,0.0026645109572003,0.0019271059345045138
13.052953695000001,-0.04891336366107526,-0.013848260581020976,1.4858643616197855,-0.15228024646430602,0.009858269062228303,0.009876385294369554,-0.0068655374137791755,0.056999443991829137,-0.005676384292291162,0.0,0.0,1.5,0.052764644774476115,10898.170988031357,10799.509284826516,10791.39389361873,10890.291928982146,0.0,0.0,0.0,0.0,0.0,0.0,nan,0,0.0038439430789890747,-0.0007369656735510717,-0.011976580896390976
13.063255248,-0.06691032340745105,-0.01302049941357953,1.4717672259060208,-0.15504632259174117,-0.021104335284410976,0.018224507150315414,-0.009795425246636125,0.05694232445307456,0.006233057224505488,0.0,0.0,1.5,0.07378085331920727,10899.709531912435,10800.900080899075,10787.986827030003,10878.477329508012,0.0,0.0,0.0,0.0,0.0,0.0,nan,0,-0.012843394041540036,0.00024008782751283077,-0.02617101260967658
13.073505913,-0.06259977006431441,-0.0009811755861929266,1.489436525890032,-0.08634327726503138,-0.011458419790133666,-0.018265976590558477,-0.009036673887919478,0.05920266979209942,0.002455522057843772,0.0,0.0,1.5,0.06349236885569746,10898.705250404888,10808.599025369549,10791.023218884497,10876.676362933542,0.0,0.0,0.0,0.0,0.0,0.0,nan,0,-0.0072825500196665935,0.012418090148116746,-0.008600959889207394
13.083164537,-0.06140207766208057,-0.010974117032941799,1.4959982902842306,-0.1284299788788692,0.009695442632781796,0.00889715856715273,-0.013001743385716063,0.06195339766186244,-0.004089057971034926,0.0,0.0,1.5,0.06250328044608668,10910.410628957865,10819.064230129956,10795.387674125968,10890.12745853687,0.0,0.0,0.0,0.0,0.0,0.0,nan,0,-0.004894705446240377,0.0025530869995990663,-0.00214141834078041
13.093527067,-0.04090437613947442,-0.030572815419340954,1.5001955164104244,-0.14321903182568188,0.025550392381844516,0.005565632597488017,-0.012240145921144049,0.06139352691502006,-0.0016977226616939412,0.0,0.0,1.5,0.051067634140338256,10916.387199603547,10816.678752284233,10785.202094157765,10886.605085541572,0.0,0.0,0.0,0.0,0.0,0.0,nan,0,0.016732220416930073,-0.016928534080836333,0.0019490876649268518
13.103432921000001,-0.05888806549072203,-0.017895557085544113,1.492995409527429,-0.08656474670882468,0.021131648040483772,-0.0503060000645079,-0.01111520754683513,0.060991083448303056,0.00022358926689076812,0.0,0.0,1.5,0.061944487311866324,10905.830453577108,10805.871202389153,10768.11566187322,10865.976775580635,0.0,0.0,0.0,0.0,0.0,0.0,nan,0,-0.00018367424602952487,-0.004145124380988201,-0.005359949096753747
13.113473658,-0.054814881032208,0.0038116152478223225,1.4599137883757336,-0.10680635659947027,-0.003632027939118199,0.016098252349980583,-0.012685979278917783,0.06490380960034889,-0.000640175186145083,0.0,0.0,1.5,0.06801546850355454,10924.389173842208,10820.372173895586,10777.033064081033,10879.06932714255,0.0,0.0,0.0,0.0,0.0,0.0,nan,0,0.004895370154105086,0.017657216955436636,-0.03855138851314299
13.123692036000001,-0.06340006824452406,0.00462010330486479,1.5252834204881585,-0.07442567268965292,-0.047247941490484814,0.013665246916586892,-0.01145014528761756,0.0646292398295608,-0.0032085447504933023,0.0,0.0,1.5,0.06841173407785364,10951.235311919838,10841.553181319725,10794.673191690708,10903.132405879805,0.0,0.0,0.0,0.0,0.0,0.0,nan,0,-0.0027467369701649758,0.018549787533616524,0.026702573231464077
13.133812096000002,-0.06501399927223475,-0.010703618435488955,1.5007862705966903,-0.09098979862718981,-0.017418390703438754,0.04228063344174723,-0.00949081458819115,0.06462271318209122,0.00637603551166509,0.0,0.0,1.5,0.06589389782395559,10926.325144015498,10810.212489378104,10773.49537546374,10886.919700577275,0.0,0.0,0.0,0.0,0.0,0.0,nan,0,-0.0034808970126236766,0.0032990286210318326,0.002083058748158839
13.144084138,-0.07494721376631312,-0.019624369333106656,1.4968377871378624,-0.10176157844048135,-0.007206055639915405,-0.041130108585997874,-0.006430054027885916,0.062426697896206126,-0.0037150045525203524,0.0,0.0,1.5,0.07753837961449209,10877.711330319537,10761.780779094937,10735.359285458135,10853.044744573312,0.0,0.0,0.0,0.0,0.0,0.0,nan,0,-0.012597571158234143,-0.0055597925023221206,-0.001986778039025028
13.15413004,-0.07440775024686455,-0.017436248035280835,1.533862749630641,-0.06288520424857642,0.021308400715111458,0.02458171195199755,-0.010048530621269564,0.06391962988686838,-3.4820135852306627e-05,0.0,0.0,1.5,0.08358960374888184,10873.368696307842,10767.020042854185,10749.104573293589,10858.677214754369,0.0,0.0,0.0,0.0,0.0,0.0,nan,0,-0.011304837852838936,-0.0033207035784081785,0.03492264176077908
13.16404086,-0.06276990116254388,-0.00019184788521262042,1.5021596869413638,-0.08626614987845774,0.005034486199144246,0.046552580180818696,-0.011636726243521503,0.061972001044097086,-0.007942688098544013,0.0,0.0,1.5,0.06280733671515841,10860.270661861958,10757.287678677701,10741.073288930911,10844.030389514879,0.0,0.0,0.0,0.0,0.0,0.0,nan,0,0.0010225200489325376,0.01396369514200293,0.003106693114614867
13.174066470000001,-0.08605483666535248,-0.00859844364793547,1.4678539469722705,-0.06711608046191166,-0.0016164658882923224,0.0076846531819307765,-0.011646976227855418,0.06360354637354093,-0.009227693368743682,0.0,0.0,1.5,0.09226449410216704,10838.489959346427,10734.127658630281,10714.068953592612,10817.995584287906,0.0,0.0,0.0,0.0,0.0,0.0,nan,0,-0.021636439416569148,0.005586244054565648,-0.03130222292521623
13.184277574000001,-0.06316479691399639,-0.011582546834734768,1.502918236244481,-0.06536954076887935,-0.035083187475353377,0.0029415133142565645,-0.012441843822992064,0.06434924567343862,0.0029798908957098095,0.0,0.0,1.5,0.06428423650587937,10865.543101956284,10763.476941397437,10746.332664794605,10835.333637556108,0.0,0.0,0.0,0.0,0.0,0.0,nan,0,0.0018158148391099471,0.0026204693597926838,0.003667771398587094
13.194440225000001,-0.05299207910304024,-0.017202355359588088,1.4940668105108896,-0.0553048106319268,0.010883157960358748,-0.038790065891543754,-0.008229457711062153,0.06482712569122742,0.0027952257281575856,0.0,0.0,1.5,0.05602931567576132,10872.710303637632,10773.430802448142,10762.10265144143,10850.839045646484,0.0,0.0,0.0,0.0,0.0,0.0,nan,0,0.012486512655369347,-0.0029918267411639873,-0.005274432428999498
13.204635666000001,-0.05657686275422152,-0.017337535078942236,1.5122240499470163,-0.023441122998402925,0.022167015831152177,0.015574144384741456,-0.010093489527678839,0.06538364614716478,0.0029593828430276342,0.0,0.0,1.5,0.06042316541551526,10885.097296684202,10786.14323131785,10775.89887811673,10872.183084304506,0.0,0.0,0.0,0.0,0.0,0.0,nan,0,0.009335358315749602,-0.0031302465329830654,0.012794875404509964
13.214864097000001,-0.06575995364074497,-0.011929609844851346,1.4887331541211615,-0.027538141206467363,-0.013963145952582625,-0.002274982110384396,-0.01209815066478091,0.06274209768786593,0.001866643832616334,0.0,0.0,1.5,0.06777631525791883,10889.183072273441,10782.401311359836,10765.82011173718,10874.917119003912,0.0,0.0,0.0,0.0,0.0,0.0,nan,0,0.0005212895468463125,0.0022637249855943214,-0.010784694130135941
13.225055588,-0.05465339218655357,-0.01793316944207796,1.5012610000584339,-0.056144602502371944,0.04727225573156224,-0.003620868796252229,-0.011427027545681331,0.06640714613058744,-0.0016075926586292448,0.0,0.0,1.5,0.05753418083959208,10884.15098795276,10772.14391703981,10754.189968615301,10872.097827767837,0.0,0.0,0.0,0.0,0.0,0.0,nan,0,0.01193251135445618,-0.003764381687327737,0.0016569654608888928
13.235021782,-0.055043807439536394,-0.02706134435768993,1.4959082812960613,-0.04251969803912941,-0.02763085997397018,-0.004586179750835958,-0.010372818758208294,0.06453844820701334,0.0015602603070045396,0.0,0.0,1.5,0.06147258948375609,10890.738226762438,10780.497572921138,10757.29016675067,10871.902718321806,0.0,0.0,0.0,0.0,0.0,0.0,nan,0,0.011782421740822877,-0.01292761443466879,-0.003780467984615621
13.245174522000001,-0.0622349145220202,-0.02477279471061255,1.4849218955004213,-0.04305193995155131,0.020960364209078666,-0.00938350579485001,-0.012086851268264757,0.06446766930588883,-0.0020320142186775357,0.0,0.0,1.5,0.0686602153990033,10887.06816822133,10782.306981572041,10763.206614414437,10872.348965655261,0.0,0.0,0.0,0.0,0.0,0.0,nan,0,0.004767457814850946,-0.010684531440249246,-0.014850134935984638
13.255299142,-0.0738708059894367,-0.011301893711063524,1.5198853273440331,0.014594961075272367,0.0016607423351960265,0.015600062332671584,-0.010983892221334153,0.06388180513655928,-0.00408697286424376,0.0,0.0,1.5,0.0773308154784658,10901.919807973743,10804.366501667637,10784.19567958024,10884.112314100654,0.0,0.0,0.0,0.0,0.0,0.0,nan,0,-0.0067563839794480135,0.0027305880750141797,0.020029541737279555
13.265338854000001,-0.06732830451568134,-0.02354789528961302,1.5233235747042797,0.03576078016636112,0.04491411325969406,0.04817528591075072,-0.008175989715747385,0.06759976444460106,0.0007496202956225762,0.0,0.0,1.5,0.0750439411179411,10889.657481308606,10787.670908991158,10769.447889729234,10870.394252174492,0.0,0.0,0.0,0.0,0.0,0.0,nan,0,-0.0001657546399081583,-0.009581401213574202,0.0233820710252588
13.275494535,-0.07099786758620714,-0.01341382647596874,1.4991030163222392,-0.00014756615450687183,-0.017171658040858302,0.018021721197839024,-0.009358515577948904,0.06601692181395757,-0.005435594468582615,0.0,0.0,1.5,0.07225948050072165,10852.287719065569,10733.606300257834,10712.561554828533,10829.011864925713,0.0,0.0,0.0,0.0,0.0,0.0,nan,0,-0.003850382629134369,0.000476672829331495,-0.0009198696951122631
13.285462937,-0.05109953233986365,-0.02440269238913329,1.5000376150662824,0.005965045449401977,0.021000279828007257,0.01407339737514193,-0.007865905693838526,0.06261722059006172,-0.0018887851962065619,0.0,0.0,1.5,0.05662733453098994,10831.127166321532,10706.167697986166,10689.670254010438,10811.389377474256,0.0,0.0,0.0,0.0,0.0,0.0,nan,0,0.015970589134214515,-0.010597969350781548,-5.428715681388141e-05
13.295591060000001,-0.07375206873368202,-0.007873180612122917,1.5072930856594404,0.019051711110818926,0.03123076973875682,-0.04405064833047445,-0.013901047955149752,0.059167878240134815,-0.000704389486828288,0.0,0.0,1.5,0.07452881130062924,10831.07193897364,10708.405673225083,10700.639879326012,10819.02269417657,0.0,0.0,0.0,0.0,0.0,0.0,nan,0,-0.006821152601518055,0.005836141726891666,0.007144816155530087
13.305776389,-0.0744726010701202,-0.022603063412381663,1.5051969137279841,0.01616212164426068,0.03450336226187207,-0.011431586994759872,-0.012977137674974435,0.06352465582125773,0.0008783001124443351,0.0,0.0,1.5,0.07800047883230926,10854.570085619433,10737.176674481818,10723.906172895458,10837.088211342609,0.0,0.0,0.0,0.0,0.0,0.0,nan,0,-0.007742344629194667,-0.008998622803768494,0.005003122857552
13.315819712000001,-0.08800802167257366,-0.003804416908138316,1.4956568472943952,0.01680356531718366,0.04670286365728745,-0.01471724431989321,-0.011559671352180476,0.061242167727199696,-0.01129229039880051,0.0,0.0,1.5,0.08819721334688146,10875.630255072998,10767.422199358467,10744.345519279641,10850.868768596038,0.0,0.0,0.0,0.0,0.0,0.0,nan,0,-0.021539663602879053,0.009685774632145015,-0.004577166144789091
13.325748321,-0.07911324287582079,-0.005078496397916452,1.522895606361906,0.02255935059698619,-0.0015104872901997124,0.00853881983395235,-0.007882752870531076,0.06324545725684617,-0.006283962714799047,0.0,0.0,1.5,0.08251609003504472,10888.75880617581,10787.68894748352,10758.088368927507,10851.735652595946,0.0,0.0,0.0,0.0,0.0,0.0,nan,0,-0.012967530173838601,0.00828823690765494,0.02262451587955039
13.336173529000002,-0.07357237534975317,-0.02519512549240127,1.483571613917215,0.037392992395623395,0.01973100553823699,0.03157578070002945,-0.007428659088696742,0.06265708468405681,-0.0008867011980532204,0.0,0.0,1.5,0.07948320975192093,10852.030530904836,10756.203682270316,10739.903872960027,10824.817705963953,0.0,0.0,0.0,0.0,0.0,0.0,nan,0,-0.0078092955762284755,-0.01196085462777218,-0.016732129891025016
13.346333808,-0.08383593584037033,-0.026709619321889717,1.5260852377173202,0.07670334856271686,0.020089399533024268,-0.001506181981776276,-0.006697716471257501,0.05940167413123372,-0.0018544809357453197,0.0,0.0,1.5,0.0917731307590629,10837.172287798763,10744.380062208664,10736.342081769208,10819.023255178638,0.0,0.0,0.0,0.0,0.0,0.0,nan,0,-0.018514514950903657,-0.013616573487515557,0.025757071036797363
13.356425997,-0.05573692383548442,-0.018383872673398798,1.5022582443602592,0.051935376863083534,0.031434407768713986,0.0014250637901697758,-0.006094450170805678,0.06280923068475915,-0.0026564642040707805,0.0,0.0,1.5,0.05873390094915349,10823.428199996459,10725.194683734924,10723.495564064204,10813.922929972228,0.0,0.0,0.0,0.0,0.0,0.0,nan,0,0.009084667359994532,-0.005440587159621174,0.0019152555354009504
13.366465276000001,-0.059308956671196254,-0.008318106926887385,1.4847336744175048,0.06447848326783451,-0.024576543662913182,-0.0021087579297578117,-0.007143293479598898,0.06115622326630242,0.0016838428983730752,0.0,0.0,1.5,0.06180456246155064,10826.503253700681,10722.86426500053,10723.13908820577,10818.459383829837,0.0,0.0,0.0,0.0,0.0,0.0,nan,0,0.0049555380411708885,0.004467114955121074,-0.015613104117672139
13.376539301000001,-0.06826303889388115,-0.01308656393959204,1.4973765301396604,0.09059664775149341,0.016275544371203616,0.025994509486308826,-0.00716834104255959,0.05562625467310611,-0.004593979729062114,0.0,0.0,1.5,0.06955561249015547,10847.916765968317,10744.313473636526,10756.818348635883,10856.813978353357,0.0,0.0,0.0,0.0,0.0,0.0,nan,0,-0.004612236194852223,-0.00046751628371811786,-0.002966372867169609
13.386399416000001,-0.07194160410381584,-0.0011960838529447623,1.5030165239580584,0.07681990736254792,0.0022044532199977135,0.007617579069505045,-0.007524492688768506,0.05638488295273325,0.004527228581415329,0.0,0.0,1.5,0.07201475150552829,10851.343230021526,10745.178773824653,10761.392597224814,10863.584957430383,0.0,0.0,0.0,0.0,0.0,0.0,nan,0,-0.008960381461931066,0.0112488675719031,0.0026814349257033854
13.396593227,-0.07483368464589996,0.004415520020207635,1.4826201456058508,0.07043346675170535,0.020034523191924634,-0.020269933315625956,-0.006617994159004758,0.057043879211645165,0.0029620468768675507,0.0,0.0,1.5,0.0769521702974821,10845.137675168315,10748.487820627946,10756.525967834334,10856.386251351214,0.0,0.0,0.0,0.0,0.0,0.0,nan,0,-0.012576907541592595,0.016678672053330047,-0.01770241809253026
13.406743294,-0.05807495026333593,-0.009449340819196843,1.5117464255432327,0.06906235168614135,-0.012505819189890556,0.036222852455052225,-0.005029905433306565,0.056734650656099395,0.005320449471199296,0.0,0.0,1.5,0.05999973669149716,10879.33199881694,10795.429361549746,10792.271632583483,10883.096857202125,0.0,0.0,0.0,0.0,0.0,0.0,nan,0,0.0034033741486644356,0.002624490724512797,0.011437983572263999
13.41686333,-0.045257676213380324,-0.014363506516393421,1.4791247822096132,0.09815277865424576,-0.020849719891834477,-0.003970114140969615,-0.007765009346938887,0.055230419819834835,0.004018633089726119,0.0,0.0,1.5,0.05186850965159621,10826.920650499806,10752.318766165852,10756.344934583618,10847.441970796532,0.0,0.0,0.0,0.0,0.0,0.0,nan,0,0.015389309650860314,-0.002486307482779355,-0.02116717492250375
13.426974580000001,-0.058784173666284925,-0.01896447695928829,1.4905745612796508,0.07337208909400998,0.023293660725441003,-0.018694257988008358,-0.006698951359243474,0.05503098493705873,-0.0033564370592747824,0.0,0.0,1.5,0.06248255240495846,10824.796745614041,10749.382551486366,10760.240748537544,10856.483312646911,0.0,0.0,0.0,0.0,0.0,0.0,nan,0,0.000979976377495445,-0.007290986425387915,-0.009693614671893558
13.437179942,-0.06389073241789245,-0.0035321640150489473,1.5227677951702685,0.0934411877153358,0.005821520906248221,-0.007250653520674398,-0.008724147437400956,0.051808236516182514,0.001634817283196477,0.0,0.0,1.5,0.06791814461864548,10854.470989898005,10777.411734094743,10789.827838672807,10882.595449362503,0.0,0.0,0.0,0.0,0.0,0.0,nan,0,-0.005059986498098343,0.007930699434447042,0.022526226602921806
13.447302828000002,-0.06256413338816603,0.0020147788613049406,1.4800372754712705,0.10405934867301085,0.03712321284175937,0.026832155422997803,-0.005621740366345758,0.05061352238173011,0.0028068575135013272,0.0,0.0,1.5,0.06570266730568959,10838.940319082101,10767.652886999003,10770.560433140527,10856.875051880597,0.0,0.0,0.0,0.0,0.0,0.0,nan,0,-0.004716193989821205,0.013260268842491261,-0.020175719028459937
13.457342459000001,-0.06878279655054417,0.002709794696570669,1.5087300006935584,0.06586106937665141,0.019715363549211575,0.04023206952339728,-0.0038183451884160795,0.05231695109604289,-0.004473290318941405,0.0,0.0,1.5,0.06938752770289949,10838.635950104841,10772.205882296088,10762.388397594154,10845.603154061526,0.0,0.0,0.0,0.0,0.0,0.0,nan,0,-0.011965700068503428,0.013731350436378194,0.00854979689413371
13.467318155000001,-0.03972000204822377,-5.437601162850553e-05,1.5011692018589342,0.1320658395666362,0.002095099376590896,0.021361358504744382,-0.0032795761801792745,0.04765891217942081,0.004661144620333346,0.0,0.0,1.5,0.03973724389597844,10802.945370794956,10747.691787079859,10739.253101311522,10800.937679330134,0.0,0.0,0.0,0.0,0.0,0.0,nan,0,0.016019641666706184,0.010736870265462698,0.0010288524222461515
13.477495541000001,-0.05114666671073789,-0.02585540459590055,1.5051671728173384,0.12729488730215144,-0.007629496208065038,0.03595731150567597,-0.007677754427191455,0.04118409847557616,0.0034759846836916494,0.0,0.0,1.5,0.057542880857333334,10791.90085096299,10734.514932568143,10727.11196661172,10789.964374800327,0.0,0.0,0.0,0.0,0.0,0.0,nan,0,0.0034704388613428297,-0.015300647077454993,0.0050780974072541785
13.487613629,-0.06338976659814413,-0.01882083029680969,1.5193511191070561,0.10615092338078448,0.033969044932902356,-0.02251124095584302,-0.008350002067476846,0.04595810760957526,8.553703968406195e-05,0.0,0.0,1.5,0.06889812750085428,10772.45596728795,10716.74515415919,10718.617823854336,10784.634900920217,0.0,0.0,0.0,0.0,0.0,0.0,nan,0,-0.009938870081462686,-0.008508561387674501,0.01932634521021548
13.49761977,-0.048795516947909415,-0.007402152338993296,1.4778621335721396,0.10903268512653054,0.030678818544576242,-0.03768119634594384,-0.006391578357002146,0.04041688470409334,-0.0006631792505144282,0.0,0.0,1.5,0.05409139916327889,10777.478738855034,10725.797526943245,10725.739756328063,10787.54199339343,0.0,0.0,0.0,0.0,0.0,0.0,nan,0,0.0034469218240398003,0.002661803584541121,-0.02208410484153922
13.507852179,-0.06558213876550222,-0.016550053554768823,1.487342952799638,0.12274425129508448,0.020488407574786722,-0.00281996912172657,-0.00431882991058782,0.040785570161858895,0.0045834244919650225,0.0,0.0,1.5,0.06881222305343358,10843.491834088953,10800.355216540014,10792.974738204459,10844.365797930806,0.0,0.0,0.0,0.0,0.0,0.0,nan,0,-0.014589332539418604,-0.006740116280848803,-0.012518057543321026
13.517842632,-0.04008793860821769,-0.010947096563014415,1.5231672286635387,0.1457351018575359,0.0313589762182551,0.016164451104541632,-0.006963376792157938,0.042290812357629416,0.0027025705872859578,0.0,0.0,1.5,0.04757732893894824,10854.298077402902,10819.554708430122,10809.622257704556,10856.690277040549,0.0,0.0,0.0,0.0,0.0,0.0,nan,0,0.009615192296910949,-0.0013967615520416726,0.02339095629590915
13.527991731,-0.04580163456752117,-0.010355726252210144,1.4813113970535572,0.10130928375420453,0.02882770528893235,-0.03860370287848291,-0.00501170986134829,0.03663054978003994,0.005599335911766615,0.0,0.0,1.5,0.050540030424973584,10827.947709608186,10779.601288652244,10763.077671957592,10821.933219980174,0.0,0.0,0.0,0.0,0.0,0.0,nan,0,0.0025733254416336615,-0.0010703983381500411,-0.018378486942184802
13.537994689000001,-0.03217115119388968,-0.008862022634305121,1.5193119846399479,0.14271941053267528,0.007114101466899055,0.004751850439873929,-0.003592667965108809,0.032169436000007476,-0.0009918036015977045,0.0,0.0,1.5,0.038554781351275075,10869.788957658287,10841.846770345308,10821.391447098493,10864.04813568081,0.0,0.0,0.0,0.0,0.0,0.0,nan,0,0.014838563635733923,0.00015305484605532098,0.019708458719302602
13.548309046,-0.04337423095158844,-0.01210261657644573,1.4855283177334928,0.16302724621977324,0.048645228919185116,0.01574751775458591,-0.006335286141316117,0.0359931091403381,-0.0005648992041214979,0.0,0.0,1.5,0.047299332196775574,10839.696214626558,10806.532149308028,10795.631290834903,10838.49239112689,0.0,0.0,0.0,0.0,0.0,0.0,nan,0,0.0022346039342748952,-0.0033628657369882235,-0.013990620584636737
13.558168782000001,-0.04001362608873153,-0.010373646666059267,1.5231341729170904,0.172059849367647,0.03381413374277311,-0.03220085001406592,-0.0039017329079804224,0.03320561405043117,0.005316106304258787,0.0,0.0,1.5,0.047369745349525566,10847.12885683129,10808.957214398411,10792.845074260134,10838.7372251044,0.0,0.0,0.0,0.0,0.0,0.0,nan,0,0.004160298706082297,-0.0019141055109216584,0.02370021321580018
13.568458809000001,-0.06007705727300935,-0.023839110412300003,1.4776421881919923,0.14713582065911326,0.02496497090539683,-0.023125177791696285,-0.0038267128299459617,0.031951377782619195,-0.008592259476206551,0.0,0.0,1.5,0.06839172277897788,10857.046882938648,10808.77127930047,10786.370005941859,10845.201915525962,0.0,0.0,0.0,0.0,0.0,0.0,nan,0,-0.0173705437975879,-0.01566447636072547,-0.021706834150660548
13.578447778000001,-0.02606328414859989,-0.003038643144970039,1.4770263162242883,0.12561410740431414,0.024466000602022902,-0.02322313324762579,-0.0046221726674557295,0.02963172286074643,0.004150660654412679,0.0,0.0,1.5,0.03487575488788067,10886.55487504375,10844.891143386549,10837.437619827833,10876.028104574421,0.0,0.0,0.0,0.0,0.0,0.0,nan,0,0.015144769450037454,0.004846565918171991,-0.022241424088672357
13.588909578,-0.038167301850025856,-0.0007125780915572455,1.4851187519581452,0.13617084338634855,0.016661992506710355,-0.0003995871058134882,-0.004398470451492928,0.03009398775731792,0.0013138466748352253,0.0,0.0,1.5,0.040971968970636014,10906.688760889367,10880.068473896705,10867.706075945418,10896.274475114516,0.0,0.0,0.0,0.0,0.0,0.0,nan,0,0.0015126620691120057,0.006878865815622134,-0.01407712693488583
13.598936345,-0.053600322979027434,0.007643375524361719,1.5109706768505973,0.15543859760866324,0.05283993958577311,0.03237804103505976,-0.0059374681346618255,0.02467563676226147,-0.004134939064311871,0.0,0.0,1.5,0.05524284173920364,10899.820020946376,10877.488265678337,10866.64896984681,10889.658980243777,0.0,0.0,0.0,0.0,0.0,0.0,nan,0,-0.015476515134042822,0.0149369159320664,0.011835292639470474
13.608973433000001,-0.017152685476897613,-0.0037581807821513336,1.503212029604421,0.14837985377018703,0.0470126023005475,0.04468049392814918,-0.0009464112644307662,0.023349627981411755,-0.0010068034725712013,0.0,0.0,1.5,0.017850929276661823,10854.723115361081,10837.654760630016,10812.770748818662,10827.49910263689,0.0,0.0,0.0,0.0,0.0,0.0,nan,0,0.019388673268325475,0.0032335550789282523,0.00413086748676883
13.618911159000001,-0.028990922168134335,-0.009294832094494398,1.5170909143230145,0.1482038790783028,0.07595357620922383,-0.0030088145684563986,-0.00247346140001972,0.025234309979914,-0.0003106017311901562,0.0,0.0,1.5,0.03491370539229955,10817.901306400234,10799.462427774732,10774.048109245845,10789.938696657406,0.0,0.0,0.0,0.0,0.0,0.0,nan,0,0.005943533624284986,-0.002608545956537333,0.01806560561652737
13.629266709000001,-0.04039126033326157,0.00740964238980898,1.509529018959864,0.18946407951884217,0.040557771634681807,0.011395837714312969,-0.0007742152514775935,0.024098318943896337,0.0005144072225616384,0.0,0.0,1.5,0.04215636267506498,10816.013082106821,10798.932689526908,10763.728339860254,10777.629799985136,0.0,0.0,0.0,0.0,0.0,0.0,nan,0,-0.007086439495568718,0.013787084744737901,0.010565023275609597
13.639344776000002,-0.03473794070453284,-0.006934136939433497,1.5135730728019836,0.15600349769444277,0.027398702694682624,-0.024074815396956665,-0.005329777391327652,0.0223711979971692,-0.0020341781771089406,0.0,0.0,1.5,0.037934615917053945,10812.712025799945,10784.823560086646,10751.957044746456,10777.652579880998,0.0,0.0,0.0,0.0,0.0,0.0,nan,0,-0.003083831966114191,-0.0008686758592467191,0.014677035893684298
13.649319841,-0.03079151053390965,-0.00828752942835411,1.4940842679624367,0.16287016988634584,0.031573270672262906,-0.05231639508753386,-0.005128832778304068,0.01859099462816156,0.00566471860085313,0.0,0.0,1.5,0.03243140685394264,10817.814283284488,10792.980510167545,10765.03484601454,10785.55361960031,0.0,0.0,0.0,0.0,0.0,0.0,nan,0,-0.0008075739161630506,-0.0025369194821189874,-0.004738059626710589
13.659585216,-0.03450192208139575,-0.013976757183477281,1.501667077281399,0.15167057818268898,0.02968541257180478,-0.020344386327899363,-1.537348497669037e-05,0.018227258264879035,0.002389856771249984,0.0,0.0,1.5,0.03726273628356812,10863.03863752805,10851.640244059334,10829.131842150633,10843.092155092438,0.0,0.0,0.0,0.0,0.0,0.0,nan,0,-0.006206086242544612,-0.008543598919366471,0.002918168832910073
13.669509888,-0.033700921353798416,-0.005866837711707384,1.5028192205001039,0.15733918357287988,0.007097076167273227,-0.05035776184746173,-0.0016389895442236388,0.018605369730811346,0.0030706004377027366,0.0,0.0,1.5,0.03432375109248148,10856.812024127828,10856.592006613399,10846.853916587648,10849.997160032886,0.0,0.0,0.0,0.0,0.0,0.0,nan,0,-0.007109539696306601,-0.0007534441020812781,0.00413858786769139
13.679667868000001,-0.03177967613251473,-0.012250921917784251,1.519177707918238,0.18054921790343836,-0.00227019606773586,-0.007714407706597031,0.0019207871127167148,0.013591453724379554,0.0007108589503033648,0.0,0.0,1.5,0.039087304638724105,10865.04657988022,10867.65912259379,10864.174728332237,10865.545212861018,0.0,0.0,0.0,0.0,0.0,0.0,nan,0,-0.006907474788994842,-0.007459303269968905,0.0205573918226849
13.689587572,-0.029193896743649667,-0.008284168662714197,1.4942702689114504,0.18957126410353506,0.020874732453586016,0.022440139609702002,-0.00010713379923999513,0.011420319919358771,0.0006955804427492991,0.0,0.0,1.5,0.03088269541115649,10835.658752161902,10837.181305379938,10859.753538359486,10861.977050671376,0.0,0.0,0.0,0.0,0.0,0.0,nan,0,-0.006053923303663698,-0.0038160247506209416,-0.004297157976373311
13.70003061,-0.023759074626134694,0.011637976457397638,1.501989147864488,0.18526879378589436,0.0548414544877704,-0.026561615898983745,0.000176698637788541,0.010807958646484516,0.004891796512353343,0.0,0.0,1.5,0.026530978729401907,10818.793862812681,10817.681712730366,10840.336640216297,10846.040089541259,0.0,0.0,0.0,0.0,0.0,0.0,nan,0,-0.0023626561302601892,0.015781253930831744,0.003471300636158192
13.710020085,-0.013778490857348037,0.005615568161578124,1.5168411769708825,0.15925861295773808,0.040405351988158436,0.029069633753765294,-0.004620769712597439,0.010766631082580592,-0.007881905754931164,0.0,0.0,1.5,0.02247235318892831,10841.472437987124,10841.781702902377,10844.491469035722,10852.303490206188,0.0,0.0,0.0,0.0,0.0,0.0,nan,0,0.005864709606697032,0.009432875076086514,0.018369790544292552
13.720053497,-0.010710886078476572,0.0006903383101704015,1.4865905464613278,0.17515467325151077,0.040894717331753,-0.0073687738577118,-0.000992364132007664,0.007589644147182524,0.003948767624375421,0.0,0.0,1.5,0.017175945149376787,10805.09701796892,10803.052281628585,10800.829622780844,10798.749387065307,0.0,0.0,0.0,0.0,0.0,0.0,nan,0,0.007171116096003429,0.004180851448706659,-0.01183468638626528
13.730114088,0.006084239527719672,-0.012374794009898726,1.5149897389381628,0.18757390324390444,0.04208148618664536,-0.020776569205969955,0.0023191884885643914,0.005386567348449159,-0.003373414826601586,0.0,0.0,1.5,0.02036776303015051,10827.466383958994,10830.639665811204,10822.421787440033,10820.251681174414,0.0,0.0,0.0,0.0,0.0,0.0,nan,0,0.022198730252042997,-0.009211619931895544,0.01661188581536499
13.740523559000001,-0.0198877519083403,-0.0024561223145268514,1.504313614904117,0.17070828965647952,0.02628645097083133,-0.03994477722640338,0.001136876647879371,0.0017268059909589376,-0.00023709127135252997,0.0,0.0,1.5,0.02049786540917444,10828.846828417569,10821.797781103649,10822.434781491247,10825.274647908009,0.0,0.0,0.0,0.0,0.0,0.0,nan,0,-0.005545450214078408,0.0003794448584038849,0.005982393376869677
13.750595228000002,-0.01438913164672104,-0.0004643326262901543,1.4873801007815326,0.18890249713433901,0.034587432759291256,0.006765652135010997,-0.0018520561859644434,0.002819768668572806,-0.0024015670314497194,0.0,0.0,1.5,0.019144831433543116,10841.70280980564,10849.605761907944,10854.921027344828,10843.851541390753,0.0,0.0,0.0,0.0,0.0,0.0,nan,0,-0.001822055191418901,0.002043640444747104,-0.010907359993323373
13.760794622,-0.014831648627986799,-0.005560767897512572,1.5146553526274886,0.15499565718705954,0.019534014875407877,0.029571688570121962,-0.001725925238645146,0.0010584797573891884,0.005758884485967981,0.0,0.0,1.5,0.021579603825605947,10847.730717944045,10859.04378836607,10864.292141335925,10848.272496333406,0.0,0.0,0.0,0.0,0.0,0.0,nan,0,-0.004041193117881004,-0.003380095469653167,0.016405640682390255
13.770594246000002,-0.0036719929466372337,-0.007247773762394637,1.5198038338891344,0.19347227255600744,0.042739487388897004,0.01260798010137007,5.4755092251847085e-05,-0.0010201143375483627,-0.0032607242450089753,0.0,0.0,1.5,0.021405737394900436,10794.17706811886,10818.755191563998,10825.45897818258,10803.481934604299,0.0,0.0,0.0,0.0,0.0,0.0,nan,0,0.0053420908082825345,-0.005393832018383896,0.021589866541601443
13.780742906,-0.026115386090457472,0.0031554929814549227,1.4662639331195326,0.16515582279105218,0.04920968751509791,0.003719729899424327,-0.0004649328425721434,-0.006743372014294355,-0.00018101935277213413,0.0,0.0,1.5,0.042779583158009366,10776.469084565724,10791.15723118604,10795.186071952074,10780.35079780744,0.0,0.0,0.0,0.0,0.0,0.0,nan,0,-0.018875805110881196,0.004683543765986471,-0.031910110156464055
13.790797014,0.013778271831863021,-0.007357143729721681,1.4662690093140052,0.19532408853420022,0.01999464212603337,-0.03694282565404454,0.0017556283982381442,-0.004529514704643238,-0.001460582896769178,0.0,0.0,1.5,0.037171872043134484,10810.814156647592,10843.68093856332,10838.259593491099,10804.426135738475,0.0,0.0,0.0,0.0,0.0,0.0,nan,0,0.019246827696698613,-0.006153873480912362,-0.03186241998280903
13.800946945000002,-0.008692083569242885,0.001359076093926276,1.5220802056331726,0.16989232764743165,0.012725145343293068,-0.02986071036091271,0.0011172054680730816,-0.009526182955416847,-0.001236157455404304,0.0,0.0,1.5,0.023768358912785094,10866.97443800682,10888.30342429958,10894.955059440292,10870.816160885994,0.0,0.0,0.0,0.0,0.0,0.0,nan,0,-0.0049894480851793675,0.0022389562575441412,0.023985446167738456
13.810991605000002,-0.002893538756191616,0.018086843535541637,1.5001010579402883,0.19518689666874595,0.00444182648522151,0.013731231858214416,0.003229727575087619,-0.007719391431333132,0.004097503417565652,0.0,0.0,1.5,0.018317114628675624,10842.558753758021,10872.632665397363,10886.966334754108,10851.138049768795,0.0,0.0,0.0,0.0,0.0,0.0,nan,0,-0.000950116113045451,0.01864499948682077,0.002033763173993286
13.821195762,-0.010287376743668438,-0.01312853109180207,1.5286990684828288,0.16552165644174288,0.0018584498725070914,-0.06329113167927555,0.002272079364529,-0.010518461724010497,0.0014274817388058344,0.0,0.0,1.5,0.0331937491205299,10831.093433553036,10859.0265540826,10872.97588831342,10842.319555432425,0.0,0.0,0.0,0.0,0.0,0.0,nan,0,-0.010094912398903347,-0.012890172987951603,0.030653620096312117
13.831282335000001,0.014577078119316788,-0.026550950774274572,1.4939607958345802,0.1785141290334713,0.01328767370532781,-0.03233480324739,0.0025375145444646568,-0.01124629887118398,0.002869535405484605,0.0,0.0,1.5,0.03088553351435328,10821.226696505404,10857.446217758788,10884.475028142688,10847.008566747727,0.0,0.0,0.0,0.0,0.0,0.0,nan,0,0.013028382101018334,-0.02663020708851653,-0.0040675551237885355
13.841422803,-0.0092308812729208,-0.005802018454476506,1.4815559767930473,0.16898863806331466,0.006635697643168392,0.04591387883346599,0.002874305203048088,-0.013004137134265514,0.005791456330614977,0.0,0.0,1.5,0.02142555901906543,10836.04439409669,10871.602670799753,10904.77294571342,10873.3275171337,0.0,0.0,0.0,0.0,0.0,0.0,nan,0,-0.012509380850342212,-0.006196452345293638,-0.016462785595512175
13.851495917000001,0.006909217154522089,0.01657497177379867,1.5185887949081935,0.1394283777700095,-0.00014693767548138123,-0.01210261499826082,0.004952514254839845,-0.016266266048651987,0.00024164519047416833,0.0,0.0,1.5,0.025845894589459406,10798.985738320764,10845.73834960617,10879.269829919054,10841.902285275768,0.0,0.0,0.0,0.0,0.0,0.0,nan,0,0.00191376683125573,0.015868024536922647,0.02057332347106433
13.861629875,0.00865268699303682,-0.020488176394871178,1.5002707155167483,0.1428719242245439,0.043325564821512355,0.01896557477041754,0.004246894309250352,-0.016485290576385862,0.003024110022222362,0.0,0.0,1.5,0.02224202443748845,10777.909325536535,10837.02053001378,10870.857623860826,10818.861399187776,0.0,0.0,0.0,0.0,0.0,0.0,nan,0,0.0019545711731850015,-0.021504773516955584,0.0022563161462001435
13.871974452000002,0.012386995317391104,-0.024721462221193452,1.4908752565047938,0.18728170925949617,0.024091592024745433,-0.013904691833154645,3.2753474345813906e-05,-0.013593813440528868,0.0005541885730841004,0.0,0.0,1.5,0.02911785176142416,10761.92535063492,10828.82704270884,10853.820386299425,10797.019869288908,0.0,0.0,0.0,0.0,0.0,0.0,nan,0,0.004001909269593032,-0.026044665065965884,-0.007137448978149941
13.881879477,0.014742255344177283,0.004902964355032569,1.4768175610096907,0.1855869927625433,0.03096516464169236,0.041897738362668205,0.005805693795947113,-0.01622571638185656,0.003678508795148749,0.0,0.0,1.5,0.027906963819789753,10792.503084366685,10842.979361563166,10864.588505170073,10824.615287063836,0.0,0.0,0.0,0.0,0.0,0.0,nan,0,0.004687320782496899,0.0032763721648440495,-0.02119339603943393
13.892066558000002,0.012844481726741776,0.007241992915161812,1.4884604097566765,0.1600008803812434,0.057060155121414616,-0.0536931484709881,0.0019337530571182419,-0.01830800216159626,0.00117529924974561,0.0,0.0,1.5,0.01872403042070976,10790.529516939008,10831.621816113586,10843.37977189827,10814.01280908985,0.0,0.0,0.0,0.0,0.0,0.0,nan,0,0.0011382185494396724,0.005315384953386325,-0.009549455251147476
13.902057131000001,0.011558236272859365,-0.01151946053290071,1.4685723583004942,0.1664141788152508,0.02956834596962765,0.046925865467453386,0.0016111445669850098,-0.017583559651964665,0.0023765160907272477,0.0,0.0,1.5,0.035411685352448534,10819.891631334352,10860.28255336015,10858.89032404069,10829.299629883695,0.0,0.0,0.0,0.0,0.0,0.0,nan,0,-0.0017794784423992502,-0.013742568876335258,-0.029436672800151387
13.912474082000001,0.01272002549838993,0.0008313526117054249,1.4836767931717332,0.16772147053935252,0.026732985116321984,0.029809510911634883,0.0036855713417312027,-0.02124423175694252,-0.001632435639330513,0.0,0.0,1.5,0.020710800974444617,10835.199047397364,10879.702549090125,10870.51512713472,10837.047581376122,0.0,0.0,0.0,0.0,0.0,0.0,nan,0,-0.0022277950827727863,-0.001684582672326532,-0.014337712784241674
13.922304094000001,0.005180198459542738,0.005111828407914541,1.5023027076745148,0.17068035096418907,0.030622302888007262,0.03119069107691518,0.0050715156833996515,-0.029029778977419988,1.997992029167399e-05,0.0,0.0,1.5,0.007633328788050492,10819.359263442457,10863.86203825737,10856.792815519155,10821.30991788629,0.0,0.0,0.0,0.0,0.0,0.0,nan,0,-0.011355089725879494,0.002306871085820366,0.004278037550927261
13.932744979,0.039047904786401605,-0.00642389917051614,1.4888487062462383,0.1595745432707014,0.0067293551090012406,-0.017099062416531408,0.0016756326382291265,-0.025783030716048237,0.007331947545485745,0.0,0.0,1.5,0.04111394776889623,10795.884060724327,10843.361633772849,10837.480015906456,10795.111232098738,0.0,0.0,0.0,0.0,0.0,0.0,nan,0,0.02094901984319573,-0.009513946584108111,-0.009187787553522675
13.942770276000001,0.009161475273545069,0.012687497384913581,1.5003478119198526,0.14946366103323586,0.02950370029344694,-0.010404225488923717,0.006243448460899533,-0.027023164897735798,-0.006110952829062688,0.0,0.0,1.5,0.015653312499645505,10792.59983188746,10844.288204410454,10841.204486656425,10797.037709392838,0.0,0.0,0.0,0.0,0.0,0.0,nan,0,-0.010475950110143352,0.009316416781704438,0.002301497689904064
13.952993336,0.03064985653172446,-5.9228209225288715e-05,1.4810536328231418,0.12952794134474216,0.060460114287007656,0.0023636378879891675,0.00465756494064421,-0.02429269697459467,0.0035787968776866425,0.0,0.0,1.5,0.03603306873687542,10803.714595900812,10858.311948333652,10858.871149801607,10809.032698212379,0.0,0.0,0.0,0.0,0.0,0.0,nan,0,0.009500269843580596,-0.0037071327273867204,-0.017003509938208206
13.962933543,0.013262596849297804,0.010127361819048084,1.5039003260856054,0.15873101332530457,0.02389777073195815,-0.04192877763315583,0.0020290165090638235,-0.026999433959286896,-0.0001525218722099469,0.0,0.0,1.5,0.017136874749351792,10812.74824089868,10872.584244517915,10866.833863248032,10808.60447066412,0.0,0.0,0.0,0.0,0.0,0.0,nan,0,-0.009371519467628483,0.006206986494517697,0.005830134575111723
13.973063542,0.024095248388857807,0.012935146504169652,1.5180686772479681,0.1492256032333717,0.05885171113504442,-0.00013831329632516326,0.00701227686456224,-0.030796695197438786,-0.006291972049999228,0.0,0.0,1.5,0.03277767696918633,10829.602315415534,10891.093610977443,10879.473853173797,10820.252126878158,0.0,0.0,0.0,0.0,0.0,0.0,nan,0,5.482368157179451e-06,0.008746801353239405,0.019981163391603385
13.983141143000001,0.030793585254651687,0.00017791172928266746,1.492162905682082,0.13634712554839706,-0.007097281563363022,0.016454249923416635,0.0076111540760021535,-0.031279143323745644,0.004984911152414365,0.0,0.0,1.5,0.0317757233240545,10807.835949032919,10866.810976444633,10848.831969665574,10785.745722396712,0.0,0.0,0.0,0.0,0.0,0.0,nan,0,0.0052781728357468305,-0.0042737641424175285,-0.005945083731218714
13.993212961000001,0.031444209371547585,-0.008072768833431852,1.5000510811693015,0.14549765427059763,0.03030698429724139,0.04457762253821191,0.007191259181259971,-0.0318611164876,-0.0013324486818967161,0.0,0.0,1.5,0.03246398787773318,10786.91051024018,10851.720538963149,10852.041606127796,10790.140142077686,0.0,0.0,0.0,0.0,0.0,0.0,nan,0,0.004534180014790654,-0.01278300021327716,0.0019225877622133236
