time,x,y,z,vx_body,vy_body,vz_body,roll,pitch,yaw,ref_x,ref_y,ref_z,position_error,rpm_0,rpm_1,rpm_2,rpm_3,disturbance_fx,disturbance_fy,disturbance_fz,disturbance_tx,disturbance_ty,disturbance_tz,obstacle_clearance,local_point_count,position_noise_x,position_noise_y,position_noise_z
0.011941120000000001,-0.0008545405152509886,0.005624317088125523,-0.01592278007681535,0.04059343168637754,0.0043543057839035395,0.03852480791348178,0.0020628021783765226,0.0011864598882573814,0.0022265885494173075,nan,nan,nan,nan,0.0,0.0,0.0,0.0,0.0,0.0,0.0,0.0,0.0,0.0,nan,0,nan,nan,nan
0.013867582000000002,-0.006303924018810583,-0.009695498128145835,-0.006257089604883506,0.0006363202719136885,0.050622918446334375,0.0563903996915857,0.001142845761070172,-0.0027852700839287223,0.0029622017583152277,nan,nan,nan,nan,0.0,0.0,0.0,0.0,0.0,0.0,0.0,0.0,0.0,0.0,nan,0,-0.006303924018810583,-0.009695498128145835,-0.006257089604883506
0.028494646000000002,-0.014298670149888228,-0.015126087314114536,-0.01798843584904938,0.032337862812451,0.029760803426891674,0.02047871998151342,0.0030430531153947497,0.0028203781302248328,-0.0036302188507614215,nan,nan,nan,nan,0.0,0.0,0.0,0.0,0.0,0.0,0.0,0.0,0.0,0.0,nan,0,-0.014298670149888228,-0.015126087314114536,-0.01798843584904938
0.042597541,-0.014299214009346767,-0.006705626383035975,0.007449871437642637,-0.017241770752886878,-0.01890266231550825,0.005256506671257352,0.00016089335533493333,0.00040179599462904876,0.0063541585494851305,nan,nan,nan,nan,0.0,0.0,0.0,0.0,0.0,0.0,0.0,0.0,0.0,0.0,nan,0,-0.014299214009346767,-0.006705626383035975,0.007449871437642637
0.056943329,-0.01933114449747719,-0.002876192842186869,0.006209274850186001,-0.03381457370849175,0.0001482349875366129,-0.0029002876049081965,-0.0020463751669328126,-0.000546371239558418,-0.0021706417835328385,nan,nan,nan,nan,0.0,0.0,0.0,0.0,0.0,0.0,0.0,0.0,0.0,0.0,nan,0,-0.01933114449747719,-0.002876192842186869,0.006209274850186001
0.071036792,0.0077120793055440095,-0.023256428093217527,0.005788160518661861,-0.018183364592028496,0.006033463509101113,-0.014314527412593073,0.00019905516201502218,0.002761194947275109,0.00012101642092063662,nan,nan,nan,nan,0.0,0.0,0.0,0.0,0.0,0.0,0.0,0.0,0.0,0.0,nan,0,0.0077120793055440095,-0.023256428093217527,0.005788160518661861
0.08543413600000001,0.00950480411496573,-0.0010916231880510536,0.012267848756581453,0.00013666984514627815,0.018411838412736692,0.05423625044423403,0.0011163891662718877,-0.0013966926098766058,-0.0014478924487738138,nan,nan,nan,nan,0.0,0.0,0.0,0.0,0.0,0.0,0.0,0.0,0.0,0.0,nan,0,0.00950480411496573,-0.0010916231880510536,0.012267848756581453
0.099884552,0.007623141302620059,-0.004341803184943136,0.01426966176653518,-0.0273172101358781,0.044775823368517584,-0.02277935305954649,-0.0038911155255031216,0.0007022956997086363,0.0030425238598548454,nan,nan,nan,nan,0.0,0.0,0.0,0.0,0.0,0.0,0.0,0.0,0.0,0.0,nan,0,0.007623141302620059,-0.004341803184943136,0.01426966176653518
0.11406909800000001,0.007126727581297837,-0.018197121718115883,0.01978228987287863,-0.0018415758403964233,0.022936160609265354,0.044194783073124695,-0.0016859247971733643,-0.0006188398534219528,0.00118552265097561,nan,nan,nan,nan,0.0,0.0,0.0,0.0,0.0,0.0,0.0,0.0,0.0,0.0,nan,0,0.007126727581297837,-0.018197121718115883,0.01978228987287863
0.128247058,0.0020142228601425245,-0.0032795887891673365,-0.0017632160742557367,-0.04386986140481183,0.014047535788611183,-0.020708724077367187,0.001284908491500936,0.002178305712384331,-0.006975638533647092,nan,nan,nan,nan,0.0,0.0,0.0,0.0,0.0,0.0,0.0,0.0,0.0,0.0,nan,0,0.0020142228601425245,-0.0032795887891673365,-0.0017632160742557367
0.142771604,-0.004613533494779469,-0.009879025280523352,0.02574639275101387,-0.011520102203101545,0.028269707733039908,0.045904246462091486,0.005021438193439261,-0.0009665665699517,0.0032886469408788454,nan,nan,nan,nan,0.0,0.0,0.0,0.0,0.0,0.0,0.0,0.0,0.0,0.0,nan,0,-0.004613533494779469,-0.009879025280523352,0.02574639275101387
0.15691184,-0.007726007629113333,-0.007805805841561417,0.0019852658357758183,0.007890755719752103,0.005088013273001555,-0.008280564842159438,-0.0015252099642714804,0.00112110640646387,0.004298139265052039,nan,nan,nan,nan,0.0,0.0,0.0,0.0,0.0,0.0,0.0,0.0,0.0,0.0,nan,0,-0.007726007629113333,-0.007805805841561417,0.0019852658357758183
0.171264979,0.01344080894580967,0.006434277895071488,-0.0026965470504986865,-0.007564912949599135,0.01405281305162019,0.00643890733225422,0.00021350129798632884,0.0012237348662921445,-0.005254948472431806,nan,nan,nan,nan,0.0,0.0,0.0,0.0,0.0,0.0,0.0,0.0,0.0,0.0,nan,0,0.01344080894580967,0.006434277895071488,-0.0026965470504986865
0.185405758,-0.002757025243278505,-0.012665544508069941,0.008351297287310846,-0.012103061122985075,0.006901212793278999,-0.05013415989693938,0.0005180156578146738,-0.00043108245817220737,-0.001445878911767117,nan,nan,nan,nan,0.0,0.0,0.0,0.0,0.0,0.0,0.0,0.0,0.0,0.0,nan,0,-0.002757025243278505,-0.012665544508069941,0.008351297287310846
0.199595498,-0.00699590363975854,0.00743517007565977,0.009434707512017563,0.006552157350229541,-0.011014315838445317,-0.01930935512023716,0.002203054595554497,0.00046280492808556124,-0.0015504431618344689,nan,nan,nan,nan,0.0,0.0,0.0,0.0,0.0,0.0,0.0,0.0,0.0,0.0,nan,0,-0.00699590363975854,0.00743517007565977,0.009434707512017563
0.214028456,0.017024423674987715,0.0059174052731636615,0.0077955459358072954,0.019071351075178124,0.020688305700168143,-0.019642553616914936,-0.0007279163877938124,0.0025256406846806204,-0.0053359097508263835,nan,nan,nan,nan,0.0,0.0,0.0,0.0,0.0,0.0,0.0,0.0,0.0,0.0,nan,0,0.017024423674987715,0.0059174052731636615,0.0077955459358072954
0.22823246600000002,-0.006813858577717854,0.0036736821095600227,0.011752720281984173,-0.0020001352424170054,-0.005365206625069732,-0.06275897005587254,-0.004183772008099059,2.367331838480911e-05,-0.008461966126733384,nan,nan,nan,nan,0.0,0.0,0.0,0.0,0.0,0.0,0.0,0.0,0.0,0.0,nan,0,-0.006813858577717854,0.0036736821095600227,0.011752720281984173
0.24258258800000002,-0.0068205989298185015,-0.0023714767547744686,-0.001449662218147344,0.014390756385241184,0.0126743728980325,-0.05265279865980059,-0.003324230423854643,-0.0006697001685526706,0.0009043984780049242,nan,nan,nan,nan,0.0,0.0,0.0,0.0,0.0,0.0,0.0,0.0,0.0,0.0,nan,0,-0.0068205989298185015,-0.0023714767547744686,-0.001449662218147344
0.256944907,0.0006889946375519643,-0.00023805970980826156,0.015195772729483924,0.021297361369297267,0.03153509525058597,-0.05883086624576803,0.0017715067282928786,-0.00032410473231839155,-0.004613889286594927,nan,nan,nan,nan,0.0,0.0,0.0,0.0,0.0,0.0,0.0,0.0,0.0,0.0,nan,0,0.0006889946375519643,-0.00023805970980826156,0.015195772729483924
0.271079151,0.023066349036664536,0.004397421851985537,0.009472917980048803,0.0065255930288524,0.02213542446993433,-0.02982145388322955,0.00048455488802597187,-0.002009802221324579,0.00269677037857074,nan,nan,nan,nan,0.0,0.0,0.0,0.0,0.0,0.0,0.0,0.0,0.0,0.0,nan,0,0.023066349036664536,0.004397421851985537,0.009472917980048803
0.28539400200000004,-0.01337381723929927,0.0016090731192857533,0.0013707601185828904,0.011820791815277917,-0.006505426463004473,0.017190927819882042,0.0012717886942515827,0.000365623616670847,-0.0023440769177258754,nan,nan,nan,nan,0.0,0.0,0.0,0.0,0.0,0.0,0.0,0.0,0.0,0.0,nan,0,-0.01337381723929927,0.0016090731192857533,0.0013707601185828904
0.29983051,-0.0051046303392942366,-0.00931139324001815,0.016070466767043292,0.00836271347433415,-0.003482014513821691,0.03855038882279335,-0.0020397508415292034,-0.0029359984235303536,-0.004136024563961216,nan,nan,nan,nan,0.0,0.0,0.0,0.0,0.0,0.0,0.0,0.0,0.0,0.0,nan,0,-0.0051046303392942366,-0.00931139324001815,0.016070466767043292
0.313943532,-0.003973340592549345,0.023439946313557957,0.00288695466551225,0.05209109983485257,-0.04305715940895324,-0.009614091690913037,0.0005758057706234972,-0.002975050531367075,0.008278727061883593,nan,nan,nan,nan,0.0,0.0,0.0,0.0,0.0,0.0,0.0,0.0,0.0,0.0,nan,0,-0.003973340592549345,0.023439946313557957,0.00288695466551225
0.32814257900000005,0.005837535841167808,0.007998443434803392,0.006336682664798181,-0.027221627149334397,-0.02693902580318757,-0.0004760412269148853,0.0005181254699714351,0.001867639787768961,-0.0017656704479275915,nan,nan,nan,nan,0.0,0.0,0.0,0.0,0.0,0.0,0.0,0.0,0.0,0.0,nan,0,0.005837535841167808,0.007998443434803392,0.006336682664798181
0.34245324000000005,0.010448194967351063,0.0029363795072105793,0.00575366547973786,-0.0037115370595631196,0.011672572732286156,0.028650605259863487,0.002511666297106489,0.0008001827239239012,-8.883806297964318e-05,nan,nan,nan,nan,0.0,0.0,0.0,0.0,0.0,0.0,0.0,0.0,0.0,0.0,nan,0,0.010448194967351063,0.0029363795072105793,0.00575366547973786
0.356893383,0.0036687611293859867,-0.00030842052803581674,0.023438130838724727,0.0301875603948747,-0.005530159637980935,-0.033196759996554796,0.0003226565112014248,0.002871360589293474,0.0005236928762621563,nan,nan,nan,nan,0.0,0.0,0.0,0.0,0.0,0.0,0.0,0.0,0.0,0.0,nan,0,0.0036687611293859867,-0.00030842052803581674,0.023438130838724727
0.371073368,0.00950524516316936,0.007325472089060124,-0.020328571610491883,-0.012127436924939535,-0.02738448755086549,0.008281230126631275,-0.0019240128261319338,-0.0010541104612331726,-0.002770416256362129,nan,nan,nan,nan,0.0,0.0,0.0,0.0,0.0,0.0,0.0,0.0,0.0,0.0,nan,0,0.00950524516316936,0.007325472089060124,-0.020328571610491883
0.385359402,-0.013338470490787348,0.0024689522885814074,0.014356274135734735,0.04568176185069721,0.04132463611148886,-0.030353204423922836,0.001381362296621066,0.000938956499864542,0.0019086589431812644,nan,nan,nan,nan,0.0,0.0,0.0,0.0,0.0,0.0,0.0,0.0,0.0,0.0,nan,0,-0.013338470490787348,0.0024689522885814074,0.014356274135734735
0.39981435200000004,-0.008523028684533118,0.00935749953667742,0.0032790584142399523,-0.01098075542390977,-0.004028039312341923,0.01466806391818363,-0.0027535285096211702,-0.0040120964851745435,0.00046319590879286064,nan,nan,nan,nan,0.0,0.0,0.0,0.0,0.0,0.0,0.0,0.0,0.0,0.0,nan,0,-0.008523028684533118,0.00935749953667742,0.0032790584142399523
0.41388945800000004,-0.004762650219339264,-0.013931113623399626,-0.003123854472074291,0.021499346886994355,-0.005365567064399563,-0.017918307994620623,0.0032150377852348954,0.0017139655594067785,0.002435755421400127,nan,nan,nan,nan,0.0,0.0,0.0,0.0,0.0,0.0,0.0,0.0,0.0,0.0,nan,0,-0.004762650219339264,-0.013931113623399626,-0.003123854472074291
0.428214525,0.005939026087961026,0.0005962152636486689,0.004139522844252341,0.007098019881507148,-0.02184432743355913,0.001697688741496251,-0.0020361096732478194,-0.0007106074121962475,-7.246312055845397e-05,nan,nan,nan,nan,0.0,0.0,0.0,0.0,0.0,0.0,0.0,0.0,0.0,0.0,nan,0,0.005939026087961026,0.0005962152636486689,0.004139522844252341
0.442714759,0.002784971698987852,0.011095239595203888,0.013953048077349794,0.0030883177687044804,-0.007768114745188981,-0.037556674370647254,-0.0002705689908722989,0.001334651421559999,-0.0050477322251097695,nan,nan,nan,nan,0.0,0.0,0.0,0.0,0.0,0.0,0.0,0.0,0.0,0.0,nan,0,0.002784971698987852,0.011095239595203888,0.013953048077349794
0.45696730700000004,-0.029411998772482212,0.008112925777618045,-0.0031242300433940292,-0.012968788868216934,0.01661189248329139,-0.02014030195570776,-0.0030075569088662524,0.00029944266635571667,0.0032170778584134,nan,nan,nan,nan,0.0,0.0,0.0,0.0,0.0,0.0,0.0,0.0,0.0,0.0,nan,0,-0.029411998772482212,0.008112925777618045,-0.0031242300433940292
0.471119169,0.0032841134968739708,0.005039823828645646,-0.012361717875231465,-0.011601053754342207,0.013145414441409623,0.04170527748191208,-0.0006746343467934771,0.0015606445597139732,-0.003741970051602294,nan,nan,nan,nan,0.0,0.0,0.0,0.0,0.0,0.0,0.0,0.0,0.0,0.0,nan,0,0.0032841134968739708,0.005039823828645646,-0.012361717875231465
0.485449599,0.0017820904067174462,0.012666367435769495,0.026739118892718565,0.04380913404339975,0.01352515773443968,0.06679000069970663,0.001882288241373595,-0.0003165039461763746,-7.50913375631407e-05,nan,nan,nan,nan,0.0,0.0,0.0,0.0,0.0,0.0,0.0,0.0,0.0,0.0,nan,0,0.0017820904067174462,0.012666367435769495,0.026739118892718565
0.49980603900000004,0.006158660572617886,-0.0018997892736001927,0.013630146896908639,0.04369587034307774,-0.028806176092993775,-0.006352649152490558,-0.00022890651620779208,-0.0035051266684796916,-0.002250856348552156,nan,nan,nan,nan,0.0,0.0,0.0,0.0,0.0,0.0,0.0,0.0,0.0,0.0,nan,0,0.006158660572617886,-0.0018997892736001927,0.013630146896908639
0.513887505,-0.006636701335336087,0.00702290902152114,0.005965351718812079,0.013898081625280811,0.021695295821212483,0.028229298339610756,0.0001453233129817795,0.0022683009295332013,-0.000408336318904989,nan,nan,nan,nan,0.0,0.0,0.0,0.0,0.0,0.0,0.0,0.0,0.0,0.0,nan,0,-0.006636701335336087,0.00702290902152114,0.005965351718812079
0.5282475640000001,-0.006998986198108157,-0.008533027880621333,0.0011590674325503085,0.015261660837097239,-0.008095414818440012,0.029261866009365495,-0.0005637377762351664,0.004778348154679954,0.003110887812044011,nan,nan,nan,nan,0.0,0.0,0.0,0.0,0.0,0.0,0.0,0.0,0.0,0.0,nan,0,-0.006998986198108157,-0.008533027880621333,0.0011590674325503085
0.542666289,-0.004310507448533488,-0.00395599818748193,-0.01574007775854294,-0.018501611271615027,0.023283952279116848,-0.025067585930009732,0.0019874917169162435,-0.00160432238220005,-0.007485543330927062,nan,nan,nan,nan,0.0,0.0,0.0,0.0,0.0,0.0,0.0,0.0,0.0,0.0,nan,0,-0.004310507448533488,-0.00395599818748193,-0.01574007775854294
0.557004296,-0.0018817094176157424,-0.00884322799453594,0.002164214396235004,0.05300518525357627,-0.015257418067176667,-0.001459269075296852,0.0003906793836694492,0.0004386570427431222,0.004012894990757102,nan,nan,nan,nan,0.0,0.0,0.0,0.0,0.0,0.0,0.0,0.0,0.0,0.0,nan,0,-0.0018817094176157424,-0.00884322799453594,0.002164214396235004
0.571171004,0.009316800306567582,0.0020613976837899413,-0.01727680134757464,0.0018061221062445224,-0.02503866443785493,0.01631601554649204,-0.0029308427230868746,-0.0018167101787933,-0.0061460124225230905,nan,nan,nan,nan,0.0,0.0,0.0,0.0,0.0,0.0,0.0,0.0,0.0,0.0,nan,0,0.009316800306567582,0.0020613976837899413,-0.01727680134757464
0.5854223120000001,0.012425791477944327,-0.0020004377981196943,0.016437695571961966,-0.01422430253490252,-0.013228939530063688,0.023870534858774023,0.0028653270604708553,-0.00011570259876746326,-0.006569419010468257,nan,nan,nan,nan,0.0,0.0,0.0,0.0,0.0,0.0,0.0,0.0,0.0,0.0,nan,0,0.012425791477944327,-0.0020004377981196943,0.016437695571961966
0.59984811,-0.013445278906177175,-0.014893634681572301,0.016669866189364984,0.020281016206498078,-0.009843118870027813,-0.01861820174395426,0.002413417595101805,-0.002357910240730841,-0.0003753665946852958,nan,nan,nan,nan,0.0,0.0,0.0,0.0,0.0,0.0,0.0,0.0,0.0,0.0,nan,0,-0.013445278906177175,-0.014893634681572301,0.016669866189364984
0.6139679570000001,-0.002939730324644867,-0.013207772887767852,0.00296260637777888,-0.009284817736986662,-0.0028770133453686272,-0.017523089981929838,-0.0006266579130405796,0.002654274371605373,0.004793925553166831,nan,nan,nan,nan,0.0,0.0,0.0,0.0,0.0,0.0,0.0,0.0,0.0,0.0,nan,0,-0.002939730324644867,-0.013207772887767852,0.00296260637777888
0.628295685,0.00024040357854423228,0.02263355956046886,0.02491913346427654,0.009254283949431301,0.001690261146142276,-0.010198213265414124,-0.00168612635989656,0.0029803020001558335,-0.0002512638840969373,nan,nan,nan,nan,0.0,0.0,0.0,0.0,0.0,0.0,0.0,0.0,0.0,0.0,nan,0,0.00024040357854423228,0.02263355956046886,0.02491913346427654
0.642688084,-0.005188374457233947,0.00282147680307173,-0.0025784143347338502,0.0018853271940149452,-0.045858718961929765,-0.010495952935795106,-0.0014442332416207918,-0.000329618345081347,-0.0072658075158104326,nan,nan,nan,nan,0.0,0.0,0.0,0.0,0.0,0.0,0.0,0.0,0.0,0.0,nan,0,-0.005188374457233947,0.00282147680307173,-0.0025784143347338502
0.657407147,-0.00795084597913047,0.017741554302434678,-0.010780354997888316,-0.009711377855814772,0.011190923176840782,0.07276458883297202,0.0003798739730160546,-0.001523693134853247,-0.0004933090944289098,nan,nan,nan,nan,0.0,0.0,0.0,0.0,0.0,0.0,0.0,0.0,0.0,0.0,nan,0,-0.00795084597913047,0.017741554302434678,-0.010780354997888316
0.671264323,-0.0005127314705507245,-0.0037608647620772516,-0.01619032178635969,0.0018160376148201659,0.014970172011743369,-0.03485636786254732,-0.0004912762910030724,-0.0026438923338349437,-0.004184926352489196,nan,nan,nan,nan,0.0,0.0,0.0,0.0,0.0,0.0,0.0,0.0,0.0,0.0,nan,0,-0.0005127314705507245,-0.0037608647620772516,-0.01619032178635969
0.6856016920000001,0.0068310714330234446,-0.000607591651352602,0.007482477187083455,0.0035237581741117533,-0.014639774796713285,0.039240366489433826,0.002244096262342406,-0.0011791394110262728,-0.0007108196474512121,nan,nan,nan,nan,0.0,0.0,0.0,0.0,0.0,0.0,0.0,0.0,0.0,0.0,nan,0,0.0068310714330234446,-0.000607591651352602,0.007482477187083455
0.7003854730000001,0.015294741025692985,0.014862899230541212,0.009522581539040216,-0.010248260475596963,0.04693634623057494,0.010017555714664722,0.0016287897517795566,-0.000762093283931269,0.0048955042675235694,nan,nan,nan,nan,0.0,0.0,0.0,0.0,0.0,0.0,0.0,0.0,0.0,0.0,nan,0,0.015294741025692985,0.014862899230541212,0.009522581539040216
0.714299138,0.0018283338791755925,0.007898176944950349,-0.00907600704706833,-0.007982846078374541,0.06497325953999859,-0.024478665084156425,-0.00255212435838827,0.0024639267732124138,-0.002620306890997693,nan,nan,nan,nan,0.0,0.0,0.0,0.0,0.0,0.0,0.0,0.0,0.0,0.0,nan,0,0.0018283338791755925,0.007898176944950349,-0.00907600704706833
0.7284086750000001,0.0028882995648157107,-0.0026438114912848798,-0.004021935801801767,-0.0043086213225945295,-0.0062094344032454585,-0.05569883747504205,-0.003998343111564504,0.0031379096320265716,-0.0028410719323529025,nan,nan,nan,nan,0.0,0.0,0.0,0.0,0.0,0.0,0.0,0.0,0.0,0.0,nan,0,0.0028882995648157107,-0.0026438114912848798,-0.004021935801801767
0.7426620260000001,0.00262470281738623,0.0010399403326711483,-0.02193045905406306,-0.014813930545551083,0.021827326668593633,-0.08374069020686646,-0.0008906374288669317,-0.0017741121068917923,-0.00091388423080239,nan,nan,nan,nan,0.0,0.0,0.0,0.0,0.0,0.0,0.0,0.0,0.0,0.0,nan,0,0.00262470281738623,0.0010399403326711483,-0.02193045905406306
0.7571951640000001,0.01955294859045933,-0.010134973204237199,0.00900609468012217,0.0014591231463930415,0.003531472734337347,-0.004560339001712528,-0.0010663058494199587,0.0010110553154427098,-0.001219152383398375,nan,nan,nan,nan,0.0,0.0,0.0,0.0,0.0,0.0,0.0,0.0,0.0,0.0,nan,0,0.01955294859045933,-0.010134973204237199,0.00900609468012217
0.77147169,0.00868614313077065,0.0013158760086808882,0.002919386511175028,-0.00898912921460149,0.02772197517187319,-0.026988833526897748,0.00084761437779556,-2.621899674463474e-05,-0.005512781882585205,nan,nan,nan,nan,0.0,0.0,0.0,0.0,0.0,0.0,0.0,0.0,0.0,0.0,nan,0,0.00868614313077065,0.0013158760086808882,0.002919386511175028
0.785632526,0.020678789039197648,-0.016584625520580324,0.008628901479023222,0.00023737357159585854,0.050274256291448875,0.002289532101956054,-0.0012927857564791294,-0.004581289796521176,0.0032961684643918092,nan,nan,nan,nan,0.0,0.0,0.0,0.0,0.0,0.0,0.0,0.0,0.0,0.0,nan,0,0.020678789039197648,-0.016584625520580324,0.008628901479023222
0.799832069,0.007577365836325258,0.00010862580355834729,0.003115010836725813,-0.026402705731560044,-0.008781911483523445,0.023795034387195893,0.004375157700076002,0.00013634040716986156,-0.00836597230161762,nan,nan,nan,nan,0.0,0.0,0.0,0.0,0.0,0.0,0.0,0.0,0.0,0.0,nan,0,0.007577365836325258,0.00010862580355834729,0.003115010836725813
0.814155042,-0.009124704990536869,-0.01146095123437356,-0.003818474142482086,0.011508436483949057,0.01801527320644469,-0.029084245509749255,-0.002390049835963997,0.0006916174636792753,0.0025190028289797045,nan,nan,nan,nan,0.0,0.0,0.0,0.0,0.0,0.0,0.0,0.0,0.0,0.0,nan,0,-0.009124704990536869,-0.01146095123437356,-0.003818474142482086
0.828739085,-0.002218058042281986,-0.014452740625254965,-0.020254048329287472,0.007105488411445821,-0.022525650576401213,-0.01583471422476412,-0.0001153406848047321,0.0027673155654598662,0.006446694728400239,nan,nan,nan,nan,0.0,0.0,0.0,0.0,0.0,0.0,0.0,0.0,0.0,0.0,nan,0,-0.002218058042281986,-0.014452740625254965,-0.020254048329287472
0.8430046440000001,-0.004447445395715137,-0.017327662409372616,0.016640544076094034,-0.025371701046702073,-0.027643031951967902,0.022309914748094916,0.00129488405896191,-0.0006720841292326674,-0.0022908494556860967,nan,nan,nan,nan,0.0,0.0,0.0,0.0,0.0,0.0,0.0,0.0,0.0,0.0,nan,0,-0.004447445395715137,-0.017327662409372616,0.016640544076094034
0.857156994,0.0034996609492130076,0.0067429210605740465,0.009027757573339543,-0.00810544746979572,-0.022995792257047388,-0.018785480629096324,0.0011573009334120972,0.00043831445563935543,-0.0006807620050055591,nan,nan,nan,nan,0.0,0.0,0.0,0.0,0.0,0.0,0.0,0.0,0.0,0.0,nan,0,0.0034996609492130076,0.0067429210605740465,0.009027757573339543
0.871290395,0.0006160409937969015,0.0011139291884183214,-0.0005570471406440993,-0.005349040116978949,-0.006370916728592644,0.004446372983217492,0.0014362014551636184,0.00018898750272175807,0.0022334747599546613,nan,nan,nan,nan,0.0,0.0,0.0,0.0,0.0,0.0,0.0,0.0,0.0,0.0,nan,0,0.0006160409937969015,0.0011139291884183214,-0.0005570471406440993
0.885564498,-9.484881922553827e-05,0.006513710747372111,-0.006888906745008085,-0.006083286769354309,0.03295097000878306,0.021254594516666035,0.000665963467093713,-0.003611868761658119,0.002690170643663866,nan,nan,nan,nan,0.0,0.0,0.0,0.0,0.0,0.0,0.0,0.0,0.0,0.0,nan,0,-9.484881922553827e-05,0.006513710747372111,-0.006888906745008085
0.9000301770000001,-0.004399750299856436,-0.006875109843922797,0.009624646856335045,-0.00558128318950792,-0.02213112851952791,-0.025391555085544727,-0.0008309493740956903,-0.003149357867205637,-0.006003538492122699,nan,nan,nan,nan,0.0,0.0,0.0,0.0,0.0,0.0,0.0,0.0,0.0,0.0,nan,0,-0.004399750299856436,-0.006875109843922797,0.009624646856335045
0.914067464,0.01748623432520113,0.025616977620410895,0.0075390466761366525,0.015335835653295197,-0.012802333553861681,-0.018075587699801495,0.0012328261485053536,-0.001804158887282718,-0.0011944579674882066,nan,nan,nan,nan,0.0,0.0,0.0,0.0,0.0,0.0,0.0,0.0,0.0,0.0,nan,0,0.01748623432520113,0.025616977620410895,0.0075390466761366525
0.928699837,-0.00568507802321797,-0.0029768483578798965,0.0009889598598155885,-0.01734019514385844,-0.005477989808359033,0.008454261071502333,-0.0009181455664916493,-0.004233143161705428,0.0016237479757647052,nan,nan,nan,nan,0.0,0.0,0.0,0.0,0.0,0.0,0.0,0.0,0.0,0.0,nan,0,-0.00568507802321797,-0.0029768483578798965,0.0009889598598155885
0.9429696820000001,0.00418016305598365,0.0015069877500238239,-0.018610293176847648,-0.011993661422355417,-0.015554857398573632,-0.01642629295928499,0.001755729175584578,0.0009781238072322969,-0.00525079877394293,nan,nan,nan,nan,0.0,0.0,0.0,0.0,0.0,0.0,0.0,0.0,0.0,0.0,nan,0,0.00418016305598365,0.0015069877500238239,-0.018610293176847648
0.957230439,0.0068619615121516325,-0.0071051158167523614,0.0017696929015872272,0.032702993758144,-0.033228156623745495,-0.03780888084288458,0.002394170875988262,-1.8817474556968344e-05,-0.0017209509247176698,nan,nan,nan,nan,0.0,0.0,0.0,0.0,0.0,0.0,0.0,0.0,0.0,0.0,nan,0,0.0068619615121516325,-0.0071051158167523614,0.0017696929015872272
0.9712542500000001,0.006852575875250604,0.0014399737484694078,0.004031110813179824,-0.008382532328259695,0.04203023985115271,-0.011965331209483239,-0.00047815470643998225,0.00034377878685597414,-0.0017879829752119735,nan,nan,nan,nan,0.0,0.0,0.0,0.0,0.0,0.0,0.0,0.0,0.0,0.0,nan,0,0.006852575875250604,0.0014399737484694078,0.004031110813179824
0.9855657790000001,0.009664308638555176,0.0022702059627634323,-0.020017994979167363,0.006475667294501705,-0.04262760513804237,0.025757075359149405,0.003868640439880869,-0.002138261109688785,-0.0034310464021880035,nan,nan,nan,nan,0.0,0.0,0.0,0.0,0.0,0.0,0.0,0.0,0.0,0.0,nan,0,0.009664308638555176,0.0022702059627634323,-0.020017994979167363
0.99996675,0.004509269372180739,0.008283959670686394,-0.029160029247413326,-0.017963565540660736,-0.051682082841322766,0.07206100360781634,0.0009079936525513053,0.001628918328488793,0.007757453022353824,nan,nan,nan,nan,0.0,0.0,0.0,0.0,0.0,0.0,0.0,0.0,0.0,0.0,nan,0,0.004509269372180739,0.008283959670686394,-0.029160029247413326
1.01404958,-0.013212267232961069,0.0012119696525782107,-0.0010694202463239955,0.011857819493959164,-0.0019297514454481178,0.0196319047938316,-0.0014371193556217067,-0.0005704886305074414,0.0005924090907340896,nan,nan,nan,nan,0.0,0.0,0.0,0.0,0.0,0.0,0.0,0.0,0.0,0.0,nan,0,-0.013212267232961069,0.0012119696525782107,-0.0010694202463239955
1.028586189,-0.030216567700039776,-0.015058985389732176,-0.030765652845355745,-0.04057569142488841,-0.013977805678494815,-0.012615641694745,-7.073388987296097e-05,-0.0017346237755051465,4.499817458786539e-05,nan,nan,nan,nan,0.0,0.0,0.0,0.0,0.0,0.0,0.0,0.0,0.0,0.0,nan,0,-0.030216567700039776,-0.015058985389732176,-0.030765652845355745
1.0428558540000001,-0.001767344107854851,-0.01025669364434564,-0.014345004912962998,-0.014321445481499665,0.0026250685791733585,-0.022020819743281173,-0.0007403625784066516,0.0016444509814207673,-0.0016171360592324559,nan,nan,nan,nan,0.0,0.0,0.0,0.0,0.0,0.0,0.0,0.0,0.0,0.0,nan,0,-0.001767344107854851,-0.01025669364434564,-0.014345004912962998
1.057327795,0.004225282555940008,-0.0033594518680114998,0.02244887914529921,0.027226279034159678,-0.004155468704404553,-0.006844705150025282,-0.003330722956706077,0.0023346670201572395,-0.000769237165519244,nan,nan,nan,nan,0.0,0.0,0.0,0.0,0.0,0.0,0.0,0.0,0.0,0.0,nan,0,0.004225282555940008,-0.0033594518680114998,0.02244887914529921
1.071557663,-0.006978809288157094,-0.0024366792708313016,0.020788924672397745,0.0006222566457160762,0.03078308273362753,0.03645814223434731,0.00018319016071736087,0.0004171005747492576,-0.0009440249720357943,nan,nan,nan,nan,0.0,0.0,0.0,0.0,0.0,0.0,0.0,0.0,0.0,0.0,nan,0,-0.006978809288157094,-0.0024366792708313016,0.020788924672397745
1.0856989780000001,0.018453755885923587,-0.005620679499249122,-0.010856491068074337,-0.008318683720744971,-0.0030822720106493014,-0.012809417842527744,-9.641726368858145e-06,-0.0006464563581528794,-0.003069842131382603,nan,nan,nan,nan,0.0,0.0,0.0,0.0,0.0,0.0,0.0,0.0,0.0,0.0,nan,0,0.018453755885923587,-0.005620679499249122,-0.010856491068074337
1.099950618,-0.007014884157666656,-0.008689979018053838,0.0014369120346761958,-0.0029426773855640493,-0.03223972917341896,-0.03511860182642254,-0.004813357700350769,-0.00033199578892902266,-0.0011077580489747276,nan,nan,nan,nan,0.0,0.0,0.0,0.0,0.0,0.0,0.0,0.0,0.0,0.0,nan,0,-0.007014884157666656,-0.008689979018053838,0.0014369120346761958
1.11415777,-0.0023430579576344973,-0.0015639228895544383,0.009482535937514717,-0.010679788772312024,-0.02361458995654049,-0.0697359152707564,-0.003059708817349671,0.0010681852149260504,-0.003274724047439988,nan,nan,nan,nan,0.0,0.0,0.0,0.0,0.0,0.0,0.0,0.0,0.0,0.0,nan,0,-0.0023430579576344973,-0.0015639228895544383,0.009482535937514717
1.128657335,0.005751717310342018,-0.0038728827026887464,0.00613718294770203,-0.016268811036381434,0.005700664977216071,-0.007705617108179462,-6.128486265963465e-05,0.0014090875023739914,0.006048532774896716,nan,nan,nan,nan,0.0,0.0,0.0,0.0,0.0,0.0,0.0,0.0,0.0,0.0,nan,0,0.005751717310342018,-0.0038728827026887464,0.00613718294770203
1.142810353,0.003287390024389977,-0.004566690334376786,-0.010870060011089366,0.0031153801368734905,0.01834458949538861,-0.013606505528681324,-0.0011208631128403926,-0.0007708912740159922,-0.005508564489338341,nan,nan,nan,nan,0.0,0.0,0.0,0.0,0.0,0.0,0.0,0.0,0.0,0.0,nan,0,0.003287390024389977,-0.004566690334376786,-0.010870060011089366
1.157329057,0.004032247612203264,0.0012144193290367174,-0.014004409935380584,-0.011847426295109239,-0.022738077898156125,-0.06537061980952903,0.0028464741113585,0.0029578927407294497,0.003149285661529769,nan,nan,nan,nan,0.0,0.0,0.0,0.0,0.0,0.0,0.0,0.0,0.0,0.0,nan,0,0.004032247612203264,0.0012144193290367174,-0.014004409935380584
1.17148975,-0.004294739264413465,-0.0015992436494205115,-0.009213980539501837,0.018189737724350383,0.006221630322697905,-0.07462751607835673,-0.0008366231343598817,-0.0029449730253398513,0.00413111082567723,nan,nan,nan,nan,0.0,0.0,0.0,0.0,0.0,0.0,0.0,0.0,0.0,0.0,nan,0,-0.004294739264413465,-0.0015992436494205115,-0.009213980539501837
1.185603288,0.01980339947484731,0.006651802211396617,-0.045242368484191574,0.007001233467944895,-0.002536024732593378,0.0037061094678298,-0.002008181425949875,0.00032961470949357505,0.0016829487193871387,0.0,0.0,1.5,1.5453835764825683,5405.230005597085,5406.876563652322,5402.039492405035,5406.1913615946205,0.0,0.0,0.0,0.0,0.0,0.0,nan,0,0.019803399479964064,0.006651802219314143,-0.045242368484191574
1.1999985770000001,-0.004274910934044525,0.004113773436724021,-0.006024390098195135,0.010336036708093157,0.014675262477076201,0.06895422048856306,-0.001097430998211883,-0.00029303122625765505,-0.0018951777825523466,0.0,0.0,1.5,1.5060360757850468,8686.784718889563,8684.421500135657,8677.307935868259,8685.149281697284,0.0,0.0,0.0,0.0,0.0,0.0,nan,0,-0.004274910559331354,0.0041137739871027834,-0.006024390098195135
1.214156102,0.024620802967228073,-0.005875480793836441,-0.016967953556051595,-0.026240199333939614,0.007502309398301188,-0.005891053251739004,0.0014032258358287017,-0.001694183568330155,0.0016799622958922082,0.0,0.0,1.5,1.5171791184067045,10678.176917235149,10674.322778777741,10665.576703253515,10669.19412299227,0.0,0.0,0.0,0.0,0.0,0.0,nan,0,0.02462080858129708,-0.005875473736917283,-0.016967953556051595
1.2286001210000002,-0.01311033626885268,-0.0036247088031497125,0.0006449805764800247,0.014128453097983138,0.005420239713402413,0.006020900224270551,-0.0006505861719743219,-0.0018060679193164825,-0.0029134305514405476,0.0,0.0,1.5,1.4994167178278004,11879.759612065975,11881.389535432458,11875.635332309497,11874.58984230978,0.0,0.0,0.0,0.0,0.0,0.0,nan,0,-0.013110303251052948,-0.0036246646923318087,0.00048292970128450545
1.242797498,-0.014841990813488814,-0.009912557959675918,0.0012920785530641703,0.01215862853743301,-0.004131541767591221,0.10259027339363125,0.0039410247257833965,-0.0008577961487896294,0.0005509968800139494,0.0,0.0,1.5,1.4988141903866559,12611.72521212451,12611.286575727421,12608.616033013035,12605.76527397649,0.0,0.0,0.0,0.0,0.0,0.0,nan,0,-0.014841878542597765,-0.009912387212817219,0.00039821590013573856
1.2572330900000002,-0.007597198875345063,-0.00897482612371419,0.024992273926465202,0.006000459448652805,0.026197414025853665,0.10618595086678732,-0.00023623975648412766,-0.0003568468809078662,-0.001523800311803921,0.0,0.0,1.5,1.475054594552799,13051.001282181578,13051.8415197064,13056.344122581419,13052.785749737546,0.0,0.0,0.0,0.0,0.0,0.0,nan,0,-0.0075969250921555575,-0.008974348638511773,0.02250243715430941
1.271449995,-0.011854116604243584,-0.0035604092276965943,-0.014910705338358646,0.005462165117061632,-0.012380642958992369,0.16079001059495118,0.0001265439632835659,-0.0017298377757732663,0.001266548351908341,0.0,0.0,1.5,1.5149612674068926,13323.35482030639,13322.588826646888,13323.061504827305,13319.434561817758,0.0,0.0,0.0,0.0,0.0,0.0,nan,0,-0.011853574516351491,-0.0035593378237605837,-0.020046422354827297
1.285792595,-0.004612857471591779,0.009419435283368843,0.005920268396175831,-0.012996130038350437,-0.009012638424444617,0.2757422508646003,0.0007844522774293666,-0.0031089154757954194,-0.0009205683474033544,0.0,0.0,1.5,1.4941165445186886,13484.37199212011,13485.119423012393,13488.416616941908,13483.425756466619,0.0,0.0,0.0,0.0,0.0,0.0,nan,0,-0.004611925012701256,0.009421496525225058,-0.003026296680561213
1.300203674,-0.00599356608992703,-0.004411193732273481,0.026140505800648292,0.009582475380581755,0.00678102874252491,0.36825825723628264,0.0026220091538077506,0.0009355548525601727,0.0019157654286249715,0.0,0.0,1.5,1.4738782819847054,13568.192073966538,13574.373468874666,13579.696414180931,13567.652004396927,0.0,0.0,0.0,0.0,0.0,0.0,nan,0,-0.005992117578331978,-0.0044076338870338355,0.012150137571617073
1.314255243,-0.005190969173766732,0.009160994625450157,0.02952583397515683,-0.0068423196294495146,0.006674778092659294,0.4298168300567343,-0.002098638662927757,0.0011251804575277166,-0.0001795111501707064,0.0,0.0,1.5,1.4705118642601795,13557.046633528493,13560.68022673784,13567.435506691654,13560.614653044868,0.0,0.0,0.0,0.0,0.0,0.0,nan,0,-0.005188905102948285,0.009166665185476094,0.009228532441319996
1.328972464,-0.014071596869331581,0.0171537148711164,0.05143049194515144,-0.0166314053386811,-0.0041465624794951245,0.5188560982244833,-0.002464387221937512,-0.0011699463105111574,0.0005827878983301924,0.0,0.0,1.5,1.4487394104664229,13478.225440364593,13479.87378186797,13481.238955726949,13475.194825723243,0.0,0.0,0.0,0.0,0.0,0.0,nan,0,-0.014068887442685042,0.017162185900959605,0.02358774866459527
1.342987407,-0.011356556023440566,0.012275246600172474,0.04585434109311601,-0.006616575480348007,0.015348095303055703,0.608157315939557,0.0010889039523794281,0.0002923329100846327,-0.004435530570068565,0.0,0.0,1.5,1.4542418128913583,13362.7442325625,13369.816301712503,13365.734577079154,13356.684294379673,0.0,0.0,0.0,0.0,0.0,0.0,nan,0,-0.011353267442800552,0.012287268297242516,0.009271136475062738
1.3570770330000002,0.002690493160478196,0.014853303729859416,0.035158269387555466,-0.040493080278487775,0.030749089453061908,0.6666014396883218,0.002490251264142821,-0.0001846659623075057,0.0023615219334785016,0.0,0.0,1.5,1.464919504658464,13202.82747857035,13208.280802622065,13203.52058439149,13191.160728578203,0.0,0.0,0.0,0.0,0.0,0.0,nan,0,0.002694176964313697,0.014869688567133485,-0.011287665830383077
1.3715987060000001,0.0021158192940890306,-0.017581820487991496,0.060155670762439495,-0.0013796005484367569,-0.02944557339515572,0.7633881148113135,0.0009085039094547009,-0.0015970306651854587,-0.007433827707030495,0.0,0.0,1.5,1.439953224775207,13075.126552995145,13087.522837878198,13076.535234203167,13061.815883333333,0.0,0.0,0.0,0.0,0.0,0.0,nan,0,0.00211956286089572,-0.01756017109559856,0.002796878924491847
1.3856543890000002,-0.009678711087585761,0.006651393617940575,0.07844538266840215,-0.006503127848749234,0.032821704260592714,0.7882622627287255,-0.0022543818518456354,0.0035435282928365144,-0.0022509194171613555,0.0,0.0,1.5,1.4216031262423994,12878.403973374223,12882.883526181706,12897.565287727946,12882.762525611697,0.0,0.0,0.0,0.0,0.0,0.0,nan,0,-0.009675434468213156,0.006679332406175859,0.009201774652798839
1.4000670130000001,-0.014727776915018973,0.00988025056122108,0.09416749584374408,0.001489010558089079,0.01250674697923777,0.8579580132572487,0.0012109024384922016,0.0022749129057532845,0.0003127417186408512,0.0,0.0,1.5,1.4059443646553942,12745.100760765585,12741.230252541822,12748.177177983758,12738.787512855519,0.0,0.0,0.0,0.0,0.0,0.0,nan,0,-0.014725726575639038,0.009915630607767806,0.012148079669271492
1.414354442,-0.006730342762549184,-0.011769443481831291,0.12445750462033736,0.008689466548848297,-0.010389403038687675,0.9103630804033004,0.0012779204198067927,0.003095784520295466,-0.000607756692105773,0.0,0.0,1.5,1.3756093100545963,12577.687024385736,12573.417104457008,12571.439398954139,12569.695256250092,0.0,0.0,0.0,0.0,0.0,0.0,nan,0,-0.0067305316108077495,-0.01172537959689658,0.028848363342618588
1.428936852,-0.005456581510250593,0.01131197793298046,0.08349105275758842,0.003354085791680483,-0.013389256756082197,0.9802431960538397,0.002948206119232735,0.003295252041487987,0.0052284425055199035,0.0,0.0,1.5,1.4165646235679963,12421.073326895863,12410.247602737432,12414.172650360691,12422.466214614838,0.0,0.0,0.0,0.0,0.0,0.0,nan,0,-0.00546027034970899,0.011366054914112841,-0.026447355201148395
1.44308459,0.003426469627619176,-0.016649405381348046,0.12282015620457516,0.01803989342593075,-0.018402479189023012,0.9945005160575013,0.0005741517925528314,-0.0013148502210998214,0.0014042586141060434,0.0,0.0,1.5,1.3772847438166342,12277.344643315093,12268.723735819429,12276.453663331164,12293.392090195592,0.0,0.0,0.0,0.0,0.0,0.0,nan,0,0.0034178016123509285,-0.01658389519511768,-0.0021127618835717066
1.4572151580000001,-0.02210008763854898,-0.01376261740411932,0.1269461378557311,0.004546426206357231,-0.009819291509682129,1.0197521772931184,0.0016588431111423307,5.384261889489003e-05,0.0010731130908395068,0.0,0.0,1.5,1.3733006705964783,12155.000105590194,12144.619459279651,12159.171201116542,12179.654044877805,0.0,0.0,0.0,0.0,0.0,0.0,nan,0,-0.02211538849735347,-0.013684183604987339,-0.013587540517088464
1.4715641640000001,-0.0061180946693240555,-0.006390423929443163,0.1689317138406143,-0.04096499645829725,0.004532790561210552,1.0978279269762183,-0.0015276194815651966,0.003520914815938012,0.005807625873717603,0.0,0.0,1.5,1.3310976865052635,12035.954649842502,12034.942748707172,12053.293437121707,12064.04192571578,0.0,0.0,0.0,0.0,0.0,0.0,nan,0,-0.006141797937566149,-0.006297563484805334,0.012247746760871703
1.485701938,-0.010224359761687377,-0.006923650774408535,0.19767410137514121,0.007552204188928686,0.008132000090136288,1.0995827148658963,-0.0012218885688604199,-0.0030714833141365313,-0.004079318169010016,0.0,0.0,1.5,1.3023844366014314,11941.311209764082,11948.846957281232,11961.863625161792,11966.762479290097,0.0,0.0,0.0,0.0,0.0,0.0,nan,0,-0.010258306338608872,-0.006814923435051479,0.024342614384118194
1.5000416550000002,-0.011205477222942203,-0.006879111794425687,0.18829078201797406,0.00344877662869556,-0.014354762601781765,1.1445544956352647,0.0006694843752437298,-0.0005197635523784049,-0.000652070415620486,0.0,0.0,1.5,1.3117751169456953,11782.108482427146,11793.398867655022,11795.882849739939,11791.604214896075,0.0,0.0,0.0,0.0,0.0,0.0,nan,0,-0.011251551622392669,-0.006753222879756909,-0.0021132738054363553
1.514507897,0.006949579000105528,0.0024550091111213497,0.19802194418154784,-0.013725280335070521,-0.0007821426252303594,1.1662944062073322,0.00034950927393991195,0.0014592326586417607,-0.004718965638056748,0.0,0.0,1.5,1.301998917645791,11628.077818324255,11634.407503137512,11641.254861517407,11633.686971577234,0.0,0.0,0.0,0.0,0.0,0.0,nan,0,0.006889424561783763,0.002599182742515911,-0.009820121824522993
1.5287448380000002,0.0029403271780768328,-0.007790552337613099,0.21724860588187947,-0.0011136927284745915,-0.0017340421669060529,1.2348357098784515,0.0028586116041258527,-5.119405873837963e-06,0.005966484706158224,0.0,0.0,1.5,1.2827784209837727,11525.734506064204,11523.891209236011,11530.982476344534,11524.253853028205,0.0,0.0,0.0,0.0,0.0,0.0,nan,0,0.0028640446328839094,-0.007627143974975088,-0.00834548109319913
1.5431100800000002,-0.0031149084851661694,-0.0030671768675700913,0.2603536386310663,0.01286381559297088,-0.00862636046409349,1.265199803052046,0.0006834105188820075,0.0013983229899387998,0.00786346635370358,0.0,0.0,1.5,1.239654069280638,11398.188390037496,11395.874792940143,11403.684205259031,11403.754426295829,0.0,0.0,0.0,0.0,0.0,0.0,nan,0,-0.0032094789933960117,-0.002883761872496597,0.016739720401572372
1.557196395,0.013553896726485014,-0.009223621291560126,0.25392279258439215,-0.00570850064951108,0.0016469271725981906,1.1503442579041672,-0.0012077596013967498,0.002519698453541888,-0.004615334858139573,0.0,0.0,1.5,1.2461850545351931,11226.620371711284,11221.640786368253,11222.587472497886,11240.01503305015,0.0,0.0,0.0,0.0,0.0,0.0,nan,0,0.013438787661130786,-0.00901961680310883,-0.00791274346544657
1.571716874,-0.01904160835697325,0.013207829864773608,0.27672067308455156,0.015965831490450163,-0.02841364918734068,1.2533111109219148,-0.0010452807967849288,0.0005174337870251879,0.002722972261471556,0.0,0.0,1.5,1.2234988113101173,11212.78343696554,11198.394697250646,11197.138096678127,11217.215542702183,0.0,0.0,0.0,0.0,0.0,0.0,nan,0,-0.01917958595310806,0.013432809350815538,-0.003484579659212672
1.5857783140000001,-0.004286762739114317,-0.012927801718904317,0.32441639161498215,-0.009489194293933344,-0.005668776696759028,1.22634738070043,-0.0025393572048063714,-0.001767491853545619,0.0003601038706379922,0.0,0.0,1.5,1.1756625045886273,11107.187469172146,11097.3953575692,11097.565621774493,11116.54574352072,0.0,0.0,0.0,0.0,0.0,0.0,nan,0,-0.0044500089435349265,-0.012681663309972113,0.02571273424471754
1.600089451,-0.013330137255449034,0.009470354041946101,0.3404356720053755,0.01183030617691605,0.027877764069307896,1.2630679755595946,0.0004258067034885809,0.005817717983023615,0.0032762474625787938,0.0,0.0,1.5,1.159679615636385,11024.455568500238,11024.694125619026,11023.694275015045,11032.426482949213,0.0,0.0,0.0,0.0,0.0,0.0,nan,0,-0.013521057782968622,0.009737626637142182,0.023140803853399172
1.614298223,0.006103233437038133,0.012849900398879937,0.30775381579770916,0.008297943965139373,-0.0053175072600624065,1.183560725913676,-0.002529730185648971,0.0006914881114966576,-0.002219621435334046,0.0,0.0,1.5,1.1923310501465485,10935.691535996028,10922.052827941576,10900.232364593841,10921.136234417734,0.0,0.0,0.0,0.0,0.0,0.0,nan,0,0.0058822654186072776,0.013138070200755038,-0.028186383613029387
1.6287905630000001,-0.002142219677770889,-0.004937032157034495,0.4092481022717824,-0.009396244210046537,-0.008779537526215181,1.1976861502619107,-0.002925886020026484,0.004950488560874283,0.007807331244736039,0.0,0.0,1.5,1.0907651744483666,10956.770496067184,10937.826687735142,10911.972772614023,10933.601115144025,0.0,0.0,0.0,0.0,0.0,0.0,nan,0,-0.0023955546287597173,-0.0046283933765907895,0.05463768729938978
1.643006599,0.009719018992625379,0.0052059610871492915,0.3563570219881413,0.023967193810041188,0.011554469766772152,1.2326239309053488,0.0019707750188235466,-0.0002863992233806967,-0.0028664713288920527,0.0,0.0,1.5,1.1436961233285932,10868.66147267271,10859.249895108487,10837.875779576232,10860.18934428624,0.0,0.0,0.0,0.0,0.0,0.0,nan,0,0.009431076344775701,0.005534503913757118,-0.016942645734369988
1.6573919080000001,0.0019835974868104463,-0.020688071825811265,0.400856735793319,0.027454212248657506,-0.01751123037882887,1.281791947316133,-0.0018198346883063674,-0.003864697762057917,0.0031643004059280057,0.0,0.0,1.5,1.0993397319417584,10839.286788439938,10822.214131353407,10804.617664109737,10830.16867014584,0.0,0.0,0.0,0.0,0.0,0.0,nan,0,0.001658952566657628,-0.020340265094958645,0.008872618949546551
1.671621432,-0.0049341615827462725,0.005223912033188285,0.4062766299440842,-0.006123941044325118,0.012375001063936393,1.2536617795012273,-0.003880931905525399,0.0014703263865480977,-0.0013941946353001806,0.0,0.0,1.5,1.0937469750421827,10719.943212633903,10705.358940375825,10705.515327309591,10727.447581949229,0.0,0.0,0.0,0.0,0.0,0.0,nan,0,-0.005297412246189426,0.005590307494324228,-0.004361684744669636
1.6858091380000002,-0.010708459458328006,0.0034361023115603265,0.41734524379733484,0.008187392819863464,0.022960789716365327,1.2420407755110499,-0.0006343943713480177,0.0011575317595410757,0.0031926809268161597,0.0,0.0,1.5,1.082713165631285,10671.197641758134,10664.422742708119,10656.154369555812,10665.186975283865,0.0,0.0,0.0,0.0,0.0,0.0,nan,0,-0.011111974063739838,0.0038203960580299704,-0.011882299063346313
1.7002041330000002,-0.0015093785413042107,-0.012881397003873663,0.45443120298881745,0.019379030476766396,-0.0314162036821552,1.1912526773303143,-0.0008133915769648884,0.0007439229415395872,0.000509159775947363,0.0,0.0,1.5,1.0456492327237485,10651.18902658039,10648.187972482923,10626.45666542548,10633.407632284927,0.0,0.0,0.0,0.0,0.0,0.0,nan,0,-0.001954550922174327,-0.012479916654129475,0.006695198919321965
1.7144591720000002,0.0010220616489569913,0.0005072221570483848,0.45754327909594616,-0.013788681864827292,-0.021554539792948177,1.2976248412817613,-0.0001109313245038596,0.0009275172104217801,0.0028047954528717975,0.0,0.0,1.5,1.0424573453347448,10636.59958512272,10629.652696273006,10628.382733420282,10637.501246424074,0.0,0.0,0.0,0.0,0.0,0.0,nan,0,0.0005341132894435698,0.0009251814819753689,-0.008612776245783882
1.7289982750000001,0.0060039094314531805,-0.00889755877636331,0.4914025592113077,0.04257719949931448,-0.022223376710080782,1.217667333342768,0.00013109056081637925,0.0007362685933148305,-0.006252016961853238,0.0,0.0,1.5,1.0086545548631303,10510.816150533912,10518.809901295372,10529.699521452072,10526.88072001273,0.0,0.0,0.0,0.0,0.0,0.0,nan,0,0.005472357874100275,-0.008463785644249256,0.006934026164650553
1.7431467870000001,-0.010131057031744484,-0.01155695959905449,0.4984749872910102,-0.04044232217116338,0.004412816264814992,1.193813113804495,-0.0009118544735119909,-0.000570820129150429,0.0056647004821310885,0.0,0.0,1.5,1.0016429267525913,10480.249179452445,10468.301621629935,10494.632209184061,10500.826105519085,0.0,0.0,0.0,0.0,0.0,0.0,nan,0,-0.010706744139603899,-0.01110799966834835,-0.004165499907517856
1.7574843290000002,0.005496346341029148,-0.004083764698478068,0.5429382720603576,0.04058078490869665,-0.025844330063692952,1.2091410708409853,-0.0032269292172988125,0.004253682418348899,-0.0006463658374684359,0.0,0.0,1.5,0.9570862228890494,10470.308210212388,10501.421550103376,10513.931589964393,10487.594643242088,0.0,0.0,0.0,0.0,0.0,0.0,nan,0,0.004876267508156819,-0.0036202552230742485,0.022272546367350765
1.771728057,0.009107517706759072,-0.002921507710119099,0.525305611552061,-0.0020390700549812748,-0.024681377177526456,1.1476175554699808,0.0004430364641192928,-0.0009530778343989269,0.00138495684493058,0.0,0.0,1.5,0.9747413159182189,10441.129634114712,10447.341301307031,10461.228469957869,10457.894005605096,0.0,0.0,0.0,0.0,0.0,0.0,nan,0,0.008443041692740358,-0.0024441439142391854,-0.013236716695780748
1.785802544,-0.00865430791472855,-0.014155778279140848,0.558850447270917,0.008779809287269904,-0.03574227604254276,1.1876594461823269,-0.0036283225018725065,-0.0036840951778457053,0.001152860654129479,0.0,0.0,1.5,0.9412957896996693,10474.155380977718,10483.590220300412,10503.485682472321,10499.967412320193,0.0,0.0,0.0,0.0,0.0,0.0,nan,0,-0.009362990194488153,-0.013665349346386331,0.0025858681983393916
1.8003679540000002,-0.00307832834761911,0.0033560964394258024,0.5663444405380545,0.019574501442913388,0.03883617839619134,1.1062933307930387,2.494860739404914e-05,0.004029944377438757,0.004392591829263336,0.0,0.0,1.5,0.9336666660018044,10436.998425395424,10451.011088868921,10478.113348652814,10467.134279486907,0.0,0.0,0.0,0.0,0.0,0.0,nan,0,-0.0038308524868863993,0.003858658157218076,-0.007494533628336297
1.814389016,0.001384394039121869,-0.004773174600519891,0.5818840422680114,0.010296251057896513,-0.01602836849560669,1.1289004526901096,-0.004729350545373236,0.001082162905816093,-0.0006495121399420997,0.0,0.0,1.5,0.9181294089531984,10499.861410425536,10493.401859023317,10481.0139639452,10492.55516207014,0.0,0.0,0.0,0.0,0.0,0.0,nan,0,0.0005885455576304442,-0.004259608447175571,-0.009376898484994678
1.8289995650000002,0.008324308443485955,-0.0014692905440343447,0.6281743695921881,0.007872991560389515,0.019628676031839463,1.1561050136033315,0.0011382674702302364,0.0032349969949288355,-0.007289064609070503,0.0,0.0,1.5,0.8718666083534474,10497.784710327878,10484.967746737986,10468.123611447527,10483.245321219509,0.0,0.0,0.0,0.0,0.0,0.0,nan,0,0.007485802516016416,-0.0009460784309966292,0.01963650365093894
1.843128568,-0.020237604220058717,-0.004749992926275253,0.6209541733497014,0.016244079220092036,0.01462320953782907,1.1505259112221409,-0.004528614634984899,-0.0030424377676318364,-0.003254292403740692,0.0,0.0,1.5,0.8792915832695513,10412.682538633337,10388.172623405868,10371.309551456903,10385.031698569075,0.0,0.0,0.0,0.0,0.0,0.0,nan,0,-0.021117934651434658,-0.004218676337940317,-0.004697678332363564
1.8573129810000002,-0.00047513413268238385,-0.011267558248672975,0.6721695815966703,-0.026771256730045788,0.01225538084252875,1.0555590240174804,-0.0010244180542095316,0.001990877659601995,0.0019493926537343064,0.0,0.0,1.5,0.8279072322761549,10364.841294635646,10350.573864121323,10326.48687225293,10325.990837251335,0.0,0.0,0.0,0.0,0.0,0.0,nan,0,-0.0013962598390667358,-0.010729803649438008,0.02959598552478726
1.8716144780000001,0.0016194502862719466,0.014623480963121488,0.6594008930270058,-0.041640738151346876,-0.00037136396469545973,1.1441311323713317,-0.0004114077363074123,-0.002053420354951664,-0.0032550058604085687,0.0,0.0,1.5,0.8407278557645773,10365.400230553852,10376.600587464698,10353.878560039078,10337.692126264566,0.0,0.0,0.0,0.0,0.0,0.0,nan,0,0.0006587966058286903,0.015165926828258954,0.00010614331022007484
1.8858650600000002,-0.001917965596228743,0.016172151266578415,0.6821351102682347,0.02345055798461515,0.010962191588890358,1.085874897125692,0.0018597737110926337,-0.002018884857515183,0.0006687628845424839,0.0,0.0,1.5,0.8180270135665264,10306.540933902455,10341.130960443501,10323.435199229232,10280.384530603491,0.0,0.0,0.0,0.0,0.0,0.0,nan,0,-0.002916640548131048,0.016717520900722732,0.006319954462487676
1.9002989520000002,-9.820822555264212e-05,-0.0029277419206501457,0.7231745730938512,0.020823570225100622,0.018400374588737195,1.0366088146068115,1.296713617381664e-05,-0.0024949042200726472,-0.0010769892151101705,0.0,0.0,1.5,0.7768309502108742,10302.748309633176,10324.627738171437,10304.993414829465,10278.759105031404,0.0,0.0,0.0,0.0,0.0,0.0,nan,0,-0.0011332193343485278,-0.0023811665695618366,0.031054898757226335
1.914822221,0.0014104187531146428,0.008615080969218942,0.704458662119811,0.002232775997022109,0.03377990778814872,1.0315190197659225,-0.00015665408423644727,-0.0002670621713309244,-0.0020175939002302205,0.0,0.0,1.5,0.7955892339501374,10303.449053085624,10306.889477432725,10287.712260608596,10279.663632301883,0.0,0.0,0.0,0.0,0.0,0.0,nan,0,0.0003408771564904721,0.009161235769729744,-0.003744775939694911
1.9248733290000002,-0.013512016584263148,-0.0002363607162171061,0.7135994919323552,0.01456281498910516,0.00181904081162511,1.0734023354090616,-0.0015636365829566046,-0.00383314030190724,-0.0038408394152967,0.0,0.0,1.5,0.7865166174643811,10325.808507396463,10328.575627992757,10300.725090997868,10293.310634500976,0.0,0.0,0.0,0.0,0.0,0.0,nan,0,-0.014603529060972549,0.000308675584338874,-0.005204980967589257
1.9396704880000002,-0.007709933631566988,0.0056591811635565165,0.7341582751035546,0.010262635971782274,0.022750347435383577,1.026362134804935,-0.000809679080647761,0.0013389378876138367,0.009079328286935305,0.0,0.0,1.5,0.7659014407875258,10282.653107215325,10291.016090941488,10273.222814308025,10259.53889170493,0.0,0.0,0.0,0.0,0.0,0.0,nan,0,-0.008832773606557837,0.006201422088787432,-0.00036344525022236063
1.949665822,0.01647968330562286,-0.0032709569375004507,0.7262364204005741,0.02388155229681045,0.006609425364544064,1.0557538262964608,-0.0035712047140820623,0.0005531450294064461,0.0003164151219192386,0.0,0.0,1.5,0.7739459646743161,10276.56526616087,10285.62221685108,10265.256001930535,10257.427215425138,0.0,0.0,0.0,0.0,0.0,0.0,nan,0,0.015337066086741475,-0.00273122045674963,-0.01863603064670294
1.9600051360000001,0.009925500623720456,0.007336174592852622,0.7507623604211565,-0.00019456193310918676,0.0119825376673291,0.9917513732351474,-0.0011181879663503236,-0.0026200942484764286,0.0013950914230177031,0.0,0.0,1.5,0.7493392926985515,10277.595300211788,10277.028624999657,10253.963901440355,10261.409083521516,0.0,0.0,0.0,0.0,0.0,0.0,nan,0,0.008764006899786566,0.007872987020398806,-0.004358600817285674
1.974803389,0.013897422517437375,0.0052014620404723915,0.7968093896298246,-0.0020514419249444936,0.01634106309511697,0.9772029107193616,-0.0016848539980258306,-0.000774600418630738,-0.007547410643784823,0.0,0.0,1.5,0.703347160421343,10293.445957060936,10288.489386231973,10267.7480662591,10278.061631862203,0.0,0.0,0.0,0.0,0.0,0.0,nan,0,0.01270932642396477,0.00573330064360685,0.02650812473094133
1.9896848690000002,0.0006220681134284315,0.004960655545625323,0.8055212073388309,0.0175051698119959,-0.023816760565682903,0.9486765829280779,-0.0014258233202299603,0.0004188117178262491,-0.0012394481836642567,0.0,0.0,1.5,0.694496787989905,10281.605457736716,10270.430229912039,10254.60234036044,10257.60199395326,0.0,0.0,0.0,0.0,0.0,0.0,nan,0,-0.0005905259566989834,0.005487118011506958,0.02026818591458457
2.004756242,0.0013620984035920072,-0.018591785386133784,0.748621459153155,0.03172966026554989,-0.02878985397703639,1.0148786384245234,-0.004580692367731003,-0.0009701880147968346,0.00427910379930339,0.0,0.0,1.5,0.7516097534233035,10280.015301987429,10264.332887218517,10258.724270274104,10264.27253429524,0.0,0.0,0.0,0.0,0.0,0.0,nan,0,0.00012717665372327463,-0.01807072000453683,-0.051351623631189725
2.019681066,0.009491858866052388,-0.006507080425111836,0.8146996715823913,0.008858859973557174,-0.014339786937728922,0.9420530352346719,0.0002482956362262266,-0.001696287342961119,0.0040362832902125795,0.0,0.0,1.5,0.685396948935195,10276.116594824205,10253.646190666756,10270.613117501705,10289.949676473514,0.0,0.0,0.0,0.0,0.0,0.0,nan,0,0.00823687278543302,-0.0059910202903727785,0.0002359881011525511
2.034842906,-0.018875711263365003,-0.008707707271280821,0.8251403571777193,-0.0025506506086580773,0.01689344428669963,0.9154394081676522,0.0026622247843965693,-0.0041233692080409265,-0.009508468465522417,0.0,0.0,1.5,0.6751797198908129,10268.097181671494,10250.175080858531,10282.797597042909,10305.669093747365,0.0,0.0,0.0,0.0,0.0,0.0,nan,0,-0.02014836653808279,-0.00819586266174677,-0.0035857963056363795
2.049829099,-0.011777380940253317,0.007893244182305338,0.8483719443390912,-0.021433833129668036,-0.013486355837571067,0.930068377295928,0.0025315605960463242,0.0009006190613083637,0.0013762614019908785,0.0,0.0,1.5,0.6517822741759319,10279.434638565397,10283.466476169666,10316.08603835184,10301.731418513178,0.0,0.0,0.0,0.0,0.0,0.0,nan,0,-0.013065124491716103,0.008402002139744449,0.005607531479453476
2.0648154880000003,0.005387279626915046,-0.003060572586826702,0.8371032957009021,-0.0026393793870291195,0.013509985138431225,0.8936251535724119,-0.001624566621597968,-0.0025063976585460936,-0.00576913020099475,0.0,0.0,1.5,0.6629256598269095,10265.641181557512,10282.412076051434,10314.534249320717,10287.350093716253,0.0,0.0,0.0,0.0,0.0,0.0,nan,0,0.00408723273556812,-0.0025535053043230795,-0.01947858867559904
2.0797929920000002,0.010936249928446402,0.002919916011915431,0.880436855643629,-0.02928633620463479,0.03374623160571353,0.9485543730038482,0.0024780002606035216,0.0005693103441970614,0.006143924232092731,0.0,0.0,1.5,0.6196665371930031,10291.574931600066,10308.320640355625,10326.48204585224,10293.218502853939,0.0,0.0,0.0,0.0,0.0,0.0,nan,0,0.009626849337333822,0.0034268896674878226,0.010259235826966417
2.094682137,0.003815907482091818,0.0014671801060464668,0.8972717179266326,0.008741733632001163,0.035165081034681474,0.8783781704939012,-0.002091429894878757,0.0004876277720454797,-0.0031567015666350983,0.0,0.0,1.5,0.6027421470069005,10237.26905233474,10262.817187774752,10257.84818391447,10227.022316102382,0.0,0.0,0.0,0.0,0.0,0.0,nan,0,0.0025002131615001096,0.00197581343038385,0.013718446888645763
2.104767309,-0.01546260904090164,0.002601691004733955,0.8773800582503161,-0.008247213291685056,0.030813872937945772,0.8867664329232391,-0.0032006924719861717,-0.00236272348900642,0.0032250227989298616,0.0,0.0,1.5,0.6228173511863776,10244.351232846637,10255.403961448103,10237.341687676015,10217.75001046135,0.0,0.0,0.0,0.0,0.0,0.0,nan,0,-0.01678078821968183,0.0031124662497874845,-0.014958181729966546
2.1147105820000003,0.009117934427549138,0.00886220867402309,0.8959566357980174,0.00914766086095669,0.012598717589048897,0.8768823099893799,0.003458781500774191,0.0011106981205403071,-0.00246695279453191,0.0,0.0,1.5,0.6041771770823986,10250.02579416097,10269.610362392536,10236.771484758994,10214.932563974091,0.0,0.0,0.0,0.0,0.0,0.0,nan,0,0.007798640521375171,0.009376009495650473,-0.005059860043048925
2.1297126630000003,-0.0017332611043463088,0.01998181805518385,0.9393398376445237,0.039200220926383054,0.011916135265624217,0.8643589684042273,0.004793550568813429,0.0010187003481300363,-0.0017038281779667948,0.0,0.0,1.5,0.5610188008429979,10248.885175315296,10245.405977812432,10227.975225555407,10224.586845948628,0.0,0.0,0.0,0.0,0.0,0.0,nan,0,-0.0030516750335099286,0.020501951990096027,0.02550624199268492
2.144862122,-0.006093969146186511,0.008952045046190158,0.9069165551777825,0.0032931734306719386,0.018431443464575925,0.8310327611793605,0.0021884282622255313,-0.0021607672175098106,-0.002845327919548773,0.0,0.0,1.5,0.5931823059504153,10236.623944269353,10218.75187068952,10208.123877441923,10218.021240500999,0.0,0.0,0.0,0.0,0.0,0.0,nan,0,-0.007408484058458797,0.009480894687716233,-0.01948998088488041
2.1597420090000004,-0.0009272343834046954,0.0023906035350986076,0.9480814665075323,-0.04246816235333345,0.018596497177845898,0.812910521475204,0.0017405562624110626,-0.0059673726561621,-0.0007489315692273283,0.0,0.0,1.5,0.551924489727843,10263.009372255126,10249.639842984505,10242.12664257418,10247.580526984077,0.0,0.0,0.0,0.0,0.0,0.0,nan,0,-0.0022348599500685686,0.0029308490813618167,0.009347204849354918
2.1747964300000002,-0.006980226832958788,0.016749807716944308,0.9710492482302602,-0.01640781607187456,0.02609080116030629,0.8367555496457635,-0.0012830949034969242,-0.0051169809506863865,0.004455917513983373,0.0,0.0,1.5,0.529261917601264,10252.581395853622,10273.029878955791,10265.117467908609,10239.05124409409,0.0,0.0,0.0,0.0,0.0,0.0,nan,0,-0.00827795048929893,0.01730447268998086,0.0202211417520497
2.189750127,0.013096426053154694,-0.0023182491673110436,0.9533808753347014,0.009081651744846713,-0.002362654079874118,0.7548962441436186,0.0011612445014224108,-0.0015768500428927437,0.0014916097204130975,0.0,0.0,1.5,0.5467809050290845,10196.793037130834,10236.880040874326,10210.258188795184,10172.107240620046,0.0,0.0,0.0,0.0,0.0,0.0,nan,0,0.011811609563185005,-0.0017458000884237003,-0.009300008046142838
2.204974989,0.011074514439168105,0.008572803460527141,0.9792213026384822,0.0007255692533883461,0.03365111661509937,0.8040574876121678,0.002808596755552716,0.00012706759580284987,0.004827357363194282,0.0,0.0,1.5,0.5209669753974772,10239.324807563533,10264.476954059232,10251.19733891363,10230.648564757601,0.0,0.0,0.0,0.0,0.0,0.0,nan,0,0.009805538553711069,0.009166774345294722,0.004938617234149345
2.2197390290000003,0.00889401962436651,0.0031081015817558456,0.9698631121206155,-0.0033186261188490763,-0.02647078407032548,0.7180826810383888,0.004425788464715579,-0.0025449000079897613,0.0006277006914828291,0.0,0.0,1.5,0.5302205991575207,10225.070684839202,10236.7686106447,10212.707472176657,10214.730134500853,0.0,0.0,0.0,0.0,0.0,0.0,nan,0,0.0076436979769869216,0.003727788789231707,-0.015779807882474906
2.23497927,-0.008893427679438026,0.007508396581500803,0.9921750636130819,-0.009330031418522091,-0.012138098042889066,0.7559776998394806,0.001954281183138897,-0.002114909041985369,0.006477231258420923,0.0,0.0,1.5,0.5079583005439441,10271.546924130524,10277.818448878195,10279.223748909359,10285.684454045831,0.0,0.0,0.0,0.0,0.0,0.0,nan,0,-0.010122455018378128,0.0081584692957989,-0.004586580729596945
2.2449327020000003,0.019903289283816662,-0.00924225764085022,1.0143996757081242,-0.02525348842781197,-0.01121103195341024,0.686810788252879,0.0009179001250337659,-0.0019859890009426753,0.001273591919233381,0.0,0.0,1.5,0.4860959115267172,10261.934635594896,10275.618831088763,10285.755520566438,10287.092825729293,0.0,0.0,0.0,0.0,0.0,0.0,nan,0,0.018689846732292487,-0.00856906635157229,0.010350880313753308
2.2597467040000003,0.012217705182121652,-0.0026840472769915024,1.022770192107312,0.002618398933789335,0.019584868268476007,0.7855164158398553,0.002247300836651293,-0.0007256379486025952,0.0024058065437893394,0.0,0.0,1.5,0.4773937221738408,10299.253757815264,10314.507046060948,10342.541494606825,10336.272910574286,0.0,0.0,0.0,0.0,0.0,0.0,nan,0,0.011029593017709971,-0.001971506651879279,0.007970411822677326
2.2697427990000003,0.001196770060486306,0.01318737227599285,1.0302841924127484,-0.014591098878856904,-0.032287379052284175,0.7278502727949674,-0.00012168623211153221,0.002549797507760279,-0.002080386659106381,0.0,0.0,1.5,0.46990241427712126,10280.029153459365,10289.589608631843,10315.287152715126,10314.094605054172,0.0,0.0,0.0,0.0,0.0,0.0,nan,0,2.6764081000660257e-05,0.01392946188933469,0.008432194167640628
2.284824419,-0.004232482284823458,0.0034252130082598276,1.0311375299557983,-0.014546528256172725,0.02267250803057235,0.6677341117545593,0.0029032600019786156,-0.001308065456526238,0.0008038377034850371,0.0,0.0,1.5,0.4688940837826739,10245.05687635868,10246.809430675206,10278.820159923565,10280.290063925664,0.0,0.0,0.0,0.0,0.0,0.0,nan,0,-0.005373679105001269,0.00421683014337601,-0.0011051395849763779
2.2997211390000003,-0.0036711783130043054,-0.00512499797690307,1.0542041309879944,-0.02778636245026326,-0.017488239750887584,0.6614575993099037,0.0006826636529214908,-0.003920359484718337,0.0026979907065772515,0.0,0.0,1.5,0.445840442291453,10301.672128519023,10311.17335026131,10327.17302502893,10321.362170546448,0.0,0.0,0.0,0.0,0.0,0.0,nan,0,-0.004781781942195981,-0.004277320798220071,0.011791989147560189
2.309688979,-0.011086750592224928,0.011069949148794708,1.06706334154081,0.01186657606721065,0.002700148361170537,0.6755705939134186,-1.1418716313941813e-05,0.0036081342587805576,-0.0016665926185237185,0.0,0.0,1.5,0.43322004807102416,10311.611737332107,10330.631464942586,10347.883114917131,10334.045413318625,0.0,0.0,0.0,0.0,0.0,0.0,nan,0,-0.012176074701932597,0.011958783533951942,0.017986326464735303
2.319717314,-0.0037241713004246596,-0.004560200464412906,1.0474394267718092,0.07266312806487205,-0.008513948091365547,0.6542111415289251,0.004251221783692979,-0.0016040184416116926,-0.009838053807544853,0.0,0.0,1.5,0.4525988702159774,10307.372061384314,10322.85427423154,10340.934508071941,10328.887576516912,0.0,0.0,0.0,0.0,0.0,0.0,nan,0,-0.0047915937958874074,-0.0036270994299215788,-0.00821232245612924
2.329791916,0.0003280628147344799,-0.014071448880690783,1.0539170606907513,-0.008134045026122175,-0.01726195032631401,0.6337095541536492,0.004897898129285129,-0.0021399758762699274,0.0036807129541632246,0.0,0.0,1.5,0.4463049428827684,10324.756236948604,10310.321539168786,10334.559406886825,10342.796092539753,0.0,0.0,0.0,0.0,0.0,0.0,nan,0,-0.0007169195423880047,-0.013090922196108374,-0.008217798069729776
2.3447911400000003,-0.0018937620539094659,-0.017299221512655595,1.0684031546330282,0.03160863268731844,-0.03608574629165438,0.62992689900199,-0.00019955574511636547,0.003941577565438162,-0.004212646634777601,0.0,0.0,1.5,0.4319475504391506,10351.272183542635,10332.479320118391,10372.211815968349,10387.7958047876,0.0,0.0,0.0,0.0,0.0,0.0,nan,0,-0.002904251882797169,-0.016241512685458745,-0.003291107622768852
2.359706506,0.013342100105124443,0.01597668006270173,1.0640455851970816,0.0022054529693666834,0.01485208763922942,0.6445482030040841,0.004601339725692603,-0.0014435053633727987,-0.0010318557903176663,0.0,0.0,1.5,0.4364510484890558,10369.75075942024,10323.894446939705,10380.60774858539,10417.384722275776,0.0,0.0,0.0,0.0,0.0,0.0,nan,0,0.01236689167009758,0.0171189369898056,-0.017018740361641083
2.369684635,0.0026142036719359286,-0.016485020587144034,1.0894389014919945,0.04771861886204503,-0.0026976172818225365,0.6120624855712854,0.004519340000202431,-0.0004458989738264305,0.0047221089774563485,0.0,0.0,1.5,0.41090023798082315,10375.463548700862,10328.464306674738,10377.514694053545,10415.34014688572,0.0,0.0,0.0,0.0,0.0,0.0,nan,0,0.001662863617257804,-0.015282295402181963,0.0022309558520290373
2.38477933,0.017500998837590685,0.0040727558279344,1.0967939132686026,0.009201363530879655,-0.05022461128123018,0.5886341365040048,0.0034641489886588915,0.0004210570487664276,-0.0022856539412505704,0.0,0.0,1.5,0.40360626937350025,10382.865597935499,10333.166248424277,10366.681854146622,10416.20322430569,0.0,0.0,0.0,0.0,0.0,0.0,nan,0,0.016585910970236352,0.005372263401786956,0.0005251358183675503
2.3947884680000002,0.010283672974674266,0.0163209389921049,1.1027813645010076,-0.046732942639293645,-0.004748856249409797,0.6228886650093025,-0.0006185507631560293,-0.0022054846977807704,0.0037851855682139906,0.0,0.0,1.5,0.3976867754491158,10387.933928116747,10340.765928417351,10389.46533590186,10431.93106649983,0.0,0.0,0.0,0.0,0.0,0.0,nan,0,0.009393048855430929,0.017688950039847433,0.0005736695664930735
2.4096726850000003,0.005508394901278242,0.019895195630919477,1.093814777593252,0.024130837983124355,-0.002402449256853451,0.5133631939132661,0.0018656275230050435,-0.0004231404892891911,0.004694458126563311,0.0,0.0,1.5,0.40670947385719974,10347.0077712676,10352.518414731137,10368.621408522333,10367.143631068084,0.0,0.0,0.0,0.0,0.0,0.0,nan,0,0.00465496648234524,0.021371740863463082,-0.017146898154490886
2.419941644,-0.00937291743746752,-0.008658935719654015,1.12413204636914,0.0007992353021955825,0.018134836577390085,0.5685200986790733,5.9511177848931735e-05,-0.0002702051386130486,-0.0014158672795928438,0.0,0.0,1.5,0.3760844949153541,10384.242291688222,10396.070108518365,10398.527777199306,10393.936986030283,0.0,0.0,0.0,0.0,0.0,0.0,nan,0,-0.010201163293826062,-0.0071063254771338525,0.007439351380772452
2.434822424,0.02461851087896198,-0.004106805925266412,1.1206271108369446,0.01500605801705047,0.011469555401726237,0.51062397875842,4.011053128363653e-05,0.0032324514910057134,0.002073147538306771,0.0,0.0,1.5,0.38019301146224316,10420.209675997667,10426.634598558607,10416.046980432298,10413.521401918768,0.0,0.0,0.0,0.0,0.0,0.0,nan,0,0.02382870730067576,-0.0024347314506275495,-0.00452256606038226
2.449704728,0.011812698342116812,-0.0039779248853733015,1.1238037329578858,0.0054335979776290524,0.006222948303074074,0.5611739707715556,0.004418100686196814,-0.0018004851638354974,-0.0004400036520024126,0.0,0.0,1.5,0.37640270331778597,10486.825623229313,10474.480029450948,10452.45780243167,10475.575146857575,0.0,0.0,0.0,0.0,0.0,0.0,nan,0,0.011062235100854464,-0.002180225285532923,-0.009644364636158587
2.4598644320000003,0.0004176010358747762,0.013281415499315762,1.1307139876728565,0.01104211193601963,0.0031681930174882462,0.5338251592744468,0.002843470454386179,1.3354602201200586e-05,-0.007166390639828671,0.0,0.0,1.5,0.3695250049574099,10489.42666656568,10474.372351439619,10454.169519135889,10479.62211033278,0.0,0.0,0.0,0.0,0.0,0.0,nan,0,-0.00030607647285449163,0.015166151175472747,-0.008185998620382495
2.4697508270000004,-0.005339184611274051,0.015872400742083202,1.149889199896963,0.004956471006936944,0.0006094282837015921,0.5589601782778396,0.0020714045348274894,0.0034611714499684356,0.0023444415913981315,0.0,0.0,1.5,0.35051107307247703,10480.024405296224,10464.66620540847,10450.237338981196,10468.415261876098,0.0,0.0,0.0,0.0,0.0,0.0,nan,0,-0.00603557838943806,0.017846696729605243,0.005603005801099847
2.4849121480000003,0.0026475531355429536,-0.00810048117917942,1.1547080698599401,-0.008819653002516335,-0.008902806951463093,0.5750298540496255,0.002616242257043431,7.007313511512717e-05,0.002114526961127151,0.0,0.0,1.5,0.34539708214284,10447.380795087987,10435.638187562485,10416.983448881905,10433.065299875972,0.0,0.0,0.0,0.0,0.0,0.0,nan,0,0.0019931373588212174,-0.00598729112220962,0.002469208524589872
2.49971429,-0.0021862746871944214,-0.0033141327386346014,1.1770829152463504,-0.026589044702698003,0.006046917060016273,0.4971712666727092,0.002562310685846131,-0.0039731778717815545,-6.409569488180467e-06,0.0,0.0,1.5,0.32294149144792905,10375.918750353847,10382.398791220507,10378.706266451987,10378.309499503293,0.0,0.0,0.0,0.0,0.0,0.0,nan,0,-0.0027972704686145687,-0.0010568355522946526,0.017060500703452997
2.5146901280000002,0.0071309841981409975,-0.022627735809898995,1.1715767099585195,0.017815269838315148,0.013522301306362373,0.5007243364573633,-0.0006636446292742464,-0.002762977171801954,-0.00513626160184511,0.0,0.0,1.5,0.32927909560916124,10371.188956467846,10398.358340112485,10398.235167194105,10374.058900599255,0.0,0.0,0.0,0.0,0.0,0.0,nan,0,0.006565065040541432,-0.020221365027128884,0.003954093416505433
2.5247809610000003,-0.0001874170659192958,0.012231917608857976,1.1734766260979488,0.007629733012687276,-0.0070123235030564455,0.49513188929720114,0.0016229331484718154,-0.0003880318217896188,-0.0005989327046997636,0.0,0.0,1.5,0.3267524577381557,10394.557847160788,10409.655830931017,10408.543135667154,10391.878679411198,0.0,0.0,0.0,0.0,0.0,0.0,nan,0,-0.0007222604616997659,0.014740334733336411,0.000885879382393151
2.539877011,-0.022221995894381747,0.005425506651350719,1.1682520101431126,-0.011682742431820714,-0.02644143176000666,0.5214855294919196,0.0023362401698764487,0.0005547671138184242,0.001369025934907558,0.0,0.0,1.5,0.3325356853001482,10417.435947292755,10424.946738019422,10424.880309548607,10414.295244836569,0.0,0.0,0.0,0.0,0.0,0.0,nan,0,-0.02270856039353378,0.008090849630070675,-0.011649429222149621
2.5547278820000003,0.004395119079860612,0.017596967988026353,1.184682732843139,-0.02030876039665729,0.009949189530691715,0.46144743902966456,0.0018445958529925827,0.0008194369102420796,0.0006040219961915112,0.0,0.0,1.5,0.31583848613075793,10403.774705798949,10420.661233715568,10430.575091275181,10412.479445494773,0.0,0.0,0.0,0.0,0.0,0.0,nan,0,0.00395895725208541,0.020423690976485387,-0.0023638465270452436
2.564780094,0.017099122486694728,-0.018503058141905223,1.1880289286196126,0.0035797393940720126,0.03182330626474215,0.4277243155491999,0.0017385843339638295,-0.0006011056157507373,-0.0016722672072632875,0.0,0.0,1.5,0.3129867289976437,10433.221902563599,10452.888208995824,10451.484119707056,10430.610879802281,0.0,0.0,0.0,0.0,0.0,0.0,nan,0,0.016697800273294996,-0.01556637346015674,-0.0036906724185967743
2.5799128110000003,0.01799618807946353,-0.005185584948309364,1.1884014347220577,-0.00048488845592024264,-0.008077220058247602,0.44364323906463665,0.003184202001001807,-0.0010914560310379578,-0.0015157203824919467,0.0,0.0,1.5,0.31216088633895117,10500.466476232763,10505.37869772134,10496.489686551922,10486.805083391891,0.0,0.0,0.0,0.0,0.0,0.0,nan,0,0.0176490542387995,-0.0020805260574007496,-0.010205573033928772
2.594719741,0.01219961462539766,-0.016250880486676507,1.179818268927738,-0.02292436907310522,0.013242727286282912,0.4583183917167703,0.00030734218362308326,-0.0007286905097798448,0.00044360701771999376,0.0,0.0,1.5,0.32082590703687075,10521.73170622795,10519.283698817371,10519.236092932413,10515.91862719686,0.0,0.0,0.0,0.0,0.0,0.0,nan,0,0.011909043184698572,-0.01297347876863883,-0.025544570030045177
2.604716085,0.009937584676286549,-0.005084887509925534,1.213187983999168,-0.02267799935656049,-0.0075353955707924535,0.46580249985056005,0.0010969356593778239,0.00043906094145977045,0.0007672598246052493,0.0,0.0,1.5,0.28702916958498925,10521.991642207135,10526.060908858519,10522.845496277094,10514.241870196487,0.0,0.0,0.0,0.0,0.0,0.0,nan,0,0.009686062081162256,-0.0016904704903191463,0.003391412503254365
2.619720279,0.007578169138710498,-0.001520985020048403,1.2123710711867224,0.016740259694548523,-0.03309534731010563,0.42730015390015796,0.006420934515227304,-0.0039259831315244876,-0.0007856570362195457,0.0,0.0,1.5,0.28773276270386666,10473.543260336708,10485.923596270239,10487.372972438021,10473.29522109423,0.0,0.0,0.0,0.0,0.0,0.0,nan,0,0.007387244661289618,0.0020519977629568716,-0.0039649887849197984
2.629875884,-0.002403375094997475,0.008190468081904434,1.2234435058156914,0.018909594743816534,-0.014865375279420705,0.47208496422412255,0.0011039192783610077,-0.0035163382398101226,0.002475302924651401,0.0,0.0,1.5,0.27668818994449956,10465.727901300066,10476.463219882402,10490.114724880263,10477.706729514739,0.0,0.0,0.0,0.0,0.0,0.0,nan,0,-0.0025525532555522867,0.011884442589279686,0.0028271473004450876
2.644882152,-0.007525681262091388,-0.0021092098647099407,1.2238154499709313,0.001544961707622846,-0.031871456839622656,0.4334122524917116,-0.00023384367040868814,-0.0009862878202730485,0.0011289287152124055,0.0,0.0,1.5,0.2762951145414467,10442.329205974502,10445.288327261085,10461.340044536773,10458.86611783523,0.0,0.0,0.0,0.0,0.0,0.0,nan,0,-0.007610231964086307,0.0017690429689916605,-0.003101226827225023
2.659762111,0.00170973327171277,0.0065773735896841766,1.2277776783619947,0.03682879511886198,-0.007502088078047042,0.40154247628515727,0.00405763896842018,-0.0014649306557024298,0.0004246512586707852,0.0,0.0,1.5,0.2723071380430272,10443.666849372328,10451.305654232925,10472.890811562105,10469.271195003184,0.0,0.0,0.0,0.0,0.0,0.0,nan,0,0.0016921818025339428,0.010643054856494716,-0.0052885129989932445
2.669773744,-0.02169301633572856,0.0040304445067917485,1.239903043654134,-0.014258613997329297,-0.01424086783267336,0.42129551416582434,0.0002369687183344017,3.881164791852626e-05,0.009130176126637624,0.0,0.0,1.5,0.2610311440059362,10462.277283200667,10462.245492855765,10482.729737356525,10486.069635180727,0.0,0.0,0.0,0.0,0.0,0.0,nan,0,-0.021664603460422677,0.008222706261660497,0.0028195837672813084
2.6848433920000003,0.010235727682254753,-0.0049562842047505724,1.2437262639198223,-0.006203354544394072,0.016999677523547,0.40460017111958796,-0.0016314197872131593,-0.0030998823209777765,-0.0013509748557397109,0.0,0.0,1.5,0.25652594932832057,10464.297549453042,10473.75918283712,10482.793108537138,10484.570809826324,0.0,0.0,0.0,0.0,0.0,0.0,nan,0,0.01033500427145507,-0.000571924839563919,0.0007348069460142437
2.699874237,0.008243347662904691,0.009876356951133402,1.2533112068421048,0.004920722153241964,-0.025464703204755454,0.3934994790654239,-0.0011075260016165012,8.384772619807953e-05,-0.0038278555692808623,0.0,0.0,1.5,0.2470239985851911,10482.484562602558,10489.15201686619,10480.274011083155,10475.051568336496,0.0,0.0,0.0,0.0,0.0,0.0,nan,0,0.008415747357491817,0.014455181825857526,0.004553431056163015
2.714823947,-0.007453690934399,-0.013265072156511414,1.2398197300696394,-0.031654688427542606,-0.006029943176039996,0.3504147578860175,-0.0011954632104274757,-0.0007703527778398442,0.006539201175370674,0.0,0.0,1.5,0.2606248117676026,10491.946721348038,10488.053221412008,10482.910941742735,10479.591271802874,0.0,0.0,0.0,0.0,0.0,0.0,nan,0,-0.007205961523967672,-0.008489763206996924,-0.014564426209487058
2.724826041,0.011933240559922757,-0.009395441855242468,1.2380975107426557,-0.012123220859469435,0.003102757542580129,0.30926171275950437,0.0009265672454208735,0.0021512387680796344,0.006562407557872832,0.0,0.0,1.5,0.2623425059671222,10522.466038448649,10540.129426460353,10532.774832878638,10520.288766228912,0.0,0.0,0.0,0.0,0.0,0.0,nan,0,0.012232388355958006,-0.004488182218354628,-0.01996437680952523
2.73991191,0.010743457401697123,0.006392195191949157,1.2268010945572358,0.001928185629650175,-0.01380455497518526,0.3203175724020723,0.0005715954360134618,0.00011643049418763234,-0.00025790979695065154,0.0,0.0,1.5,0.27348477831762125,10609.263024163974,10624.761768078672,10611.5386775596,10612.160469695527,0.0,0.0,0.0,0.0,0.0,0.0,nan,0,0.011121493725940053,0.01149860606193908,-0.03668972772654211
2.754874445,0.012118427878052363,-0.0011622366939403796,1.2745775568692947,-0.0018937482273477843,-0.012739280938066143,0.3298065360102986,0.002866220923561587,0.0006634666542345702,0.0015888692822847547,0.0,0.0,1.5,0.22575093566890114,10664.860781948059,10671.680431844778,10662.363431604179,10669.204478991873,0.0,0.0,0.0,0.0,0.0,0.0,nan,0,0.012577397205245122,0.004144539045368042,0.005737889030317023
2.769815309,-0.009740444152108292,-0.008869053320819215,1.2884672762372376,-0.01834695143989583,-0.022037423433917375,0.361755813368068,-0.0019091382641186721,0.0008447667971731032,-0.0019206921449337081,0.0,0.0,1.5,0.21194251480432386,10637.244391557882,10636.419904646036,10637.101642148767,10646.630259874972,0.0,0.0,0.0,0.0,0.0,0.0,nan,0,-0.00919860604101449,-0.003360994251862079,0.014350169333782414
2.7798938690000004,-0.003317581815016173,0.010382449968979766,1.2846041982781908,0.019568078307189603,0.013299425967174604,0.35007331584049606,-0.002226679198720615,0.002154639239762413,-0.0015202557556541544,0.0,0.0,1.5,0.21567140055148393,10604.542700798116,10605.081217474537,10610.781925761854,10615.426325255905,0.0,0.0,0.0,0.0,0.0,0.0,nan,0,-0.0027194833031983006,0.016025057795396674,0.007013476611990477
2.794741546,0.020776720589826193,0.0023626795821683096,1.2710024797161579,0.004254487459292859,0.013913765004902982,0.35980071337140984,0.0012999793188341311,-0.0017369188990781802,5.32388692714455e-05,0.0,0.0,1.5,0.2299502525970006,10577.689430919361,10567.66985537824,10559.436435019921,10569.93389564982,0.0,0.0,0.0,0.0,0.0,0.0,nan,0,0.021460641763755492,0.00820741556392129,-0.011716878486870197
2.8049180120000003,0.0010984880604777254,-0.009933170857160858,1.2684301131018831,0.00044410237460407756,-0.029620939831591225,0.2974276846718948,0.003032455228615492,-0.0027481295039259285,0.004624051718560904,0.0,0.0,1.5,0.23178543327246257,10571.72582112186,10558.780429306747,10544.408727400354,10556.133341781058,0.0,0.0,0.0,0.0,0.0,0.0,nan,0,0.0018405337092689928,-0.003953616836447562,-0.017648999305060364
2.81466347,-0.008183883908721169,-0.006400802943183903,1.3280722924220094,-0.011384967601103961,-0.008795921270678098,0.32788007727767154,-0.0005188976873454773,-0.002252751780379317,-0.0015970298792410886,0.0,0.0,1.5,0.17224135063094442,10598.173310600709,10592.811432673812,10593.284142490249,10602.241822851598,0.0,0.0,0.0,0.0,0.0,0.0,nan,0,-0.007383011186463171,-0.00028648143376366376,0.038678626946757166
2.829667852,-0.01930458115559497,-0.006249255013008166,1.3044997643421083,0.002460235414938629,-0.027644572965904873,0.2638753153043457,0.0021903562162342467,0.0010708749574358041,0.00025510193876312803,0.0,0.0,1.5,0.19655040621708653,10537.118461437127,10542.682080378509,10547.465160759866,10537.932042501654,0.0,0.0,0.0,0.0,0.0,0.0,nan,0,-0.018414190350196185,6.693765437311167e-05,0.010221634349428577
2.83973418,0.0027068649972893533,-0.014384412641939993,1.3006733212786927,-0.04145488758153037,-0.017069257219725586,0.34472029052757075,-0.000654055546611494,0.0005500923127850502,-0.004313039044839303,0.0,0.0,1.5,0.1998633615629298,10543.077737111465,10551.564488696466,10563.312335609371,10549.659476797044,0.0,0.0,0.0,0.0,0.0,0.0,nan,0,0.003657755878389792,-0.007933950098565921,0.003203666451901732
2.849747003,-0.01561198538848777,-0.00937708924838523,1.32782728613821,-0.0011472868170749472,0.0002057479854690183,0.32671548178426507,-0.0013528803833801335,-0.003874721181159097,-0.0032842110600711516,0.0,0.0,1.5,0.17313320677754546,10544.402390103796,10557.972861257915,10577.3682480872,10556.40122787652,0.0,0.0,0.0,0.0,0.0,0.0,nan,0,-0.014599960090759626,-0.0027927093323114023,0.027213754458936812
2.8649239360000003,-0.00020983456892596265,-0.0060486181627913615,1.3092866856481211,0.00752895799973078,-0.03344346412186106,0.35850050525956995,-0.00019028217869905578,-0.0035190818832936126,0.007939089880542021,0.0,0.0,1.5,0.19080932388985644,10509.318341650986,10527.790799203392,10542.006299223252,10512.905156402596,0.0,0.0,0.0,0.0,0.0,0.0,nan,0,0.0008950103169924261,0.0007357704986287834,0.004053388254431578
2.879878886,-0.014167461073259783,0.00653775786768349,1.2962137542882357,-0.021157211456344388,-0.05322418999572446,0.37209612901701616,0.0008306190888328706,-0.0037204498425067274,-8.069693232204598e-05,0.0,0.0,1.5,0.2043827125088968,10468.705446011398,10484.72529129485,10499.782962590796,10490.477696456406,0.0,0.0,0.0,0.0,0.0,0.0,nan,0,-0.012968593732159868,0.013520811219015091,-0.013510672075807362
2.894685184,-0.011532623453140217,-0.00484478552809939,1.3297399357459856,0.01042418479882601,-0.0031249222417643937,0.3060173752301135,-0.001529933577738016,0.00039621296881958283,0.002211204401472794,0.0,0.0,1.5,0.17071895861416891,10435.55527677642,10460.331239268427,10488.005967522537,10470.811084982015,0.0,0.0,0.0,0.0,0.0,0.0,nan,0,-0.01023872506063244,0.002335218753644258,0.015665301198948267
2.9097083940000004,0.009334083116797804,-0.013912076627425406,1.3174525089691764,-0.0020084723635108324,-0.006488382178058735,0.27784673671106336,-0.002338211240075645,-0.0010786348321714875,0.003831305823346747,0.0,0.0,1.5,0.18331464061925676,10470.734072988053,10479.720236260084,10487.02785141151,10486.200345289006,0.0,0.0,0.0,0.0,0.0,0.0,nan,0,0.010723797607958666,-0.006537262025131266,-0.0008288238899885059
2.9247967370000003,-0.0123529472159601,-0.004406422038952836,1.2954297790366787,-0.022791402671367096,-0.05358745640517425,0.24930376112475783,-0.0013646169350099778,-0.0001447946540333084,-0.0011686855571963145,0.0,0.0,1.5,0.20499021236412188,10501.091865993589,10505.280676966711,10502.994944369913,10508.933150504608,0.0,0.0,0.0,0.0,0.0,0.0,nan,0,-0.010866882036618078,0.0031605724745575603,-0.026922826115327148
2.939694491,0.007786230661577319,-0.0083287366486945,1.3394724670520564,-0.014208328728886582,-0.008793483834091214,0.2824530564204603,-0.0025396892971978864,-0.0006500614003880017,0.0019192257444640849,0.0,0.0,1.5,0.1609319175192781,10592.365491227592,10606.988746663943,10621.5042012231,10613.315138465512,0.0,0.0,0.0,0.0,0.0,0.0,nan,0,0.009368924192060354,-0.0005727307380920289,0.013158948493176448
2.94969894,-0.005702436167823266,0.005370452611728603,1.3234866987722183,-0.018135860293117284,-0.02198466848841572,0.2546361568443734,-0.0006659633218769896,0.0014197757934844037,0.0006451704552154675,0.0,0.0,1.5,0.17668702569750994,10599.778232583103,10615.423549660312,10628.558400751079,10619.058958182195,0.0,0.0,0.0,0.0,0.0,0.0,nan,0,-0.004055302371624195,0.01325042539590355,-0.0054195871476039326
2.959889522,-0.013917387710246906,-0.011529229589490058,1.3317936961628942,0.004293905908685716,0.0038946297044679065,0.26594786598429115,-0.0019177434704764165,0.0017723375350574841,-0.0058630130509796635,0.0,0.0,1.5,0.16917439955899136,10601.579699969394,10613.897455322238,10620.410851125776,10612.193622796734,0.0,0.0,0.0,0.0,0.0,0.0,nan,0,-0.012205899136835974,-0.0035271152492151424,0.00033395090248111714
2.9748988940000003,-0.013602258104001489,-0.005866700121930329,1.334797336094536,-0.005187868502281031,-0.009310152422604646,0.19644857938868626,0.0001480970053499784,-0.002104638194108258,-0.002871704364824132,0.0,0.0,1.5,0.16586548693839304,10616.250860271319,10617.210797011547,10614.434607431158,10609.81982920537,0.0,0.0,0.0,0.0,0.0,0.0,nan,0,-0.01179460563317198,0.0023148180310152908,-0.00042129030454862715
2.9896559010000003,-0.012195013138996383,0.016224937556697572,1.3726864107626455,-0.0018288196885728138,-0.04167528260881098,0.24514702979323547,-0.0024401092706361743,0.000578000486221766,-0.0010888018849963177,0.0,0.0,1.5,0.12892135955177036,10678.751813089728,10679.121029253662,10677.50437893755,10667.846033536533,0.0,0.0,0.0,0.0,0.0,0.0,nan,0,-0.010291940404831475,0.024580739539102687,0.03378513508195535
2.9997499800000003,-0.003079423616704961,0.005065015777038925,1.328608246353103,-0.0332256889956732,0.006983615270190654,0.2619846635403408,-0.0014943704165908305,0.0037777476903710938,-0.006782340663791144,0.0,0.0,1.5,0.17149422862822933,10693.542508111983,10693.771931720868,10692.429683487462,10681.577790459582,0.0,0.0,0.0,0.0,0.0,0.0,nan,0,-0.0011133249350017836,0.013533851758673388,-0.0127144011348308
3.0098173480000003,-0.0018107705050794541,-0.005363160404838713,1.357344246075735,0.007611321970906214,-0.03546173304869275,0.2084877534174154,-0.004367978621966622,-0.003222333800256128,0.0011118484517624488,0.0,0.0,1.5,0.14276801640091014,10651.223936599146,10648.985257846352,10646.452395669714,10634.202119992548,0.0,0.0,0.0,0.0,0.0,0.0,nan,0,0.00021776314919205557,0.0032159987803425678,0.01363162145803054
3.024792418,-0.01391142359523871,-0.005580063993289114,1.358966644705732,-0.05438390241950458,0.020885347047335145,0.19607966403716676,0.0008296863150268568,0.0028797406635600615,0.00285293379380549,0.0,0.0,1.5,0.14182761411719014,10659.20908535359,10653.76099764093,10651.796256602045,10645.406233481352,0.0,0.0,0.0,0.0,0.0,0.0,nan,0,-0.011790580050361828,0.003159142560672356,0.011730429397461828
3.0347324540000002,-0.013150284102425117,-0.007910865678091001,1.369951585876096,-0.02707912099598469,-0.018703116425195766,0.23284400840131037,-0.004991091484895486,0.0010470106498718739,0.01080298581510753,0.0,0.0,1.5,0.1309507609137638,10670.013632578472,10684.014133530565,10668.293391934989,10649.348965532077,0.0,0.0,0.0,0.0,0.0,0.0,nan,0,-0.010968958956910918,0.0009311741271148567,0.020404332794656366
3.044860406,0.004304266790176764,-0.01616441575188417,1.309080047407553,-0.018288087213909697,0.022099803078533736,0.25489901216190464,-0.004759299139389015,0.0026418159591524134,0.0018269658284238756,0.0,0.0,1.5,0.19165135884491658,10641.060434787258,10663.525969794282,10643.519473638116,10629.014146646303,0.0,0.0,0.0,0.0,0.0,0.0,nan,0,0.006545093626149308,-0.007222809031103927,-0.0427473646541805
3.0600420080000004,-0.0019504034360362933,-0.01835575901536585,1.3752705662451625,-0.003470680514050171,0.025667679024143457,0.25911277031345525,-0.0018567757341631972,0.0019214937514241944,-0.0024132957073510304,0.0,0.0,1.5,0.12608794394150408,10674.546321758236,10684.54783877863,10648.532700143634,10645.916719473189,0.0,0.0,0.0,0.0,0.0,0.0,nan,0,0.0003775666960326796,-0.009271229414107556,0.020081492458880135
3.0747309740000004,0.023791408112540796,-0.011456951391696427,1.35525664454084,0.0027931004367958818,-0.006102833929394374,0.2273744112824444,-0.007479102005659959,0.002174720595675146,-0.00027555218541330416,0.0,0.0,1.5,0.1471323614462362,10642.233959771438,10640.33878132877,10599.148424306664,10603.237871801,0.0,0.0,0.0,0.0,0.0,0.0,nan,0,0.026203595295197616,-0.0022375831676025443,-0.003224461518309907
3.08969933,-0.014333730759392736,-0.00899501060834106,1.3479821565070023,-0.04060419365522717,0.01504918344390489,0.22523402190270167,-0.004536482646530414,0.0047111180412159415,0.0002708227367291366,0.0,0.0,1.5,0.15295682656746146,10656.609192327613,10631.4236755607,10599.502797339468,10623.697630273306,0.0,0.0,0.0,0.0,0.0,0.0,nan,0,-0.011840683974301516,0.00035082481854451474,-0.013709869043749379
3.1049195430000003,-0.005900587718011881,-0.008982235308007507,1.3679876066091567,0.011651243095003188,0.005762379749330798,0.20348766189106626,-0.0021363309463324318,0.00323221092459352,0.0002636757801065842,0.0,0.0,1.5,0.13244912040223267,10662.366921414616,10648.878369328757,10615.59344904046,10628.770362333242,0.0,0.0,0.0,0.0,0.0,0.0,nan,0,-0.003330458016739349,0.00048145215401465546,0.003163873713472931
3.114944642,0.00028551899649945827,-0.031492872403449515,1.375391923310453,0.0011780394751344707,0.0004289603535687511,0.17896976082078092,-0.0039302871154527005,0.000566997104901553,-0.003414627317563919,0.0,0.0,1.5,0.12852647707606918,10670.452849716094,10649.638804404845,10622.069705550275,10642.054725425765,0.0,0.0,0.0,0.0,0.0,0.0,nan,0,0.0029047551355430978,-0.02195549126157375,0.00852203689595088
3.1297473740000004,-0.010484463030962406,-0.0051284644391820355,1.3685824444928643,-0.016232135633004043,-0.018390459143581315,0.1627246209114824,-0.0014575905479830775,5.728280562763253e-05,-0.003780931801336751,0.0,0.0,1.5,0.13193482863907724,10687.188372437695,10664.77986044373,10654.561622989157,10672.037898306182,0.0,0.0,0.0,0.0,0.0,0.0,nan,0,-0.007795238438283973,0.004512058203098463,-0.001299625254623793
3.144756918,0.00577533859471057,-0.0159965200834506,1.3722089393335746,-0.04498517901413272,-0.00919197414799251,0.25820620651967463,-0.003201413955521178,0.003664315670310578,-0.005345871847366852,0.0,0.0,1.5,0.12891779697510275,10707.777048361046,10694.689041154286,10697.672233575495,10702.184927427694,0.0,0.0,0.0,0.0,0.0,0.0,nan,0,0.0085298848382878,-0.006261805617413374,-0.0006253812257470681
3.154723756,-0.0005833718766840063,0.0021165117911214337,1.3645526536617305,0.04549155989177212,-0.017592459935271892,0.20880767424633354,-0.0009966641910997614,0.0038672940475586487,0.002410817484896955,0.0,0.0,1.5,0.13546513785837147,10647.360977396542,10644.023561862015,10654.136295800763,10644.977260239257,0.0,0.0,0.0,0.0,0.0,0.0,nan,0,0.002212013065241283,0.011909039894296279,-0.010216218267800725
3.1647715250000004,-0.013317222130637648,-0.004905741036094712,1.3874435868713257,-0.04019073350801431,0.002494916305884045,0.20950645395332745,-0.003710812451132249,0.004181084503842268,-0.0008443443278874801,0.0,0.0,1.5,0.11344761274166489,10660.202988886294,10635.368055216946,10644.359697387592,10664.481506077274,0.0,0.0,0.0,0.0,0.0,0.0,nan,0,-0.010483231238734087,0.004940629673333578,0.010771961623492698
3.1747278650000004,-0.002383002898070786,-0.0199681057708507,1.3741097447481656,-0.0001367205802275503,-0.012339578004398395,0.2158918213667858,-0.002718585938911471,-0.0003509192908014349,0.000690945522175031,0.0,0.0,1.5,0.12748631423905904,10638.830991222954,10631.324900397676,10635.91249633425,10636.293480731092,0.0,0.0,0.0,0.0,0.0,0.0,nan,0,0.0004873037633157124,-0.010071867072969433,-0.004431707952395891
3.1896697,-0.010054150165338921,-0.004899913552457715,1.383769164066927,0.007429900267186975,0.015028206827758725,0.1572975544979169,-0.003961946663580605,0.0034954698836776126,-4.133879299942129e-05,0.0,0.0,1.5,0.11676772803334698,10625.014438243266,10619.88852265903,10632.911191808596,10634.262562123857,0.0,0.0,0.0,0.0,0.0,0.0,nan,0,-0.007133771997700161,0.005063666994696626,0.002488373656907683
3.2047257630000003,-0.003639852056007135,-0.0157258112934466,1.381321976076662,0.025606793332316854,-0.016616148523339244,0.19298117599714654,-0.006840938710005642,0.0032482994298538245,-0.0029784158187391363,0.0,0.0,1.5,0.11977071021821281,10663.988160251307,10652.111168484813,10653.68427578202,10661.643046527055,0.0,0.0,0.0,0.0,0.0,0.0,nan,0,-0.0006748400576527622,-0.0057038896314351994,-0.002620698831357071
3.2148582250000004,0.02233166875982117,-0.028472558829222727,1.379893089471902,0.018634721541540125,0.01312162376514301,0.19629620566915978,-0.00505285923806889,0.0029598371805758254,-0.0016946443659913409,0.0,0.0,1.5,0.12543946744341064,10669.096144876787,10643.95295288583,10647.980425521753,10666.81743376533,0.0,0.0,0.0,0.0,0.0,0.0,nan,0,0.025323324369820432,-0.018416796978783682,-0.005785892276960913
3.2295729300000002,0.0009514356716510265,-0.0038947202293615852,1.3943413371854592,-0.01780799271873466,-0.012367485599804714,0.214029869589325,-0.002877592671429233,0.004600657903610353,-0.0002966817521097133,0.0,0.0,1.5,0.10573470150929222,10675.413276390462,10637.951291791653,10637.044431428145,10669.832312277813,0.0,0.0,0.0,0.0,0.0,0.0,nan,0,0.003978295073374504,0.006204167175351994,0.006115232229090051
3.239673389,-0.01540783841957214,-0.022563193869955613,1.407807061966058,-0.02213793629368256,0.004783265910487913,0.15191916659661783,-0.003458556826828427,0.002982581092047423,-0.00021952868269871302,0.0,0.0,1.5,0.09615631557889008,10662.087304966848,10623.024233755246,10620.707426094745,10655.233931177421,0.0,0.0,0.0,0.0,0.0,0.0,nan,0,-0.012360708149781723,-0.012440671316843266,0.017922041861461624
3.2547098360000004,0.0023450197189833527,-0.012521925727706181,1.3886502668831107,-0.0007785638002076054,0.040095872046908475,0.18274709703924977,-0.00212054299309893,0.0010531325851098536,-0.0036193959164333915,0.0,0.0,1.5,0.11207613843550773,10653.693487865277,10640.84754539655,10638.925460985509,10648.04887438877,0.0,0.0,0.0,0.0,0.0,0.0,nan,0,0.005417788746687703,-0.002371643840615315,-0.0036591909389367405
3.2697123450000003,0.006036742919711279,-0.006782666325985447,1.3665536910537164,-0.00908557618991527,0.0044012870538739845,0.18732132784254912,0.002007718196739396,0.002575370718205702,-0.004492295708161839,0.0,0.0,1.5,0.13375486607580045,10670.108314064879,10658.209385282416,10637.387773725492,10640.18036739329,0.0,0.0,0.0,0.0,0.0,0.0,nan,0,0.009129490614003791,0.003386081556411456,-0.028108039010880548
3.284760142,0.012588187118835414,0.00196430217624792,1.4216753068866603,0.03098040318163499,-0.02224605832595756,0.1562765261241597,-0.0033614382314150508,0.001187337515611971,0.00021486488208098605,0.0,0.0,1.5,0.0793541334101587,10683.695388603695,10673.667444587816,10659.524521724084,10657.790192867149,0.0,0.0,0.0,0.0,0.0,0.0,nan,0,0.015695351498164044,0.012142192819707187,0.024729837571728197
3.299910224,-0.009498568031105032,-0.006424012481201388,1.3893275595537589,-0.01530352755421202,0.013522646498376116,0.10401441323089117,-0.0023738910161081833,0.0049361771785102725,0.0007035154525966758,0.0,0.0,1.5,0.11126490823852304,10672.88691727909,10646.559400121598,10643.53394414183,10664.431650766131,0.0,0.0,0.0,0.0,0.0,0.0,nan,0,-0.006382431053537776,0.0037537311995586966,-0.009836072534161078
3.3147148790000003,-0.001720684129448281,-0.013962152309753296,1.3827255132851501,-0.005271029636512429,0.009355802438973397,0.14159029419722083,-0.0021890602908253886,0.003249699172511009,0.0034052406856581573,0.0,0.0,1.5,0.1181152305387649,10722.864213786821,10705.209677171048,10702.139968002446,10714.473711019591,0.0,0.0,0.0,0.0,0.0,0.0,nan,0,0.0013991345189021873,-0.0037937697093824597,-0.018592954454483168
3.3297317470000003,-0.0021799171169365455,-0.007059797953390741,1.362575189552386,-0.019719345252195486,-0.0014980770769507392,0.18118578756894094,-0.0042801812978641674,0.002473221818406258,0.0052379099513090634,0.0,0.0,1.5,0.13762329494799208,10741.626388070299,10737.348890383711,10734.023447356767,10739.668909027256,0.0,0.0,0.0,0.0,0.0,0.0,nan,0,0.0009384562164735199,0.003090022350133762,-0.04085519301977292
3.3398836760000004,-0.014643893974562054,-0.011897580222971358,1.4053285137789575,-0.013413879692762056,0.0038514399777746515,0.1603363592402111,-0.005008337453356317,-0.00022843336294390263,-0.01199154046928384,0.0,0.0,1.5,0.09653334319913143,10741.181390835527,10746.77498516545,10741.707333622084,10742.39384362403,0.0,0.0,0.0,0.0,0.0,0.0,nan,0,-0.01152922287592065,-0.0017652125974238868,0.0005091677634461167
3.354974985,-0.018767713706294573,-0.017412604189853475,1.3985037411627734,-0.006235127940587843,0.011840874761118109,0.14150479363634288,-0.006999072920003148,0.001197746599121047,-0.0002470483911534387,0.0,0.0,1.5,0.10467529040030045,10717.434399656466,10728.720928454297,10731.283486387352,10710.888212810094,0.0,0.0,0.0,0.0,0.0,0.0,nan,0,-0.01566251464582614,-0.00731394012704766,-0.008369195095388138
3.369671025,0.01595857816673149,-0.0261836250236164,1.429161179944342,-0.0011269091753355063,-0.009749380045276947,0.15752250165610968,-0.004313215519006371,0.001964382803670079,0.0061299479452041035,0.0,0.0,1.5,0.07719065269421502,10724.412304698822,10741.890017232452,10734.56988180274,10712.600703460284,0.0,0.0,0.0,0.0,0.0,0.0,nan,0,0.019049816982886672,-0.01612756756630346,0.020274868958184866
3.379756527,-0.005242406372656121,-0.0042412053977897825,1.4190347503185907,0.012933979324454604,0.037563629115761964,0.18443578287830603,-0.0019672616004089904,0.004079709137160755,-0.005897215072912023,0.0,0.0,1.5,0.0812455679023493,10706.704692272848,10722.680769047027,10716.985021604447,10702.793601547755,0.0,0.0,0.0,0.0,0.0,0.0,nan,0,-0.00216287247459856,0.005781567044226545,0.008828535873539378
3.3948645990000004,0.0024375664213529876,-0.015173700157919617,1.409569799594482,-0.019952680210676695,-0.012746364472841656,0.10919453906810356,-0.003122042968910943,0.005297066145122643,-0.00335480601596992,0.0,0.0,1.5,0.09172679026284032,10669.02253870437,10668.946446178381,10656.171471716252,10656.300922198241,0.0,0.0,0.0,0.0,0.0,0.0,nan,0,0.005496079280581504,-0.005208017660622958,-0.002571074422313968
3.4047317460000004,-0.0007709162430932937,0.0013649298612883817,1.4135197759577698,0.0176176966993198,0.012831648763763248,0.165338042212972,-0.0045576177748763,0.00195010753543595,-0.0018767477908294594,0.0,0.0,1.5,0.08649443043210606,10699.372843572106,10700.230510474643,10699.167055602644,10694.974878799765,0.0,0.0,0.0,0.0,0.0,0.0,nan,0,0.002271333767768409,0.011287857094407787,0.00012171745273437118
3.419863583,0.0011217300776098734,-0.025336328889041124,1.4295364610925771,0.03078380220642006,0.011490371361221385,0.09267705172392687,-0.0030533373198377033,0.0018210340808445169,-0.003400056702527517,0.0,0.0,1.5,0.0748885715933918,10687.904337169048,10677.532222379621,10662.793669060795,10670.079504621413,0.0,0.0,0.0,0.0,0.0,0.0,nan,0,0.004136300208616838,-0.015484456005179949,0.014299033167677333
3.434854391,-0.002913795316832738,-0.01540760627702657,1.4437727193701968,0.003017253470508283,0.0019111258549751973,0.14578814524231914,-0.004346043754825981,0.0003104433827466307,0.000798201842017352,0.0,0.0,1.5,0.058372867167536896,10716.044019949193,10693.832805663713,10685.494774060453,10703.264464181002,0.0,0.0,0.0,0.0,0.0,0.0,nan,0,6.927643700740168e-05,-0.005634901781127584,0.026754904452512607
3.449681049,0.002557195455060477,-0.009022006242625611,1.435014638309233,0.010588966325737848,0.017627963633028428,0.0966619962450359,-0.004867151563365823,0.0027800210616677995,0.0019298021681150275,0.0,0.0,1.5,0.06565845778966455,10669.5092990731,10658.659841932546,10656.926494733161,10665.705893613633,0.0,0.0,0.0,0.0,0.0,0.0,nan,0,0.005505109161018247,0.0006636442506475215,0.016273523458753658
3.46495751,-0.0024090808358644142,-0.017583884480637305,1.4367177859774034,0.015252048746327039,0.010945902439010113,0.11446287415876746,-0.00402385931273915,-0.00047848734450571794,-0.010981149466637852,0.0,0.0,1.5,0.06572393228880823,10689.54352544079,10679.542414752614,10672.404014422715,10686.33087437749,0.0,0.0,0.0,0.0,0.0,0.0,nan,0,0.0005002274547834936,-0.007992889780695941,0.01631796496865201
3.4798206960000004,0.005362002873938336,-0.01911519707920689,1.417874316201139,-0.006749650903947403,0.025612474632366822,0.10654128772813641,-0.0023983553281471948,0.00020125050342659155,-0.008256694170308658,0.0,0.0,1.5,0.08449124081008373,10700.523428943665,10683.118249561923,10687.960883338352,10690.398277821678,0.0,0.0,0.0,0.0,0.0,0.0,nan,0,0.008229472194167631,-0.009626223053660076,-0.004127495304609319
3.489703645,0.00032078342828209235,-0.008166051876634333,1.4368662969400117,0.03196608671979943,-0.04327340109347293,0.14257824060117785,-0.0033928366182913545,-0.0011176232910657443,-0.0018767349440958982,0.0,0.0,1.5,0.06366044114932383,10715.494910181023,10698.518466059473,10705.322559774166,10700.636301587137,0.0,0.0,0.0,0.0,0.0,0.0,nan,0,0.003158684657395635,0.0012509441916577803,0.013825755732937317
3.504773151,-0.016116726764536838,0.0005071978226233766,1.4067136081134777,0.04623192217749102,-0.03529168311525313,0.12256466791415961,-0.006548793673156088,0.007952317886824907,0.005891028921190394,0.0,0.0,1.5,0.0946697261136834,10692.573980427707,10674.554022605356,10699.34919613804,10701.282972638906,0.0,0.0,0.0,0.0,0.0,0.0,nan,0,-0.013325494966178998,0.009810474100176996,-0.017845528789141474
3.5199001990000003,-0.006179845072748058,-0.014852862936039487,1.4223815542435665,0.012196693074459752,0.015798887220237763,0.13434352435539718,-0.0012974506240512787,4.3051660723866195e-05,-0.002311056909259231,0.0,0.0,1.5,0.07926803355807659,10723.975016281667,10693.312010946785,10715.635358153664,10747.149730702436,0.0,0.0,0.0,0.0,0.0,0.0,nan,0,-0.00343780391458948,-0.005669963892588972,-0.0036478186444435234
3.534762584,-0.01272953857079339,-0.00169487800481306,1.4363442870755492,0.031809618480632344,-0.0013874352359438433,0.05809445366440532,-0.004188124095565565,0.00042744260085199304,-0.004186316201313038,0.0,0.0,1.5,0.0649381517414579,10720.489809361909,10697.133660475443,10712.144210938017,10737.719629316436,0.0,0.0,0.0,0.0,0.0,0.0,nan,0,-0.010038880481121684,0.007361195304417527,0.008886174557543924
3.544740834,0.001595962140661478,-0.023146987084462056,1.4533782816964342,0.013050197372529174,0.017709932970421997,0.08566189406604849,-0.0023244434744895985,-0.0008761555925955866,-0.0015435802668534648,0.0,0.0,1.5,0.05207604750573642,10757.365083998755,10737.990048620166,10748.495979394305,10769.001903304998,0.0,0.0,0.0,0.0,0.0,0.0,nan,0,0.004251345794343198,-0.01417896571735732,0.024988174881410252
3.5598598050000003,0.0011556772429347421,-0.00883229305206492,1.4079994544668692,0.0015424402222587478,0.023521536218619618,0.08273659848484868,-0.0022277771304471737,-0.00032420447079530744,-0.0024351119070833167,0.0,0.0,1.5,0.09243075986294311,10746.918395808516,10736.524099447084,10742.742472053023,10752.212071677295,0.0,0.0,0.0,0.0,0.0,0.0,nan,0,0.003756960688749381,-1.5119633218520223e-06,-0.02176346314468902
3.5697790030000003,-0.0058325773293484056,-0.010917878584206616,1.4103715723250552,-0.009067691975860603,0.007466312774337674,0.0975286414918666,-0.0037672864379206645,0.002932968577722314,-0.0028705667411513575,0.0,0.0,1.5,0.09047913615063488,10762.535229780011,10758.476313920792,10759.2977121845,10761.417707489534,0.0,0.0,0.0,0.0,0.0,0.0,nan,0,-0.003267936978152069,-0.0021819780100279466,-0.02028937163349931
3.584860964,-0.014456830220527794,-0.007880197865668263,1.4297554904359178,0.00925551097268989,0.04246925867484704,0.0619309200892327,-0.0037355071621577077,0.001067821937616091,0.004733324818395565,0.0,0.0,1.5,0.07214837893068485,10785.73913079142,10793.191975578353,10789.437049371392,10779.748576234739,0.0,0.0,0.0,0.0,0.0,0.0,nan,0,-0.01194764050699801,0.000708360104048969,-0.0022363561569413992
3.5948368690000003,0.0008123256147857176,-0.007403621288206725,1.4309548499754152,0.010685378374642408,-0.007191668469493445,0.08678739287122825,0.0013328570523757149,-0.0018229516604761718,0.004006899959165618,0.0,0.0,1.5,0.0694457070163523,10808.829344047192,10822.527098233333,10800.704838280977,10790.936700318387,0.0,0.0,0.0,0.0,0.0,0.0,nan,0,0.0032844453925176993,0.0010834018450658293,-0.0019176716116091619
3.6097057770000003,0.006266724611706827,-0.014014623341525013,1.425507336454935,0.014412735176759305,0.05143249124689021,0.09872646528909859,-0.002589938102065572,-0.0016457044712427673,0.003611597292796575,0.0,0.0,1.5,0.07605812531743095,10788.825563926386,10809.212261753919,10801.768684336477,10795.399079006842,0.0,0.0,0.0,0.0,0.0,0.0,nan,0,0.00868345024838519,-0.005684761077415931,-0.008679120593968026
3.6247483230000004,1.329255079159878e-05,0.005910838087310213,1.4514887085908292,0.010938047511037673,-0.028830267521158935,0.12965218961565178,-0.002089439729304873,-0.0019201650901871732,0.0003552834133834036,0.0,0.0,1.5,0.048870068321742594,10787.671815690604,10805.668713656189,10785.063803641542,10782.754813307882,0.0,0.0,0.0,0.0,0.0,0.0,nan,0,0.0023752868328039372,0.014077866113170832,0.01599927463330153
3.6346363810000004,-0.009940396033601775,-0.014768886531735314,1.4253370497646547,0.024612089636116708,0.011311187896989417,0.06979749530923876,-0.002238218592507229,0.00028067176944666,0.00816264028268492,0.0,0.0,1.5,0.07675602660728191,10735.420411812842,10750.908776066679,10745.737425899879,10742.338336145152,0.0,0.0,0.0,0.0,0.0,0.0,nan,0,-0.007614310340102658,-0.006713465594901959,-0.011009291968237411
3.649776703,-0.015030758027648014,-0.011306316854020462,1.4379925522157546,0.04779484913402164,0.04260450987781596,0.02610721466463004,0.00030600162754625446,-0.0004266211555576757,-2.273065565536452e-05,0.0,0.0,1.5,0.06479722269052224,10776.086627943227,10790.699670883514,10780.225989254937,10787.365484766728,0.0,0.0,0.0,0.0,0.0,0.0,nan,0,-0.012757368125976772,-0.003422738122642469,0.00038129466013225866
3.659839523,-0.02390797325388564,-0.01972775330390438,1.426659495272242,-0.003085991191770298,0.03353208312121209,0.0872252673642651,-0.00437915060046157,-0.002006112545586923,-0.004365454150330957,0.0,0.0,1.5,0.07962163694154067,10810.943092613617,10819.220381519233,10803.630833859535,10816.17515914609,0.0,0.0,0.0,0.0,0.0,0.0,nan,0,-0.021668763140548664,-0.011961626178856974,-0.011787919341533781
3.6746698380000002,0.007300262926619557,-0.0018156708804859699,1.4217444614142731,0.03242525168129963,0.01876520534051445,0.07238950466352619,-0.002860748832630259,-0.0025119306067508803,-0.0055208979551997165,0.0,0.0,1.5,0.078616282148714,10821.681282517256,10836.497483385967,10815.34091218624,10807.696605367253,0.0,0.0,0.0,0.0,0.0,0.0,nan,0,0.009489924802542665,0.005770059040144497,-0.017957236086668438
3.684715623,0.00883520380472063,-0.01876233510330475,1.4524946206980627,0.01919582326123311,-0.025328358656091964,0.10639082458049934,-0.0024559046665595516,0.00222788953841068,-0.0005490599449297816,0.0,0.0,1.5,0.05183480594562486,10836.503660492097,10838.467664504635,10820.573959068535,10817.338053608888,0.0,0.0,0.0,0.0,0.0,0.0,nan,0,0.010993147980453671,-0.011299591228017557,0.011956504161396264
3.699691275,0.0048127515730214355,-0.005021176317292206,1.4414376814969674,0.014111207349582742,-0.005565213204628489,0.0741686221257352,-0.003985391827003268,-0.002233994900067898,0.005630668291088594,0.0,0.0,1.5,0.058973892001152446,10769.923140085915,10759.981866675458,10772.185028387701,10779.975321362199,0.0,0.0,0.0,0.0,0.0,0.0,nan,0,0.006925357423335712,0.0022532086239966716,-0.0003473648920568895
3.714685289,-0.01559184089630916,-0.004272636601163566,1.4468435884311355,-0.01666140012996437,0.03451878303457927,0.10638468072974296,-0.0006950156188319353,-0.0034772511724739945,-0.000513838734803868,0.0,0.0,1.5,0.05556046271351541,10762.316907119704,10757.359914569694,10768.143024667257,10779.087420823274,0.0,0.0,0.0,0.0,0.0,0.0,nan,0,-0.013521570512307604,0.002808990436553178,0.003835051300449255
3.7296666590000003,0.00036610774944763336,-0.011224982320664406,1.4638853360482098,0.011441446045914213,0.037891129848233965,0.08742679393021902,-0.0010719117004754535,-0.0002794114943007602,0.001511729648069705,0.0,0.0,1.5,0.03782067179908585,10729.966318033528,10753.419592618528,10747.984746277829,10725.23866970832,0.0,0.0,0.0,0.0,0.0,0.0,nan,0,0.002397433394130641,-0.004340280843358076,0.019680919728127133
3.739739349,-0.002061280316079237,-0.009302495249785278,1.4243495000319895,0.029958803852239455,0.0061936128345339144,0.06281311898495742,-0.0013805584045146705,-0.0018503072666448295,0.0018813252065666385,0.0,0.0,1.5,0.07624817007524637,10720.780794746956,10747.807024391368,10733.443732895697,10707.674382269699,0.0,0.0,0.0,0.0,0.0,0.0,nan,0,-5.385187311040141e-05,-0.0025512830496881534,-0.020632354674366082
3.7547180740000003,-0.01086345444892357,-0.009095510458467404,1.448870307024424,0.015162018065007837,-0.029090652078423315,0.05865745573826218,0.0010082271666536878,-0.005896039060613568,-0.0035053201617012393,0.0,0.0,1.5,0.0530564647978038,10761.49289944971,10775.409135670343,10762.902241884607,10753.332365834287,0.0,0.0,0.0,0.0,0.0,0.0,nan,0,-0.0088885301230474,-0.0025476764989386946,0.0027520401884570944
3.7647601140000004,-0.007214776193860222,-0.008211449037183276,1.4507877647393002,0.02237484453778435,0.03302099901958905,0.08313136136591998,-0.0014331279155280227,-0.004291750887164426,0.0005223972980327223,0.0,0.0,1.5,0.05041155611734495,10764.700437329937,10779.818847207534,10788.75425122767,10773.167838824029,0.0,0.0,0.0,0.0,0.0,0.0,nan,0,-0.005259158573802486,-0.0018012009602484452,0.003924666580872094
3.774690774,-0.0016480895769720675,-0.00999068913406566,1.467818172817879,-0.012261186617481773,0.012263913238329883,0.06415270477833833,-0.0015465450222290115,-0.002754602807945142,0.0004804266512580033,0.0,0.0,1.5,0.03373722083111124,10762.29981952406,10774.649860018199,10772.17121505392,10760.762614282265,0.0,0.0,0.0,0.0,0.0,0.0,nan,0,0.0002902009937487957,-0.003719539676268116,0.020219471974417758
3.7849693120000003,-0.015461114670086056,-0.01028225169908661,1.4450798420599165,-0.001733705737130562,0.016162059877478166,0.062207910317506734,-0.003026013898170479,-0.0008315153152263644,0.0022389985244741007,0.0,0.0,1.5,0.057974084857017286,10753.361310536073,10771.292244980426,10770.110879169612,10751.365382659546,0.0,0.0,0.0,0.0,0.0,0.0,nan,0,-0.013538107414191607,-0.0041516364617697225,-0.0032438893472919172
3.7998518860000003,-0.00852274743869682,0.007504158505870091,1.4381832823449223,0.018423002304039992,0.04297363589977286,0.03395856005129425,-0.0022735531902863637,-0.003860081032204429,0.0010946627897265382,0.0,0.0,1.5,0.06285106363803741,10773.27119999834,10796.681288625841,10787.711820150693,10767.588415647006,0.0,0.0,0.0,0.0,0.0,0.0,nan,0,-0.006618702774600757,0.013421443477271252,-0.011210444323297875
3.8147384470000003,0.010609298391385713,0.004855438470517707,1.4694881725245632,0.033994756922471725,-0.0022170585885316904,0.038004082139264296,-0.0018363959417680648,-0.0019137976021965947,0.0016908539412305167,0.0,0.0,1.5,0.03266655952176878,10819.184747267776,10839.1993612492,10815.41108352035,10799.146457646439,0.0,0.0,0.0,0.0,0.0,0.0,nan,0,0.012499285841324568,0.010556584826536182,0.019037274750802302
3.829681185,-0.010155446173058356,-0.0208530979720073,1.4685492327872032,-0.009004714613298397,0.018748971674888024,0.09011498530061124,-0.006406481199074175,-0.004784983918445259,-0.0004512032308322201,0.0,0.0,1.5,0.039078581605241976,10819.926059610014,10818.042377026079,10805.453260146482,10812.121304863076,0.0,0.0,0.0,0.0,0.0,0.0,nan,0,-0.00827448919448586,-0.015370613951627754,0.017044386780944443
3.839867839,-0.012558974693345172,-0.002950935014592022,1.4543624154698593,-0.025044753358164105,0.04015524558347326,0.10547386710125334,0.0008873354904865473,-0.0032634748735309834,-0.0016739670717792411,0.0,0.0,1.5,0.04742599481881391,10796.27460358627,10796.83992585678,10786.55399809253,10789.85911353663,0.0,0.0,0.0,0.0,0.0,0.0,nan,0,-0.010681211328294119,0.0023845392743065937,0.0021579751048728113
3.8546539490000002,-0.004196108176631604,-0.019651278137966015,1.4542834558285693,-0.02758261877044232,0.05043546989794477,0.06853417305927853,-0.0053555216550986535,-0.0014038447886722128,-0.003626915262570338,0.0,0.0,1.5,0.049937785966781376,10759.329945393312,10773.267415018696,10761.309910526139,10747.187690445748,0.0,0.0,0.0,0.0,0.0,0.0,nan,0,-0.00231886675730821,-0.014537891799502663,0.001047189449138175
3.8696690940000003,-0.002808688107210542,-0.0043439016041541744,1.4580425119939067,-0.02167970602641744,0.027677366167871902,0.1357585967434007,0.0001394737042639158,-0.0078593701644417,-0.0010473837139000305,0.0,0.0,1.5,0.04227515830616871,10759.125766889729,10786.093460275533,10758.906870202574,10724.727968152492,0.0,0.0,0.0,0.0,0.0,0.0,nan,0,-0.0009268129196376008,0.0005458567636677653,0.0038027811632066477
3.8848046070000004,-0.004176971356329516,-0.018385575794153262,1.4679085454850198,0.005871881065091519,-0.0012828248346097386,0.05682204357731641,-0.0005989588900047438,0.0009545462971134719,-0.001514344828891574,0.0,0.0,1.5,0.03722012815508826,10707.197634174116,10745.817659884806,10720.121351658781,10675.21830007404,0.0,0.0,0.0,0.0,0.0,0.0,nan,0,-0.0022853145648362144,-0.013720549154303884,0.012695909034653896
3.8998549880000004,0.002199987712167409,0.01597994535288771,1.4712397724697006,-0.0027412959327266784,0.02901837524759593,0.09343320442517158,0.0018499731337685535,-0.002273480328187007,-0.0029798902581765784,0.0,0.0,1.5,0.032974979712041615,10723.431188994738,10741.623843533265,10745.544845543189,10720.364025227787,0.0,0.0,0.0,0.0,0.0,0.0,nan,0,0.004106459875039361,0.02041965243955546,0.015094749987934808
3.9097032100000004,-0.004896645684791502,-0.017450976690225557,1.4498508699437556,0.013023469316761955,0.028035845842749464,0.021573404626884236,0.0027371321283517535,-0.004422949336227155,-0.004844486367394274,0.0,0.0,1.5,0.05332399996064907,10718.947545657866,10730.783410921757,10737.446220790718,10718.060896161256,0.0,0.0,0.0,0.0,0.0,0.0,nan,0,-0.002977578752538702,-0.013161536586399111,-0.0068954574662880574
3.9199312340000003,-0.003196963032478611,0.015573236566705517,1.459809234922149,-0.009834088473562626,0.014200268976092988,0.04028288501216617,0.000531228106525994,-0.0026545408071505503,-0.0024432961406196376,0.0,0.0,1.5,0.04322087305153168,10740.749712039089,10746.610038472178,10753.624247215139,10738.15283256459,0.0,0.0,0.0,0.0,0.0,0.0,nan,0,-0.0012632042439452568,0.019712557805804585,0.0024789898469339544
3.93466319,-0.007195028654661629,-0.004628656007346272,1.4293780810043861,0.019580068304417123,0.0184502360952236,-0.01972196666200884,0.003478792081530881,-0.0017418232598518232,0.0009609085488287325,0.0,0.0,1.5,0.0711382339983134,10783.272510715346,10785.294478447679,10792.41050278632,10779.679502555751,0.0,0.0,0.0,0.0,0.0,0.0,nan,0,-0.00523542886115518,-0.0007138766519284552,-0.02880972743260668
3.9449338760000003,0.00977949914377466,-0.0028473036605562805,1.4680260308154274,-0.01668931736201893,0.016923627552415898,0.09109039511368446,0.0016321314426249614,0.0025525710760867003,-0.0020933973483698597,0.0,0.0,1.5,0.033557122150960836,10860.801841070048,10856.84296844832,10865.705977148018,10862.182426820656,0.0,0.0,0.0,0.0,0.0,0.0,nan,0,0.011758769629127672,0.0009184458767063672,0.009267971497612049
3.954792448,-0.007439692340172704,0.024247837599755063,1.4495593231072792,-0.002240072478123962,0.030742678707812134,0.08766074173210274,0.0008032282444409148,-0.0006464886020401224,-0.007842441731285213,0.0,0.0,1.5,0.056458555912955996,10808.282050255122,10803.727294235305,10814.301621216451,10811.658996964188,0.0,0.0,0.0,0.0,0.0,0.0,nan,0,-0.005438884260535674,0.027865277778554402,-0.00977116315694948
3.969678147,0.01457092751818527,0.0057564348161958465,1.4685581467547342,-0.004138865361373293,0.04870267078209029,0.07101937827055121,-0.00028181987417735495,-0.0022143053301696167,0.0022175420319620973,0.0,0.0,1.5,0.03512888563604251,10789.887830499076,10780.583416474252,10780.608326958309,10771.892111415744,0.0,0.0,0.0,0.0,0.0,0.0,nan,0,0.016607341228482852,0.00915309473204418,0.00837809651684518
3.9798753330000003,-0.0013369445445238124,-0.018648268432584797,1.4627616284860958,-0.02209823100827097,0.03571535312544762,0.025557076059702564,0.0018254714100168993,-0.001839282788074611,0.0037071987067064122,0.0,0.0,1.5,0.04166823309496602,10780.953407801908,10770.39307759478,10761.053536270787,10754.769231762855,0.0,0.0,0.0,0.0,0.0,0.0,nan,0,0.0007252815848717412,-0.015397449025254799,0.0020256194726828713
3.994858937,0.008385710202776241,-0.004992051578608915,1.4486998373982625,0.021119388395147116,0.03342452681501286,0.03730408698156575,-0.0023088692118999232,-0.006141392128195652,0.006238660412578144,0.0,0.0,1.5,0.05222018189869839,10792.99503098358,10795.180897167516,10783.991891262014,10778.587826019571,0.0,0.0,0.0,0.0,0.0,0.0,nan,0,0.010489566719905004,-0.0019575668468493454,-0.01285217257861282
4.004781921,-0.000924439583013154,0.007378932229998205,1.4699333414281424,-0.01337426532233569,0.005494619884842464,0.03452450800102251,0.0022282550677606454,-0.0012216954624290374,0.0013238930241527352,0.0,0.0,1.5,0.030972684531280274,10818.693662051292,10816.295446502068,10797.527693948352,10804.598977859214,0.0,0.0,0.0,0.0,0.0,0.0,nan,0,0.0012090066457567281,0.010271074420783583,0.00784350167324388
4.014740534,0.008841997468464657,-0.0002688370229720219,1.4461245123586282,-0.002162533355282826,0.044142287067420946,-0.013099061051040846,-0.0025838735111952693,-0.0003431967826867189,-0.0007753277187874173,0.0,0.0,1.5,0.054596898823768975,10812.55531151937,10813.980682993879,10806.473179826211,10810.256341264163,0.0,0.0,0.0,0.0,0.0,0.0,nan,0,0.011006415191802309,0.0024826862600303445,-0.016500944357854763
4.0299705260000005,-0.0005126691391827503,-0.007991291277850079,1.468627457121777,-0.015176423060337419,-0.0032203461356572977,0.09757685698066094,0.0008276938979064579,0.00014062915329908154,0.006076213384908259,0.0,0.0,1.5,0.032378388047888576,10894.985239943555,10887.450227713269,10870.866920703764,10879.163476018004,0.0,0.0,0.0,0.0,0.0,0.0,nan,0,0.0017006455987969688,-0.005447021797923163,0.00519062151407379
4.039855689,0.010148014570783587,0.002222808481663977,1.4494218062747977,0.021287140943571873,0.020999413229378008,-0.018061518165722854,0.002794204907043167,-9.770848135091677e-05,-0.0010775176004478508,0.0,0.0,1.5,0.05163406586527049,10870.24403879044,10865.131200151049,10854.837158309114,10863.452442194684,0.0,0.0,0.0,0.0,0.0,0.0,nan,0,0.012395457007897237,0.004631666709151596,-0.014569820864631433
4.0547703330000004,0.0048023849778082205,-0.005386972621766075,1.4419328760465642,0.0010089387584825186,0.023151889660287903,0.08206630923473587,0.003627887585646554,0.0003869245453202416,-0.00878358380104915,0.0,0.0,1.5,0.058513872369946734,10884.48864612571,10870.123713814248,10872.439186606824,10889.903743304518,0.0,0.0,0.0,0.0,0.0,0.0,nan,0,0.007103128109041985,-0.00317659831287046,-0.0229008810578315
4.069746233,-0.019622001653473636,0.003472746899828112,1.4523286425138089,-0.02909972742062747,-0.0045508516927354,0.050191318318628185,0.005982364429746329,-0.005199823545114311,0.0017718217376217445,0.0,0.0,1.5,0.0516685711481885,10842.020234448752,10819.293558024567,10836.65318410792,10848.004934153232,0.0,0.0,0.0,0.0,0.0,0.0,nan,0,-0.017265607635245185,0.005490830246369129,-0.0133625011549392
4.080091459,-0.0038670828654142012,-0.01405769074792932,1.4900166580023582,0.01642029626796992,0.01861121770433647,0.08396446343754782,-0.002661508990183816,7.132081382311027e-06,-0.0018514179021581758,0.0,0.0,1.5,0.017670317385216287,10819.97961444441,10810.644005010568,10836.531362554948,10835.759289473996,0.0,0.0,0.0,0.0,0.0,0.0,nan,0,-0.0014723741634358658,-0.012164040160949364,0.023751770229030855
4.094980804,-0.015442222388178082,0.0024761256810660126,1.4795297139548578,-0.03401839361267809,0.04265451102925939,0.02726461769368877,0.002834071061365782,-0.0001884992474774082,0.006494144674455714,0.0,0.0,1.5,0.025760940228266662,10764.587548620524,10759.203545831764,10782.804006457369,10781.13050021542,0.0,0.0,0.0,0.0,0.0,0.0,nan,0,-0.012988331011978698,0.004189224010923228,0.012408248737136418
4.109825757,0.017047835336071293,0.023008779777449914,1.4766636904831707,0.023595771902928428,0.013056304330564568,0.08579786975829344,0.003800046791496696,-0.001367662750851013,-0.000856671750007219,0.0,0.0,1.5,0.036940708958522264,10769.86409109207,10785.327903608713,10792.36426471293,10780.150891753829,0.0,0.0,0.0,0.0,0.0,0.0,nan,0,0.019562826753035327,0.024549123496535985,0.008702823910376578
4.125107016,-0.016725820692270667,-0.013856906729299972,1.4643337720915106,0.0066609650998115414,0.009505310031098089,0.09263180982858817,0.0026104807065819163,-0.00041215158279471085,-0.004590005860936366,0.0,0.0,1.5,0.04175939122107524,10749.996625636553,10757.92000157985,10756.216283625356,10755.60047261795,0.0,0.0,0.0,0.0,0.0,0.0,nan,0,-0.014147972432506714,-0.012480968599394274,-0.0044491071917922564
4.134808280000001,0.0251562232623903,0.01496564001103605,1.4532510838765216,0.005783776263282869,0.020159162513678577,0.04998127351853944,0.00660746023427357,-0.0017426113034119878,-0.002155327735442707,0.0,0.0,1.5,0.05515675034378993,10726.422131242125,10732.001403957818,10741.400973222613,10739.878349203671,0.0,0.0,0.0,0.0,0.0,0.0,nan,0,0.027776848416250523,0.01623685255876939,-0.016063166286905073
4.149825739000001,0.0066534648272351705,0.0019037187760170932,1.4553043751726589,0.006235473114554714,-0.0005675637333270487,0.07559492020098636,0.006855950871062654,-0.0038164530130275413,-0.0005604597192070116,0.0,0.0,1.5,0.04522821705630069,10768.759055924358,10756.754131029815,10769.197703694024,10779.637093351308,0.0,0.0,0.0,0.0,0.0,0.0,nan,0,0.009339406175825583,0.00302555208880677,-0.014782817992942121
4.16480192,0.007938563552240971,0.001933690462445405,1.4589703792692201,-0.010389033671558755,0.03375118909777611,-0.020063403021240513,0.005352861867246489,0.00290679263745706,0.006584901794541569,0.0,0.0,1.5,0.04183526894127923,10765.398230684546,10750.213841297378,10775.208267229022,10786.553371954078,0.0,0.0,0.0,0.0,0.0,0.0,nan,0,0.010691026391478812,0.0029158716390480423,-0.011868969602330637
4.174727740000001,-0.021563526615772807,0.001117757881060327,1.4816768920446453,-0.013758358521895064,0.025538134172825758,0.03418765455917995,0.00041589874027303454,-0.00023525476537718948,-0.005047365346835362,0.0,0.0,1.5,0.02831909864267221,10825.609242436882,10815.501758185123,10829.14323351924,10843.515469039505,0.0,0.0,0.0,0.0,0.0,0.0,nan,0,-0.018766130951658366,0.002012495103596371,0.010342398172129341
4.184799498,-0.00649144335518495,0.001935820174041657,1.4833946216762874,0.020264612956117728,0.0033455874535564998,0.02742638590929645,0.0030764576067803537,0.0007149774329208149,-7.566349294427047e-05,0.0,0.0,1.5,0.017933901579227664,10812.289907628337,10810.713682185979,10821.297593288606,10819.49429617901,0.0,0.0,0.0,0.0,0.0,0.0,nan,0,-0.003648695572102196,0.0027478093299127078,0.011565034248506745
4.199826484,0.006671806874537545,-0.002572307456225727,1.4757569876127785,-0.008215589436495488,0.006936049279482163,0.04406231086215315,0.002410625874724006,-0.001321784533474128,-0.001253580909481183,0.0,0.0,1.5,0.02527554988971467,10807.112269775118,10795.10204810487,10810.90984657659,10820.27355406419,0.0,0.0,0.0,0.0,0.0,0.0,nan,0,0.009583280949642602,-0.0018753949071624713,0.0031881354186231725
4.2146069740000005,-0.002441552056662272,-0.002209584395752796,1.459134248809419,-0.03537367303501423,-0.017468061920588127,0.0498111741121615,0.008599651878521684,0.0013109074606849017,-0.0009186630020300967,0.0,0.0,1.5,0.04099820800983646,10799.581220626833,10787.648276974529,10805.023343831715,10814.883390267658,0.0,0.0,0.0,0.0,0.0,0.0,nan,0,0.0005393788689698189,-0.0016165817556861332,-0.014166991947666796
4.224886184,-0.018856193330120195,-0.01661142340651858,1.454534870777868,-0.0007433406958639582,0.01736786122787526,0.022002962039603995,0.0050236707038918684,-0.003338162643423051,0.002064838488774191,0.0,0.0,1.5,0.05194779484904688,10781.812237972277,10786.108865577553,10818.092544248737,10813.318877468306,0.0,0.0,0.0,0.0,0.0,0.0,nan,0,-0.015828599750592698,-0.01608133398877313,-0.019249410032198266
4.234641691,-0.0257544282182911,0.003296420517182181,1.4529746830517176,0.011629059657118862,0.005057856285213421,0.0045042542233351655,0.0054187704185652335,-0.0027404620663290017,-0.0019033548219941272,0.0,0.0,1.5,0.053717198318263236,10792.891699566066,10802.249960480845,10832.05435682055,10825.044443208764,0.0,0.0,0.0,0.0,0.0,0.0,nan,0,-0.022679914383284296,0.00376879464683482,-0.02129089165809983
4.249702583,-0.004522406458769435,0.011449835252050036,1.4718107819993316,-0.022973894283047747,0.03897593023328656,0.06283214303437312,0.008450818071421716,0.001044336061506132,-0.002227094024742279,0.0,0.0,1.5,0.03076008613392713,10846.881563402312,10861.686343157347,10886.695433168543,10873.398006309471,0.0,0.0,0.0,0.0,0.0,0.0,nan,0,-0.0013770925608690703,0.011845580174196688,-0.0031844712657078666
4.264931482000001,-0.01092429613257723,-0.0009608757268023771,1.4487143710925847,0.0009805261333774753,0.0020329632145638455,0.03586964486306284,0.009154137345630564,0.0004503602072650485,0.007170729537788286,0.0,0.0,1.5,0.052445011779803326,10823.438452893066,10840.784000660686,10852.9580362855,10835.151111098901,0.0,0.0,0.0,0.0,0.0,0.0,nan,0,-0.007707793522338147,-0.000629651463787547,-0.02702744714452665
4.274969715,0.005922299057170112,0.007855668207389997,1.4526713755574308,0.010318854397665266,-0.002416406516868223,0.09207335157287623,0.0065501522122113865,-0.0018340268733972457,0.0034853311326433394,0.0,0.0,1.5,0.04834029210434003,10828.746615026936,10846.246865147887,10859.341148221218,10850.990859967544,0.0,0.0,0.0,0.0,0.0,0.0,nan,0,0.009186394305377897,0.008150631693675327,-0.02357307002364828
4.289646939,0.0022618067771145245,-0.0031179042267167395,1.4862886951871124,0.007661771284750414,0.02964512144567212,0.037584624349064365,0.003213754448132958,0.0006306879792603775,-0.0017042094277859062,0.0,0.0,1.5,0.01424208469065869,10782.402653051924,10788.401874698915,10801.740565887769,10809.26297645068,0.0,0.0,0.0,0.0,0.0,0.0,nan,0,0.005597341912497501,-0.0028671987081497503,0.009290449987507277
4.299941969000001,-0.00025145240430881873,0.011864605785559966,1.457403309133492,-0.02579056761273506,0.008794290291051188,0.0001775952518934988,0.0024041745407080823,-0.004740257364780007,-0.0001489862881173384,0.0,0.0,1.5,0.04421888930689269,10773.557222603173,10772.953251011875,10781.26613396901,10793.678930610104,0.0,0.0,0.0,0.0,0.0,0.0,nan,0,0.003131650320555255,0.012092529320566696,-0.020090060197887505
4.314850973,-0.014014761194326663,-0.0007395008580044917,1.4546912016435443,0.008103332169376969,-0.04365607041140346,0.004138737323327133,0.004733293696158113,0.0007232526774295717,0.0021949727564576104,0.0,0.0,1.5,0.04743255845259625,10816.428393637432,10824.170325148998,10823.753809089521,10822.256834014219,0.0,0.0,0.0,0.0,0.0,0.0,nan,0,-0.01056054975851935,-0.0005356791463138473,-0.023534078791980884
4.329655398,0.008577119056614726,-0.009607345058420811,1.4804249297923202,0.022667305204205426,0.022172865942406576,0.02667069380725317,0.0024635962575604324,0.0016838697579027015,0.001236603525482533,0.0,0.0,1.5,0.02343184636383781,10846.941237224064,10850.747690797703,10877.701205311912,10881.616066614293,0.0,0.0,0.0,0.0,0.0,0.0,nan,0,0.012101967043517693,-0.009415476805728138,0.0014618972716282652
4.339696537,0.0028599199972466497,0.0004604761120796274,1.475073854374978,-0.017851387262280815,-0.02010978062952035,0.05864507519293075,0.004617544603974176,-0.0005115588596880332,-0.0010349737138743477,0.0,0.0,1.5,0.025093901975584684,10851.86895245021,10846.361254886193,10872.08077769872,10885.238906569164,0.0,0.0,0.0,0.0,0.0,0.0,nan,0,0.006431494086880238,0.0006511228030365987,-0.004391097507611352
4.354715349,-0.024403916392088696,0.004471313455359803,1.4434473551693097,-0.001972752163697357,0.007598413769100593,0.05685039624419049,0.007031041988321068,0.0011378368842642384,-0.000298434302815129,0.0,0.0,1.5,0.06175552944177827,10811.531751701275,10807.553573485107,10831.470874861461,10840.228540430828,0.0,0.0,0.0,0.0,0.0,0.0,nan,0,-0.020762944452556584,0.0046701018315892405,-0.03677918384280443
4.369685348,-0.01211745514402776,0.0068764916225244705,1.4612412112423443,0.01166560610645403,0.017022688408426155,0.009196857616186873,0.0042678183044047215,-0.0013341201927300399,0.00938009675025266,0.0,0.0,1.5,0.041186922222505924,10815.353277432861,10819.134010136273,10833.557073077907,10833.159247572627,0.0,0.0,0.0,0.0,0.0,0.0,nan,0,-0.008408064026334167,0.00709514921206243,-0.019748189013166773
4.379872613,0.004545932518597253,0.004175387808812335,1.469423076308744,0.02044418852534633,-0.03202109261872257,0.019597327911474748,0.006879300074982808,0.0008900343140589622,0.003981198136685569,0.0,0.0,1.5,0.031193711357235393,10830.077067634269,10837.713756699499,10839.942374168553,10841.54077300654,0.0,0.0,0.0,0.0,0.0,0.0,nan,0,0.008300312121407631,0.004413679144497221,-0.012076164321902061
4.3896794880000005,-0.005969171017821304,-0.0036246654755079776,1.4852993261523848,0.030602234740595737,-0.013448257287917788,0.06567523250425952,0.007515747800441012,0.00025759048932707184,0.004516764432675822,0.0,0.0,1.5,0.016275104117126092,10842.099749704523,10845.019238001956,10846.246721225336,10858.238829059954,0.0,0.0,0.0,0.0,0.0,0.0,nan,0,-0.002170361666301712,-0.0033617169917756263,0.0032861578866412167
4.399877784,-0.005616454002014433,0.0015097450331461302,1.4673454880662633,-0.007981593102148092,0.0022041717162923553,0.09100792264786328,0.0046771892816303085,-0.00020806660220002622,-0.007162380611300305,0.0,0.0,1.5,0.033168374021836006,10818.87258339594,10812.481939885529,10823.32912214712,10846.209780420313,0.0,0.0,0.0,0.0,0.0,0.0,nan,0,-0.0017738230614245398,0.0018022802436782098,-0.015185301554827113
4.409669190000001,0.010210162581263036,0.0029785253288259765,1.5147034152698158,-0.011450763798186443,-0.006248263294106405,-0.0013196335428714502,0.0036415393427870566,0.001444198837190306,0.003385335288684599,0.0,0.0,1.5,0.018146885508729414,10781.221017845566,10772.404384270361,10786.110163492014,10804.970239273898,0.0,0.0,0.0,0.0,0.0,0.0,nan,0,0.014095966844759588,0.0033054444714225905,0.03165803787919241
4.419882505,-0.01117650787782749,-0.005662028448259559,1.4915903330932772,0.025726533915168204,-0.0020182730540880055,0.05798878210532673,0.0021160031595787443,0.0015149443496606989,0.003964802460385868,0.0,0.0,1.5,0.015089578919707134,10768.668819957122,10762.209203900546,10773.023873272628,10785.127380788355,0.0,0.0,0.0,0.0,0.0,0.0,nan,0,-0.007248210709674955,-0.005296064184369176,0.008038996801018161
4.429738833,-0.01284481100633661,-0.005416752298365211,1.4792339684101319,0.008364950024134671,-0.027600676837567707,0.07756124840001974,0.00383187909657723,0.0014816539359444173,-0.00034157771920896487,0.0,0.0,1.5,0.02501116637107817,10761.924597711322,10753.137041756921,10759.375846479352,10775.913024050022,0.0,0.0,0.0,0.0,0.0,0.0,nan,0,-0.00887473061777648,-0.005007201655537101,-0.004814024352515878
4.444730573,0.000648819915520479,-0.004625821853361631,1.478526095761237,0.011604319833831716,-0.01711289712509052,-0.012747132411645472,0.002095694128376457,0.00042996233342217516,-0.0066029274622299485,0.0,0.0,1.5,0.021976072405172402,10728.950725034774,10718.289489099012,10734.475208696982,10749.474215784474,0.0,0.0,0.0,0.0,0.0,0.0,nan,0,0.004680198969947131,-0.004142679934753048,-0.006242134677012734
4.4546941250000005,-0.003674087548030197,-0.01197877282869314,1.4966046331482827,-0.009981403218306473,-0.01370820343923687,0.025138908568528382,0.0049115169913072805,-0.000916149092963506,-0.0019461891780606705,0.0,0.0,1.5,0.0129814650116914,10782.081818587783,10765.640761949906,10786.162633928963,10796.993244137906,0.0,0.0,0.0,0.0,0.0,0.0,nan,0,0.00039721709830856187,-0.011441279889607123,0.011371457517089345
4.464750943,0.004756036627640485,-0.003798896885976745,1.5094714149689903,-0.04748305559859359,-0.005951472721467631,0.07551502821519901,0.0038479874475536957,-0.0004845312623634303,0.00035640109981995016,0.0,0.0,1.5,0.011258738982166476,10772.489696365272,10764.972253387707,10787.507705793181,10788.246337496337,0.0,0.0,0.0,0.0,0.0,0.0,nan,0,0.008866502947057495,-0.003202964371307314,0.023780840947722037
4.479911563,-0.0004504829051474777,-0.0033987980221315607,1.4864443918251566,-0.027145391274154516,-0.03727171750367696,0.08879511600255141,0.005509844843909631,0.0019084669976144914,-0.008729399355118165,0.0,0.0,1.5,0.01398246315328439,10692.5987057012,10713.142087891005,10729.580681196612,10706.868564986942,0.0,0.0,0.0,0.0,0.0,0.0,nan,0,0.0037172976911785346,-0.002707920567828408,9.360003819414153e-05
4.4947129530000005,-0.0012984940452672694,-8.160687964099548e-05,1.5026348405943757,0.012314760810688231,-0.015434461282233549,0.021112601657721854,0.0026238231760544236,0.0012770067504761825,-0.0029424529589035307,0.0,0.0,1.5,0.0029385594134149,10653.681208741282,10676.234507662788,10706.642053152775,10673.596362222394,0.0,0.0,0.0,0.0,0.0,0.0,nan,0,0.002924875371902829,0.0007123974226846517,0.015674120603904607
4.5049358360000005,0.003278190739191682,0.013988407985097762,1.502214357677136,0.005537821699617121,-0.004114057707969845,0.03904979336357085,0.004215936058257103,-0.0012383028586804904,0.005621535265704683,0.0,0.0,1.5,0.014537037951465916,10688.68777161386,10695.235716414816,10720.122412468285,10701.038770704765,0.0,0.0,0.0,0.0,0.0,0.0,nan,0,0.007537622093702468,0.014855414100882224,0.01487708187690151
4.515091953000001,-0.006591199690056747,0.0028836952359673792,1.467868422945302,0.0237273385472014,-0.026182872941544786,0.05926227665430736,0.005356943168122159,0.0027393472923746896,-0.0016545016795765535,0.0,0.0,1.5,0.03292715984700375,10699.72628838498,10703.510274476013,10713.213483426549,10707.09989999214,0.0,0.0,0.0,0.0,0.0,0.0,nan,0,-0.0022965512584827994,0.0038268972230136897,-0.019824096813450653
4.529695828,-0.015578588053485278,-0.007657812514438605,1.480621586557511,-0.022518379021158486,-0.02809793774051429,-0.011583791987224989,0.0013288674224749915,0.0014597975028768314,0.005072308421277072,0.0,0.0,1.5,0.026016483347957045,10728.016938762852,10712.802990760772,10728.152249139832,10737.599337303993,0.0,0.0,0.0,0.0,0.0,0.0,nan,0,-0.011232798338469121,-0.006594739832528824,-0.007567970631864762
4.544937933,0.006827704863884365,-0.003232090384223965,1.4946170336130833,-0.02389175531616341,-0.014971316547014876,0.046513040169209714,-0.0005184679500975928,0.0015854712115728573,-0.005429410922381304,0.0,0.0,1.5,0.009275790482906476,10773.83098851065,10771.096019587265,10785.471524331757,10787.43258668606,0.0,0.0,0.0,0.0,0.0,0.0,nan,0,0.011222481423828454,-0.0020430310117407254,0.005963497266398221
4.5599936350000005,-0.007787048274899578,-0.016501859437056565,1.4975488205707017,-0.015793895036231416,-0.004921960528092033,-0.004108533841442955,0.0016342095898680064,-0.003126769845870804,-0.002096638329458216,0.0,0.0,1.5,0.018410805694227626,10753.180282208068,10754.97313517228,10761.223461219288,10753.427277167584,0.0,0.0,0.0,0.0,0.0,0.0,nan,0,-0.0033455665836170613,-0.015181380618078558,0.00845334943988263
4.574765779000001,-0.0005607576346090886,-0.008051509025786456,1.4817137544131875,0.03031576601565494,-0.004837107780496307,-0.040192092038813666,0.0030070228273155627,-0.002026451129843392,0.004059522523504027,0.0,0.0,1.5,0.01998819712676237,10769.978590289234,10780.31461948185,10783.899902703353,10765.116356140074,0.0,0.0,0.0,0.0,0.0,0.0,nan,0,0.003925037037036402,-0.006594925158654586,-0.007797947640184599
4.589772347,-0.0033747845660449197,0.006332287641682079,1.4835203477043728,0.004824140368551134,-0.011047256412428435,0.01974765111309002,-0.0034890046091311053,0.004692730289426668,5.211531748673279e-05,0.0,0.0,1.5,0.017974036203062056,10857.333384833688,10849.34581864179,10844.485815192927,10851.919179046095,0.0,0.0,0.0,0.0,0.0,0.0,nan,0,0.0011527769256383137,0.007928954265253366,-0.006400455551638151
4.604791007,-0.013305917378455817,-0.007666279361120108,1.5060138374211212,-0.021240885682231512,0.0006286815632617833,-0.02912521886055484,-0.0020904145059267632,0.006255258475912167,-0.0013052113064635413,0.0,0.0,1.5,0.01649198341779138,10868.911215892578,10853.736770724705,10837.182633694605,10854.516425976346,0.0,0.0,0.0,0.0,0.0,0.0,nan,0,-0.008739304888973383,-0.005926257448164097,0.015669495782934417
4.619657039000001,-0.007370744860346379,-0.005398544929261872,1.4827797515865124,-0.004732941092310473,-0.0094757191874545,0.043708610328973156,-0.002097245292409871,0.0013693678434200513,-0.002357375730539331,0.0,0.0,1.5,0.01949382267724324,10875.528262173235,10872.877165161039,10849.057642696975,10853.636250582858,0.0,0.0,0.0,0.0,0.0,0.0,nan,0,-0.0027679157219264085,-0.0035126161537641885,-0.008003028871595097
4.629862661000001,-0.010371515600880236,0.0015697806239465704,1.5097550759583638,-0.005083521544157941,-0.059461864662011525,0.10727914056763392,0.001025692565788566,0.004204216038350893,1.1726789214740071e-05,0.0,0.0,1.5,0.014324596120661384,10859.74681728878,10860.148475946184,10837.677227598873,10836.374242795619,0.0,0.0,0.0,0.0,0.0,0.0,nan,0,-0.005746162016566235,0.0035540641619480717,0.018671184235831806
4.639862681,-0.0011735509767001576,-0.018333115349076248,1.49002568176069,-0.014685216930355368,0.009061170650951536,0.01978039296470427,0.0030733470713435527,0.001139354681580023,0.002722680846182458,0.0,0.0,1.5,0.020903764365216137,10792.399482681323,10791.651354818534,10783.485334165998,10780.380157709484,0.0,0.0,0.0,0.0,0.0,0.0,nan,0,0.003473010588687575,-0.016249830610202895,-0.0013601440936730214
4.654693998,-0.0078046286374347795,0.002792997448241885,1.484503620647044,-0.005207009317735777,0.0008378734811065512,-0.00019892614867638862,0.0030759436397147567,0.0039165051147658754,0.00014338182858533428,0.0,0.0,1.5,0.01757415249634731,10760.38076668925,10765.070013422575,10761.417302715445,10758.076950039256,0.0,0.0,0.0,0.0,0.0,0.0,nan,0,-0.0031287475529246144,0.005025607387956381,-0.007313812297075506
4.669802099,-0.007166467006408014,-0.0027355975955982628,1.4868491046472623,0.02800929602229269,0.0029637375355632298,-0.0020071208424971686,-0.00030928893586335243,0.00018099404439005144,0.0013626781290931864,0.0,0.0,1.5,0.015224578553695215,10805.802493207173,10804.381212171711,10797.363973379415,10796.304344819719,0.0,0.0,0.0,0.0,0.0,0.0,nan,0,-0.00246434561085096,-0.0003531744372707313,-0.005381559355807086
4.684857519,0.010030986672786986,-0.012780240832907753,1.4836782291937793,-0.013164008468950364,0.009404210633682316,0.017048643751375266,5.240376278686259e-05,0.0010974000018815048,-0.00208226936824211,0.0,0.0,1.5,0.023029447488542788,10838.387984356752,10826.18881945588,10810.854707542472,10822.867862388433,0.0,0.0,0.0,0.0,0.0,0.0,nan,0,0.014756157832409167,-0.010248067520319662,-0.008960664776798355
4.699716729,-0.022412740832073393,-0.0048698350961948415,1.5150161439745573,0.020282365420297942,-0.03208744204126053,0.018426270441835747,-0.001487522736119582,0.0021533718346381007,0.00579697424190012,0.0,0.0,1.5,0.027414062547066145,10837.681071780135,10828.409610794806,10810.846219791998,10816.771626965938,0.0,0.0,0.0,0.0,0.0,0.0,nan,0,-0.017667801818945523,-0.002188501074250242,0.021968268353333542
4.714665457000001,0.0026608970032222833,-0.0030190655551336197,1.5134130919307607,-0.004397966769743471,0.006757676531455049,0.008289532065514476,0.0010865232263339028,-0.0006960607422125318,-0.002740897541696672,0.0,0.0,1.5,0.014003791087808646,10806.218351409996,10799.058013990587,10787.824606377813,10799.581923121537,0.0,0.0,0.0,0.0,0.0,0.0,nan,0,0.007422266650474212,-0.00018964055168256295,0.01995788586287217
4.724832364,-0.012088252964350156,0.013028667578826626,1.492761459593747,0.04188224617247439,-0.026198950379318194,-0.006593376416934092,-0.002961529111124748,0.0029484682179332167,-0.0015999165287787465,0.0,0.0,1.5,0.01919032323392821,10797.795679604651,10792.267232223481,10779.006040225864,10785.49605050096,0.0,0.0,0.0,0.0,0.0,0.0,nan,0,-0.0073177952897215326,0.01595601200496881,-0.000959455413000132
4.7346670920000005,-0.0022497690840006176,-0.010661460785477427,1.497870115651576,0.022744953232601697,0.029450058477794985,0.010292793446520619,0.0004526966076296269,0.005605463316835853,0.0027734081379302,0.0,0.0,1.5,0.011102459833264872,10822.723109114959,10802.60990576489,10794.324346325922,10811.520032891303,3.0,0.5,0.0,0.0,0.0,0.0,nan,0,0.002303294831386157,-0.007674482026760224,0.0038876418380806577
4.749658983000001,-0.021497155985078464,-0.00889978196811654,1.4987075889604136,0.07159511674346172,-0.003221696566621187,-0.006566163501663004,-0.0008092694190802662,0.006212866684755333,0.0054156048609725355,0.0,0.0,1.5,0.02330244967427356,10830.867093945228,10801.928367772334,10777.86630266146,10809.524069048563,3.0,0.5,0.0,0.0,0.0,0.0,nan,0,-0.017835166255945455,-0.0059187750234431895,0.004337887304264987
4.759665956,0.0019886502433620165,0.0050273217435478305,1.4944421418485985,0.0950359557999404,0.0273408293383113,0.07900733071278128,-0.004247692847444133,0.0036595493253467042,0.000673089431936794,0.0,0.0,1.5,0.007753610832036453,10840.628153582758,10801.613876611274,10776.019890745583,10821.626521567012,3.0,0.5,0.0,0.0,0.0,0.0,nan,0,0.004680178829757597,0.007940617650830284,-0.00018217373241924406
4.774730625,-0.006850838508425998,-0.0032582625447046443,1.4953643554274345,0.1351659574209496,-0.008109629079556037,-0.008724228795365213,-0.002644007456003147,0.003594878033066563,0.000498233942024967,0.0,0.0,1.5,0.008890414145691618,10818.976947914321,10745.76809838649,10707.231277729816,10786.117986269091,3.0,0.5,0.0,0.0,0.0,0.0,nan,0,-0.006179140416457164,-0.0005422835033661766,0.00036546612183308014
4.784924102000001,9.183276537341701e-05,-0.018407952905235458,1.5187055588018659,0.18654259537331608,0.025535098798264138,0.07395247778649912,-0.004703065569777506,0.001711297939223586,0.0008985692009697703,0.0,0.0,1.5,0.02624422019241997,10853.30831092469,10752.929884380956,10724.691064012319,10829.280076783385,3.0,0.5,0.0,0.0,0.0,0.0,nan,0,-0.0009587778457844527,-0.015887413571373424,0.023466716430434076
4.794675521,0.024567482107852857,0.0023991300561888684,1.4958539033724616,0.2204741609380139,0.04550922142274456,-0.012532492946626766,-0.0005101561263084569,0.0013428435164354444,0.00440886884873242,0.0,0.0,1.5,0.02503012423842647,10834.04837103602,10712.16330236724,10680.86337086203,10807.063199740776,3.0,0.5,0.0,0.0,0.0,0.0,nan,0,0.021494285333623554,0.004673085409094703,0.0003862293288163787
4.809706076,0.0034686873685293887,0.019787758094118358,1.5056453220245583,0.28974351514418284,0.038529429334793155,-0.014570795677050713,0.0007934958227856695,0.0015830322072993251,0.005316524964359495,0.0,0.0,1.5,0.020867602239186572,10902.563860707218,10708.71081243017,10659.89140897503,10861.007322854892,3.0,0.5,0.0,0.0,0.0,0.0,nan,0,-0.0032006250242516405,0.021595926311970697,0.009856281774770936
4.8197494690000005,0.014492637861073989,0.008840514105819014,1.4940354273248106,0.2606129326428451,0.05219524882245076,0.025874323354620393,0.004279342693640485,-0.0015734795261741349,-8.105848107749163e-05,0.0,0.0,1.5,0.01799353686813784,10922.635989599792,10716.060061080281,10663.707913197573,10878.223501225653,3.0,0.5,0.0,0.0,0.0,0.0,nan,0,0.0050517527648937,0.0102742286862054,-0.0019608298507574062
4.829664539,0.005847622908771976,0.004874261200303295,1.5225327679898057,0.30387366721422754,0.07192403356900287,0.04370028841346148,0.0019266223714810087,-0.001689222501570191,-0.00645218699074111,0.0,0.0,1.5,0.023784001959602834,10951.61444148763,10706.741826541524,10647.565081777608,10903.773394226488,3.0,0.5,0.0,0.0,0.0,0.0,nan,0,-0.006663487193706217,0.005882425277057398,0.02633209206873688
4.844800662,0.0019200160206574168,-0.021856857852970535,1.50977505455763,0.3775204792027677,0.03847902943766936,0.017767941307083764,-0.0030520001526194887,-0.0018545919956284521,-0.0015632173846769257,0.0,0.0,1.5,0.02401999975706047,10935.685766035927,10672.993198101676,10612.11378474869,10878.797052881728,3.0,0.5,0.0,0.0,0.0,0.0,nan,0,-0.01575478916693366,-0.021582649097226306,0.013279160251366218
4.8598749990000005,0.02750838764103167,0.010588728481434068,1.495536255624231,0.4151401408588163,0.04758361737378765,0.01426963774728207,-0.004965432668892925,-0.0009947198049463544,0.002518544409937261,0.0,0.0,1.5,0.029812037423078037,10931.665099692325,10620.739677856327,10574.986069244093,10884.430895105792,3.0,0.5,0.0,0.0,0.0,0.0,nan,0,0.004002572857377037,0.010014584486948912,-0.0012289796093714056
4.869706787,0.01611361931359227,0.002984491061646187,1.4710500873900392,0.4522643178258533,0.0750117066926,-0.039613446154763525,-0.001915385261432794,-0.003267452808961576,8.426948562887285e-06,0.0,0.0,1.5,0.03326639978123254,10947.175333252424,10616.386558443934,10569.886601828151,10902.049696147391,3.0,0.5,0.0,0.0,0.0,0.0,nan,0,-0.011648443495757544,0.0017814756096957238,-0.025879764598608634
4.884706947000001,0.026331230073815395,0.004177894176049388,1.4870055288794695,0.45756529771174625,0.12863663225543712,0.0009753295733062784,-4.7970088684794165e-05,-0.0069151927843118174,-0.009510758111985965,0.0,0.0,1.5,0.029658805718517558,11031.024707323275,10684.135502295803,10622.811161884856,10977.783693422405,3.0,0.5,0.0,0.0,0.0,0.0,nan,0,-0.008365221965052058,0.001937070843132984,-0.010158133300657068
4.894880196,0.04867081731828938,0.003310903176372438,1.5095274584194673,0.4848177440484579,0.08775379762186793,0.058704906072942244,-0.0011377704664124674,-0.008438633349575085,-0.004554463391030822,0.0,0.0,1.5,0.04970495953331307,11050.772647780874,10697.473492364014,10618.572392723621,10972.143113296534,3.0,0.5,0.0,0.0,0.0,0.0,nan,0,0.008987081530469045,0.0003155195470953068,0.012206208444568212
4.904881931,0.06535350379144494,-0.012607717771220137,1.4947285998576043,0.5293983307623099,0.09745316687328513,0.0005200106345021627,-0.0008832471975877747,-0.008667302743739589,-0.0036656076716189683,0.0,0.0,1.5,0.06676692792602036,11026.908859160087,10663.634906177373,10584.932896338423,10946.687927302444,3.0,0.5,0.0,0.0,0.0,0.0,nan,0,0.02039302773932212,-0.01640751062593424,-0.002747856067021104
4.919703087,0.04834087850520014,0.002682706125195796,1.480148092174609,0.6237932430040479,0.1140551365890792,-0.002211442825748427,0.00132266727287152,-0.01628524824841214,-0.005054923020547239,0.0,0.0,1.5,0.05232719838780309,11033.814063106405,10642.748213369026,10565.930519493528,10957.258843738937,3.0,0.5,0.0,0.0,0.0,0.0,nan,0,-0.005073114072683502,-0.002416491538108983,-0.017551077235888224
4.934795248,0.06376434296163107,-0.0059979702149399435,1.5225536752351543,0.6107008172710494,0.05116856831021516,0.016245196393423495,0.0021962165539064892,-0.014090362719470456,0.0026319792846607177,0.0,0.0,1.5,0.06790092301758958,11067.492057172029,10658.494374562568,10578.220824557166,10989.061299194025,3.0,0.5,0.0,0.0,0.0,0.0,nan,0,0.0012575735389441234,-0.012506840302233008,0.024637118535147717
4.944731949,0.07960051350261695,0.013711741381274144,1.4980008255295774,0.6346511091934348,0.09233556604482368,-0.03054190686833511,0.001418163590736935,-0.01687400761822147,-0.0038792515382886617,0.0,0.0,1.5,0.08079758845504263,11025.377958728497,10612.66032831306,10556.010437924611,10975.172195978821,3.0,0.5,0.0,0.0,0.0,0.0,nan,0,0.010680938376719948,0.006202514099780342,-5.823781728198085e-05
4.9600301600000005,0.054854644829442634,0.022780143619572434,1.4776710152587598,0.6953661192542702,0.1275538238689662,-0.015582845056891293,0.0040428659644941665,-0.02551964125195508,0.005032208745618425,0.0,0.0,1.5,0.063455106668157,11060.98708200781,10657.106495027483,10601.33339083747,11011.209928707816,3.0,0.5,0.0,0.0,0.0,0.0,nan,0,-0.02420352534888992,0.013680669645834148,-0.020598898992566284
4.9697725020000005,0.08681028075227698,0.021091612636801167,1.480610616041733,0.735146125873786,0.07672576537459708,0.02887232908518705,0.0023086234561681914,-0.02859808938110182,-0.0040436306267183225,0.0,0.0,1.5,0.09141569437569856,11077.964419543536,10685.820109375938,10620.086845848868,11024.554715875882,3.0,0.5,0.0,0.0,0.0,0.0,nan,0,0.0006514217808803874,0.010872903072512654,-0.01780396481113411
4.984724236,0.09576586321317074,0.02676757755935654,1.4473431584974705,0.7639493072474961,0.133179865867785,-0.0576206473754039,0.004676096122158665,-0.034225562924599114,0.003322997812218567,0.0,0.0,1.5,0.11251820618185489,11064.327538280535,10670.758721966407,10608.218496189622,11016.207098186904,3.0,0.5,0.0,0.0,0.0,0.0,nan,0,-0.0015479462904272184,0.01478275561472673,-0.05129917439774023
4.999793161,0.11144445458155645,0.007960311090476586,1.5086023230220784,0.8194216474353988,0.1364069951829382,-0.030181265559411988,0.006121987824552545,-0.03730029566298632,0.000571075079230438,0.0,0.0,1.5,0.11205906019155232,11149.78984677597,10788.09394251661,10709.27867138187,11098.130340290567,3.0,0.5,0.0,0.0,0.0,0.0,nan,0,0.0023823367876387447,-0.005893554268781635,0.009708811101173387
5.014827825,0.12222631201533418,0.01739522792069382,1.4886822919658174,0.8662600741771918,0.1401700970798114,-0.039621545264825454,0.00201745984730774,-0.04519702458742907,0.004444287834233072,0.0,0.0,1.5,0.1239756259045693,11134.969434348868,10786.735852801232,10707.21740058822,11086.34042782423,3.0,0.5,0.0,0.0,0.0,0.0,nan,0,0.0008368201193663938,0.001571610380375111,-0.01051069341004629
5.024937743000001,0.13387225473171335,0.01056105477185227,1.4946570529754972,0.8658789160262969,0.10445302403944387,-0.03135102429246301,0.005520039645187211,-0.04688248902218083,-0.003306564613673178,0.0,0.0,1.5,0.13439443272603763,11117.205038472217,10798.569360190719,10717.914974825528,11070.030068538748,3.0,0.5,0.0,0.0,0.0,0.0,nan,0,0.003949795997120503,-0.00663056402184942,-0.004759308449442612
5.039857909,0.15509794800278384,0.011111272587275327,1.4980699300098548,0.8929458456313184,0.14464566410546797,-0.059408661453097665,0.005262829252035874,-0.053747167591114794,0.001440983330429344,0.0,0.0,1.5,0.15550742433514175,11085.727810788994,10787.6944508702,10728.639269411964,11051.508660889525,3.0,0.5,0.0,0.0,0.0,0.0,nan,0,0.0119150406310147,-0.008212814919445557,-0.0017123582769027479
5.049765625,0.15665636187668464,0.01609278985176677,1.510125852405081,0.9487405802092538,0.15706948077612856,-0.059466282094493804,0.005783893657270223,-0.0616040031354943,-0.003144290756767516,0.0,0.0,1.5,0.1578059773537789,11057.99289564793,10793.723216846403,10748.923954583695,11034.23823794586,3.0,0.5,0.0,0.0,0.0,0.0,nan,0,0.004332573405639056,-0.004705501282077695,0.010081731897029433
5.05990549,0.17262351325828848,0.033915291156327534,1.50942176345499,0.9550334634253335,0.13819904056537125,-0.07229383019136763,0.008566244898880205,-0.06487999357216101,0.0006891487131354963,0.0,0.0,1.5,0.1761757472822373,11040.272831520442,10810.631122072738,10765.426656092543,11016.6184477551,3.0,0.5,0.0,0.0,0.0,0.0,nan,0,0.010924099509162233,0.011601660604538835,0.009101362533225021
5.069793247000001,0.16661671917812154,0.020660608806136627,1.527915146925282,0.9671950228855968,0.12858350230675633,-0.03149623792755705,0.008408485489791022,-0.07326113669713177,-0.0006549082723318663,0.0,0.0,1.5,0.1701976712348947,11019.678945561473,10824.468183835637,10782.745183143687,10997.98034799838,3.0,0.5,0.0,0.0,0.0,0.0,nan,0,-0.004688087876634522,-0.003208708013145486,0.027305188056086394
5.084956824000001,0.18183059711890623,0.009837699535162583,1.4882209715003516,0.9906386816290415,0.16548259297270235,-0.09808570795524366,0.012736936776603978,-0.07836793829307488,0.0016585340937044998,0.0,0.0,1.5,0.1824770996403594,10950.210067662529,10799.54536344196,10767.437559283455,10938.471807134,3.0,0.5,0.0,0.0,0.0,0.0,nan,0,-0.004302125396153017,-0.016439055348971818,-0.01284365866310555
5.099897928000001,0.19259828384328745,0.029678274562305693,1.5251295718224398,0.9924509216837857,0.15609404549598235,-0.07435964900319594,0.013762103580130818,-0.08565809241331476,0.0006864498477640195,0.0,0.0,1.5,0.19648509943594775,10969.308479533916,10884.504329478706,10861.188239467667,10969.392647748824,3.0,0.5,0.0,0.0,0.0,0.0,nan,0,-0.00885055259608436,0.0009078528519261587,0.02358962110374252
5.109722356000001,0.2126804508530388,0.04692998584627077,1.497423270114368,1.04958506985072,0.14760282617498596,-0.0494904382739421,0.012687968671963762,-0.09419836553316302,0.00067309833477551,0.0,0.0,1.5,0.2178119309943478,10973.828071198699,10904.60965746797,10883.37410474179,10976.709987769133,3.0,0.5,0.0,0.0,0.0,0.0,nan,0,0.0007592087349423682,0.016450705108492916,-0.004452288153734996
5.124794249000001,0.20486497076292318,0.027510572482369735,1.5022361934968094,1.1074446139455638,0.22617438365781553,-0.07082660341656893,0.014471020609763376,-0.1008997996787849,-0.012309951097663564,0.0,0.0,1.5,0.2067159606933056,10897.081503575482,10881.094228372694,10866.347686003446,10906.692382537183,3.0,0.5,0.0,0.0,0.0,0.0,nan,0,-0.023144448056452854,-0.005599587020574944,-0.0001632435453207126
5.139750181,0.24079839532874245,0.04209830347173476,1.483282367959968,1.1299295862635563,0.17903032671089672,-0.08979353163156888,0.014458459221868286,-0.10591756140576351,-0.003416372985673479,0.0,0.0,1.5,0.24502165938773965,10871.426107599918,10885.668269779515,10868.628319042344,10858.661962172877,3.0,0.5,0.0,0.0,0.0,0.0,nan,0,-0.003739389156835138,0.006278556077949193,-0.01965430743853247
5.154785373,0.26150379171566474,0.037501975883943814,1.524580803350709,1.1259263866335605,0.18068061877579442,-0.16227197148785788,0.012056136205051991,-0.11450962450512724,0.004621196209602244,0.0,0.0,1.5,0.2653202728218028,10869.079330804787,10912.16407369486,10899.366009597146,10858.028822713473,3.0,0.5,0.0,0.0,0.0,0.0,nan,0,1.5248281668600594e-05,-0.0011032723902931682,0.021099179023961856
5.164802597,0.2813370686675178,0.045021377708431586,1.5073013188232882,1.1650817374849194,0.15973590312733113,-0.09389841017328002,0.017694594633474062,-0.12378593449663705,-0.0037196109574908574,0.0,0.0,1.5,0.2850101400191863,10878.79030379972,10954.764992404744,10938.571776728662,10878.744303898537,3.0,0.5,0.0,0.0,0.0,0.0,nan,0,0.008322861370580747,0.004518458477257341,0.0034480734777460054
5.179674250000001,0.29168763299706163,0.024634223972478636,1.4872720881744748,1.185463497562191,0.20032565667428265,-0.09483406743575536,0.01877660610879506,-0.13006409113295406,-0.0004830518073241106,0.0,0.0,1.5,0.29300259380011145,10829.879272806726,10925.99998673902,10928.372107863954,10842.405788714428,3.0,0.5,0.0,0.0,0.0,0.0,nan,0,0.0010605760481842141,-0.018774047371871744,-0.017150327429695134
5.189828493,0.3060695759842404,0.02775414344901632,1.5271510176969199,1.1993462194106108,0.20060002121485396,-0.17179830632518026,0.015243919757802538,-0.1341957294494755,-0.00018771139539242694,0.0,0.0,1.5,0.30852237452693726,10812.397095347793,10921.858932908193,10928.941284575323,10830.07808747237,3.0,0.5,0.0,0.0,0.0,0.0,nan,0,0.003491479627635352,-0.01762909271031802,0.02234671936093191
5.199798106,0.3075714606726878,0.044526340670729074,1.5036568241774122,1.230130805758394,0.19450990660925466,-0.14928922594392546,0.024742444224684686,-0.14019963760489576,-0.005742474471293561,0.0,0.0,1.5,0.3107992451678753,10812.80920164804,10939.166874178438,10944.661263293496,10833.814304831185,3.0,0.5,0.0,0.0,0.0,0.0,nan,0,-0.007119027803580813,-0.002861333868495873,-0.0015299703326077108
5.2146568140000005,0.3381070208912517,0.05513276964102696,1.5104247484382012,1.2441154101560647,0.19715058881829634,-0.06257864032072809,0.024753199429783525,-0.1471672552030895,-0.004660855478633191,0.0,0.0,1.5,0.34273117051742996,10815.609306152595,10961.720032755335,10976.277954513409,10843.146793922186,3.0,0.5,0.0,0.0,0.0,0.0,nan,0,0.004957301579216478,0.004685116323257632,0.004659015259000698
5.224829462000001,0.3430212650944975,0.07335828502483441,1.4695279253321292,1.2586181825420577,0.19028128885557583,-0.10649438631141052,0.02229751149551023,-0.15048823998350438,-0.0009065790150407437,0.0,0.0,1.5,0.35209881230043744,10751.381048570864,10894.024465250426,10912.252440600274,10779.665766244234,3.0,0.5,0.0,0.0,0.0,0.0,nan,0,-0.0026217549224433756,0.020836199561141147,-0.03662166978158199
5.239848023,0.3644647168595819,0.060157687331913075,1.4859234420519256,1.2635840014264281,0.19662398527819788,-0.1756140846271463,0.024363273088680262,-0.15876200595638013,-0.0033245286253210135,0.0,0.0,1.5,0.3696642079838471,10758.555207071315,10917.190998157253,10933.208669279209,10789.733009911692,3.0,0.5,0.0,0.0,0.0,0.0,nan,0,-0.0001883154817319821,0.004474065940872685,-0.020786852457369775
5.254686764000001,0.38951065115773836,0.0453826062383789,1.5040434722107774,1.2429554467640143,0.19805066950183653,-0.14533441615169249,0.025692487581681172,-0.16677799888402384,-0.0010059946138959916,0.0,0.0,1.5,0.3921663906836388,10789.005401824481,10961.182635095909,10979.559249348484,10821.117913901284,3.0,0.5,0.0,0.0,0.0,0.0,nan,0,0.0055388910363782795,-0.013519902616380336,-0.0032143992179665126
5.269665929,0.4009739055869497,0.08194554127852703,1.4956196996600997,1.315918484931168,0.19979480596992447,-0.18127441671812114,0.022557918055077668,-0.17129426928737662,-0.002330967138681926,0.0,0.0,1.5,0.4092851472117582,10767.70036589451,10945.672397731376,10965.596201963659,10803.535016884722,3.0,0.5,0.0,0.0,0.0,0.0,nan,0,-0.002608411727649085,0.019769558364873728,-0.012177961069140153
5.279827828,0.4128481266641698,0.06927113513473654,1.5047155709639612,1.3168757564528202,0.22169634666427793,-0.2764407938029692,0.02269287939310594,-0.1765733478815038,-0.0023503849197259166,0.0,0.0,1.5,0.4186457959450751,10769.445300361054,10951.367955496386,10969.83195701208,10803.879084319335,3.0,0.5,0.0,0.0,0.0,0.0,nan,0,-0.003962873165904934,0.004883694006354439,-0.003434352248249395
5.2897125,0.43754745090207736,0.04317603284720947,1.5009266273187698,1.3454374728640788,0.23476274859149068,-0.1980603462451098,0.030561785697966644,-0.18106722186365046,-0.0027436306283467795,0.0,0.0,1.5,0.4396735155106764,10806.49832332665,10997.912004893988,11011.748956242456,10837.00425640002,3.0,0.5,0.0,0.0,0.0,0.0,nan,0,0.007389404241204656,-0.02344526122443337,-0.007571503978224037
5.299857184,0.4460164272204312,0.06393591711505885,1.4940978099021702,1.3266023354379315,0.2373455771770265,-0.22953115228040738,0.0271044984812291,-0.18675738102260345,-0.009102946796958512,0.0,0.0,1.5,0.4506143480802324,10824.64814471737,11021.977681776423,11035.992559054373,10856.237278603736,3.0,0.5,0.0,0.0,0.0,0.0,nan,0,0.00239875579342963,-0.004940688820139677,-0.01475203799952407
5.314594863,0.45029279151535045,0.08656176694960577,1.5020060665692754,1.391228810888718,0.2144406987411429,-0.2878014858425082,0.03323398511050613,-0.19103949027582168,-0.004884130396056814,0.0,0.0,1.5,0.45854177769447035,10825.80798543247,11025.031361617834,11040.873944787609,10856.052037756224,3.0,0.5,0.0,0.0,0.0,0.0,nan,0,-0.013716206805906017,0.014263487235436828,-0.00737662997619859
5.324740308,0.4801196016606693,0.07614997338764327,1.493470414740329,1.3182064494113332,0.2061132460589029,-0.23955484103935745,0.029854665263345695,-0.19751513001486729,-0.0044455760536621465,0.0,0.0,1.5,0.4861648751497807,10859.657605224062,11064.307496991934,11088.333285087085,10891.839619610126,3.0,0.5,0.0,0.0,0.0,0.0,nan,0,0.002388660336492654,0.001545910401818451,-0.01627489799286086
5.3347184290000005,0.49754226372990634,0.07502830225372474,1.495347984969126,1.3910548409639478,0.21496003487296106,-0.2064709736070353,0.031999778680511036,-0.19742784006172626,-0.004583337859522347,0.0,0.0,1.5,0.5031890217208672,10860.102980715707,11066.101134973076,11092.500560123055,10894.392890476884,3.0,0.5,0.0,0.0,0.0,0.0,nan,0,0.005992521492903302,-0.0019003913943827222,-0.014768696501259226
5.344847194000001,0.49108939913996524,0.07592354853691971,1.5053644690122077,1.3728369540192165,0.20411081177765153,-0.2364144913437463,0.03304621124292974,-0.2058268132459597,5.352534350068797e-05,0.0,0.0,1.5,0.49695267450520175,10844.785570301903,11045.807526896568,11073.024582595233,10880.162829425257,3.0,0.5,0.0,0.0,0.0,0.0,nan,0,-0.01437276458623643,-0.003348065136358866,-0.0051287481244046695
5.359922072000001,0.5421431418036982,0.08882517649819645,1.5199884725409132,1.3729206382555452,0.25464771552929405,-0.2761563277804527,0.02877272259355045,-0.2074155341459455,-6.919466249074265e-05,0.0,0.0,1.5,0.5497350609332093,10810.02169303598,11005.906637962764,11035.152602048323,10854.596589077404,3.0,0.5,0.0,0.0,0.0,0.0,nan,0,0.015643098704761327,0.006005985535112265,0.008930824059090625
5.374780328,0.5420511130526725,0.08674217056672208,1.5008558953274416,1.4027491506489236,0.23886355851234492,-0.23682177900965884,0.0347759232550058,-0.21382522387214398,-0.0073239804091638815,0.0,0.0,1.5,0.548948400009581,10816.798886772312,11015.103833081459,11029.339014311743,10852.427502051174,3.0,0.5,0.0,0.0,0.0,0.0,nan,0,-0.005680322096295987,0.0003371998873897969,-0.010758961425478608
5.389762281,0.5635234416127097,0.08076712501031649,1.5261537797652198,1.3984865424874544,0.2716275181671089,-0.3051499769524694,0.037664665936714754,-0.2183066790308636,-0.011918731217101528,0.0,0.0,1.5,0.5698824597454046,10799.780948763411,10986.732265975024,11001.245752330096,10828.853410338721,3.0,0.5,0.0,0.0,0.0,0.0,nan,0,-0.005622193499594363,-0.00926001532529401,0.013994258396818005
5.399936882,0.5906178736205504,0.1001034972806428,1.5149648029091944,1.3847971190340242,0.29198854765106674,-0.27735986535240204,0.03393743210602483,-0.22121895585716908,-0.008109026122313524,0.0,0.0,1.5,0.5992279433854759,10805.268082423585,10986.592554103607,11002.462553323743,10828.973535649357,3.0,0.5,0.0,0.0,0.0,0.0,nan,0,0.007099139214546302,0.007642151254853513,0.002453727742116829
5.414677356,0.6118896579034614,0.09959091031794313,1.4611674500840997,1.4341672414086803,0.24006174313162734,-0.3313723193631035,0.03533543477959978,-0.23005829616947257,-0.00858672110836558,0.0,0.0,1.5,0.6211563972142141,10818.832489897944,10995.399543582467,11001.38135523305,10829.341576888732,3.0,0.5,0.0,0.0,0.0,0.0,nan,0,0.0066740374704039596,0.0034505173137938105,-0.05185440455148793
5.424725669000001,0.6172194596333275,0.10722140722109416,1.529684050049268,1.388481891747299,0.27302733507451893,-0.3659949515514887,0.04128390236347729,-0.22987278999946553,-0.017106874555256665,0.0,0.0,1.5,0.6271661935594551,10871.182959502934,11056.113936547195,11068.766518615277,10886.502455104806,3.0,0.5,0.0,0.0,0.0,0.0,nan,0,-0.0025466530796418585,0.00861077547398699,0.016328018889645746
5.434959131,0.6302567819818885,0.10593330464428405,1.5378811389948157,1.4846723571873786,0.2750765989200052,-0.27557985286304626,0.03613413027531809,-0.2309317740965279,-0.011197523968303716,0.0,0.0,1.5,0.6402190695055631,10894.294999702055,11074.524113305131,11094.420274536818,10905.765072470127,3.0,0.5,0.0,0.0,0.0,0.0,nan,0,-0.004123332123920687,0.00483928923160995,0.024188582726103247
5.4496997060000005,0.6590429854481968,0.09009657804561493,1.51066593911522,1.4352207299706436,0.21698155596233598,-0.30671708524926206,0.036748335576923884,-0.2315615525604732,-0.00745343011063693,0.0,0.0,1.5,0.6652584552647275,10819.48823372128,10973.769431279046,10988.480902302808,10825.364008140847,3.0,0.5,0.0,0.0,0.0,0.0,nan,0,0.0026261050132182495,-0.014746478519959208,-0.003523255800117253
5.4596730860000005,0.6847403713360747,0.11452382656305399,1.5358194942968582,1.3885698482133475,0.245962317340964,-0.303729531404229,0.04212547342493394,-0.24251187128075755,-0.011498040259670949,0.0,0.0,1.5,0.6951748838672126,10808.902219303513,10954.268297579956,10972.225076368737,10819.70865716301,3.0,0.5,0.0,0.0,0.0,0.0,nan,0,0.013556014070250089,0.0071656888014070275,0.021317733528899208
5.4747867370000005,0.6986215531150455,0.11313951625934203,1.4991902059924964,1.4162820417339717,0.23183452375643707,-0.3347753744698131,0.04203984699571461,-0.24015387232562543,-0.005106007259869588,0.0,0.0,1.5,0.7077240142757704,10802.16505418817,10943.05992346025,10968.159189454827,10819.095524673578,3.0,0.5,0.0,0.0,0.0,0.0,nan,0,0.005177449446201021,0.001986322876005045,-0.015750087820367575
5.489738873,0.710477780912774,0.11629497156050182,1.507589564322775,1.4407620686706906,0.2525402893033056,-0.34438821661265884,0.04114447154407139,-0.24443593335226982,-0.0051371437936382465,0.0,0.0,1.5,0.7199727766156212,10847.043731864534,10991.527108535971,11016.811882887057,10874.757822299027,3.0,0.5,0.0,0.0,0.0,0.0,nan,0,-0.005347998879134619,0.0013213769507919443,-0.0077562018800401145
5.499889879,0.727755513283022,0.12344454974392692,1.5111121020311813,1.4702571506887132,0.2613556042947295,-0.32933442858111495,0.04081733984649237,-0.24802192441202905,-0.010850175226310335,0.0,0.0,1.5,0.7382344632885051,10862.89305049388,11008.543858618468,11033.143852177416,10894.65118854624,3.0,0.5,0.0,0.0,0.0,0.0,nan,0,-0.003053417003559211,0.00591098614758237,-0.004492483537693603
5.514577352000001,0.7538862569454535,0.11339908749311527,1.509872645349872,1.505470599324708,0.24569996440408884,-0.39693183583064034,0.04062678401593516,-0.2508786890745459,-0.012651392318395937,0.0,0.0,1.5,0.7624311841613655,10862.777723180863,11004.867399008719,11028.52663188339,10893.09529576824,3.0,0.5,0.0,0.0,0.0,0.0,nan,0,0.0005158680611178079,-0.007992773651010504,-0.006105236187399443
5.524868125,0.768609956902443,0.15163713327268313,1.521009230143216,1.4620720106628955,0.2638386875882472,-0.31638433194378274,0.04268435041832719,-0.25013459471252747,-0.007281094621195237,0.0,0.0,1.5,0.7837068800182524,10885.810010449602,11022.966299517786,11050.929850846476,10913.923516504237,3.0,0.5,0.0,0.0,0.0,0.0,nan,0,0.00014397810172595005,0.027661467751570815,0.004792445126618139
5.539866837,0.7747921906195006,0.13489364663221148,1.5070685059428999,1.4650484429494839,0.2628160093758919,-0.4234465757155296,0.04340449854474179,-0.25404831491917174,-0.010192033676170114,0.0,0.0,1.5,0.7864789878458072,10850.680511928347,10974.63885369126,10988.280747805144,10871.981821301188,3.0,0.5,0.0,0.0,0.0,0.0,nan,0,-0.016394847538487523,0.007025727427701273,-0.009487885904195803
5.554699918000001,0.8250872981077172,0.14645836774990675,1.533278542935217,1.496146389460804,0.28590216609396185,-0.3082978950683741,0.04500466357602757,-0.2605017908133683,-0.011698591201456662,0.0,0.0,1.5,0.8386456727382255,10871.344032651503,10995.105217386594,11007.523960576887,10892.227801231771,3.0,0.5,0.0,0.0,0.0,0.0,nan,0,0.011089822453814957,0.01467916459293575,0.016413280744883352
5.569700786,0.8284362891670565,0.1284033314091356,1.5274792978536904,1.4502114913767323,0.240639374747026,-0.4253988816094436,0.04127209917557969,-0.26041999692789464,-0.003305852988040783,0.0,0.0,1.5,0.8387784049058362,10818.577574001718,10927.39910622278,10935.034519776249,10831.618134332439,3.0,0.5,0.0,0.0,0.0,0.0,nan,0,-0.008455035463564076,-0.007304990352494989,0.010337383089091157
5.5798504300000005,0.8589776716034493,0.14307688368830626,1.5414004745498568,1.471832330626803,0.2615321953136501,-0.38596788673713917,0.039937974233663506,-0.2628174793441241,-0.008573595274135678,0.0,0.0,1.5,0.871795637894681,10827.301592944525,10937.549452254014,10944.25973965718,10842.156493753493,3.0,0.5,0.0,0.0,0.0,0.0,nan,0,0.006777058439415895,0.004739303573279535,0.024104703234717695
5.589744349,0.8667620792773756,0.15992422213910532,1.517457594951707,1.4591303680426528,0.21580645079870328,-0.4042817601000664,0.042249573417335554,-0.263462872354332,-0.0061971645201377825,0.0,0.0,1.5,0.8815651005578291,10851.687916714924,10964.749598815415,10970.214364001036,10867.497960619494,3.0,0.5,0.0,0.0,0.0,0.0,nan,0,-0.0007818144181349629,0.018950139583429892,2.7215805995517428e-05
5.5998337000000005,0.8913755773965331,0.14881114055502664,1.5202192181383507,1.4847135277968122,0.2686743222238562,-0.41081411225825804,0.04708534159189699,-0.264245204237345,-0.010218945749528573,0.0,0.0,1.5,0.9039380467235666,10867.723830711058,10979.980502377472,10986.86335967475,10884.764395461507,3.0,0.5,0.0,0.0,0.0,0.0,nan,0,0.008456419472765098,0.00519371441085964,0.00267211501911202
5.614660275,0.913781143813612,0.14527609580463796,1.506814479277344,1.4992452880320473,0.2764562480649554,-0.3684021349287627,0.047423730129321766,-0.26627941160706364,-0.013840952303785693,0.0,0.0,1.5,0.9252824217120807,10889.298605727427,11000.36627220737,11013.053857656416,10909.538835901702,3.0,0.5,0.0,0.0,0.0,0.0,nan,0,0.007744881608585996,-0.002318062276353672,-0.010882705446672025
5.629693895,0.9567027903306324,0.14286842371813796,1.5028926943311922,1.4820614096273717,0.2449837698011759,-0.4121964814593966,0.04829518995592395,-0.27212732285799685,-0.010861422081733393,0.0,0.0,1.5,0.9673158652697769,10887.671362149495,10984.379313504562,11006.016636269766,10906.343284151895,3.0,0.5,0.0,0.0,0.0,0.0,nan,0,0.027489454724221263,-0.008715452900553866,-0.014926681465257996
5.639943971,0.9537591698341162,0.14218352180539723,1.5120808512515125,1.5000773555254507,0.2704571649304961,-0.34683604601900364,0.04627482851748886,-0.273604400535962,-0.013424785891561963,0.0,0.0,1.5,0.9643747481568613,10896.079624984899,10990.997146358632,11017.239358304638,10917.399300553778,3.0,0.5,0.0,0.0,0.0,0.0,nan,0,0.009062924241369452,-0.012066955112077282,-0.005802349494629544
5.654637897000001,0.9774657514975545,0.1493674211239892,1.5250173145235422,1.4782510638769502,0.2718903032029922,-0.4024772323018456,0.04494444054435066,-0.2707992884699494,-0.015496716384337349,0.0,0.0,1.5,0.9891288024670397,10874.345551932884,10961.33630018722,10987.803278480284,10894.10464498313,3.0,0.5,0.0,0.0,0.0,0.0,nan,0,0.009501589496408003,-0.008892337708850923,0.007063469762359942
5.664763955000001,0.9789728185543877,0.1564597692289804,1.5289328573830665,1.4534507524202216,0.24575280868264035,-0.4781172092821078,0.04530150875365788,-0.2727231145783267,-0.0067607640764973985,0.0,0.0,1.5,0.9918188085995631,10886.060159760704,10966.803276336068,10992.166376333878,10901.310030396853,3.0,0.5,0.0,0.0,0.0,0.0,nan,0,-0.004531780267314933,-0.00447890697151937,0.010953370991042544
5.674744219,1.0171671987274862,0.17320731583470192,1.5202352402167933,1.5249958780135138,0.2626711171129768,-0.42198246857631877,0.05142117318075877,-0.27691851554107083,-0.015032753036518444,0.0,0.0,1.5,1.0320074366846466,10935.214347799474,11023.22971965734,11048.13693294457,10955.353710369018,3.0,0.5,0.0,0.0,0.0,0.0,nan,0,0.018102170867910217,0.009585404733319314,0.002242345432172721
5.689791275,1.025685227780344,0.16821757417579125,1.5373060847466078,1.4801025604283355,0.24298360001453068,-0.5115451868638783,0.04700726284312079,-0.2758590492823259,-0.015399450724343134,0.0,0.0,1.5,1.0400572497259588,10923.141335864151,11002.803283676169,11037.01165319724,10945.586679063568,3.0,0.5,0.0,0.0,0.0,0.0,nan,0,0.0032462187398274445,0.0005635231489083958,0.01931025098596484
5.699715392000001,1.0290846636592368,0.16269168032922177,1.5126685303884533,1.5031536579662381,0.2838394919645414,-0.38621903426745585,0.047233982734689046,-0.27524800152725987,-0.009128660083859286,0.0,0.0,1.5,1.0419425701492349,10947.943483501262,11026.762125193962,11062.246010599787,10968.366248552202,3.0,0.5,0.0,0.0,0.0,0.0,nan,0,-0.008957919980602469,-0.007655031962730041,-0.005316760540956533
5.714673588,1.0500737731274525,0.1835478991140871,1.5346544089923,1.458316918891227,0.27854712447137986,-0.46110381109539883,0.051212965445266406,-0.277559735264759,-0.011363917852445934,0.0,0.0,1.5,1.0665578691950688,10947.012851233538,11020.189477688305,11045.149545342232,10961.275723154848,3.0,0.5,0.0,0.0,0.0,0.0,nan,0,-0.0114003254391839,0.009156305188927155,0.01669441084832557
5.7247301770000005,1.0751637456714864,0.1720588496660428,1.5254245459756581,1.5338281742962692,0.274661874916897,-0.42779198630147075,0.044747301275996146,-0.2816433131240269,-0.009218618340647437,0.0,0.0,1.5,1.0891408243624012,10962.995863671842,11036.83606540146,11058.023118687872,10977.043560550157,3.0,0.5,0.0,0.0,0.0,0.0,nan,0,-0.0019480886732503588,-0.005033091068285533,0.007490224578433624
5.73970243,1.1042161326625997,0.17736061964405345,1.5292342314969676,1.4843145366488217,0.2813954421340992,-0.4772520722320818,0.04922772242788566,-0.28335401236938895,-0.012714529830723797,0.0,0.0,1.5,1.1187514010378217,10940.998870626923,11012.073052066018,11019.427397041327,10949.083277866639,3.0,0.5,0.0,0.0,0.0,0.0,nan,0,0.0036240860561302934,-0.0037871605629422878,0.011354452862104347
5.749837907000001,1.1296986324683083,0.17625593900052752,1.511888855459842,1.5044324192934595,0.24903134439492214,-0.4486303980449627,0.05082257965440975,-0.28009179657088307,-0.00718862321084057,0.0,0.0,1.5,1.1434275233340627,10948.411421480114,11020.128580857405,11025.056273074733,10954.689817802384,3.0,0.5,0.0,0.0,0.0,0.0,nan,0,0.013437572924678953,-0.00759920366250344,-0.00594023117744813
5.764805151,1.132524104667347,0.1968096568267916,1.5155455642545062,1.5072275104429238,0.26656882529664094,-0.45139176930051794,0.049065585053149,-0.28473812818313543,-0.015853000098813772,0.0,0.0,1.5,1.1496027806337485,10969.993590184637,11039.965354523707,11048.990196419514,10983.200897461973,3.0,0.5,0.0,0.0,0.0,0.0,nan,0,-0.007260065842860541,0.00888895865900502,-0.0021918803849887425
5.779840935,1.1733407467357513,0.21032474345387905,1.5362571684924664,1.4964233289383302,0.2900153826896703,-0.4449787076916712,0.051820217391918055,-0.28020732236866175,-0.010804399462506874,0.0,0.0,1.5,1.1925936390600285,10977.586612510224,11042.042210193851,11052.617977140819,10983.065422604337,3.0,0.5,0.0,0.0,0.0,0.0,nan,0,0.010013379881283813,0.018333746639109916,0.018626028183334586
5.794836823000001,1.1817523588666883,0.19598787403986942,1.519295545045937,1.5137540118177808,0.3021344516950347,-0.4604972909535464,0.04987882759242779,-0.28309542587009706,-0.013308019173971248,0.0,0.0,1.5,1.1980493322548404,10972.395111723823,11027.574595429694,11033.98251156314,10975.712393232594,3.0,0.5,0.0,0.0,0.0,0.0,nan,0,-0.005136113760180416,-7.767969412991738e-05,0.0017859354180942422
5.804874235000001,1.2080056110767745,0.19040585359855142,1.5042229448918587,1.499909513800414,0.27204464775681275,-0.46601966850216864,0.052063975185004,-0.28560844414123143,-0.016493729281997018,0.0,0.0,1.5,1.2229267266443742,10980.917834971211,11034.925319399486,11039.764528474125,10982.042513594079,3.0,0.5,0.0,0.0,0.0,0.0,nan,0,0.005400421188371585,-0.008378265344166358,-0.013195710465451205
5.8146872510000005,1.223843430265385,0.19492272533336777,1.530480360780743,1.5293749491508999,0.26114599774828634,-0.4385025326469638,0.051299581946757745,-0.285072001107852,-0.015436724613748017,0.0,0.0,1.5,1.239643764574507,10991.144413847123,11043.938444393394,11052.702083544951,10992.488591937506,3.0,0.5,0.0,0.0,0.0,0.0,nan,0,0.0055154174335962924,-0.006581441411764727,0.013158393170594529
5.829571498,1.2408261697419842,0.2047193155989907,1.520813971767902,1.5345699853552706,0.24747784612134346,-0.47321205597702143,0.05168511758724685,-0.2855177308244259,-0.01892345134926703,0.0,0.0,1.5,1.2577729537228242,10979.131525564282,11017.717900775237,11033.46031921695,10980.53094524038,3.0,0.5,0.0,0.0,0.0,0.0,nan,0,-0.001097209466615956,-0.0008675491776501121,0.0036508408273494553
5.839654105,1.2405026676619204,0.21448766422309284,1.5204407761364265,1.4963249686234603,0.23475995568067842,-0.4742065113262322,0.05181748598625867,-0.28446296408672067,-0.015654902257915854,0.0,0.0,1.5,1.2590749191010353,10971.876028789298,10999.684000045989,11021.380284836947,10973.342737521616,3.0,0.5,0.0,0.0,0.0,0.0,nan,0,-0.017159060965943107,0.006177204453804347,0.003397645045448705
5.8497447970000005,1.2714022054931167,0.22785437870936107,1.53942990173265,1.4925284999606048,0.31371980361532276,-0.4578394536018523,0.047479627907534794,-0.2853924556626545,-0.014449530464383563,0.0,0.0,1.5,1.2922599982899867,10987.95972961898,11014.462594123928,11041.650438428835,10991.25414642276,3.0,0.5,0.0,0.0,0.0,0.0,nan,0,-0.002003360049348313,0.016819103165794408,0.022516627755480245
5.864801620000001,1.2905544283047612,0.23386001607009543,1.519480139661536,1.50022156548679,0.2963624174429326,-0.5083980453575077,0.04456858183365545,-0.2885450922848489,-0.010405046955546312,0.0,0.0,1.5,1.311716705456848,10991.101277564057,11017.755231087007,11030.407444665205,10985.647234518692,3.0,0.5,0.0,0.0,0.0,0.0,nan,0,-0.006474910175737092,0.018735689832649727,0.0027758843379026565
5.879814545,1.3071727347342306,0.21992962903133184,1.5036527675118077,1.504478754531146,0.31213683811986076,-0.47139501905592573,0.05127192465352628,-0.28729274885268274,-0.014254847318076351,0.0,0.0,1.5,1.3255500529474253,11035.560863273617,11077.77183782085,11074.08316542296,11026.700741590035,3.0,0.5,0.0,0.0,0.0,0.0,nan,0,-0.013487262805516709,0.0007146210522505914,-0.012830193521755628
5.894538821,1.3699779509945578,0.22748124851674373,1.5216486721734068,1.5265472931118906,0.259724023856918,-0.496256906801439,0.04858911640429903,-0.28885574252742174,-0.012587273971456018,0.0,0.0,1.5,1.3889045934278046,11051.096290103927,11094.78616363806,11088.211878707258,11040.955024130395,3.0,0.5,0.0,0.0,0.0,0.0,nan,0,0.025685761267610463,0.004174955191772023,0.005385846650930004
5.9094867970000005,1.3564618649564206,0.243907614683467,1.5378560814422615,1.5353997885195438,0.2437648596213396,-0.47064236586156094,0.0560146828024958,-0.2871842080036438,-0.02526794980082622,0.0,0.0,1.5,1.3787359422615313,11052.010978280323,11093.292701369784,11092.965222677434,11049.991414993241,3.0,0.5,0.0,0.0,0.0,0.0,nan,0,-0.011461802034000268,0.016509986810428978,0.021808826101622714
5.924990271,1.398182604416609,0.23075183774424682,1.4953691607477917,1.5133073733000049,0.28605267212683666,-0.4377944831986346,0.04991795390193191,-0.2908498838655376,-0.020764294317879555,0.0,0.0,1.5,1.4171035426487857,11030.543539132912,11053.792574921421,11069.42953070626,11029.224215548826,3.0,0.5,0.0,0.0,0.0,0.0,nan,0,0.006628743192268027,-0.0007368621416496968,-0.020465301099485966
5.939548639000001,1.4352750000356085,0.2359825078556333,1.5156196293856965,1.4976451709418992,0.2691061732124239,-0.5539669032041726,0.052124739650746085,-0.29125913280212357,-0.014166364086476044,0.0,0.0,1.5,1.4546291769943283,11022.306189524259,11038.813553508086,11052.877071592091,11012.473684817343,3.0,0.5,0.0,0.0,0.0,0.0,nan,0,0.02009017574480021,0.0004028884605251637,5.3468456129301956e-06
5.954348678000001,1.4280895146924035,0.24569308581512328,1.4921995977746842,1.5172953871837653,0.27315776221733296,-0.43767007026359134,0.055846286084032526,-0.2892632146592251,-0.014937670317550566,0.0,0.0,1.5,1.4490913017013864,11046.307210801198,11067.459864028295,11082.595107838883,11038.21973955977,3.0,0.5,0.0,0.0,0.0,0.0,nan,0,-0.01072607325662367,0.006023095864903932,-0.023187410560351784
5.969334495,1.448869965417704,0.2417267169221808,1.4892254854155211,1.4988998683239432,0.2902326403149035,-0.478772911139343,0.049519295708978735,-0.29149342522585725,-0.018285153966896315,0.0,0.0,1.5,1.4689356938028315,11043.958806667084,11061.205973249875,11083.07157532115,11045.017382662809,3.0,0.5,0.0,0.0,0.0,0.0,nan,0,-0.013572101187757424,-0.0020321709656421216,-0.02593818445900209
5.984338453,1.4867706515127954,0.25509220633572816,1.533085726958938,1.5229765928339143,0.27416912571001983,-0.4297388507250991,0.05603130158199792,-0.29146604346304794,-0.018924182474060396,0.0,0.0,1.5,1.5088583993408438,11059.805524945928,11077.739003216806,11094.69919424212,11056.8183854288,3.0,0.5,0.0,0.0,0.0,0.0,nan,0,0.000705659850179341,0.007246003851530763,0.018146212080593083
5.9991707210000005,1.4936256966998431,0.2709870798969924,1.540500115152099,1.5169739812696361,0.2696750797570082,-0.46405892080595984,0.053175730036370356,-0.29214703393863345,-0.018822976670621928,0.0,0.0,1.5,1.5185493006947532,11012.198785278137,11018.027032065902,11037.665442065061,11009.923044932702,3.0,0.5,0.0,0.0,0.0,0.0,nan,0,-0.016060245339559964,0.019055096587264286,0.025792856925292096
6.014216912,1.5201688657999046,0.25105683571533105,1.501608138981926,1.519433223384208,0.25722416825265043,-0.4679723182398713,0.05308761917324259,-0.29201478729341546,-0.01480962840178475,0.0,0.0,1.5,1.5407613382408545,10970.478948542004,10965.849150866921,10983.835855915402,10968.80431176139,3.0,0.5,0.0,0.0,0.0,0.0,nan,0,-0.013142035139958264,-0.004960202604369746,-0.012837020032904656
6.02909367,1.5539954839868964,0.2624809117861512,1.49926644979612,1.4805426275067437,0.2525106350403994,-0.4688385555424817,0.04978298829494647,-0.292813035075739,-0.010755491636101221,0.0,0.0,1.5,1.5760072117219703,10998.389604917416,11000.64321504383,11018.139382284311,11001.261042919175,3.0,0.5,0.0,0.0,0.0,0.0,nan,0,-0.002944134340051141,0.002379764640302262,-0.0148859260118408
6.044053498,1.5693848457303425,0.2695110768535063,1.5310046642000192,1.497778991626899,0.28203385281239246,-0.5138203417799024,0.05313564016900798,-0.28782902560723506,-0.021926440635131883,0.0,0.0,1.5,1.592660134415671,11023.970624294687,11036.477627758237,11046.484441940189,11027.892323127366,3.0,0.5,0.0,0.0,0.0,0.0,nan,0,-0.011183473985404202,0.005327560465294534,0.01716478492791018
6.059029699000001,1.5989181613807966,0.27386012529248926,1.4765441967778048,1.5156105813791405,0.2862318051541301,-0.4875990348649437,0.052172069127055375,-0.2886857896769141,-0.00834213915966382,0.0,0.0,1.5,1.6223713599923302,11049.803103872977,11056.475258697046,11068.726758451283,11046.597400204158,3.0,0.5,0.0,0.0,0.0,0.0,nan,0,-0.005274724261665531,0.005596811802837942,-0.03697569139395651
6.0741504740000005,1.6159436607198436,0.2693226062266674,1.5076919931113932,1.5280831237772479,0.2868716366530741,-0.4773179008630608,0.052413423195489604,-0.2915297546154996,-0.015499091671787766,0.0,0.0,1.5,1.6382514299103783,11091.405908182162,11104.1381321881,11111.724168031886,11090.769268536575,3.0,0.5,0.0,0.0,0.0,0.0,nan,0,-0.011865741601476909,-0.0030171431322149056,-0.005512075290013518
6.089263321000001,1.6450321315084147,0.2701346282110053,1.4950854922426495,1.4731559231953602,0.2811280074936687,-0.47631909666318795,0.05233175832439498,-0.2936180615048874,-0.019203560884917096,0.0,0.0,1.5,1.6670715591840422,11073.953519190482,11085.51104633115,11091.599700469536,11074.030993186698,3.0,0.5,0.0,0.0,0.0,0.0,nan,0,-0.006383429876452462,-0.006277680946631059,-0.017813400383023037
6.103975747000001,1.6727616906832457,0.2911029870394088,1.5228598062411045,1.4843510297671603,0.2609674565779764,-0.45101541783605315,0.048916197519985084,-0.29213042918752397,-0.008769260828241372,0.0,0.0,1.5,1.6980562987198387,11078.017523233091,11092.572922364376,11100.446432816509,11076.416897238028,3.0,0.5,0.0,0.0,0.0,0.0,nan,0,-0.002250531560612723,0.01062196998542353,0.010259338575712373
6.118929674,1.6904911319323823,0.27950999063638154,1.484552194868081,1.4613193146334522,0.25832390545303785,-0.5100187815716539,0.0545174532976131,-0.29011613717147466,-0.01894882364325277,0.0,0.0,1.5,1.7135123975889321,11042.704754545497,11055.219912564191,11052.722536412724,11043.043708780939,3.0,0.5,0.0,0.0,0.0,0.0,nan,0,-0.008109256515748342,-0.0050359324555806495,-0.027752392367114354
6.129001594,1.7309672240836085,0.28706168902462936,1.5208752439472382,1.5060543966290965,0.2665492500875065,-0.4737124432176709,0.05168785943736943,-0.28900630318826553,-0.012922221060691267,0.0,0.0,1.5,1.7547329483335186,11062.546709941726,11075.45391751337,11075.222087846192,11063.277537221797,3.0,0.5,0.0,0.0,0.0,0.0,nan,0,0.01664483495738045,-0.00019221541498826156,0.008771090360686129
6.143860480000001,1.733042138149468,0.27579543636148396,1.5066865851617286,1.5107874597949003,0.25682507585773434,-0.45882846334759236,0.05707219351112497,-0.2922469653587733,-0.019179515686882344,0.0,0.0,1.5,1.7548626401347276,11074.062026086423,11081.302375743362,11083.906392649145,11075.606848842652,3.0,0.5,0.0,0.0,0.0,0.0,nan,0,-0.004854493106982716,-0.015516797646097369,-0.005123610620091812
6.158699827,1.7546328981974801,0.2880715476880788,1.503701518501939,1.4420736902069242,0.2663994634895,-0.47745112323995886,0.05541701808341246,-0.29330007135519626,-0.01994372063431479,0.0,0.0,1.5,1.7781269710747638,11052.225226034549,11050.389558696874,11067.79214106734,11058.306547277594,3.0,0.5,0.0,0.0,0.0,0.0,nan,0,-0.006829039464612219,-0.007294797540869924,-0.007817071448216417
6.173626047,1.7907455808287005,0.30031933611640466,1.492091711234172,1.4831529528443566,0.2715182112907544,-0.4670866639510087,0.05788383410227097,-0.2875830737442727,-0.02129564185431157,0.0,0.0,1.5,1.8157709051348194,11062.749828338738,11063.500217278306,11084.83610741865,11068.35381418742,3.0,0.5,0.0,0.0,0.0,0.0,nan,0,0.005725913777569813,0.0009029817070015378,-0.01913266935251401
6.188604465,1.8135265965690885,0.30484595689155547,1.53794699307682,1.5091454664745758,0.2879304177762267,-0.5010972631639352,0.05622038762486812,-0.29250112123771016,-0.01861518332354647,0.0,0.0,1.5,1.8393612337385394,11081.210687267218,11076.231634940868,11103.078436204882,11084.16965353452,3.0,0.5,0.0,0.0,0.0,0.0,nan,0,0.004958923142376559,0.001384144540633181,0.027012706577208778
6.20363577,1.8356185581965883,0.31887526433690355,1.5186245223628876,1.4934268180932744,0.2715871348440903,-0.48080205947451654,0.055679069050234564,-0.2928770693654533,-0.017948583773763137,0.0,0.0,1.5,1.8632025650033055,11071.204039277403,11066.36001018578,11088.89076290147,11073.906527798606,3.0,0.5,0.0,0.0,0.0,0.0,nan,0,0.003513805519327562,0.011372796484026837,0.007972543742766236
6.218450336,1.8470067487461113,0.2859927390267516,1.5107428451037281,1.4261969418344094,0.24408830036275833,-0.5384657908460109,0.058218369201479145,-0.2934567316572308,-0.020383713440995068,0.0,0.0,1.5,1.8690482030730577,11063.74020523641,11059.212537901192,11077.836306774983,11062.75663572051,3.0,0.5,0.0,0.0,0.0,0.0,nan,0,-0.008625609855080763,-0.025545822838349552,0.00037045871287877397
6.233498534000001,1.8793446494818868,0.3239781384883265,1.536024511291717,1.4919860076254043,0.3069690948427685,-0.49202904054003965,0.0502178023593035,-0.2915323828436651,-0.01352975913075383,0.0,0.0,1.5,1.907405544494501,11104.542680840259,11110.164450862005,11133.773567991539,11108.874731414087,3.0,0.5,0.0,0.0,0.0,0.0,nan,0,0.00019472889271177074,0.008408119315890583,0.025927306541321027
6.243535599,1.871381938827169,0.3215815180187859,1.5002382372937233,1.497565450369735,0.23512564961196963,-0.4208191147882386,0.05205312768403454,-0.2909150158804774,-0.013151964911113926,0.0,0.0,1.5,1.8988114941870373,11088.178869197382,11095.05623860742,11103.156627204262,11085.381211301496,3.0,0.5,0.0,0.0,0.0,0.0,nan,0,-0.02343902573637302,0.0033267136390399132,-0.009683703371029528
6.258288530000001,1.9316045764054417,0.3098339881380656,1.482837396822301,1.4590205055335985,0.232808182830913,-0.45321732655617797,0.05594095187869521,-0.29279763215737126,-0.018874683407497962,0.0,0.0,1.5,1.9563711035342501,11047.045314439203,11045.66664874318,11047.49363827909,11045.296242002929,3.0,0.5,0.0,0.0,0.0,0.0,nan,0,0.01328484504000027,-0.012444306187304466,-0.026823333558994245
6.273319028,1.948632721590624,0.31859622630398293,1.5246739993624252,1.4955884004793987,0.24773112613735687,-0.439550967172286,0.055099765425699714,-0.29198327693031456,-0.020569049231759316,0.0,0.0,1.5,1.9746599315612192,11054.020766212361,11052.344706919972,11060.802659588275,11055.367128497457,3.0,0.5,0.0,0.0,0.0,0.0,nan,0,0.006820520317031731,-0.007701711516465259,0.01528255871150841
6.288379588000001,1.9638789917402162,0.3302629428318486,1.507616337849437,1.4476026461841027,0.3034696373583777,-0.5218773279597919,0.05412311572701998,-0.2941194669034393,-0.01654380586905947,0.0,0.0,1.5,1.9914698878488617,11017.632218479179,11003.394240673275,11016.984732897497,11017.71714601436,3.0,0.5,0.0,0.0,0.0,0.0,nan,0,-0.0014202706857935343,-5.101021142439599e-05,-0.0014948411749564627
6.303351566000001,1.983882876668985,0.3149321396446477,1.5039731639303648,1.4838340240489027,0.2500441582444361,-0.4955821128536016,0.053021453370283245,-0.290997601684523,-0.014254520998921811,0.0,0.0,1.5,2.008728281015922,11058.589129012227,11056.756051893368,11061.571909487306,11053.210235550618,3.0,0.5,0.0,0.0,0.0,0.0,nan,0,-0.004900061797815436,-0.019394627807800213,-0.0048401020176152
6.3181264420000005,2.0196247852227205,0.3398273590591922,1.5165877609379754,1.5123462340603955,0.26140901813394674,-0.47006253099204587,0.05438416218278407,-0.29299634264975233,-0.016557372904270718,0.0,0.0,1.5,2.048082532727624,11086.571080697233,11090.319354520685,11093.856313576056,11086.121116663457,3.0,0.5,0.0,0.0,0.0,0.0,nan,0,0.007367150829487912,0.0014918336673040988,0.008071537357926761
6.333158208,2.027539573905301,0.3318369689980784,1.5148855082171908,1.4695493051151025,0.22092547932889128,-0.5033496238015643,0.05442050882779738,-0.29194656895657956,-0.015438563241722603,0.0,0.0,1.5,2.0545690730907067,11073.962612595951,11075.477516266488,11077.741618198255,11074.74819905228,3.0,0.5,0.0,0.0,0.0,0.0,nan,0,-0.008181274600771893,-0.010502932678318255,0.0066571551072429624
6.3481846410000005,2.069888363665192,0.35084114586029785,1.539972498630767,1.436469668568373,0.272985225511051,-0.4556428687538142,0.053825159385790564,-0.29225447847441105,-0.017329324326140576,0.0,0.0,1.5,2.099791691647512,11093.965502495299,11098.974011494964,11107.641226115036,11098.115346996427,3.0,0.5,0.0,0.0,0.0,0.0,nan,0,0.010715518131071633,0.0045011011408866985,0.03202365973433219
6.363184965,2.093839991417063,0.3678839448774826,1.5235899104751074,1.4760364749743957,0.24698193165923718,-0.4465546153001668,0.05228666464834197,-0.29318448239705663,-0.01545123886277457,0.0,0.0,1.5,2.1260435062416407,11071.188298623365,11069.779416571106,11073.713591219996,11069.403325627425,3.0,0.5,0.0,0.0,0.0,0.0,nan,0,0.011227361365548916,0.017548048480669765,0.01590882044547004
6.377937707,2.1067217485368896,0.3727810794332957,1.509240854343544,1.5013261964286289,0.22026828300477522,-0.5026137087382795,0.05758986996453378,-0.2940431841415624,-0.016617273942335968,0.0,0.0,1.5,2.139469011771561,11038.86976310282,11033.408698619854,11031.249575675061,11035.334301154886,3.0,0.5,0.0,0.0,0.0,0.0,nan,0,0.0006770928607631177,0.01845274472989389,0.0018303400148800275
6.392903356000001,2.1205013942795916,0.33229582823763,1.5034842650887918,1.4476427494538773,0.23724286761167415,-0.46323516437804857,0.04989962167167903,-0.29107601181806647,-0.016739430429193482,0.0,0.0,1.5,2.1463827293167066,11042.307053358652,11038.233868944108,11039.11260665361,11041.708292343435,3.0,0.5,0.0,0.0,0.0,0.0,nan,0,-0.008970216048134638,-0.026022109063828125,-0.0036441000794118494
6.408017341000001,2.158654546148465,0.33632175828288613,1.510862461871321,1.508196372969293,0.28780571544161593,-0.4383724013717882,0.05829789162217151,-0.29390006301234944,-0.022197655148632502,0.0,0.0,1.5,2.184724185745156,11070.80904926847,11067.926027562771,11068.657273016413,11068.880251848426,3.0,0.5,0.0,0.0,0.0,0.0,nan,0,0.005763610183312284,-0.025982632273619355,0.0040192182826421785
6.422787375,2.190665534399336,0.3772478875475884,1.5053775492805024,1.4997396651637778,0.25841740689135684,-0.4470746770682282,0.053802387643640974,-0.28820191502672937,-0.011076060976402163,0.0,0.0,1.5,2.222917085790766,11045.865643040315,11035.190892996561,11039.650985808152,11041.938072123052,3.0,0.5,0.0,0.0,0.0,0.0,nan,0,0.014363591196953074,0.01096018659180592,-0.0011799906052984976
6.437675087000001,2.190986336075292,0.3684411625491165,1.5208968400062122,1.4623606353857552,0.27224733698138115,-0.5082698813546124,0.05214459400813076,-0.293694328441906,-0.02346614717228758,0.0,0.0,1.5,2.2218475854683244,11041.465120743058,11027.656106355078,11026.306778963293,11042.579496578033,3.0,0.5,0.0,0.0,0.0,0.0,nan,0,-0.008721182248002002,-0.0018273175897863259,0.014635078787458955
6.452861229000001,2.237614378883152,0.3697678292684497,1.5339461233797123,1.4937453077732379,0.27372089736171457,-0.45270451193164946,0.05246288324071601,-0.29289254399579334,-0.012107674739440494,0.0,0.0,1.5,2.268214869768525,11066.171171922015,11057.660243130931,11055.652245058514,11059.151667640272,3.0,0.5,0.0,0.0,0.0,0.0,nan,0,0.014506733042747744,-0.004479023781861435,0.027990186758073854
6.467596151,2.2415437684070256,0.3892289247741832,1.5212377749831998,1.4698602484935697,0.2547245159197014,-0.4567862174992437,0.05098182696539675,-0.2906339468140721,-0.014644031201156017,0.0,0.0,1.5,2.275185413246901,11025.353241067156,11017.548535095693,11008.397448662126,11018.641302375449,3.0,0.5,0.0,0.0,0.0,0.0,nan,0,-0.004958333445091778,0.01100601377184346,0.0155971131277588
6.48261188,2.2821441788669956,0.3870207556863273,1.5126327825999843,1.4616169587762435,0.2793893334502826,-0.5452728628677979,0.0528250114968049,-0.2942938577040191,-0.024710030944710863,0.0,0.0,1.5,2.31476277524604,11019.669424996584,11012.318221654039,11000.42512668466,11012.451712074566,3.0,0.5,0.0,0.0,0.0,0.0,nan,0,0.012249955423210945,0.0048234218259901596,0.0073281359641326205
6.497501457,2.3034062099502113,0.3743808659157487,1.4802903842937178,1.4829096302430256,0.29342809094403627,-0.4803923747030795,0.055063849883177245,-0.2935265536393942,-0.021731132439932577,0.0,0.0,1.5,2.333715850259477,11096.720310395029,11102.907433375172,11099.098194999764,11083.293553770114,3.0,0.5,0.0,0.0,0.0,0.0,nan,0,0.010126118615521928,-0.011788693457578991,-0.024670173560598307
6.512607516,2.3429179457336526,0.3907323674382467,1.4918531513439703,1.4763200247072157,0.22371057689749435,-0.4674994860409983,0.04919113637823731,-0.29202060772895966,-0.01050754097896678,0.0,0.0,1.5,2.375290014829288,11122.660738798475,11133.629420419962,11134.755442228881,11107.402271434408,3.0,0.5,0.0,0.0,0.0,0.0,nan,0,0.0262659767979323,0.0005940094359374037,-0.012780546018797967
6.527544798,2.3470032573249027,0.3853771329791572,1.4994955042028513,1.476721637138823,0.2807842534596856,-0.4806488587776897,0.056166321524841696,-0.29327679214084795,-0.015599708272489108,0.0,0.0,1.5,2.3784322733752474,11114.703635642874,11126.375501729044,11127.863988634097,11110.292549931673,3.0,0.5,0.0,0.0,0.0,0.0,nan,0,0.006995132557404915,-0.008726347946387492,-0.004834099638831635
6.542478207,2.361439752390439,0.3963217537933948,1.5086261407437593,1.5018602649648716,0.32446580738129893,-0.4530346154201247,0.05453469377666723,-0.2943426288215992,-0.01968278353556238,0.0,0.0,1.5,2.3944817909108895,11107.21795397625,11119.653365012226,11124.126666519322,11110.33699404149,3.0,0.5,0.0,0.0,0.0,0.0,nan,0,-0.0019092632011252775,-0.0017432708736526692,0.004579403827178696
6.557309337,2.388764911060706,0.4141122712422335,1.4903568871941926,1.472888816105614,0.2771937476828385,-0.4081312541175982,0.05636316769779285,-0.2897761339627163,-0.014431147988877631,0.0,0.0,1.5,2.424413282246418,11068.229590907098,11074.412501319433,11071.271195972851,11062.745698746692,3.0,0.5,0.0,0.0,0.0,0.0,nan,0,0.0020876413014430106,0.012088828225750303,-0.013419618217859641
6.567537392,2.3996085213077727,0.39378801255651513,1.5123934542671622,1.5004901774502435,0.26629457835593223,-0.492904594941746,0.05044585449410948,-0.2947403881762324,-0.0040367108887665515,0.0,0.0,1.5,2.4317367563276164,11049.10206660945,11049.682574719787,11044.92371379226,11043.456697489444,3.0,0.5,0.0,0.0,0.0,0.0,nan,0,-0.0026162689927162752,-0.010873041870852918,0.008797832449814358
6.582294807,2.417210073787726,0.4008341827996278,1.5264360403324786,1.4501365803228494,0.2661980846312383,-0.5172143953000121,0.05539480839951925,-0.2936068785960716,-0.026053232346498215,0.0,0.0,1.5,2.4503614931576867,11047.658416967866,11057.686133403664,11046.11964875701,11052.875731477605,3.0,0.5,0.0,0.0,0.0,0.0,nan,0,-0.008330994260791424,-0.0077816138488430164,0.02311916948252013
6.597078152000001,2.4459479416009384,0.4141405231685866,1.5049463570981703,1.4879902408997894,0.25501962112475446,-0.5381191716101834,0.0579612273643369,-0.2927247341078419,-0.02469127448988411,0.0,0.0,1.5,2.480765642377522,11073.353095661832,11078.425114372647,11079.437401685038,11074.059660507955,3.0,0.5,0.0,0.0,0.0,0.0,nan,0,-0.002900877750739994,0.0015724337235554775,0.001908553743050767
6.612262706,2.455256450271117,0.42949221829314016,1.4753202045365594,1.4650564286549317,0.22190387622191682,-0.44272661297360016,0.053424958958273754,-0.289986507780786,-0.022476554717315834,0.0,0.0,1.5,2.492660605553112,11123.15209201008,11126.120384786249,11145.002894194893,11121.6313339562,3.0,0.5,0.0,0.0,0.0,0.0,nan,0,-0.016887563392742777,0.012974983891027747,-0.0274518693699084
6.627116310000001,2.4732474832985605,0.43213315917634715,1.4957738495921489,1.468835471942101,0.28097570409633005,-0.5089422650551292,0.05382550623692215,-0.2936054876019923,-0.01704473380632346,0.0,0.0,1.5,2.5107190287345302,11120.696124788383,11114.329092910204,11134.966318661853,11117.582812236868,3.0,0.5,0.0,0.0,0.0,0.0,nan,0,-0.022176158441991944,0.011670446321277617,-0.006756190351544067
6.641995564,2.5249073842849934,0.4195673860889492,1.4981406788715343,1.4975675947103884,0.282769038525866,-0.47153744929634733,0.054041395857811605,-0.289374188605913,-0.016370739326489678,0.0,0.0,1.5,2.5595307280361883,11136.003738629295,11136.57575553678,11149.515518174605,11131.041287920207,3.0,0.5,0.0,0.0,0.0,0.0,nan,0,0.0062196395799922755,-0.004837151966134656,-0.004171367286741168
6.6571055260000005,2.534621476015153,0.4190328209425955,1.4970230671454445,1.487204640883331,0.24541478450249424,-0.47085583155677047,0.05374620035651808,-0.29117804733977987,-0.02013989707774518,0.0,0.0,1.5,2.56902771371458,11122.038558925911,11117.236170591364,11123.95482957231,11116.31102439039,3.0,0.5,0.0,0.0,0.0,0.0,nan,0,-0.007314422207504556,-0.009309842006390512,-0.00509697889216798
6.672076695,2.5635905705711326,0.44005125660021016,1.4934867677054335,1.4757093865688038,0.20792197115268676,-0.4606696987586703,0.05211461631281373,-0.2937577400913995,-0.011170272366607814,0.0,0.0,1.5,2.601092874956904,11113.016257238773,11106.654901970602,11113.691972653178,11108.620695597656,3.0,0.5,0.0,0.0,0.0,0.0,nan,0,-0.0015793468967961743,0.0077738334448753665,-0.008461853099088312
6.6867825430000005,2.606363579774545,0.42879524582731765,1.5068906722006896,1.4758796761880264,0.27234011585154283,-0.4960320145694919,0.05245283022199864,-0.29234285287757134,-0.017078763415473153,0.0,0.0,1.5,2.6414094635596856,11103.32992035513,11101.32954631311,11106.776775055947,11104.622947370515,3.0,0.5,0.0,0.0,0.0,0.0,nan,0,0.01797248878883284,-0.007413821719191249,0.005096568945632818
6.701799999,2.6176017425117335,0.4586815430295415,1.506151435608003,1.4734229763776903,0.27062851248659076,-0.48129594343539694,0.05215569477215113,-0.2937780330431674,-0.012973105762349411,0.0,0.0,1.5,2.657492329335395,11106.273263386689,11106.25782957169,11110.31719629849,11109.45575345127,3.0,0.5,0.0,0.0,0.0,0.0,nan,0,0.0060015783827909175,0.01854378246395544,0.004496811486997654
6.716877242000001,2.6428673194036008,0.45240664697402816,1.498992754080032,1.47606574454467,0.27782707382434807,-0.47859943369072483,0.053767273463710526,-0.28877610514466817,-0.018571919453755706,0.0,0.0,1.5,2.6813094667983033,11100.797059954624,11107.057169629019,11102.223635010087,11103.545584985915,3.0,0.5,0.0,0.0,0.0,0.0,nan,0,0.008070420050533045,0.00834313445189,-0.0025388247666799924
6.73178577,2.6473469708831123,0.4609843800511811,1.5025611814257582,1.4313195222100847,0.26623865614940834,-0.4585070549049439,0.05148847746446702,-0.29297672519017826,-0.01441814934408499,0.0,0.0,1.5,2.687184240528635,11107.824870659126,11110.909456942542,11105.66385563772,11107.336899107502,0.0,0.0,0.0,0.0,0.0,0.0,nan,0,-0.01040971651417033,0.013035436541676604,0.001136829109541937
6.746781751,2.6860007655167135,0.4390948072081646,1.4977548120974211,1.3913739981983124,0.2624042698829492,-0.4156498280915303,0.05141219147457556,-0.2887304244746686,-0.017635223540036438,0.0,0.0,1.5,2.7216556363622244,11101.571352313795,11105.543222038446,11094.89921841006,11096.11772790628,0.0,0.0,0.0,0.0,0.0,0.0,nan,0,0.005970758493668349,-0.012624374660388349,-0.0035782387936282856
6.761736386000001,2.7059130120396095,0.4742498591848408,1.5061681932501298,1.381820193606144,0.23914029125407923,-0.4188037315680309,0.05355201794383512,-0.29407589253548894,-0.00826784307152888,0.0,0.0,1.5,2.74716512140608,11089.7653198295,11085.94082830193,11073.50587966684,11081.248253539972,0.0,0.0,0.0,0.0,0.0,0.0,nan,0,0.004294350222286969,0.018875296598867275,0.0049141813446218485
6.776687777,2.7301428123732436,0.4596855301426945,1.4774760469892103,1.337928569595838,0.1988463020674857,-0.35960893719870446,0.054216847268129885,-0.2860009694034965,-0.01273417788544919,0.0,0.0,1.5,2.7686635568510463,11061.909116077803,11061.669431701133,11047.75622379026,11062.060798606934,0.0,0.0,0.0,0.0,0.0,0.0,nan,0,0.00761690643221602,0.0007698911366929018,-0.023702691961731803
6.7916551830000005,2.7427239679129385,0.458889802194219,1.5394181854916436,1.2485808705405412,0.21699626723319274,-0.4170534453188475,0.049325471875312873,-0.29334253693940815,-0.0160679428747784,0.0,0.0,1.5,2.7811271830086084,11047.737545895257,11038.91648908836,11032.209445482824,11054.890211472999,0.0,0.0,0.0,0.0,0.0,0.0,nan,0,-3.089514743859212e-05,-0.003453118048914683,0.03831908091211611
6.8064197470000005,2.7672860572581084,0.48006060181927235,1.4794420376394986,1.2748090549703268,0.2180364627697399,-0.35522203199231467,0.048577941781623404,-0.28837074897201054,-0.012052666936782115,0.0,0.0,1.5,2.80869238862689,11044.69578636919,11038.62722728911,11027.866431084898,11043.740910971039,0.0,0.0,0.0,0.0,0.0,0.0,nan,0,0.0049785545420504285,0.01440388929574865,-0.0215686771766046
6.8214639020000005,2.7752969431225827,0.46868180522572706,1.5100728361314328,1.1909156053116554,0.22158678868798695,-0.39601545800259647,0.051622049309485094,-0.29081087580460097,-0.015946291873250498,0.0,0.0,1.5,2.814611379761499,11045.281874069118,11039.207586020855,11025.990606893274,11041.816978594232,0.0,0.0,0.0,0.0,0.0,0.0,nan,0,-0.005887921518684447,-0.00017535831662501833,0.009160700409803768
6.836316877000001,2.8025729641910146,0.4585204145721116,1.5184740918487882,1.161342272174554,0.2228883077800915,-0.2954722963317539,0.055168039447338994,-0.291759044743275,-0.018881498984369933,0.0,0.0,1.5,2.8398939209525818,11068.549864455017,11063.847037758787,11056.004475521435,11065.086727649634,0.0,0.0,0.0,0.0,0.0,0.0,nan,0,0.003186656211482397,-0.013423710678607426,0.017666684216302242
6.851315933,2.8040242256313923,0.45952342814485475,1.5073560977639515,1.0787965819550964,0.18676454429111827,-0.3574878890319068,0.05307764741293787,-0.2922318967520846,-0.012638573814497905,0.0,0.0,1.5,2.8414376204865106,11022.956753334793,11006.605471171782,11003.469729967308,11019.324225559632,0.0,0.0,0.0,0.0,0.0,0.0,nan,0,-0.012887534584715699,-0.015394100470101035,0.006657514882130178
6.866330425,2.8364232188348875,0.4784434659137516,1.5091447750171214,1.0325818529369188,0.20026019851362944,-0.3489736793232267,0.05321297189422417,-0.293835887754374,-0.018350245118410664,0.0,0.0,1.5,2.8765062929413765,11045.748236816215,11043.92645754434,11043.357272600155,11051.644624160286,0.0,0.0,0.0,0.0,0.0,0.0,nan,0,0.002658572140080917,0.000665582807640841,0.008568787608015604
6.881450159000001,2.842076333160493,0.46285705225920726,1.5001735816291089,1.011203318914447,0.1877743673373087,-0.3171773778949173,0.052738612154054676,-0.2916475444448194,-0.006864242206915554,0.0,0.0,1.5,2.87951984963946,11064.428148164578,11066.987742110108,11068.681183017192,11066.919969822962,0.0,0.0,0.0,0.0,0.0,0.0,nan,0,-0.007866236120987136,-0.017667669868792812,-0.0002756288332990131
6.8961485080000005,2.873918680760326,0.4684493280862371,1.5068485545138806,0.9636397572166346,0.15667886233042178,-0.29280015482718125,0.053573533068311696,-0.29391136478023033,-0.020251792683506804,0.0,0.0,1.5,2.9118551233374492,11061.88363743415,11070.124332936535,11068.596630557673,11074.963014491328,0.0,0.0,0.0,0.0,0.0,0.0,nan,0,0.008474310308334676,-0.014708468373442696,0.006524869564642266
6.911210396,2.8751989056351785,0.4878478363659901,1.4923049406342737,0.9015568840676724,0.15771413688826816,-0.33788824995310845,0.05044292211543848,-0.2951174386820503,-0.01414596853667978,0.0,0.0,1.5,2.916303048784771,11052.608940588623,11057.622796312511,11061.576798325756,11062.582680270147,0.0,0.0,0.0,0.0,0.0,0.0,nan,0,-0.005071663021672279,0.002170686801531929,-0.00789434028578273
6.926012202000001,2.897042152031015,0.4819076103605674,1.5101514542910943,0.917792210377819,0.13788700155461214,-0.21653827575190424,0.05054312626506557,-0.2908742270911663,-0.011327309879071717,0.0,0.0,1.5,2.9368675876845636,11106.367729353235,11123.991917628835,11125.514108354379,11111.229954288177,0.0,0.0,0.0,0.0,0.0,0.0,nan,0,0.0026224046291467573,-0.006174905417829224,0.010069136167349502
6.940993516000001,2.890121999631055,0.4802160122453744,1.4837101869276872,0.8116586317277099,0.12078294727789211,-0.24249863914021588,0.054423353415018444,-0.29309490320959314,-0.015903272528999497,0.0,0.0,1.5,2.929791451482202,11059.689730998352,11064.160056109497,11063.83890383144,11065.407922698609,0.0,0.0,0.0,0.0,0.0,0.0,nan,0,-0.01776727816354251,-0.010157424397216563,-0.016273038605591372
6.956005371000001,2.919709429042908,0.50932890125323,1.5072642728028955,0.7818138445331411,0.1573816797340107,-0.22447144745140907,0.055278667568554554,-0.29244780433325895,-0.017824954802079133,0.0,0.0,1.5,2.9638103598835808,11065.349588061257,11069.201988606977,11076.325586411762,11076.078703020301,0.0,0.0,0.0,0.0,0.0,0.0,nan,0,-0.0009749041103273015,0.016778130592627893,0.007377664462467015
6.965910791000001,2.925834540200071,0.4923175637199037,1.4773544890834045,0.7322191577429334,0.18089149714785624,-0.26602635387298845,0.05472455915571108,-0.29148039289155625,-0.016322612561154803,0.0,0.0,1.5,2.967051930677914,11066.688979157107,11070.395149391417,11079.280528785548,11078.603916641383,0.0,0.0,0.0,0.0,0.0,0.0,nan,0,-0.0030053699233700826,-0.0016217005128157935,-0.022469166429276433
6.980917236000001,2.952216391857459,0.4953843146463631,1.509691934387959,0.696318887318012,0.15427962472653545,-0.25354250577652665,0.050726763425457434,-0.29129795976327605,-0.017423464456749083,0.0,0.0,1.5,2.9935065019374356,11090.815444751295,11097.86225919225,11098.86427562019,11093.805934704233,0.0,0.0,0.0,0.0,0.0,0.0,nan,0,0.011704058957766605,-0.0005432368168788448,0.009961630069478478
6.995746540000001,2.937394734359161,0.48631927975868045,1.4930782630510118,0.6991171011828627,0.12158137696450648,-0.19750705817740094,0.04788187445149084,-0.2957569593565141,-0.013815103999616715,0.0,0.0,1.5,2.9773884828400066,11105.26837712662,11112.834741011651,11106.702646318166,11099.387801554063,0.0,0.0,0.0,0.0,0.0,0.0,nan,0,-0.01411373054147802,-0.011482711103257381,-0.006572159451732507
7.010737538000001,2.9432061877521343,0.49155187372732284,1.510164313375366,0.6455989269321648,0.13804647508780882,-0.22378165045163276,0.05286515691448413,-0.2937981652886172,-0.014376601620640257,0.0,0.0,1.5,2.9839888105443166,11089.232328517992,11095.664201467987,11085.256436445574,11080.241152154438,0.0,0.0,0.0,0.0,0.0,0.0,nan,0,-0.018622089827962096,-0.008010728224375985,0.010578275597541875
7.025623341,2.9711605926871716,0.49535127615041025,1.4953112407502123,0.5945853588647476,0.12623695346191036,-0.20204315313766333,0.05222973098548201,-0.2918727421703886,-0.016661331142887276,0.0,0.0,1.5,3.012173656810697,11088.3151020051,11096.664598996611,11084.14055754476,11079.477313154533,0.0,0.0,0.0,0.0,0.0,0.0,nan,0,-0.0003134660136656642,-0.005858493557165889,-0.004220299993673349
7.040682542000001,2.9927384505457066,0.49207956350190957,1.4870002868896035,0.5385318175303592,0.09206841638693365,-0.12275956877693686,0.05605928917805675,-0.29330850018315224,-0.012129871168371786,0.0,0.0,1.5,3.03295148703897,11095.809225325838,11102.870681109333,11092.742601910926,11086.860240265123,0.0,0.0,0.0,0.0,0.0,0.0,nan,0,0.012292071908714064,-0.010663994646020802,-0.01248680774491362
7.05551448,2.9644519701353524,0.5019753333591344,1.5150235584392657,0.4964892016588918,0.10189274649888165,-0.19003572123147877,0.05362007263266378,-0.28881578925233636,-0.017901634190820605,0.0,0.0,1.5,3.0066892798971705,11056.724549603523,11055.66831994946,11054.110438422365,11057.883498166828,0.0,0.0,0.0,0.0,0.0,0.0,nan,0,-0.024295106817797674,-0.002188879334604099,0.015574860539718127
7.070598544,2.9830159950537594,0.5126268144006223,1.5195846207199835,0.4780397503100711,0.06902244236178362,-0.13257883959138395,0.053602778039737994,-0.28901334024426106,-0.01765175446170117,0.0,0.0,1.5,3.0268059460358288,11066.027517037766,11060.714583398916,11063.141770422342,11069.4474234071,0.0,0.0,0.0,0.0,0.0,0.0,nan,0,-0.01336359862141201,0.007154583320113095,0.020177576419615484
7.085495420000001,3.0139060587452,0.5018223589980577,1.4905931868207212,0.38076927057102256,0.04978133620546103,-0.17193057347752055,0.05444407735728896,-0.2915610171120488,-0.011950595513745181,0.0,0.0,1.5,3.055412230627087,11041.756872445347,11022.453410985914,11028.036268774722,11043.905782751912,0.0,0.0,0.0,0.0,0.0,0.0,nan,0,0.010561056358783905,-0.0048453579058064244,-0.008767475239663591
7.100544327000001,3.0011540790237174,0.5133114253682415,1.5100701561474799,0.40244730608886925,0.08553829857633073,-0.13153007328066016,0.056172768491131786,-0.2920720866020558,-0.0270529018668808,0.0,0.0,1.5,3.044752179324141,11078.968783011387,11069.716351082385,11078.161198701944,11087.078686986359,0.0,0.0,0.0,0.0,0.0,0.0,nan,0,-0.008490944366017938,0.00556052761924275,0.010764338551779495
7.115551671,3.000536874925034,0.5138832483358786,1.4880606027869285,0.3287179500099392,0.09392173783891732,-0.11942339597024851,0.0525303581814564,-0.2913316619321236,-0.014901056757138579,0.0,0.0,1.5,3.04424704646501,11075.559409608733,11059.222871700053,11070.347291661881,11068.178241901931,0.0,0.0,0.0,0.0,0.0,0.0,nan,0,-0.014739779597618963,0.005162022031383606,-0.011193747624571815
7.130289086,3.020566019432329,0.5110234928537918,1.5148179393358487,0.30304481637272174,0.09264239449159088,-0.07647366557081176,0.051551189439004504,-0.2910475514096268,-0.018306817704318586,0.0,0.0,1.5,3.0635247117207847,11082.936231970023,11070.732912921483,11077.175329735288,11072.016900039587,0.0,0.0,0.0,0.0,0.0,0.0,nan,0,0.00032553446889327375,0.0014447122469264384,0.015611893855058012
7.145326842,3.0287346781411357,0.5194716036131916,1.5072776466601414,0.2768068819071513,0.0680532465087566,-0.05575732835049021,0.05566865490479651,-0.2888876564042307,-0.02131960543636658,0.0,0.0,1.5,3.0729688351293216,11055.073607329086,11047.071990465087,11038.24545045421,11040.719747546225,0.0,0.0,0.0,0.0,0.0,0.0,nan,0,0.004197214353169443,0.009147901807872505,0.008118213268041963
7.160235889000001,3.0359947675639485,0.5162791050573126,1.5213970858880559,0.1943128731693426,0.051070540006846576,-0.037834911381803824,0.05385465664738505,-0.2923377600314861,-0.020949003339805754,0.0,0.0,1.5,3.0796535808884338,11034.392683118313,11017.56105905075,11009.797021486822,11018.301150418556,0.0,0.0,0.0,0.0,0.0,0.0,nan,0,0.007822981238514881,0.005322443777321273,0.02229488937451385
7.175310317,3.022759700716188,0.4980280821500553,1.5232781022086055,0.19727311906233014,0.01617616500747574,-0.08291304632579105,0.054429064368646585,-0.28995237688831915,-0.0175647238084438,0.0,0.0,1.5,3.0636008305466813,11012.420811738153,10991.732914834949,10987.245187881037,10993.815674872154,0.0,0.0,0.0,0.0,0.0,0.0,nan,0,-0.008387248904959677,-0.013450101198701325,0.024253836212412505
7.1902045470000004,3.0259456346134344,0.5115589438819428,1.5035460900730748,0.12424762192672725,0.028440076993289896,-0.03885487584726888,0.056317237202652214,-0.29183702520018606,-0.015249387704892063,0.0,0.0,1.5,3.068884506047192,11019.770315455731,11002.166744360246,11005.991870115258,11012.217479425406,0.0,0.0,0.0,0.0,0.0,0.0,nan,0,-0.00751937094959354,-0.00032957725886606504,0.00462582860162275
7.205109262000001,3.0536648275184364,0.5179343373090912,1.48911174746393,0.14233886287960842,0.06743714540349485,0.0003608916185209308,0.05156708357870101,-0.2907611199245219,-0.015756234112945244,0.0,0.0,1.5,3.0972961451288925,11030.312424193029,11021.982779296963,11028.565949711325,11032.056532952429,0.0,0.0,0.0,0.0,0.0,0.0,nan,0,0.0185406861144366,0.005747080991552411,-0.009685792727444964
7.220111782,3.056839122529462,0.5228593103007103,1.5077401853771124,0.026454522086105006,0.00592924598976654,0.007285624877979037,0.053916157063394234,-0.290395752266622,-0.016752943740423222,0.0,0.0,1.5,3.101242845999729,11024.18994182094,11018.005508328843,11016.46581214673,11021.70271776358,0.0,0.0,0.0,0.0,0.0,0.0,nan,0,0.020715737695210734,0.010485194091231609,0.009079620752513895
7.234917312,3.038369528310057,0.5114222668081677,1.483906966190522,0.01005230383818938,0.00766134471315616,-0.031123808155295696,0.05348422598372708,-0.2906805045222575,-0.022356959467933563,0.0,0.0,1.5,3.081152562157135,11020.8661921611,11013.952998654146,11013.86312595939,11018.27916458264,0.0,0.0,0.0,0.0,0.0,0.0,nan,0,0.0019054429071716505,-0.001026964791317142,-0.014599044175839238
7.249838390000001,3.0396754756561646,0.5123539347830289,1.503299615502874,-0.04382166454745468,-0.020565844040346237,-0.030132343896806794,0.056528820281385485,-0.29220342902623003,-0.018127372565333432,0.0,0.0,1.5,3.082554855838846,11041.66754375428,11037.180559187598,11039.342589102203,11037.911281387696,0.0,0.0,0.0,0.0,0.0,0.0,nan,0,0.00352970062215352,-5.849064206575605e-05,0.00496306924912604
7.264841759,3.0398979520768665,0.5111934198346164,1.4912188467884957,-0.05972490585908116,-0.012619814317819358,0.0174962584793894,0.05306940099041058,-0.29133858183703487,-0.01636165067969564,0.0,0.0,1.5,3.082592314947772,11079.673643231943,11084.346679482376,11096.591727597977,11083.530122464921,0.0,0.0,0.0,0.0,0.0,0.0,nan,0,0.0047346124643832255,-0.0010693106367226646,-0.006951415138801487
7.279906342,3.025847954428579,0.5078720827097465,1.4992236328638449,-0.1244548906137677,-0.024281039398692576,0.007009635297984242,0.055571803843833666,-0.29431820039688283,-0.019941523605066683,0.0,0.0,1.5,3.06817380512602,11090.776691790832,11098.561749544706,11114.920236381604,11100.287912547614,0.0,0.0,0.0,0.0,0.0,0.0,nan,0,-0.0076657220507163615,-0.0041274482918590705,0.0012050297925068065
7.294796619,3.019878423443125,0.5150681160219871,1.5240060027228433,-0.14317295581171602,-0.03775821142742633,0.07859195204678322,0.05385914438256097,-0.28809094036777766,-0.01197199190599279,0.0,0.0,1.5,3.0635824037695643,11103.152761179295,11116.425720859948,11132.646215404,11110.656241811907,0.0,0.0,0.0,0.0,0.0,0.0,nan,0,-0.011317937875318762,0.003445421245177105,0.026121777799541723
7.3097343310000005,3.019266540741738,0.5110058116331692,1.496058572746541,-0.2256918302170126,-0.02264129494827572,0.07900815793984445,0.05170165012912156,-0.29058801440907595,-0.004874024616119685,0.0,0.0,1.5,3.062207197172368,11059.296239582713,11060.790714580473,11072.126011861967,11069.005453467144,0.0,0.0,0.0,0.0,0.0,0.0,nan,0,-0.008945536642504415,-0.00012649586477275765,-0.0017076728135261288
7.32469335,3.0241398964732595,0.5189716309496185,1.492593706059483,-0.23645128829093792,-0.055004683999701105,0.038647988881676344,0.05194282211134518,-0.29282809038122337,-0.010002064712616287,0.0,0.0,1.5,3.0683559963540312,11055.138154255312,11062.723202840913,11057.533834657439,11065.402250660794,0.0,0.0,0.0,0.0,0.0,0.0,nan,0,-0.00042609585502484393,0.008442386611670516,-0.0050553039113105935
7.3397393520000005,3.014262970616932,0.5056477968921794,1.4864382642986196,-0.2900528014206137,-0.04971161387486986,0.073574472682352,0.05121449478190083,-0.2927172023663342,-0.013032304499710162,0.0,0.0,1.5,3.056410455290578,11080.046871227038,11094.182930988423,11086.849013922418,11091.962559320427,0.0,0.0,0.0,0.0,0.0,0.0,nan,0,-0.005995566503591121,-0.004165796431082391,-0.011094377943071887
7.354498084,3.006161963120801,0.5222369066108947,1.491737047720731,-0.38233133853744167,-0.09157122579806393,0.04218950577695381,0.05304547745206667,-0.2893572390735729,-0.012643599389469469,0.0,0.0,1.5,3.051198028893109,11098.556541101398,11114.355645528818,11108.607305302095,11105.60801602631,0.0,0.0,0.0,0.0,0.0,0.0,nan,0,-0.009124872952373853,0.013252020619907268,-0.005691222710449972
7.369497291,3.0122988741447987,0.4983035552611472,1.5462961908733646,-0.34058146702427405,-0.07154358444544738,0.13777441108456964,0.05388409947068292,-0.29104088584590976,-0.01324528512024135,0.0,0.0,1.5,3.0535871164336057,11139.96050302111,11157.881370859817,11159.122567063281,11150.304551232464,0.0,0.0,0.0,0.0,0.0,0.0,nan,0,0.0026504245762777323,-0.009739174065633072,0.04895055787595237
7.384382036000001,3.0002982981994397,0.51510079362376,1.500197935548551,-0.4352539708921926,-0.06730776024667909,0.1316392953628411,0.05439004571990937,-0.2900983321935138,-0.016058053877935356,0.0,0.0,1.5,3.044194268595348,11041.941236676914,11039.394693773998,11042.162996210756,11053.702962023051,0.0,0.0,0.0,0.0,0.0,0.0,nan,0,-0.003047036281936144,0.008113314105630431,0.0029179803267211923
7.399425322000001,2.980793701987085,0.511483936439215,1.501720692720118,-0.42375916432642696,-0.0681092229547207,0.18461768314455546,0.05561016425312971,-0.2911889686749938,-0.020274156288251716,0.0,0.0,1.5,3.0243594151199464,11034.698689014464,11028.130406304754,11028.808182872384,11041.371061413043,0.0,0.0,0.0,0.0,0.0,0.0,nan,0,-0.015593042227051601,0.005663188312142298,0.004518443002293759
7.414285705,2.9939057490816876,0.5113161535721932,1.5019267094164979,-0.5334475226168077,-0.09249083170650926,0.11025073893936474,0.055977488644133315,-0.29488352348052543,-0.02045914172378002,0.0,0.0,1.5,3.0372552667659365,11005.248384427225,10990.609922722982,10988.208415053532,11004.294997347546,0.0,0.0,0.0,0.0,0.0,0.0,nan,0,0.005130652142373293,0.0067731486215782954,0.004820540408757346
7.429290283,2.9722930156573737,0.5052592372819831,1.5086759544170962,-0.5766673429522455,-0.11279248354172174,0.14917745482334768,0.05409513083517528,-0.29328346695473695,-0.014298006812395951,0.0,0.0,1.5,3.0149441022959986,11047.50148770817,11043.749594433704,11043.958211999854,11043.53548565934,0.0,0.0,0.0,0.0,0.0,0.0,nan,0,-0.008219337378596148,0.0021045842741759246,0.011689189082065843
7.444234855,2.973946915280094,0.5025445696879093,1.4555797898376412,-0.5551048300526965,-0.10977825287569536,0.20054190434523717,0.05128742946205602,-0.29069726318197936,-0.011596203760951345,0.0,0.0,1.5,3.0164357202661654,11066.415015409295,11074.027067761679,11076.569599642988,11069.642146888138,0.0,0.0,0.0,0.0,0.0,0.0,nan,0,0.0023536045883290058,0.0008896897304760953,-0.041282996939950856
7.459191867,2.970089260889799,0.49881596586922433,1.4993341959289759,-0.6341919109812674,-0.09680296678600696,0.1964373730612237,0.05279431112251943,-0.2921016964730238,-0.010356603750728792,0.0,0.0,1.5,3.011685247291626,11079.667135743264,11090.426074057628,11093.105762727264,11087.144740769363,0.0,0.0,0.0,0.0,0.0,0.0,nan,0,0.008073805293959957,-0.0012273645482079876,0.0025901458608967864
7.474086904000001,2.959690650608959,0.4868759214023184,1.496103274512034,-0.6699393646109312,-0.13134204704379052,0.2025877811594747,0.05225137702484597,-0.2933668825745568,-0.012461499057829862,0.0,0.0,1.5,2.9994719692994245,11072.388349369377,11084.205026007878,11080.14055111369,11079.999228367762,0.0,0.0,0.0,0.0,0.0,0.0,nan,0,0.007912171942810353,-0.011444108041280598,-0.0005298425785738026
7.489175709,2.956398065807304,0.49057834356588437,1.4844950834965898,-0.6503144775661358,-0.16179309858736965,0.27620196533643965,0.05485542852945049,-0.29241787465370384,-0.018814499761720775,0.0,0.0,1.5,2.9968645343293034,11071.984623907405,11084.990056208851,11083.345110044072,11083.312373298124,0.0,0.0,0.0,0.0,0.0,0.0,nan,0,0.015514629487187293,-0.005906896352417423,-0.012033002330227527
7.504055174,2.91823947165595,0.5143474903977634,1.4828223998670074,-0.745822213351094,-0.16337906572224792,0.2745204294743347,0.05310043136379762,-0.2888279407145772,-0.013791825323525606,0.0,0.0,1.5,2.963270157234336,11022.908383936716,11013.728200513011,11032.092226694966,11040.394930031354,0.0,0.0,0.0,0.0,0.0,0.0,nan,0,-0.01109373056519214,0.01980795265080243,-0.013598671571549037
7.519133636,2.919340620990819,0.48223132897720267,1.4743793531419709,-0.8231259957697845,-0.14064627385324904,0.1951258901224124,0.05339331236425086,-0.29134366682345353,-0.018902733543909186,0.0,0.0,1.5,2.9590121888156533,11012.821069187328,10995.532212989097,11015.541681321938,11029.296512045896,0.0,0.0,0.0,0.0,0.0,0.0,nan,0,0.002207674384818059,-0.010252586471937053,-0.021917201035042133
7.533923720000001,2.904513561332732,0.47762795903504646,1.495495595496638,-0.8297849961319699,-0.1692887007826019,0.2694951145871301,0.05048305309579593,-0.2912984684950627,-0.009818254721005304,0.0,0.0,1.5,2.943526419938789,11104.45933238085,11106.203748092072,11118.632281713992,11111.200054597835,0.0,0.0,0.0,0.0,0.0,0.0,nan,0,0.00023426637582302234,-0.01269001787454177,-0.000671716699401248
7.548897633,2.894594924010139,0.48130948156610737,1.5108062071273574,-0.8648980358274885,-0.1968087395198032,0.2034227087483877,0.053916407559851776,-0.28935169095108354,-0.01960857907075599,0.0,0.0,1.5,2.934357743231588,11102.280289187547,11104.958387147584,11117.696845748074,11113.098336400291,0.0,0.0,0.0,0.0,0.0,0.0,nan,0,0.003830004416282229,-0.006731225173686017,0.014747009976314729
7.564035621,2.8873507604027417,0.4860364001579733,1.4982866331800013,-0.9593833746045839,-0.1580253608918694,0.30679927741678004,0.055020629994836846,-0.29311231270177907,-0.015910739867119907,0.0,0.0,1.5,2.92797348545076,11128.452630303442,11127.668967084179,11154.760740282863,11141.530903478477,0.0,0.0,0.0,0.0,0.0,0.0,nan,0,0.010761102648517706,0.00038407228933828863,0.0023123392981914126
7.578694522,2.8757908158952006,0.4850987391565558,1.4712066817643157,-0.9783298749426627,-0.14814626872410935,0.2775838448356735,0.05577633029813518,-0.28747639095227934,-0.015540806285562836,0.0,0.0,1.5,2.9165600728758334,11112.561693904447,11112.557973502731,11129.667371500984,11118.938945745025,0.0,0.0,0.0,0.0,0.0,0.0,nan,0,0.014038444133024797,0.0019457989511762475,-0.024711300777258582
7.593805603000001,2.8510977925069096,0.49463297739816886,1.5114012277414084,-1.0116184831038506,-0.19224534201823215,0.3326474098068088,0.05311734333018703,-0.29227688949847036,-0.018982942801768102,0.0,0.0,1.5,2.893708760874453,11141.821390939724,11147.322280153567,11146.307648643553,11137.414375422688,0.0,0.0,0.0,0.0,0.0,0.0,nan,0,0.0048435187891815445,0.014089891904856988,0.015513329919867536
7.608894337000001,2.824229294251552,0.47550517215151367,1.5098763314751997,-1.043818579847615,-0.17379630440995844,0.3666120204483994,0.05183757385780944,-0.2925292113338492,-0.0170861006777852,0.0,0.0,1.5,2.8639961272974634,11110.524742486725,11112.518868712028,11102.463978329348,11099.350333917548,0.0,0.0,0.0,0.0,0.0,0.0,nan,0,-0.005865776362722119,-0.0023178966844613624,0.01398959172687575
7.623764075,2.7959756254827237,0.48167826045980155,1.5264764707143774,-1.1053065072765624,-0.15487047354636577,0.33093242304778747,0.05466458231008355,-0.2927932009480707,-0.015396944141280308,0.0,0.0,1.5,2.837286493887175,11053.63067128363,11048.240435807491,11028.773292432876,11029.949157042425,0.0,0.0,0.0,0.0,0.0,0.0,nan,0,-0.017306242186843068,0.006683854307367565,0.030583793857466235
7.6385517940000005,2.790689870693287,0.4568043730755501,1.478838887856364,-1.1438289293035007,-0.21886475624489773,0.39489105723475937,0.05278344205658174,-0.29100250835554503,-0.011921658742704537,0.0,0.0,1.5,2.8279087648504886,11027.712571918002,11036.292788288974,11009.616271108363,10998.875881996259,0.0,0.0,0.0,0.0,0.0,0.0,nan,0,-0.005131663522461416,-0.015254151584127962,-0.017045775433823795
7.6534999390000005,2.7892022813128117,0.45580298569639655,1.4928496128388704,-1.1558859444238856,-0.17447566547382812,0.3639318337942267,0.0509748302527354,-0.2932664948022515,-0.01530589100901762,0.0,0.0,1.5,2.826208919362986,10947.618762684526,11021.09072251155,11026.239991388313,10951.68060704467,0.0,0.0,0.0,0.0,0.0,0.0,nan,0,0.011484544032847044,-0.013213261272597532,-0.0030027307723672347
7.668688458,2.7705582319576445,0.47540789746308526,1.5263888984686687,-1.2537030628826242,-0.23970596865015317,0.34968316253411547,0.05307211530037711,-0.29028507842151147,-0.014139225601042223,0.0,0.0,1.5,2.811174480462024,10924.802437464425,11035.030728255737,11042.29867267565,10931.634828501503,0.0,0.0,0.0,0.0,0.0,0.0,nan,0,0.011584868168088125,0.009539694853780534,0.030600540659587505
7.683546067000001,2.7441243482394193,0.47492148085644814,1.5050521143527074,-1.2400150194045645,-0.21904339001139736,0.38221530007755294,0.04986370497950379,-0.2955510952243462,-0.00966071688738605,0.0,0.0,1.5,2.784922687515532,10865.313400841414,11040.228855939673,11072.471937889295,10894.516031046505,0.0,0.0,0.0,0.0,0.0,0.0,nan,0,0.004534249040479388,0.012306684523053724,0.009361930400362484
7.698349899,2.712972732786185,0.4462306907148687,1.4780771425895318,-1.292648045899282,-0.27604667106867536,0.3550547697926391,0.04891476815630427,-0.29270014456479754,-0.017211984433067564,0.0,0.0,1.5,2.7495133187264704,10822.469022671474,11042.384951456981,11080.225495666726,10861.431187409118,0.0,0.0,0.0,0.0,0.0,0.0,nan,0,-0.006598087529426699,-0.013025922474326546,-0.017475518468107243
7.713329106000001,2.7161954632356884,0.45081995640868383,1.4789154063534176,-1.363176238520625,-0.24859759376427001,0.3386726403141764,0.0509577157507125,-0.28938140579759525,-0.015454823555441045,0.0,0.0,1.5,2.753434398653381,10823.384436125309,11086.286108828997,11155.3802260669,10879.0979355458,0.0,0.0,0.0,0.0,0.0,0.0,nan,0,0.017278550025081607,-0.004974038431801997,-0.016462049941617263
7.728366751,2.6924820168269377,0.4693269355703067,1.4808187326069886,-1.4166241004360214,-0.2736952830662543,0.38317580378751165,0.0481832848092298,-0.28798934375333646,-0.013779320827693817,0.0,0.0,1.5,2.7331474721293527,10833.534678158998,11135.208996725261,11212.491168558226,10892.379243162204,0.0,0.0,0.0,0.0,0.0,0.0,nan,0,0.014854814942677486,0.017100052277128075,-0.014358425886716875
7.743383958000001,2.6511171985019253,0.43561682422009806,1.4941523812297288,-1.4005738352991397,-0.24122619215604196,0.4467857571822126,0.052149986860996214,-0.2872066644838456,-0.010592247495067427,0.0,0.0,1.5,2.686674266147942,10785.865081608736,11137.407978826075,11217.298525232503,10847.259529490486,0.0,0.0,0.0,0.0,0.0,0.0,nan,0,-0.00458613860560364,-0.012938906339624412,-0.0008053545579174148
7.758130990000001,2.6334135385666717,0.4420015977803361,1.4979784515977494,-1.4638463181638783,-0.29322350614827586,0.4076533566673074,0.05079626404571445,-0.283139448209953,-0.015748791275674568,0.0,0.0,1.5,2.670250243742064,10699.107743739702,11078.726353262338,11157.522851277734,10763.589355038177,0.0,0.0,0.0,0.0,0.0,0.0,nan,0,0.0002606891759313612,-0.0027803917968196035,0.0032698615955359944
7.773180417000001,2.614794219621825,0.42874012556014873,1.4691811378995845,-1.5063558147595073,-0.25823276763779296,0.416577114450019,0.04770825134505789,-0.28125973690654915,-0.01273196149044232,0.0,0.0,1.5,2.6498899427135094,10643.246379750735,11047.124250860441,11142.970902724875,10722.55284863502,0.0,0.0,0.0,0.0,0.0,0.0,nan,0,0.004805936600992933,-0.012167829204195513,-0.02522442286332205
7.78815596,2.6073861072784483,0.44140367687688004,1.4790716092238487,-1.5467294569447327,-0.2690594076126916,0.4325938235873322,0.04873962568303513,-0.2778010734964432,-0.0114940061202293,0.0,0.0,1.5,2.6445675479990234,10625.951467425519,11048.747016393669,11140.736919381292,10701.978815294491,0.0,0.0,0.0,0.0,0.0,0.0,nan,0,0.02116706388641587,0.004468242730269023,-0.01496716792722208
7.803128777,2.5700138218655826,0.42523323164429017,1.473709585849638,-1.6032791711579097,-0.27942461996007045,0.37683594225801004,0.04783318919731143,-0.2707077693542924,-0.0156230177583539,0.0,0.0,1.5,2.6050883923105146,10595.439533786948,11031.889383893917,11112.67152747699,10665.09101015875,0.0,0.0,0.0,0.0,0.0,0.0,nan,0,0.008159799510888188,-0.007632960280598122,-0.019894432076680957
7.817900101,2.511211120995511,0.4282832185523958,1.4901167760546894,-1.6109829447955988,-0.3025912472127835,0.46487028941712977,0.04747640213601157,-0.27324873002731087,-0.012189885970242561,0.0,0.0,1.5,2.5474900368049886,10612.200254005747,11056.66928239889,11133.094757524002,10675.341739428373,0.0,0.0,0.0,0.0,0.0,0.0,nan,0,-0.02569194958651666,-0.00041894926414454137,-0.0029810931359575132
7.833083946,2.507504220343863,0.4242535209691554,1.5267969241653767,-1.6752606802363048,-0.30495505660211625,0.4020690991282218,0.043433596964671854,-0.265143101200644,-0.012587040544811155,0.0,0.0,1.5,2.5432826308221697,10513.584881487292,10983.66893233268,11066.41375489663,10586.352078863836,0.0,0.0,0.0,0.0,0.0,0.0,nan,0,-0.0038732766866069746,-0.00019201097867166395,0.03428104613296745
7.847807654,2.4970581411195645,0.40660588082845917,1.4886578897672302,-1.6480858261936548,-0.286810843491284,0.41644074838078887,0.04574271352473878,-0.2569079898028107,-0.012717701370051408,0.0,0.0,1.5,2.5299716097063842,10481.06689999114,10958.384876903678,11040.963187822048,10554.091782918043,0.0,0.0,0.0,0.0,0.0,0.0,nan,0,0.011763664917898708,-0.013493506696093172,-0.003178759690440458
7.862893244,2.456403273022025,0.4090795929964377,1.5089526465638707,-1.7654933054767956,-0.3054359819191821,0.3911203179324095,0.04387842206889172,-0.26129722173173775,-0.015621096190100563,0.0,0.0,1.5,2.4902496467221806,10492.257236762314,10929.948435526203,11006.837832279278,10556.663046925165,0.0,0.0,0.0,0.0,0.0,0.0,nan,0,-0.0022648185041540536,-0.0065867370067292375,0.01789842972693334
7.877697057000001,2.4250079485050597,0.410957740839699,1.4671055171476153,-1.7996127780940685,-0.2982177582767155,0.35723413613772775,0.042615247562378195,-0.2513809490114654,-0.012597256890938751,0.0,0.0,1.5,2.4598032161274435,10493.685453839238,10941.388519583363,11014.534785280202,10551.677211896724,0.0,0.0,0.0,0.0,0.0,0.0,nan,0,-0.006503464769915368,-0.00019104211333087484,-0.02306531650489485
7.892848014,2.4167495657351825,0.38618446757889174,1.4761819637373985,-1.8204332658715143,-0.29909804670717105,0.4022924250295189,0.03859493004281266,-0.23915069619573803,-0.009148516269725085,0.0,0.0,1.5,2.447526139866905,10561.990341346978,11015.907464114425,11077.164253997273,10612.510331233596,0.0,0.0,0.0,0.0,0.0,0.0,nan,0,0.012914201972762385,-0.020364349351070343,-0.013019943016945312
7.907701988,2.3793595535951315,0.3980401794780269,1.471043179713584,-1.8466677709643018,-0.31216714335464524,0.3526041399943571,0.042280244298566486,-0.22926596531161728,-0.01620261512841131,0.0,0.0,1.5,2.412597431650051,10560.61478415956,11004.967717877496,11063.339093506407,10607.843919400215,0.0,0.0,0.0,0.0,0.0,0.0,nan,0,0.003708697596243482,-0.0038282916332623707,-0.01712513576933805
7.92268271,2.3364020941601793,0.40240326273587235,1.4723685768840133,-1.9248060471260813,-0.3181297798521842,0.33766256926501287,0.036382934887303556,-0.22677189158342473,-0.010646353082244526,0.0,0.0,1.5,2.370963227677722,10595.355753486765,11007.616480856488,11065.421716183271,10636.162871874174,0.0,0.0,0.0,0.0,0.0,0.0,nan,0,-0.010572523801862133,0.005292605726094024,-0.014704391767646152
7.937488043,2.3193604346757604,0.39671916448170336,1.498296619377233,-1.9358319686708172,-0.31654450070962087,0.3347177508737247,0.037316584034296656,-0.2200284630530892,-0.006670865176495017,0.0,0.0,1.5,2.3530452233036105,10613.762384866808,11027.781613900064,11076.369171545926,10650.01253322091,0.0,0.0,0.0,0.0,0.0,0.0,nan,0,0.0015374417510023441,0.0044409907858367625,0.012371136062324872
7.952639579,2.3093822261225196,0.3837489455120796,1.4707757839024282,-1.9487095541080552,-0.3766285693194027,0.37497909289661047,0.03755605331712271,-0.21169822219795695,-0.01356024601223764,0.0,0.0,1.5,2.3412312090690137,10596.0867043361,11005.417416863029,11048.19756872778,10636.633442651137,0.0,0.0,0.0,0.0,0.0,0.0,nan,0,0.02116770894201947,-0.0036251664010139018,-0.013955228838376854
7.967476579,2.253423751609282,0.38412299038016334,1.4744943195577287,-1.969467218336317,-0.3472288621520737,0.34236813838009267,0.03081980182103765,-0.20180383457692455,-0.008386098059390114,0.0,0.0,1.5,2.286070781010569,10569.050114655283,10959.809943259785,11022.412836404319,10626.188436745344,0.0,0.0,0.0,0.0,0.0,0.0,nan,0,-0.004746925009361469,0.0017210274846894413,-0.008991845227387607
7.982354665000001,2.2425596060484736,0.37852893472873167,1.498841855774263,-1.9988975113855032,-0.37627882775642757,0.2905768960268205,0.03461448834799425,-0.18762009552219394,-0.010633422601114759,0.0,0.0,1.5,2.2742821026436455,10570.286597944018,10940.32983633024,10994.785081622937,10622.951230113029,0.0,0.0,0.0,0.0,0.0,0.0,nan,0,0.014845402937601726,0.001163568777228341,0.016655859845128962
7.997431059,2.2034664694027972,0.3692175652903783,1.4688080371962897,-2.0129449468154172,-0.33392854304183783,0.30584085616309487,0.02661098995192095,-0.18096490624743186,-0.0011405893950413438,0.0,0.0,1.5,2.2344035067205144,10582.149204233152,10919.630352882137,10983.49872746466,10642.400055317017,0.0,0.0,0.0,0.0,0.0,0.0,nan,0,0.006598872687332946,-0.0030503433252859202,-0.012023007119931872
8.012409038000001,2.1891543110937994,0.35903109201799077,1.4725017841805028,-2.0817411534259644,-0.3279268779603111,0.29833007544389417,0.025369036707979183,-0.1717265887082659,-0.009167816185582246,0.0,0.0,1.5,2.2185707278988094,10607.309814887993,10919.063482871505,10962.447112338765,10661.724753538192,0.0,0.0,0.0,0.0,0.0,0.0,nan,0,0.02350097979292709,-0.008082080225236987,-0.0069248972952220544
8.027345242,2.136267053198734,0.36155805363541293,1.4602814437327647,-2.065303297478085,-0.363830828601521,0.23373127832545199,0.031089336665147793,-0.1606093879746866,-0.007062273867559542,0.0,0.0,1.5,2.1670114703072025,10619.92243419338,10918.604791423912,10947.709240763976,10658.814944272228,0.0,0.0,0.0,0.0,0.0,0.0,nan,0,0.0021723558632391615,-0.0003468233859620917,-0.017697067135734157
8.042114839,2.0957472605747713,0.35495360688839883,1.4683076455775816,-2.084817492802465,-0.3512530451522015,0.23539672222567756,0.020074351802263274,-0.14775105772343514,-0.004428446251795916,0.0,0.0,1.5,2.125829966996086,10690.94439282175,10949.353126211881,10988.503757161825,10738.37143120166,0.0,0.0,0.0,0.0,0.0,0.0,nan,0,-0.006467470958102517,-0.00169309236607601,-0.008191344781847798
8.057014950000001,2.0685343039362767,0.3678494884280693,1.4692681077053877,-2.1319522260486297,-0.3747235361079118,0.1581299267882183,0.022595439142029466,-0.13089906045611124,-0.006768527885013549,0.0,0.0,1.5,2.1012119983242856,10713.355016277155,10954.976921273434,10990.59704579816,10758.248906463088,0.0,0.0,0.0,0.0,0.0,0.0,nan,0,-0.0015019128534987658,0.01650722043769981,-0.005739946412324448
8.072265621,2.0343338055613827,0.35171573119674904,1.4613159784612981,-2.119083508981965,-0.4162767963070765,0.12991993075145275,0.018741540592588157,-0.12475250073307638,-0.0075817991093363344,0.0,0.0,1.5,2.0648763743971523,10787.529850583905,10992.901132468593,11019.211338389932,10823.966188706372,0.0,0.0,0.0,0.0,0.0,0.0,nan,0,-0.003249930019661118,0.005720228012130291,-0.012204020297543083
8.087031339000001,2.010966298751001,0.3399808657652056,1.4647910828976225,-2.146712337199962,-0.34901520002052466,0.17758528895223055,0.01662768754976212,-0.10960267119013435,-0.003837760501375041,0.0,0.0,1.5,2.0398068809674803,10847.8517892352,11022.94561859887,11056.573192021464,10892.376370341244,0.0,0.0,0.0,0.0,0.0,0.0,nan,0,0.006084621847477489,-0.0006294360258680687,-0.007266042170332998
8.101906893,1.9779431528446125,0.32548417453911593,1.4619991963174666,-2.252290719760134,-0.3633544216572522,0.07985779289357783,0.015607675829422367,-0.0966845731815421,-0.0019188231792325338,0.0,0.0,1.5,2.0049047670253106,10833.261515468848,10990.086370911997,11001.407894449876,10862.67381467555,0.0,0.0,0.0,0.0,0.0,0.0,nan,0,0.00598657743384301,-0.009706732993411626,-0.00863110574044601
8.116992412,1.9338534353680212,0.3325816051092317,1.4471843396918411,-2.216888680006878,-0.3922493374694955,0.07336096857481084,0.010272153856479492,-0.08486961496303964,0.0018370507569940766,0.0,0.0,1.5,1.9629541837535376,10883.94028044575,11027.327358961162,11029.54606831199,10908.634006822664,0.0,0.0,0.0,0.0,0.0,0.0,nan,0,-0.004983422462647713,0.0028397313977881478,-0.022053616619063465
8.131916387,1.9159668028899275,0.30426728796030195,1.4744662082858477,-2.248718645970362,-0.3593336078750102,0.09161359018913386,0.014754324988092326,-0.07134568892951527,-0.0020262549820738414,0.0,0.0,1.5,1.9401441561951702,10930.319222714195,11051.070932948765,11053.108476441095,10959.528023465955,0.0,0.0,0.0,0.0,0.0,0.0,nan,0,0.010417787959687397,-0.020000163234053292,0.006562478488546297
8.146900855,1.8671928070500163,0.3448992286016076,1.465816251586511,-2.22134706717478,-0.3868727306513979,0.057773235332070044,0.008618073303511935,-0.061910706210232445,-0.013752305784949133,0.0,0.0,1.5,1.8990874085320297,10949.953310378767,11034.619166933016,11034.042929162924,10979.485152005891,0.0,0.0,0.0,0.0,0.0,0.0,nan,0,-0.004928033693495815,0.02612714100982344,-0.0008272872256775976
8.161748369,1.8427849418857982,0.3203095549914563,1.4460241878186069,-2.2278327979018235,-0.36681982647984734,-0.0064254821089335425,0.004595869568008371,-0.04507009781743434,-0.004523759235922199,0.0,0.0,1.5,1.8711942553782357,10985.0900974798,11022.95534178415,11010.929334830274,10982.244462993976,0.0,0.0,0.0,0.0,0.0,0.0,nan,0,0.0042030998473103764,0.0070490551296112924,-0.019430104988992003
8.176882742,1.7944699998529707,0.2978190268205667,1.4333442052922758,-2.2493564506365398,-0.3750208781110329,0.06294596240613896,0.00051883258122364,-0.03260592307271391,-0.002875653625543251,0.0,0.0,1.5,1.8202367285814196,11055.322421945784,11048.498881553622,11025.773973775325,11038.524537228228,0.0,0.0,0.0,0.0,0.0,0.0,nan,0,-0.010491139139593875,-0.009918314514034743,-0.03099701083806461
8.186782393,1.8034533949485334,0.30972931696982614,1.4689459485504825,-2.252132142541577,-0.4073697563881998,-0.029840904269438986,0.003922945690661633,-0.02539581297122106,-0.003585804501036762,0.0,0.0,1.5,1.830120419987006,11050.242896922266,11014.000491726436,10985.916355549009,11031.844930403598,0.0,0.0,0.0,0.0,0.0,0.0,nan,0,0.02093715247414618,0.0056782396024243065,0.005299155609598483
8.201721084,1.7378499645006784,0.28869038361223226,1.4713846187010182,-2.1990066476730417,-0.4013173091137111,-0.03883070054178873,0.0031886425950019294,-0.012236513178450894,-0.011123551836239335,0.0,0.0,1.5,1.7618976919083789,11086.916240993965,11007.652644307836,10989.584657397943,11084.066903016894,0.0,0.0,0.0,0.0,0.0,0.0,nan,0,-0.010974031116416816,-0.00982847902024958,0.008707268472070151
8.216548589,1.7305356759630426,0.3031391483441239,1.4555628466340604,-2.206676018220487,-0.37830982713270755,-0.028898253659064115,0.0006568525809615663,0.00104239011288987,-0.0033865994607425775,0.0,0.0,1.5,1.757447504091924,11105.287561170711,10989.69737638848,10979.061329314456,11105.2979734843,0.0,0.0,0.0,0.0,0.0,0.0,nan,0,0.015408005755951804,0.01015183385925561,-0.006237696370372081
8.231494169000001,1.6733179106288187,0.2802703144119039,1.4519291544234376,-2.28838840779414,-0.3963163478767813,-0.06969381211222081,-0.0035502818295052203,0.013068353769648003,-0.004156201708262103,0.0,0.0,1.5,1.697308188092601,11107.383514835741,10964.319610608001,10942.725184337633,11101.535774153579,0.0,0.0,0.0,0.0,0.0,0.0,nan,0,-0.008138207403568742,-0.007190664713713657,-0.00908502129559996
8.246402657,1.6670615402557574,0.2898952961224641,1.4720585579291434,-2.22162281485386,-0.35831869132986516,-0.10443328459596586,-0.0038788668480729915,0.02314189839678528,-0.0002901873257488194,0.0,0.0,1.5,1.6923103101673842,11128.305178770077,10961.172324807021,10933.837377313715,11119.133471444786,0.0,0.0,0.0,0.0,0.0,0.0,nan,0,0.01922383877583833,0.007950933717261466,0.011744346122337213
8.261476215,1.613787670248333,0.2674647397089584,1.463948840757679,-2.2144999360210385,-0.3730117277163511,-0.14500681673922367,-0.006353879810939404,0.038350223516270494,0.0012722717922726628,0.0,0.0,1.5,1.6361991681075498,11153.89763949502,10967.519274736735,10922.44385165591,11132.05732320365,0.0,0.0,0.0,0.0,0.0,0.0,nan,0,-0.0005126739034051475,-0.00897719744412695,0.004244968642828972
8.276407807,1.579736550805642,0.2713903574323489,1.4508381873398513,-2.225816662477792,-0.38019414408501495,-0.18316046987322643,-0.009982983739469662,0.04840960366857346,-0.009805957882780728,0.0,0.0,1.5,1.6036324952689742,11187.614465666538,10979.234016403563,10929.273528547856,11165.354689907062,0.0,0.0,0.0,0.0,0.0,0.0,nan,0,-0.0011349432837117757,0.00043223815296250523,-0.008348708248666403
8.291272703,1.5399355605234875,0.2721377665093694,1.459761436023134,-2.1967215520498447,-0.3813046776421564,-0.17142911398115976,-0.007288785241946171,0.06226757569298046,-0.005192763509610846,0.0,0.0,1.5,1.5643144302078198,11260.663349660032,11017.101265784957,10967.22096263275,11221.187882366257,0.0,0.0,0.0,0.0,0.0,0.0,nan,0,-0.007642983418715277,0.006640445260085948,0.0009845748825221268
8.306137839,1.5275687427783986,0.25676499518409424,1.4389530268411765,-2.213235745356968,-0.38694759332502665,-0.20421965858105798,-0.011590732687386017,0.07327329790713463,-0.008120212701303347,0.0,0.0,1.5,1.5502003933676831,11273.383807313996,11017.616239141582,10969.092880534039,11233.204002329645,0.0,0.0,0.0,0.0,0.0,0.0,nan,0,0.013120299866609786,-0.0032988859211955934,-0.019534238484987254
8.321180737,1.499237388032354,0.2489628785442987,1.4467351076597608,-2.151125308956433,-0.39591153401337015,-0.22531454727307343,-0.014747493997574213,0.08238788717199853,-0.010229919823460575,0.0,0.0,1.5,1.5207012886570312,11298.374090766001,11023.29645631004,10980.064550538718,11261.655551200956,0.0,0.0,0.0,0.0,0.0,0.0,nan,0,0.017730538931803208,-0.005699040237462455,-0.011584344549900427
8.336122842,1.4406795318887191,0.24800697412982514,1.443348121362047,-2.1687733283246997,-0.3518646825500839,-0.2333916512546381,-0.013934565329863454,0.0930191414814637,-0.007902028811878193,0.0,0.0,1.5,1.4629676716090962,11315.569572559696,11031.847741068772,10991.858650786351,11279.9079591785,0.0,0.0,0.0,0.0,0.0,0.0,nan,0,-0.008099426335946625,-0.0012885163623185258,-0.014930641373176012
8.351034406,1.4258466156734377,0.23835385283200763,1.468553858331887,-2.1551378673010224,-0.3834368800512807,-0.24573347957902608,-0.019270776159001003,0.10119033875980002,-0.0020474169612234006,0.0,0.0,1.5,1.4459737170547289,11320.121027295401,11036.259999265569,10990.938127873844,11277.346049671645,0.0,0.0,0.0,0.0,0.0,0.0,nan,0,0.009557714679353513,-0.005614647369203557,0.010186905341372343
8.361176027,1.3864049923764445,0.24770394991580574,1.4649523146145862,-2.153970628704378,-0.38870966357731496,-0.18687948570112817,-0.017398287224374476,0.10986078691178194,0.0001466859869304355,0.0,0.0,1.5,1.408795368370118,11323.382287122193,11039.421520413907,10990.278544384932,11275.510361295128,0.0,0.0,0.0,0.0,0.0,0.0,nan,0,-0.008367335664546172,0.0072630252219598734,0.006456210699206766
8.376004031,1.3621244703520974,0.2354632729158285,1.4570224948418256,-2.1250715917942524,-0.3195438095461886,-0.21940655940504455,-0.02007852962563277,0.11610243593808099,-0.0046228598769520995,0.0,0.0,1.5,1.3829942485686035,11226.653332025888,10961.373702231755,10916.312882677401,11200.79916898818,0.0,0.0,0.0,0.0,0.0,0.0,nan,0,-0.0006033483052618749,0.0002756225517701605,-0.0017597765370238605
8.391109369,1.3337300802103587,0.22359940982818832,1.4265778909262081,-2.1227021053392985,-0.35166375796823346,-0.20967599167219406,-0.020185080959354382,0.12583027288070256,-0.008270290630112136,0.0,0.0,1.5,1.354335050507919,11200.983197622714,10944.969328111774,10886.878697387077,11156.788462237859,0.0,0.0,0.0,0.0,0.0,0.0,nan,0,0.002754166677613412,-0.0063833122649267215,-0.0325764770790864
8.405796526000001,1.2907917274499074,0.23270173750114867,1.4567031431951216,-2.057794708190755,-0.3364309853583928,-0.23873010037928788,-0.02277577599224468,0.13651690988300214,-0.0015917990001813956,0.0,0.0,1.5,1.312313986856176,11190.135209093534,10937.300330382212,10877.802685415098,11142.15732235686,0.0,0.0,0.0,0.0,0.0,0.0,nan,0,-0.00874376569170332,0.007872509420637164,-0.0028959995331339083
8.421040257000001,1.2699253247690894,0.225668115748911,1.4434344017970338,-2.024954912319397,-0.3369603026586426,-0.2137857371663776,-0.02479689755852917,0.1453708467320349,-0.007683379637471394,0.0,0.0,1.5,1.2910600667109182,11162.872276486178,10918.76136724183,10856.686447690558,11116.727526251061,0.0,0.0,0.0,0.0,0.0,0.0,nan,0,0.0015003631967274167,0.005937958542799215,-0.016672871973851144
8.435993534000001,1.2314484789790343,0.2249588419926793,1.452212385927408,-1.974800218544127,-0.3327644539686373,-0.2938656856907796,-0.026983676723170733,0.15044742464077518,-0.003986553633565751,0.0,0.0,1.5,1.2527391959339402,11134.588906515386,10892.370358715712,10832.372242224774,11088.031550606725,0.0,0.0,0.0,0.0,0.0,0.0,nan,0,-0.006213116449012235,0.010270558619014353,-0.008455450367973238
8.45078311,1.214599120918483,0.1959761216138073,1.4299389935866187,-1.9868807333938063,-0.34148490706283374,-0.270903397545684,-0.027440358197846505,0.1542409535234136,-0.017546448976693007,0.0,0.0,1.5,1.2323011845317675,11177.748111166813,10934.756440990208,10872.957930448025,11132.079719783194,0.0,0.0,0.0,0.0,0.0,0.0,nan,0,0.007336147487133626,-0.01373027640554561,-0.0313386587895772
8.465696839000001,1.18615016794933,0.21006050837788093,1.4584240902416652,-1.9763418812710152,-0.31131648228637926,-0.2574067101080303,-0.029790982027747208,0.1632823737843039,-0.006007564127476268,0.0,0.0,1.5,1.2053241034586635,11197.39039677103,10952.399166220344,10901.940379401589,11148.852576204883,0.0,0.0,0.0,0.0,0.0,0.0,nan,0,0.00890212465433926,0.0052730235685206905,-0.0035230751593047227
8.4808198,1.1542522359137013,0.21761419926458994,1.4725750820913808,-1.9226364793580593,-0.3051000746281114,-0.279412391120556,-0.030670498767660193,0.1723236538318683,-0.012154055344503246,0.0,0.0,1.5,1.1749069282099078,11147.44801399012,10920.385562523543,10862.815366415143,11095.918013192033,0.0,0.0,0.0,0.0,0.0,0.0,nan,0,0.006619626951086532,0.01768021900171715,0.009903615014664968
8.495598363000001,1.132538676194275,0.21256156542142227,1.4572327699116623,-1.9190135018208772,-0.32536104315203945,-0.29801277759498507,-0.03357720012938729,0.18043142852657823,-0.010446995993378873,0.0,0.0,1.5,1.1531068069089332,11119.752204782022,10900.519864336808,10840.870050910175,11060.878939730357,0.0,0.0,0.0,0.0,0.0,0.0,nan,0,0.014109038618323133,0.017413742405893162,-0.006200792809073263
8.510402485,1.077800379438027,0.17886373219115856,1.4712090165815959,-1.8707169915022217,-0.2914631898050722,-0.35160066401167467,-0.029266512758993602,0.18318216300424103,0.0007839884185490412,0.0,0.0,1.5,1.0929203142664632,11122.080510779693,10902.077307961084,10847.08824713522,11065.071102136832,0.0,0.0,0.0,0.0,0.0,0.0,nan,0,-0.01185232289868976,-0.011567269283895482,0.006984320925088605
8.525325131,1.0598167143236623,0.20215726234286469,1.4588666861192456,-1.8518718886645573,-0.30065916882083843,-0.32220332152071296,-0.03203619249013102,0.19075584823532832,-0.01163321585933946,0.0,0.0,1.5,1.0797087459998542,11136.176535879818,10919.029184783401,10865.981877596842,11086.255796548376,0.0,0.0,0.0,0.0,0.0,0.0,nan,0,-0.0014997312218110181,0.01637164271066635,-0.006179141635526797
8.540528835,1.0251454947334335,0.17678501852699136,1.444129225317739,-1.8196096306985219,-0.3228302865398295,-0.22751470862100592,-0.03063050068632765,0.1953647222104349,-0.005289231931918757,0.0,0.0,1.5,1.041776257941906,11153.974151712851,10940.348852696885,10891.74351109265,11106.69513317256,0.0,0.0,0.0,0.0,0.0,0.0,nan,0,-0.008290696623606264,-0.004428822616570599,-0.02177548398638507
8.555472837,1.0075226021158248,0.17442871617884953,1.4222468416699936,-1.8084690593817632,-0.2866601878319796,-0.34731744031358136,-0.03113068970500338,0.2042827369002096,-0.007095045806898907,0.0,0.0,1.5,1.0254622003917722,11086.805052984168,10890.870497366916,10856.450554039373,11060.950201968266,0.0,0.0,0.0,0.0,0.0,0.0,nan,0,0.0014983822317593543,-0.0022885849267031966,-0.04454974198739814
8.570329477000001,0.9825066932310099,0.17182599244954533,1.4821529563107818,-1.783170802437125,-0.28181262190786033,-0.28569469640562595,-0.033227850498401136,0.21056450797850998,-0.006554399687985887,0.0,0.0,1.5,0.9975781126776238,11161.91521738707,10957.305475984309,10923.645653756965,11136.21588861771,0.0,0.0,0.0,0.0,0.0,0.0,nan,0,0.0034146786308554278,-0.0004714910751517365,0.014437121057968128
8.585171929000001,0.9426524959155362,0.18437547550786446,1.4690899748134938,-1.7649279821662005,-0.3007546449247894,-0.32238645662272647,-0.03721937413321392,0.21383886751964212,-0.012032184333201152,0.0,0.0,1.5,0.9610116927912853,11110.850035208552,10918.761353900763,10884.301160831714,11087.0610535422,0.0,0.0,0.0,0.0,0.0,0.0,nan,0,-0.010001477455369723,0.01641913282757157,0.0004159323079218069
8.600394893,0.9352561932555888,0.16144681860624444,1.4510799913118941,-1.6690569154481782,-0.2866948360337804,-0.3053100070127596,-0.03830401304859225,0.21757566628793085,-0.005466724191793487,0.0,0.0,1.5,0.9503485621134264,11091.844009773049,10906.186440822159,10873.418691042561,11062.300768731102,0.0,0.0,0.0,0.0,0.0,0.0,nan,0,0.008538971213389868,-0.0022478693176821996,-0.018571277124025176
8.615344057,0.8958973085675603,0.1558518110090064,1.45914363358202,-1.653365620137921,-0.30707149470969014,-0.2711003389578853,-0.03948557019953905,0.2252788703563329,-0.011376603948642329,0.0,0.0,1.5,0.9102697496732854,11086.146964771486,10909.147615085334,10880.152806650724,11064.929682604652,0.0,0.0,0.0,0.0,0.0,0.0,nan,0,-0.005393443410897092,-0.0036618207550634385,-0.011495812748712364
8.630071569,0.8837588728162111,0.15804586051297628,1.4545929713541792,-1.5950328458044358,-0.2838285321758666,-0.3378657703622252,-0.03989864232990114,0.2239179968974899,-0.016859341805968844,0.0,0.0,1.5,0.8989271592054106,11032.701096043671,10863.553389172623,10849.13878918225,11024.570740390109,0.0,0.0,0.0,0.0,0.0,0.0,nan,0,0.007376010182925108,0.0026316778674387586,-0.017037285677982128
8.645080789,0.856959149403236,0.15937085220297495,1.492731787040394,-1.569686747448784,-0.23060426208946003,-0.30919439342126753,-0.03727069147386353,0.23237030371863168,-0.003410972791432524,0.0,0.0,1.5,0.8716827858788118,11065.91961049476,10896.203417225965,10884.95074650574,11051.062689292026,0.0,0.0,0.0,0.0,0.0,0.0,nan,0,0.004958397352708088,0.00797365021999627,0.020118711692051372
8.660151782,0.8162806942949677,0.16369640573848626,1.4731564789539953,-1.5719392966195733,-0.30590522232063194,-0.33054768032437826,-0.03952630403477885,0.2287489501839112,-0.0123406195063035,0.0,0.0,1.5,0.8329653412672828,11038.13587372233,10886.370707720387,10856.81874158915,11012.804743597844,0.0,0.0,0.0,0.0,0.0,0.0,nan,0,-0.01187373347201981,0.016232370995318685,-0.0004353522506135299
8.674929444,0.805141296112023,0.15956134640974134,1.4897764191683076,-1.5087118904768748,-0.2843098028512387,-0.3363209279471721,-0.041013854570607106,0.24068944359341315,-0.010845686437376946,0.0,0.0,1.5,0.820863479257093,11043.55376777321,10899.91527890215,10877.836394517808,11026.148422579108,0.0,0.0,0.0,0.0,0.0,0.0,nan,0,0.00029043262883166054,0.015945774019868214,0.015216873458720359
8.689883742000001,0.7846456713612041,0.1425138489487267,1.4907683653324681,-1.5303463052936987,-0.22926724145488814,-0.31168049555744787,-0.03879209999463324,0.238844051310726,-0.0076872070952053225,0.0,0.0,1.5,0.7975363626861725,11045.992547633614,10901.569754759992,10888.512599889224,11036.322900943282,0.0,0.0,0.0,0.0,0.0,0.0,nan,0,0.002546599986094189,0.002660826976389835,0.015248672375553829
8.705050114,0.7665710531560225,0.1458056984085321,1.473562957284707,-1.4055613032430236,-0.27977925774204343,-0.2955372505784477,-0.03906684090787987,0.245219477250637,-0.009646801103763218,0.0,0.0,1.5,0.7807620626366675,11031.303008128709,10896.640592350781,10878.248597395172,11014.260810494769,0.0,0.0,0.0,0.0,0.0,0.0,nan,0,0.006664512276894241,0.009628328148374582,-0.0029082662085559985
8.719864771000001,0.7470954958146769,0.13091096030451221,1.498160909423771,-1.400422740793605,-0.21202786548614025,-0.29542103948809484,-0.043630793000750956,0.250747443170895,-0.012442133987042771,0.0,0.0,1.5,0.7584805479698047,11027.607743349903,10894.681329234369,10892.364955988545,11029.97502598132,0.0,0.0,0.0,0.0,0.0,0.0,nan,0,0.008816083409271203,-0.001678462799781344,0.020751534856755294
8.734712944,0.7364314091370437,0.1319766856835511,1.4841170955889424,-1.3813115642088936,-0.2294790949380392,-0.27159772521899544,-0.038241644832830345,0.25246203844127346,-0.003352154398318522,0.0,0.0,1.5,0.7483323677218015,11013.304795872762,10885.785602268752,10875.600836668089,11002.056302425997,0.0,0.0,0.0,0.0,0.0,0.0,nan,0,0.019207322601266785,0.002886623583109843,0.005784958378372673
8.749741902,0.7032328081863651,0.1140672053278723,1.5021956304966624,-1.331318696237313,-0.23717151507909826,-0.2869264433753774,-0.04259135073682335,0.2514123345037417,-0.010248798132552967,0.0,0.0,1.5,0.7124272107621029,10979.476200226012,10868.930970212026,10857.59449245526,10978.725388578485,0.0,0.0,0.0,0.0,0.0,0.0,nan,0,0.006488397054870254,-0.011612619674450528,0.022966511176909732
8.759859910000001,0.6825077011544988,0.12334561159849251,1.4633483980537867,-1.2759621033723123,-0.16718134814621852,-0.3023774325271241,-0.044047043310374984,0.25959316225345114,-0.006933535753009295,0.0,0.0,1.5,0.6945316709560684,10967.010788864356,10863.843250916994,10855.156371790326,10970.34428646613,0.0,0.0,0.0,0.0,0.0,0.0,nan,0,-0.000905229481577785,-0.000110506056327897,-0.016459723944418414
8.774574353,0.6649181347283674,0.13315235739257364,1.4793437277914887,-1.277532279573088,-0.21167743197238117,-0.3296431522670574,-0.041363541724647235,0.2567380956110688,-0.0074482107954818065,0.0,0.0,1.5,0.6784337533992564,11018.79542152293,10908.138580419314,10878.159709033323,10998.605467423851,0.0,0.0,0.0,0.0,0.0,0.0,nan,0,0.0010155043081939708,0.01295642882857391,-0.0013049876076647315
8.789507332000001,0.6460419088318757,0.11198481435685333,1.4851387698546465,-1.1846560775720312,-0.2014389287594596,-0.2815981147366365,-0.04367692030586549,0.2608157640085182,-0.014001079020107495,0.0,0.0,1.5,0.6558441909288407,11068.294947416562,10961.358731544191,10928.56488027243,11047.964919573673,0.0,0.0,0.0,0.0,0.0,0.0,nan,0,0.0010558872278246811,-0.005042845182540098,0.0036660418460559008
8.804459510000001,0.6283365412221059,0.11653998257334669,1.477058311622342,-1.138910616142352,-0.19215391189581918,-0.30253931596964684,-0.043229606865385774,0.26403108541903364,-0.008853131341826704,0.0,0.0,1.5,0.6394643834012749,11079.870587810718,10947.567324244357,10917.081569197246,11053.222162005324,0.0,0.0,0.0,0.0,0.0,0.0,nan,0,0.0016647850002162734,0.0025873240210387005,-0.0052345676934257845
8.819654429,0.6073472977472552,0.12147277996265915,1.462525165729121,-1.1739535511470627,-0.19545016523982695,-0.24119148212115057,-0.043037480637646786,0.26496743149806723,-0.016601374883828006,0.0,0.0,1.5,0.6205084524455565,11116.85083703215,10944.701184992133,10910.598087266138,11085.570139179237,0.0,0.0,0.0,0.0,0.0,0.0,nan,0,-0.0016172719402737235,0.01050113500733546,-0.02058325663718885
8.834273842,0.5861633525002374,0.09756888513010535,1.4774755794718413,-1.0884338766229897,-0.22619157482255037,-0.3142524704907519,-0.04432274977573943,0.2676548989572115,-0.013440771877779093,0.0,0.0,1.5,0.5946549526237704,11110.538624960658,10931.249202589044,10898.501832445865,11075.357778387612,0.0,0.0,0.0,0.0,0.0,0.0,nan,0,-0.005705713970195814,-0.010516413890729825,-0.006444210083143442
8.849343487,0.5572206394880338,0.10402561463282264,1.481695081752664,-1.0392178279403554,-0.17530168279082464,-0.2528147681389173,-0.04257570643144547,0.2684485192151555,-0.014130677169623457,0.0,0.0,1.5,0.5671430503878466,11130.741722044906,10932.338302981583,10922.288711544956,11114.164149989263,0.0,0.0,0.0,0.0,0.0,0.0,nan,0,-0.01816785552321276,-0.0012684628675148912,-0.0030292460704133273
8.864202092000001,0.5502419076101704,0.11552292550616414,1.4928663388267012,-1.0158948277648676,-0.19005054813178404,-0.22155597418720932,-0.04577646578124262,0.2702727692424739,-0.013731583067931178,0.0,0.0,1.5,0.5622833736913422,11121.885171536373,10903.749136113283,10893.131744832493,11099.560742752847,0.0,0.0,0.0,0.0,0.0,0.0,nan,0,-0.00928585567709761,0.012924220490681426,0.007338868266715037
8.879363075,0.5655801203939184,0.09265477665407018,1.4758035236584939,-0.9793424380295731,-0.17107703928582718,-0.2319551043385122,-0.04508428157158213,0.2722157724567949,-0.009880258528221076,0.0,0.0,1.5,0.5736298891175039,11063.730478763684,10831.218715318873,10812.822177442888,11032.17645371009,0.0,0.0,0.0,0.0,0.0,0.0,nan,0,0.02129557097591217,-0.007344062915121366,-0.010507122776858724
8.894151202,0.5461519958972133,0.09363410584052566,1.4807713911223122,-0.9500188085761185,-0.18960743862405394,-0.2152641764124036,-0.04950394623111371,0.27221738432675435,-0.016636244860090053,0.0,0.0,1.5,0.5544538644453978,11051.058175886867,10801.437894812487,10775.011900837198,11017.182268887827,0.0,0.0,0.0,0.0,0.0,0.0,nan,0,0.016497089861474024,-0.0038598244663317627,-0.006280503553815597
8.909254802000001,0.5243452227623231,0.08153397936678727,1.4955047727480388,-0.8935558306310964,-0.20481832256127303,-0.25595247952535916,-0.04273456832794559,0.2705863489097675,-0.00952861243383921,0.0,0.0,1.5,0.5306655344876853,11035.204696659637,10765.195794083349,10745.309424704998,10999.500504699474,0.0,0.0,0.0,0.0,0.0,0.0,nan,0,0.008707585812980256,-0.013549900095190734,0.007763060947511002
8.919299775,0.5206942703004074,0.06403412196094224,1.5036222524328815,-0.8730876223283287,-0.15985444589777456,-0.1629598518289927,-0.04149785832677298,0.27175523233722093,-0.006461441770950147,0.0,0.0,1.5,0.5246294050200294,11035.983393102124,10760.185358915629,10746.73301497074,11010.880246350744,0.0,0.0,0.0,0.0,0.0,0.0,nan,0,0.014061918339350998,-0.029495712446373598,0.015452936543751461
8.934022905,0.49569075445487687,0.1002813215254376,1.4780692163062141,-0.8328985100710287,-0.1405255802703339,-0.23317025915569067,-0.045114378798300325,0.27442958818776225,-0.012661089991938402,0.0,0.0,1.5,0.5062080864351703,10981.988933166613,10699.541011568248,10689.94253525451,10974.779360698045,0.0,0.0,0.0,0.0,0.0,0.0,nan,0,0.0020576512947108605,0.009003557848522636,-0.010690500097521927
8.949193931,0.47750972991151386,0.0984612499521129,1.4862770969551036,-0.7887645414159904,-0.10251747563618598,-0.18504972051215968,-0.04146634106441717,0.27078441045623675,-0.004596336480640184,0.0,0.0,1.5,0.4877483756715946,11039.144326992457,10741.462648517898,10710.268649120184,11001.929136482253,0.0,0.0,0.0,0.0,0.0,0.0,nan,0,-0.0037314276814021663,0.009341037967217164,-0.0030027189000501053
8.963919596,0.4864879899159908,0.1022774286051278,1.476739838847238,-0.7441554996431132,-0.12420329227306914,-0.1634783482699577,-0.04384930872583928,0.27116770243132765,-0.010647982731887978,0.0,0.0,1.5,0.4976668281405047,11044.08459331116,10739.558477379154,10685.085709013396,10984.301723612465,0.0,0.0,0.0,0.0,0.0,0.0,nan,0,0.017030651862375512,0.015219827276720443,-0.012997686484082838
8.979043805,0.44870368519556253,0.09247602011290233,1.4904941643040635,-0.708637077209531,-0.10930627140116009,-0.2156111938473125,-0.04665344805761451,0.270895367252378,-0.014210391931041871,0.0,0.0,1.5,0.45823266177377464,11029.282430337526,10705.588562324532,10642.570739700457,10957.426338085123,0.0,0.0,0.0,0.0,0.0,0.0,nan,0,-0.009573552895441595,0.007386463998060644,0.00036912572441161196
8.993843404,0.4548533701764533,0.08569827480525595,1.4723500001054597,-0.6833296072377248,-0.1518859786102771,-0.18627941699922912,-0.046583111043038646,0.2699553575339897,-0.0004668389994968179,0.0,0.0,1.5,0.46368125383677405,11048.171074780197,10722.874035085228,10652.280833033417,10965.818975368016,0.0,0.0,0.0,0.0,0.0,0.0,nan,0,0.007157320970720749,0.0024826656542758785,-0.018086196679758304
9.009026971,0.4158335535252009,0.07215402715303061,1.478142204824432,-0.6617667772331601,-0.0993372362038809,-0.15967128113693724,-0.041579500913291434,0.2691520505688957,-0.0069183698193454,0.0,0.0,1.5,0.42261271997152844,11043.47578546294,10729.681391887802,10670.029634814651,10992.872022247426,0.0,0.0,0.0,0.0,0.0,0.0,nan,0,-0.02187825659702597,-0.009281663408905724,-0.01253614411602677
9.023918125,0.42773989278487673,0.09320573068569998,1.4862544309495411,-0.5942462793088078,-0.10047225583155715,-0.13142579230611126,-0.043043272332297294,0.26784986660956017,-0.018050395491881456,0.0,0.0,1.5,0.437992767954899,11025.128855691679,10727.19249930069,10670.08423081159,10977.952319593567,0.0,0.0,0.0,0.0,0.0,0.0,nan,0,-0.0005808008401593234,0.013456332926696707,-0.004600941649345547
9.038887518000001,0.42737116544634557,0.0795799469949552,1.4800335488645975,-0.5598043450192286,-0.14936417747424552,-0.16152467677756355,-0.04114188499704767,0.26180005021736263,-0.0035953744395359525,0.0,0.0,1.5,0.43517552802246356,10997.010051438423,10675.477001293251,10621.864010064619,10927.687383679933,0.0,0.0,0.0,0.0,0.0,0.0,nan,0,0.007856522173795455,0.001424295365407724,-0.010925269043699837
9.053646931000001,0.4212729619747276,0.07167784437203253,1.4913149618265928,-0.5062555311644973,-0.08518041319375526,-0.13941481294183694,-0.04228718230737848,0.25793857209137744,-0.006407577790037836,0.0,0.0,1.5,0.4274155492642437,10990.074954463857,10669.732673625995,10633.000044693044,10944.603826766848,0.0,0.0,0.0,0.0,0.0,0.0,nan,0,0.009988592062961432,-0.004975317721756564,0.0003362781179938601
9.068828889,0.41525520759677764,0.08378911226532915,1.495288229684901,-0.4797708305897306,-0.10685467985064674,-0.1005846991425642,-0.04413039077918124,0.25553026262416867,-0.012377365041597794,0.0,0.0,1.5,0.42365044972235905,10982.098455637642,10660.062470072182,10618.5275097696,10933.88474940825,0.0,0.0,0.0,0.0,0.0,0.0,nan,0,0.011632158145990557,0.008548096088011922,0.004370983732270073
9.083789234000001,0.3851753708693255,0.08100956025608391,1.4693025677864848,-0.45597911153340037,-0.08412523724769094,-0.14477357971972804,-0.04318908200958559,0.2514266280780875,-0.013578343330187858,0.0,0.0,1.5,0.39479734994261284,10949.603158054731,10624.209146864085,10585.921966474825,10899.074391627571,0.0,0.0,0.0,0.0,0.0,0.0,nan,0,-0.0113460888228481,0.007091622830563665,-0.021468344388962946
9.098615972000001,0.38439436585066356,0.07460148897836393,1.5014321269622355,-0.42495232268167416,-0.0940355245964004,-0.06781898418872051,-0.04394970762010272,0.248228539403763,-0.013056824063633283,0.0,0.0,1.5,0.39156922969400787,10987.154323144905,10684.566557724494,10645.12541565185,10929.715844688593,0.0,0.0,0.0,0.0,0.0,0.0,nan,0,-0.005576165538179689,0.0019187962607548487,0.010892171154439856
9.113686266,0.3740249968197537,0.05122378088886333,1.4849783408898547,-0.37834998700422723,-0.07880039833800395,-0.13859890095316105,-0.04397364498707208,0.24349468221303341,-0.010850878050789558,0.0,0.0,1.5,0.3778150661593426,10935.69993625312,10642.845309729002,10606.826836421133,10878.511692735989,0.0,0.0,0.0,0.0,0.0,0.0,nan,0,-0.009937853896836435,-0.020310542597703138,-0.005255976555815556
9.128388628,0.37350765761694654,0.06283429931085135,1.4601621314771112,-0.34888108974246584,-0.06134987643295051,-0.07676079798644991,-0.0409343538646575,0.23401662159510783,-0.016386959451404698,0.0,0.0,1.5,0.3808453429370389,10962.106527271922,10685.577108727995,10653.078543752707,10911.806668254438,0.0,0.0,0.0,0.0,0.0,0.0,nan,0,-0.004978601904551627,-0.007636814166552486,-0.02968621328016141
9.143318632,0.36790465077004947,0.07135550072150927,1.4978211600177191,-0.3170339517612253,-0.04275734506749606,-0.12073726069458075,-0.03613158462030908,0.23276961478728606,-0.002824936207494357,0.0,0.0,1.5,0.37476684336413457,10962.191411826841,10694.481777758027,10664.42079041681,10908.881147064321,0.0,0.0,0.0,0.0,0.0,0.0,nan,0,-0.0056275218553438755,0.001863580816822863,0.008427389654971806
9.158427545,0.3803027213705193,0.05425703776062962,1.5043573470762364,-0.26171726586297966,-0.08385945424412518,-0.12294974779630446,-0.037237417469595926,0.2266006203891018,-0.010553373951210927,0.0,0.0,1.5,0.38417830821367827,10957.84116834584,10710.686701061119,10669.378188183988,10906.715203359749,0.0,0.0,0.0,0.0,0.0,0.0,nan,0,0.011213427439617396,-0.014338132608943926,0.015483069815227957
9.173232916,0.3561176566775987,0.061817637887613595,1.4857475126541135,-0.26170402678945437,-0.02702148531925041,-0.07380917643003768,-0.03832638556254095,0.22178729224209384,-0.0060257696948447645,0.0,0.0,1.5,0.36172412021745637,10953.950178143607,10706.263649324657,10679.330059585674,10917.09803032355,0.0,0.0,0.0,0.0,0.0,0.0,nan,0,-0.00902806306805548,-0.005961551192731722,-0.0025463602040070032
9.188312885,0.35848852264139563,0.06491878960218356,1.506019657974308,-0.18870566318066567,-0.05508401781506789,-0.07666510780400931,-0.036224490474208414,0.21621930313124993,-0.005532805153925206,0.0,0.0,1.5,0.3643689152372231,10932.806820613998,10701.43240076318,10660.330307064307,10882.208075347558,0.0,0.0,0.0,0.0,0.0,0.0,nan,0,-0.003199590031361388,-0.0021232716954053266,0.01836658373605271
9.203131234,0.370683894843684,0.06561547687946266,1.4846445869426972,-0.16652432434150177,-0.0513534525793747,-0.09977668285523944,-0.037675553615647006,0.21028755146071548,-0.011742970967177932,0.0,0.0,1.5,0.3767595113766381,10911.123022190704,10678.677267095407,10640.687508304998,10866.03063886025,0.0,0.0,0.0,0.0,0.0,0.0,nan,0,0.011982374081397795,-0.0007661303366914979,-0.0023031558476356295
9.213222853000001,0.35901121396833235,0.06927241362895144,1.4995170146820025,-0.1294655003293311,-0.07630895787565532,-0.07285207866800418,-0.03402790197576599,0.20405242564223924,-0.011450891938260932,0.0,0.0,1.5,0.36563363127564413,10932.14805937123,10700.030919476776,10666.903278165428,10891.070871959651,0.0,0.0,0.0,0.0,0.0,0.0,nan,0,0.002046096103882511,0.0032895385824424084,0.0130745678952926
9.228112092,0.36617088497575623,0.05413306911608726,1.4794495985145997,-0.10511590577916458,-0.01487921796901591,-0.1241407828355084,-0.031035943677935857,0.19900671497852157,-0.005482846124469777,0.0,0.0,1.5,0.3707206835031824,10913.42536590473,10677.917562696368,10667.275684775175,10888.604421227143,0.0,0.0,0.0,0.0,0.0,0.0,nan,0,0.011438534172425685,-0.011312581212380157,-0.006187063298249029
9.243016256,0.3738884354615129,0.07034535111079618,1.4621562127746925,-0.0662612004706027,-0.03442937863901932,-0.09044452604920328,-0.031861968236904945,0.19135372240552423,-0.0055803640941897515,0.0,0.0,1.5,0.3823260164131045,10955.945783565763,10729.54193373031,10717.338938465959,10932.681608757654,0.0,0.0,0.0,0.0,0.0,0.0,nan,0,0.020955605478658934,0.00536575954705755,-0.022621822765083177
9.257901132,0.3628817395861288,0.05461968671365747,1.4885691618904437,-0.08410697139944585,-0.0031904381978454244,-0.06134933341755449,-0.0334293279160178,0.18577743458928073,-0.010083798514903413,0.0,0.0,1.5,0.3671472881033441,10993.259855771168,10774.188397317455,10756.733046743255,10970.048631589993,0.0,0.0,0.0,0.0,0.0,0.0,nan,0,0.011326816911248927,-0.009963430121341502,0.004679355340538205
9.272998213000001,0.3534705355393033,0.07473685983187364,1.4831276708501422,-0.02836859202802241,-0.026498054711298378,-0.09253529771866627,-0.03335234291171454,0.170832240924984,-0.011261384989506096,0.0,0.0,1.5,0.3616789919291859,10977.255716189547,10777.247093658363,10749.23634237398,10940.386893266497,0.0,0.0,0.0,0.0,0.0,0.0,nan,0,0.002886167547791141,0.01048259560811697,0.00014205940308675835
9.287965559,0.35992187944285847,0.050056297687323115,1.5045090402454426,-0.026559821915748683,0.003945978604685521,-0.10892501302801191,-0.028622393484066547,0.16675563396370766,-0.0073431240489978105,0.0,0.0,1.5,0.3634139838858385,10988.544123774645,10816.711716835862,10789.949542896533,10949.047676595768,0.0,0.0,0.0,0.0,0.0,0.0,nan,0,0.009917690203537832,-0.013934356212795235,0.0224410779204558
9.302879498000001,0.35621416854771,0.07097549179930973,1.4922901730018447,-0.01139313633416371,-0.022213333376115293,-0.04724683653294381,-0.0290950520876691,0.16341203895428677,-0.005183464368524011,0.0,0.0,1.5,0.3632980811160881,10987.449087788937,10843.510591373528,10816.490639232044,10948.415587053547,0.0,0.0,0.0,0.0,0.0,0.0,nan,0,0.006415854746207095,0.007185436037741327,0.011142774759524077
9.317869539,0.33930940628725176,0.05602575154393389,1.4783781371690783,0.028491958466789227,0.023025894524015614,0.021415205133410976,-0.026207780092418764,0.15233038035298185,-0.004227338151871491,0.0,0.0,1.5,0.3445827375005154,10937.933198075632,10812.750488304575,10788.697147100973,10904.282576068987,0.0,0.0,0.0,0.0,0.0,0.0,nan,0,-0.010639044861584679,-0.007624096409098745,-0.0018456804038702312
9.33267404,0.33671325292159365,0.07444129769891755,1.4879468088715253,0.014069469120627724,-0.014063446120005126,-0.1012596735036205,-0.02632843015092745,0.1415150199234498,-0.006764884784589883,0.0,0.0,1.5,0.3450544897730205,10880.890106887642,10768.14172300207,10734.139318314377,10842.801474731104,0.0,0.0,0.0,0.0,0.0,0.0,nan,0,-0.013720878666449832,0.010874287443914318,0.008662000964171357
9.347488247000001,0.34568251807893235,0.04777107070968928,1.4846743861337013,0.077419475901403,-0.033057540751434106,-0.07674335113804309,-0.024549466100380276,0.13444908134117878,-0.006750919762915671,0.0,0.0,1.5,0.3493040980900745,10911.115406391873,10832.088414287016,10803.147277002165,10877.342465397818,0.0,0.0,0.0,0.0,0.0,0.0,nan,0,-0.005553939645027761,-0.01576768535463212,0.00634499678712519
9.362526171,0.34776893356129635,0.06962802828343391,1.4780424182311356,0.09088053256918158,0.00950334350485624,-0.0915611067215096,-0.02344653399762867,0.12883603384032702,-0.006143065267655528,0.0,0.0,1.5,0.35534972755039,10936.543562847683,10884.025271173772,10876.517977243639,10925.552102384587,0.0,0.0,0.0,0.0,0.0,0.0,nan,0,-0.004570804034638942,0.006065223983964418,0.0006616536669654671
9.377680962000001,0.3449934168061301,0.062030686226728915,1.4970855612414007,0.09966939805651562,0.007097379085747757,-0.03298998502585257,-0.017723108769363474,0.1161728035444076,0.0002499811387579247,0.0,0.0,1.5,0.3505378119784009,10974.261483051667,10927.031114934563,10915.745510629093,10957.505798279159,0.0,0.0,0.0,0.0,0.0,0.0,nan,0,-0.00873345977632517,-0.0016059112430210493,0.020630648766479354
9.392658721,0.3546281923357443,0.062086099196286736,1.4773817938250864,0.1114803619393239,0.019106410059356663,-0.0682047533429256,-0.019624095552321086,0.11045089326370651,-0.010659352835831332,0.0,0.0,1.5,0.3607317864609379,10937.805241626811,10903.033701402052,10895.101430912138,10929.598715022423,0.0,0.0,0.0,0.0,0.0,0.0,nan,0,-0.0007516359911984294,-0.0016712988123360542,0.0018194640435329479
9.407573939,0.35396301302969063,0.06123963865951729,1.4733079296763159,0.13661961935632336,0.03563307728438172,-0.04794564944868169,-0.02046496251368891,0.10226286457270012,-0.007475403567779613,0.0,0.0,1.5,0.36021184677127105,10954.163867960493,10928.585247119943,10924.51548445618,10939.023239774739,0.0,0.0,0.0,0.0,0.0,0.0,nan,0,-0.0033157450316465,-0.0026824980958077976,-0.0013916772311513004
9.422354748,0.3339711326798105,0.0628176868979354,1.4866158300363177,0.14119777651977236,0.026659425875084172,-0.06575432164362478,-0.014601961709690074,0.0925448701370592,-0.004871802267145599,0.0,0.0,1.5,0.34009103965888215,10959.223599219726,10938.839776794666,10928.382698996136,10935.489468283531,0.0,0.0,0.0,0.0,0.0,0.0,nan,0,-0.025433851686187392,-0.0013102466931838308,0.012741870205032368
9.437341541,0.3586675186622043,0.06602927108545101,1.4834940677810786,0.1656737923256799,0.027280422192325366,-0.05792717718398167,-0.019838317634794385,0.08144040471586836,-0.00798865359781328,0.0,0.0,1.5,0.3650680749966974,10950.147985255539,10956.027987174384,10951.273209477571,10934.608719250868,0.0,0.0,0.0,0.0,0.0,0.0,nan,0,-0.003071890723447046,0.001657463756603958,0.01040489247477172
9.452543869000001,0.35381750082361396,0.06952309485436986,1.4502908075149328,0.19401661911715043,0.00048147564472964427,-0.02210397022978306,-0.015856608446190756,0.07813564699566188,-0.0029155832373128337,0.0,0.0,1.5,0.36399352799839074,10949.29982538701,10966.278438297006,10958.088489530279,10931.839135253033,0.0,0.0,0.0,0.0,0.0,0.0,nan,0,-0.010445462551858908,0.004872351853898518,-0.02205854551143238
9.467303262,0.37624749499400373,0.06198660228334555,1.4666087189734736,0.21121179676648397,0.02746308306526345,-0.0759693617235131,-0.015197001784288983,0.07022030739139874,-0.002703064353638995,0.0,0.0,1.5,0.3827786488304814,10948.885001282015,10962.873876336354,10961.87791544461,10943.871010572315,0.0,0.0,0.0,0.0,0.0,0.0,nan,0,0.009290972665201569,-0.0029750723107981394,-0.005048625831405751
9.482107224,0.368811241395629,0.06560440398963102,1.495728244023954,0.2208385765990281,0.0405468563564703,-0.016816679986295078,-0.012456582732272216,0.05985042162598717,-0.004443216936261563,0.0,0.0,1.5,0.3746250358715212,10977.588026328345,10989.871391140476,10987.434735308861,10976.512550704716,0.0,0.0,0.0,0.0,0.0,0.0,nan,0,-0.0009899250972342233,0.00030286558248945883,0.024710137462972126
9.497225471,0.3751649957015546,0.06523061699462376,1.4754049702199707,0.21733271277489602,0.015444343944355442,0.01871324073566818,-0.010464446953124167,0.054141270340940746,-0.0056552573840399165,0.0,0.0,1.5,0.3815871104782332,10940.481355111442,10950.573689517854,10943.502459561476,10935.919713347119,0.0,0.0,0.0,0.0,0.0,0.0,nan,0,0.002387228826885579,-0.0004365927198815289,0.004973014528551145
9.512259242,0.3735419128893179,0.05862631279012666,1.4267231547889316,0.18721107681427807,-0.005425706194528356,-0.006448188140199694,-0.005839087613007602,0.04313618383140319,-0.006135634863243765,0.0,0.0,1.5,0.3851494531743014,10880.598459848004,10887.716931701732,10888.16667197923,10880.937675743437,0.0,0.0,0.0,0.0,0.0,0.0,nan,0,-0.0023244095569388556,-0.007429055504559204,-0.04315787571194907
9.527082146000001,0.3731423251862586,0.050956710990663345,1.4961324671800176,0.22590310072714145,0.037810353276434484,-0.037964006089253134,-0.007650419289471791,0.03083486551156245,-0.006985827592323783,0.0,0.0,1.5,0.3766254625626197,10893.59034801222,10940.182652751826,10973.068195655014,10922.539365138751,0.0,0.0,0.0,0.0,0.0,0.0,nan,0,-0.005905507262360943,-0.01550615542706435,0.02676953961074835
9.541946863,0.3795731515513076,0.0631338051901883,1.447091783276298,0.24528008240229382,0.05008915964741535,-0.03767252299214633,-0.005343405565986047,0.02447533177077428,0.004257542792651189,0.0,0.0,1.5,0.38840820554317185,10886.457826426386,10949.250711244884,10985.11899890109,10916.089085137915,0.0,0.0,0.0,0.0,0.0,0.0,nan,0,-0.002730908098323437,-0.0037529246304295466,-0.021799392583950583
9.556873064000001,0.38777783213172634,0.07980252519900484,1.477611420125633,0.22760417457767593,0.04249426182389415,-0.008077668129473824,-0.004990445141668633,0.017205767219233246,-0.01363155635123681,0.0,0.0,1.5,0.3965366800558431,10924.634642261932,11008.015168580381,11021.848947347671,10950.415430517452,0.0,0.0,0.0,0.0,0.0,0.0,nan,0,0.002161281840190654,0.012478530080488506,0.009138768565431166
9.572031419,0.39789446983935595,0.08218668579628496,1.451004155219861,0.20999258517143052,0.01929083955062485,-0.025525662506800193,-0.004795730646357332,0.010095742397136767,-0.0021061872384718176,0.0,0.0,1.5,0.4092374045180118,10910.83870184707,11001.197401218806,11006.558436942476,10919.029441015911,0.0,0.0,0.0,0.0,0.0,0.0,nan,0,0.008927395020532691,0.0144149026760335,-0.01711341029431379
9.586907049,0.39401526523569214,0.0649225208104618,1.4562060465135502,0.23617643882853848,0.02089150874001277,-0.044578485973275156,-0.0029630524973279075,0.001965570700009136,-0.008868701054647085,0.0,0.0,1.5,0.40172238338075095,10916.41223839614,11029.168017851482,11035.988459266755,10931.043267122199,0.0,0.0,0.0,0.0,0.0,0.0,nan,0,0.0016779035141149534,-0.0033046669244222587,-0.011617178310292742
9.601697632,0.4139250801822495,0.055617561092854914,1.4649824377977223,0.23613640136521585,0.05416776744121301,0.024010103083663022,-0.0012698760810176284,-0.005287088818671726,0.000278415895941801,0.0,0.0,1.5,0.41911038494457464,10931.111387616407,11050.931956508713,11067.079284481248,10950.66829213369,0.0,0.0,0.0,0.0,0.0,0.0,nan,0,0.018215561415613257,-0.0130698006876164,-0.002614001523664644
9.616886889,0.4109831941533438,0.08241421127303808,1.4536506058127823,0.19553856838461514,0.02264273789574108,-0.01070574551003682,0.000631049319920564,-0.011142211067851496,-0.001991971234333192,0.0,0.0,1.5,0.42171975817806323,10879.181534283713,10996.941037626277,11002.871211530764,10893.915462880126,0.0,0.0,0.0,0.0,0.0,0.0,nan,0,0.011917195433986727,0.013264736681000713,-0.013783120098193269
9.631607722,0.40947534842919187,0.07156354526225331,1.481075255910545,0.23099994296028623,0.033606428993392494,-0.03001917781784933,0.0019267935886069596,-0.018774919873605585,-0.0016890971549676029,0.0,0.0,1.5,0.41611242221371136,10868.381400794253,11002.680248225695,11010.55388078592,10886.82942645649,0.0,0.0,0.0,0.0,0.0,0.0,nan,0,0.007085560086373899,0.0019528045136574107,0.013755838239930318
9.646615045,0.4024824486864056,0.08942469588835322,1.47200792907495,0.18877921107460024,0.04201977757635991,-0.013775578047642983,0.00023106818191600547,-0.027229863402479015,-0.007513101811844952,0.0,0.0,1.5,0.4132462386640713,10867.833329659825,11005.7463275306,11016.807563689967,10888.496934551811,0.0,0.0,0.0,0.0,0.0,0.0,nan,0,-0.003181679047231767,0.019356272631002036,0.00475305416347771
9.661751285000001,0.4190217408982533,0.03917665212446868,1.4689382577512364,0.2176836686969409,0.047214027726671694,-0.04538992984091617,0.0019287579457372209,-0.03759007258200689,-0.0025126116323280043,0.0,0.0,1.5,0.4219939113880829,10860.454135027174,11020.044026707848,11026.669732978573,10868.940026822489,0.0,0.0,0.0,0.0,0.0,0.0,nan,0,0.01014907815820093,-0.03134317479400586,0.0016974917644787535
9.676655121000001,0.42027401228957584,0.07269686105972102,1.4517203284503444,0.20963501882493363,0.003505779811255745,0.006041681693864972,0.007239073931631766,-0.04177671783202598,-0.009433724465947802,0.0,0.0,1.5,0.42923886787994575,10881.489705985567,11052.959674085647,11069.129921468251,10901.18987216075,0.0,0.0,0.0,0.0,0.0,0.0,nan,0,0.008274694053086507,0.0017345800225919278,-0.015560974380984582
9.691410958,0.42332253639054285,0.061291575705333196,1.4493061055038607,0.18062477968096952,0.029489631301136115,-0.014543235810914774,0.007499641053529352,-0.04660021869939785,-0.005636544011599015,0.0,0.0,1.5,0.43073019166033716,10869.305593946576,11042.216856707118,11079.190901567174,10902.27072350703,0.0,0.0,0.0,0.0,0.0,0.0,nan,0,0.008294231136155239,-0.010101553306049477,-0.01807831941164828
9.706383936,0.40375038061695073,0.077352575851736,1.4606357168016464,0.20986593214943194,0.02410375148016617,-0.006418049025688711,0.006828094103443954,-0.059133040144575384,0.00013708902355563253,0.0,0.0,1.5,0.41297377353889114,10872.260331596543,11060.41965450549,11100.338420667586,10909.546017863873,0.0,0.0,0.0,0.0,0.0,0.0,nan,0,-0.014194249215666421,0.005542765126732602,-0.006914076789374501
9.721351531,0.42293020715847496,0.085508690163222,1.4632627649640644,0.19284839917025137,0.04315460906543908,0.006696538346889901,0.008478408774436126,-0.06391020640418608,-0.005196641976281288,0.0,0.0,1.5,0.4330488663634002,10859.257537358582,11060.947128314821,11096.688846577605,10899.481919263471,0.0,0.0,0.0,0.0,0.0,0.0,nan,0,0.0021964803158793234,0.013298838441068175,-0.004516438340524509
9.736258901000001,0.4432192959997616,0.07707217224657052,1.465267616455584,0.1726161807326984,-0.02334335168938522,0.03049588919744811,0.009053688642335042,-0.06809383093675803,-0.004897665518527255,0.0,0.0,1.5,0.4512092669128215,10840.613214275194,11045.113807195397,11066.710931826325,10869.040775638923,0.0,0.0,0.0,0.0,0.0,0.0,nan,0,0.01983717539707086,0.004481216859198736,-0.002797994321177999
9.751521212,0.432782431652785,0.08731938740609749,1.4624851589057406,0.1523548905478131,0.014731424198166584,0.023209054044688735,0.012068822884775007,-0.07202891817347652,-0.002309690897087276,0.0,0.0,1.5,0.4430944277088138,10800.556124387811,11004.271797894788,11043.734988486984,10846.445060176136,0.0,0.0,0.0,0.0,0.0,0.0,nan,0,0.006905188189622435,0.014368422579255927,-0.005913170087240571
9.766146965,0.4153792937680046,0.06702095093404235,1.4904743028868859,0.12794530987643965,0.030181501261757438,-0.03440981852560072,0.008454424994648544,-0.07731751849871395,0.0014443277014908116,0.0,0.0,1.5,0.4208592454263068,10780.993462674,10994.187934100912,11031.724711569495,10824.896967606881,0.0,0.0,0.0,0.0,0.0,0.0,nan,0,-0.012828052339589668,-0.006266893353491093,0.021709225293331746
9.781065747000001,0.4204506671983074,0.06147253267403671,1.4595587048454681,0.15161433206432462,0.011466467580289632,-0.006262158083553492,0.013077682532372362,-0.08346057495907214,-0.00757024247109926,0.0,0.0,1.5,0.4268408768787712,10779.40354797106,11005.678649386053,11038.57263261045,10821.838700008717,0.0,0.0,0.0,0.0,0.0,0.0,nan,0,-0.009910157462041935,-0.01212707590991842,-0.009602227902279381
9.796148281,0.4257612823728094,0.08607039216596606,1.4887149832983637,0.13529879878214512,0.018433334843232865,0.02066783816798387,0.01296561792232754,-0.08832130606150398,-0.003393350426175352,0.0,0.0,1.5,0.43452057900322577,10792.478246376219,11024.540539180376,11066.410564664533,10837.434064659465,0.0,0.0,0.0,0.0,0.0,0.0,nan,0,-0.006564624957824894,0.012186121139841175,0.019123925359977978
9.811042263000001,0.43599097543086945,0.06884397806038149,1.465447317261213,0.10302514288101045,0.017668723644449356,0.023645135247809618,0.015182666362546827,-0.09415948674941461,0.0041279410315487345,0.0,0.0,1.5,0.44274316692275056,10784.091786677478,11013.43734348089,11059.772683681185,10827.927731661637,0.0,0.0,0.0,0.0,0.0,0.0,nan,0,0.0018992066848000921,-0.005296022592865199,-0.004609560350843367
9.821291714000001,0.4355437583581379,0.06167024960756837,1.4850564426329171,0.10487571610186576,0.028124862618994724,0.04029447523914413,0.014977638579411546,-0.0939531221768088,-0.004198347420286447,0.0,0.0,1.5,0.44014190329730607,10754.189794606591,10997.265012888076,11037.593670316646,10803.128260936677,0.0,0.0,0.0,0.0,0.0,0.0,nan,0,0.0003898533298045681,-0.012623407391139124,0.014675346659764665
9.835915898000001,0.430646067634551,0.08775919583695238,1.4874969074081354,0.12204015441201396,0.0042229364102992365,-0.01194461842792976,0.01572386247705161,-0.10267330604095709,-0.001967773641317986,0.0,0.0,1.5,0.4396749246288803,10713.682494567034,10952.997077893395,10989.452841837629,10757.961657097543,0.0,0.0,0.0,0.0,0.0,0.0,nan,0,-0.005922372793538022,0.013261323704859954,0.016619237814306853
9.850852632,0.43171699485402815,0.09269873093618126,1.464251077617021,0.06738560154846246,0.03113659874227627,0.03533077483650327,0.013911700856360908,-0.10293834569166509,0.0016470395303434927,0.0,0.0,1.5,0.4430018101706987,10723.226093051691,10959.30382383793,10994.622444022274,10766.845385956138,0.0,0.0,0.0,0.0,0.0,0.0,nan,0,-0.00604483830066288,0.01802930961265521,-0.007124647930026429
9.865779192,0.4211646987613552,0.08109234280270261,1.4977343294628291,0.08036226485985278,0.02331874655903487,0.0009328394713974391,0.014177892187709623,-0.10964656606485658,-0.007370304137206765,0.0,0.0,1.5,0.42890652222478165,10722.98884844597,10974.449721041305,10986.305279267768,10748.96078909004,0.0,0.0,0.0,0.0,0.0,0.0,nan,0,-0.0175610397409513,0.006285425597268204,0.02585711198132712
9.880994308,0.4468975066809576,0.07657938824114854,1.4726207705715832,0.07460896922654539,0.006497576969190415,0.0422564353144667,0.018371633812839457,-0.10881192251671955,-0.004851212698667932,0.0,0.0,1.5,0.4542371697529155,10723.728614677824,10975.583994302233,10982.336602730542,10737.767424301212,0.0,0.0,0.0,0.0,0.0,0.0,nan,0,0.007444670782390084,0.0016702784936092896,0.0002401362566994969
9.895842331,0.44482479677720327,0.0702949100434794,1.4724507874962531,0.054465421103969146,-0.018142211796037713,-0.005197979911059434,0.018692990543345465,-0.109052354278701,-0.003890920173683418,0.0,0.0,1.5,0.45118669452398263,10712.597601520169,10944.209192832735,10964.932705863195,10737.208057945867,0.0,0.0,0.0,0.0,0.0,0.0,nan,0,0.004888006056749328,-0.004679930901906132,-0.0004310418306812114
9.910608523,0.4388767334066737,0.07239396949987392,1.4515986071760907,0.016350369425582528,-0.01595137383106322,0.05777941961060611,0.018060572143686077,-0.11431323351061616,0.0058835178340368105,0.0,0.0,1.5,0.4474330885986815,10733.24674696415,10952.745388718886,10994.32311472361,10776.009108090866,0.0,0.0,0.0,0.0,0.0,0.0,nan,0,-0.0012950504289389597,-0.0026090061686879634,-0.02177957162013988
9.925658379000001,0.44277436490056704,0.06301232896316017,1.4913407183669332,0.024996233314052277,0.01708001453790848,0.050925804097439166,0.018076879881996535,-0.1215284661544374,0.00042243582869603457,0.0,0.0,1.5,0.4473194328138034,10706.51174734248,10944.225882495059,10991.936951306212,10768.249984055685,0.0,0.0,0.0,0.0,0.0,0.0,nan,0,0.002622590374017242,-0.011980000409561542,0.017466072794592336
9.940571010000001,0.44409377808094863,0.09702937634243348,1.4914358804161336,-0.016063665276873394,-0.02828080082093404,0.01818831968920507,0.02157262034231348,-0.11989330978757089,0.0021701387248772813,0.0,0.0,1.5,0.4546507755935969,10677.006648458437,10915.541512640597,10956.649483315754,10733.775501851362,0.0,0.0,0.0,0.0,0.0,0.0,nan,0,0.0042211498255482205,0.022087338618345692,0.017070747662808694
9.955468874000001,0.4484567376055376,0.06557837010568332,1.457423280861577,-0.07201512037108754,0.03854667972255193,0.049753904946623934,0.01490702623141857,-0.11970958613550398,0.00351032790533533,0.0,0.0,1.5,0.45522164397369347,10671.817678265521,10921.077798155711,10967.152651078699,10740.461355732781,0.0,0.0,0.0,0.0,0.0,0.0,nan,0,0.009125536635203046,-0.00927306692570061,-0.017417519543352356
9.970782437,0.4409507119252448,0.055266934894144845,1.4710536874639957,-0.058772899266870494,0.00034151750475101654,-0.036676780241649574,0.015496054937604881,-0.11899948737050836,0.0032203157405920712,0.0,0.0,1.5,0.44534240023762156,10679.784904327102,10947.155793786971,10971.919772052353,10728.085217802962,0.0,0.0,0.0,0.0,0.0,0.0,nan,0,0.002426849844598844,-0.019452901014096857,-0.004248742125816163
9.985556516,0.4261025246695252,0.08436344495919872,1.4775802170493655,-0.11348102701544371,0.018377160644517197,0.013374665675667998,0.02046248122864922,-0.12214264713596824,-0.0012488600095185746,0.0,0.0,1.5,0.4349519502688552,10757.897608287003,11019.52288184593,11042.65478766942,10803.811666188854,0.0,0.0,0.0,0.0,0.0,0.0,nan,0,-0.01134355123753572,0.009817006010119311,0.0018166365893701464
10.000598205000001,0.444285474619713,0.07686567699169865,1.462186163356591,-0.08568087741677362,-0.005460679468874816,0.02875489404824538,0.019100683344480552,-0.12528443100737502,0.001157562574030077,0.0,0.0,1.5,0.4524685641004801,10762.524410193846,11038.456882382396,11051.638197364,10794.708434440456,0.0,0.0,0.0,0.0,0.0,0.0,nan,0,0.008192370580272557,0.0025352614569617016,-0.014058721081099845
10.015265502,0.43670224190845414,0.0809621230696018,1.4710045900812987,-0.1345593591105535,-0.016363951336637393,0.03794755529075767,0.021190634559013686,-0.12360599818882362,-0.0032510505698456287,0.0,0.0,1.5,0.44508925762835577,10756.671285683085,11021.708844241333,11038.347052712006,10790.022010071756,0.0,0.0,0.0,0.0,0.0,0.0,nan,0,0.0022385390663808846,0.0068906713762815625,-0.005739777425526338
10.025436395,0.44332761860174785,0.0660183260252381,1.4693792137521164,-0.133565417763453,-0.01411734905690188,0.07222329932987319,0.01997668889175984,-0.1233946765522792,-0.010584118971521712,0.0,0.0,1.5,0.449260981320112,10744.467560275632,11008.914944780607,11029.911921418829,10778.968916113798,0.0,0.0,0.0,0.0,0.0,0.0,nan,0,0.010103881643350687,-0.00785652849399196,-0.007706016177812192
10.040194252000001,0.44605848399633674,0.058838672096964764,1.4746444190748973,-0.13531975622119932,-0.02234171355228439,0.06332889565215735,0.015835573802466838,-0.12202158115147284,-0.006473927896889602,0.0,0.0,1.5,0.45063629010910095,10704.297301136277,10961.674133709355,10994.26547986859,10735.765188415051,0.0,0.0,0.0,0.0,0.0,0.0,nan,0,0.014924348980716873,-0.014705349342638105,-0.002955833504513672
10.055326428,0.4244258355237153,0.07722514519014331,1.4744454597380747,-0.13320626616721115,-0.03489808264082807,0.09458236053810852,0.021420770105393575,-0.1260720754540168,0.0019286652330956432,0.0,0.0,1.5,0.43215049165498,10683.37422986426,10918.730039727065,10958.192542941144,10713.742408604372,0.0,0.0,0.0,0.0,0.0,0.0,nan,0,-0.004345417176190747,0.004054917353200266,-0.0036594140217478532
10.070108713,0.4303156723017954,0.06000404980116769,1.4645592646964578,-0.17584716363796846,-0.028367046138317132,0.10326819297007928,0.02106225211334184,-0.12221039442958802,-0.0016783855624250517,0.0,0.0,1.5,0.4359221370152506,10640.176226487742,10870.82308331123,10915.004871353012,10682.571632332643,0.0,0.0,0.0,0.0,0.0,0.0,nan,0,0.004177868875315627,-0.012749615801444264,-0.01402706134164955
10.085346525,0.42430940037157666,0.07270955085956286,1.461013849916282,-0.1730368124889915,-0.04212429676592537,0.072402567543082,0.01907273752749711,-0.1206632348069613,-0.0063936228765266315,0.0,0.0,1.5,0.43225578761681893,10606.426505252999,10835.980890435494,10886.419427135566,10656.377798335741,0.0,0.0,0.0,0.0,0.0,0.0,nan,0,0.0010718665914511982,0.0004148576997708431,-0.018014726286625926
10.568767184,0.40933743574728637,0.05807018758156482,1.467102014856449,-0.2282089938961307,-0.05060167057278303,0.031105267284952984,0.018550571444413504,-0.11816524184467642,0.004605969206668592,0.0,0.0,1.5,0.4147427641519828,8971.385533362853,9165.480283778446,9209.42892141846,9015.181968760478,0.0,0.0,0.0,0.0,0.0,0.0,nan,0,-0.011828455414926164,-0.013896471425459828,-0.012126558971656154
10.583641714,0.4247289454013988,0.08067070594875521,1.4856835009148115,-0.22268975403216973,-0.021629021570391805,0.008661736739803744,0.021194566810206348,-0.12272150007471082,0.003100305055785417,0.0,0.0,1.5,0.43255913122498196,8476.38204290457,8667.244904183766,8711.464334736334,8525.943971870553,0.0,0.0,0.0,0.0,0.0,0.0,nan,0,0.006797807555394275,0.009216503963891606,0.0069353681906219045
10.598723342000001,0.412390454191511,0.05704701046438796,1.4846992227151032,-0.2259531227576048,-0.02230235276389183,-0.08382251856180252,0.015299827293390439,-0.11970745111940169,-0.002587675310487335,0.0,0.0,1.5,0.4165985620435178,9370.233393168652,9580.668943273055,9612.517279809246,9414.368433590795,0.0,0.0,0.0,0.0,0.0,0.0,nan,0,-0.002128623387321893,-0.013866207505742766,0.007149813003677341
10.613512897000001,0.40603558907380977,0.0622958085431593,1.4575799320161322,-0.25365148227570494,-0.024023056194929202,-0.05429008554106686,0.022084322900200935,-0.11700504612896404,-0.003587843300378715,0.0,0.0,1.5,0.412971100107886,9983.669491228407,10193.48719925945,10218.603367763519,10019.33542314941,0.0,0.0,0.0,0.0,0.0,0.0,nan,0,-0.004863896550140412,-0.00804292215441979,-0.018326829748497975
10.628514848,0.3871539863369138,0.05591692887604817,1.454901918207992,-0.2724919793251997,-0.04721799262889849,-0.11942408649505211,0.016075762965331298,-0.11189260148753426,-0.006896739671581286,0.0,0.0,1.5,0.3937623001924015,10379.074562401067,10585.575161645027,10614.731554999635,10411.737231098263,0.0,0.0,0.0,0.0,0.0,0.0,nan,0,-0.01989794257366695,-0.013810388512616928,-0.019120423566610922
10.643447977000001,0.4067997579344147,0.05550983260593858,1.488322010557291,-0.256412398502211,-0.029394563111138763,-0.07054184466433841,0.018952762965966916,-0.11182067815236002,-0.00647449087384918,0.0,0.0,1.5,0.41073563274795355,10667.729162234435,10865.076700535381,10900.410233079934,10696.580010021265,0.0,0.0,0.0,0.0,0.0,0.0,nan,0,0.003835025958567717,-0.013567113730366683,0.01628887400340706
10.658522485,0.3696806069021773,0.06640111711842579,1.4426731591316357,-0.311309897991203,-0.04533499568127515,-0.08931440930231262,0.01992261601249042,-0.10971492426904171,-0.0027909244062268063,0.0,0.0,1.5,0.3799463464202331,10792.520087399571,10964.2915707294,11001.127060488929,10817.777938285202,0.0,0.0,0.0,0.0,0.0,0.0,nan,0,-0.028951927523794052,-0.001985474985485139,-0.027356761438929178
10.673367113000001,0.3930307024877137,0.055787752244978145,1.4819071494699718,-0.32433686823566754,-0.07976777601027428,-0.12780556306228816,0.015421809500512822,-0.10463750935157141,0.006087199311273777,0.0,0.0,1.5,0.3973823821444966,10903.22068225167,11079.648557622795,11115.51373023632,10928.903849634884,0.0,0.0,0.0,0.0,0.0,0.0,nan,0,-0.0010252222471646144,-0.011868438208046186,0.01384881694905804
10.688319812000001,0.378777812921424,0.0684293542831109,1.4829807136225523,-0.3525374893732879,-0.050513759160211204,-0.1209862766946425,0.019495515155351785,-0.10645192985923453,-0.0021293796386657542,0.0,0.0,1.5,0.3852854321122697,10981.924771012786,11155.835102182098,11198.298697131653,11029.198909103463,0.0,0.0,0.0,0.0,0.0,0.0,nan,0,-0.010458451357632126,0.001543550983496178,0.01681716318920623
10.703362639,0.3993315926574154,0.053904771188220846,1.4680783786705995,-0.3694454284328872,-0.09649712320009093,-0.08681614839485134,0.017197158230419084,-0.10192828450459936,-0.004598549091549727,0.0,0.0,1.5,0.404215827447986,11029.172308080562,11203.716567644531,11243.360259378549,11072.285004870944,0.0,0.0,0.0,0.0,0.0,0.0,nan,0,0.015154383155206785,-0.01217111657316948,0.0037024208503626532
10.718327967,0.39613603459277336,0.05915381154962677,1.4743256753373406,-0.3484413527332012,-0.04086946552304911,-0.04574553289501,0.011755459899627051,-0.0979298285991342,0.00072459346212142,0.0,0.0,1.5,0.40135034853681056,11035.299393479709,11200.258170815814,11260.77096828051,11090.901603712284,0.0,0.0,0.0,0.0,0.0,0.0,nan,0,0.017251267157807837,-0.006073521452060381,0.011616225190644869
10.733235577,0.3743607582065119,0.07735647549323825,1.4508641641520654,-0.4021892966265031,-0.06558730102410461,-0.069422758241535,0.017575577948388984,-0.09744644857458815,-0.007706049480819761,0.0,0.0,1.5,0.38541449369499015,11024.609834222698,11172.660759499324,11215.27422346563,11064.827811143936,0.0,0.0,0.0,0.0,0.0,0.0,nan,0,0.0009939979311210378,0.01301508550217087,-0.010301161903957023
10.747962191000001,0.3556228329047456,0.07636148843245233,1.4659784360494352,-0.3946368636463663,-0.05614833119528368,-0.06485301523102853,0.015040472571047087,-0.08997135809169735,-0.005752553620891626,0.0,0.0,1.5,0.3653164970439448,11045.96584190895,11197.454415682321,11231.158376382713,11070.005555799316,0.0,0.0,0.0,0.0,0.0,0.0,nan,0,-0.012009252992407682,0.012941924196881102,0.006239809140140773
10.763006945,0.3665827344986437,0.05352279511208016,1.4410143714781287,-0.4107976647528171,-0.0361882611416924,-0.04074453836102293,0.018528688299470738,-0.08908081634964202,-0.003515967011508963,0.0,0.0,1.5,0.3751358356665396,11050.916349802794,11195.650757327392,11217.695734149012,11060.20701047766,0.0,0.0,0.0,0.0,0.0,0.0,nan,0,0.004893551967011467,-0.008940527297751424,-0.017419306106057686
10.777968839000001,0.35945514477785656,0.04963591960862082,1.4799731153412967,-0.3931457112411126,-0.06288080754636777,-0.11147581127352663,0.012772326081300826,-0.08479624457583533,-0.0075836329927636585,0.0,0.0,1.5,0.36341821876702374,11051.088829739852,11188.0930366022,11203.440963401648,11057.392492475898,0.0,0.0,0.0,0.0,0.0,0.0,nan,0,0.003907618341991714,-0.011838380914324487,0.022724863849103327
10.792809474,0.3545857741093957,0.07442225394352892,1.451085141874689,-0.42897956319409797,-0.06830940356956962,0.004904546558256134,0.013713364268272656,-0.0789495368079212,0.0018640948415531379,0.0,0.0,1.5,0.3655986958787104,11078.762964223048,11192.764133677303,11209.366583179622,11081.496948372334,0.0,0.0,0.0,0.0,0.0,0.0,nan,0,0.005368995305299329,0.013968117090148002,-0.005097536581232687
10.802974348000001,0.34799447447108484,0.05717001296438917,1.4592902656961257,-0.4486384588462259,-0.11372191891256037,-0.08023498970860211,0.010672309463620307,-0.07767638992271074,0.0023370679913834506,0.0,0.0,1.5,0.3550011931132725,11034.660698323734,11146.411710539009,11156.134935529597,11039.234303172463,0.0,0.0,0.0,0.0,0.0,0.0,nan,0,0.0030981792072213854,-0.0025875554181518587,0.0037528863100158016
10.817862228000001,0.3279678844580088,0.0664716561995853,1.4357760499630106,-0.44995452497854976,-0.07939469662823768,-0.07501633036084943,0.005645272327909455,-0.07204123858542534,0.0005697641483079819,0.0,0.0,1.5,0.3407434960085539,11054.001798680503,11161.30789049832,11186.912792603296,11080.016041877278,0.0,0.0,0.0,0.0,0.0,0.0,nan,0,-0.010305672572599622,0.007782327515949525,-0.018886885208336812
10.832838930000001,0.3277980590284457,0.05944237677390303,1.443346989623847,-0.48142168542227015,-0.07042125666509358,-0.008458741242569356,0.00863553861924031,-0.06453883870490744,-0.001879149488171863,0.0,0.0,1.5,0.3379268075249839,11090.561918188783,11190.521790670377,11206.561433167477,11108.406297818596,0.0,0.0,0.0,0.0,0.0,0.0,nan,0,-0.003691030896119274,0.0018479362063762578,-0.010563604575439811
10.847600968,0.3333658318996288,0.05496828921258119,1.4383813864506656,-0.4796697724722948,-0.07275756947295313,-0.0052051202928096035,0.009259602016061562,-0.06553373522622308,-0.0006293893538169868,0.0,0.0,1.5,0.3434401610656968,11046.474860312674,11145.297599884483,11154.389676910607,11053.15951400431,0.0,0.0,0.0,0.0,0.0,0.0,nan,0,0.008812109847868677,-0.0015063985211814929,-0.014899255812584444
10.862625153000002,0.3081603963054289,0.05124443589047629,1.4583803980642378,-0.5028010343624191,-0.08980636861496806,-0.033045232499882234,0.008332115879530083,-0.05888652596732197,8.790841094027953e-05,0.0,0.0,1.5,0.31515236525551166,11023.143717980904,11116.443048525138,11121.600595131817,11025.316936378302,0.0,0.0,0.0,0.0,0.0,0.0,nan,0,-0.00931914965032532,-0.004087620736174011,0.005622725020601349
10.877699242,0.31095374795084146,0.05556600477789329,1.4718825567643,-0.47699884913552226,-0.08617941599171085,-0.036706714632486696,0.01158234125173518,-0.05229725439652264,0.002302355378606494,0.0,0.0,1.5,0.3171283728488593,11007.2385705195,11101.51018607992,11112.33126791418,11018.904297148438,0.0,0.0,0.0,0.0,0.0,0.0,nan,0,0.0006753747058995119,0.0013975440542283654,0.019549424732593135
10.892644822000001,0.31005179560789664,0.05688055809274305,1.427709896511818,-0.49243718382516355,-0.07929299573803829,0.003941853460312498,0.007318231375644356,-0.047922727858493094,0.005185327139376518,0.0,0.0,1.5,0.3234089870596593,10997.333468155626,11074.993971914973,11089.494779829629,11017.349203347405,0.0,0.0,0.0,0.0,0.0,0.0,nan,0,0.007089837854105607,0.0038947776982789784,-0.02429262328568349
10.9074127,0.28080672565632386,0.04777839349599412,1.44619887011151,-0.509625788330932,-0.08974699149843408,0.006659500121187563,0.007605962888904226,-0.040681464448295145,0.005091176085011005,0.0,0.0,1.5,0.28987886027815507,11002.481876652257,11064.193928628105,11066.012064279621,11019.04198058007,0.0,0.0,0.0,0.0,0.0,0.0,nan,0,-0.014735524751721019,-0.0040075309144149834,-0.005562080512059309
10.922454789000001,0.2776751375963244,0.04652640919444651,1.4380289433518347,-0.4873701378005211,-0.07404262654025603,-0.0041389892785038285,0.0039317400998409285,-0.03699340496060451,-0.007128541379542618,0.0,0.0,1.5,0.28828562339068675,10982.259953360797,11040.781294503513,11041.321072355151,11003.764303496688,0.0,0.0,0.0,0.0,0.0,0.0,nan,0,-0.010356126095315221,-0.004044409017587451,-0.013575759395646259
10.937527168,0.2928434761995006,0.06231361313404173,1.4626437816674405,-0.4711193936928475,-0.11303049209691139,0.050500343038604546,0.007556641609959971,-0.03478236364273997,-0.00040556817416205937,0.0,0.0,1.5,0.3017213532094411,10999.99816627561,11031.634768056112,11028.347220016547,11002.537020955438,0.0,0.0,0.0,0.0,0.0,0.0,nan,0,0.012402300249068243,0.012971195344247635,0.011115882783904185
10.952477601,0.2786395493874839,0.05813218199608812,1.4502099693803046,-0.5102648574648282,-0.11363303231893168,0.0059178609937563615,0.002908366658262714,-0.02419206657362948,0.0021128703258398384,0.0,0.0,1.5,0.28896089046027773,10949.02535245853,10959.78921247699,10966.536081171114,10958.135924755934,0.0,0.0,0.0,0.0,0.0,0.0,nan,0,0.005855376774709264,0.010029503364400574,-0.0013146386132987242
10.967223375000001,0.2703355863925927,0.06702153004917602,1.4510918638120973,-0.5121431010997831,-0.057367714149884126,-0.004981771294017204,0.005959137625006514,-0.016406807346030384,-0.001881628231567996,0.0,0.0,1.5,0.2827812238210557,10947.25193541183,10949.408427316435,10960.757464101749,10965.421261550367,0.0,0.0,0.0,0.0,0.0,0.0,nan,0,0.005262855724032678,0.020167927914279307,-0.0004858548576041066
10.982427408000001,0.25029419049284446,0.02958215715164038,1.4619825849203198,-0.5073138551938835,-0.07160741760877042,-0.007384569661419835,0.0013594512881030716,-0.01737857572542401,-0.0023168036873618537,0.0,0.0,1.5,0.2548874450920511,10965.315627196605,10954.366058542008,10951.638850667914,10968.09224545712,0.0,0.0,0.0,0.0,0.0,0.0,nan,0,-0.007024604640150811,-0.016014966872935285,0.01029664313463341
10.997377042,0.25006325778085914,0.051007609330889256,1.4535338892549075,-0.5346263318891005,-0.10191635377076645,0.00432215556021116,-0.0017284463961780418,-0.011908025954814614,0.0018845265209152967,0.0,0.0,1.5,0.2594079963096825,10966.891227211692,10950.537385767759,10944.449469845145,10960.275005970945,0.0,0.0,0.0,0.0,0.0,0.0,nan,0,0.0005290437865078934,0.006672414263519846,0.0016838468650770544
